endpoint,numeroItem,codigo_pdm,descricao,unidade_medida,rotulo,codigo_br,medicamento,observacao
https://pncp.gov.br/api/pncp/v1/orgaos/03517102000177/compras/2023/38/itens,5629,1289,Exame - Tipo: imunoensaio; Espécie: quantitativa de anticorpos IgG; Determinação: toxoplasma gondii em soro humano e plasma; Método: quimioluminescência por micropartículas paramagnét ou eletroquimioluminescência; Requisito: reagente pronto para uso.,1 - Teste,,,Não,
https://pncp.gov.br/api/pncp/v1/orgaos/08778268000160/compras/2024/41/itens,7,2420,AMIODARONA 50 mg/mL solução injetável intravenosa (ampola 3 mL). Item registrado na ata: 0025/2023,Amp,"PDM: 2420 - Amiodarona, Dosagem:50mg/Ml, Indicação:Injetável",271710.0,Sim,
https://pncp.gov.br/api/pncp/v1/orgaos/07954480000179/compras/2023/858/itens,7,9702,"METOCLOPRAMIDA (CLORIDRATO), 5MG/ML, SOLUCAO INJETAVEL, AMPOLA 2ML, UNIDADE 1.0 AMPOLA",UNIDADE 1.0 AMPOLA ,"PDM: 9702 - Metoclopramida Cloridrato, Dosagem:5 Mg/Ml, Apresentação:Solução Injetável",267310.0,Sim,
https://pncp.gov.br/api/pncp/v1/orgaos/01179647000195/compras/2024/262/itens,6,5118,"CLORETO DE SÓDIO 17,55% AMPOLA 10 ML",UN,"PDM: 5118 - Cloreto De Sódio, Concentraçao:17,55%, Forma Farmaceutica:Solução Injetável",412432.0,Sim,
https://pncp.gov.br/api/pncp/v1/orgaos/11420915000172/compras/2024/27/itens,1,14456,ACEBROFILINA 10 MGML    120 ML   SUSP. FRASCO DE  100 MLS,FRASC,"PDM: 14456 - Acebrofilina, Concentração:10 MG/ML, Forma Farmaceutica:Xarope",448839.0,Sim,
https://pncp.gov.br/api/pncp/v1/orgaos/01613940000119/compras/2024/120/itens,5,18216,"CAL HIDRATADA PARA PINTURA, COMPOSTA POR HIDRÓXIDO DE CÁLCIO E MAGNÉSIO, SEM NECESSIDADE DE USO DE FIXADOR - SACOS DE 8KG",SA,,,Não,
https://pncp.gov.br/api/pncp/v1/orgaos/46523239000147/compras/2024/433/itens,1,10633,PENTOXIFILINA 400 MG. COMPRIMIDO REVESTIDO DE LI,COMPRIMIDO,"PDM: 10633 - Pentoxifilina, Dosagem:400 MG",268159.0,Sim,
https://pncp.gov.br/api/pncp/v1/orgaos/01613052000104/compras/2023/111/itens,8,355,"ATROPINA SULFATO, DOSAGEM:0,50 MG/ML, USO:SOLUÇÃO INJETÁVEL AMPOLA C/ 1ML. CÓDIGO BR 0277934",UNIDADE,"PDM: 355 - Atropina Sulfato, Dosagem:0,50 MG/ML, Uso:Solução Injetável",277934.0,Sim,
https://pncp.gov.br/api/pncp/v1/orgaos/45176005000108/compras/2023/282/itens,1195282,9712,"METRONIDAZOL, 100 MG/G, GEL VAGINAL, COM APLICADOR, BISNAGA 50G",BIS,"PDM: 9712 - Metronidazol, Concentraçao:100 MG/G, Forma Farmaceutica:Gel Vaginal, Característica Adicional:Com Aplicador",372335.0,Sim,
https://pncp.gov.br/api/pncp/v1/orgaos/45116712000109/compras/2022/2/itens,9,10083,NIMESULIDA 100MG,COMPRIMIDO.,"PDM: 10083 - Nimesulida, Dosagem:100 Mg",273710.0,Sim,
https://pncp.gov.br/api/pncp/v1/orgaos/46634473000141/compras/2024/118/itens,9,16000,BELIMUMABE 400MG - AMPOLA,AMPOLA,"PDM: 16000 - Belimumabe, Concentração*:400 MG, Forma Farmacêutica:Pó Liófilo P/ Injetável",427614.0,Sim,
https://pncp.gov.br/api/pncp/v1/orgaos/45176005000108/compras/2023/282/itens,1195279,5206,METFORMINA CLORIDRATO 500 MG,COM,"PDM: 5206 - Metformina Cloridrato, Dosagem:500 MG",267690.0,Sim,
https://pncp.gov.br/api/pncp/v1/orgaos/45781176000166/compras/2024/409/itens,7,18272,ARIPIPRAZOL 1MG CONTENDO 150 ML - MANDADO JUDICIAL,FRASCO,"PDM: 18272 - Aripiprazol, Concentração:1 MG/ML, Forma Farmacêutica:Suspensão Oral",472780.0,Sim,
https://pncp.gov.br/api/pncp/v1/orgaos/76978881000181/compras/2024/109/itens,1468636,2259,Álcool etílico 70% 1 litro Frasco 1litro  Álcool etílico 70% 1 litro Frasco 1litro,FRASC,,,Em dúvida,Falta a forma de apresentação
https://pncp.gov.br/api/pncp/v1/orgaos/07954480000179/compras/2023/858/itens,4,8254,"ESCOPOLAMINA BUTILBROMETO + DIPIRONA, 4MG/ML + 500MG/ML, SOLUCAO INJETAVEL, AMPOLA 5ML, UNIDADE 1.0 AMPOLA",UNIDADE 1.0 AMPOLA ,"PDM: 8254 - Escopolamina Butilbrometo, Apresentação:Associada Com Dipirona Sódica, Dosagem:4mg + 500mg/Ml, Indicação:Solução Injetável",270621.0,Sim,
https://pncp.gov.br/api/pncp/v1/orgaos/45358249000101/compras/2024/1484/itens,8,17813,LEVODOPA 100MG + BENSERAZIDA 25MG - BD - COMPRIMIDOS,COMP,"PDM: 17813 - Levodopa, Composição:Associado À Benserazida, Concentração:100mg + 25 MG",433280.0,Sim,
https://pncp.gov.br/api/pncp/v1/orgaos/87958625000149/compras/2024/102/itens,2,4730,CEFTAZIDIMA 1 G - INJETAVEL.,am,"PDM: 4730 - Ceftazidima, Concentração:1 G, Forma Farmaceutica:Pó P/ Solução Injetável",442694.0,Sim,
https://pncp.gov.br/api/pncp/v1/orgaos/46634168000150/compras/2024/85/itens,1,13187,USTEQUINUMABE 5MG/ML – SOLUÇÃO INJETÁVEL – FRASCO 26 ML,FRS,"PDM: 13187 - Ustequinumabe, Concentração:5 MG/ML, Forma Farmacêutica:Solução Injetável",455395.0,Sim,
https://pncp.gov.br/api/pncp/v1/orgaos/45323474000102/compras/2024/101/itens,8,30049,"FÓRMULA INFANTIL COM PROTEÍNA EXTENSAMENTE HIDROLISADA E COM RESTRIÇÃO DE LACTOSE: XAROPE DE GLICOSE, PROTEÍNA HIDROLISADA DE SORO DE LEITE, TRIGLICERÍDEOS DE CADEIA MÉDIA, ÓLEOS VEGETAIS (COLZA, GIRASSOL, PALMA), FOSFATO TRICÁLCICO, FOSFATO DIHIDROGENADO DE PÓTASSIO, CLORETO DE POTÁSSIO, CARBONATO DE CÁLCIO, ÓLEO DE PEIXE, ÓLEO DE FUNGOS, CLORETO DE COLINA, VITAMINA C, CLORETO DE SÓDIO, CLORETO DE MAGNÉSIO, TAURINA, INOSITOL, SULFATO FERROSO, VITAMINA E, SULFATO DE ZINCO, L-CARNITINA, URIDINA, CITIDINA, ADENOSINA, INOSINA, NIACINA, D-PANTOTENATO DE CÁLCIO, GUANOSINA, D, BIOTINA, SULFATO DE COBRE, ÁCIDO FÓLICO, SULFATO DE MANGANÊS, VITAMINA A, B2, B12, B1, D, B6, IODETO DE POTÁSSIO, VITAMINA K, SELENITO DE SÓDIO, EMULSIFICANTE MONO E DIGLICERÍDEOS DE ÁCIDOS GRAXOS. NÃO CONTÉM GLÚTEN. EMBALAGEM: LATA 800 GRAMAS. MARCA SUGERIDA: APTAMIL PEPTI",LATA,,,Não,
https://pncp.gov.br/api/pncp/v1/orgaos/46523072000114/compras/2024/15/itens,3,13470,"PÃO TIPO HOT DOG INTEGRAL, RICO EM VITAMINAS E MINERAIS COM 50 (CINQUENTA) GRAMAS CADA, LIVRE DE GORDURAS TRANS. 

Pão de hot dog enriquecido com vitamina e minerais, obtido por processamento tecnológico adequado, da

massa preparada com os seguintes ingredientes: Farinha de trigo enriquecida com ferro e ácido fólico, Farinha Integral, Farinha de soja, açúcar refinado, sal refinado, gordura vegetal, ovo em pó, água, propionato de cálcio, fermento biológico, melhoradores de farinha (amido de milho, estabilizante estearoil-2-lactil lactato de cálcio, polisorbato 80, carbonato de cálcio e ácido ascórbico), emulsificante polisorbato 80, leite, complexo de

vitaminas: A, B1, B2, B3, B6, D e minerais: ferro, zinco, cálcio e manganês. Contém glúten. Embalagem Primária / Secundária / Peso unidade / Validade; A embalagem primária do produto deverá ser em sacos de polipropileno, transparente, atóxico, com capacidade para 20 unidades de 50 gramas cada. E embalagem secundária deverá ser em caixas de papelão reforçada, com abas superiores e inferiores totalmente vedadas, com fita adesiva plastificada, lacrado, contendo 100 unidades de pães, peso líquido total de 5 kg. Validade mínima do produto: 8 (oito) dias. Entregas semanais com no máximo 2 (dois) dias de fabricação. Características físico-químicos de composição (porção de 50 gramas): - Físico Químico: Gorduras Trans: <= 0,01, VCT (Kcal/50g): 140,00 á 160,00,

Carboidratos: 26 á 32 g, Proteínas: 4,5 á 6 g, Lipídeos: 1,5 á 2,5 g, Fibra 1 á 2 g, - Vitaminas e Minerais: Vit. A 80 à 100 mcg, Vit. B1 0,20 à 0,35mg, Vit. B2 0,1 à 0,30mg, Vit. B3 2,00 à 2,90 mg, Vit. B6 0,15 à 0,32mg, Vit. D 0,40 à 0,80 mcg, Ferro 1,30 à 4,30mg, Zinco 1,25 à 1,85 mg, Cálcio 40 à 70 mg, Manganês 0,20 à 0,8 mg, Sódio 190,00 à

250,00 mg. INTEGRAL. ALÉRGICOS: CONTÉM OVOS, LEITE E GLUTÉN.",Unidade,,,Não,
https://pncp.gov.br/api/pncp/v1/orgaos/11439826000178/compras/2024/4/itens,4475101,14456,ACEBROFILINA 50MG/5ML ADULTO SOLUÇÃO ORAL 120ML,FR,"PDM: 14456 - Acebrofilina, Concentração:10 MG/ML, Forma Farmaceutica:Xarope",448839.0,Sim,
https://pncp.gov.br/api/pncp/v1/orgaos/46634440000100/compras/2024/1104/itens,1406600,13680,CLORIDRATO DE AMANTADINA 100 MG COM CT BL AL PLAS,UN,"PDM: 13680 - Amantadina, Concentração:100 MG",268079.0,Sim,
https://pncp.gov.br/api/pncp/v1/orgaos/45739083000173/compras/2024/218/itens,1,2595,TESTE RÁPIDO PARA DETECÇÃO DE ANTÍGENO DO VÍRUS SARS-COV 2 (COVID-19) - SWAB NASAL PARA DETECÇÃO DE ANTÍGENO VIRAL COM ESPECIFICIDADE E SENSIBILIDADE MAIOR QUE 96%,UND,,,Não,
https://pncp.gov.br/api/pncp/v1/orgaos/08924581000160/compras/2024/31/itens,2,2032,"Ácido Tranexâmico 50mg/mL, Ampola 5mL",UNID,"PDM: 2032 - Ácido Tranexâmico, Dosagem:50 MG/ML, Forma Farmacêutica:Solução Injetável",327566.0,Sim,
https://pncp.gov.br/api/pncp/v1/orgaos/01614158000114/compras/2022/15/itens,10,5275,Clorpromazina 5mg/mL 5mL solucao injetavel,Ampola,"PDM: 5275 - Clorpromazina, Dosagem:5 MG/ML, Apresentação:Solução Injetável",268069.0,Sim,
https://pncp.gov.br/api/pncp/v1/orgaos/08868515000110/compras/2024/7/itens,6,5130,"Ambroxol xarope 15 mg / 5 ml, Fr 100mL",Unidade,"PDM: 5130 - Ambroxol, Composição:Sal Cloridrato, Concentração:3 MG/ML, Forma Farmacêutica:Xarope",446264.0,Sim,
https://pncp.gov.br/api/pncp/v1/orgaos/01572597000101/compras/2024/134/itens,2,10776,PIROXICAM 20MG+SUCUPRIMA250 MG+CURCUMA 50MG+UCI 40MG+VIT K2MK7 50MCG,FR,,,Em dúvida,Item não está no CATMAT
https://pncp.gov.br/api/pncp/v1/orgaos/13168687000110/compras/2024/62/itens,3,1253,"BETAMETASONA, DIPROPIONATO - CONCENTRACAO/DOSAGEM 4 MG/ML 1ML,FORMA FARMACEUTICA SOLUÇÃO INJETAVEL.,FORMA DE APRESENTACAO SOL INJ.,VIA DE ADMINISTRACAO INJETAVEL.",UNIDADE,,,Em dúvida,Dosagem não existe no CATMAT
https://pncp.gov.br/api/pncp/v1/orgaos/08810350000125/compras/2024/4/itens,7,19111,"Creme composto de 10% de ureia e 4% de AHA, sem fragrância ou conservante, indicado para tratamento de rachaduras ou ressecamento de pele em pé diabético. Embalagem com 75ml.",Unidade,,,Em dúvida,Composiçao não existe no CATMAT
https://pncp.gov.br/api/pncp/v1/orgaos/47970769000104/compras/2024/13/itens,6,4509,CARBAMAZEPINA 100MG/5ML SUSP.ORAL - FR. 100 ML (CARBAMAZEPINA 100MG/5ML XAROPE FRASCO COM 100ML + COPO DOSADOR),Frasco,,,Em dúvida,Descrição ambígua
https://pncp.gov.br/api/pncp/v1/orgaos/63762041000135/compras/2024/43/itens,4301638,14456,ACEBROFILINA 5 MG/ML SOLUÇÃO ORAL FRASCO C/ 120 ML,FSC,"PDM: 14456 - Acebrofilina, Concentração:5 MG/ML, Forma Farmaceutica:Gel Oral",460664.0,Sim,
https://pncp.gov.br/api/pncp/v1/orgaos/07954605000160/compras/2024/368/itens,28057,4509,"CARBAMAZEPINA 200MG, COMPRIMIDO. ()",COMPRIMIDO (COMP),"PDM: 4509 - Carbamazepina, Dosagem:200 MG",267618.0,Sim,
https://pncp.gov.br/api/pncp/v1/orgaos/01603719000180/compras/2024/38/itens,4,7878,"FUROSEMIDA 20 MG/2ML INJETAVEL COD. BR 267666  


  


",AMPOLA,"PDM: 7878 - Furosemida, Composição:10 Mg/Ml, Apresentação:Solução Injetável",267666.0,Sim,
https://pncp.gov.br/api/pncp/v1/orgaos/46634259000195/compras/2024/45/itens,5,354,"ÁCIDO FÓLICO 0,2 MG/ML - SOLUÇÃO ORAL",FRC,"PDM: 354 - Ácido Fólico, Dosagem:0,2 MG/ML, Uso:Solução Oral - Gotas",278489.0,Sim,
https://pncp.gov.br/api/pncp/v1/orgaos/67995027000132/compras/2024/153/itens,1,12314,SULFADIAZINA 500MG - CONFORME MEMORIAL DESCRITIVO,Comprimido,"PDM: 12314 - Sulfadiazina, Dosagem:500 MG",267765.0,Sim,
https://pncp.gov.br/api/pncp/v1/orgaos/80673411000187/compras/2023/178/itens,1,6143,"Antinflamatorios esteroides Dexametasona - 0,1 mg/ml - elixir",Frasco,"PDM: 6143 - Dexametasona, Dosagem:0,1 MG/ML, Apresentação:Elixir",268243.0,Sim,
https://pncp.gov.br/api/pncp/v1/orgaos/11944899000117/compras/2024/19/itens,4,9699,"(3150070) - METILPREDNISOLONA, SUCCINATO SODICO - CONCENTRACAO/DOSAGEM 125 MG,FORMA FARMACEUTICA PO LIOFILIZADO PARA SOLUCAO INJETAVEL,FORMA DE APRESENTACAO FRASCO-AMPOLA,VIA DE ADMINISTRACAO PARENTERAL",FA,"PDM: 9699 - Metilprednisolona, Princípio Ativo:Sal Succinato, Dosagem:125 MG, Apresentação:Pó Liofilizado + Diluente, Injetável",271600.0,Sim,
https://pncp.gov.br/api/pncp/v1/orgaos/00394544000185/compras/2022/163/itens,1,15458,Diluente De Vacina,Mililitro,,,Não,
https://pncp.gov.br/api/pncp/v1/orgaos/46523247000193/compras/2024/102/itens,1435050,5118,CLORETO DE SÓDIO A 20% AMPOLA 10ML S.INJ -,AMP,"PDM: 5118 - Cloreto De Sódio, Dosagem:20%, Uso:Solução Injetável",267574.0,Sim,
https://pncp.gov.br/api/pncp/v1/orgaos/11285282000137/compras/2024/22/itens,5,3567,BIPERIDENO CI  2MG - COMPRIMIDO,UN,"PDM: 3567 - Biperideno, Dosagem:2 MG",270140.0,Sim,
https://pncp.gov.br/api/pncp/v1/orgaos/24855058000185/compras/2022/107/itens,1,10094,NISTATINA CREME VAGINAL 50G+10APL C/50 UNIDADES,CX,,,Em dúvida,Falta a concentração
https://pncp.gov.br/api/pncp/v1/orgaos/88860366000181/compras/2024/65/itens,8,365,BENZILPENICILINA BENZATINA 1.200.000 U - FRASCO - AMPOLA - PÓ PARA SUSPENSÃO,Frasco,"PDM: 365 - Benzilpenicilina, Apresentação:Benzatina, Dosagem:1.200.000ui, Uso:Injetável",270612.0,Sim,
https://pncp.gov.br/api/pncp/v1/orgaos/01612269000191/compras/2024/15/itens,2,1824,ACETILCISTEÍNA 40 MG C/ 120 ML,FRASCO,"PDM: 1824 - Acetilcisteína, Concentraçao:40 MG/ML, Forma Farmaceutica:Xarope",355786.0,Sim,
https://pncp.gov.br/api/pncp/v1/orgaos/75793786000140/compras/2024/83/itens,4,1253,"BETAMETASONA, COMPOSIÇÃO:ACETATO, APRESENTAÇÃO:ASSOCIADA COM BETAMETASONA FOSFATO, DOSAGEM:3MG + 3MG/ML, USO:INJETÁVEL. AMPOLA 1ML - BR 0270597",Unidade,"PDM: 1253 - Betametasona, Composição:Acetato, Apresentação:Associada Com Betametasona Fosfato, Dosagem:3mg + 3mg/Ml, Uso:Injetável",270597.0,Sim,
https://pncp.gov.br/api/pncp/v1/orgaos/88775390000112/compras/2024/375/itens,2,7178,"ESTRADIOL, APRESENTAÇÃO:VALERATO ASSOCIADO COM NORETISTERONA ENANTATO, DOSAGEM:5MG + 50MG/1ML, USO:INJETÁVEL.",FRASCO (FR),"PDM: 7178 - Estradiol, Apresentação:Valerato Associado Com Noretisterona Enantato, Dosagem:5mg + 50mg/1ml, Uso:Injetável",270846.0,Sim,
https://pncp.gov.br/api/pncp/v1/orgaos/46523239000147/compras/2024/43/itens,2,8248,HIDROXIUREIA 500MG.,COMPRIMIDO,"PDM: 8248 - Hidroxiuréia, Dosagem:500 Mg",268110.0,Sim,
https://pncp.gov.br/api/pncp/v1/orgaos/76205806000188/compras/2024/77/itens,3,1824,Acetilcisteina 100 mgl solucao injetavel  ampola com 3 ml,AMP,"PDM: 1824 - Acetilcisteína, Dosagem:100 MG/ML, Forma Farmacêutica:Solução Injetável",335091.0,Sim,
https://pncp.gov.br/api/pncp/v1/orgaos/46374500000194/compras/2024/4181/itens,1,4726,Cefotaxima Sódica,Frasco-Ampola,,,Em dúvida,Falta a concentração
https://pncp.gov.br/api/pncp/v1/orgaos/00562279000105/compras/2023/17/itens,7,350,"Descrição CATMAT:

ALBENDAZOL, DOSAGEM:400 MG",COMP,"PDM: 350 - Albendazol, Dosagem:400 MG",267506.0,Sim,
https://pncp.gov.br/api/pncp/v1/orgaos/55293427000117/compras/2024/64/itens,8,1289,"Bebida Láctea UHT sabor Chocolate 200 ml. Ingredientes: Soro de leite reconstituído, leite integral reconstituído, calda de cacau (água e cacau), leite desnatado reconstituído, açúcar, extrato de malte de cevada, fosfato tricálcico, vitaminas [maltodextrina, ácido l-ascórbico (vitamina C), acetato de retinila (vitamina A) e ácido fólico (vitamina B9)], vitamina D3, espessantes: carboximetilcelulose sódica, goma xantana, goma gelana e carragena, aromatizantes, estabilizantes: fosfato dipotássico e citrato de sódio. Deverão apresentar o prazo de validade mínimo de 06 (seis) meses na data da entrega. Cada embalagem deverá apresentar peso líquido de 200 ml",Pacote,,,Não,
https://pncp.gov.br/api/pncp/v1/orgaos/88254875000160/compras/2024/9/itens,6,5400,"SERVIÇO FUNERÁRIO URNA ZINCADA (tamanho conforme a necessidade) - incluindo o fornecimento de uma urna mortuária de zinco sem visor, com 6 alças duras, 4 chavetas, acabamento em verniz, hermeticamente fechada de acordo com as normas de saúde vigentes. Preparação do corpo e câmara ardente. Translado dentro da região do Vale dos Sinos, Taquara e Porto Alegre. Velório junto às Capelas Mortuárias Municipais de Novo Hamburgo.",UNIDADE (UN),,,Não,
https://pncp.gov.br/api/pncp/v1/orgaos/07954480000179/compras/2024/9973/itens,5,7662,"VERNIZ, FLUORETADO PARA APLICACOES TOPICAS, CONTENDO 5 % DE FLUORETO DE SODIO EM UMA BASE ADESIVA DE RESINAS NATURAIS, KIT 01 FRASCO 10 ML DE VERNIZ COM FLUOR E 01 FRASCO 10 ML DE SOLVENTE, KIT 1.0 UNIDADE",KIT 1.0 UNIDADE,,,Não,
https://pncp.gov.br/api/pncp/v1/orgaos/46599809000182/compras/2024/150/itens,4,18239,"Refil CarbonBlock5? para filtro de água; encaixe de 26mm sem rosca e com vedação; dimensões: 145mm de comprimento e 70mm de diâmetro externo; com tripla filtração; composto de elemento filtrante com carvão ativado compactado natural (CarbonBlock), prata coloidal de efeito bacteriostático e duas camadas de polipropileno; eficiência de retenção de partículas classe III e retenção de cloro livre classe I; produzido com componentes 100% atóxicos; produto certificado pelo INMETRO, constando o mesmo na embalagem; garantia mínima de 6 meses a partir da abertura da embalagem; 1ª linha.",UND,,,Não,
https://pncp.gov.br/api/pncp/v1/orgaos/45146271000198/compras/2024/11/itens,3,6143,Dexametasona 200 mg 100ml,FRA,"PDM: 6143 - Dexametasona, Concentração:2 Mg/Ml, Forma Farmacêutica:Solução Injetável",300733.0,Sim,
https://pncp.gov.br/api/pncp/v1/orgaos/08109444000171/compras/2024/18/itens,1,2420,Amiodarona 100MG,COMPRIMIDO,"PDM: 2420 - Amiodarona, Dosagem:100mg",271709.0,Sim,
https://pncp.gov.br/api/pncp/v1/orgaos/76970367000108/compras/2024/84/itens,2,14671,"BR0391134 ADESIVO FOTOPOLIMERIZÁVEL, COM 5,6 ML (6G) - BR0391134 ADESIVO FOTOPOLIMERIZÁVEL, COM 5,6 ML (6G), COMPOSTO DE ETANOL, BIS-GMA, SILANO TRATADO COM FILLER DE SÍLICA, 2-HIDROXIETILMETACRILATO, GLICEROL 1, 3 DIMETRACRILATO, COPOLÍMERO DE ÁCIDO ACRÍLICO E ÁCIDO ITACÔNICO E DIURETANODIMETACRILATO",Unidade,,,Não,
https://pncp.gov.br/api/pncp/v1/orgaos/46200846000176/compras/2024/2407/itens,3,1385,"SILIMARINA 70 MG, DL-METIONINA 100 MG",DRG,"PDM: 1385 - Silimarina, Apresentação:Associada Com Metionina, Dosagem:70mg + 100mg",276456.0,Sim,
https://pncp.gov.br/api/pncp/v1/orgaos/18025999000199/compras/2024/77/itens,5,5056,bromidrato de citalopram 20mg,comprimido,"PDM: 5056 - Citalopram, Dosagem:20 MG",272903.0,Sim,
https://pncp.gov.br/api/pncp/v1/orgaos/08788903000190/compras/2024/6/itens,1,14456,Acebrofilina 25 mg/5ml (Xarope infantil),Frasco,"PDM: 14456 - Acebrofilina, Concentração:5 MG/ML, Forma Farmaceutica:Xarope",448838.0,Sim,
https://pncp.gov.br/api/pncp/v1/orgaos/15023120000181/compras/2024/2/itens,7,2259,"ALCOOL ETILICO - COM TEOR ALCOOLICO DE 70 GL, HIDRATADO, LIQUIDO - FRASCO 1 LITRO",FRASCO,"PDM: 2259 - Álcool Etílico, Tipo:Hidratado, Teor Alcoólico:70%_(70°Gl), Apresentação:Líquido",269941.0,Sim,
https://pncp.gov.br/api/pncp/v1/orgaos/00394502000144/compras/2023/11193/itens,1,12768,"Tiossulfato de sódio aspecto físico: cristal incolor ou branco, inodoro, fórmula química: na2s2o3.5h2o, peso molecular: 248,18, grau de pureza: pureza mínima de 99,5%, característica adicional: reagente p.a., número de referência química: cas 10102-17-7",Quilograma,,,Em dúvida,Falta a concentração
https://pncp.gov.br/api/pncp/v1/orgaos/00394502000144/compras/2022/4583/itens,4,8322,Óleo de silicone,Frasco 250 ML,,,Em dúvida,Falta a viscosidade
https://pncp.gov.br/api/pncp/v1/orgaos/18428839000190/compras/2024/222/itens,6,16344,"BOTA DE UNNA; BANDAGEM INELÁSTICA IMPREGNADA COM PASTA À BASE DE ÓXIDO DE ZINCO, GOMA ACÁCIA, GLICEROL, ÓLEO DE RÍCINO E ÁGUA DEIONIZADA. ROLO DE, APROXIMADAMENTE, 7,6 CM DE LARGURA X 9,14 M DE COMPRIMENTO.",UN,,,Não,
https://pncp.gov.br/api/pncp/v1/orgaos/14126692000123/compras/2024/34/itens,4472621,2032,ACIDO TRANEXÂMICO 250MG,CP,"PDM: 2032 - Ácido Tranexâmico, Dosagem:250 MG",278338.0,Sim,
https://pncp.gov.br/api/pncp/v1/orgaos/11924138000101/compras/2024/269/itens,1,5092,ANIDULAFUNGINA 100MG PÓ LIOFILIZADO PARA SOLUÇÃO PARA INFUSÃO INTRAVENOSA-,FRASCO,"PDM: 5092 - Anidulafungina, Concentração:100 MG, Forma Farmacêutica:Pó Liófilo P/ Injetável",379002.0,Sim,
https://pncp.gov.br/api/pncp/v1/orgaos/23467889000117/compras/2022/1/itens,2,5400,"MEDALHA - PARA PREMIACAO: Medalha para premiação, com diâmetro de 8cm com 44mm, fundida em liga metálica de zamak (zinco, alumínio, magnésio e cobre). com fita de cetim largura de 15mm. COM PRATA",UND,,,Não,
https://pncp.gov.br/api/pncp/v1/orgaos/20718770000181/compras/2024/2/itens,4,17689,QUETIAPINA 100MG CX 30,UN,"PDM: 17689 - Quetiapina, Dosagem:100 MG",272832.0,Sim,
https://pncp.gov.br/api/pncp/v1/orgaos/01612691000147/compras/2024/4/itens,5,4509,CARBAMAZEPINA 2% C/ 100 ML,Unidade,,,Em dúvida,Falta a forma de apresentação
https://pncp.gov.br/api/pncp/v1/orgaos/80888688000127/compras/2024/11/itens,1,14456,"BR0448838 ACEBROFILINA, CONCENTRAÇÃO:5 MG/ML, FORMA FARMACEUTICA:XAROPE FRASCO DE 120 ML",FRASCO,"PDM: 14456 - Acebrofilina, Concentração:5 MG/ML, Forma Farmaceutica:Xarope",448838.0,Sim,
https://pncp.gov.br/api/pncp/v1/orgaos/42498600000171/compras/2024/4192/itens,5,18934,"DESCRICAO QUIMICA: PERMANGANATO DE POTASSIO , PUREZA: PARA ANALISE, FORMULA MOLECULAR: KMNO4, ASPECTO: SOLIDO, APLICACAO: REAGENTE DE LABORATORIO",FR,,,Em dúvida,Falta a concentração
https://pncp.gov.br/api/pncp/v1/orgaos/46634481000198/compras/2024/52/itens,1,19654,DUPILUMABE 300MG  150MG ML  SOLUCAO INJETAVEL SERINGA PREENCHIDA COM 2ML,UNIDADE,"PDM: 19654 - Dupilumabe, Concentração:150 MG/ML, Forma Farmacêutica:Solução Injetável, Adicional:Seringa Preenchida",455337.0,Sim,
https://pncp.gov.br/api/pncp/v1/orgaos/22678874000135/compras/2023/412/itens,6,8428,INSULINA HUMALOG KWIKPEN  CANETA 3ML    437777,UNIDADE,,,Em dúvida,Falta o tipo
https://pncp.gov.br/api/pncp/v1/orgaos/37622164000160/compras/2022/8/itens,4,8428,INSULINA NOVO RAPID FLEXPEN AMP 3 ML,AP,,,Em dúvida,Falta o tipo
https://pncp.gov.br/api/pncp/v1/orgaos/45751435000106/compras/2024/102/itens,4,1289,"CAMA HOSPITALAR TIPO PPP. AÇO INOXIDÁVEL; PARTO/ELÉTRICA; RODAS: 4 RODÍZIOS DE 5? C/ FREIO EM 2 RODÍZIOS DIAGONAIS; ATÉ 2,10M; LARGURA 1,00M; ATÉ 200 KG; ACIONAMENTO C/ CONTROLE REMOTO; SUPORTE DE SORO, PORTA COXA, BACIA INOX; ALTURA REGULÁVEL; APOIO PARA OS PÉS, ARCO DE REFORÇO; ARTICULADA EM 3 POSIÇOES; CABECEIRA REMOVÍVEL EM POLIURETANO INJETADO OU PAINÉIS EM LAMINADO METÁLICO; BASE COM PÉS RECUADOS E RODÍZIOS DE 4? NO MÍNIMO REVESTIDA EM MATERIAL DE ALTA RESISTÊNCIA; BANDEJA OU BASE PARA GUARDA DE MATERIAIS; ESTRADO ARTICULADO EM 3 SECÇÕES EM MATERIAL DE ALTO IMPACTO; MOVIMENTOS TRENDELENBURG, REVERSO DE TRENDELENBURG, ELEVAÇÃO DO DORSO; ELEVAÇÃO DO LEITO. ACIONAMENTO ATRAVÉS DE MOTORES C/ COMANDO ELÉTRICO. GRADES LATERAIS EM POLIURETANO INJETADO OU PAINÉIS EM LAMINADO MELAMÍNICO, MOVIMENTAÇÃO PARA FICAR ACIMA E ABAIXO DO LEITO. PAR DE PORTA-COXAS ESTOFADOS, COM ALTURA REGULÁVEIS EM INOX. PAR DE BARRAS DE APOIO COM ALTURA REGULÁVEL EM AÇO INOX NAS LATERAIS DO LEITO, BARRA DE APOIO PARA PARTO DE CÓCORAS. PAR DE APOIO PARA PÉS, C/ ALTURA REGULÁVEL E ESTOFADOS. BACIA DE ALTA RESISTÊNCIA SOB A PESEIRA, P/ COLETA RESÍDUOS. DISPOSITIVO P/ RETRAÇÃO DA PARTE DAS PERNAS P/ O PARTO. SUPORTES SORO EM AÇO INOX, C/ ALTURA REGULÁVEL NOS DOIS LADOS DA CABECEIRA. TRATAMENTO ANTIFERRUGINOSO, PINTURA ELETROSTÁTICA A PÓ; PARA-CHOQUE NOS 4 CANTOS DA CAMA P/ PROTEÇÃO PAREDE. MOVIMENTO E FREIO ACIONADO POR ÚNICO PEDAL NOS DOIS LADOS DA CAMA; MOVIMENTO LIVRE DOS 4 RODÍZIOS EM TODAS AS DIREÇÕES, PODENDO BLOQUEAR 1 OU 2 RODÍZIOS PARA DIRIGIBILIDADE; TRAVA DOS 4 RODÍZIOS; COLCHÃO ESPUMA DENSIDADE 33 EM MATERIAL IMPERMEÁVEL ISENTO DE LÁTEX, COMPATÍVEL COM AS SEÇÕES DO LEITO. CARGA DE TRABALHO ATÉ 180 KG. DIMENSÕES: EXTERNAS 1,00 M LARGURA; ALTURA ABAIXADA MÍNIMO 0,56 M E LEVANTADA MÍNIMO 0,80M",UNI,,,Não,
https://pncp.gov.br/api/pncp/v1/orgaos/46854998000192/compras/2024/373/itens,1,11276,"Propofol dosagem: 10, forma farmacêutica: emulsão injetável",Ampola 20 ML,"PDM: 11276 - Propofol, Dosagem:10 MG/ML, Forma Farmacêutica:Emulsão Injetável",305935.0,Sim,
https://pncp.gov.br/api/pncp/v1/orgaos/46523270000188/compras/2024/163/itens,7,17807,LIDOCAÍNA CLORIDRATO 2% - FRASCO COM 20 ML (SEM VASOCONSTRITOR),Frasco,,,Em dúvida,Falta a apresentação
https://pncp.gov.br/api/pncp/v1/orgaos/15163648000156/compras/2023/14/itens,9,8487,VAPORIZADOR CALIBRADO PARA ISOFLURANO,unidade,,,Não,
https://pncp.gov.br/api/pncp/v1/orgaos/14578805000121/compras/2024/11/itens,3,5200,LEVOMEPROMAZINA 40MG/ML,FRASCO,"PDM: 5200 - Levomepromazina, Dosagem:40 MG/ML, Apresentação:Solução Oral",268130.0,Sim,
https://pncp.gov.br/api/pncp/v1/orgaos/08234148000100/compras/2024/16/itens,3,3910,"0029268 - BROMAZEPAM, 6 MG",Comprimido,"PDM: 3910 - Bromazepam, Dosagem:6 Mg",271774.0,Sim,
https://pncp.gov.br/api/pncp/v1/orgaos/46179958000192/compras/2024/107/itens,2,15870,48182 - CARBONATO DE CÁLCIO 500mg + COLECALCIFEROL 200 UI,UNIDADE,"PDM: 15870 - Carbonato De Cálcio, Apresentação:Associado Com Vitamina D3, Dosagem:500mg De Cálcio + 200u",270893.0,Sim,Colecalciferol = Vitamina d3
https://pncp.gov.br/api/pncp/v1/orgaos/04801221000110/compras/2023/85/itens,2,18757,Ferro Elementar,Frasco 20 ML,,,Em dúvida,Falta a concentração
https://pncp.gov.br/api/pncp/v1/orgaos/10291311000100/compras/2023/3/itens,6,1289,"CREATININA CINÉTICA 300ML - SISTEMA PARA A DETERMINAÇÃO DA CREATININA EM SORO, PLASMA E URINA POR CINÉTICA DE DOIS PONTOS",Unidades,,,Não,
https://pncp.gov.br/api/pncp/v1/orgaos/46374500000194/compras/2024/3110/itens,9,9697,Metildopa dosagem: 250 mg,Comprimido,"PDM: 9697 - Metildopa, Dosagem:250 Mg",267689.0,Sim,
https://pncp.gov.br/api/pncp/v1/orgaos/06129491000151/compras/2024/2/itens,76,17993,Cilostazol 100 mg comprimido,UNIDADE,"PDM: 17993 - Cilostazol, Concentração:100 MG",276378.0,Sim,
https://pncp.gov.br/api/pncp/v1/orgaos/78092293000171/compras/2024/13/itens,4,12553,"BRIMONIDINA TARTARATO, CONCENTRAÇÃO:1 MG/ML, FORMA FARMACEUTICA:SOLUÇÃO OFTÁLMICA BR 0392403",FRASCOS,"PDM: 12553 - Brimonidina Tartarato, Concentração:1 MG/ML, Forma Farmaceutica:Solução Oftálmica",392403.0,Sim,
https://pncp.gov.br/api/pncp/v1/orgaos/04077251000125/compras/2024/9/itens,4413712,5400,"URNA FUNERÁRIA; BALEIA ADULTO; DE 2M A 2,20M; Em madeira de lei; com visor; sextavada; com alças duras; 04 chavetas; acabamento externo em verniz semibrilho; acabamento interno zinco; capacidade 300kg.",UND,,,Não,
https://pncp.gov.br/api/pncp/v1/orgaos/91900365000128/compras/2024/10/itens,5,2259,"ALCOOL ETILICO 70%, COM 1L",Litro,,,Em dúvida,Falta a apresentação
https://pncp.gov.br/api/pncp/v1/orgaos/46634168000150/compras/2024/94/itens,1,8428,"INSULINA DEGLUDECA 100UI/ML  LIRAGLUTIDA 3,6 MG/ML (XULTOPHY) C-ANETA  3 ML – SOLUÇÃO INJETÁVEL - SISTEMA DE APLICAÇÃO PREENCHIDO",CAN,"PDM: 8428 - Insulina, Tipo:Degludeca Associada À Liraglutida, Concentração:100 U/Ml + 3,6 MG/ML, Forma Farmaceutica:Solução Injetável, Adicionais:C/ Sistema De Aplicação",452616.0,Sim,
https://pncp.gov.br/api/pncp/v1/orgaos/01373497000156/compras/2024/113/itens,9,8428,INSULINA APIDRA 100U ML,UNIDADE,,,Em dúvida,Falta o tipo
https://pncp.gov.br/api/pncp/v1/orgaos/19875046000182/compras/2024/69/itens,6,5077,"ANTIBIOGRAMA , PRINCIPIO ATIVO: CLINDAMICINA, DOSAGEM: 2MCG. APRESENTACAO: FRASCO COM 50 UNIDADES",UNU,,,Em dúvida,Falta a dosagem (correta)
https://pncp.gov.br/api/pncp/v1/orgaos/82951351000142/compras/2024/34/itens,5,7878,"Medicamentos acao judicial(exclusivo diaf.almox.450)i Furosemida 10mg/ml, suspensão 10ml-manipulado",Frasco,"PDM: 7878 - Furosemida, Concentração:10 MG/ML, Forma Farmaceutica:Uso Oral, Característica Adicional:Formulação Especialmente Manipulada",462252.0,Sim,
https://pncp.gov.br/api/pncp/v1/orgaos/07622498000173/compras/2023/8/itens,3,2418,Fórmula Infantil Crianças de Primeira Infância Destinada Necessidades Dietoterápicas Específicas com Restrição de Lactose e à Base de Aminoácidos livres.com APLV e alergias alimentares mais severas C comprometimento TGI(NEOCATE LCP SIMILAR)Lata 400g.,Latas,,,Não,
https://pncp.gov.br/api/pncp/v1/orgaos/87990800000185/compras/2024/112/itens,3,4803,CETOCONAZOL XAMPU 2% FRASCO C/ 100ML,FR (FR),"PDM: 4803 - Cetoconazol, Dosagem:2%, Apresentação:Shampoo",271103.0,Sim,
https://pncp.gov.br/api/pncp/v1/orgaos/10572048000470/compras/2023/131/itens,4,14671,"(2868180) - REAGENTE PARA DOSAGEM DE TRIGLICERIDES - COLORIMETRICO, QUIMICA SECA,METODO SLIDE TRIGLICERIDES,INTERVALO DE MEDICAO 10,0 A 525,0  MG/DL, COMPRIMENTO DE ONDA 540NM,GLICEROL-FOSFATO,PRONTO PARA USO,COM CALIBRADOR, PONTEIRA DESCARTAVEL E CONTROLE,EM SORO E PLASMA,ANALISADORES AUTOMATICOS DE QUIMICA CLINICA/QUIMICA SECA,COM 300 TESTES,MANUAL ATUALIZADO POR INFORMATIVOS,EMBALAGEM DE ACORDO COM A LEGISLACAO VIGENTE,ROTULO CONTENDO NUMERO DO LOTE, DATA DE VALIDADE E DE FABRICACAO,VALIDADE DO MATERIAL APOS ENTREGA DE NO MINIMO 12 MESES",TESTE,,,Não,
https://pncp.gov.br/api/pncp/v1/orgaos/45323474000102/compras/2024/127/itens,4,1824,ACETILCISTEINA 40MG/ML - XAROPE,FRASCO,"PDM: 1824 - Acetilcisteína, Concentraçao:40 MG/ML, Forma Farmaceutica:Xarope",355786.0,Sim,
https://pncp.gov.br/api/pncp/v1/orgaos/11707402000147/compras/2024/1/itens,6,7355,Fenobarbital Sódico Dosagem: 100 MG,COMPRIMIDO,"PDM: 7355 - Fenobarbital Sódico, Dosagem:100 MG",267660.0,Sim,
https://pncp.gov.br/api/pncp/v1/orgaos/42498600000171/compras/2024/4703/itens,2,6577,"GRUPO FARMACOLOGICO: TROMBOLITICOS, PRINCIPIO ATIVO: ENOXAPARINA, FORMA FARMACEUTICA: SOLUCAO INJETAVEL, CONCENTRACAO / DOSAGEM: 20, UNIDADE: MG, VOLUME: 0,2ML, APRESENTACAO: SERINGA PREENCHIDA (VIA SUBCUTANEA), ACESSORIO: N/A, FORMA FORNECIMENTO: UNIDADE",UN,"PDM: 6577 - Enoxaparina, Concentração:100 MG/ML, Forma Farmaceutica:Solução Injetável, Características Adicionais 1:Seringa Preenchida",448982.0,Sim,
https://pncp.gov.br/api/pncp/v1/orgaos/76179829000165/compras/2023/70/itens,3,350,"ALBENDAZOL, DOSAGEM 40 MG/ML SUSPENSÃO ORAL FRASCO COM 10ML BR0267507",Frasco,"PDM: 350 - Albendazol, Dosagem:40 MG/ML, Uso:Suspensão Oral",267507.0,Sim,
https://pncp.gov.br/api/pncp/v1/orgaos/29141322000132/compras/2024/192/itens,8,19750,"SEMAGLUTIDA 1,34MG/ML - 3ML (CANETA COM LIBERAÇÃO DE DOSE 1MG POR APLICAÇÃO)",Seringa,"PDM: 19750 - Semaglutida, Concentração:1,34 MG/ML, Forma Farmacêutica:Solução Injetável, Características Adicionais:Com Sistema De Aplicação",462141.0,Sim,
https://pncp.gov.br/api/pncp/v1/orgaos/95719472000105/compras/2024/44/itens,1,2032,"ACIDO TRANEXAMICO 50MG/ML  SOLUÇÃO INJETÁVEL AMP 5ML BR0327566


Acido Tranexamico 50mg/m solução injetável amp 5 ml BR0327566",UNIDADE (UN),"PDM: 2032 - Ácido Tranexâmico, Dosagem:50 MG/ML, Forma Farmacêutica:Solução Injetável",327566.0,Sim,
https://pncp.gov.br/api/pncp/v1/orgaos/03217924000132/compras/2024/38/itens,9,350,"29072 - (BR0267507) ALBENDAZOL, USO: SUSPENSÃO ORAL, DOSAGEM: 40 MG/ML, FRASCO 10,00 ML",FRASCO,"PDM: 350 - Albendazol, Dosagem:40 MG/ML, Uso:Suspensão Oral",267507.0,Sim,
https://pncp.gov.br/api/pncp/v1/orgaos/46634291000170/compras/2024/33/itens,9,2420,CLORIDRATO DE AMIODARONA 200 MG MARCA: ANCORON®,COMPRIMIDO,"PDM: 2420 - Amiodarona, Dosagem:200 Mg",267510.0,Sim,
https://pncp.gov.br/api/pncp/v1/orgaos/07954480000179/compras/2024/10407/itens,1,8812,"LEVOTIROXINA (SODICA), 50 MCG, UNIDADE 1.0 COMPRIMIDO",UNIDADE 1.0 COMPRIMIDO,"PDM: 8812 - Levotiroxina Sódica, Dosagem:50 Mcg",268123.0,Sim,
https://pncp.gov.br/api/pncp/v1/orgaos/13183513000127/compras/2024/46/itens,7,2035,6587	ACIDO URSODESOXICOLICO 300MG CP,cp,"PDM: 2035 - Ácido Ursodesoxicólico, Concentração:300 MG",309040.0,Sim,
https://pncp.gov.br/api/pncp/v1/orgaos/07954480000179/compras/2024/2780/itens,1,2031,"DARATUMUMABE, SC, 1.800MG, SOLUCAO INJETAVEL FRASCO AMPOLA 15ML, UNIDADE 1.0 FRASCO / AMPOLA",UNIDADE 1.0 FRASCO / AMPOLA,"PDM: 2031 - Daratumumabe, Concentração:120 MG/ML, Forma Farmacêutica:Solução Injetável",475967.0,Sim,
https://pncp.gov.br/api/pncp/v1/orgaos/46223731000105/compras/2023/20/itens,8,8428,AGULHA P APLICACAO DE INSULINA C CANETA ULTRAFINE 4MMX023MM C100,CX,,,Não,
https://pncp.gov.br/api/pncp/v1/orgaos/76205673000140/compras/2024/41/itens,7,354,ACIDO FOLICO 5 MG COD BR 267503,CPR,"PDM: 354 - Ácido Fólico, Dosagem:5 MG",267503.0,Sim,
https://pncp.gov.br/api/pncp/v1/orgaos/46523239000147/compras/2024/237/itens,6,9702,METOCLOPRAMIDA CLORIDRATO 10MG POR COMPRIMIDO.,COMPRIMIDO,"PDM: 9702 - Metoclopramida Cloridrato, Dosagem:10 Mg",267312.0,Sim,
https://pncp.gov.br/api/pncp/v1/orgaos/01608820000123/compras/2023/5/itens,5,2036,"Ácido Valpróico  (Valproato de sódio) 250mg, cápsula",CAP,"PDM: 2036 - Ácido Valpróico, Dosagem:250 MG",267504.0,Sim,
https://pncp.gov.br/api/pncp/v1/orgaos/18659334000137/compras/2024/372/itens,8,15104,"BRINZOLAMIDA 10MG/ML + MALEATO DE TIMOLOL 6,8MG/ML",FRASCO (FRASCO),"PDM: 15104 - Brinzolamida, Composição:Associada Com Timolol Maleato, Concentração:10 Mg + 5 MG/ML, Forma Farmaceutica:Suspensão Oftálmica",395807.0,Sim,
https://pncp.gov.br/api/pncp/v1/orgaos/63762009000150/compras/2024/18/itens,4369950,8428,"AGULHA NANO PARA APLICAÇAO DE INSULINA COM CANETA 4MM X0,23MM COM 100 UNIDADES.",CX,,,Não,
https://pncp.gov.br/api/pncp/v1/orgaos/01612516000150/compras/2024/15/itens,3,17357,"CLOREXIDINA DEGERMANTE 2% (1 LITRO)  CLOREXIDINA DEGERMANTE 2% (1 LITRO) CLOREXIDINA DEGERMANTE 2%- SOLUÇÃO DE DIGLUCONATO DE CLOREXIDINA 2 %. RÓTULO CONTENDO COMPOSIÇÃO QUÍMICA, LOTE, REGIS",Frasco,"PDM: 17357 - Clorexidina Digluconato, Dosagem:2%, Aplicação:Degermante",269876.0,Sim,
https://pncp.gov.br/api/pncp/v1/orgaos/46200846000176/compras/2024/3767/itens,1,2436,AMOXICILINA 250 MG/5ML -GENERICO  SUSPENSAO 150 ML COM COPO MEDIDA.COD.:21.55.2-1,FR,"PDM: 2436 - Amoxicilina, Concentração:50mg/Ml, Apresentação:Pó Para Suspensão Oral",271111.0,Sim,
https://pncp.gov.br/api/pncp/v1/orgaos/03507548000110/compras/2024/39/itens,7,2259,"ÁLCOOL EM GEL - ÁLCOOL ETÍLICO 70° INPM EM GEL, 500 ML. INDICADO PARA LIMPEZA GERAL DE SUPERFÍCIES FIXAS E ONDE HOUVER A NECESSIDADE DE UTILIZAR UM PRODUTO EFICIENTE E VOLÁTIL.",FRS,"PDM: 2259 - Álcool Etílico, Tipo:Hidratado, Teor Alcoólico:70%_(70°Gl), Apresentação:Gel",269943.0,Sim,
https://pncp.gov.br/api/pncp/v1/orgaos/00136858000188/compras/2024/174/itens,4,1874,Ácido Azeláico,"Bisnaga 30,00 G",,,Em dúvida,Falta a concentração
https://pncp.gov.br/api/pncp/v1/orgaos/08597121000174/compras/2024/433/itens,9,8428,"6523.75348-Sensor enlite 3, APRESENTAÇÃO: Para Bomba de Insulina MiniMed 780G, MODELO: MMT-7020C1, MARCA: Medtronic, EMBALAGEM: Caixa com 5 unidades, CARACTERÍSTICAS ADICIONAIS: Atendimento de Ordem Judicial, UNID. DE MEDIDA: Unitário",Unitário,,,Não,
https://pncp.gov.br/api/pncp/v1/orgaos/46634390000152/compras/2024/136/itens,8,8428,Insulina Lispro Frasco 10 ml,FR,,,Em dúvida,Falta a concentração
https://pncp.gov.br/api/pncp/v1/orgaos/18291369000166/compras/2022/6/itens,2,1872,ÁCIDO ASCÓRBICO (VITAMINA C) 100MG/ML AMPOLA 5ML,AMPOLA,"PDM: 1872 - Ácido Ascórbico, Dosagem:100 MG/ML, Tipo Uso:Injetável",271687.0,Sim,
https://pncp.gov.br/api/pncp/v1/orgaos/04384829000196/compras/2024/39/itens,5,5077,"CLINDAMICINA - CONCENTRACAO/DOSAGEM 300 MG,FORMA FARMACEUTICA CÁPSULA,FORMADE APRESENTACAO BLISTER OU STRIP,VIA DE ADMINISTRACAO ORAL",CAPSULA,"PDM: 5077 - Clindamicina, Dosagem:300 MG",268436.0,Sim,
https://pncp.gov.br/api/pncp/v1/orgaos/76105634000170/compras/2024/64/itens,1,7221,ANTICONCEPCIONAL SUBCUTÂNEO (IMPLANTE SUBCUTÂNEO LIBERADOR DE ETONOGESTREL),UNIDADE (UNIDADE),"PDM: 7221 - Etonogestrel, Concentração:68 MG, Forma Farmacêutica:Implante Subdérmico",393920.0,Sim,
https://pncp.gov.br/api/pncp/v1/orgaos/01178573000172/compras/2024/58/itens,4,2259,Álcool etílico em Gel 500 ml,Unidade,,,Em dúvida,Falta o teor alcóolico
https://pncp.gov.br/api/pncp/v1/orgaos/10348050000118/compras/2024/42/itens,4585665,1872,"ÁCIDO ASCÓRBICO 100MG/ML, AMPOLA 5 ML",AMP,"PDM: 1872 - Ácido Ascórbico, Dosagem:100 MG/ML, Tipo Uso:Injetável",271687.0,Sim,
https://pncp.gov.br/api/pncp/v1/orgaos/10572048000128/compras/2024/335/itens,2,2259,"(4087828) - ALCOOL ETILICO - CONCENTRACAO/DOSAGEM 70%,FORMA FARMACEUTICA GEL,FORMA DE APRESENTACAO FRASCO OU REFIL,VIA DE ADMINISTRACAO TOPICA",BOL 1000 ML,"PDM: 2259 - Álcool Etílico, Tipo:Hidratado, Teor Alcoólico:70%_(70°Gl), Apresentação:Gel",269943.0,Sim,
https://pncp.gov.br/api/pncp/v1/orgaos/24616187000110/compras/2024/8/itens,1450243,2420,AMIODARONA 50 MG/ML C/3ML,AMPOL,,,Em dúvida,Falta a forma de apresentação
https://pncp.gov.br/api/pncp/v1/orgaos/37465200000120/compras/2024/34/itens,4541484,7662,"ANTISSEPTICO BUCAL - COMPOSTO POR FLUORETO DE SODIO A 0,2%, CORANTE E ESSENCIA OPCIONAL, EMBALADO EM FRASCO COM APROXIMADAMENTE 200ML, CONSTANDO EXTERNAMENTE MARCA COMERCIAL, PROCEDENCIA DE FABRICACAO, VALIDADE MINIMA DE 1 ANO A PARTIR DA DATA DE ENT",FR 200 ML,"PDM: 7662 - Fluoreto De Sódio, Concentração:0,2%, Forma Farmacêutica:Solução Bucal",428105.0,Sim,
https://pncp.gov.br/api/pncp/v1/orgaos/87612867000186/compras/2023/27/itens,7,4677,"CARVEDILOL 6,25MG.",COM,"PDM: 4677 - Carvedilol, Dosagem:6,25 MG",267565.0,Sim,
https://pncp.gov.br/api/pncp/v1/orgaos/07954480000179/compras/2024/11295/itens,10,18216,"CAL HIDRATADA, TRATAMENTO DE AGUA PARA CONSUMO HUMANO, CA(OH)2 - PO SECO NCO OBTIDO PELA HIDRATACAO DE CAL VIRGEM,CONSTITUIDA ESSENCIALMENTE DE HIDROXIDO DE CALCIO E HIDROXIDO DE MAGNESIO, OU AINDA UMA MISTURA DE HIDROXIDO DE CALCIO, HIDROXIDO DE MAGNESIO E OXIDO DE MAGNESIO, EMBALAGEM 1.0 QUILOGRAMAS",EMBALAGEM 1.0 QUILOGRAMAS,,,Não,
https://pncp.gov.br/api/pncp/v1/orgaos/02056729000105/compras/2023/187/itens,1,1289,"BOLSA PRESSÓRICA, MATERIAL: POLIURETANO DENSO, RESISTENTE E TRANSPARENTE. CAPACIDADE ATÉ 500 ML, COMPOSTA POR ALÇA DE FIXAÇÃO AO SUPORTE, GANCHO INTERNO PARA FIXAÇÃO DO FRASCO DE SORO, TORNEIRA 3 VIAS DE ALTO FLUXO, PERA EXTRA GRANDE (COM GRANDE VOLUME DE INSUFLAÇÃO). REUTILIZÁVEL.
",UNIDADE,,,Não,
https://pncp.gov.br/api/pncp/v1/orgaos/15884109000106/compras/2024/28/itens,4451568,1289,FR - FATOR REUMATÓIDE - TURBIDIMÉTRICO  - Reagente utilizado na determinação quantitativa do fator reumatóide no soro ou plasma humano. Metodo ImunoTurbidimetria Colloidal Gold. Acompanhado de calibra,KIT,,,Não,
https://pncp.gov.br/api/pncp/v1/orgaos/01612384000166/compras/2023/7/itens,7,363,ACICLOVIR 50MG/G BISNAGA 10G,Tubo,"PDM: 363 - Aciclovir, Dosagem:50 MG/G, Uso:Creme",268375.0,Sim,
https://pncp.gov.br/api/pncp/v1/orgaos/16886871000194/compras/2023/110/itens,8,2362,Alprazolam 2 Mg Comprimido,comprimido,"PDM: 2362 - Alprazolam, Dosagem:2 MG",284465.0,Sim,
https://pncp.gov.br/api/pncp/v1/orgaos/05054929001350/compras/2023/2/itens,2,6213,"Dimenidrinato + Cloridrato de Piridoxina 50Mg+50Mg/Ml, C/1Ml, Solução Injetavel",AMPOLA,"PDM: 6213 - Dimenidrinato, Apresentação:Associado Com Piridoxina Cloridrato, Dosagem:50mg + 50mg/Ml, Tipo Medicamento:Solução Injetável",272334.0,Sim,
https://pncp.gov.br/api/pncp/v1/orgaos/18192252000125/compras/2023/9/itens,3407090,30002,DEUTETRABENAZINA 6MG REVESTIDO DE LIBERAÇÃO PROLONGADA,UN,"PDM: 30002 - Deutetrabenazina, Concentração:6 MG, Adicional:Liberação Prolongada",483737.0,Sim,
https://pncp.gov.br/api/pncp/v1/orgaos/10572048000470/compras/2023/124/itens,1,6240,"(3747700) - BECLOMETASONA, DIPROPIONATO - CONCENTRACAO/DOSAGEM 50 MCG,FORMA FARMACEUTICA AEROSSOL,FORMA DE APRESENTACAO FRASCO,VIA DE ADMINISTRACAO INALATORIA ORAL","FRASCO SPRAY 200,000 DOSE","PDM: 6240 - Beclometasona Dipropionato, Concentração:50 Mcg/Dose, Forma Farmaceutica:Aerossol Bucal, Característica Adicional:Frasco Doseador C/ Bocal Aerogador",346586.0,Sim,
https://pncp.gov.br/api/pncp/v1/orgaos/48664304000180/compras/2024/235/itens,1,14471,TACROLIMO 0 02     COLIRIO,FRASCO,,,Em dúvida,Falta a concentração (correta)
https://pncp.gov.br/api/pncp/v1/orgaos/49576416000141/compras/2023/128/itens,8,2420,"Amiodarona, cloridrato 50 mg/ml - solução injetável 3 ml",Ampola,"PDM: 2420 - Amiodarona, Dosagem:50mg/Ml, Indicação:Injetável",271710.0,Sim,
https://pncp.gov.br/api/pncp/v1/orgaos/08113896000127/compras/2024/11/itens,1,18063,"ADOÇANTE DIETÉTICO, contendo os seguintes ingredientes: água, sorbitol, edulcorantes artificiais, siclamato de sódio, sacarina, conservantes, ácido benzoico, metilparbeno. não contendo quantidade significativa de carboidrato, proteína, gordura totais, gorduras saturadas, gorduras trans, fibra alimentar e sódio. embalagem com 100ml, aspecto líquido límpido transparente. ingredientes sódicos, com bico dosado.",Unidade,,,Não,
https://pncp.gov.br/api/pncp/v1/orgaos/11312086000104/compras/2024/6/itens,10,363,"ACICLOVIR 50 MG/G, CREME  10 G (5%)",BG,"PDM: 363 - Aciclovir, Dosagem:50 MG/G, Uso:Creme",268375.0,Sim,
https://pncp.gov.br/api/pncp/v1/orgaos/87568911000106/compras/2024/153/itens,8,8000,"GLIBENCLAMIDA - COMPRIMIDO 5mg


<p>CAIXA</p>",UNIDADE (UNIDADE),"PDM: 8000 - Glibenclamida, Dosagem:5 Mg",267671.0,Sim,
https://pncp.gov.br/api/pncp/v1/orgaos/45511847000179/compras/2024/485/itens,4,14226,"CLORIDRATO DE DORZOLAMIDA 2% + MALEATO DE TIMOLOL - CLORIDRATO DE DORZOLAMIDA 2% + MALEATO DE TIMOLOL 0,5%, FRASCO COM 5 ML",Frasco - Fr,"PDM: 14226 - Dorzolamida Cloridrato, Apresentação:Associada Com Timolol, Dosagem:2% + 0,5%, Tipo Medicamento:Solução Oftálmica",272579.0,Sim,
https://pncp.gov.br/api/pncp/v1/orgaos/46172888000140/compras/2023/9/itens,1,1289,"TUBO DE COLETA DE SORO TAMPA VERMELHA TUBO 13 X 75MM; VOLUME 5ML; PRODUTO EM PLASTICO;COR: VERMELHA; ATIVADOR DE COAGULO; TAMPA COM CA-PA PROTETORA, QUE GARANTE SEGURANCA NO TRANSPOR-TE, EVITANDO POSSIVEIS VAZAMENTOS E O CONTATO DOUSUARIO COM A AMOSTRA DE SANGUE; ESTERILIZADO PORRADIACU", UN,,,Não,
https://pncp.gov.br/api/pncp/v1/orgaos/18296699000144/compras/2023/30/itens,1,19967,"Suplemento nutricional oral em pó, formulado com nutrientes essenciais para os idosos como Act3, que é uma combinação única de proteíns (40gr), cálcio (480mg) e vitamina D (11ug) que atua na redução de quedas e fraturas. Possui também Prebio1, que é um composto exclusivo a base de insulina e FOS (frutoligossacarideos) que contribui para o equilibrio da flora intestinal. Contém Epa/Dha e alta quantidade de vitamina do complexo B (folato, B1, B) zinco e selênio para auxiliar no estado nutricional dos pacientes desnutridos ou em risco de desnutrição e melhorar a força e a capacidade funcional. Com embalagem de 740 gramas e sem sabor.",UN,,,Não,
https://pncp.gov.br/api/pncp/v1/orgaos/16928483000129/compras/2024/61/itens,1,8007,"BALA DURA SORTIDA - BALAS DURAS RECHEADAS SORTIDAS,, embalagem de 600g, sabores artificiais de morango e uva, naturais de laranja e limão e idÊntico ao natural de cereja, coloridas artificialmente, açúcar glicose,acidulante ácido citrico, aromas artificiais de morango e uva, naturais de laranja e limão e idÊntico ao natural de cereja, polpa de fruta e corantes artificiais, vermelho 40, amarelo tartrazina e azul indigotina, contém corante amarelo tartrazina , não contém glútén, contendo identificação do produto, marca do fabricante, prazo de validade,",Pacote,,,Não,
https://pncp.gov.br/api/pncp/v1/orgaos/11457539000190/compras/2024/34/itens,5,2100,ADENOSINA 3MG/2ML AMPOLAS,UNID,"PDM: 2100 - Adenosina, Dosagem:3 MG/ML, Indicação:Solução Injetável",278281.0,Sim,
https://pncp.gov.br/api/pncp/v1/orgaos/76021450000122/compras/2024/9/itens,10,6213,DIMENIDRINATO 3 MG/ML + CLORIDRATO DE PIRIDOXINA 5 MG/ML + GLICOSE 100MG/ML + FRUTOSE 100MG/ML - AMPOLA DE 10 ML - CÓDIGO BR0272336,AMP,"PDM: 6213 - Dimenidrinato, Apresentação:Associado Com Piridoxina + Glicose + Frutose, Dosagem:3mg + 5mg + 100mg + 100mg/Ml, Tipo Medicamento:Solução Injetável",272336.0,Sim,
https://pncp.gov.br/api/pncp/v1/orgaos/87612537000190/compras/2023/101/itens,7,350,ALBENDAZOL 400MG - COMPRIMIDO MASTIGÁVEL.,Comprimido,"PDM: 350 - Albendazol, Concentração:400 MG, Forma Farmaceutica:Comprimido Mastigável",459822.0,Sim,
https://pncp.gov.br/api/pncp/v1/orgaos/04929345000185/compras/2023/13/itens,1,12437,"SURFACTANTE PULMONAR 120MG/1,5ML, FRAÇÃO FOSFOLIPÍDICA DE PULMÃO DE PORCO, SUSPENSÃO PARA INSTILAÇÃO ENDOTRAQUEOBRÔNQUICA, FRASCO-AMPOLA COM 1,5ML.",UND,"PDM: 12437 - Surfactante Pulmonar, Composição:Fração Fosfolipídica De Pulmão Porcino, Concentração:80 MG/ML, Forma Farmaceutica:Suspensão Para Instilação Endotraqueobrônquica",353398.0,Sim,
https://pncp.gov.br/api/pncp/v1/orgaos/75904524000106/compras/2024/230/itens,1,2436,"AMOXICILINA 250MG/5ML + CLAVULANATO 62,5MG/5ML - PÓ PARA SUSPENSÃO ORAL - FRASCO 75ML APÓS RECONSTITUIÇÃO + COLHER-MEDIDA.",FRASCO (FR),"PDM: 2436 - Amoxicilina, Princípio Ativo:Associada Com Clavulanato De Potássio, Concentração:50 Mg/Ml + 12,5 MG/ML, Forma Farmacêutica:Suspensão Oral",448841.0,Sim,
https://pncp.gov.br/api/pncp/v1/orgaos/09084088000141/compras/2024/3/itens,8,1872,ÁCIDO ASCÓRBICO	5ML- 100MG/ML - AMPOLA,Ampola,"PDM: 1872 - Ácido Ascórbico, Dosagem:100 MG/ML, Tipo Uso:Injetável",271687.0,Sim,
https://pncp.gov.br/api/pncp/v1/orgaos/46582185000190/compras/2024/7/itens,3,5130,"Ambroxol, cloridrato de - Xarope adulto 30 mg/5ml (6mg/ml) - Frasco de 100 ou 120 ml",FRA,"PDM: 5130 - Ambroxol, Composição:Sal Cloridrato, Concentração:6 MG/ML, Forma Farmacêutica:Xarope",446263.0,Sim,
https://pncp.gov.br/api/pncp/v1/orgaos/01640339000115/compras/2022/8/itens,8,4720,Cefalexina suspensão 250mg/5ml 60ml frasco,UNIDADE,"PDM: 4720 - Cefalexina, Dosagem:50 MG/ML, Forma Farmacêutica:Pó P/ Suspensão Oral",331555.0,Sim,
https://pncp.gov.br/api/pncp/v1/orgaos/18017384000110/compras/2024/58/itens,4,18272,ARIPIPRAZOL 1MG/ML SUSPENSÃO ORAL 150ML - ARIPIPRAZOL 1MG/ML SUSPENSÃO ORAL 150ML,Frasco,"PDM: 18272 - Aripiprazol, Concentração:1 MG/ML, Forma Farmacêutica:Suspensão Oral",472780.0,Sim,
https://pncp.gov.br/api/pncp/v1/orgaos/55356653000108/compras/2024/2/itens,1,1726,"LISDEXANFETAMINA DIMESILATO, CONCENTRAÇÃO:50 MG, CÁPSULA",UNID,"PDM: 1726 - Lisdexanfetamina Dimesilato, Concentração:50 MG",407327.0,Sim,
https://pncp.gov.br/api/pncp/v1/orgaos/82892365000132/compras/2024/8/itens,1,1289,"TESTE RÁPIDO DE TROPONINA IMUNOCROMATOGRAFICO DE FLUXO LATERAL PARA DETECÇÃO QUALITATIVA DE TROPONINA CARDÍACA (CTNC) EM SORO, PLASMA OU SANGUE TOTAL HUMANO NO NÍVEL IGUAL OU SUPERIOR QUE 1,0 MG/ML. CADA DISPOSITIVO É SELADO INDIVIDUALMENTE CAIXA COM 20 DISPOSITIVOS COM SILÍCO GEL, PIPETA PLÁSTICA DESCARTÁVEL E MANUAL DE INSTRUÇÕES DE USO.",Caixa,,,Não,
https://pncp.gov.br/api/pncp/v1/orgaos/18302299000102/compras/2024/26/itens,8,19416,Rifaximina 550mg   comprimido,COMPRIMIDO,"PDM: 19416 - Rifaximina, Concentração:550 MG",436542.0,Sim,
https://pncp.gov.br/api/pncp/v1/orgaos/13927801000149/compras/2024/52/itens,20001,5200,LEVOMEPROMAZINA 100MG.  CONFORME ANEXO I DO EDITAL.,UNIDADE,"PDM: 5200 - Levomepromazina, Dosagem:100 MG",268129.0,Sim,
https://pncp.gov.br/api/pncp/v1/orgaos/33683822000173/compras/2024/30/itens,87488,2100,"ADENOSINA - CONCENTRACAO/DOSAGEM DE 3MG/ML\, FORMA FARMACEUTICA AMPOLA\, FORMA DE APRESENTACAO EM AMPOLA COM 2ML\, VIA PARENTERAL",un,"PDM: 2100 - Adenosina, Dosagem:3 MG/ML, Indicação:Solução Injetável",278281.0,Sim,
https://pncp.gov.br/api/pncp/v1/orgaos/13937032000160/compras/2024/1132/itens,1,19654,"Dupilumabe adicional: seringa preenchida, concentração: 175, forma farmacêutica: solução injetável",Seringa 2 ML,"PDM: 19654 - Dupilumabe, Concentração:175 MG/ML, Forma Farmacêutica:Solução Injetável, Adicional:Seringa Preenchida",466650.0,Sim,
https://pncp.gov.br/api/pncp/v1/orgaos/03930106000182/compras/2023/99/itens,9,3163,"(ID-116874) AZATIOPRINA, Forma Farmaceutica: comprimido; Concentracao: 50mg.",unidade,"PDM: 3163 - Azatioprina, Concentração:50 MG",268083.0,Sim,
https://pncp.gov.br/api/pncp/v1/orgaos/45122603000102/compras/2023/56/itens,4,1631,COLECALCIFEROL 2.000 UI VITAMINA D (D-PREV),COM,"PDM: 1631 - Colecalciferol, Concentração:2.000 UI",442729.0,Sim,
https://pncp.gov.br/api/pncp/v1/orgaos/12264222000109/compras/2022/2/itens,6,1872,ÁCIDO ASCÓRBICO. CONCENTRAÇÃO/COMPOSIÇÃO: 100 MG/ML. FORMA FARMACÊUTICA: SOLUÇÃO INJETÁVEL. AMPOLA VIDRO AMBAR CONTENDO 5 ML.,UNIDADE,"PDM: 1872 - Ácido Ascórbico, Dosagem:100 MG/ML, Tipo Uso:Injetável",271687.0,Sim,
https://pncp.gov.br/api/pncp/v1/orgaos/87612974000104/compras/2024/36/itens,10,1289,"Soro Fisiológico 0,9% 100 ml. SISTEMA ABERTO.",UNID,,,Em dúvida,
https://pncp.gov.br/api/pncp/v1/orgaos/10871937000196/compras/2023/4/itens,4,1289,"0009429 - BISCOITO DOCE TIPO MARIA: De acordo com as NTA 02 e 48. Os biscoitos ou bolachas deverão ser fabricados a partir de matérias primassãs e limpas, sem corantes, isentas de matéria terrosa, parasitos e de detritos animais e vegetais, devendo estar em perfeito estado de conservação. São rejeitados os biscoitos ou bolachas mal cozidos, queimados, de caracteres organolépticos anormais. Não é tolerado o emprego de substâncias corantes na confecção dos biscoitos ou bolachas, excetuando-as tão somente nos revestimentos e recheios açucarados (glacês). Os corantes amarelos não são tolerados mesmo nos recheios e revestimentos açucarados. A composição básica do biscoito são os seguintes elementos: farinha de trigo, gordura vegetal, amido de milho, sal refinado, aroma artificial e estabilizante lecitina de soja e soro de leite. Embalagem em pacotes contendo 400 g, no rótulo deverá constar a denominação ""biscoito"", seguido de sua classificação e Rotulagem Nutricional Obrigatória. Validade: No mínimo 4 (quatro) meses a partir da data de entrega. A data de validade deverá constar da embalagem primária e da embalagem secundária.",Pacote,,,Não,
https://pncp.gov.br/api/pncp/v1/orgaos/46195079000154/compras/2021/22/itens,2,2025,ACIDO ACETIL SALICILICO LIBERACAO ENTERICA 100 MG,UN,,,Em dúvida,"O medicamento existe, mas o código PDM está errado."
https://pncp.gov.br/api/pncp/v1/orgaos/45290418000119/compras/2024/5/itens,4,2259,"Lote 1 - Álcool etílico 92° INPM. Composição: Álcool etílico e água, PH entre ± 6 a 8, embalado em frasco plástico contendo 1 litro. O produto deverá possuir notificação / registro na ANVISA MS e constar na embalagem informações de acordo com a legislação vigente.",Frasco,,,Em dúvida,Falta teor alcóolico (correto)
https://pncp.gov.br/api/pncp/v1/orgaos/05257555000137/compras/2023/56/itens,9,1289,"CREATININA AUTOMAÇÃO - conjunto de reagentes líquidos contendo RGT1 (1x200 mL), RGT2 (1x50 mL) e STD (1x10 mL),  com realização de 250 testes para determinação cinética de creatinina presente no soro, plasma ou urina. Certificação da ANVISA para comercialização e uso.",Kit,,,Não,
https://pncp.gov.br/api/pncp/v1/orgaos/46588950000180/compras/2024/516/itens,2,1249,"BICARBONATO DE SÓDIO 8,4% - SOL INJETÁVEL - FR 250 ML",FRASCO 250ML,"PDM: 1249 - Bicarbonato De Sódio, Dosagem:8,4%, Uso:Solução Injetável",268222.0,Sim,
https://pncp.gov.br/api/pncp/v1/orgaos/76288760000108/compras/2024/211/itens,1464410,5087,"Clonazepam, 2mg",CPR,"PDM: 5087 - Clonazepam, Dosagem:2 MG",270119.0,Sim,
https://pncp.gov.br/api/pncp/v1/orgaos/12259040000131/compras/2024/15/itens,2,12335,"FÓRMULA INFANTIL PARA LACTENTES DE 6 A12 MESES. POSSUI 100% DE LASCTOSE, SULFATO DE MAGNESIO E SUPLEMENTADA, ACIDO LINOLEICO E A-LINOLENICO, PERCURSORES DO ARA E DHA, VALIDADE MÍNIMA DE 12 MESES A PARTIR DA DATA DE ENTREGA. 800G",UNIDADE,,,Não,
https://pncp.gov.br/api/pncp/v1/orgaos/11664440000160/compras/2024/1/itens,6,1824,ACETILCISTEINA 600 MG 16 SACHÊS,CX,,,Em dúvida,Falta a forma farmacêutica
https://pncp.gov.br/api/pncp/v1/orgaos/45739083000173/compras/2023/149/itens,3,2595,SOROCLONE ANTI-D RH 85% ANTICORPO MONOCLONAL HUMANO PARA DETERMINAR ANTÍGENO-D EM LÂMINA OU TUBO FRASCO COM 10 ML,FCO,,,Em dúvida,Falta o tipo
https://pncp.gov.br/api/pncp/v1/orgaos/07679723000108/compras/2022/1/itens,2,1289,"ACHOCOLATADO PRONTO LIQUIDO - ingredientes básicos Leite integral reconstituído, açúcar, soro de leite em pó, cacau em pó, água, minerais (cálcio, ferro e zinco), vitaminas (A,B1,B2,B6,C,E e PP), sal, espessantes e estabilizante embalagem TP de 200 ml . Rotulagem de acordo com as normas da  ANVISA . Validade mínima de 90 dias da data entrega do produto.",Unid.,,,Não,
https://pncp.gov.br/api/pncp/v1/orgaos/05816630000152/compras/2024/3140/itens,1249428,30028,"VOSORITIDA, 0,56 mg po liofilo solucao injetavel subcutanea frasco ampola.",Un,"PDM: 30028 - Vosoritida, Concentração:0,56 MG, Forma Farmacêutica:Pó Liófilo P/ Injetável + Diluente",485300.0,Sim,
https://pncp.gov.br/api/pncp/v1/orgaos/15465016000147/compras/2024/14/itens,1411584,12315,SULFAMETOXAZOL + TRIMETOPRIMA 200MG + 40MG/5ML frasco de 100ml suspencaoSULFAMETOXAZOL + TRIMETOPRIMA 200MG + 40MG/5ML frasco de 100ml suspencao,FRASCO,,,Em dúvida,Dosagem não existe no CATMAT
https://pncp.gov.br/api/pncp/v1/orgaos/07954480000179/compras/2024/10462/itens,8,5254,"TRAMADOL CLORIDRATO + PARACETAMOL, 37,5MG + 325,0MG, COMPRIMIDO, UNIDADE 1.0 COMPRIMIDO",UNIDADE 1.0 COMPRIMIDO,,,Em dúvida,Composição não existe para o codigo PDM
https://pncp.gov.br/api/pncp/v1/orgaos/03507415000225/compras/2024/208/itens,1364,9705,METOTREXATO 25MG/ML SOLUÇÃO INJETÁVEL. FRASCO- AMPOLA DE 2ML.,FA,"PDM: 9705 - Metotrexato, Dosagem:25 MG/ML, Forma Farmacêutica:Solução Injetável",292249.0,Sim,
https://pncp.gov.br/api/pncp/v1/orgaos/01409580000138/compras/2024/1228/itens,9,5090,"Bissulfato De Clopidogrel, 75 Mg Com Rev Ct Bl Al Plas Trans X 30",UNIDADE,"PDM: 5090 - Clopidogrel, Dosagem:75 MG",272045.0,Sim,
https://pncp.gov.br/api/pncp/v1/orgaos/07954480000179/compras/2023/1286/itens,6,16486,"MEPIVACAINA CLORIDRATO, 3%  30MG/ML, SOLUCAO INJETAVEL, CARPULE 1,8ML, EMBALAGEM 1.0 UNIDADE",EMBALAGEM 1.0 UNIDADE ,"PDM: 16486 - Mepivacaína Cloridrato, Concentração:3%, Forma Farmacêutica:Solução Injetável",357788.0,Sim,
https://pncp.gov.br/api/pncp/v1/orgaos/10637926000146/compras/2024/37/itens,7,17357,"Clorexidina Digluconato dosagem: 2%, aplicação: degermante Vacina inativada contra circovirose e pneumonia enzoótica suína. Composição: Proteína ORF2 de circovírus suíno tipo 2 com potência relativa ≥ 1,3 por dose e células inteiras inativadas de Mycoplasma hyopneumoniae com potência relativa ≥ 1,2 por dose.",Frasco 100 ML,"PDM: 17357 - Clorexidina Digluconato, Dosagem:2%, Aplicação:Degermante",269876.0,Sim,
https://pncp.gov.br/api/pncp/v1/orgaos/03930106000182/compras/2024/47/itens,8,6030,"(ID-141635) DACARBAZINA, Forma Farmaceutica: po liofilizado para solucao injetavel; Concentracao: 200mg; Unidade de fornecimento: frasco ampola.",unidade,"PDM: 6030 - Dacarbazina, Concentração:200 MG, Uso:Injetável",270438.0,Sim,
https://pncp.gov.br/api/pncp/v1/orgaos/00394544000185/compras/2023/856/itens,1,14467,Canaquinumabe,Frasco-Ampola,"PDM: 14467 - Canaquinumabe, Concentração:150 MG, Forma Farmacêutica:Pó Liófilo P/ Injetável",395517.0,Sim,
https://pncp.gov.br/api/pncp/v1/orgaos/75442756000190/compras/2022/9/itens,7,6168,Diazepam 10mg/ml solução injetável BR0395147,AMPOLA,"PDM: 6168 - Diazepam, Concentração:10 MG/ML, Forma Farmaceutica:Solução Injetável",395147.0,Sim,
https://pncp.gov.br/api/pncp/v1/orgaos/29115466000114/compras/2024/13/itens,8,3503,"AZEITONAS VERDES COM CAROÇO. PRODUTO OBTIDO D 


AZEITONAS VERDES COM CAROÇO. Produto obtido do fruto da azeitona. Ingredientes: Azeitonas verdes com caroço. Ingredientes: salmoura (água e sal), conservadores benzoato de sódio e sorbato de potássio e antioxidantes ácido cítrico e ácido iaascórbico. Características organolépticas: Odor: Isentas de odor e sabores anormais; Cor: Varia do verde e amarelo palha; Sabor: Característico da variedade; Aspecto: Frutos sãos, limpos, sem mistura de variedades; Textura: Firmes, sãs e resistentes a uma suave pressão dos dedos. Embalagem contendo identificação do produto, ingredientes, valor nutricional, peso, lote, data de fabricação e validade. Apresentação: Peso líquido 800 g, Peso drenado: 500 g. Validade mínima de 12 (doze) meses a contar da data da entrega.",Unidade,,,Não,
https://pncp.gov.br/api/pncp/v1/orgaos/75476556000158/compras/2022/47/itens,3,351,"AMINOFILINA, DOSAGEM:24 MG/ML, FORMA FARMACÊUTICA:SOLUÇÃO INJETÁVEL AMPOLA 10ML",AMPOLA,"PDM: 351 - Aminofilina, Dosagem:24 MG/ML, Forma Farmacêutica:Solução Injetável",292402.0,Sim,
https://pncp.gov.br/api/pncp/v1/orgaos/05846254000149/compras/2024/13/itens,3,1851,"(ID-100286) BOTA HIGIENICA PARA PEDICURE, Descricao: Com creme hidratante, queratina e calcio, previne micoses e e anti-germes, Para uso: Profissional, Cada par de bota acompanha, uma mini-lixa e um palito, Unidade de Fornecimento: Caixa contendo 25 pares.",unidade,,,Não,
https://pncp.gov.br/api/pncp/v1/orgaos/12259040000131/compras/2024/29/itens,4,1824,Acetilcisteina - adulto 40 mg/ml  frasco - 120ml,UNIDADE,"PDM: 1824 - Acetilcisteína, Concentraçao:40 MG/ML, Forma Farmaceutica:Xarope",355786.0,Sim,
https://pncp.gov.br/api/pncp/v1/orgaos/46439683000189/compras/2024/18/itens,4,363,ACICLOVIR - MEDICAMENTOS GERAIS DE USO HUMANO; ACICLOVIR 200MG; FORMA FARMACÊUTICA CÁPSULA/COMPRIMIDO/COMPRIMIDO REVESTIDO/DRÁGEA; FORMA DE APRESENTAÇÃO CÁPSULA/COMPRIMIDO/COMPRIMIDO REVESTIDO/DRÁGEA; VIA DE ADMINISTRAÇÃO ORAL,CO,"PDM: 363 - Aciclovir, Dosagem:200 MG",268370.0,Sim,
https://pncp.gov.br/api/pncp/v1/orgaos/07954480000179/compras/2024/4243/itens,3,1289,"TESTE, PARA REALIZACAO DE FOCALIZACAO ISOELETRICA EM LIQUOR E SORO EM EQUIPAMENTO TOTALMENTE AUTOMATIZADO, UNIDADE 1.0 TESTE",UNIDADE 1.0 TESTE,,,Não,
https://pncp.gov.br/api/pncp/v1/orgaos/01609843000152/compras/2024/152/itens,2,15458,"Manutenção preventiva em Câmara de Vacina, série: 2019.0677, com troca de 01",UNIDADE,,,Não,
https://pncp.gov.br/api/pncp/v1/orgaos/30753960000193/compras/2024/17/itens,2,18239,"ESTAÇÕES DE HIDRATAÇÃO TIPO BEBEDOURO, EQUIPADA COM MODULO DE ÁGUA GELADA, ÁGUA QUENTE E ÁGUA PARA ""PET'S"" A SER UTILIZADO EM EVENTOS APOIADOS PELA VISAN.

A ESTAÇÃO DEVERÁ POSSUIR AS SEGUINTES CARACTERÍSTICAS MÍNIMAS:

	ESTRUTURA DO EQUIPAMENTO EM ALUMÍNIO NAVAL/AÇO INOX, MEDINDO NO MÍNIMO: 1.500MM X 800MM X 360MM.

	LATERAIS EM GALVALUME COM PINTURA ELETROSTÁTICA.

	FORMAS ARREDONDADAS E SEM ARESTAS EVITANDO CORTES TRAZENDO MAIOR SEGURANÇA AO USUÁRIO.

	ACIONAMENTO ATRAVÉS DE BOTOEIRAS OU PEDAL.

	ATENDER A NORMATIVA DE ACESSIBILIDADE CONFORME NBR 9050.

	POSSUIR CERTIFICADO INMETRO CONFORME PORTARIA 102/2022.

	SAÍDAS DE ÁGUA RESISTENTES A VÂNDALOS POSSUEM PROTETOR INTEGRAL DE CAPÔ E DESIGNER QUE PREVINE CONTAMINAÇÃO DE OUTROS USUÁRIOS, DEPÓSITOS AÉREOS E ADULTERAÇÃO.

	O FLUXO LAMINAR DA ÁGUA DEVERÁ SER COM UM PREENCHIMENTO LIMPO COM O MÍNIMO DE RESPINGOS; IDEAL PARA USO AO AR LIVRE.

	DIMENSÕES BÁSICAS DE FILTRO DE PURIFICAÇÃO CLASSE C COM FÁCIL ACESSO PARA INSPEÇÃO DE SUBSTITUIÇÃO;

	ADESIVO DE IDENTIFICAÇÃO EM DUAS FACES DA ESTAÇÃO, CONFORME A ARTE QUE SERÁ FORNECIDA PELA CONTRATANTE.

	A ESTAÇÃO SERÁ ALIMENTADA ATRAVÉS DE ÁGUA POTÁVEL CONFORME PORTARIA DE CONSOLIDAÇÃO Nº 5 DE 28 DE SETEMBRO DE 2017 DO MINISTÉRIO DA SAÚDE E SUAS ALTERAÇÕES. 

	O ELEMENTO FILTRANTE ADICIONAL, DEVERÁ SER DO TIPO CARTUCHO DE CARVÃO ATIVADO NATURAL E ATÓXICO, FABRICADO ATRAVÉS DE UM RIGOROSO PROCESSO DE INSPEÇÃO DE MATÉRIAS-PRIMAS, POSSUI EFICIÊNCIA MÁXIMA EM DECLORAÇÃO, RETIRADA DE ODORES E SABORES DA ÁGUA, FILTRAGEM DE PARTÍCULAS CLASSE C, CERTIFICADO JUNTO AO INMETRO.

MÓDULO DE ÁGUA GELADA 

	O APARELHO REFRIGERADOR DE ÁGUA DESTINA-SE A FORNECER ÁGUA A UMA TEMPERATURA REGULÁVEL ENTRE A TEMPERATURA AMBIENTE ATÉ 5°C, NÃO SENDO ACEITÁVEL AJUSTES DE TEMPERATURAS MENORES QUE CITADA. O ABASTECIMENTO DA ESTAÇÃO DEVERÁ SER ATRAVÉS DE MANGUEIRA FLEXÍVEL DE POLIETILENO ATÓXICO, DEVERÁ POSSUIR CONEXÕES DE ENGATE RÁPIDO PARA TUBO DE Ø 8MM, E É ACOPLADA À CONEXÃO DE ENTRADA DO APARELHO.

	DEVERÁ POSSUIR RESERVATÓRIO DE ÁGUA DE NO MÍNIMO 10 LITROS,...",UNIDADE (UN),,,Não,
https://pncp.gov.br/api/pncp/v1/orgaos/33781055000135/compras/2024/917/itens,1,15458,"Vacina composição: sarampo, caxumba, rubéula e varicela, tipo: atenuada, forma farmaceutica: pó liófilo p/ injetável + diluente",Doses,"PDM: 15458 - Vacina, Composição:Sarampo, Caxumba, Rubéula E Varicela, Tipo:Atenuada, Forma Farmaceutica:Pó Liófilo P/ Injetável + Diluente",453090.0,Sim,
https://pncp.gov.br/api/pncp/v1/orgaos/02056729000105/compras/2024/391/itens,2,12335,"SULFATO DE MAGNÉSIO - ADUBO QUÍMICO, ASPECTO FÍSICO: HIDROSSOLÚVEL FORMULADO, COMPOSIÇÃO BÁSICA: SULFATO DE MAGNÉSIO (MG 9%) E (S 12%). CARACTERÍSTICAS ADICIONAIS: ENSACADO. FORMULA QUÍMICA: MGSO4.7H2O. APLICAÇÃO: AGRICULTURA.",KG,,,Não,
https://pncp.gov.br/api/pncp/v1/orgaos/83024240000153/compras/2023/12/itens,1,5118,"SAL REFINADO
<p>Sal refinado com no mínimo 1kg, sal refinado, iodado, ingredientes: cloreto de sódio, iodato de potassio, antiumectante, com granulação uniforme e com cristais brancos, com no mínimo 98,5% de cloreto de sódio e com dosagem de sais de iodo de no mínimo 10mg e no máximo 15mg por Kg de acordo com a Legislação Federal Específica, não contendo glúten, acondicionado em embalagem plástica de polipropileno, resistente e transparente de 1Kg, original do fabricante, com especificações do produto, informações do fabricante, prazo de validade e lote, produto isento de registro no Ministério da Agricultura - Serviço de Inspeção Federal.</p>",UNIDADE (UN),,,Não,
https://pncp.gov.br/api/pncp/v1/orgaos/45301652000102/compras/2024/169/itens,8,6577,"ENOXAPARINA SODICA 80 MG/0,8 ML",AMPOLA,"PDM: 6577 - Enoxaparina, Concentração:100 MG/ML, Forma Farmaceutica:Solução Injetável, Características Adicionais 1:Seringa Preenchida",448982.0,Sim,
https://pncp.gov.br/api/pncp/v1/orgaos/87344016000108/compras/2024/201/itens,7,11744,RIFAMICINA SPRAY 20 ML,UN,"PDM: 11744 - Rifamicina, Dosagem:10 MG/ML, Indicação:Spray",271140.0,Sim,
https://pncp.gov.br/api/pncp/v1/orgaos/11206759000141/compras/2022/1/itens,6,1289,AMILASE - SORO,UNID.,,,Não,
https://pncp.gov.br/api/pncp/v1/orgaos/32001836000105/compras/2023/56/itens,6,16344,"Kit Cimento endodôntico líquido 10ml + pó obturador à base de óxido de zinco e eugenol 12g, Fina granulação - validade mínima 18 meses a partir da data de entrega",KIT,,,Não,
https://pncp.gov.br/api/pncp/v1/orgaos/45781176000166/compras/2024/155/itens,5,15286,DIVALPROATO DE SÓDIO COM LIBERAÇÃO PROLONGADA DE 500MG,COMPRIMIDO,"PDM: 15286 - Divalproato De Sódio, Concentração:500 MG, Forma Farmacêutica:Liberação Prolongada",352912.0,Sim,
https://pncp.gov.br/api/pncp/v1/orgaos/82951351000142/compras/2024/158/itens,1,363,"Antivirais Aciclovir 40 mg/ml, suspensão oral, frasco 50 ml",Frasco,"PDM: 363 - Aciclovir, Concentração:40 MG/ML, Forma Farmaceutica:Solução Oral, Adicional:Formulação Especialmente Manipulada",438418.0,Sim,
https://pncp.gov.br/api/pncp/v1/orgaos/18457234000128/compras/2024/7/itens,4097600,2259,ALCOOL ETILICO HIDRATADO 70% - 1 LT,L,,,Em dúvida,Falta a forma farmacêutica
https://pncp.gov.br/api/pncp/v1/orgaos/18659334000137/compras/2024/58/itens,4,2100,ADENOSINA 3MG/ML AMPOLA 2ML SOLUÇÃO INJETÁVEL,UNIDADE (UN.),"PDM: 2100 - Adenosina, Dosagem:3 MG/ML, Indicação:Solução Injetável",278281.0,Sim,
https://pncp.gov.br/api/pncp/v1/orgaos/32001836000105/compras/2023/155/itens,10,5086,Clomipramina de 25 mg,COMPRIMIDO,"PDM: 5086 - Clomipramina, Dosagem:25 MG",267522.0,Sim,
https://pncp.gov.br/api/pncp/v1/orgaos/45780103000150/compras/2023/150/itens,3,8007,"Cota Principal    - GLICOSE 25%, INJETAVEL 10 ML",AMPOLA,"PDM: 8007 - Glicose, Concentração:25%, Indicação:Solução Injetável",267540.0,Sim,
https://pncp.gov.br/api/pncp/v1/orgaos/75969881000152/compras/2024/32/itens,3,1289,"ACHOCOLATADO EM PÓ 400 GR  


INSTANTÂNIO CONTENDO OS SEGUINTES INGREDIENTES BÁSICOS: AÇÚCAR, CACAU EM PÓ, SORO DELEITE, AROMA NATURAL DE CHOCOLATE, SEM CORANTES ARTIFICIAIS, SEM GLÚTEM. EMBALAGEM PACOTE DE 400 GRAMAS, EM POLIETILENO ATÓXICO, TRANSPARENTE, LEITOSA OU ALUMINIZADA, RESISTENTE, ACONDICIONADO EM CAIXA DE PAPELÃO, COM DATA DE FABRICAÇÃO E PRAZO DE VALIDADE NO MÍNIMO 08 MESES.  


",UNIDADE,,,Não,
https://pncp.gov.br/api/pncp/v1/orgaos/45780103000150/compras/2024/944/itens,7,6213,"Cota Principal    - DIMENIDRINATO 50 MG/ML+PIRIDOXINA 50 MG/ML,IM,INJETAVEL 1 ML",AMPOLA,"PDM: 6213 - Dimenidrinato, Apresentação:Associado Com Piridoxina Cloridrato, Dosagem:50mg + 50mg/Ml, Tipo Medicamento:Solução Injetável",272334.0,Sim,
https://pncp.gov.br/api/pncp/v1/orgaos/07891674000172/compras/2024/68/itens,1,1872,ACIDO ASCÓRBICO 100 MG/5ML (VIT C),AMPOLA,,,Em dúvida,dosagem distinta das disponíveis
https://pncp.gov.br/api/pncp/v1/orgaos/11463194000188/compras/2024/56/itens,3,6143,"DEXAMETASONA ELIXIR 0,1MG/ML",FR,"PDM: 6143 - Dexametasona, Dosagem:0,1 MG/ML, Apresentação:Elixir",268243.0,Sim,
https://pncp.gov.br/api/pncp/v1/orgaos/46374500000194/compras/2024/3565/itens,5,15087,Rilmenidina,Comprimido,"PDM: 15087 - Rilmenidina, Dosagem:1 Mg",275944.0,Sim,
https://pncp.gov.br/api/pncp/v1/orgaos/23515703000158/compras/2023/8/itens,5,5400,"Amalgama Cápsula 1 porção presa regular com 50 cápsulas, isento de zinco, sem gama 2Amalgama Cápsula 1 porção presa regular com 50 cápsulas, isento de zinco, sem gama 2",FRS,,,Não,
https://pncp.gov.br/api/pncp/v1/orgaos/03184041000173/compras/2023/8/itens,1201299,8256,PIRFENIDONA 267MG (COMPRIMIDO),UN,"PDM: 8256 - Pirfenidona, Concentração:267 MG",434252.0,Sim,
https://pncp.gov.br/api/pncp/v1/orgaos/19296278000186/compras/2024/14/itens,3,351,"Aminofilina . Especificação: 24mg, ampolas de 10ml.",UND,"PDM: 351 - Aminofilina, Dosagem:24 MG/ML, Forma Farmacêutica:Solução Injetável",292402.0,Sim,
https://pncp.gov.br/api/pncp/v1/orgaos/45731650000145/compras/2024/40/itens,5,30081,"SUPLEMENTO ALIMENTAR DE COLAGENO UC TIPO II 40 MG E ACIDO HIALURONICO 157,7 MG CONDRESS AH",CX,,,Em dúvida,o PDM indica apenas o ácido
https://pncp.gov.br/api/pncp/v1/orgaos/65042855000120/compras/2024/15/itens,3,354,ACIDO FÓLICO 5MG COMPRIMIDOS,CP,"PDM: 354 - Ácido Fólico, Dosagem:5 MG",267503.0,Sim,
https://pncp.gov.br/api/pncp/v1/orgaos/75828418000190/compras/2023/47/itens,3,2259,"Álcool etílico hidratado - para uso geral - 70º INPM, com registro do responsável químico, registro no In Metro, com data de envasamento, nº de lote e validade (mínima de 06 meses contando a partir da data de entrega) na embalagem, com tampa de rosca para facilitar o manuseio, com sac da empresa. Frasco plástico de 1000 ml.",Frasco,"PDM: 2259 - Álcool Etílico, Tipo:Hidratado, Teor Alcoólico:70%_(70°Gl), Apresentação:Líquido",269941.0,Sim,
https://pncp.gov.br/api/pncp/v1/orgaos/13016717000173/compras/2024/9/itens,7,5275,Clorpromazina 40MG/ML - 20ML Frasco,Frasco,"PDM: 5275 - Clorpromazina, Concentração:40 MG/ML, Forma Farmaceutica:Solução Oral - Gotas",340207.0,Sim,
https://pncp.gov.br/api/pncp/v1/orgaos/47018676000176/compras/2024/86/itens,2,2436,Amoxicilina 500mg + clavulanato de potássio 125mg - Comprimido,Comprimido,"PDM: 2436 - Amoxicilina, Princípio Ativo:Associada Com Clavulanato De Potássio, Concentração:500mg + 125mg",271217.0,Sim,
https://pncp.gov.br/api/pncp/v1/orgaos/17894056000130/compras/2024/6/itens,1,11759,Risperidona 1 mg/ml- frasco,FRASCO,"PDM: 11759 - Risperidona, Dosagem:1 MG",272839.0,Sim,
https://pncp.gov.br/api/pncp/v1/orgaos/03507415000810/compras/2022/13/itens,7498,2259,"ÁLCOOL ETÍLICO GELATINOSO, NEUTRO. GRADAÇÃO DE 70ºINPM, INODORO, COM EFEITO BACTERICIDA, ANTISSÉPTICO, PARA HIGIENE DAS MÃOS E PELE. EMBALAGEM DEVE CONTER NOME DO FABRICANTE, RESPONSÁVEL TÉCNICO PELO PRODUTO, REGISTRO NA AGÊNCIA NACIONAL DE VIGILÂNCIA SANITÁRIA – ANVISA, DATA DE FABRICAÇÃO E DE VENCIMENTO. DISPONIBILIZADO EM RECIPIENTES DE 5L (CINCO LITROS). UNIDADE.",UNIDADE,"PDM: 2259 - Álcool Etílico, Tipo:Hidratado, Teor Alcoólico:70%_(70°Gl), Apresentação:Gel",269943.0,Sim,
https://pncp.gov.br/api/pncp/v1/orgaos/45358249000101/compras/2024/1642/itens,1,5097,CLORANFENICOL 250MG + TETRACICLINA 250MG CÁPSULAS - FÓRMULA,CPS,,,Em dúvida,não há associado a segunda droga
https://pncp.gov.br/api/pncp/v1/orgaos/01397083000167/compras/2024/45/itens,7,5130,Ambroxol xarope,FR,,,Em dúvida,"PDM: 5130 - Ambroxol, Composição:Sal Cloridrato, Concentração:3 MG/ML, Forma Farmacêutica:Xarope"
https://pncp.gov.br/api/pncp/v1/orgaos/76208826000102/compras/2022/5/itens,2,14456,ACEBROFILINA 5MG/ML XAROPE INFANTIL FRASCO 120ML,FR,"PDM: 14456 - Acebrofilina, Concentração:5 MG/ML, Forma Farmaceutica:Xarope",448838.0,Sim,
https://pncp.gov.br/api/pncp/v1/orgaos/18401059000157/compras/2024/43/itens,2,2405,AMISSULPRIDA 200 MG,Comprimido,"PDM: 2405 - Amissulprida, Concentração:200 MG",401321.0,Sim,
https://pncp.gov.br/api/pncp/v1/orgaos/11055682000156/compras/2023/279/itens,3,1289,"BOLSA PRESSURIZADORA PARA INFUSÃO DE LÍQUIDOS (SANGUE E SORO), SOB PRESSÃO CONSTANTE, CONFECCIONADA EM MATERIAL SINTÉTICO, IMPERMEÁVEL, RESISTENTE E DURÁVEL. POSSUIR ALÇA DE FIXAÇÃO AO FRASCO E AO SUPORTE DE SORO. TUBO DE BORRACHA E VÁLVULA DE PRESSÃO RESISTENTE, PARA ACOMODAÇÃO DE FRASCOS DE 500ML, QUE CONTENHA PERA E INDICADOR DE PRESSÃO. CONTER REGISTRO NA ANVISA.",UNIDADE (UN),,,Não,
https://pncp.gov.br/api/pncp/v1/orgaos/07954480000179/compras/2024/4250/itens,6,19417,"OBINUTUZUMABE, SOLUCAO PARA DILUICAO PARA INFUSAO, FRASCO AMPOLA 40ML, 1000MG, UNIDADE 1.0 FRASCO / AMPOLA",UNIDADE 1.0 FRASCO / AMPOLA,"PDM: 19417 - Obinutuzumabe, Concentração:25 MG/ML, Forma Farmacêutica:Solução Injetável",436546.0,Sim,
https://pncp.gov.br/api/pncp/v1/orgaos/12008540000109/compras/2023/50/itens,1,17910,TESTE DO HIDROGENIO EXPIRADO (LACTOSE/FRUTOSE/SORBITOL),UN,,,Item não consta no CATMAT,
https://pncp.gov.br/api/pncp/v1/orgaos/46223699000150/compras/2024/2328/itens,1,15279,PROGESTERONA,CX,,,Dosagem não especificada,
https://pncp.gov.br/api/pncp/v1/orgaos/79373767000116/compras/2024/53/itens,1345206,2259,"ALCOOL ETILICO HIDRATADO EM GEL, TRANSPARENTE, INODORO, PARA ASSEPSIA DAS MAOS COM AGENTE UMECTANTEE SECAGEM RAPIDA, EMBALAGEM TIPO REFIL, CONTENDO 5 LITROS, COM REGISTRO DO RESPONSAVEL QUIMICO E REGISTRO NO INMETRO",GALAO,"PDM: 2259 - Álcool Etílico, Tipo:Hidratado, Teor Alcoólico:70%_(70°Gl), Apresentação:Gel",269943.0,Sim,
https://pncp.gov.br/api/pncp/v1/orgaos/18008870000172/compras/2024/165/itens,2,5400,"MEDALHAS  300 unidades de medalhas em metal-zinco com banho metálico na cor prata, bordas com ramo em baixo relevo, personalizadas com a logo resinada, fitas sublimada com logos e inscrições da Secretaria Municipal de Esporte e Lazer com 82 cm impressão frente e verso sem limite de cores. (arte a enviar) Altura: 6.50 cm Largura: 6.00 cm Comprimento: 45.00 cm Peso: 30 g",UN,,,Não,
https://pncp.gov.br/api/pncp/v1/orgaos/01611538000103/compras/2024/900/itens,10,2259,Alcool 70    Etilico Hidratado 70 INPM. Desinfetante e Anti septico Hospitalar. Registro na ANVISA.,Litro,"PDM: 2259 - Álcool Etílico, Tipo:Hidratado, Teor Alcoólico:70%_(70°Gl), Apresentação:Líquido",269941.0,Sim,
https://pncp.gov.br/api/pncp/v1/orgaos/75476556000158/compras/2024/122/itens,9,2436,"AMOXICILINA, PRINCÍPIO ATIVO: ASSOCIADA COM CLAVULANATO DE POTÁSSIO, CONCENTRAÇÃO:500MG + 125MG COMPRIMIDO - CÓDIGO BR: 0271217",UNIDADE,"PDM: 2436 - Amoxicilina, Princípio Ativo:Associada Com Clavulanato De Potássio, Concentração:500mg + 125mg",271217.0,Sim,
https://pncp.gov.br/api/pncp/v1/orgaos/10572048000209/compras/2024/170/itens,2,6223,"(3401502) - ISOSSORBIDA, MONONITRATO - CONCENTRACAO/DOSAGEM 20 MG,FORMA FARMACEUTICA CAPSULA OU COMPRIMIDO,VIA DE ADMINISTRACAO ORAL",COMP,"PDM: 6223 - Isossorbida, Princípio Ativo:Sal Mononitrato, Dosagem:20 MG",273400.0,Sim,
https://pncp.gov.br/api/pncp/v1/orgaos/18239590000175/compras/2023/15/itens,4,1289,SORO GLICOSADO 5% - 500ML SISTEMA FECHADO,UNIDADE,,,Não,
https://pncp.gov.br/api/pncp/v1/orgaos/09332615000190/compras/2024/121/itens,5,1824,ACETILCISTEÍNA 40MG/ML XAROPE 120ML ATENÇÃO BASICA/ HOSPITALAR,UN,"PDM: 1824 - Acetilcisteína, Concentraçao:40 MG/ML, Forma Farmaceutica:Xarope",355786.0,Sim,
https://pncp.gov.br/api/pncp/v1/orgaos/76958966000106/compras/2023/1/itens,3,10242,"OXCARBAZEPINA, DOSAGEM:300 MG. COMPRIMIDO. BR0273257",COMPRIMIDO (CMP),"PDM: 10242 - Oxcarbazepina, Dosagem:300 MG",273257.0,Sim,
https://pncp.gov.br/api/pncp/v1/orgaos/27167410000188/compras/2024/102/itens,10,5400,"Lote 1 - PERFIL BATENTE PARA PORTA DE DIVISORIA COM 86 CM NA COR BRANCO Fabricados em aco liga, zincado tipo B (massa de zinco depositada nas duas faces) 260g/m2, conforme NBR 7008 e ABNT. Perfis de aco perfilados, pintados em epoxi a po por eletrodeposicao. Cor Branco.",Unidade,,,Não,
https://pncp.gov.br/api/pncp/v1/orgaos/88860366000181/compras/2024/42/itens,6,17708,DIPIRONA SODICA 500MG ML AMP 2ML,AMPOLAS,"PDM: 17708 - Dipirona Sódica, Dosagem:50 MG/ML, Apresentação:Solução Oral",267206.0,Sim,
https://pncp.gov.br/api/pncp/v1/orgaos/18008193000192/compras/2024/12/itens,5,2259,"ALCOOL LÍQUIDO ETÍLICO 96º 1 LITRO - ACONDICIONADO EM FRASCO DE 1 LITRO, ÁLCOOL ETÍLICO PARA LIMPEZA COM TEOR ALCOÓLICO ENTRE 95,1 A 96 GL, VOL/VOL OU 92,6 A 93,8 INPM P/P A 15 GRAUS CENTIGRADOS, COMPOSTO DE ÁLCOOL ETÍLICO, BENZOATO DE DENATÔNIO E ÁGUA, SOLUBILIDADE EM ÁGUA, COR INCOLOR, AROMA CARACTERÍSTICO, COM SELO DO INMETRO, COM DADOS DE IDENTIFICAÇÃO DO PRODUTO, MARCA DO FABRICANTE, QUÍMICO RESPONSÁVEL, INDICAÇÕES E PRECAUÇÕES DE USO, COMPOSIÇÃO, INFORMAÇÃO E DATA DE FABRICAÇÃO. VALIDADE MÍNIMA DE 12 MESES, CONTADOS DA DATA DO RECEBIMENTO DEFINITIVO. EMBALADO CAIXA FECHADA COM 12 UNIDADES DE 1 LITRO CADA.",Caixa,"PDM: 2259 - Álcool Etílico, Teor Alcoólico:Absoluto, Mínimo De 95%, Forma Farmacêutica:Solução Injetável",445578.0,Sim,
https://pncp.gov.br/api/pncp/v1/orgaos/19769660000160/compras/2024/27/itens,2,12357,SULFATO FERROSO 125MG/ML (25MG/ML DE FERRO ELEMENTAR) SOLUÇÃO ORAL,UNIDADE,"PDM: 12357 - Sulfato Ferroso, Dosagem Ferro:25mg/Ml De Ferro Ii, Forma Farmacêutica:Solução Oral-Gotas",292345.0,Sim,
https://pncp.gov.br/api/pncp/v1/orgaos/46523015000135/compras/2023/177/itens,2,363,ACICLOVIR 250MG (50MG/ML) - FRASCO-AMPOLA COM 5ML,FR-AMP,"PDM: 363 - Aciclovir, Dosagem:250 MG, Uso:Injetável",268374.0,Sim,
https://pncp.gov.br/api/pncp/v1/orgaos/00944673000108/compras/2024/20/itens,2,6382,"CLORIDRATO DE DOPAMINA 5MG/ML 10 ML, A EMBALAGEM DEVERÁ CONTER IDENTIFICAÇÃO, DATA DE FABRICAÇÃO, DATA DE VALIDADE, NÚMERO DE LOTE E REGISTRO NO MINISTÉRIO DA SAÚDE",UNI,"PDM: 6382 - Dopamina, Dosagem:5 Mg/Ml, Apresentação:Solução Injetável",268960.0,Sim,
https://pncp.gov.br/api/pncp/v1/orgaos/01612525000140/compras/2024/52/itens,4549599,8164,"DECANOATO DE HALOPERIDOL 70,52MG/ML",AMPOLA,,,Dosagem não especificada,
https://pncp.gov.br/api/pncp/v1/orgaos/17695032000151/compras/2024/2/itens,2,30049,"Dieta Enteral Líquida com Fibra: Água, maltodextrina, proteína isolada de soja, óleo de canola, triglicerídeos de cadeia média, fibra de soja, goma guar parcialmente hidrolisada, citrato de potássio, fosfato tricálcico, inulina, citrato de sódio, bitartarato de colina, cloreto de potássio, óxido de magnésio, cloreto de magnésio, vitamina C, vitamina E, sulfato ferroso, sulfato de zinco, niacinamida, vitamina A, vitamina K, vitamina D, sulfato de manganês, pantotenato de cálcio, gluconato de cobre, biotina, vitamina B1, vitamina B6, iodeto de potássio, vitamina B2, selenito de sódio, ácido fólico, vitamina B12, cloreto de cromo, molibdato de sódio, antiespumante mono e diglicerídeos de ácidos graxos e polidimetilsiloxano, emulsificante lecitina de soja, aromatizante, estabilizante carragena e corante natural urucum. ALÉRGICOS: CONTÉM SOJA E DERIVADOS. NÃO CONTÉM GLÚTEN. Embalagem Tetra Pak",Unidade,,,Item não consta no CATMAT,
https://pncp.gov.br/api/pncp/v1/orgaos/11607006000148/compras/2024/28/itens,1,1249,"APARELHO CONJUGADO DE ULTRA-SOM PIEZOELÉTRICO E JATO DE BICARBONATO DE SÓDIO PARA PROFILAXIA DO CÁLCULO E DO BIOFILME NÃO MINERALIZADO COM AS SEGUINTES CARACTERÍSTICAS:

-  CORPO COM DIMENSÕES REDUZIDAS, LEVE E DE FÁCIL POSICIONAMENTO PARA O TRABALHO;

-  CONFECCIONADO EM POLIESTIRENO DE ALTO IMPACTO COM ESPESSURA DE 3 MM, COM PLÁSTICO INJETADO, OFERECE ALTA RESISTÊNCIA ESTRUTURAL E À OXIDAÇÃO; 

- PEÇAS METÁLICAS COM PINTURA LISA COM TINTA À BASE DE EPÓXI PERMITE FÁCIL DESINFECÇÃO, SEM QUE OS PRODUTOS ALTEREM A PINTURA DO APARELHO;

- INTERNAMENTE ALOJAM-SE A UNIDADE GERADORA DE ULTRA-SOM, FILTRO DE AR, VÁLVULA DUPLA PNEUMÁTICA, RESERVATÓRIO DE BICARBONATO DE SÓDIO, BOMBA PERISTÁLTICA, SISTEMA DE AR COMPRIMIDO; 

-  EXTERNAMENTE PAINEL CONTENDO LED INDICA QUE O APARELHO ESTÁ ENERGIZADO; CHAVE SELETORA DO ULTRA-SOM OU JATO DE BICARBONATO; 

- CHAVE SELETORA DE POTÊNCIA DO ULTRA-SOM REGULÁVEL EM SETE ESTÁGIOS PERMITE MAIS OU MENOS POTÊNCIA, DEPENDENDO DA MASSA DO CÁLCULO E DE SUA DENSIDADE E OFERECE MAIOR CONFORTO AO PACIENTE DURANTE A REMOÇÃO E CHAVE DE REGULAGEM EM TRÊS NÍVEIS DO VOLUME DO FLUXO IRRIGANTE DO LÍQUIDO DA BOMBA PERISTÁLTICA;

- CIRCUITO ELETRÔNICO COM ESTABILIZADOR DE FREQÜÊNCIA NÃO PERMITE QUE AS OSCILAÇÕES COMUNS DA REDE ELÉTRICA INTERFIRAM NO PADRÃO DE VIBRAÇÃO ULTRA-SÔNICA DO EQUIPAMENTO;

- PEÇA DE MÃO DO ULTRA-SOM LEVE E DE FORMATO ANATÔMICO, DE FÁCIL EMPUNHADURA, PERMITE PRECISÃO NO TRABALHO DE RASPAGEM E MELHOR SENSIBILIDADE TÁTIL PARA COMPLETA REMOÇÃO DO CÁLCULO, POIS NÃO É A FORÇA APLICADA QUE FARÁ A REMOÇÃO, MAS A VIBRAÇÃO ULTRA-SÔNICA APLICADA AO DENTE;

- TRANSDUTOR CERÂMICO PIEZOELÉTRICO COM QUATRO PASTILHAS DE CERÂMICAS MONTADAS INTERMITENTES UMA A OUTRA, QUE TRABALHAM SOB ALTÍSSIMA PRESSÃO, GERANDO VIBRAÇÕES ULTRA-SÔNICAS DE 30 KHZ ± 5 COM A MESMA AMPLITUDE E FREQÜÊNCIA. 

- DUAS CAPAS PROTETORAS DO TRANSDUTOR, RÍGIDAS, REMOVÍVEIS E ESTERILIZÁVEIS EM AUTOCLAVE ATÉ 134ºC;

- PONTA ATIVA DO INSTRUMENTO COM MOVIMENTO LINEAR ANTERO POSTERIOR LONGITUDINAL AO CABO COM AMPLITUDE VARIÁVEL,...",UNIDADE (UN),,,Não,
https://pncp.gov.br/api/pncp/v1/orgaos/15126437000143/compras/2023/723/itens,3,8291,Azul brilhante g,"Frasco 1,00 ML",,,Dosagem não especificada,não especifica a dosagem
https://pncp.gov.br/api/pncp/v1/orgaos/46223723000150/compras/2024/20/itens,5,2036,"ÁCIDO VALPRÓICO, VALPROATO DE SÓDIO 500 MG",Comprimido,"PDM: 2036 - Ácido Valpróico, Dosagem:500 MG",267505.0,Sim,
https://pncp.gov.br/api/pncp/v1/orgaos/22678874000135/compras/2023/325/itens,3,7351,FENITOINA SODICA 50 MG ML SOLUCAO INJETAVEL EV,AMPOLA,"PDM: 7351 - Fenitoína Sódica, Dosagem:50 MG/ML, Apresentação:Solução Injetável",267107.0,Sim,
https://pncp.gov.br/api/pncp/v1/orgaos/03930106000182/compras/2024/150/itens,7,1289,"(ID-119805) COLESTEROL TOTAL, Reagente para determinacao quantitativa de Colesterol Total em amostra biologica de soro ou plasma humano, aplicacao manual e automatica; Metodologia: Colorimetrico; Unidade de Fornecimento: 2 (dois) frascos com 100ml.",kit,,,Não,
https://pncp.gov.br/api/pncp/v1/orgaos/46522967000134/compras/2022/19/itens,10,9712,"Metronidazol 100mg/g geleia vaginal  com 55g de geleia, acompanhada de 10 aplicadores",Ampola,"PDM: 9712 - Metronidazol, Concentraçao:100 MG/G, Forma Farmaceutica:Gel Vaginal, Característica Adicional:Com Aplicador",372335.0,Sim,
https://pncp.gov.br/api/pncp/v1/orgaos/18026013000103/compras/2024/50/itens,3,17897,DOBESILATO DE CALCIO 500MG,Crp,"PDM: 17897 - Dobesilato De Cálcio, Concentração:500 MG",434714.0,Sim,
https://pncp.gov.br/api/pncp/v1/orgaos/18449132000160/compras/2024/47/itens,4143732,17958,PAPAÍNA 10%    FÓRMULA MANIPULADA CONCENTRADA GEL 10% 50G,PE,"PDM: 17958 - Papaína, Concentraçao:10%, Forma Farmaceutica:Gel, Caracteristica Adicional:Formulação Especialmente Manipulada",390680.0,Sim,
https://pncp.gov.br/api/pncp/v1/orgaos/17955386000198/compras/2024/15/itens,1,9590,Antibacteriano de longa ação Frasco: 25ml – Fórmula: Ceftiofur   Meloxicam – Tipo Acura Max ou de qualidade similar ou superior.,UN,,,Dosagem não especificada,
https://pncp.gov.br/api/pncp/v1/orgaos/13792329000184/compras/2024/132/itens,6,365,"BENZILPENICILINA,  benzatina, 600.000 ui,",FRASCO AMPOLA,"PDM: 365 - Benzilpenicilina, Apresentação:Benzatina, Dosagem:600.000ui, Uso:Injetável",270613.0,Sim,
https://pncp.gov.br/api/pncp/v1/orgaos/11166368000140/compras/2022/66/itens,6,14594,NITAZOXANIDA 500MG C/ 6 COMP,UN,"PDM: 14594 - Nitazoxanida, Concentração:500 MG",368612.0,Sim,
https://pncp.gov.br/api/pncp/v1/orgaos/46634168000150/compras/2023/191/itens,1,1289,"MACA HOSPITALAR.Especificação Técnica: Dimensões Aproximadas: Altura 0,85 x Largura 0,70 x Profundidade 180, Tolerância  - 10 mm. Composição: Estrutura em tubos de aço sae 1010 Ø 1 ¼"". Estrutura superior em chapa de aço sae 1010. Leito com espuma de densidade 33 e espessura 50 mm aproximadamente, revestido em courvim de alta qualidade, com compensado na parte inferior, preso ao cavalete. Cabeceira regulável (03 posições) por sistema de cremalheiras com protetor anti-impactos laterais e frontais em PVC, com espuma revestido em courvim, com compensado na parte inferior. Grades laterais articuláveis (sistema basculante) fabricadas em tubos de aço.  Suporte de soro em aço inox com 4 ganchos. Suporte para oxigênio na parte inferior. Batentes laterais emborrachados. 4 rodízios Ø 125 mm sendo dois com travas e dois sem travas. Acabamento através de pintura eletrostática pó. Capacidade 100KG.",UN,,,Não,
https://pncp.gov.br/api/pncp/v1/orgaos/76179829000165/compras/2024/160/itens,4,1276,AGENTE ANTISSÉPTICO DE AÇÃO PROLONGADA PARA USO ENDODÔNTICO A BASE DE IODOFÓRMIO 10 GRAMAS,UNIDADE,"PDM: 1276 - Iodofórmio, Composição:Em Éter Etílico, Concentração:2%, Forma Farmacêutica:Solução Tópica, Características Adicionais:Formulação Especialmente Manipulada",428147.0,Sim,
https://pncp.gov.br/api/pncp/v1/orgaos/46341038000129/compras/2023/608/itens,2,19677,"RIBOCICLIBE, succinato, 200mg, comprimido revestido",COM,"PDM: 19677 - Ribociclibe, Composição:Succinato, Concentração:200 MG",457888.0,Sim,
https://pncp.gov.br/api/pncp/v1/orgaos/01034882000179/compras/2024/2/itens,2,2259,"Álcool etílico líquido hidratado 96 % com ação antisséptica, com eliminação de 99,9% das

bactérias, 1000ml, 12 x 1",Cx,,,Alguma outra característica não específicada,forma farmaceutica injetável não descrita na descrição do item
https://pncp.gov.br/api/pncp/v1/orgaos/00136858000188/compras/2024/118/itens,4,9699,Aceponato de metilprednisolona 1 mg/g creme dermatológico 15g,BISNAGA,"PDM: 9699 - Metilprednisolona, Princípio Ativo:Sal Aceponato, Dosagem:1 MG/G, Apresentação:Creme",271604.0,Sim,
https://pncp.gov.br/api/pncp/v1/orgaos/08993909000108/compras/2024/18/itens,5,5061,"Maltodextrina, óleos vegetais (Palma, Canola, Coco, Girassol), Mortierella alpina, caseinato, citrato de sódio, citrato de potássio, fosfato de cálcio, cloreto de potássio, Cloreto de magnésio, hidrogeno fosfato de potássio, carbonato de cálcio, óleo de peixe, cisteina, cloreto de colina, vitamina C, taurina, triptofano, inositol, sulfato ferroso, vitamina E, sulfato de zinco, uridina, citidina, carnitina, adenosina, inosina, niacina, d-pantotenato de cálcio, guanosina, biotina, vitamina A, sulfato de cobre, ácido fólico, sulfato de manganês, Vitamina B2, Vitamina B12, Vitamina B1, Vitamina D, Vitamina B6; iodeto de potássio, vitamina K, selenito de sódio, emulsificante lecitina de soja.NÃO CONTÉM GLÚTEN MARCA APTAMIL PRO EXPERT SL 800g",Lata,,,Em dúvida,pdm não responde a descrição do item
https://pncp.gov.br/api/pncp/v1/orgaos/46694139000183/compras/2023/656/itens,10,14552,"RIVASTIGMINA 18MG (9,5MG/24H) ADESIVO TRANSDÉRMICO 10CM2",adesivo,"PDM: 14552 - Rivastigmina, Concentração:18 Mg Equivalente A 9,5 Mg/Dia, Forma Farmaceutica:Adesivo Transdérmico",362058.0,Sim,
https://pncp.gov.br/api/pncp/v1/orgaos/76208487000164/compras/2024/123/itens,6,3167,"AZITROMICINA 500MG, PÓ LIOFILIZADO PARA SOLUÇÃO INJETÁVEL",FRAS/AMP,"PDM: 3167 - Azitromicina, Dosagem:500 MG, Apresentação:Pó Liofilizado Para Solução Injetável",268952.0,Sim,
https://pncp.gov.br/api/pncp/v1/orgaos/11168270000122/compras/2024/12/itens,6,349,AMPICILINA SÓDICA 1GR INJETÁVEL FRASCO-AMPOLA C/ DILUENTE,FR,"PDM: 349 - Ampicilina, Dosagem:1 G, Tipo Uso:Injetável",268207.0,Sim,
https://pncp.gov.br/api/pncp/v1/orgaos/13817804000120/compras/2024/29/itens,3,2259,"ÁLCOOL ETÍLICO HIDRATADO EM GEL 70% INPM - EM FRASCOS PLÁSTICOS (POLIETILENO DE ALTA DENSIDADE) EM CAIXAS DE PAPELÃO COM 12 UNIDADES DE 500 GRAMAS CADA, TIPO NEUTRO COM


ODOR SUAVE E INCOLOR.",CAIXA,"PDM: 2259 - Álcool Etílico, Tipo:Hidratado, Teor Alcoólico:70%_(70°Gl), Apresentação:Gel",269943.0,Sim,
https://pncp.gov.br/api/pncp/v1/orgaos/87958625000149/compras/2024/112/itens,3,18983,SITAGLIPTINA 50MG (FOSFATO).,cp,"PDM: 18983 - Sitagliptina, Composição:Sal Fosfato, Concentração:50 MG",331388.0,Sim,
https://pncp.gov.br/api/pncp/v1/orgaos/06290858000114/compras/2024/13/itens,3,19584,"(5085780) - PROBIOTICO - CAES E GATOS,COMPOSTO DE BIFIDOBACTERIUM BIFIDUM, ENTEROCOCCUS FAECIUM, LACTOBACILLUS ACIDOPHILUS, LACTOBACILLUS PLANTARUM, SACCHAROMYCES CEREVISIA,PASTA ORAL",BNG,,,Não,não descreve dosagem / medicamento animal
https://pncp.gov.br/api/pncp/v1/orgaos/88811922000120/compras/2024/81/itens,7,11917,"BR0294887 SALBUTAMOL, 100 MCG/DOSE, AEROSOL ORAL  FRASCO 200 DOSES;",FRASCO (FRASCO),"PDM: 11917 - Salbutamol, Dosagem:100mcg/Dose, Forma Farmacêutica:Aerosol Oral",294887.0,Sim,
https://pncp.gov.br/api/pncp/v1/orgaos/18245167000188/compras/2024/115/itens,1,16352,"RUFINAMIDA 200MG - CX C/ 60 CPD.  (RF)


<p>RUFINAMIDA 200MG - CX C/ 60 CPD. &nbsp;(RF)&nbsp;</p>",CAIXA (CX),"PDM: 16352 - Rufinamida, Concentração:200 MG",418667.0,Sim,
https://pncp.gov.br/api/pncp/v1/orgaos/46634168000150/compras/2022/63/itens,4,5200,"LEVOMEPROMAZINA, MALEATO 25 MG - Portaria 344/98",COMPRIMIDO,"PDM: 5200 - Levomepromazina, Dosagem:25 MG",268128.0,Sim,
https://pncp.gov.br/api/pncp/v1/orgaos/22678874000135/compras/2024/56/itens,6,14707,GENTAMICINA SULFATO 40 MG ML,AMPOLA,"PDM: 14707 - Gentamicina, Dosagem:40 MG/ML, Aplicação:Solução Injetável",268256.0,Sim,
https://pncp.gov.br/api/pncp/v1/orgaos/07954480000179/compras/2023/430/itens,9,17994,Galantamina,Cápsula,,,Dosagem não especificada,não especifica a dosagem
https://pncp.gov.br/api/pncp/v1/orgaos/88830609000139/compras/2023/126/itens,6,2563,"HIDROGEL:
a) uso em feridas;
b) composição básica: alginato de cálcio e sódio e carboximetilcelulose sódica, em excipiente aquoso, transparente e viscoso, com capacidade de hidratar feridas secas e promover o desbridamento dos tecidos necrosados;
c) ter viscosidade que permita a distribuição homogênea e controlada do produto sobre a lesão;
d) apresentação: embalagens com, no máximo, 85 g.",GRAMA,,,Em dúvida,descrição CATMAT (suspensao oral) não bate com a descrição do produto (gel/creme)
https://pncp.gov.br/api/pncp/v1/orgaos/76978881000181/compras/2024/78/itens,1430851,4677,"Carvedilol 6,25. Comprimido  Carvedilol 6,25. Comprimido",UNID,"PDM: 4677 - Carvedilol, Dosagem:6,25 MG",267565.0,Sim,
https://pncp.gov.br/api/pncp/v1/orgaos/42498600000171/compras/2024/4969/itens,3,17357,"GRUPO FARMACOLOGICO: ANTISSEPTICOS , PRINCIPIO ATIVO: CLOREXIDINA DIGLUCONATO, FORMA FARMACEUTICA: SOLUCAO AQUOSA, CONCENTRACAO / DOSAGEM: 0,2, UNIDADE: %, VOLUME: 100 ML, APRESENTACAO: FRASCO, ACESSORIO: ALMOTOLIA, FORMA FORNECIMENTO: UNIDADE",UN,"PDM: 17357 - Clorexidina Digluconato, Dosagem:0,2%, Aplicação:Solução Tópica",269881.0,Sim,
https://pncp.gov.br/api/pncp/v1/orgaos/47615394000156/compras/2023/3/itens,9,17708,"DIPIRONA SODICA, 1 G.  (CRON1763)",Comprimido,"PDM: 17708 - Dipirona Sódica, Concentração:1 G",410023.0,Sim,
https://pncp.gov.br/api/pncp/v1/orgaos/04228734000183/compras/2022/90/itens,4503,7793,Decitabina - Dosagem: 50 mg; Apresentação: pó liofilizado para solução injetável; Embalagem: frasco-ampola.,1 - Unidade,"PDM: 7793 - Decitabina, Concentração:50 MG, Forma Farmacêutica:Pó Liófilo P/ Injetável",382939.0,Sim,
https://pncp.gov.br/api/pncp/v1/orgaos/21417423000181/compras/2024/100/itens,1,5400,"Arame farpado de torção alternada, com as seguintes especificações: - - Diâmetro do fio: 1,6 mm.- Material: Aço e zinco.- Carga mínima de ruptura: 250 kgf.- Espaçamento entre Farpas: 125 mm.",UN,,,Não,
https://pncp.gov.br/api/pncp/v1/orgaos/44763928000101/compras/2024/558/itens,6,18630,CLORIDRATO DE DULOXETINA 60 MG REF. CYMBI,UN,"PDM: 18630 - Duloxetina, Concentração:60 MG, Forma Farmacêutica:Microgrânulos De Liberação Lenta",302443.0,Sim,
https://pncp.gov.br/api/pncp/v1/orgaos/87876801000101/compras/2022/28/itens,2,3929,BROMOPRIDA 5mg/ml - AMPOLA DE 2ml,AMP,"PDM: 3929 - Bromoprida, Dosagem:5 MG/ML, Apresentação:Injetável",269958.0,Sim,
https://pncp.gov.br/api/pncp/v1/orgaos/05802877000110/compras/2024/68/itens,5,10083,NIMESULIDA 100MG EXCLUSIVO PARA ME/EPP (COMPRIMIDO/ CÁPSULA/ DRÁGEA – CONFORME EDITAL),Comprimido,"PDM: 10083 - Nimesulida, Dosagem:100 Mg",273710.0,Sim,
https://pncp.gov.br/api/pncp/v1/orgaos/14210389000104/compras/2024/59/itens,2,2259,"Álcool etílico hidratado em gel 70°, não aromatizado, límpido, transparente e isento de resíduos. O produto deverá ser embalado em frascos plásticos contendo 500 g. Devendo constar, quantidade e /ou peso líquido, e demais informações exigidas na legislação em vigor conforme o Código de Proteção e Defesa do Consumidor. Deverá atender a norma da ABNT NBR 5991/97 e Resolução RDC nº 46 - 20/02/2002 – ANVISA – M.S. e suas alterações. Deverá ter data de fabricação recente de no máximo 06 (seis) meses e validade de no mínimo 18(dezoito) meses da data de entrega.",Unidades,"PDM: 2259 - Álcool Etílico, Tipo:Hidratado, Teor Alcoólico:70%_(70°Gl), Apresentação:Gel",269943.0,Sim,
https://pncp.gov.br/api/pncp/v1/orgaos/59307595000175/compras/2024/206/itens,1,12269,"MEDICAMENTOS CONTROLADOS DE USO HUMANO; SOMATROPINA 15 MG/1,5 ML; FORMA FARMACEUTICA SOLUCAO INJETAVEL; FORMA DE APRESENTACAO CARPULE 1,5ML; VIA DE ADMINISTRACAO SUBCUTANEA;",CARPULE,"PDM: 12269 - Somatropina, Concentração:10 MG/ML, Forma Farmaceutica:Solução Injetável, Característica Adicional:Com Aplicador",448764.0,Sim,
https://pncp.gov.br/api/pncp/v1/orgaos/01763606000141/compras/2024/14/itens,10,2436,AMOXICILINA 50 MGML PO PSUSP OR VD AMB X 60 ML. .,FRASCO,"PDM: 2436 - Amoxicilina, Concentração:50mg/Ml, Apresentação:Pó Para Suspensão Oral",271111.0,Sim,
https://pncp.gov.br/api/pncp/v1/orgaos/05816630000152/compras/2024/1919/itens,208167,15279,"TESTE, dosagem de Progesterona.",Un,,,Dosagem não especificada ou não consta no CATMAT,não descreve a dosagem
https://pncp.gov.br/api/pncp/v1/orgaos/21417423000181/compras/2024/79/itens,8,8231,"Hidróxido de cálcio em suspensão aquosa



Composição Físico-Química do Produto

Hidróxido de Cálcio – Ca (OH)2

Concentração Mínima: 30,00%

Substâncias reativas ao HCl - CaCO3: 1,80% máximo

Sílica + Resíduo insolúvel (SiO2 + RI): 0,50% máximo

Estabilidade da Suspensão em 24h: no Mínimo 95,00%

Massa especifica: 1,10 a 1,30g/ml

Retido em peneira de 0,075 mm: 1,50% máximo

Viscosidades copo Ford 4,0 mm: 17,00 segundos (máximo)



Dioxinas e furanos, impurezas metálicas/metais pesados, fluoretos, radionuclídeos, alumínio, antimônio, arsênio, bário, berílio, cádmio, cromo, chumbo, ferro, manganês, mercúrio, selênio, tálio, zinco, cobre e níquel, deverão estar em conformidade com a Norma Técnica NBR-15.784 da ABNT – Associação Brasileira de Normas Técnicas, 2017 e Portaria de Consolidação do MS nº 05/17, anexo XX.



Observação: a empresa deverá fornecer em comodato os seguintes itens para armazenamento do Hidróxido de Cálcio em suspensão: 01 pç - bomba NM 011 BY02S12B; 01 pç – bomba NM 08BY03S12B; 01 PÇ – bomba 2” Trif.; 01 pç - reservatório metálico 25.000 litros; 01 pç – moto redutor; 01 pç – painel elétrico; Mão de Obra para instalação de todos os equipamentos.



Cota reservada para ME/EPP em 100%",Tonelada,,,Não,não existe hidroxido de cálcio no CATMAT
https://pncp.gov.br/api/pncp/v1/orgaos/41563628000182/compras/2024/11/itens,3,15458,VACINA CONTRA A RAIVA DOS HERBÍVOROS,FRASCO,,,Não,
https://pncp.gov.br/api/pncp/v1/orgaos/75771295000107/compras/2024/67/itens,2,18630,CLORIDRATO DE DULOXETINA - 60 MG CAIXA COM 30 CAP,CAIXAS,"PDM: 18630 - Duloxetina, Concentração:60 MG, Forma Farmacêutica:Microgrânulos De Liberação Lenta",302443.0,Sim,
https://pncp.gov.br/api/pncp/v1/orgaos/45780103000150/compras/2023/14/itens,1,8325,Cota Principal    - IMUNOGLOBULINA HUMANA 50MG/ML - FFRASCO 100 ML                                  ,FRASCO/AMP          ,"PDM: 8325 - Imunoglobulina Humana, Concentração:50 MG/ML, Forma Farmaceutica:Solução Injetável, Características Adicionais:Com Sistema De Aplicação",450107.0,Sim,
https://pncp.gov.br/api/pncp/v1/orgaos/44531788000138/compras/2022/5/itens,3,8428,"AGULHA P/ CANETA DE INSULINA, 5 MM X 0,25MM 31 G, CAIXA COM 100 -",CAIXA,,,Não,
https://pncp.gov.br/api/pncp/v1/orgaos/01615393000100/compras/2023/47/itens,2,2436,Amoxicilina associada com clavulanato de potássio 500 mg + 125 mg comprimido Br0271217,UNIDADE,"PDM: 2436 - Amoxicilina, Princípio Ativo:Associada Com Clavulanato De Potássio, Concentração:500mg + 125mg",271217.0,Sim,
https://pncp.gov.br/api/pncp/v1/orgaos/07598659000130/compras/2024/25/itens,5,18063,"ADOÇANTE DIETÉTICO ARTIFICIAL LÍQUIDO - À BASE DE ASPARTAME, NÃO APRESENTA NA COMPOSIÇÃO XILITOL, SORBITOL OU FRUTOSE, FRASCOS DE POLIETILENO ATÓXICO. A EMBALAGEM DEVERÁ CONTER EXTERNAMENTE OS DADOS DE IDENTIFICAÇÃO E PROCEDÊNCIA, INFORMAÇÃO NUTRICIONAL, NÚMERO DE LOTE, QUANTIDADE DO PRODUTO E NÚMERO DE REGISTRO. DEVERÁ APRESENTAR VALIDADE MÍNIMA DE 6 SEIS MESES A PARTIR DA DATA DE ENTREGA. REGISTRO NO MINISTÉRIO DA SAÚDE. PRAZO DE VALIDADE SUPERIOR A 10 MESES. DE ACORDO COM A PORTARIA 38 DE 13/01/98 DA ANVISA E NTA 83 DECRETO 12.486/78. EMBALAGEM COM 100ML.",Frasco,,,Não,
https://pncp.gov.br/api/pncp/v1/orgaos/01610503000141/compras/2024/31/itens,3,363,ACICLOVIR - Aciclovir 50 mg creme de 10 g,BISNAGA,"PDM: 363 - Aciclovir, Dosagem:50 MG/G, Uso:Creme",268375.0,Sim,
https://pncp.gov.br/api/pncp/v1/orgaos/06168092000108/compras/2023/33/itens,1,1289,"(ID-130716) SORO ANTI-B, Reagente para classificacao do Sistema ABO do sangue humano, pelo metodo de aglutinacao em lamina e/ou em tubo, com capacidade para 200 reacoes; Unidade de Fornecimento: frasco conta gotas com 10ml.",UNIDADE,,,Em dúvida,não há descrição semelhante no catmat
https://pncp.gov.br/api/pncp/v1/orgaos/87613519000123/compras/2024/109/itens,2,2025,"ACIDO ACETIL SALICILICO 100MG COMPRIMIDO, BLÍSTER DE 10 CP, EMBALAGEM COM NO MÁXIMO 1000 COMPRIMIDOS, EM EMBALAGEM PRIMÁRIA E SECUNDÁRIA, DE ACORDO COM A PUBLICAÇÃO DO REGISTRO NO MINISTÉRIO DA SAÚDE-caixa com 30 comprimidos",CP,"PDM: 353 - Ácido Acetilsalicílico, Dosagem:100 MG",267502.0,Sim,
https://pncp.gov.br/api/pncp/v1/orgaos/01640339000115/compras/2023/169/itens,3,354,Acido fólico 05mg  comprimidos,Comprimido,"PDM: 354 - Ácido Fólico, Dosagem:5 MG",267503.0,Sim,
https://pncp.gov.br/api/pncp/v1/orgaos/10581764000171/compras/2024/169/itens,3,2362,ALPRAZOLAM 2 MG – 30CP/MÊS,CAIXA,"PDM: 2362 - Alprazolam, Dosagem:2 MG",284465.0,Sim,
https://pncp.gov.br/api/pncp/v1/orgaos/03507415000225/compras/2024/212/itens,18512,1631,COLECALCIFEROL (VITAMINA D3) - CONCENTRAÇÃO: 2.000UI; CÁPSULA: MOLE.,1 - CÁPSULA,"PDM: 1631 - Colecalciferol, Concentração:2.000 UI",442729.0,Sim,
https://pncp.gov.br/api/pncp/v1/orgaos/03073673000160/compras/2024/46/itens,1,5145,"BUPROPIONA CLORIDRATO, CONCENTRAÇÃO:300 MG, CARACTERÍSTICAS ADICIONAIS:LIBERAÇÃO PROLONGADA (BR0460987)",COMPR,"PDM: 5145 - Bupropiona Cloridrato, Concentração:300 MG, Características Adicionais:Liberação Prolongada",460987.0,Sim,
https://pncp.gov.br/api/pncp/v1/orgaos/80673411000187/compras/2023/240/itens,3,6869,"Outros - farmacos que atuam s/ o sistema hematopoietico Alfaepoetina 4.000 ui, solução injetável, frasco/ampola 1 ml",Frasco/Ampola,"PDM: 6869 - Alfaepoetina, Concentração:4.000 UI/ML, Forma Farmaceutica:Solução Injetável",449014.0,Sim,
https://pncp.gov.br/api/pncp/v1/orgaos/22812960000199/compras/2024/8/itens,4,2362,ALPRAZOLAM 1MG - COMPRIMIDO (PORT. 344/98),UNIDADE,"PDM: 2362 - Alprazolam, Dosagem:1 MG",271356.0,Sim,
https://pncp.gov.br/api/pncp/v1/orgaos/11312086000104/compras/2022/3/itens,7,2036,"ÁCIDO VALPROATO DE SÓDIO, COMPOSIÇÃO: ASSOCIADO AO ÁCIDO VALPRÓICO, CONCENTRAÇÃO:199,8 MG + 87 MG LIBERAÇÃO PROLONGADA",COMP,"PDM: 13243 - Valproato De Sódio, Composição:Associado Ao Ácido Valpróico, Concentração:199,8 Mg + 87 MG",407033.0,Sim,
https://pncp.gov.br/api/pncp/v1/orgaos/18008870000172/compras/2024/137/itens,1,17549,"10. LUVA DE SEGURANÇA PARA PROTEÇAO CONTRA AGENTES TERMICOS E MECANICOS BLACK GRIP (ENVIAR AMOSTRA) - GARI (COLETOR DE LIXO) TAM - 9  Luva de segurança tricotada em algodão, poliéster e elastômero com revestimento antiderrapante vulcanizado, em formato de diamante, de látex natural na palma, face palmar dos dedos e pontas dos dedos (unheira), com reforço de borracha natural entre os dedos polegar e indicador (região da pinça), punho tricotado em algodão, com acabamento em overloque.  Aprovado para: PROTEÇÃO DAS MÃOS DO USUÁRIO CONTRA AGENTES ABRASIVOS, ESCORIANTES, CORTANTES E PERFURANTES E CONTRA AGENTES TÉRMICOS (CALOR DE CONTATO). Restrições/Limitações: EPI NÃO APROVADO CONTRA ARCO ELÉTRICO, FOGO REPENTINO E COMBATE A INCÊNDIO.  Observação: I) O EPI obteve resultado de níveis de desempenho 4243C para BS EN 388, com valores variando de 1 (um) a 4 (quatro) para abrasão, rasgamento e perfuração e 1 (um) a 5 (cinco) para corte, sendo 1 (um) o pior resultado, em que: 4 - resistência à abrasão; 2 - resistência ao corte por lâmina; 4 - resistência ao rasgamento; 3 - resistência à perfuração por punção; C - resistência ao corte TDM (ensaio adicional previsto na norma EN ISO 13997, com valores de A a F, sendo F o melhor resultado). II) O EPI obteve resultado de níveis de desempenho X2XXXX para a EN 407:2004, em que: X - propagação de pequenas chamas; 2 - calor de contato; X - calor convectivo; X - calor radiante; X - respingos de metais fundidos; X - grandes massas de metal fundido (ferro a 1400º C). III) Os valores variam de 1 (um) a 4 (quatro), sendo 1 (um) o pior resultado. IV) O código X indica que o EPI não foi ensaiado para a aplicação correspondente. IV) EPI não aprovado para uso em operações de soldagem e processos similares. V) Para a seleção e correta utilização do equipamento, verificar o disposto no Comunicado XL, disponível no link ""https://www.gov.br/trabalho-e- previdencia/pt-br/composicao/orgaos-especificos/secretariade-trabalho/inspecao/seguranca-e-saude-no- trabalho/equipamentos-de-protecao-individual",PR,,,Não,
https://pncp.gov.br/api/pncp/v1/orgaos/46710422000151/compras/2024/1065/itens,10,9762,MIDAZOLAM 15 MG COMP,UNIDADE,"PDM: 9762 - Midazolam, Dosagem:15 MG",272817.0,Sim,
https://pncp.gov.br/api/pncp/v1/orgaos/01611339000197/compras/2023/71/itens,2,2036,Ácido Valpróico 250mg,cp,"PDM: 2036 - Ácido Valpróico, Dosagem:250 MG",267504.0,Sim,
https://pncp.gov.br/api/pncp/v1/orgaos/10465644000109/compras/2022/223/itens,3,8007,GLICOSE OXIDASE 500ML,UN,,,Em dúvida,
https://pncp.gov.br/api/pncp/v1/orgaos/92963560000160/compras/2024/317/itens,5,10113,"Nitroprusseto de sodio 50mg, injetavel, po liofilizado+diluente",Ampola,"PDM: 10113 - Nitroprusseto De Sódio, Dosagem:50 MG, Tipo Medicamento:Injetável",273719.0,Sim,
https://pncp.gov.br/api/pncp/v1/orgaos/76958966000106/compras/2023/26/itens,2,10173,"ÓLEO DE AMÊNDOAS  - 200ML POSSUI UMA FÓRMULA COM PURO ÓLEO DE AMÊNDOAS, QUE DEIXA A PELE COM UMA TEXTURA SUAVE E MACIA. ELE É DERMATOLOGICAMENTE TESTADO, DE FÁCIL ABSORÇÃO E NÃO IRRITA A PELE. CONTA COM UMA DELICIOSA FRAGRÂNCIA FLORAL QUE A PELE LEVEMENTE PERFUMADA. QUANDO APLICADO NA PELE ÚMIDA, HIDRATA 10 VEZES MAIS QUE UMA LOÇÃO HIDRATANTE APLICADA NA PELE SECA, FORMANDO UMA PELÍCULA PROTETORA QUE AJUDA A PREVENIR O RESSECAMENTO E SUAVIZA AS PARTES ÁSPERAS DO CORPO.
MATERIAL: PARAFFINUM LIQUIDUM, PRUNUS AMYGDALUS DULCIS OIL, PARFUM (ALPHA-ISOMETHYL IONONE, BUTYLPHENYL METHYLPROPIONAL, CITRONELLOL, HEXYL CINNAMAL, D-LIMONENE, LINALOOL), TOCOPHEROL. IDADE RECOMENDADA INDICAÇÃO: BEBÊS E CRIANÇAS.",FRASCO (FR),"PDM: 10173 - Óleo De Amêndoas, Tipo:Doce, Tipo Uso:Uso Tópico",273902.0,Sim,
https://pncp.gov.br/api/pncp/v1/orgaos/18315226000147/compras/2024/4/itens,3,1824,ACETILCISTEÍNA 600MG CAIXA COM 16 SACHÊS,CAIXA,"PDM: 1824 - Acetilcisteína, Concentraçao:600 MG, Forma Farmaceutica:Granulado Para Solução Oral",434110.0,Sim,
https://pncp.gov.br/api/pncp/v1/orgaos/95422846000126/compras/2024/109/itens,5,8275,Ibuprofeno gotas 200mgml  cx 100 frascos unid.,UN,"PDM: 8275 - Ibuprofeno, Dosagem:600 MG",267676.0,Sim,
https://pncp.gov.br/api/pncp/v1/orgaos/03507415000730/compras/2023/14/itens,13748,2259,"ÁLCOOL ETÍLICO 70% , DESINFETANTE À BASE DE DE ÁLCOOL ETÍLICO A 70%, INDICADO PARA SUPERFÍCIES FIXAS, ANTI-SEPSIA DA PELE EM PROCEDIMENTO DE MÉDICO E BAIXO RISCO, VALIDADE DE 24 MESES, FRASCO COM 1000ML. FRASCO.",FRASCO,"PDM: 2259 - Álcool Etílico, Tipo:Hidratado, Teor Alcoólico:70%_(70°Gl), Apresentação:Líquido",269941.0,Sim,
https://pncp.gov.br/api/pncp/v1/orgaos/45709920000111/compras/2024/2461/itens,5,19584,PROBIOTICO CAES E GATOS,UN,,,Não,
https://pncp.gov.br/api/pncp/v1/orgaos/87958625000149/compras/2024/235/itens,2,8209,ANTIINFLAMATÓRIO - HIALURONATO SODIO 10MG/ML SOL INJ.,un,,,Em dúvida,
https://pncp.gov.br/api/pncp/v1/orgaos/46523270000188/compras/2024/229/itens,2,11265,PROPATILNITRATO 10 MG (SUSTRATE®) - COMPRIMIDO (ORDEM JUDICIAL),Comprimido,"PDM: 11265 - Propatilnitrato, Dosagem:10 MG",273135.0,Sim,
https://pncp.gov.br/api/pncp/v1/orgaos/45780103000150/compras/2023/969/itens,2,15458,Cota Reservada - VACINA ANTI-RABICA ANIMAL,FRASCO,,,Não,
https://pncp.gov.br/api/pncp/v1/orgaos/07954480000179/compras/2023/639/itens,3,5166,"DOBUTAMINA CLORIDRATO, 12,5MG/ML, SOLUCAO INJETAVEL, AMPOLA 20ML, UNIDADE 1.0 AMPOLA",UNIDADE 1.0 AMPOLA ,"PDM: 5166 - Dobutamina Cloridrato, Dosagem:12,5 MG/ML, Indicação:Injetável",268446.0,Sim,
https://pncp.gov.br/api/pncp/v1/orgaos/46634101000115/compras/2023/155/itens,4,8428,INSULINA ASPARTE 100UI/ML - 30% INSULINA ASPARTE SOLÚVEL E 70% INSULINA ASPARTE PROTAMINADA PRODUZIDA POR TECNOLOGIA DE DNA RECOMBINATE REFIL 3ML - USO SC - USO ADULTO E PEDIÁTRICO ACIMA DE 10 ANOS.,REFIL,"PDM: 8428 - Insulina, Origem:Asparte Associada À Asparte Protamina, Concentração:30% + 70%, 100 UI/ML, Forma Farmaceutica:Solução Injetável",383688.0,Sim,
https://pncp.gov.br/api/pncp/v1/orgaos/03507415000225/compras/2023/175/itens,463171,356,BENZOATO DE BENZILA 250MG/ML. EMULSÃO TÓPICA. FRASCO COM NO MÍNIMO 60ML.,FR,"PDM: 356 - Benzoato De Benzila, Dosagem:25%, Forma Farmacêutica:Emulsão Tópica",308726.0,Sim,
https://pncp.gov.br/api/pncp/v1/orgaos/90836693000140/compras/2024/457/itens,1,1289,"Lote 1 - TRANSPORTE DE AMOSTRAS BIOLOGICAS DE FORMA SEGURA E SIMULTANEA QUE NECESSITAM DE CONDICOES ESPECIAIS SEMPRE SOLICITADO PELO CONTRATANTE (SANGUE, SORO, PLASMA E URINA) AMOSTRA HUMANA UN: 3373. APRESENTAR REGISTROS QUE COMPROVEM O CONTRO...(Conforme Edital)",Unidade,,,Não,
https://pncp.gov.br/api/pncp/v1/orgaos/12998458000160/compras/2024/407/itens,1,15365,"CICLOBENZAPRINA, CLORIDRATO 10 MG + CAFEINA 60 MG",COMPRIMIDO,"PDM: 15365 - Ciclobenzaprina Cloridrato, Composição:Associada À Cafeína, Concentração:10 Mg + 60 MG",433847.0,Sim,
https://pncp.gov.br/api/pncp/v1/orgaos/46634168000150/compras/2022/140/itens,1,353,ÁCIDO ACETILSALICÍLICO 81 MG COMPRIMIDO.,COM,"PDM: 353 - Ácido Acetilsalicílico, Dosagem:81 Mg, Tipo Uso:Tamponado",285055.0,Em dúvida,
https://pncp.gov.br/api/pncp/v1/orgaos/45138070000149/compras/2024/504/itens,1,13680,AMANTADINA 100 MG,CAIXA,"PDM: 353 - Ácido Acetilsalicílico, Dosagem:81 Mg, Tipo Uso:Tamponado",285055.0,Em dúvida,
https://pncp.gov.br/api/pncp/v1/orgaos/45176005000108/compras/2024/39/itens,1328142,1631,"COLECALCIFEROL 1.000 UI, MARCA DOSS®",CAP,"PDM: 1631 - Colecalciferol, Concentração:1000 UI",434125.0,Sim,
https://pncp.gov.br/api/pncp/v1/orgaos/46373445000118/compras/2024/157/itens,5,1820,ACETAZOLAMIDA 250MG COMPRIMIDO - Acetazolamida; concentração 250mg; forma farmacêutica comprimido; forma de apresentação cartela; prazo de validade mínimo de 18 meses; via oral.,COMPRIMIDO - COMP,"PDM: 1820 - Acetazolamida, Dosagem:250 MG",278283.0,Sim,
https://pncp.gov.br/api/pncp/v1/orgaos/13937032000160/compras/2024/1027/itens,1,2587,Lacosamida concentração: 200,Comprimido,"PDM: 2587 - Lacosamida, Concentração:200 MG",435540.0,Sim,
https://pncp.gov.br/api/pncp/v1/orgaos/04394880000189/compras/2024/59/itens,5,15458,"Manutenção corretiva em câmara de vacina (troca de filtro secador, limpeza no sistema e recarga de fluido refrigerante)",UNIDADE,,,Não,
https://pncp.gov.br/api/pncp/v1/orgaos/05106805000138/compras/2023/10/itens,6,2036,ÁCIDO VALPROICO 250 MG (VALPROATO DE SÓDIO) CÁPSULA,UN,"PDM: 2036 - Ácido Valpróico, Dosagem:250 MG",267504.0,Sim,
https://pncp.gov.br/api/pncp/v1/orgaos/18308734000106/compras/2024/15/itens,4293433,17851,CLORIDRATO DE MEMANTINA. CLORIDRATO DE DONEPEZILA 10MG + 10MG COM REV CT BL AL PLAS TRANS X 30,COMP,"PDM: 17678 - Donepezila, Composição:Associado À Memantina, Concentração:10 Mg + 10 MG",440984.0,Sim,
https://pncp.gov.br/api/pncp/v1/orgaos/08916785000159/compras/2024/7/itens,6,2032,"ÁCIDO TRANEXAMICO 50MG/ML, AMPOLA 5ML",Unidade,"PDM: 2032 - Ácido Tranexâmico, Dosagem:50 MG/ML, Forma Farmacêutica:Solução Injetável",327566.0,Sim,
https://pncp.gov.br/api/pncp/v1/orgaos/65712002000159/compras/2024/6/itens,1,14456,ACEBROFILINA XAROPE ADULTO 50MG/5ML 100ML,VD,"PDM: 14456 - Acebrofilina, Concentração:10 MG/ML, Forma Farmaceutica:Xarope",448839.0,Sim,
https://pncp.gov.br/api/pncp/v1/orgaos/01578070000194/compras/2023/4/itens,10,2259,"Álcool etílico hidratado 70º INPM, embalagem contendo 1000ml",UNIDADE,"PDM: 2259 - Álcool Etílico, Tipo:Hidratado, Teor Alcoólico:70%_(70°Gl), Apresentação:Líquido",269941.0,Sim,
https://pncp.gov.br/api/pncp/v1/orgaos/13120225000123/compras/2024/18/itens,7,3503,"ADOÇANTE SUCRALOSE 100 ML . Especificação: ADOÇANTE SUCRALOSE 100 ML ESPECIFICAÇÕES: NÃO CONTÉM GLÚTEN INGREDIENTES: ÁGUA, EDULCORANTES: SUCRALOSE E ACESULFAME DE POTÁSSIO, CONSERVADOR BENZOATO DE SÓDIO, ACIDULANTE ÁCIDO CÍTRICO E ESPESSANTE CARBOXIMETILCELULOSE SÓDICA. EMBALAGEM PLÁSTICA, COM TAMPA DE ROSQUEAR. 





",UND,,,Não,
https://pncp.gov.br/api/pncp/v1/orgaos/07954480000179/compras/2023/259/itens,4,5216,Nalbufina Cloridrato,"Ampola 1,00 ML",,,Dosagem não especificada,
https://pncp.gov.br/api/pncp/v1/orgaos/04929345000185/compras/2023/5/itens,1,18672,AQUISIÇÃO DE NOREPINEFRINA BITARTARATO 8MG/4ML,AMPOLA,"PDM: 18672 - Norepinefrina, Concentração:2 MG/ML, Forma Farmacêutica:Solução Injetável",442584.0,Sim,
https://pncp.gov.br/api/pncp/v1/orgaos/08597121000174/compras/2024/433/itens,8,8428,"6523.75347-Transmissor Guardian Link3, APRESENTAÇÃO: System Kit da Bomba de Insulina MiniMed 780G, MODELO: MMT-7910, MARCA: Medtronic, UNID. DE MEDIDA: Unitário",Unitário,,,Não,
https://pncp.gov.br/api/pncp/v1/orgaos/01111142000199/compras/2023/1/itens,3,5116,Cloreto de Potássio KCL 3 MOL (acondicionado em frasco contendo 500 ML); Deve acompanhar certificado de aferição.,Frasco,cloreto de potássio,,Em dúvida,não faço IDEIA do que é 1 MOL mais
https://pncp.gov.br/api/pncp/v1/orgaos/18715383000140/compras/2023/17/itens,3,5116,"CLORETO DE POTASSIO 100 MG/ML (10%), SOLUCAO INJETAVEL, AMPOLA 10 ML.",UN   ,"PDM: 5116 - Cloreto De Potássio, Dosagem:10%, Apresentação:Solução Injetável",267161.0,Sim,
https://pncp.gov.br/api/pncp/v1/orgaos/12250916000189/compras/2022/5/itens,4,5275,"CLORPROMAZINA, CLORIDRATO 40 MG/ML SOLUÇÃO ORAL 20 ML",UND.,"PDM: 5275 - Clorpromazina, Concentração:40 MG/ML, Forma Farmaceutica:Solução Oral - Gotas",340207.0,Sim,
https://pncp.gov.br/api/pncp/v1/orgaos/10572022000180/compras/2024/195/itens,1,11761,"Cota principal 1 - (3246213) - RITUXIMABE - CONCENTRACAO/DOSAGEM 10 MG/ML,FORMA FARMACEUTICA SOLUCAO INJETAVEL,FORMA DE APRESENTACAO FRASCO-AMPOLA,VIA DE ADMINISTRACAO PARENTERAL",FA 50 ML,"PDM: 11761 - Rituximabe, Dosagem:10mg/Ml, Indicação:Solução Injetável",268520.0,Sim,
https://pncp.gov.br/api/pncp/v1/orgaos/86050978000183/compras/2024/55/itens,7,18239,CARVÃO ATIVADO GRANULADO REDOX C-140 8X16 MASH.,QUILO (KG),,,Alguma outra característica não específicada,
https://pncp.gov.br/api/pncp/v1/orgaos/92122712000100/compras/2024/232/itens,5,3167,AZITROMICINA,UN,,,Dosagem não especificada,
https://pncp.gov.br/api/pncp/v1/orgaos/04205596000117/compras/2024/17/itens,3,5116,CLORETO POTASSIO GR FERTILIZANTE 50KG.,UN,,,Não,
https://pncp.gov.br/api/pncp/v1/orgaos/12092636000190/compras/2024/58/itens,7,8428,Insulina degludeca 100U/ML refil c/3mL,refil (R),"PDM: 8428 - Insulina, Tipo:Degludeca, Concentração:100 UI/ML, Forma Farmaceutica:Solução Injetável, Caracteristica Adicional:Refil",432782.0,Sim,
https://pncp.gov.br/api/pncp/v1/orgaos/76206499000150/compras/2022/5/itens,8,12320,"BR0268381 Amicacina sulfato, dosagem: 250mg/ml, indicação: solução injetável ampola 2ml",UN,"PDM: 12320 - Amicacina Sulfato, Dosagem:250 MG/ML, Indicação:Solução Injetável",268381.0,Sim,
https://pncp.gov.br/api/pncp/v1/orgaos/09111921000104/compras/2022/2/itens,3,3503,"ADOÇANTE DIETÉTICO LÍQUIDO – 100% SÓ STEVIA. INGREDIENTES: ÁGUA, EDULCORANTES NATURAIS GLICOSÍDEOS DE STEVIOL, CONSERVANTES: BENZOATO DE SÓDIO E SORBATO DE POTÁSSIO, ACIDULANTE: ÁCIDO CÍTRICO. SEM ASPARTAME, SEM CICLAMATO, SEM SACARINA, SEM ACESULFAME-K. UNIDADES DE 80ML. PRAZO DE VALIDADE MÍNIMO 2 ANOS A CONTAR A PARTIR DA DATA DE ENTREGA. REPOSIÇÃO DO PRODUTO: NO CASO DE ALTERAÇÃO ANTES DO PRAZO DE VALIDADE E EMBALAGENS DANIFICADAS.",UNIDADE,,,Não,
https://pncp.gov.br/api/pncp/v1/orgaos/63787097000144/compras/2023/43/itens,3661876,2259,ÁLCOOL ETÍLICO HIDRATADO LIQUIDO 70° INPM. FORNECIDO EM FRASCO PLÁSTICO REFORÇADO DE 1L LITRO. DESINFETANTE PARA USO GERAL. DERMATOLOGICAMENTE TESTADO.,UND,"PDM: 2259 - Álcool Etílico, Tipo:Hidratado, Teor Alcoólico:70%_(70°Gl), Apresentação:Líquido",269941.0,Sim,
https://pncp.gov.br/api/pncp/v1/orgaos/95719472000105/compras/2023/56/itens,6,18665,citrato de potassio monoidratado 1080 mg +10 meg comp,UN,"PDM: 18665 - Citrato De Potássio, Concentração:10 Meq, Forma Farmacêutica:Absorção Retardada",305450.0,Sim,
https://pncp.gov.br/api/pncp/v1/orgaos/14004655000142/compras/2023/1/itens,4,363,ACICLOVIR 50MG/G 10G CREME DERMATOLÓGICO,BISNA,"PDM: 363 - Aciclovir, Dosagem:50 MG/G, Uso:Creme",268375.0,Sim,
https://pncp.gov.br/api/pncp/v1/orgaos/07791947000107/compras/2022/60/itens,3,7878,FUROSEMIDA 40 MG C/20 CPR,CX,"PDM: 7878 - Furosemida, Dosagem:40 MG",267663.0,Sim,
https://pncp.gov.br/api/pncp/v1/orgaos/17683906000150/compras/2024/1/itens,3881662,9785,"MISOPROSTOL - CONCENTRACAO/DOSAGEM 200 MCG,FORMA FARMACEUTICA COMPRIMIDO,VIA DE ADMINISTRACAO VAGINAL",UN,"PDM: 9785 - Misoprostol, Concentraçao:200 MCG, Forma Farmacêutica:Comprimido Vaginal",358755.0,Sim,
https://pncp.gov.br/api/pncp/v1/orgaos/32104619000132/compras/2024/4/itens,2,19111,CREME DE UREIA 10% EMBALAGEM 50-60G,UN,,,Item não consta no CATMAT,
https://pncp.gov.br/api/pncp/v1/orgaos/03238888000193/compras/2024/3/itens,9,2036,"ACIDO VALPROICO - CONCENTRACAO/DOSAGEM 250 MG, FORMA FARMACEUTICA COMPRIMIDO, VIA DE ADMINISTRACAO ORAL.",Unidade,"PDM: 2036 - Ácido Valpróico, Dosagem:250 MG",267504.0,Sim,
https://pncp.gov.br/api/pncp/v1/orgaos/82951351000142/compras/2024/35/itens,1,2585,Antianemicos Ácido folínico 15 mg,Comprimido,"PDM: 2585 - Ácido Folínico, Concentração:15 MG, Adicional:Especialmente Manipulado",437382.0,Sim,
https://pncp.gov.br/api/pncp/v1/orgaos/46341038000129/compras/2023/361/itens,9,353,"ACIDO ACETILSALICILICO 100 MG, comprimido.",COMPRIMIDO,"PDM: 353 - Ácido Acetilsalicílico, Dosagem:100 MG",267502.0,Sim,
https://pncp.gov.br/api/pncp/v1/orgaos/76175884000187/compras/2024/53/itens,8,1289,"Bebida láctea - SABORES: à base de leite padronizado com 2% de gordura, soro de leite pasteurizado, açúcar e polpa de frutas (coco, morango, pêssego, salada de frutas). Embalagem primária: garrafas plásticas com lacre aluminizado, com 150 a 180 g. Validade mínima de 45 dias após a data de fabricação. Demais parâmetros de produção de acordo com a legislação vigente para alimentos e específica para o produto. Padrão de codificação: EAN 13 (código de barras). (Mínimo 4 sabores)",KILOS,,,Não,
https://pncp.gov.br/api/pncp/v1/orgaos/07954480000179/compras/2024/7651/itens,8,17539,"DUTASTERIDA + TANSULOSINA CLORIDRATO, 0,5MG + 0,4MG, CAPSULA DE LIBERACAO PROLONGADA, UNIDADE 1.0 CAPSULA",UNIDADE 1.0 CAPSULA,"PDM: 17539 - Dutasterida, Composição:Associado À Tansulosina, Concentração:0,5 Mg + 0,4 MG",428705.0,Sim,
https://pncp.gov.br/api/pncp/v1/orgaos/10572048000390/compras/2022/389/itens,1,17412,"(3085317) - MANITOL - CONCENTRACAO/DOSAGEM 200 MG/ML,FORMA FARMACEUTICA SOLUCAO INJETAVEL,FORMA DE APRESENTACAO BOLSA OU FRASCO (SISTEMA FECHADO),VIA DE ADMINISTRACAO PARENTERAL",FRASCO,,,Dosagem não especificada ou não consta no CATMAT,
https://pncp.gov.br/api/pncp/v1/orgaos/39563911000162/compras/2024/22/itens,8,1742,Metoxisaleno,Cápsula,,,Dosagem não especificada ou não consta no CATMAT,
https://pncp.gov.br/api/pncp/v1/orgaos/42498600000171/compras/2024/3742/itens,1,8820,"DESCRICAO QUIMICA: ACIDO ACETICO GLACIAL , PUREZA: 99,7% 99,9% , FORMULA MOLECULAR: C2H4O2, ASPECTO: LIQUIDO, APLICACAO: PARA ANALISE, CONCENTRACAO: N/A, GRANULOMETRIA: N/A",L,,,Dosagem não especificada ou não consta no CATMAT,
https://pncp.gov.br/api/pncp/v1/orgaos/63762025000142/compras/2023/42/itens,3642253,17893,"EXFORGE HCT 320/25/10 MG

(Valsartana + Hidroclorotiazida + Besilato de Anlodipino)

",COMP,"PDM: 17893 - Valsartana, Composição:Associado À Hidroclorotiazida, Anlodipino Besilato, Concentração:320 Mg + 25 Mg + 10 MG",433548.0,Sim,
https://pncp.gov.br/api/pncp/v1/orgaos/87738530000110/compras/2024/175/itens,1,8710,Lansoprazol 30mg,Unidade,"PDM: 8710 - Lansoprazol, Dosagem:30mg",269965.0,Sim,
https://pncp.gov.br/api/pncp/v1/orgaos/75771477000170/compras/2023/162/itens,2,3929,BROMOPRIDA 4 MG/ML GOTAS,FR,"PDM: 3929 - Bromoprida, Dosagem:4 MG/ML, Apresentação:Gotas",269956.0,Sim,
https://pncp.gov.br/api/pncp/v1/orgaos/45739091000110/compras/2022/1/itens,1,8428,SERINGA 1ML C/AGULHA PARA INSULINA,UN,,,Não,
https://pncp.gov.br/api/pncp/v1/orgaos/18094862000196/compras/2024/5/itens,2,2032,"ÁCIDO TRANEXÂMICO, 50MG/ML AMP 5ML, Solução INJETÁVEL IV",Ampola,"PDM: 2032 - Ácido Tranexâmico, Dosagem:50 MG/ML, Forma Farmacêutica:Solução Injetável",327566.0,Sim,
https://pncp.gov.br/api/pncp/v1/orgaos/03184041000173/compras/2024/19/itens,6,17677,CLOZAPINA 100MG (COMPRIMIDO),UNIDADE,"PDM: 17677 - Clozapina, Dosagem:100 MG",272431.0,Sim,
https://pncp.gov.br/api/pncp/v1/orgaos/14007211000160/compras/2024/517/itens,8,8428,Insulina Glargina 100U/ml – Caneta descartável,UNIDADE,"PDM: 8428 - Insulina, Origem:Glargina, Dosagem:100ui/Ml, Aplicação:Injetável",273836.0,Sim,
https://pncp.gov.br/api/pncp/v1/orgaos/18298190000130/compras/2024/13/itens,4163604,16344,"ESPARADRAPO 10 X 4,5 CM - impermeavel, confeccionado em tecido 100% de algodão com tratamento especial para facilitar o rasgo sem desfiamento, resina acrílica impermeabilizante, massa adesiva a base de borracha natural, óxido de zinco e resinas. apresentando bordas serrilhadas que favorecem o corte orientado em ambos os sentidos, sem necessidade de instrumento de corte, tornando o produto mais econômico. Cor branca .",Unidade,,,Não,
https://pncp.gov.br/api/pncp/v1/orgaos/87843819000107/compras/2023/1263/itens,4,2593,"ALOGLIPTINA, 25 MG, COMPRIMIDO",COM,"PDM: 2593 - Alogliptina, Concentração:25 MG",436169.0,Sim,
https://pncp.gov.br/api/pncp/v1/orgaos/01921228000187/compras/2023/28/itens,1,14456,"Acebrofilina 25mg/5mL, xarope -  Pediátrico",Frasco 120 ML,"PDM: 14456 - Acebrofilina, Concentração:5 MG/ML, Forma Farmaceutica:Xarope",448838.0,Sim,
https://pncp.gov.br/api/pncp/v1/orgaos/24772287000136/compras/2023/84/itens,8,2418,"FÓRMULA INFANTIL, EM PÓ, DE AMINOÁCIDOS LIVRES PARA LACTENTES E DE SEGUIMENTO PARA LACTENTES (DESDE O NASCIMENTO) E/ OU CRIANÇAS DE PRIMEIRA INFÂNCIA, DESTINADA A NECESSIDADES DIETOTERÁPICAS ESPECÍFICAS, COMO ALERGIA À PROTEÍNA DO LEITE DE VACA, A SO",un - unidade,,,Não,
https://pncp.gov.br/api/pncp/v1/orgaos/46634259000195/compras/2024/129/itens,5,18239,"BOLSA DE COLOSTOMIA/ ILESTOMIA, UMA PEÇA DRENÁVEL, OPACA, placa adesiva protetora de pele composta por apenas CMC e pectina, polímeros elastomericos, reforçada com uma borda adesiva de acrílico, recorte inicial de 19 mm e recorte final de 64 mm. Plástico antiodor opaca, filtro de carvão ativado embutido para controle de odor e gases, com uma película interna de proteção, acompanhado de adesivos para proteção do mesmo quando em contato com a água. Possui fecho de intertravamento integrado por conectores plásticos.",UNIDADE,,,Não,
https://pncp.gov.br/api/pncp/v1/orgaos/01615422000134/compras/2024/6/itens,2,2259,ALCOOL ETILICO GEL 500ml,CAIXA,,,Dosagem não especificada ou não consta no CATMAT,
https://pncp.gov.br/api/pncp/v1/orgaos/64614449000122/compras/2024/223/itens,9,350,ALBENDAZOL 40 MG/ML 10 ML,FRASCO,"PDM: 350 - Albendazol, Dosagem:40 MG/ML, Uso:Suspensão Oral",267507.0,Sim,
https://pncp.gov.br/api/pncp/v1/orgaos/01576782000174/compras/2024/146/itens,6,5207,"DESVENLAFAXINA 100MG


",COMPRIMIDO,"PDM: 5207 - Desvenlafaxina, Composição:Sal Succinato, Concentração:100 MG, Forma Farmacêutica:Liberação Controlada",405899.0,Sim,
https://pncp.gov.br/api/pncp/v1/orgaos/10465644000109/compras/2023/150/itens,4,5090,CLOPIDOGREL 75MG C/30,CX,"PDM: 5090 - Clopidogrel, Dosagem:75 MG",272045.0,Sim,
https://pncp.gov.br/api/pncp/v1/orgaos/87572079000103/compras/2024/15/itens,4,6381,Domperidona 10 mg,COM,"PDM: 6381 - Domperidona, Dosagem:10 MG",269962.0,Sim,
https://pncp.gov.br/api/pncp/v1/orgaos/13805528000180/compras/2024/99/itens,4196341,5400,"Arame farpado, fabricado em aço de alta resistência, três camadas de zinco, galvanização pesada com carga mín. de ruptura de 350kgf, diâmetro do fio de no mínimo 1,6mm. Rolo com 500 metros.",Rolo,,,Não,
https://pncp.gov.br/api/pncp/v1/orgaos/01131713000157/compras/2022/5/itens,5,5275,CLORPROMAZINA 25 MG   COMPRIMIDO,UNIDADE,"PDM: 5275 - Clorpromazina, Dosagem:25 Mg",267635.0,Sim,
https://pncp.gov.br/api/pncp/v1/orgaos/08778268000160/compras/2024/219/itens,1,2363,ALPROSTADIL 20 mcg pó liofílico para solução injetável (frasco ampola). Item registrado na ata: 0025/2023,frasco-amp,,,Dosagem não especificada ou não consta no CATMAT,
https://pncp.gov.br/api/pncp/v1/orgaos/23019551000100/compras/2024/19/itens,5,5156,"CLONIDINA CLORIDRATO, 0,2 MG",UN,"PDM: 5156 - Clonidina Cloridrato, Concentração:0,2 MG",272042.0,Sim,
https://pncp.gov.br/api/pncp/v1/orgaos/87344016000108/compras/2024/345/itens,8,8222,HIDROCORTISONA 10 MG/ML ODONTOLÓGICO,UN,,,Dosagem não especificada ou não consta no CATMAT,
https://pncp.gov.br/api/pncp/v1/orgaos/10572048000470/compras/2023/173/itens,1,6381,"(3416119) - DOMPERIDONA - CONCENTRACAO/DOSAGEM 10 MG,FORMA FARMACEUTICA COMPRIMIDO,VIA DE ADMINISTRACAO ORAL",COMPRIMIDO,"PDM: 6381 - Domperidona, Dosagem:10 MG",269962.0,Sim,
https://pncp.gov.br/api/pncp/v1/orgaos/19769660000160/compras/2024/171/itens,1,15458,"MANUTENÇÃO PREVENTIVA E CORRETIVA MENSAL PARA EQUIPAMENTOS DE SAÚDE, QUE COMPREENDE: AUTOCLAVES, CÂMARAS DE VACINA, GERADOR NA ÁREA DE SÁUDE, APARELHOS DE FISIOTERAPIA ETC. TODOS OS EQUIPAMENTOS QUE SÃO USADOS NA ÁREA DA SAÚDE AMBULATORIAL OU DEMAIS, QUE ESTÃO DISTRIBUIDOS NAS UBS CENTRO, UBS MÃOS DADAS, UBS BENEVIDES E UBS FERRUGINHA E UBS BARRA DO CUITÉ.",MESES,,,Não,
https://pncp.gov.br/api/pncp/v1/orgaos/45685872000179/compras/2024/79/itens,5,2259,"ÁLCOOL ETÍLICO 46,2º INPM; hidratado; substância líquida com teor alcóolico; acondicionado em EMBALAGEM COM 1L; deverá constar em sua embalagem a data de fabricação e prazo de validade; com registro na ANVISA e selo do INMETRO; o produto deverá ter validade de no mínimo 18 meses a contar da data de entrega. 


",UNIDADE,,,Dosagem não especificada ou não consta no CATMAT,
https://pncp.gov.br/api/pncp/v1/orgaos/13168687000110/compras/2024/62/itens,1,8007,"GLICOSIMETRO - MEDIDOR DE GLICOSE, DISPLAY PARA LEITURA,MEMÓRIA PARA 360/365 RESULTADOS, MICRO AMOSTRAS DE SANGUE, SISTEMA EJETOR DE TIRAS,.,MEMÓRIA PARA 360/365 RESULTADOS, MICRO AMOSTRAS DE SANGUE, SISTEMA EJETOR DE TIRAS,.,LANCETADOR, LANCETAS, TIRAS TESTE.",UNIDADE,,,Não,
https://pncp.gov.br/api/pncp/v1/orgaos/13872416000141/compras/2023/50/itens,1,358,VILDAGLIPTINA 50 MG (GALVUS),CP,"PDM: 358 - Vildagliptina, Concentração:50 MG",362802.0,Sim,
https://pncp.gov.br/api/pncp/v1/orgaos/45142684000102/compras/2023/3/itens,3,7644,FLUCONAZOL 150MG - CP,UNIDADE,"PDM: 7644 - Fluconazol, Dosagem:150 MG",267662.0,Sim,
https://pncp.gov.br/api/pncp/v1/orgaos/10480777000154/compras/2023/7/itens,1,2595,02.02.03.010-5 - DOSAGEM DE ANTIGENO PROSTATICO ESPECIFICO (PSA),UND,,,Não,
https://pncp.gov.br/api/pncp/v1/orgaos/95640652000105/compras/2024/35/itens,5,3167,BR0268949 Azitromicina 40mg/ml suspenção.: 150ml,FRASCO,"PDM: 3167 - Azitromicina, Dosagem:40 MG/ML, Apresentação:Suspensão Oral",268949.0,Sim,
https://pncp.gov.br/api/pncp/v1/orgaos/07102106000145/compras/2024/20/itens,4,5400,"ESTANTE DE AÇO ABERTA C/06 PRAT C/REFORÇO EM ""X"" 198X92X30 - Estante de aço aberta fabricada em chapa de aço carbono de 0,75 mm e 0,40 mm. Possui 04 (quatro) colunas fabricadas em chapa de aço perfilada de 0,75 mm, para aumento da resistência. Possui dupla perfuração para ajuste de altura de prateleira. É composta por 06 (seis) prateleiras fabricadas em chapa de aço carbono com 0,40 mm de espessura, com dimensões de 92 x 30 cm. A prateleira da estante possui ainda 01 reforço de chapa de aço carbono 0,40 mm com perfilamento em “V” para aumento da resistência da mesma, fixado ao centro da prateleira. A estante possui 03 pares de reforços em “X”, sendo 02 laterais e 01 ao fundo da prateleira. Esses reforços são fabricados em chapa de aço carbono 1,20 mm. Estante com tratamento de superfície metálica fosfatizado com zinco e pintura eletrostática pó cor cinza texturizada, com alta resistência a umidade e intempéries. Possui 04 (quatro) pés em polipropileno para apoio. Dimensões de 198x92x30 (Alt x Comp x Prof).",UNIDADE,,,Não,
https://pncp.gov.br/api/pncp/v1/orgaos/13128798001094/compras/2024/30/itens,6,5275,"CLORPROMAZINA, CLORIDRATO - CONCENTRACAO/DOSAGEM 25MG,COMPRIMIDO REVESTIDO,EMBALADO EM BLISTER OU STRIP,VIA DE ADMINISTRACAO ORAL",COMPRIMIDO,"PDM: 5275 - Clorpromazina, Dosagem:25 Mg",267635.0,Sim,
https://pncp.gov.br/api/pncp/v1/orgaos/45343969000101/compras/2022/3/itens,10,365,BENZILPENICILINA BENZATINA 1.200.000U.I. PO SUSP.INJ.,FRC,"PDM: 365 - Benzilpenicilina, Apresentação:Benzatina, Dosagem:1.200.000ui, Uso:Injetável",270612.0,Sim,
https://pncp.gov.br/api/pncp/v1/orgaos/14572082000153/compras/2023/1/itens,5,5400,Urna de zinco para translado de corpo adulto modelo impermeabilzada para trasnporte de corpo em estado avançado de decoposição ou doença infectocontagiosa,Unidade,,,Não,
https://pncp.gov.br/api/pncp/v1/orgaos/01615393000100/compras/2023/24/itens,4,11154,Prednisona 20 mg comprimido Br0267743,Unidade,"PDM: 11154 - Prednisona, Dosagem:20 Mg",267743.0,Sim,
https://pncp.gov.br/api/pncp/v1/orgaos/75425314000135/compras/2024/25/itens,10,1631,Colecalciferol 200UI   gotas   Frasco com 10ml  Vit d3,Frasco,"PDM: 1631 - Colecalciferol, Concentração:200 UI",438093.0,Sim,
https://pncp.gov.br/api/pncp/v1/orgaos/78279981000145/compras/2024/106/itens,1456349,2259,ÁLCOOL ETÍLICO 70% EMBALAGEM 1 LT  ÁLCOOL ETÍLICO 70% EMBALAGEM 1 LT  Hidratado na concentração de 70º inpm (70% em peso). Embalagem 1 litro.,UN,"PDM: 2259 - Álcool Etílico, Tipo:Hidratado, Teor Alcoólico:70%_(70°Gl), Apresentação:Líquido",269941.0,Sim,
https://pncp.gov.br/api/pncp/v1/orgaos/46634481000198/compras/2024/121/itens,7,6381,DOMPERIDONA 10MG COMPRIMIDO   MOTILIUM,COMPRIMIDOS,"PDM: 6381 - Domperidona, Dosagem:10 MG",269962.0,Sim,
https://pncp.gov.br/api/pncp/v1/orgaos/67995027000132/compras/2023/48/itens,1,9716,Micofenolato Mofetila 500mg - cx com 50 cp,Caixa,"PDM: 9716 - Micofenolato, Composição:Mofetila, Concentração:500 MG",448579.0,Sim,
https://pncp.gov.br/api/pncp/v1/orgaos/66831959000187/compras/2024/17/itens,1,14456,ACEBROFILINA 25MG/5ML - SOLUÇÃO ORAL PEDEDIATRICO FRASCO COM 120ML + COPO DE MEDIDA,FRASCO,,,Dosagem não especificada ou não consta no CATMAT,
https://pncp.gov.br/api/pncp/v1/orgaos/75443812000100/compras/2024/6/itens,8,2259,ALCOOL ETILICO 70    1000ML  BR 0269941,FRASCO,"PDM: 2259 - Álcool Etílico, Tipo:Hidratado, Teor Alcoólico:70%_(70°Gl), Apresentação:Líquido",269941.0,Sim,
https://pncp.gov.br/api/pncp/v1/orgaos/45511847000179/compras/2024/265/itens,10,2436,"AMOXICILINA INJETÁVEL, 15G/100ML, FRASCO 100 ML, USO VETERINÁRIO - Amoxicilina injetável, 15g/100mL, frasco 100 ml, uso veterinário",Frasco - Fr,,,Não,
https://pncp.gov.br/api/pncp/v1/orgaos/45189305000121/compras/2024/29/itens,1,15458,SERV. DE MANUT. DE CAMARA DE VACINA MOD.BT1100/140,UN,,,Não,
https://pncp.gov.br/api/pncp/v1/orgaos/45301652000102/compras/2024/293/itens,6,348,CIMETIDINA 200 MG,COMPRIMIDO,"PDM: 348 - Cimetidina, Dosagem:200 MG",267627.0,Sim,
https://pncp.gov.br/api/pncp/v1/orgaos/01178573000172/compras/2024/35/itens,5,350,ALBENDAZOL 40 MG - COMPRIMIDO,Unidade,,,Em dúvida,Dosagem não existe no CATMAT
https://pncp.gov.br/api/pncp/v1/orgaos/03741675000180/compras/2024/8/itens,1361925,350,"(BR0459822) ALBENDAZOL, CONCENTRAÇÃO: 400 MG, FORMA FARMACÊUTICA: COMPRIMIDO MASTIGÁVEL, COMPRIMIDO",UN,"PDM: 350 - Albendazol, Concentração:400 MG, Forma Farmaceutica:Comprimido Mastigável",459822.0,Sim,
https://pncp.gov.br/api/pncp/v1/orgaos/92324706000127/compras/2024/47/itens,2,350,"ALBENDAZOL 40MG/ML SUSPENSÃO ORAL, FRASCO 10ML.",Frasco,"PDM: 350 - Albendazol, Dosagem:40 MG/ML, Uso:Suspensão Oral",267507.0,Sim,
https://pncp.gov.br/api/pncp/v1/orgaos/45138070000149/compras/2024/57/itens,2,350,ALBENDAZOL LIQUIDO,VIDRO,"PDM: 350 - Albendazol, Dosagem:40 MG/ML, Uso:Suspensão Oral",267507.0,Sim,
https://pncp.gov.br/api/pncp/v1/orgaos/18017392000167/compras/2023/11/itens,923383,351,Aminofilina 24 MG/ML (Solucao Injetavel):Aminofilina 24 MG/ML (Solucao Injetavel) Ampola 10 ml,Unidade,"PDM: 351 - Aminofilina, Dosagem:24 MG/ML, Forma Farmacêutica:Solução Injetável",292402.0,Sim,
https://pncp.gov.br/api/pncp/v1/orgaos/01801612000146/compras/2024/594/itens,2,353,ÁCIDO ACETILSALICÍLICO TAMPONADO 100MG (SOMALGIM CARDIO),COMP,"PDM: 353 - Ácido Acetilsalicílico, Dosagem:100 MG, Tipo Uso:Tamponado",270965.0,Sim,
https://pncp.gov.br/api/pncp/v1/orgaos/08778268000160/compras/2024/361/itens,2,354,ACIDO FOLICO 5 mg comprimido em blíster.  Item registrado na ata: 0010/2024,Comp.,"PDM: 354 - Ácido Fólico, Dosagem:5 MG",267503.0,Sim,
https://pncp.gov.br/api/pncp/v1/orgaos/05054929000117/compras/2024/23/itens,5,354,"Ferripolimaltose 100mg + Ácido Fólico 0,35mg",COMP. MASTIGÁVEL,,,Em dúvida,Composição não existe no CATMAT
https://pncp.gov.br/api/pncp/v1/orgaos/01616271000139/compras/2024/37/itens,4,354,ACIDO FOLICO 5 MG..,Comprimido,"PDM: 354 - Ácido Fólico, Dosagem:5 MG",267503.0,Sim,
https://pncp.gov.br/api/pncp/v1/orgaos/18303263000135/compras/2023/18/itens,1,363,Aciclovir 200 mg Cpr,Unidade,"PDM: 363 - Aciclovir, Dosagem:200 MG",268370.0,Sim,
https://pncp.gov.br/api/pncp/v1/orgaos/76002658000102/compras/2024/22/itens,3,363,ACICLOVIR 50 MGG CREME  BISNAGA 10G  BR 268375,TB,"PDM: 363 - Aciclovir, Dosagem:50 MG/G, Uso:Creme",268375.0,Sim,
https://pncp.gov.br/api/pncp/v1/orgaos/75972760000160/compras/2024/56/itens,3,363,ACICLOVIR 200 MG BR0268370,COMP,"PDM: 363 - Aciclovir, Dosagem:200 MG",268370.0,Sim,
https://pncp.gov.br/api/pncp/v1/orgaos/03354560000132/compras/2024/20/itens,1378842,363,ACICLOVIR 200MG COMPRIMIDOACICLOVIR 200MG COMPRIMIDO,Unidades,"PDM: 363 - Aciclovir, Dosagem:200 MG",268370.0,Sim,
https://pncp.gov.br/api/pncp/v1/orgaos/19391945000100/compras/2023/20/itens,1,363,20933 - Aciclovir 200mg,compr,"PDM: 363 - Aciclovir, Dosagem:200 MG",268370.0,Sim,
https://pncp.gov.br/api/pncp/v1/orgaos/87613519000123/compras/2023/55/itens,5,363,"ACICLOVIR 50MG/G CREME DERMATOLOGICO, BISNAGA 10G, embalagem individual em cartucho ou com no máximo 100 bisnagas, em embalagem primária e secundária, de acordo com a publicação do registro no Ministério da Saúde.",Tubo,"PDM: 363 - Aciclovir, Dosagem:50 MG/G, Uso:Creme",268375.0,Sim,
https://pncp.gov.br/api/pncp/v1/orgaos/03347127000170/compras/2024/115/itens,4488107,363,"ACICLOVIR - CONCENTRACAO/DOSAGEM 50 MG/G - ACICLOVIR - CONCENTRACAO/DOSAGEM 50 MG/G,FORMA FARMACEUTICA CREME,FORMA DE APRESENTACAO BISNAGA,VIA DE ADMINISTRACAO TOPICA",UNIDADE,"PDM: 363 - Aciclovir, Dosagem:50 MG/G, Uso:Creme",268375.0,Sim,
https://pncp.gov.br/api/pncp/v1/orgaos/75680025000182/compras/2024/11/itens,5,363,"ACICLOVIR 200 MG (COD- BR0268370)  


  


VIA ORAL",COMP,"PDM: 363 - Aciclovir, Dosagem:200 MG",268370.0,Sim,
https://pncp.gov.br/api/pncp/v1/orgaos/13792329000184/compras/2024/55/itens,7,365,"BENZILPENICILINA,  benzatina, 1.200.000 ui,",FRASCO AMPOLA,"PDM: 365 - Benzilpenicilina, Apresentação:Benzatina, Dosagem:1.200.000ui, Uso:Injetável",270612.0,Sim,
https://pncp.gov.br/api/pncp/v1/orgaos/18315218000109/compras/2024/8/itens,10,1249,"DOCE DE LEITE PASTOSO, DEVERÁ SER FABRICADO COM MATÉRIAS-PRIMAS SÃS E LIMPAS, ISENTAS DE MATÉRIA TERROSA, PARASITAS, E EM PERFEITO ESTADO DE CONSERVAÇÃO. O LEITE EMPREGADO DEVERÁ APRESENTAR-SE NORMAL E FRESCO. NO PREPARO DO PRODUTO, O LEITE DEVE ENTRAR NA PROPORÇÃO MÍNIMA DE TRÊS PARTES DE LEITE PARA UMA DE AÇÚCAR. NÃO PODERÁ CONTER SUBSTÂNCIAS ESTRANHAS À SUA COMPOSIÇÃO NORMAL, ALÉM DAS PREVISTAS NA NTA 56. COMO COADJUVANTE DA TECNOLOGIA DE FABRICAÇÃO SERÁ TOLERADO O EMPREGO DE AMIDO NA DOSAGEM MÁXIMA DE 2%. SERÁ TOLERADA A ADIÇÃO DE AROMATIZANTES NATURAIS. SERÁ PROIBIDO ADICIONAR AO DOCE DE LEITE GORDURAS ESTRANHAS, GELEIFICANTES OU OUTRAS SUBSTÂNCIAS, EMBORA INÓCUAS, EXCETO O BICARBONATO DE SÓDIO EM QUANTIDADES ESTRITAMENTE NECESSÁRIO PARA A REDUÇÃO PARCIAL DA ACIDEZ DO LEITE. COMPOSIÇÃO NUTRICIONAL MÍNIMA DE 60% CARBOIDRATO, 2% DE LIPÍDIO E 6% PROTEÍNA. COM REGISTRO NO SIF OU SISP – EMBALAGEM 500G. SIMILAR OU SUPERIOR A MARCA ITAMBÉ, PIRACANJUBA OU CAMPONESA.","Embalagem 500,00 Gra",,,Não,
https://pncp.gov.br/api/pncp/v1/orgaos/06579478000102/compras/2024/4/itens,8,1289,"BISCOITO TIPO CREAM CRACKER 400G – Biscoitos em pacote de 400g. livre de impurezas. Á base de: farinha de trigo, gordura vegetal hidrogenada, açúcar, amido de milho, sal refinado, fermento, leite ou soro, outros; composição nutricional mínima 12%de proteínas, valor calórico 440 kcal, embalagem tipo 03 em 01. Não podendo conter biscoitos mal cozidos, queimados e de características organolépticas anormais. Embalagem em perfeito estado de conservação, apresentação, integridade e consumo, com validade mínima de 180 dias da entrega do produto.",Pacote,,,Não,
https://pncp.gov.br/api/pncp/v1/orgaos/07173244000115/compras/2023/7/itens,2,1289,"Achocolatado em pó, obtido pela mistura de cacau em pó solúvel, leite em pó e/ou soro, constituído de pó fino e homogêneo, isento de soja ou farinha, sujidades e materiais estranhos, admitindo teor de umidade máxima de 3% em peso, acondicionado em embalagem com peso líquido de 400g.",UND,,,Em dúvida,Não consta no CATMAT
https://pncp.gov.br/api/pncp/v1/orgaos/21857271000138/compras/2024/47/itens,5,1289,SORO EM PO PARA HIDRATACAO,UNIDADE,,,Em dúvida,Não consta no CATMAT
https://pncp.gov.br/api/pncp/v1/orgaos/07738057000131/compras/2024/31/itens,6,1289,SORO GLICOFISIOLOGICO 1:1 500ML.,AMP,,,Não,
https://pncp.gov.br/api/pncp/v1/orgaos/27142058000126/compras/2023/578/itens,3,1289,"TESTE, Aplicação: Determinação rápida e qualitativa do HCG em amostras de soro e urina, Apresentação: Kit, Complemento: Métodologia Imunoenzimático ou Imunocromatografia, utilizando uma combinação de anticorpos mono e policlonais para identificação seletiva do HCG, as membranas reativas deverão ser impregnadas com anticorpo mono e policlonal, conjugado de cor e azida sódica a 0,1%. Sensibilidade de detecção de até 25mUI/ml. Reação com tempo máximo de 15 minutos. Caixa com 50 ou 100 testes embalados individualmente.",TESTE,,,Não,
https://pncp.gov.br/api/pncp/v1/orgaos/07954480000179/compras/2024/6982/itens,2,1289,"SORO, SOLUCAO FISIOLOGICA 0,9% FRASCO 250ML, UNIDADE 1.0 UNIDADE",UNIDADE 1.0 UNIDADE,,,Em dúvida,Não consta no CATMAT
https://pncp.gov.br/api/pncp/v1/orgaos/44544690000115/compras/2024/19/itens,1,1289,CHOCOLATE AO LEITE NO FORMATO DE OVO DE PASCOA DE 250GR. INGREDIENTES  ACUCAR  MASSA DE CACAU  MANTEIGA DE CACAU  GORDURA VEGETAL  LEITE INTEGRAL EM PO  LEITE DESNATADO EM PO  SORO DE LEITE EM PO  EMULSIFICANTES  LECITINA DE SOJA E ESTERES DE ACIDO RICINOLEICO INTERESTERIFICADO COM POLIGLICEROL E AROMATIZANTE. NAO CONTEM GLUTEN. PRODUTO DEVE SER EMBALADO INTERNAMENTE EM PAPEL CHUMBO EM DUAS PARTES E CONTER EMBALAGEM EXTERNA.  CHOCOLATE NAO HIDROGENADO,UNIDADE,,,Não,
https://pncp.gov.br/api/pncp/v1/orgaos/08943227000182/compras/2023/28/itens,10,1289,SORO GLICOSADO 500 ML,Ampola,,,Em dúvida,PDM está errado. Correto é 8007
https://pncp.gov.br/api/pncp/v1/orgaos/10572022000180/compras/2024/113/itens,6,1289,"(4659090) - KIT PARA DOSAGEM DE TIROXINA TOTAL - QUIMIOLUMINESCENCIA E/OU ELETROQUIMIOLUMINESCENCIA DE FORMA TOTALMENTE AUTOMATIZADA,AMOSTRA SORO,OU PLASMA",TESTE,,,Não,
https://pncp.gov.br/api/pncp/v1/orgaos/76972074000151/compras/2024/111/itens,10,1289,"BR0357880 - SORO GLICOSADO 5% 1000 ML SISTEMA FECHADO PRODUZIDO EM FRASCO, DEVE SER LIVRE DE MATERIAIS COMO PVC, PLASTIFICANTES, ADESIVOS OU LATEX, ROTULO E GRADUAÇÃO NITIDA, O FRASCO DEVE POSSUIR DOI",FR,,,Em dúvida,PDM está errado. Correto é 8007
https://pncp.gov.br/api/pncp/v1/orgaos/18140756000100/compras/2023/82/itens,3855004,1289,"KIT PARA DETERMINAÇÃO QUALITATIVA DE TROPONINA 1 POR MÉTODO IMUNOCROMATOGRAFICOEM AMOSTRAS DE SANGUE TOTAL, SORO OU PLASMA HUMANO - CAIXA COM 20 UNIDADES",UN,,,Não,
https://pncp.gov.br/api/pncp/v1/orgaos/04207638000159/compras/2023/12/itens,3,1289,"Soro glicofisio 500ml, cx c/ 30 validade mínima de 24 meses",CX,,,Em dúvida,PDM está errado. Correto é 8007
https://pncp.gov.br/api/pncp/v1/orgaos/04104816000116/compras/2024/6/itens,1,1383,"CIPROFIBRATO, DOSAGEM: 100 MG",COMPRIMIDO,"PDM: 1383 - Ciprofibrato, Dosagem:100 MG",308738.0,Sim,
https://pncp.gov.br/api/pncp/v1/orgaos/43465459000173/compras/2024/279/itens,1,1650,DENOSUMABE 60MG/ML SERINGA PREENCHIDA 1ML,SE,"PDM: 1650 - Denosumabe, Concentração:60 MG/ML, Forma Farmacêutica:Solução Injetável",421223.0,Sim,
https://pncp.gov.br/api/pncp/v1/orgaos/80673411000187/compras/2023/270/itens,3,1782,"Hormonios hipofisarios e compostos relacionados Leuprorrelina, acetato 11,25 mg injetável",Ampola,"PDM: 1782 - Leuprorrelina Acetato, Concentração:11,25 MG, Forma Farmacêutica:Pó Liófilo P/Injetável",305260.0,Sim,
https://pncp.gov.br/api/pncp/v1/orgaos/46199253000137/compras/2023/14/itens,3,1824,ACETILCISTEÍNA 100 MG/ML,AMP,"PDM: 1824 - Acetilcisteína, Dosagem:100 MG/ML, Forma Farmacêutica:Solução Injetável",335091.0,Sim,
https://pncp.gov.br/api/pncp/v1/orgaos/46634259000195/compras/2024/45/itens,3,1824,ACETILCISTEÍNA 100 MG / 5 ML 120 ML + ACESSÓRIO DOSADOR,FRC,"PDM: 1824 - Acetilcisteína, Dosagem:20 MG/ML, Indicação:Xarope",270558.0,Sim,
https://pncp.gov.br/api/pncp/v1/orgaos/01614225000109/compras/2023/256/itens,3,1824,"ACETILCISTEINA - CONCENTRACAO/DOSAGEM 20 MG/ML,FORMA FARMACEUTICA XAROPE,FORMA DE APRESENTACAO FRASCO,VIA DE ADMINISTRACAO ORAL FRASCO 120 MILILITRO",FRASCO,"PDM: 1824 - Acetilcisteína, Dosagem:20 MG/ML, Indicação:Xarope",270558.0,Sim,
https://pncp.gov.br/api/pncp/v1/orgaos/01619104000141/compras/2024/53/itens,1,1872,"ÁCIDO ASCÓRBICO, DOSAGEM:100 MG/ML, TIPO DE USO: INJETÁVEL. AMPOLA 5ML.",AMP,"PDM: 1872 - Ácido Ascórbico, Dosagem:100 MG/ML, Tipo Uso:Injetável",271687.0,Sim,
https://pncp.gov.br/api/pncp/v1/orgaos/08349011000193/compras/2024/21/itens,2,1872,10288 - Ácido ascorbico 100mg/ml,Ampola,"PDM: 1872 - Ácido Ascórbico, Dosagem:100 MG/ML, Tipo Uso:Injetável",271687.0,Sim,
https://pncp.gov.br/api/pncp/v1/orgaos/12075748000132/compras/2024/44/itens,3,1872,"ÁCIDO ASCÓRBICO, 100 MG/ML, INJETÁVEL, AMPOLA COM  5 ML. (CIM9390)",AMPOLA (AMP),"PDM: 1872 - Ácido Ascórbico, Dosagem:100 MG/ML, Tipo Uso:Injetável",271687.0,Sim,
https://pncp.gov.br/api/pncp/v1/orgaos/87958625000149/compras/2024/74/itens,1,2031,DARATUMUMABE 120MG/ML SOL INJ (1800MG/15ML),un,"PDM: 2031 - Daratumumabe, Concentração:120 MG/ML, Forma Farmacêutica:Solução Injetável",475967.0,Sim,
https://pncp.gov.br/api/pncp/v1/orgaos/07663917000115/compras/2024/53/itens,6,2032,ÁCIDO TRANEXÂMICO 250MG - COMPRIMIDO EMBALADO EM BLISTER LÂMINADO.,Comprimido,"PDM: 2032 - Ácido Tranexâmico, Dosagem:250 MG",278338.0,Sim,
https://pncp.gov.br/api/pncp/v1/orgaos/13133909000160/compras/2024/4/itens,3983785,2100,"ADENOSINA 6 MG/ 2 ML - SOLUÇÃO INJETÁVEL, ESTÉRIL, AMPOLA CONTÉM 2 ML",AMPOLA,"PDM: 2100 - Adenosina, Dosagem:3 MG/ML, Indicação:Solução Injetável",278281.0,Sim,
https://pncp.gov.br/api/pncp/v1/orgaos/08354383000108/compras/2024/55/itens,2,2259,"Álcool etílico, hidratado, 70%_(70°GI), líquido, segundo Inpm-Nbr 5991/97, embalagem com selo do Inmetro, frasco com 1.000 Ml.",Litro,"PDM: 2259 - Álcool Etílico, Tipo:Hidratado, Teor Alcoólico:70%_(70°Gl), Apresentação:Líquido",269941.0,Sim,
https://pncp.gov.br/api/pncp/v1/orgaos/08281643000162/compras/2023/47/itens,5,2259,"ANTISSÉPTICO INSTANTÂNEO EM ESPUMA PARA MÃOS, CONTENDO ÁLCOOL ETÍLICO 70%, CLORETO DE CETIL TRIMETIL AMÔNIO, VITAMINA E OLEOSA, PEG - 12 DIMETHICONE, ACETATO DE TOCOFEROL, TRIGLICÉRIDE, ÁCIDO CAPRÍLICO, ÁLCOOL ISOPRIPILICO, ÁGUA. EMBALAGEM EM PLÁSTICO CONTENDO 1000ML COM VÁLVULA ESPUMADORA E COMPATÍVEL COM DISPENSER DOSADOR. O PRODUTO DEVE TER ATIVIDADE REDUCIONAL COMPROVADA ATRAVÉS DE LAUDOS OFICIAIS FRENTE À SALMONELA CHOLERAESUIS, STAPHYLOCOCCUS AUREUS MRSA, STAPHYLOCOCCUS AUREUS, PSEUDOMONAS AERUGINOSA, ESCHE RICHIA COLI, KLEBSIELLA PNEUMONIA KPC, ACINETOBACTER BAUMANNII, LISTERIA MONOCYTOGENES, SALMONELA TYPHIMURIUM, SERRÁTIA MARCESCENS, STAPHYLOCOCCUS EPIDERMIDIS, ENTEROCOCCUS FAECIUM VRE, CANDIDA ALBICANS E ASPERGILLUS BRASILIENEIS E CANDIDA AURIS. O PRODUTO TAMBÉM DEVERÁ TER COMPROVAÇÃO CONTRA SARS-COV-2/COVID19 E MERS), INFLUENZA VÍRUS A (H1N1), VÍRUS SINCICIAL RESPIRATÓRIO (VSR), VÍRUS DA IMUNODEFICIÊNCIA HUMANA (HIV), VÍRUS DA HEPATITES B E C. DEVERÁ SER ENTREGUE EM FORMA DE COMODATO DISPENSER DOSADOR TRANSPARENTE, DE ACORDO COM A NECESSIDADE DA INSTITUIÇÃO, RESPEITANDO A QUANTIDADE MÁXIMA DE A QUANTIDADE DE 30 DOSADORES.",FRASCO (FR),,,Em dúvida,Composição não existe no CATMAT
https://pncp.gov.br/api/pncp/v1/orgaos/88123492000153/compras/2024/75/itens,9,2259,ALCOOL ETILICO LIQUIDO HIDRATADO 70  INPM 1L  COM ACAO ANTISSEPTICA  COM 70  DE ALCOOL ETILICO  COM ELIMINACAO DE 99 9  DAS BACTERIAS  EM FRASCO COM 1000ML.,frasco,"PDM: 2259 - Álcool Etílico, Tipo:Hidratado, Teor Alcoólico:70%_(70°Gl), Apresentação:Líquido",269941.0,Sim,
https://pncp.gov.br/api/pncp/v1/orgaos/18256417000185/compras/2023/66/itens,3,2259,"ÁLCOOL ETÍLICO ANTISSÉPTICO EM GEL 70% 440 GRAMAS MARCAS REFERENCIAIS: Asseptgel, Florabella",UN,"PDM: 2259 - Álcool Etílico, Tipo:Hidratado, Teor Alcoólico:70%_(70°Gl), Apresentação:Gel",269943.0,Sim,
https://pncp.gov.br/api/pncp/v1/orgaos/01605479000152/compras/2024/28/itens,4,2259,"ÁLCOOL LÍQUIDO HIDRATADO, TIPO: ETÍLICO, 92,8º INPM, COMPOSIÇÃO: ÁLCOOL ETÍLICO, BENZOATO DE DENATÔNIO E ÁGUA, SOLUBILIDADE: EM ÁGUA, COR: INCOLOR, AROMA: CARACTERÍSTICO, FUNÇÃO: USO DOMÉSTICO. EMBALAGEM DE 1 LITRO.",LITROS (LTS),,,Em dúvida,Teor alcoolico não existe no CATMAT
https://pncp.gov.br/api/pncp/v1/orgaos/76978519000100/compras/2022/5/itens,1,2259,"ALCOOL IODADO 0,1 %, EM SOLUÇÃO DE ÁLCOOL ETÍLICO A 50% V/V, FRASCO DE 1000 ML - BR 0440573",FR,,,Em dúvida,Composição não existe no CATMAT
https://pncp.gov.br/api/pncp/v1/orgaos/34841267000123/compras/2024/9/itens,101,2259,"ALCOOL ETILICO A 70% - CONCENTRACAO/DOSAGEM A 70%, FORMA DE APRESENTACAO EMFRASCO, FORMA FARMACEUTICA SOLUCAO, INDICACAO DE USO: ANTISSEPTICO, DESINFETANTE","FRASCO ,1 LITRO",,,Em dúvida,Falta a forma de apresentação correta
https://pncp.gov.br/api/pncp/v1/orgaos/11514360000128/compras/2023/1/itens,9,2360,Alopurinol comp 100mg,COM,"PDM: 2360 - Alopurinol, Dosagem:100 Mg",267508.0,Sim,
https://pncp.gov.br/api/pncp/v1/orgaos/09164716000107/compras/2024/37/itens,6,2362,"Alprazolam 0,5 mg Comp.",Unidade,"PDM: 2362 - Alprazolam, Dosagem:0,50 MG",271357.0,Sim,
https://pncp.gov.br/api/pncp/v1/orgaos/18017384000110/compras/2024/58/itens,3,2362,ALPRAZOLAM 2MG COMPRIMIDO - ALPRAZOLAM 2MG COMPRIMIDO,Comprimido,"PDM: 2362 - Alprazolam, Dosagem:2 MG",284465.0,Sim,
https://pncp.gov.br/api/pncp/v1/orgaos/10514375000123/compras/2024/79/itens,1,2362,ALPRAZOLAM 1MG CPR C/30 (GENERICO),CX,"PDM: 2362 - Alprazolam, Dosagem:1 MG",271356.0,Sim,
https://pncp.gov.br/api/pncp/v1/orgaos/02940523000143/compras/2024/30/itens,2526,2362,"Alprazolam - Dosagem: 1 mg; Apresentação: cápsula, comprimido ou drágea.",1 - Un.,"PDM: 2362 - Alprazolam, Dosagem:1 MG",271356.0,Sim,
https://pncp.gov.br/api/pncp/v1/orgaos/18557595000146/compras/2024/17/itens,4,2365,"ALTEPLASE 50MG/50MLcontém 1 frascoampola com 2,3g de pó liofilizado, 1 frasco com 50ml de diluente e 1 cânula de transferência",AMP,"PDM: 2365 - Alteplase, Concentração:50 MG, Forma Farmacêutica:Pó Liófilo P/ Injetável + Diluente",436418.0,Sim,
https://pncp.gov.br/api/pncp/v1/orgaos/12075748000132/compras/2023/24/itens,7,2418,"NEO ADVANCE. FÓRMULA DE AMINOÁCIDOS ELEMENTAR NUTRICIONALMENTE COMPLETA, EM PÓ. LATA COM 400G. (CIM8350) AÇÃO JUDICIAL",Lata,,,Em dúvida,Falta a composição
https://pncp.gov.br/api/pncp/v1/orgaos/83102335000148/compras/2024/100/itens,7,2418,"FÓRMULA INFANTIL À BASE DE AMINOÁCIDOS LIVRES - Fórmula infantil em pó para lactentes e de seguimento para lactentes e/ou crianças de primeira infância destinada à necessidades dietoterápicas específicas, com restrição de lactose e à base de aminoácidos livres (100%). Isenta de proteína de leite, lactose, frutose e galactose. Crianças de 0 a 10 anos. Com  DHA (ômega 3) e o ARA (ômega 6). Indicado para crianças com alergia à proteína do leite de vaca (APLV). O produto deverá estar acondicionado em embalagem hermeticamente fechada, sem amassos. Embalagem a partir de 400g.",UNIDADE (UN),,,Em dúvida,Falta a composição
https://pncp.gov.br/api/pncp/v1/orgaos/75371401000157/compras/2024/59/itens,9,2418,"FÓRMULA INFANTIL ELEMENTAR DE AMINOÁCIDOS NÃO ALERGÊNICOS, NUTRICIONALMENTE COMPLETA, ADICIONADA DE CARBOIDRATOS, GORDURAS, VITAMINAS E OLIGOELEMENTOS. ISENTA DE LACTOSE, GALATOSE, SACAROSE, FRUTOSE E",LATA,,,Em dúvida,Falta a composição
https://pncp.gov.br/api/pncp/v1/orgaos/18132456000170/compras/2024/134/itens,9,2418,"Fórmula à base de aminoácidos livres, para crianças que permanecem alérgicas. Crianças de 1 a 10 anos. Indicado para alérgicos à proteína de leite de vaca, soja e hidrolisada. Lata de 400 gramas.

Fórmula à base de aminoácidos livres, para crianças que permanecem alérgicas. Crianças de 1 a 10 anos. Indicado para alérgicos à proteína de leite de vaca, soja e hidrolisada. Lata de 400 gramas.",LAT,,,Em dúvida,Falta a composição
https://pncp.gov.br/api/pncp/v1/orgaos/32370759000152/compras/2024/84/itens,1,2420,"AMIODARONA, 50 MG/ML,

INJETÁVEL, AMPOLA 3 ml.",AMPOLA,"PDM: 2420 - Amiodarona, Dosagem:50mg/Ml, Indicação:Injetável",271710.0,Sim,
https://pncp.gov.br/api/pncp/v1/orgaos/76413061000142/compras/2024/18/itens,1415813,2420,AMIODARONA 200MG CPR.,CPR,"PDM: 2420 - Amiodarona, Dosagem:200 Mg",267510.0,Sim,
https://pncp.gov.br/api/pncp/v1/orgaos/05837521000111/compras/2024/35/itens,10,2436,"AMOXICILINA,250mg/5ml. Frasco c/ 150ml-Susp Oral",FRASCO,"PDM: 2436 - Amoxicilina, Concentração:50mg/Ml, Apresentação:Pó Para Suspensão Oral",271111.0,Sim,Dosagem não especificada ou não consta no CATMAT
https://pncp.gov.br/api/pncp/v1/orgaos/10298603000175/compras/2024/7/itens,9,2436,AMOXICILINA 250MG/ML PÓ PARA SOLUÇÃO ORAL PÓ PARA SOLUÇÃO ORAL 150ML,Unidades,,,Em dúvida,Dosagem não especificada ou não consta no CATMAT
https://pncp.gov.br/api/pncp/v1/orgaos/09074113000106/compras/2024/19/itens,8,2436,AMOXICILINA + CLAVULANATO DE POTÁSSIO 500 +125 MG.,Comprimido,"PDM: 2436 - Amoxicilina, Princípio Ativo:Associada Com Clavulanato De Potássio, Concentração:500mg + 125mg",271217.0,Sim,
https://pncp.gov.br/api/pncp/v1/orgaos/12097489000140/compras/2023/48/itens,7,2436,AMOXICILINA PÓ PARA ORAL SUSPENÇÃO 250MG/5ML,FR,"PDM: 2436 - Amoxicilina, Concentração:50mg/Ml, Apresentação:Pó Para Suspensão Oral",271111.0,Sim,
https://pncp.gov.br/api/pncp/v1/orgaos/15359201000157/compras/2024/83/itens,71588,2436,"AMOXICILINA + CLAVULANATO - CONCENTRACAO/DOSAGEM 400 MG + 57 MG RESPECTIVAMENTE, FORMA FARMACEUTICA SUSPENSAO ORAL, FORMA DE APRESENTACAO FRASCO, VIA DE ADMINISTRACAO ORAL.",FRASCO,,,Em dúvida,Dosagem não consta no CATMAT
https://pncp.gov.br/api/pncp/v1/orgaos/46634259000195/compras/2024/28/itens,4,2436,"AMOXICILINA 250MG/5ML  C/150ML + ACESSÓRIO DOSADOR


",FRASCO,"PDM: 2436 - Amoxicilina, Concentração:50mg/Ml, Apresentação:Pó Para Suspensão Oral",271111.0,Sim,
https://pncp.gov.br/api/pncp/v1/orgaos/88756879000147/compras/2023/394/itens,1,2436,amoxicilina 250mg,frasco,"PDM: 2436 - Amoxicilina, Concentração:250mg",271090.0,Sim,
https://pncp.gov.br/api/pncp/v1/orgaos/18414565000180/compras/2024/1/itens,1,2587,LACOSAMIDA 50MG COMPRIMIDO,M,"PDM: 2587 - Lacosamida, Concentração:50 MG",435539.0,Sim,
https://pncp.gov.br/api/pncp/v1/orgaos/46694139000183/compras/2023/656/itens,9,2593,"ALOGLIPTINA, BENZOATO 25MG. COMPRIMIDO REVESTIDO.",Cápsula,"PDM: 2593 - Alogliptina, Concentração:25 MG",436169.0,Sim,
https://pncp.gov.br/api/pncp/v1/orgaos/45739083000173/compras/2024/264/itens,2,2595,TESTE RÁPIDO PARA DETECÇÃO DE ANTÍGENO DO VÍRUS SARS-COV 2 (COVID-19) - SWAB NASAL PARA DETECÇÃO DE ANTÍGENO VIRAL COM ESPECIFICIDADE E SENSIBILIDADE MAIOR QUE 95%,UND,,,Não,
https://pncp.gov.br/api/pncp/v1/orgaos/01612776000125/compras/2024/128/itens,2,2595,"ALM3 - Teste COVID-19 Antigeno - Ag Rapid Test. <h1>Teste R&aacute;pido Antigeno Covid19 caixa com 25 unidades com validade minima de 01 ano na data de entrega.</h1>
",UN,,,Não,
https://pncp.gov.br/api/pncp/v1/orgaos/18187823000133/compras/2024/21/itens,8,2595,"TESTE RAPIDO DE DENGUE FLUXO LATERAL IMUNOCROMATOGRAFICO PARA A DETECÇÃO QUALITATIVA DO ANTIGENO NS1 DO VIRUS DA DENGUE, DEN 1,2,3 E 4, NO SORO HUMANO, PLASMA OU SANGUETOTAL.",UND,,,Não,
https://pncp.gov.br/api/pncp/v1/orgaos/46523270000188/compras/2024/200/itens,1,2612,"OCRELIZUMABE 300 MG/10 ML - OCREVUS® (ORDEM JUDICIAL), Solução para diluição para infusão. Caixa com 1 frasco-ampola de 10 ml.",Caixa,"PDM: 2612 - Ocrelizumabe, Concentração:30 MG/ML, Forma Farmacêutica:Solução P/ Infusão",450888.0,Sim,
https://pncp.gov.br/api/pncp/v1/orgaos/01336261000140/compras/2024/36/itens,9,3119,ATORVASTATINA CÁLCICA 40MG,Comprimido,"PDM: 3119 - Atorvastatina Cálcica, Dosagem:40 MG",268082.0,Sim,
https://pncp.gov.br/api/pncp/v1/orgaos/11246570000182/compras/2022/8/itens,5,3163,AZATIOPRINA 50 MG CX/50 APRESENTAÇÃO:,CX,"PDM: 3163 - Azatioprina, Concentração:50 MG",268083.0,Sim,
https://pncp.gov.br/api/pncp/v1/orgaos/82662958000102/compras/2024/110/itens,1426249,3167,Azitromicina 500mg; caixa com 2 comprimidos.,Caixa,"PDM: 3167 - Azitromicina, Dosagem:500 MG",267140.0,Sim,
https://pncp.gov.br/api/pncp/v1/orgaos/87897740000150/compras/2024/5/itens,4,3167,AZITROMICINA SUSPENSÃO - 15 ML,FR,"PDM: 3167 - Azitromicina, Dosagem:40 MG/ML, Apresentação:Suspensão Oral",268949.0,Sim,
https://pncp.gov.br/api/pncp/v1/orgaos/13016717000173/compras/2024/47/itens,9,3167,Azitromicina 250MG/5ML - 15ML Frasco,Frasco,,,Em dúvida,Dosagem não existe no CATMAT
https://pncp.gov.br/api/pncp/v1/orgaos/10713187000124/compras/2024/132/itens,3,3929,BROMOPRIDA 5MG/ML INJETÁVEL AMPOLA 2ML,AP,"PDM: 3929 - Bromoprida, Dosagem:5 MG/ML, Apresentação:Injetável",269958.0,Sim,
https://pncp.gov.br/api/pncp/v1/orgaos/01740489000109/compras/2022/35/itens,8,4505,CAPTOPRIL 50 MG C/ 30 COMP CAIXA,UN,"PDM: 4505 - Captopril, Concentração:50 MG",267615.0,Sim,
https://pncp.gov.br/api/pncp/v1/orgaos/44937365000112/compras/2024/47/itens,2,4509,CARBAMAZEPINA SUSPENSAO 20MG/ML - 13001553,FRASC,"PDM: 4509 - Carbamazepina, Dosagem:20 MG/ML, Apresentação:Suspensão Oral",272454.0,Sim,
https://pncp.gov.br/api/pncp/v1/orgaos/11040862000164/compras/2022/4/itens,2,4509,CARBAMAZEPINA 20 MG/ML XAROPE 100 ML,Frasco,"PDM: 4509 - Carbamazepina, Dosagem:20 MG/ML, Apresentação:Suspensão Oral",272454.0,Sim,
https://pncp.gov.br/api/pncp/v1/orgaos/07954480000179/compras/2024/2681/itens,4,4509,"CARBAMAZEPINA, 200MG, COMPRIMIDO DE LIBERACAO PROLONGADA, UNIDADE 1.0 COMPRIMIDO",UNIDADE 1.0 COMPRIMIDO,"PDM: 4509 - Carbamazepina, Dosagem:200 MG, Apresentação:Liberação Controlada",272458.0,Sim,
https://pncp.gov.br/api/pncp/v1/orgaos/75442756000190/compras/2022/9/itens,3,4731,Ceftriaxona Sódica 1G pó para solução injetável BR0442701,AMPOLA,"PDM: 4731 - Ceftriaxona Sódica, Concentração:1 G, Forma Farmaceutica:Pó P/ Solução Injetável",442701.0,Sim,
https://pncp.gov.br/api/pncp/v1/orgaos/07954480000179/compras/2023/3059/itens,6,4732,"CEFUROXIMA SODICA, FRASCO AMPOLA, 750 MG, PO PARA SOLUCAO INJETAVEL, UNIDADE 1.0 FRASCO / AMPOLA",UNIDADE 1.0 FRASCO / AMPOLA,"PDM: 4732 - Cefuroxima, Concentração:750 MG, Forma Farmaceutica:Pó P/ Solução Injetável",442709.0,Sim,
https://pncp.gov.br/api/pncp/v1/orgaos/98671597000109/compras/2024/153/itens,2,4803,"CETOCONAZOL 20MG/G, CREME TÓPICO",UN,"PDM: 4803 - Cetoconazol, Dosagem:20 MG/G, Forma Farmacêutica:Creme Tópico",308736.0,Sim,
https://pncp.gov.br/api/pncp/v1/orgaos/87958625000149/compras/2024/10/itens,2,4988,CICLOSPORINA 25MG.,cp,"PDM: 4988 - Ciclosporina, Concentração:25 MG",271104.0,Sim,
https://pncp.gov.br/api/pncp/v1/orgaos/00059311000126/compras/2024/167/itens,1,5062,"Orfenadrina Citrato composição: associada com dipirona e cafeína, dosagem: 35mg + 300mg + 50mg",Comprimido,"PDM: 5062 - Orfenadrina Citrato, Composição:Associada Com Dipirona E Cafeína, Dosagem:35mg + 300mg + 50mg",283156.0,Sim,
https://pncp.gov.br/api/pncp/v1/orgaos/15359201000157/compras/2024/25/itens,68414,5087,"CLONAZEPAM 2,5MG/ML 20 ML- GOTAS",FRASCO,"PDM: 5087 - Clonazepam, Dosagem:2,5 MG/ML, Apresentação:Solução Oral- Gotas",270120.0,Sim,
https://pncp.gov.br/api/pncp/v1/orgaos/45122603000102/compras/2023/50/itens,8,5118,CLORETO DE SODIO 0.9 PORCENTO SOLUCAO NASAL FRASCO 30 ML,FRA,"PDM: 5118 - Cloreto De Sódio, Concentraçao:0,9 %, Forma Farmaceutica:Spray Nasal",375474.0,Sim,
https://pncp.gov.br/api/pncp/v1/orgaos/76288760000108/compras/2024/219/itens,1468149,5118,"Manteiga extra com sal. Ingredientes: creme de leite pasteurizado, cloreto de sódio e fermento lácteo. Embalagem pote de 500g.  Validade mínima de 4 meses a partir da data de entrega. TIPO BATAVO",PT,,,Não,
https://pncp.gov.br/api/pncp/v1/orgaos/08354383000108/compras/2024/55/itens,1,5118,"Água sanitária alvejante, â base de cloro, acondicionada em vasilhante de um litro no mínimo, tampa tipo flip com bico dosador. Composição mínima: hipoclorito de sódio, cloreto de sódio e teor de cloro ativo de 2% no mínimo. Deve conter no rótulo ou impresso na embalagem: o nome do químico responsável, o número do registro no Ministério da Saúde e prazo de validade no ato da entrega não inferior a 12 meses.",Litro,,,Não,
https://pncp.gov.br/api/pncp/v1/orgaos/13016717000173/compras/2024/25/itens,7,5118,Cloreto de Sódio 20% - 20ML Flaconete,Ampola,"PDM: 5118 - Cloreto De Sódio, Dosagem:20%, Uso:Solução Injetável",267574.0,Sim,
https://pncp.gov.br/api/pncp/v1/orgaos/88123492000153/compras/2024/65/itens,4,5130,AMBROXOL  SAL CLORIDRATO  3 MG ML  XAROPE 100 00 ML,frasco,"PDM: 5130 - Ambroxol, Composição:Sal Cloridrato, Concentração:3 MG/ML, Forma Farmacêutica:Xarope",446264.0,Sim,
https://pncp.gov.br/api/pncp/v1/orgaos/06002372000133/compras/2023/4/itens,5,5130,AMBROXOL PEDIATRICO 15MG/ML - XAROPE,Frasco,,,Em dúvida,Concentração não existe no CATMAT
https://pncp.gov.br/api/pncp/v1/orgaos/46634424000109/compras/2024/10/itens,7,5130,AMBROXOL ADULTO 30MG/5ML 100ML,FR,"PDM: 5130 - Ambroxol, Composição:Sal Cloridrato, Concentração:6 MG/ML, Forma Farmacêutica:Xarope",446263.0,Sim,
https://pncp.gov.br/api/pncp/v1/orgaos/07954480000179/compras/2023/2235/itens,5,5199,"LEVOBUPIVACAINA (CLORIDRATO), 0,5% SEM VASOCONSTRITOR, SOLUCAO INJETAVEL, ESTOJO ESTERILIZADO, FRASCO AMPOLA 20ML, UNIDADE 1.0 FRASCO / AMPOLA",UNIDADE 1.0 FRASCO / AMPOLA,"PDM: 5199 - Levobupivacaína Cloridrato, Dosagem:0,5% Sem Vasoconstritor, Apresentação:Injetável",268471.0,Sim,
https://pncp.gov.br/api/pncp/v1/orgaos/43465459000173/compras/2024/445/itens,8,5222,"OXIBUTININA,CLORIDRATO 5MG COMP.",Unidade,"PDM: 5222 - Oxibutinina Cloridrato, Dosagem:5 MG",272327.0,Sim,
https://pncp.gov.br/api/pncp/v1/orgaos/07954480000179/compras/2023/3104/itens,7,5275,"CLORPROMAZINA (CLORIDRATO), 25MG, COMPRIMIDO REVESTIDO, UNIDADE 1.0 COMPRIMIDO",UNIDADE 1.0 COMPRIMIDO,"PDM: 5275 - Clorpromazina, Dosagem:25 Mg",267635.0,Sim,
https://pncp.gov.br/api/pncp/v1/orgaos/80673411000187/compras/2023/422/itens,3,5400,"Acao judicial (exclusivo almox.450/495) Zinco, sulfato 40mg/ml fr. 150ml-manipulado",Frasco,,,Em dúvida,Dosagem não especificada ou não consta no CATMAT
https://pncp.gov.br/api/pncp/v1/orgaos/07443708000166/compras/2024/1/itens,1,5400,"LOCAÇÃO COM MONTAGEM E DESMONTAGEM DE PRATICÁVEIS, COM AS SEGUINTES ESPECIFICAÇÕES: 2 X 1 METROS PANTOGRÁFICO, REGULAGEM DE 0,20 X 1,00 METRO DO SOLO, PISO COMPENSADO DE MADEIRA 25MM, ACABAMENTO COM CARPETE NA COR PRETA E ZINCO GALVANIZADO, CAPACIDADE DE CARGA 750KG",UNID.,,,Não,
https://pncp.gov.br/api/pncp/v1/orgaos/76175884000187/compras/2023/27/itens,10,5400,"Figura luminosa bidimensional com desenho em forma de flor, medindo entre: mínimo: 4,15 m de altura x 1,50 m de largura / máximo: 4,25 m de altura x 1,60 m de largura, produzida em estrutura de barra chata de 1/8x3/8 de aço carbono 1020, galvanização por imersão a base de zinco, visando a proteção de corrosões e exposição às intempéries. Contorno com mangueira luminosa incandescente na cor cristal, em PVC flexível, de 13,00 mm de diâmetro, com 36 micro lâmpadas por metro. Tensão de 220V.",UNIDADE,,,Não,
https://pncp.gov.br/api/pncp/v1/orgaos/18414607000183/compras/2024/25/itens,4,5400,CHAPA EM ZINCO - 30 CM LARGURA:,MT,,,Não,
https://pncp.gov.br/api/pncp/v1/orgaos/45176005000108/compras/2024/266/itens,1402473,6143,"DEXAMETASONA, 4 MG/ML, SOLUÇÃO INJETÁVEL, FRASCO-AMPOLA OU AMPOLA 2,5 ML",FRS,"PDM: 6143 - Dexametasona, Dosagem:4 MG/ML, Forma Farmacêutica:Solução Injetável",292427.0,Sim,
https://pncp.gov.br/api/pncp/v1/orgaos/08357675000102/compras/2024/3/itens,7,6143,"DEXAMETASONA, DOSAGEM:0,1 MG/ML, APRESENTAÇÃO: ELIXIR - FRASCO 120,00 ML",Frascos,"PDM: 6143 - Dexametasona, Dosagem:0,1 MG/ML, Apresentação:Elixir",268243.0,Sim,
https://pncp.gov.br/api/pncp/v1/orgaos/08349029000195/compras/2024/5/itens,9,6171,DICLOFENACO DE POTÁSSIO 75MG/3ML - INJETÁVEL,Unidade,"PDM: 6171 - Diclofenaco, Apresentação:Sal Potássico, Dosagem:25mg/Ml, Uso:Solução Injetável",270999.0,Sim,
https://pncp.gov.br/api/pncp/v1/orgaos/45780103000150/compras/2024/944/itens,8,6213,"Cota Reservada - DIMENIDRINATO 50 MG/ML+PIRIDOXINA 50 MG/ML,IM,INJETAVEL 1 ML",AMPOLA,"PDM: 6213 - Dimenidrinato, Apresentação:Associado Com Piridoxina Cloridrato, Dosagem:50mg + 50mg/Ml, Tipo Medicamento:Solução Injetável",272334.0,Sim,
https://pncp.gov.br/api/pncp/v1/orgaos/12998458000160/compras/2024/421/itens,1,6226,DIOSMINA 450 MG + HESPERIDINA 50 MG - COMPRIMIDO,COMPRIMIDO,"PDM: 6226 - Diosmina, Composição:Associada À Hesperidina, Concentração:450mg + 50mg",273818.0,Sim,
https://pncp.gov.br/api/pncp/v1/orgaos/18025940000109/compras/2024/71/itens,3,6226,DIOSMINA 450 + HESPERIDINA 50 MG - MS,CP,"PDM: 6226 - Diosmina, Composição:Associada À Hesperidina, Concentração:450mg + 50mg",273818.0,Sim,
https://pncp.gov.br/api/pncp/v1/orgaos/07842573000101/compras/2023/3/itens,9,6397,DOXICICLINA 300MG - SUSPENSÃO ORAL,Frasco,,,Em dúvida,Dosagem não especificada ou não consta no CATMAT
https://pncp.gov.br/api/pncp/v1/orgaos/00955107000193/compras/2024/37/itens,7,6577,"ENOXAPARINA 40 MG Apresentacao:- solucao injetavel 40 mg / 0,4 ml;- seringa preenchida com sistema de seguranca;- via de administracao: SUBCUTANEO.",SER,"PDM: 6577 - Enoxaparina, Concentração:100 MG/ML, Forma Farmaceutica:Solução Injetável, Características Adicionais 1:Seringa Preenchida",448982.0,Sim,
https://pncp.gov.br/api/pncp/v1/orgaos/12092636000190/compras/2024/58/itens,5,7178,"Estradiol hemi-hidratado, 1mg, gel frasco com 50g (Estreva)",FRASCO (FRS),,,Em dúvida,Dosagem não especificada ou não consta no CATMAT
https://pncp.gov.br/api/pncp/v1/orgaos/87866745000116/compras/2024/236/itens,8,7188,"ESTROGÊNIOS CONJUGADOS 0,625 MG CP (COMUM)",Unidade,"PDM: 7188 - Estrogênios Conjugados, Dosagem:0,625 MG",271434.0,Sim,
https://pncp.gov.br/api/pncp/v1/orgaos/07074271000130/compras/2024/2/itens,3853677,7243,"AÇÚCAR, obtido da cana de açúcar, com aspecto, cor, cheiro e sabor próprio, com teor de sacarose mínimo de 98,5%, sem fermentação, isento de sujidades, parasitas e de enxofre, acondicionado em pacote de 1kg. Prazo de validade mínimo de 06 meses a partir da data de entrega.",Kg,,,Não,
https://pncp.gov.br/api/pncp/v1/orgaos/07954480000179/compras/2023/1212/itens,2,7644,Fluconazol,"Frasco 100,00 ML",,,Em dúvida,Falta a dosagem
https://pncp.gov.br/api/pncp/v1/orgaos/18428854000139/compras/2024/15/itens,3905166,7662,"FLUORETO DE SÓDIO 0,02% GL 05 LTS",Gl,,,Em dúvida,Dosagem não especificada ou não consta no CATMAT
https://pncp.gov.br/api/pncp/v1/orgaos/88199971000153/compras/2023/8/itens,5,7878,Furosemida 20mg 2ml IV IM,Ampola,"PDM: 7878 - Furosemida, Composição:10 Mg/Ml, Apresentação:Solução Injetável",267666.0,Sim,
https://pncp.gov.br/api/pncp/v1/orgaos/18243295000192/compras/2022/2/itens,4,8007,"XYLESTESIN PESADA CLOR. LIDOC. 5,0% + GLICOSE 7,5%",AMP,,,Em dúvida,Composição não existe no CATMAT
https://pncp.gov.br/api/pncp/v1/orgaos/17503475000101/compras/2024/26/itens,4,8007,REAGENTE GLICOSE - TIPO: KIT P/DETERMINACAO DE GLICOSE P/METODO ENZIMATICO; FINALIDADE: COLORIMETRICO (OXIDASE) EM APARELHOS AUTOMATIZADOS;,"KIT 500,00 TESTES",,,Não,
https://pncp.gov.br/api/pncp/v1/orgaos/08349029000195/compras/2024/7/itens,3,8007,APARELHO GLICOSÍMETRO PARA MEDIÇÃO DE NÍVEIS DE GLICOSE SANGUÍNEA PERIFÉRICA,Unidade,,,Não,
https://pncp.gov.br/api/pncp/v1/orgaos/16137309000168/compras/2024/5/itens,3873754,8164,"HALOPERIDOL, DECANOATO (70,52 MG) 50 MG/ML SOLUÇÃO INJETÁVEL 1 ML:AQUISIÇÃO DE MEDICAMENTOS CONTROLADOS",Unidade,"PDM: 8164 - Haloperidol, Apresentação:Sal Decanoato, Concentração:50 MG/ML, Tipo Uso:Solução Injetável",292194.0,Sim,
https://pncp.gov.br/api/pncp/v1/orgaos/02917132000108/compras/2024/20/itens,9,8211,HIDRALAZINA 20MG/ML 1 ML SOLUÇÃO INJETÁVEL,AMPOLA,"PDM: 8211 - Hidralazina, Dosagem:20 MG/ML, Indicação:Solução Injetável",268115.0,Sim,
https://pncp.gov.br/api/pncp/v1/orgaos/46634564000187/compras/2024/317/itens,6,8248,HIDROXIURÉIA 500 MG COMPRIMIDO,COMPRIMIDO,"PDM: 8248 - Hidroxiuréia, Dosagem:500 Mg",268110.0,Sim,
https://pncp.gov.br/api/pncp/v1/orgaos/95422846000126/compras/2023/72/itens,3,8275,IBUPROFENO DOSAGEM    ,UN,,,Em dúvida,Falta a dosagem
https://pncp.gov.br/api/pncp/v1/orgaos/03507415000225/compras/2023/162/itens,462818,8287,IMIPENEM 500MG+ CILASTATINA 500MG  PÓ PARA SOLUÇÃO INJETÁVEL. FRASCO-AMPOLA.,FA,"PDM: 8287 - Imipenem, Composição:Associado À Cilastatina Sódica, Concentração:500 MG, Forma Farmaceutica:Pó Liófilo P/ Injetável",342258.0,Sim,
https://pncp.gov.br/api/pncp/v1/orgaos/10465644000109/compras/2023/150/itens,2,8334,"INDAPAMIDA 1,5 30COMP",CX,"PDM: 8334 - Indapamida, Concentração:1,5 MG",352301.0,Sim,
https://pncp.gov.br/api/pncp/v1/orgaos/18114280000124/compras/2024/52/itens,4210925,8428,"AGULHA 13 X 4 5 -agulha hipodermica indicada para aplicacao de insulina descartavel emaco cromo niquel, com protetor de pvc; canula com paredes finas e biseltrifacetado; canhao em polipropileno com cores padronizadas; adaptadortipo luer embaladas individualmente em papel grau cirurgico e laminado depolipropileno com abertura em petala esterilizada em o.e. tamanho 13x4,5ou 26gx1/2",UND,,,Não,
https://pncp.gov.br/api/pncp/v1/orgaos/00394452000103/compras/2024/12843/itens,1,8428,"Acessório Bomba Insulina Acessório Bomba Insulina Tipo Acessório: Transmissor , Característica Adicional: Monitorização Contínua De Glicose Transmissor Guardian Link 3 BLE kits - Sistema Transmissor Guardian Link 3 BLE é um sistema de Monitorização Contínua de Glicose que coleta dados de glicose lidos por um sensor de gli- cose aplicado no subcutâneo e, trans- mite esses dados por Blueto",Unidade,,,Não,
https://pncp.gov.br/api/pncp/v1/orgaos/95952230000167/compras/2024/11/itens,1340381,8428,"agulha 5mm (3/16)x0,25mm (31g) para aplicacao de insulina com caneta, compativel para todas as canetas, rosca no cone externo, bisel trifacetado, siliconizada. om  abertura asseptica, embalada individualmente em papel grau cirurgico, devera constar externamente dados de identificacao, procedencia, tipo de esterilizacao, data de validade, numero do lote. apresentar registro no ministerio da saude/anvisa e certificacao do inmetro. caixa com 100 unidades.***",CX,,,Não,
https://pncp.gov.br/api/pncp/v1/orgaos/01877528000106/compras/2024/9/itens,1,8428,"INSULINA, APIDRA, 100 UI/ML, SOLUÇÃO INJETAVEL, 3 ML (CANETA DESCARTÁVEL)",CAIXA (CX),,,Em dúvida,Falta o tipo de insulina
https://pncp.gov.br/api/pncp/v1/orgaos/29178233000160/compras/2024/95/itens,1,8428,"CARTUCHO DE INSULINA (ACCUCHEK SPIRIT) 3,15 ML - EMBALAGEM COM MINIMO 5 (CINCO) UNIDADES POR CAIXACARTUCHO DE INSULINA (ACCUCHEK SPIRIT) 3,15 ML - EMBALAGEM COM MINIMO 5 (CINCO) UNIDADES POR CAIXA",UNIDADE,,,Em dúvida,Falta o tipo de insulina
https://pncp.gov.br/api/pncp/v1/orgaos/89971758000180/compras/2024/556/itens,1,8428,"INSULINA GLARGINA. <p>CANETA DE INSULINA 100UI/ML SOL INJ 3ML + SIST APLIC</p>
",UN,"PDM: 8428 - Insulina, Tipo:Glargina, Concentração:100 UI/ML, Forma Farmaceutica:Solução Injetável, Caracteristica Adicional:Com Aplicador",399010.0,Sim,
https://pncp.gov.br/api/pncp/v1/orgaos/45781176000166/compras/2024/183/itens,2,8640,LAMOTRIGINA 25MG - MANDADO JUDICIAL,COMPRIMIDO,"PDM: 8640 - Lamotrigina, Dosagem:25 MG",295040.0,Sim,
https://pncp.gov.br/api/pncp/v1/orgaos/45660610000150/compras/2024/2/itens,10,8812,LEVOTIROXINA SODICA 25 MCG COMPRIMIDO,CP,"PDM: 8812 - Levotiroxina Sódica, Dosagem:25 Mcg",268124.0,Sim,
https://pncp.gov.br/api/pncp/v1/orgaos/19843929000100/compras/2023/269/itens,8,8812,LEVOTIROXINA SODICA - PRINCIPIO ATIVO: LEVOTIROXINA SODICA; CONCENTRACAO/DOSAGEM: 75 MCG; FORMA FARMACEUTICA: COMPRIMIDO; APRESENTACAO: .; COMPONENTE:,"1,00 UNIDADE","PDM: 8812 - Levotiroxina Sódica, Dosagem:75 Mcg",268859.0,Sim,
https://pncp.gov.br/api/pncp/v1/orgaos/87958625000149/compras/2024/281/itens,2,8812,LEVOTIROXINA SODICA - COMPRIMIDOS 50 MCG.,cp,"PDM: 8812 - Levotiroxina Sódica, Dosagem:50 Mcg",268123.0,Sim,
https://pncp.gov.br/api/pncp/v1/orgaos/45142684000102/compras/2023/6/itens,10,8919,LORATADINA 1MG/ML - 100ML,UNIDADE,"PDM: 8919 - Loratadina, Concentração:1mg/Ml, Tipo Medicamento:Xarope",273467.0,Sim,
https://pncp.gov.br/api/pncp/v1/orgaos/03930106000182/compras/2024/202/itens,2,8921,"(ID-120523) LORAZEPAM, Forma Farmaceutica: comprimido; Concentracao: 2mg.",unidade,"PDM: 8921 - Lorazepam, Concentração:2 MG",273473.0,Sim,
https://pncp.gov.br/api/pncp/v1/orgaos/45780079000159/compras/2024/39/itens,7,9590,"Meloxicam 0,2% | Frasco 20 ml",Frasco,,,Em dúvida,Concenctração não existe no CATMAT
https://pncp.gov.br/api/pncp/v1/orgaos/46523247000193/compras/2024/13/itens,1338648,9675,"DOXAZOSINA , MESILATO 4 MG -",COM,"PDM: 9675 - Doxazosina Mesilato, Composição:4 Mg",268495.0,Sim,
https://pncp.gov.br/api/pncp/v1/orgaos/44880060000111/compras/2023/26/itens,5,9712,METRONIDAZOL 250MG / COMPRIMIDO,CP.,"PDM: 9712 - Metronidazol, Dosagem:250 Mg",267717.0,Sim,
https://pncp.gov.br/api/pncp/v1/orgaos/80673411000187/compras/2023/292/itens,9,10094,"Acao judicial (exclusivo almox. 450 e 495) nistatina 100.000ui + oxido de zinco 200mg, pomada 60g",Bisnaga,"PDM: 10094 - Nistatina, Apresentação:Associada Com Óxido De Zinco, Concentração:100.000ui + 200mg/G, Tipo Medicamento:Creme",279297.0,Sim,
https://pncp.gov.br/api/pncp/v1/orgaos/36507127000149/compras/2023/24/itens,7,10112,NITROGLICERINA 5MG/ML - 5ML.,Ampola,"PDM: 10112 - Nitroglicerina, Dosagem:5 MG/ML, Aplicação:Injetável",268970.0,Sim,
https://pncp.gov.br/api/pncp/v1/orgaos/29178233000160/compras/2024/81/itens,10,10242,OXCARBAZEPINA 600MG - COMPRIMIDO.OXCARBAZEPINA 600MG - COMPRIMIDO.(BPS BR0273256),MILEIRO,"PDM: 10242 - Oxcarbazepina, Dosagem:600 MG",273256.0,Sim,
https://pncp.gov.br/api/pncp/v1/orgaos/91693317000106/compras/2024/42/itens,3,11262,"PROMETAZINA, CLORIDRATO 25mg/ml - INJETAVEL - IM - ampola - 2ml - Ampola


",ampola,"PDM: 11262 - Prometazina Cloridrato, Dosagem:25 MG/ML, Apresentação:Solução Injetável",267769.0,Sim,
https://pncp.gov.br/api/pncp/v1/orgaos/43465459000173/compras/2024/503/itens,1,11912,"SAIS DE REIDRATACAO ORAL CLORETO DE SODIO 3,5 G + GLICOSE 20 G + CITRATO DE SÓDIO 2,9 G + CLORETO DE POTÁSSIO 1,5 G, ENVELOPE. (CÓDIGO COMPRASNET: 446105)",UN,,,Em dúvida,Concenctração não existe no CATMAT
https://pncp.gov.br/api/pncp/v1/orgaos/88768080000170/compras/2024/129/itens,1,11912,SAIS DE REIDRATACAO ORAL   27 9 G,Sache,,,Em dúvida,Falta a concentração
https://pncp.gov.br/api/pncp/v1/orgaos/80673411000187/compras/2023/322/itens,1,11917,Antiasmaticos salbutamol 100mcg aerossol.frasco 200 doses,Frasco,"PDM: 11917 - Salbutamol, Dosagem:100mcg/Dose, Forma Farmacêutica:Aerosol Oral",294887.0,Sim,
https://pncp.gov.br/api/pncp/v1/orgaos/46634291000170/compras/2024/407/itens,3,11969,"SECNIDAZOL 1,0g",COMPRIMIDO,"PDM: 11969 - Secnidazol, Concentração:1.000 MG",268299.0,Sim,
https://pncp.gov.br/api/pncp/v1/orgaos/10465644000109/compras/2024/143/itens,5,12096,SINVASTATINA 40MG 30CP,UN,"PDM: 12096 - Sinvastatina, Dosagem:40 MG",267745.0,Sim,
https://pncp.gov.br/api/pncp/v1/orgaos/16784720000125/compras/2023/28/itens,3798027,12207,"Aplicação de Injeção Intravítreo - Aflibercepte: Serviço de Aplicação de Injeção Intravítreo, com fornecimento da medicação EYLA (Aflibercepte)

frasco / ampola contendo 40 mg/ml, 0,05 ml e 2 mg de aflibercepte. Exclusivo para atender Mandado Judicial. Inclui exame de Tomografia de coerência óptica (OCT) e Consulta.",Serviço,"PDM: 12207 - Aflibercepte, Concentração:40 MG/ML, Forma Farmacêutica:Solução Injetável, Características Adicionais:C/ Sistema De Aplicação",435951.0,Sim,
https://pncp.gov.br/api/pncp/v1/orgaos/46634598000171/compras/2024/283/itens,9,12314,SULFADIAZINA DE PRATA AEROSSOL 200ML,FRS,,,Em dúvida,Dosagem não especificada ou não consta no CATMAT
https://pncp.gov.br/api/pncp/v1/orgaos/44723674000190/compras/2024/67/itens,2,12328,INVEGA SUSTENNA 100mg/ml (Seringa preenchida com 1ml)- SUSPENSÃO INJETÁVEL DE LIBERAÇÃO PROLONGADA EM SERINGAS PREENCHIDAS (ATIVO: Palmitato de Paliperidona) - FABRICANTE: JANSSEN-CILAG FARMACÊUTICA LTDA,UN,"PDM: 12328 - Paliperidona, Composição:Na Forma Palmitato, Concentração:100 MG/ML, Forma Farmacêutica:Suspensão Injetável, Liberação Prolongada",411397.0,Sim,
https://pncp.gov.br/api/pncp/v1/orgaos/08196941000154/compras/2024/15/itens,2,12632,TENOXICAM 40MG,Frasco-Ampola,"PDM: 12632 - Tenoxicam, Dosagem:40 MG, Indicação:Injetável",268533.0,Sim,
https://pncp.gov.br/api/pncp/v1/orgaos/54010863000179/compras/2023/110/itens,4,12768,Tiossulfato de sódio - Na2S2O3 5H2O (250g),Frascos,,,Em dúvida,Falta a concentração
https://pncp.gov.br/api/pncp/v1/orgaos/09472725000157/compras/2023/22/itens,1,13187,"(ID-143662) USTEQUINUMABE, Forma Farmaceutica: solucao injetavel; Concentracao: 130mg/26mL; Unidade de Fornecimento: frasco ampola de 26mL.",unidade,"PDM: 13187 - Ustequinumabe, Concentração:5 MG/ML, Forma Farmacêutica:Solução Injetável",455395.0,Sim,
https://pncp.gov.br/api/pncp/v1/orgaos/19843929000100/compras/2023/14/itens,2,13470,"VITAMINAS DO COMPLEXO B - PRINCIPIO ATIVO (1): TIAMINA, CLORIDRATO (B1) + RIBOFLAVINA (B2); PRINCIPIO ATIVO (2): PIRIDOXINA, CLORIDRATO (B6) + DEXAPANT",AMPOLA,,,Em dúvida,Composição não existe no CATMAT
https://pncp.gov.br/api/pncp/v1/orgaos/07954480000179/compras/2024/10607/itens,4,14226,"DORZOLAMIDA (CLORIDRATO) + TIMOLOL (MALEATO), 20MG/ML + 5 MG/ML, SOLUCAO OFTALMICA, FRASCO 5ML, UNIDADE 1.0 FRASCO",UNIDADE 1.0 FRASCO,"PDM: 14226 - Dorzolamida Cloridrato, Apresentação:Associada Com Timolol, Dosagem:2% + 0,5%, Tipo Medicamento:Solução Oftálmica",272579.0,Sim,
https://pncp.gov.br/api/pncp/v1/orgaos/08761140000194/compras/2024/25/itens,10,14226,"DORZOLAMIDA CLORIDRATO, ASSOCIADA COM TIMOLOL, 2% + 0,5%, SOLUçÃO OFTÁLMICA",Fr 5ML,"PDM: 14226 - Dorzolamida Cloridrato, Apresentação:Associada Com Timolol, Dosagem:2% + 0,5%, Tipo Medicamento:Solução Oftálmica",272579.0,Sim,
https://pncp.gov.br/api/pncp/v1/orgaos/95719449000110/compras/2023/31/itens,2,14456,"ACEBROFILINA, CONCENTRAÇÃO:5 MG/ML, FORMA FARMACEUTICA:XAROPE
UNIDADE DE FORNECIMENTO: FRASCO 120,0 ML
CÓDIGO BR: 0448838",FRASCO (FRASCO),"PDM: 14456 - Acebrofilina, Concentração:5 MG/ML, Forma Farmaceutica:Xarope",448838.0,Sim,
https://pncp.gov.br/api/pncp/v1/orgaos/14232086000192/compras/2023/50/itens,6,14586,"PIRULITO PSICODÉLICO: sortidos, coloridos e aromatizados artificialmente, açúcar, xarope de glucose, água, acidulante ácido cítrico, não contém glúten, contém tartrazina, pacote com 50 unidades, 250g.",PCT,,,Não,
https://pncp.gov.br/api/pncp/v1/orgaos/07847379000119/compras/2022/1/itens,9,14586,"CALDO DE CARNE EM PÓ, PACOTE CONTENDO 1 KG. COM INFORMAÇÃO NUTRICIONAL, PRAZO DE VALIDADE, INFORMAÇÃO NUTRICIONAL E CONTATO DE ATENDIMENTO AO CONSUMIDOR. COMPOSTO POR SAL, GORDURA VEGETAL, AÇÚCAR, AMIDO, OLEÍNA DE PALMA, SALSA, PIMENTA VERMELHA, LOURO, ALHO, CARNE BOVINA, AROMATIZANTES, REALÇADORES DE SABOR GLUTAMATO MONOSSÓDICO E INOSINATO DISSÓDICO, CORANTES CARAMELO IV E NATURAL URUCUM E ACIDULANTE ÁCIDO CÍTRICO. CONTÉM GLÚTEN. ALÉRGICOS: CONTÉM DERIVADOS DE SOJA. PODE CONTER LEITE, OVO, TRIGO, CEVADA, AIPO E MOSTARDA. CONSERVAR EM LOCAL SECO E FRESCO.",KG,,,Não,
https://pncp.gov.br/api/pncp/v1/orgaos/83169623000110/compras/2023/53/itens,1,14586,ACIDO CITRICO 40% A 50% - 1 L,Unidade,,,Em dúvida,Falta a composição
https://pncp.gov.br/api/pncp/v1/orgaos/17420047000107/compras/2024/34/itens,1,14586,"Desinfetante de Alto Nível – Hemodiálise. Produto líquido, incolor, constituído de mistura equilibrada de Ácido Cítrico, solvente e Água. Exerce a função de desinfetante e desincrustante para máquinas de hemodiálise. O desinfetante deve ser à base de ácido cítrico e veículo estabilizado, indicado para máquinas de hemodiálise, desenvolvido para remoção efetiva de depósitos de Carbonatos, Magnésio e resíduos orgânicos. Eficaz contra bactérias, fungos, vírus e com grande espectro, sendo decomposto após aplicação e sem resíduos biologicamente incompatíveis com o meio ambiente. Produto não tóxico e totalmente biodegradável. A solução deve ser hidroalcoólica de ácido cítrico azeotrópica, esta proporção de solventes garante estabilidade mesmo quando submetido a aquecimento. Se houver evaporação do produto, a proporção dos solventes será mantida no produto final. Aspecto: Líquido Límpido; Cor: Levemente amarelado; Ácido Cítrico: mínimo 50,0%. Densidade à 20ºC: 1,22 g/cm³. Solubilidade: Totalmente miscível em água; Apresentação: galão de 5litros. Validade: 24 meses após fabricação. OBS.: Semelhante ou de qualidade acima da marca: ECOPER.",Galão,,,Não,
https://pncp.gov.br/api/pncp/v1/orgaos/00394452000103/compras/2023/3870/itens,1,14609,Propafenona Cloridrato,Comprimido ,,,Em dúvida,Falta a dosagem
https://pncp.gov.br/api/pncp/v1/orgaos/16695025000197/compras/2024/456/itens,9,14707,"GENTAMICINA + ASSOCIACOES - PRINCIPIO ATIVO (1): GENTAMICINA, SULFATO MICRONIZADO; PRINCIPIO ATIVO (2): BETAMETASONA, VALERATO + CLOTRIMAZOL MICRONIZAD",BISNAGA,,,Em dúvida,Composição não existe no CATMAT
https://pncp.gov.br/api/pncp/v1/orgaos/19875046000182/compras/2024/49/itens,2,15382,"SOLUCAO POLIELETROLICO BASICO PARA HEMODIALISE, COM BICABORNATO DE SODIO 8,4%, GALAO 5 LITROS, USO ADULTO E PEDIATRICO, RESTRITO HOSPITALAR",GL,"PDM: 15382 - Solução Para Hemodiálise, Componentes:Bicarbonato De Sódio, Concentração 1:8,4%, Forma Farmacêutica:Solução Estéril Apirogênica",613067.0,Sim,
https://pncp.gov.br/api/pncp/v1/orgaos/45699626000176/compras/2023/10/itens,1,15458,"Vacina V8 – Vacina viva atenuada indicada para vacinação de cães sadios a partir de seis semanas de idade como auxiliar na prevenção de cinomose canina, de hepatite infecciosa canina (causada pelo adenovírus tipo 1), de doenças respiratórias (causadas pelo adenovírus tipo 2), da parainfluenza caninana, da parvo virose canina e corona virose canina. Além dessas doenças virais a vacina também protege contra infecções causadas por leptospirose (L> canicola e L> icterohaemorrhagiae).",Unidade,,,Em dúvida,Não consta no CATMAT
https://pncp.gov.br/api/pncp/v1/orgaos/87613535000116/compras/2023/5/itens,4,15458,"VACINA CONTRA RAIVA PARA EQUINOS - MICROCHIP AGULHADO COM APLICADOR DESCARTÁVEL  TRANSPONDER (MICROCHIP) ISO FDX-B, 134,2 KHZ, COM CAMADA ANTI-MIGRATÓRIA (PARYLENE C), MEDINDO APROXIMADAMENTE (2,12X2MM) ENCAPSULADO EM BIOVIDRO (BIOGLASS), AGULHADO COM APLICADOR PLÁSTICO DE FORMATO ERGONÔMICO E AGULHA (BISEL TRIFACETADO) DESCARTÁVEL  MICROCHIP ATENDE AS NORMAS ISO 11784, ISO 11785, ISO 14223 E ABNT-NBR: 14766. MICROCHIP POSSUI MEMÓRIA ADICIONAL QUE ALÉM DO NÚMERO DE IDENTIFICAÇÃO DO ANIMAL, PERMITE GRAVAR INFORMAÇÕES ADICIONAIS. A ESTERILIZAÇÃO POR GÁS DE ÓXIDO DE ETILENO (GARANTIA DE 5 ANOS DE ESTERILIZAÇÃO). EMBALAGEM ESTERILIZADA COM 6 ETIQUETAS ADESIVAS COM CÓDIGOS DE BARRAS. FORMA DE APRESENTAÇÃO: E",UNIDADE,,,Em dúvida,Não consta no CATMAT
https://pncp.gov.br/api/pncp/v1/orgaos/58200015000183/compras/2024/189/itens,3,16344,"CONE DE GUTA PERCHA 15

CONE DE GUTA PERCHA, SÉRIE INDIVIDUAL, NÚMERO 15 CONFECCIONADO A BASE DE GUTA PERCHA, ÓXIDO DE ZINCO E CORANTES. O CONE DEVERÁ SER RESISTENTE, MALEÁVEL, RADIOPACO, MANTER ESTABILIDADE DIMENSIONAL SEM SE ROMPER, NÃO RESSECAR, TER TOLERÂNCIA TECIDUAL E PROMOVER VEDAÇÃO APICAL. EMBALADO EM CAIXAS COM 120 (CENTO E VINTE) CONES, TRAZENDO EXTERNAMENTE OS DADOS DE IDENTIFICAÇÃO, PROCEDÊNCIA, NÚMERO DE LOTE, VALIDADE E NÚMERO DE REGISTRO NO MINISTÉRIO DA SAÚDE. MARCA DE REFERÊNCIA: MAILLEFER, TANARI.

",CX,,,Não,
https://pncp.gov.br/api/pncp/v1/orgaos/08948697000139/compras/2024/4/itens,3,16486,"Anestésico injetável local a base de Cloridrato de Mepivacaina  3% sem vasoconstrictor. Cloridrato de mepivacaína 3% sem vasoconstrictor  é indicado para anestesia local na odontologia, por infiltração ou bloqueio.",Caixa,"PDM: 16486 - Mepivacaína Cloridrato, Concentração:3%, Forma Farmacêutica:Solução Injetável",357788.0,Sim,
https://pncp.gov.br/api/pncp/v1/orgaos/05816630000152/compras/2024/2200/itens,1209256,16536,"DASATINIBE, 20mg, comprimido.",Un,"PDM: 16536 - Dasatinibe, Concentração:20 MG",359135.0,Sim,
https://pncp.gov.br/api/pncp/v1/orgaos/77008068000141/compras/2024/22/itens,10,16631,BAMIFILINA CLORIDRATO DOSAGEM300 MG,CPR,"PDM: 16631 - Bamifilina Cloridrato, Dosagem:300 MG",272028.0,Sim,
https://pncp.gov.br/api/pncp/v1/orgaos/45138070000149/compras/2024/357/itens,2,17596,"DESLORATADINA 0,5 MG/ML",CAIXA,"PDM: 17596 - Desloratadina, Concentração:0,5 MG/ML, Forma Farmacêutica:Xarope",337468.0,Sim,
https://pncp.gov.br/api/pncp/v1/orgaos/18306662000150/compras/2023/10/itens,5,17677,clozapina 100mg   cx. c 30 cp,caixa,"PDM: 17677 - Clozapina, Dosagem:100 MG",272431.0,Sim,
https://pncp.gov.br/api/pncp/v1/orgaos/01615314000161/compras/2023/29/itens,10,17689,QUETIAPINA 100 MG,COM,"PDM: 17689 - Quetiapina, Dosagem:100 MG",272832.0,Sim,
https://pncp.gov.br/api/pncp/v1/orgaos/12008540000109/compras/2023/3/itens,7,17787,"Anestésico injetável Articaína HCI 4% c/epinefrina 1:100.000 em tubete de cristal c/1,8mL - Caixa c/50 - ARTICAINE 100 - Caixa",CX,"PDM: 17787 - Articaína, Composição:Associada Com Epinefrina, Concentração:4% + 1/100.000, Forma Farmacêutica:Solução Injetável",297697.0,Sim,
https://pncp.gov.br/api/pncp/v1/orgaos/11022597001325/compras/2024/84/itens,1,17807,"(3212645) - LIDOCAINA, CLORIDRATO + GLICOSE - CONCENTRACAO/DOSAGEM 50 MG/ML + 75 MG/ML RESPECTIVAMENTE,FORMA FARMACEUTICA SOLUCAO INJETAVEL,FORMA DE APRESENTACAO AMPOLA,VIA DE ADMINISTRACAO INTRATECAL",AMP 2 ML,"PDM: 17807 - Lidocaína Cloridrato, Composição:Associada Com Glicose, Dosagem:5% + 7,5%, Apresentação:Injetável",269848.0,Sim,
https://pncp.gov.br/api/pncp/v1/orgaos/46561593000166/compras/2024/19/itens,6,17807,"Cloridrato De Lidocaina 2% - Com Vaso - Frasco 20ml

DESCRIÇÃO COMPLETA: Anestésico Local Injetável;
Solução Injetável de Cloridrato de Lidocaína 2% com Vasoconstritor (epinefrina);
Frasco-ampola de 20 ml em Estojo/embalagem estéril;
Acondicionado em material apropriado que garanta a integridade do produto;
Constando externamente nome do produto, número de lote, data de fabricação/validade e procedência.",Frasco,"PDM: 17807 - Lidocaína Cloridrato, Dosagem:2%, Apresentação:Injetável",269843.0,Sim,
https://pncp.gov.br/api/pncp/v1/orgaos/04632212000142/compras/2024/124/itens,4495713,17851,CLORIDRATO DE MEMANTINA 10MG COMPRIMIDO REVESTIDO,COMP,"PDM: 17851 - Memantina, Composição:Sal Cloridrato, Concentração:10 MG",273221.0,Sim,
https://pncp.gov.br/api/pncp/v1/orgaos/07954480000179/compras/2023/896/itens,2,17995,Trometamol,"Ampola 1,00 ML",,,Em dúvida,Dosagem não especificada ou não consta no CATMAT
https://pncp.gov.br/api/pncp/v1/orgaos/11228564000100/compras/2024/68/itens,138657,17995,"Fosfomicina trometamol - Dosagem: 5,631 gramas; Apresentação: granulado; Marca: Monuril.",Env - 8 - Grs.,,,Em dúvida,Dosagem não especificada ou não consta no CATMAT
https://pncp.gov.br/api/pncp/v1/orgaos/46189726000115/compras/2024/15/itens,9,18063,"SORBITOL + LAURILSULFATO DE SODIO - BISNAGA 6,5 G",BSNG,"PDM: 18063 - Sorbitol, Composição:Sorbitol 70% + Lauril Sulfato De Sódio, Concentração:714 Mg + 7,70 MG/G, Forma Farmacêutica:Enema",365454.0,Sim,
https://pncp.gov.br/api/pncp/v1/orgaos/02382836000123/compras/2023/102/itens,7,18063,"ADOÇANTE LIQUIDO 80ML A 100 ML - Adoçante Líquido: Produto  em perfeito estado de conservação, tendo em sua composição: água, sorbitol, edulcorantes artificiais: sacarina sódica e ciclamato de sódio e conservadores: ácido benzóico e metilparabeno. A embalagem deverá conter entre 80 a 100 mililitros cada uma além de trazer externamente os dados de identificação e procedência, informação nutricional, número do lote, data de validade, quantidade do produto. O produto deverá apresentar validade mínima de 06 (seis) meses a partir da data de entrega na unidade requisitante. ZERO-CAL, ADOCYL, ASSUGRIN  OU DE IGUAL OU SUPERIOR QUALIDADE.",Unidade,,,Não,
https://pncp.gov.br/api/pncp/v1/orgaos/88488341000107/compras/2024/18/itens,7,18226,Rosuvastatina + Ezetimiba 20 + 10mg c/ 30cp.,Caixa,"PDM: 18302 - Ezetimiba, Composição:Associado À Rosuvastatina, Concentração:10mg + 20 MG",477128.0,Sim,
https://pncp.gov.br/api/pncp/v1/orgaos/21154554000113/compras/2024/278/itens,3,18239,FILTRO/ELEMENTO FILTRANTE EQUIP.REFRIGERACAO - EQUIPAMENTO: IBBL FR600 (PAREDE); TIPO: CARVAO ATIVADO IMPREGNADO C/ PRATA COLOIDAL; REFERENCIA: CONFOR,1 UNIDADE,,,Não,
https://pncp.gov.br/api/pncp/v1/orgaos/02917132000108/compras/2024/12/itens,10,18239,CARVÃO VEGETAL ATIVADO PÓ 50 G PÓ PARA SUSPENSÃO ORAL,POTE,"PDM: 18239 - Carvão Ativado, Forma Farmacêutica:Em Pó",446251.0,Sim,
https://pncp.gov.br/api/pncp/v1/orgaos/01612533000197/compras/2024/13/itens,4219983,18239,"Bebedouro água, tipo: industrial, características adicionais: 4 torneiras, latão cromado, serpentina cobre, filtro externo de carvão ativado, voltagem: 220 v, material gabinete: aço inoxidável, material reservatório água: aço inoxidável, capacidade água: minimo de 80 litros",Und.,,,Não,
https://pncp.gov.br/api/pncp/v1/orgaos/12025214000100/compras/2022/6/itens,5,18239,"DESTILADOR DE ÁGUA - com reservatório de 4 litros para água comum e de 3,8 litros para água destilada, com cuba em aço inoxidável, duração do ciclo de 4 a 8 horas, com filtro de carvão ativado, desligar automaticamente quando o recipiente de água comum esvaziar, voltagem de 220v, frequência de 60hz, potencia de 550v, cor branca.",UNIDADE,,,Não,
https://pncp.gov.br/api/pncp/v1/orgaos/24859332000194/compras/2023/34/itens,10,18239,"0010 - DESTILADOR DE ÁGUA 

INDICADO PARA DESTILAR ÁGUA PARA USO EM AUTOCLAVES DE ESTERILIZAÇÃO A VAPOR OU QUALQUER OUTRA APLICAÇÃO ONDE SEJA NECESSÁRIA A UTILIZAÇÃO DE ÁGUA DESTILADA.

1 DESTILADOR; 

1 RESERVATÓRIO PARA ÁGUA COMUM; 

1 RESERVATÓRIO PARA ÁGUA DESTILADA; 

3 FILTROS DE CARVÃO ATIVADO; 

1 FILTRO DA RESISTÊNCIA; 

1 CLIP DE METAL. 

1 MANUAL DE INSTRUÇÕES; 

DURAÇÃO DO CICLO COMPLETO: 6 A 8 HORAS; 

TEMPERATURA DE TRABALHO: 15 A 40°; 

PROPORCIONA ECONOMIA DE ATÉ 35% NOS GASTOS COM ÁGUA DESTILADA; 

A VALIDADE DA ÁGUA DESTILADA EM AUTOCLAVES DE ESTERILIZAÇÃO A VAPOR É DE 15 DIAS A PARTIR DA DATA DA DESTILAÇÃO; 

O ARMAZENAMENTO DA ÁGUA DESTILADA DEVE SER FEITO EM UM RECIPIENTE LIMPO, DE PLÁSTICO OU VIDRO, DEVIDAMENTE TAMPADO, AO ABRIGO DE LUZ E CALOR; 

ESPECIFICAÇÕES TÉCNICAS: 

TENSÃO ELÉTRICA: 220V; 

CAPACIDADE DO RESERVATÓRIO DE ÁGUA DESTILADA: 3,8 LITROS; 

CAPACIDADE DO RESERVATÓRIO DE ÁGUA COMUM: 4 LITROS.; 

DURAÇÃO DO CICLO COMPLETO: 6 A 8 HORAS; 

PESO: 4 KG. 

DIMENSÕES: 

LARGURA: 27 CM; 

ALTURA: 33 CM; 

PROFUNDIDADE: 27,6 CM.

MARCAS PRÉ APROVADAS:  CRISTOFOLI; BIOTRON; KONDENTECH; D700.",UN,,,Não,
https://pncp.gov.br/api/pncp/v1/orgaos/75587204000170/compras/2024/138/itens,5,18239,"BEBEDOURO INDUSTRIAL MÍNIMO 50 LITROS, MODELO PRESSÃO, AÇO INOX BRILHANTE, RESERVATÓRIO INTERNO EM AÇO INOX 304, COM FILTRO INTERNO COMPOSTO DE CARVÃO ATIVADO E CELULOSE COM 02 TORNEIRAS EM METAL CROMADO, CAPACIDADE DE REFRIGERAÇÃO DE 120L/HORA, GÁS REFRIGERANTE ECOLÓGICO R134 A , TERMOSTATO REGULADOR DE TEMPERATURA, DIMENSÕES 1350 X 650 X 550 (ALT. X LARG. X PRONF.) 127 V. CÓD CATMAT 355418 ( SIMILAR)",UNIDADE (UNID.),,,Não,
https://pncp.gov.br/api/pncp/v1/orgaos/45751435000106/compras/2024/268/itens,3,18501,"NUTRIÇÃO PARENTERAL PADRONIZADA TIPO 3 (NPP 3) DE 301 A 500ML DE AMINOÁCIDOS, E GLICOSE, ELETRÓLITO, OLIGOELEMENTOS, VITAMINAS E ÁGUA, COM VOLUME MÁXIMO DE 1000ML",BLS,,,Em dúvida,Composição não existe no CATMAT
https://pncp.gov.br/api/pncp/v1/orgaos/45122603000102/compras/2023/56/itens,3,18664,CARMELOSE SODICA COLIRIO   FRASCO 15 ML,FR,,,Em dúvida,Falta a concentração
https://pncp.gov.br/api/pncp/v1/orgaos/87612784000197/compras/2024/134/itens,2,19111,"SACO DE UREIA. <p>SACO DE 50KG DE UR&Eacute;IA</p>

",UN,,,Não,
https://pncp.gov.br/api/pncp/v1/orgaos/46379400000150/compras/2023/1842/itens,1,19487,Alirocumabe,"Seringa 1,00 ML",,,Em dúvida,Falta a concentração
https://pncp.gov.br/api/pncp/v1/orgaos/87958625000149/compras/2024/116/itens,3,19927,ROMOSOZUMABE 90MG/ML INJETAVEL,un,"PDM: 19927 - Romosozumabe, Concentração:90 MG/ML, Forma Farmacêutica:Solução Injetável, Adicional:Seringa Preenchida",480015.0,Sim,
https://pncp.gov.br/api/pncp/v1/orgaos/07954480000179/compras/2024/10582/itens,2,30145,"TREMELIMUMABE, 300MG/15ML, SOLUCAO PARA DILUICAO PARA INFUSAO, FRASCO AMPOLA 15ML, UNIDADE 1.0 FRASCO / AMPOLA",UNIDADE 1.0 FRASCO / AMPOLA,"PDM: 30145 - Tremelimumabe, Concentração:20 MG/ML, Forma Farmacêutica:Solução P/ Diluição P/ Infusão",612063.0,Sim,
https://pncp.gov.br/api/pncp/v1/orgaos/46634168000150/compras/2022/70/itens,4,11834,"APIXABANA 2,5MG.",COM,"PDM: 11834 - Apixabana, Concentração:2,5 MG",429847.0,Sim,
https://pncp.gov.br/api/pncp/v1/orgaos/18025973000140/compras/2024/21/itens,8,354,"Acido Folico 5mg, Comprimido","unidade 1,00 comprim","PDM: 354 - Ácido Fólico, Dosagem:5 MG",267503.0,Sim,
https://pncp.gov.br/api/pncp/v1/orgaos/08778268000160/compras/2024/38/itens,8,6143,"DEXAMETASONA 4 mg/mL solução injetável (ampola 2,5 mL).",Amp,"PDM: 6143 - Dexametasona, Dosagem:4 MG/ML, Forma Farmacêutica:Solução Injetável",292427.0,Sim,
https://pncp.gov.br/api/pncp/v1/orgaos/76950039000131/compras/2024/64/itens,4,15458,"CÂMARA CONSERVAÇÃO DE VACINA  -Equipamento vertical, de formato externo e interno retangular, desenvolvido especificamente para guarda científica de vacinas. -Capacidade para armazenamento 340 a 420 litros úteis. -Refrigeração por compressor hermético, selado, de baixo consumo de energia, com sistema de circulação forçado de ar interno, garantindo uma maior homogeneidade na temperatura. - Degelo automático seco com evaporação de condensado sem trabalho adicional. - Câmara interna construída em aço inoxidável para longa vida útil e perfeita assepsia. - Mínimo de 6 prateleiras e/ou gavetas deslizantes fabricadas em aço inoxidável com portas em acrílico. - Porta de vidro triplo “no fog” ou “cega”. - Isolamento térmico mínimo de 70 mm nas paredes em poliuretano injetado expandido livre de CFC. - Equipamento com 4 rodízios especiais com freio na parte frontal para fácil travamento. - Painel de comandos e controles frontal superior de fácil acesso, com sistema micro processado pelo display em LCD ou LED, programável de 2ºC a 8ºC com temperatura controlada automaticamente. - Iluminação interna em LED de alta capacidade e vida útil com acionamento na abertura da porta ou externamente no painel frontal. - Sistema de alarme visual e sonoro de máxima e minima temperature, falta de energia ou porta aberta, dotado de bacteria recarregável. - Silenciador do alarme sonoro de apenas um toque. - Sistema de redundância elétrico/eletrônico, garantindo perfeito funcionamento do equipamento. - Sistema de bacteria para acionamento dos alarmes na falta de energia. - Tampa frontal basculante para limpeza do Sistema mecânico e filtros. - Chave geral de energia – liga/desliga. - Equipamento disponível 110 volts. - Registro na ANVISA. - Manual do proprietário em português. Sistema de emergência para autônomia de até 24 horas na falta de energia; - Sistema de monitoramento autônomo por pen drive, para registro de temperaturas, alarmes e eventos sem utilização de software ou computador; - Discadora de telephone pré-programados em caso de var",UN,,,Não,
https://pncp.gov.br/api/pncp/v1/orgaos/08790172000118/compras/2024/28/itens,3,14456,Acebrofilina 50mg/5ml xarope 120ml,Frasco,"PDM: 14456 - Acebrofilina, Concentração:10 MG/ML, Forma Farmaceutica:Xarope",448839.0,Sim,
https://pncp.gov.br/api/pncp/v1/orgaos/05505334000130/compras/2024/1/itens,3875812,2259,"Álcool 70 %, desinfetante hospitalar a base de álcool etílico a 70% em peso. Embalagem de 1000mL.",UND,,,Em dúvida,Falta a forma de apresentação
https://pncp.gov.br/api/pncp/v1/orgaos/04215971000100/compras/2023/48/itens,8,8820,ACIDO ACETICO 2% EMBALAGEM 1 LITRO,Frasco,,,Em dúvida,Falta a concentração (correta)
https://pncp.gov.br/api/pncp/v1/orgaos/35667229000169/compras/2024/1/itens,6,5130,Ambroxol 15mg/mL xarope frasco 100mL,Unidade,,,Em dúvida,Falta a concentração (correta)
https://pncp.gov.br/api/pncp/v1/orgaos/00509968000148/compras/2024/1993/itens,5,6168,Diazepam dosagem: 2,Ampola 1 ML,"PDM: 6168 - Diazepam, Dosagem:2 MG",267196.0,Sim,
https://pncp.gov.br/api/pncp/v1/orgaos/13809397000109/compras/2024/3/itens,10,365,Lote 2 - Benzilpenicilina benzatina 1.200.000u.i - pó para suspensão injetável,Ampola,"PDM: 365 - Benzilpenicilina, Apresentação:Benzatina, Dosagem:1.200.000ui, Uso:Injetável",270612.0,Sim,
https://pncp.gov.br/api/pncp/v1/orgaos/46179958000192/compras/2024/107/itens,4,5194,IMIPRAMINA 25 MG - COMPR,COMPRIMIDOS,"PDM: 5194 - Imipramina, Princípio Ativo:Cloridrato, Dosagem:25 MG",267292.0,Sim,
https://pncp.gov.br/api/pncp/v1/orgaos/46732442000123/compras/2023/1/itens,3,351,"AMINOFILINA  24 MG/ML, AMPOLA DE 10 ML",AMP,"PDM: 351 - Aminofilina, Dosagem:24 MG/ML, Forma Farmacêutica:Solução Injetável",292402.0,Sim,
https://pncp.gov.br/api/pncp/v1/orgaos/80673411000187/compras/2023/222/itens,6,18284,"Acao judicial (exclusivo almox.450/495) Tansulosina 0,4mg - tamsulon",Cápsula,"PDM: 18284 - Tansulosina, Concentração:0,4 MG",396211.0,Sim,
https://pncp.gov.br/api/pncp/v1/orgaos/18313817000185/compras/2023/143/itens,1,353,"ACIDO ACETILSALICILICO 100 MG 

Comprimido tamponado.

CATMAT: 270965.",COMPRIMIDO,"PDM: 353 - Ácido Acetilsalicílico, Dosagem:100 MG, Tipo Uso:Tamponado",270965.0,Sim,
https://pncp.gov.br/api/pncp/v1/orgaos/18128207000101/compras/2024/18/itens,6,2036,ACIDO VALPROICO 250 MG/5 ML,VD,"PDM: 2036 - Ácido Valpróico, Dosagem:50 MG/ML, Forma Farmacêutica:Xarope",308732.0,Sim,
https://pncp.gov.br/api/pncp/v1/orgaos/75731000000160/compras/2024/62/itens,4399110,2259,"Alcool etilico, tipo: hidratado, 70%, composicao: glicerinado, gel antisseptico com glicerina 5 litrosAlcool etilico, tipo: hidratado, 70%, composicao: glicerinado, gel antisseptico com glicerina 5 litros",Unidades,,,Em dúvida,Forma de apresentação confusa
https://pncp.gov.br/api/pncp/v1/orgaos/88199971000153/compras/2024/15/itens,3,354,"Ácido Fólico 0,2mg /ml, solução oral c/ 30 ml",Frasco,"PDM: 354 - Ácido Fólico, Dosagem:0,2 MG/ML, Uso:Solução Oral - Gotas",278489.0,Sim,
https://pncp.gov.br/api/pncp/v1/orgaos/12465068000125/compras/2024/1/itens,2,2259,"ÁLCOOL ETÍLICO HIDRATADO 70° – EMBALAGEM PLASTICA DE 1.000ML, COM A INDICAÇÃO DO REGISTRO DO PRODUTO JUNTO A ANVISA E AO MINISTÉRIO DA SAÚDE. NA EBL DEVERÁ CONSTAR A DATA DA FABRICAÇÃO, COM DATA DE VALIDADE NO MINIMO 6 MESES DA DATA DE ENTREGA, NÚMERO DO LOTE, INFORMAÇÕES E ADVERTÊNCIAS.",LITRO,,,Em dúvida,Falta a forma de apresentação
https://pncp.gov.br/api/pncp/v1/orgaos/08086662000138/compras/2024/90/itens,7,8428,INSULINA GLARGINA LANTUS SOLSTAR 100UI/ML REFIL DE 3ML. Cota principal de 75%,Caixa,"PDM: 8428 - Insulina, Tipo:Glargina, Concentração:100 UI/ML, Forma Farmaceutica:Solução Injetável, Caracteristica Adicional:Refil",438153.0,Sim,
https://pncp.gov.br/api/pncp/v1/orgaos/92324706000127/compras/2023/90/itens,10,1726,"LISDEXANFETAMINA, DIMESILATO 30mg",Unidade,"PDM: 1726 - Lisdexanfetamina Dimesilato, Concentração:30 MG",407328.0,Sim,
https://pncp.gov.br/api/pncp/v1/orgaos/44723674000190/compras/2024/33/itens,7,1253,"TROK-G (DIPROP. BETAMETASONA 0,05MG/G + SULF. DE GENTAMICINA 1MG/G) - CREME DERMATOLÓGICO",BIS,"PDM: 1253 - Betametasona, Composição:Dipropionato, Apresentação:Associada Com Gentamicina Sulfato, Dosagem:0,5mg + 1mg/G, Uso:Creme",270591.0,Sim,
https://pncp.gov.br/api/pncp/v1/orgaos/10572022000180/compras/2024/75/itens,8,6577,"Cota reservada 3 - (4059590) - ENOXAPARINA SODICA - CONCENTRACAO/DOSAGEM 40 MG,FORMA FARMACEUTICA SOLUCAO INJETAVEL,FORMA DE APRESENTACAO SERINGA PREENCHIDA,VIA DE ADMINISTRACAO SUBCUTANEA/INTRAVENOSA","SER 0,4 ML","PDM: 6577 - Enoxaparina, Concentração:100 MG/ML, Forma Farmaceutica:Solução Injetável, Características Adicionais 1:Seringa Preenchida",448982.0,Sim,
https://pncp.gov.br/api/pncp/v1/orgaos/80673411000187/compras/2023/330/itens,5,10023,"Especialidades farmaceuticas Mupirocina 2%, 20mg/g, creme, bisnaga 15g",Pote,"PDM: 10023 - Mupirocina, Concentração:20 MG/G, Uso:Creme",273455.0,Sim,
https://pncp.gov.br/api/pncp/v1/orgaos/08702573000179/compras/2024/23/itens,4,5275,"Clorpromazina 25mg/ml, AMPOLAola.",Ampola,"PDM: 5275 - Clorpromazina, Dosagem:25 Mg",267635.0,Sim,
https://pncp.gov.br/api/pncp/v1/orgaos/34925214000190/compras/2024/9/itens,10001,14456,"ACEBROFILINA 5MG/ML, FRASCO 120ML + COPO

MEDIDOR",UNIDADE,"PDM: 14456 - Acebrofilina, Concentração:5 MG/ML, Forma Farmaceutica:Xarope",448838.0,Sim,
https://pncp.gov.br/api/pncp/v1/orgaos/75442756000190/compras/2022/17/itens,1,1872,Ácido Ascorbico 100mg/ml injetável 5 ml - BR0271687,AMPOLA,"PDM: 1872 - Ácido Ascórbico, Dosagem:100 MG/ML, Tipo Uso:Injetável",271687.0,Sim,
https://pncp.gov.br/api/pncp/v1/orgaos/11513856000187/compras/2024/9/itens,6,363,BR0268375 - ACICLOVIR 50MG/G CREME,TUBO,"PDM: 363 - Aciclovir, Dosagem:50 MG/G, Uso:Creme",268375.0,Sim,
https://pncp.gov.br/api/pncp/v1/orgaos/45944428000120/compras/2024/46/itens,6,5400,"PASTA DE ZINCO ENÓLICA, MATERIAL DE MOLDAGEM OBTIDO DA REAÇÃO DE 2 PASTAS",Caixa,,,Não,
https://pncp.gov.br/api/pncp/v1/orgaos/46373445000118/compras/2024/252/itens,6,11154,PREDNISONA 5MG COMPRIMIDO - Prednisona; concentração/dosagem de 05mg; forma farmacêutica e de apresentação comprimido/drágea/cápsula; prazo de validade mínima de 18 meses; via oral,COMPRIMIDO - COMP,"PDM: 11154 - Prednisona, Dosagem:5 Mg",267741.0,Sim,
https://pncp.gov.br/api/pncp/v1/orgaos/59858134000190/compras/2024/14/itens,6,2025,ACIDO ACETIL SALICILICO 100 MG COMP.,COMPRIMIDO,,,Em dúvida,PDM errado
https://pncp.gov.br/api/pncp/v1/orgaos/29051216000168/compras/2023/2/itens,3,8807,LEVOFLOXACINO 500MG-05891 LEVOFLOXACINO 500MG,COMP,"PDM: 8807 - Levofloxacino, Dosagem:500 MG",305270.0,Sim,
https://pncp.gov.br/api/pncp/v1/orgaos/08234148000100/compras/2024/16/itens,9,5087,"0029275 - CLONAZEPAM, 2 MG",Comprimido,"PDM: 5087 - Clonazepam, Dosagem:2 MG",270119.0,Sim,
https://pncp.gov.br/api/pncp/v1/orgaos/77721363000140/compras/2024/91/itens,8,5226,"PETIDINA CLORIDRATO, DOSAGEM:50 MG/ML, APRESENTAÇÃO:SOLUÇÃO INJETÁVEL, AMPOLA 2ML - BR0272329",UNIDADE,"PDM: 5226 - Petidina Cloridrato, Dosagem:50 MG/ML, Apresentação:Solução Injetável",272329.0,Sim,
https://pncp.gov.br/api/pncp/v1/orgaos/88254891000153/compras/2024/118/itens,2,2259,ALCOOL ETÍLICO 70% - GALÃO DE 5 LITROS,GALAO (GL),,,Em dúvida,Falta a forma de apresentação
https://pncp.gov.br/api/pncp/v1/orgaos/36975571000199/compras/2024/385/itens,1,7890,GABAPENTINA 300 MG CPR-,UNIDADE,"PDM: 7890 - Gabapentina, Dosagem:300 MG",268107.0,Sim,
https://pncp.gov.br/api/pncp/v1/orgaos/13792329000184/compras/2024/133/itens,2,7364,"FENTANILA,  citrato 50mcg/ml, solução injetável,",FRASCO AMPOLA,"PDM: 7364 - Fentanila, Apresentação:Sal Citrato, Dosagem:50 MCG, Indicação:Adesivo Transdérmico",271949.0,Sim,
https://pncp.gov.br/api/pncp/v1/orgaos/90895905000160/compras/2024/154/itens,7,18272,ARIPIPRAZOL 10MG SULCADO,cp,"PDM: 18272 - Aripiprazol, Concentração:10 MG",364780.0,Sim,
https://pncp.gov.br/api/pncp/v1/orgaos/03452299000103/compras/2024/46/itens,3,5056,CITALOPRAM 20 MG (BR0272903) COMPRIMIDO (42),COMPRIMIDO,"PDM: 5056 - Citalopram, Dosagem:20 MG",272903.0,Sim,
https://pncp.gov.br/api/pncp/v1/orgaos/15023989000126/compras/2024/160/itens,9,2436,AMOXICILINA 400MG/5ML + CLAVULANATO DE POTASSIO 57MG/5ML,FRASCO,"PDM: 2436 - Amoxicilina, Princípio Ativo:Associada Com Clavulanato De Potássio, Concentração:80 Mg + 11,5 Mg/Ml, Forma Farmacêutica:Pó P/ Suspensão Oral",386396.0,Sim,
https://pncp.gov.br/api/pncp/v1/orgaos/10817032000138/compras/2024/6/itens,6,2036,ACIDO VALPRÓICO  250mg,CAPSULAS,"PDM: 2036 - Ácido Valpróico, Dosagem:250 MG",267504.0,Sim,
https://pncp.gov.br/api/pncp/v1/orgaos/27080530000143/compras/2024/308/itens,1,8428,"Acessório Bomba Insulina componente: c/ agulha introdutora, material: polímero, tipo acessório: cânula infusão cerca 8 mm",Unidade,,,Não,
https://pncp.gov.br/api/pncp/v1/orgaos/75658377000131/compras/2023/6/itens,10,5116,"ESPESSANTE INSTANTÂNEO. MODIFICA AS CARACTERÍSTICAS DE CONSISTÊNCIA   


ALIMENTOS LÍQUIDOS E SEMI-SÓLIDOS, QUENTES OU FRIOS, NÃO ALTERA SABOR, COR E ODOR DOS ALIMENTOS, PERMITINDO UMA DEGLUTIÇÃO MAIS SEGURA POR MINIMIZAR OS RISCOS DE ASPIRAÇÃO. ISENTO DE SACAROSE E LACTOSE. COMPOSIÇÃO: GOMA XANTANA, MALTODEXTRINA E CLORETO DE POTÁSSIO. NÃO CONTER AMIDO DE MILHO. APRESENTAÇÃO: LATA DE 125G. VALIDADE MÍNIMA DE 6 MESES E REGISTRO NO MINISTÉRIO DA SAÚDE.  


",LATA,,,Não,
https://pncp.gov.br/api/pncp/v1/orgaos/89363642000169/compras/2024/1717/itens,1,7667,Fluoxetina cloridrato capsula ou comprimido 20 mg,Unidade,"PDM: 7667 - Fluoxetina, Dosagem:20 MG",273009.0,Sim,
https://pncp.gov.br/api/pncp/v1/orgaos/46187506000152/compras/2024/15/itens,2,14456,ACEBROFILINA ADULTO10 MG/ML FRS.120 ML,FR,"PDM: 14456 - Acebrofilina, Concentração:10 MG/ML, Forma Farmaceutica:Xarope",448839.0,Sim,
https://pncp.gov.br/api/pncp/v1/orgaos/45780103000150/compras/2024/547/itens,1,1651,Cota Principal    - LEVOCETIRIZINA DICLORIDRATO 5MG/ML GOTAS - FR 20ML,FRASCO,"PDM: 1651 - Levocetirizina, Composição:Sal Dipropionato, Concentração:5 MG/ML, Forma Farmacêutica:Solução Oral",434796.0,Sim,
https://pncp.gov.br/api/pncp/v1/orgaos/18625129000150/compras/2023/60/itens,9,18063,"Creme esfoliante - Peeling - 500g Composição: Aqua; Perlite; Ethylhexyl stearate; Cetearyl alcohol, Polysorbate 60; Chamomilla recutita extract; Sorbitol; Glyceryl stearate; Cetearyl alcohol; Cetearyl alcohol; Sodium laureth sulfate; Phenoxyethanol, Methylisothiazolinone, Propanediol; Parfum; Disodium EDTA; BHT; Triethanolamine; Benzyl salicylate, Butylphenyl methylpropional, Citral, Geraniol, Hexyl cinnamal, Limonene.Rendimento rosto: 130 aplicaçõesRendimento corpo: 25 aplicações",UN,,,Não,
https://pncp.gov.br/api/pncp/v1/orgaos/23718067000161/compras/2024/14/itens,3,2259,"ÁLCOOL ETÍLICO, TIPO HIDRATADO, TEOR ALCOÓLICO 70% 500ML",UND,,,Em dúvida,Falta a forma de apresentação
https://pncp.gov.br/api/pncp/v1/orgaos/03184041000173/compras/2023/21/itens,1,18221, OXITETRACICLINA DIIDRATADA INJETÁVEL      (FRASCO C/ 50 ML),UNIDADE,"PDM: 18221 - Oxitetraciclina, Composição:Associada Com Hidrocortisona, Concentração:30mg + 10mg /G, Apresentação:Pomada",282830.0,Sim,
https://pncp.gov.br/api/pncp/v1/orgaos/11258723000101/compras/2023/21/itens,6,1872,ÁCIDO ASCÓRBICO 100MG/ML INJETÁVEL 5ML,UN,"PDM: 1872 - Ácido Ascórbico, Dosagem:100 MG/ML, Tipo Uso:Injetável",271687.0,Sim,
https://pncp.gov.br/api/pncp/v1/orgaos/17894072000122/compras/2024/13/itens,5,2259,"ALCOOL ETILICO HIDRATADO 70% ALCOOL ETILICO HIDRATADO, INPM 62,4%, DE USO HOSPITALAR, FRASCO CONTENDO 1 LITRO 1 ML, CONSTANDO Nº DO LOTE, DATA DE FABRICACAO E VALIDADE E REGISTRO NO MINISTERIO DA SAUDE",Frasco,,,Em dúvida,Falta a forma de apresentação
https://pncp.gov.br/api/pncp/v1/orgaos/87958625000149/compras/2024/336/itens,1,17666,"LANREOTIDA, ACETATO 90MG (INJ.) (PO LIOF.).",fa,,,Em dúvida,Dosagem não existe no CATMAT
https://pncp.gov.br/api/pncp/v1/orgaos/46588950000180/compras/2024/51/itens,8,8807,"LEVOFLOXACINO 250 MG EM EMBALAGEM PRIMÁRIA FRACIONÁVEL
",COMPRIMIDO,"PDM: 8807 - Levofloxacino, Dosagem:250 MG",332987.0,Sim,
https://pncp.gov.br/api/pncp/v1/orgaos/03507415000225/compras/2023/156/itens,462574,5118,"CLORETO DE SÓDIO 9MG/ML. SOLUÇÃO INJETÁVEL. BOLSA, FRASCO OU FRASCO-AMPOLA DE SISTEMA FECHADO 500ML. UNIDADE.",UN,"PDM: 5118 - Cloreto De Sódio, Princípio Ativo:0,9%_ Solução Injetável, Aplicação:Sistema Fechado",268236.0,Sim,
https://pncp.gov.br/api/pncp/v1/orgaos/17349848000123/compras/2024/25/itens,2,3567,"BIPERIDENO, CLORIDRATO DE 2MG COMPRIMIDO",Unidade,"PDM: 3567 - Biperideno, Dosagem:2 MG",270140.0,Sim,
https://pncp.gov.br/api/pncp/v1/orgaos/18278069000147/compras/2024/59/itens,4,1289,"FÓRMULA INFANTIL PARA CRIANÇAS DE 1 A 3 ANOS SORO DE LEITE DESMINERALIZADO, OLEÍNA DE PALMA, MALTODEXTRINA, LACTOSE, LEITE DESNATADO, GALACTO OLIGOSSACARÍDEOS, ÓLEO DE CANOLA COM BAIXO TEOR ERÚCICO, ÓLEO DE GIRASSOL, SAIS MINERAIS (CITRATO DE CÁLCIO, FOSFATO DE POTÁSSIO DIBÁSICO, CLORETO DE MAGNÉSIO, FOSFATO DE SÓDIO DIBÁSICO, FOSFATO DE CÁLCIO DIBÁSICO, CLORETO DE CÁLCIO, SULFATO FERROSO, CLORETO DE POTÁSSIO, SULFATO DE ZINCO, SULFATO DE COBRE, IODETO DE POTÁSSIO E SELENATO DE SÓDIO), FRUTO OLIGOSSACARÍDEOS, ÓLEO DE PEIXE, VITAMINAS (L ASCORBATO DE SÓDIO, ACETATO DE DL ? TOCOFERILA, D  PANTOTENATO DE CÁLCIO, NICOTINAMIDA, TIAMINA MONONITRATO, ACETATO DE RETINILA, CLORIDRATO DE PIRIDOXINA, RIBOFLAVINA, ÁCIDO N PTEROIL L GLUTÂMICO, FITOMENADIONA, D-BIOTINA, COLECALCIFEROL E CIANOCOBALAMINA), FENILALANINA, L HISTIDINA, ÓLEO DE MORTIERELLA ALPINA, NUCLEOTÍDEOS (CITIDINA 5 MONOFOSFATO, SAL DISSÓDICO DE URIDINA 5 MONOFOSFATO, ADENOSINA 5 MONOFOSFATO E SAL DISSÓDICO DE GUANOSINA 5 MONOFOSF",LATA,,,Não,
https://pncp.gov.br/api/pncp/v1/orgaos/13915632000127/compras/2024/62/itens,8,8820,"10600600182 - ÁCIDO ACÉTICO DILUÍDO A 5%, FORMA FARMACÊUTICA SOLUÇÃO AQUOSA FRASCO DE 1 LITRO.",FR,"PDM: 8820 - Ácido Acético, Concentração:5%, Forma Farmacêutica:Solução Tópica, Característica Adicional:Formulação Especialmente Manipulada",428793.0,Sim,
https://pncp.gov.br/api/pncp/v1/orgaos/87572079000103/compras/2024/154/itens,4,5130,CLORIDRATO DE AMBROXOL 3MG/ML XAROPE-FRASCO 100ML,FRC,"PDM: 5130 - Ambroxol, Composição:Sal Cloridrato, Concentração:3 MG/ML, Forma Farmacêutica:Xarope",446264.0,Sim,
https://pncp.gov.br/api/pncp/v1/orgaos/87613253000119/compras/2024/23/itens,4,10422,PARACETAMOL 500MG  RENAME,COMPRIMIDOS,"PDM: 10422 - Paracetamol, Dosagem Comprimido:500 MG",267778.0,Sim,
https://pncp.gov.br/api/pncp/v1/orgaos/00394544000185/compras/2024/581/itens,7,19859,"DINUTUXIMABE COMPOSIÇÃO: BETA, CONCENTRAÇÃO: 4,5, FORMA FARMACÊUTICA: SOLUÇÃO INJETÁVEL",Frasco 4.5 ML,"PDM: 19859 - Dinutuximabe, Composição:Beta, Concentração:4,5 MG/ML, Forma Farmacêutica:Solução Injetável",473269.0,Sim,
https://pncp.gov.br/api/pncp/v1/orgaos/11221619000142/compras/2024/32/itens,2,8007,LEITOR DE GLICOSE COM CARREGADOR. O PRODUTO DEVERA ATENDER A LEGISLACAO VIGENTE   FREESTYLE LIBRE ABBOTT .,UN,,,Não,
https://pncp.gov.br/api/pncp/v1/orgaos/18140756000100/compras/2023/65/itens,3758492,8007,GLICOSE 25% AMPOLA COM 10ml,UN,"PDM: 8007 - Glicose, Concentração:25%, Indicação:Solução Injetável",267540.0,Sim,
https://pncp.gov.br/api/pncp/v1/orgaos/08349052000180/compras/2024/2/itens,6,5087,"9141 - CLONAZEPAM, 0,5 MG",Capsula,"PDM: 5087 - Clonazepam, Dosagem:0,5 MG",270118.0,Sim,
https://pncp.gov.br/api/pncp/v1/orgaos/46439683000189/compras/2023/21/itens,9,2036,ACIDO VALPROICO 250MG  - MEDICAMENTOS CONTROLADOS DE USO HUMANO; ACIDO VALPROICO 250MG; FORMA FARMACEUTICA CAPSULA/COMPRIMIDO/COMPRIMIDO REVESTIDO; FORMA DE APRESENTACAO CAPSULA/COMPRIMIDO/COMPRIMIDO REVESTIDO; VIA DE ADMINISTRACAO ORAL,COM,"PDM: 2036 - Ácido Valpróico, Dosagem:250 MG",267504.0,Sim,
https://pncp.gov.br/api/pncp/v1/orgaos/95583597000150/compras/2023/87/itens,5,1289,"FÓRMULA INFANTIL DE 0 Á 6 MESE PARA O SEGUIMENTO PARA LACTENTES E CRIANÇAS DE PRIMEIRA INFANCIA, CONTENDO SORO DE LEITE DESMINERALIZADO, LACTOSE, OLEINA DE PALMA, LEITE DESNATADO, MALTODEXTRINA, OLEO DE PALMISTE, GALACTOOLIGOSSACARÍDEOS, OLEO DE CANOLA COM BAIXO TEOR ERUCICO, SAIS MINERAIS (CITRATO DE CALCIO, FOSFATO DE POTASSIO DIBASICO, FOSFATO DE SÓDIO DIBASICO, FOSFATO DE CALCIO DIBASICO, CLORETO DE CALCIO, CLORETO DE MAGNESIO, CLORETO DE POTASSIO, SULFATO FERROSO, SULFATO DE ZINCO, SULFATO DECOBRE IODETO DE POTASSIO E SELENATO DE SODIO, OLEO DE MILHO, FRUTOOLIGOSSACARIDEOS, OLEO DE PEIXE, VITAMINAS, OLEO DE MORTIERELLA ALPINA, L-FENILALANINA,L-HISTIDINA, NUCLEOTIDEOS, EMULSIFICANTE, LECITINA DE SOJA E REGULADOR DE ACIDEZ, ACIDO CITRICO E HIDROXIDO DE POTASSIO. ( REFERENCIA NAN CONFOR 1 )

LATA COM NO MÍNIMO 400G E MÁXIMO 800G",KILOGRAMA(S),,,Não,
https://pncp.gov.br/api/pncp/v1/orgaos/00394544000185/compras/2024/900/itens,4,18455,"EXTRATO MEDICINAL CONCENTRAÇÃO: 50, FORMA FARMACÊUTICA: SOLUÇÃO ORAL, PRINCÍPIO ATIVO: ÓLEO DE CANABIDIOL",Frasco 30 ML,"PDM: 18455 - Extrato Medicinal, Princípio Ativo:Óleo De Canabidiol, Concentração:50 MG/ML, Forma Farmacêutica:Solução Oral",452302.0,Sim,
https://pncp.gov.br/api/pncp/v1/orgaos/01612546000166/compras/2024/11/itens,2,3503,"100% stevia. Ingredientes: água, Edulcorantes Naturais Glicosídeos de Steviol, conservantes: benzoato de sódio e sorbato de potássio, acidulante: ácido cítrico. Sem aspartame, sem ciclamato, sem sacarina, sem acesulfame-k. Prazo de validade mínimo 2 anos a contar a partir da data de entrega. Unidades de 80ml.",UNIDADE,,,Não,
https://pncp.gov.br/api/pncp/v1/orgaos/92451038000107/compras/2024/39/itens,2,2259,"Álcool Etílico volume 92,6% a 93,8% a 15ºC, acondicionado em embalagem plástica de 1 litro, com validade mínima de 12 meses a contar da data da entrega. A embalagem deverá conter externamente os dados",Un,,,Em dúvida,Falta a forma de apresentação
https://pncp.gov.br/api/pncp/v1/orgaos/88199971000153/compras/2023/8/itens,4,6200,Digoxina 0 25mg,Unidade,"PDM: 6200 - Digoxina, Dosagem:0,25 MG",267647.0,Sim,
https://pncp.gov.br/api/pncp/v1/orgaos/13672489000190/compras/2024/4/itens,7,349,Ampicilina 500mg capsula,CP,"PDM: 349 - Ampicilina, Dosagem:500 MG",267515.0,Sim,
https://pncp.gov.br/api/pncp/v1/orgaos/78680337000770/compras/2023/19/itens,1,18311,"6502.70310-Levetiracetam, 100mg/mL, Solução oral, Frasco, 100mL, Seringa dosadora, VIA DE ADMINISTRAÇÃO: Oral, PORTARIA 344/98: C1, UNID. DE MEDIDA: Unitário",Unitário,"PDM: 18311 - Levetiracetam, Concentração:100 MG/ML, Forma Farmacêutica:Solução Oral",352933.0,Sim,
https://pncp.gov.br/api/pncp/v1/orgaos/07954480000179/compras/2023/2928/itens,5,5070,"CLARITROMICINA, FRASCO/AMPOLA, 500 MG, PO LIOFILIZADO, PARA SOLUCAO INJETAVEL, UNIDADE 1.0 FRASCO / AMPOLA",UNIDADE 1.0 FRASCO / AMPOLA,"PDM: 5070 - Claritromicina, Dosagem:500 MG, Apresentação:Injetável",268440.0,Sim,
https://pncp.gov.br/api/pncp/v1/orgaos/45132495000140/compras/2024/548/itens,2,9712,"AZULENO 0,05% + METRONIDAZOL 2% + CLINDAMICINA 2% + CETOCONAZOL 2% + EXTRATO DE CAMOMILA 2% + DESO-NIDA 0,1%-ESSENCIA PERA QSP.GEL CREME QSP 30 G.FRASCO COM 30 G.",FR,,,Em dúvida,Medicamento não existe no CATMAT
https://pncp.gov.br/api/pncp/v1/orgaos/45780103000150/compras/2023/14/itens,9,17893,Cota Principal    - VALSARTANA 320MG + ANLODIPINO 5MG                                               ,COMPRIMIDO          ,,,Em dúvida,Composição não existe no CATMAT
https://pncp.gov.br/api/pncp/v1/orgaos/44428506000171/compras/2024/770/itens,6,2411,"ANLODIPINO, BESILATO 5 MG",COMPRIMIDO,"PDM: 2411 - Anlodipino Besilato, Dosagem:5 MG",272434.0,Sim,
https://pncp.gov.br/api/pncp/v1/orgaos/08885287000196/compras/2024/4/itens,6,1872,Ácido ascórbico 200 mg/ml gotas,Unidade,"PDM: 1872 - Ácido Ascórbico, Dosagem:200 MG/ML, Tipo Uso:Solução Oral",271689.0,Sim,
https://pncp.gov.br/api/pncp/v1/orgaos/10234992000175/compras/2022/1/itens,8,2436,AMOXICILINA 500 MG - (PARTICIPAÇÃO EXCLUSIVA DE ME/EPP/MEI),CÁPSULA,"PDM: 2436 - Amoxicilina, Concentração:500mg",271089.0,Sim,
https://pncp.gov.br/api/pncp/v1/orgaos/10572048000390/compras/2022/60/itens,1,8805,"(5181127) - ALIMENTO PARA DIETA ENTERAL OU ORAL - SUPLEMENTO ORAL,PARA PACIENTES IMUNODEPRIMIDOS,SUPLEMENTACAO DE ARGININA, NUCLEOTIDEOS E ACIDOS GRAXOS W3,COM SABOR DEFINIDO,APRESENTACAO LIQUIDA,EMBALAGEM ADEQUADA AO PRODUTO DE 200 A 250ML",MILILITRO,,,Não,
https://pncp.gov.br/api/pncp/v1/orgaos/10465644000109/compras/2024/185/itens,4,5331,COLAGENASE PDA C/CLORANF. 30GR.C10,UN,,,Em dúvida,Falta a concentração
https://pncp.gov.br/api/pncp/v1/orgaos/10589928000107/compras/2024/26/itens,8,1289,"COMPOSTO LÁCTEO DE COMPOSIÇÃO PROTEICA DE 77% SORO DE LEITE, COM ADIÇÃO DE PREBIÓTICOS E FONTE DE ÔMEGA 3 (DHA E EPA), ALÉM DE NUTRIENTES IMPORTANTES PARA ADEQUADA ALIMENTAÇÃO NA INFÂNCIA. ISENTO DE AÇÚCAR (SACAROSE E FRUTOSE) E AROMATIZANTES.800 GRAMAS (NESLAC SUPREME)",LATA,,,Não,
https://pncp.gov.br/api/pncp/v1/orgaos/84438381000185/compras/2024/168/itens,4,2259,"Álcool Etílico P.A., concentração mínima 95%, embalagem de vidro com 1000 ml",PEÇA,,,Em dúvida,Ambíguo
https://pncp.gov.br/api/pncp/v1/orgaos/91900381000110/compras/2024/34/itens,2,5118,"Água sanitária contendo hipoclorito de sódio, cloreto de sódio e água  de 2% a 2,5% de cloro ativo , não deve conter hidróxido de sódio , frasco plástico com 1 litro, própria para desinfecção de alimentos, sem perfume.",Litro,,,Não,
https://pncp.gov.br/api/pncp/v1/orgaos/18278051000145/compras/2023/6/itens,9,7878,FUROSEMIDA 1MG/ML - SOLUÇÃO ORAL- FRASCO COM 60 ML,Frasco,"PDM: 7878 - Furosemida, Concentração:1 MG/ML, Forma Farmaceutica:Xarope, Característica Adicional:Formulação Especialmente Manipulada",367510.0,Sim,
https://pncp.gov.br/api/pncp/v1/orgaos/95583571000102/compras/2024/8/itens,7,5275,"CLORPROMAZINA, 5 MG/ML, SOLUÇÃO INJETÁVEL",AMPOLA 5ML (AMP 5ML),"PDM: 5275 - Clorpromazina, Dosagem:5 MG/ML, Apresentação:Solução Injetável",268069.0,Sim,
https://pncp.gov.br/api/pncp/v1/orgaos/11315213000129/compras/2024/2/itens,2,15458,VACINA PET IMUNE 10 UNID,CAIXA,,,Em dúvida,Falta o tipo de vacina
https://pncp.gov.br/api/pncp/v1/orgaos/76105634000170/compras/2024/139/itens,1,17708,DIPIRONA SÓDICA 500MG/ML C/2ML,AMPOLA (AMPOLA),"PDM: 17708 - Dipirona Sódica, Dosagem:500 MG",267203.0,Sim,
https://pncp.gov.br/api/pncp/v1/orgaos/08204497000171/compras/2024/19/itens,4,350,Albendazol 400Mg,Comprimi,"PDM: 350 - Albendazol, Dosagem:400 MG",267506.0,Sim,
https://pncp.gov.br/api/pncp/v1/orgaos/95585477000192/compras/2024/31/itens,2,19111,Fertilizante nitrogenado tipo ureia 45% de nitrogênio,SC,,,Não,
https://pncp.gov.br/api/pncp/v1/orgaos/76974823000180/compras/2023/35/itens,1091241,3567,"(BR0270140) BIPERIDENO, DOSAGEM: 2 MG, COMPRIMIDO",UNIDAD,"PDM: 3567 - Biperideno, Dosagem:2 MG",270140.0,Sim,
https://pncp.gov.br/api/pncp/v1/orgaos/14218952000190/compras/2024/6/itens,2,2032,"ÁCIDO TRANEXÂMICO, DOSAGEM 250 MG 5ML",UM,"PDM: 2032 - Ácido Tranexâmico, Dosagem:250 MG",278338.0,Sim,
https://pncp.gov.br/api/pncp/v1/orgaos/46694139000183/compras/2024/780/itens,1,11408,RAMIPRIL 5MG + BESILATO DE ANLODIPINO 5MG. CP.,COMPRIMIDO,"PDM: 11408 - Ramipril, Composição:Associado Com Anlodipino, Concentração:5mg + 5mg",276264.0,Sim,
https://pncp.gov.br/api/pncp/v1/orgaos/07954480000179/compras/2024/8797/itens,1,2036,"ACIDO VALPROICO, 250 MG/5ML, SOLUCAO ORAL, FRASCO 100 ML, UNIDADE 1.0 FRASCO",UNIDADE 1.0 FRASCO,"PDM: 2036 - Ácido Valpróico, Dosagem:50 MG/ML, Forma Farmacêutica:Xarope",308732.0,Sim,
https://pncp.gov.br/api/pncp/v1/orgaos/15126437000143/compras/2023/2503/itens,9,5174,Etilefrina cloridrato,"Ampola 1,00 ML",,,Em dúvida,Falta a concentração
https://pncp.gov.br/api/pncp/v1/orgaos/01068014000100/compras/2024/169/itens,7,365,BENZILPENICILINA 1.2000.000 UI,UNIDADE,"PDM: 365 - Benzilpenicilina, Apresentação:Benzatina, Dosagem:1.200.000ui, Uso:Injetável",270612.0,Sim,
https://pncp.gov.br/api/pncp/v1/orgaos/04207638000159/compras/2024/7/itens,10,1249,"Bicarbonato de sódio, pct c/ 100 gramas",Pacote,,,Em dúvida,Falta a concentração
https://pncp.gov.br/api/pncp/v1/orgaos/36507127000149/compras/2024/103/itens,9,349,AMPICILINA 1G.,Frasco,"PDM: 349 - Ampicilina, Dosagem:1 G, Tipo Uso:Injetável",268207.0,Sim,
https://pncp.gov.br/api/pncp/v1/orgaos/76339688000109/compras/2024/13/itens,6,18239,"CARVAO ATIVADO, CONCENTRACAO:250 MG, COMPRIMIDOCARVAO ATIVADO, CONCENTRACAO:250 MG, COMPRIMIDO BR0434505",COMPRIMIDO,"PDM: 18239 - Carvão Ativado, Concentração:250 MG",434505.0,Sim,
https://pncp.gov.br/api/pncp/v1/orgaos/17888082000155/compras/2023/12/itens,1129,11912,"SAIS PARA REIDRATAÇÃO ORAL FÓRMULA DA OMS, PO, ENVELOPE 27,9 GRAMAS.",SCH,,,Em dúvida,Falta a concentração
https://pncp.gov.br/api/pncp/v1/orgaos/76238435000130/compras/2024/15/itens,3,19967,"Achocolatado pronto para beber (EMBALAGEM contendo 200 ml, rico em vitamina A, B, C e E, além de ferro e cálcio). (Padrão de qualidade equivalente ou superior as marcas  Lider, Toddynho e Danete)",Unidade,,,Não,
https://pncp.gov.br/api/pncp/v1/orgaos/10571912000177/compras/2024/7/itens,1,2259,"Álcool etílico 70° INPM líquido frasco 01 litro - hidratado, 70% p/p ou 77° GL (NBR 5992), com data de fabricação e validade, produto com registro no ministério da saúde. Caixa com 12 unidades",Caixa,"PDM: 2259 - Álcool Etílico, Tipo:Hidratado, Teor Alcoólico:70%_(70°Gl), Apresentação:Líquido",269941.0,Sim,
https://pncp.gov.br/api/pncp/v1/orgaos/76978881000181/compras/2024/26/itens,1358575,4804,"CETOPROFENO, CONCENTRAÇAO:100 MG  FORMA FARMACEUTICA:PÓ LIÓFILO P/INJETÁVEL BR0448844   NO MÍNIMO  75% DO PRAZO DE VALIDADE TOTAL DO PRODUTO NO ATO DA ENTREGA.",FR,"PDM: 4804 - Cetoprofeno, Concentraçao:100 MG, Forma Farmaceutica:Pó Liófilo P/ Injetável",448844.0,Sim,
https://pncp.gov.br/api/pncp/v1/orgaos/45751435000106/compras/2024/190/itens,2,8820,"ÁCIDO ACÉTICO 5%, SOLUÇÃO DE 100 ML",FRS,"PDM: 8820 - Ácido Acético, Concentração:5%, Forma Farmacêutica:Solução Tópica, Característica Adicional:Formulação Especialmente Manipulada",428793.0,Sim,
https://pncp.gov.br/api/pncp/v1/orgaos/58200015000183/compras/2024/236/itens,1,5275,"CLORPROMAZINA 25 MG - DESCRIÇÃO COMPLETA: CLORIDRATO DE CLORPROMAZINA, 25MG DO PRINCÍPIO ATIVO POR COMPRIMIDO REVESTIDO. BLISTER OU SIMILAR COM IDENTIFICACAO DE NUMERO DE LOTE E DATA DE VALIDADE. REGISTRO NO MINISTÉRIO DA SAÚDE.",CP,"PDM: 5275 - Clorpromazina, Dosagem:25 Mg",267635.0,Sim,
https://pncp.gov.br/api/pncp/v1/orgaos/88818299000137/compras/2024/213/itens,7,8007,GLICOSE 50 % (SOLUÇÃO HIPERTÔNICA) - AMPOLA 10ML,am,"PDM: 8007 - Glicose, Concentração:50%, Indicação:Solução Injetável",267541.0,Sim,
https://pncp.gov.br/api/pncp/v1/orgaos/04092680000171/compras/2024/108/itens,4487772,5331,"COLAGENASE - Composição: Cada grama e contém: colagenase 0,6 U. Veículo q.s.p. 1 g (Veículo: vaselina líquida, vaselina sólida). Embalagem com 1 bisnaga de 30g + espátula.",UND,"PDM: 5331 - Colagenase, Concentração:0,6ui/G, Uso:Pomada",268958.0,Sim,
https://pncp.gov.br/api/pncp/v1/orgaos/83027045000187/compras/2024/52/itens,10,2418,"FÓRMULA/SUPLEMENTO À BASE DE AMINOÁCIDOS LIVRES PARA CRIANÇAS COM ALERGIAS ALIMENTARES, 100% EFICAZ. ÚNICO COM SABOR E PREBIÓTICOS, POSSUI 177 MG CÁLCIO/PORÇÃO; FONTE DE VITAMINA D, PROTEÍNA, CÁLCIO E FERRO. SABORES: BAUNILHA E MORANGO. LATA DE 400 GRAMAS.",Unidade,,,Não,
https://pncp.gov.br/api/pncp/v1/orgaos/00394544000185/compras/2023/1420/itens,1,19846,"Tafenoquina composição: succinato, concentração: 150",Comprimido,"PDM: 19846 - Tafenoquina, Composição:Succinato, Concentração:150 MG",470479.0,Sim,
https://pncp.gov.br/api/pncp/v1/orgaos/12257765000190/compras/2024/2/itens,8,2100,ADENOSINA APRESENTAÇÃO: SOLUÇÃO INJETÁVEL DOSAGEM 6MG/2ML CATMAT 258822,AMPOLA 2 ML,"PDM: 2100 - Adenosina, Dosagem:3 MG/ML, Indicação:Solução Injetável",278281.0,Sim,
https://pncp.gov.br/api/pncp/v1/orgaos/18128249000142/compras/2024/14/itens,3,2259,ALCOOL 70 ETILICO LIQUIDO FRASCO COM 500ML,FR,"PDM: 2259 - Álcool Etílico, Tipo:Hidratado, Teor Alcoólico:70%_(70°Gl), Apresentação:Líquido",269941.0,Sim,
https://pncp.gov.br/api/pncp/v1/orgaos/08355471000124/compras/2022/5/itens,1,1289,"Reagente para diagnóstico clínico 5 - tipos: conjunto completo, tipo de análise: quantitativo de antiestreptolisina ""o"", método: aglutinação em látex, apresentação: teste. Imuno sistema para determinação qualitativa e quantitativa de anti-estreptolisina o (aslo ou aso) sistema para a determinação de qualitativa e semiquantitativa, em lâmina, de antiestreptolisina o em amostras de soro, usando-se partículas de látex revestidas com estreptolisina o por aglutinação em látex. Aplicação manual. Princípio: partículas de látex revestidas com estreptolisina o, purificadas e estabilizadas mostram nítida aglutinação quando misturadas, em uma área do cartão teste, com um soro contendo níveis elevados de anticorpos antiestreptolisina (concentrações acima de 200 ui/ml). Método: aglutinação em látex. Apresentação: reagente 1 suspensão de látex revestida com estreptolisina o contém suspensão aquosa tamponada de partículas de poliestireno sensibilizadas com estreptolisina o e azida sódica 15 mmol/l - frasco com 1,5ml, reagente 2 soro controle positivo contém soro humano estabilizado com pelo menos 300 ui de aeo/ml e azida sódica 15 mmol/l frasco com 0,5 ml, reagente 3 soro controle negativo contém soro humano estabilizado com pelo menos 50 ui de aeo/ml e azida sódica 15 mmol/l frasco com 1 ml, varetas plásticas (60 unidades), cartões-teste (2 unidades) e instruções para uso. Total de determinações do kit: 60 testes. (unidade = kit para pelo menos 60 determinações). Catmat: 0337768.",Kit,,,Em dúvida,O código BR não está no CATMAT
https://pncp.gov.br/api/pncp/v1/orgaos/17909599000183/compras/2024/69/itens,5,1824,ACETILCISTEINA 600 MG PO,ENVELOPE,"PDM: 1824 - Acetilcisteína, Dosagem:600 MG, Indicação:Pó Para Solução Oral",274806.0,Sim,
https://pncp.gov.br/api/pncp/v1/orgaos/76170240000104/compras/2024/51/itens,1,1289,"Soro fisiológico, 1000 ml, com as seguintes especificações mínimas: 

Cloreto de sódio 0,9%;

Sistema fechado;

Embalagem, contendo dados do fabricante, data de fabricação e validade.

Com registro na ANVISA.",UNIDADE (UN),,,Em dúvida,PDM está errado
https://pncp.gov.br/api/pncp/v1/orgaos/87612743000109/compras/2024/326/itens,4,15458,ORÇAMENTO 04: castração felinos + microchip (2); castração caninos+ microchip (7); vermifugo world felinos (4); vacina v4 msd felinos (4); antiparasitário bisnaga gatos (4); teste felv msd (4); vermífugo grantelm cães (18); vacina puppy msd (9); anti pulgas neopet (9); teste cinomose msd (9).,UN,,,Não,
https://pncp.gov.br/api/pncp/v1/orgaos/46523015000135/compras/2023/177/itens,1,1824,ACETILCISTEINA 300 MG (100 MG/ML) - AMPOLA COM 3ML.,AMP,"PDM: 1824 - Acetilcisteína, Dosagem:100 MG/ML, Forma Farmacêutica:Solução Injetável",335091.0,Sim,
https://pncp.gov.br/api/pncp/v1/orgaos/87564381000110/compras/2024/111/itens,9,4517,Carbonato de lítio CR 450 mg,COM,"PDM: 4517 - Carbonato De Lítio, Dosagem:450 MG",271102.0,Sim,
https://pncp.gov.br/api/pncp/v1/orgaos/45279635000108/compras/2024/866/itens,8,14550,"MIRTAZAPINA 30MG COMPRIMIDO ORODISPERSÍVEL *** JUDICIAL MARCA RAZAPINA® ODT

30MG ***",Comprimido,"PDM: 14550 - Mirtazapina, Concentração:30 MG, Forma Farmacêutica:Orodispersível",448031.0,Sim,
https://pncp.gov.br/api/pncp/v1/orgaos/11204871000143/compras/2024/1/itens,3927711,2595,"ASO-LÁTEX 2ML. KIT BIOLATEX ANTÍGENO 2ML PARA PROVA EM LÂMINA DO ASO, COM CONTROLE POSITIVO 1X1ML E NEGATIVO 1X1ML PARA, NO MÍNIMO, 100 DETERMINAÇÕES. DETERMINAÇÃO QUALITATIVA E SEMI-QUANTITATIVA DE ANTI-ESTREPTOLISINA O (ASO) NO SORO HUMANO MEDIANTE AGLUTINAÇÃO DE PARTÍCULAS DE LÁTEX, SEM DILUIÇÃO PRÉVIA DA AMOSTRA. PARA USO DO DIAGNÓSTICO IN VITRO. OS PRODUTOS DEVEM SER ENTREGUES COM VALIDADE MÍNIMA DE 06 MESES.",KIT,,,Em dúvida,O antígeno não existe no CATMAT
https://pncp.gov.br/api/pncp/v1/orgaos/87738530000110/compras/2024/1130/itens,1,10073,Neomicina pomada 20mg,Tubo,,,Em dúvida,Concentração não existe no CATMAT
https://pncp.gov.br/api/pncp/v1/orgaos/12094507000130/compras/2024/6/itens,8,6006,"CUMARINA 15MG + TROXERUTINA 90MG, COM 30CP ®VENALOT",CAIXA (CX),"PDM: 6006 - Cumarina, Composição:Associada Com Troxerrutina, Concentração:15 Mg + 90 MG",296647.0,Sim,
https://pncp.gov.br/api/pncp/v1/orgaos/44733608000109/compras/2024/304/itens,10,4722,"CEFALOTINA SODICA 1G SUSPENSAO INJETAVEL

CEFALOTINA SODICA 1GRAMA SUSPENSAO INJETAVEL FRASCO AMPOLA CADA FRASCO CONTEM 1 GRAMA DE CEFALOTINA.",Ampola,"PDM: 4722 - Cefalotina Sódica, Concentração:1 G, Forma Farmaceutica:Pó Liófilo P/ Injetável",460699.0,Sim,
https://pncp.gov.br/api/pncp/v1/orgaos/02262368000153/compras/2024/9/itens,1,5400,"PLACA DE FECHAMENTO PARA EVENTOS, DIMENSOES APROXIMADAMENTE 2.40X240 (COMPRIMENTO E LARGURA) COM ESTRUTURA METALICA EM PERFIL DE 20A 30MM, FEITA DE AÇO CARBONO E ACABAMENTO CONFECCIONAMENTO EM CHAPA DE ZINCO (0,60MM) COM MONTAGEM E DESMONTAGEM INCLUSO",MT,,,Não,
https://pncp.gov.br/api/pncp/v1/orgaos/45739083000173/compras/2024/1016/itens,6,8428,"INSULINA DEGLUDECA 100UI/ML + LIRAGLUTIDA 3,6MG/ML SISTEMA DE APLICAÇÃO PREENCHIDO COM 03 ML",SG,"PDM: 8428 - Insulina, Tipo:Degludeca Associada À Liraglutida, Concentração:100 U/Ml + 3,6 MG/ML, Forma Farmaceutica:Solução Injetável, Adicionais:C/ Sistema De Aplicação",452616.0,Sim,
https://pncp.gov.br/api/pncp/v1/orgaos/82951351000142/compras/2024/286/itens,2,2411,"Acao judicial (exclusivo almox.450 e 495) Anlodipino, besilato 5mg - pressat",Comprimido,"PDM: 2411 - Anlodipino Besilato, Dosagem:5 MG",272434.0,Sim,
https://pncp.gov.br/api/pncp/v1/orgaos/01179647000195/compras/2023/80/itens,9,2436,Amoxicilina sp oral 250 mg/5ml fr 60 ml,FR,"PDM: 2436 - Amoxicilina, Concentração:50mg/Ml, Apresentação:Pó Para Suspensão Oral",271111.0,Sim,
https://pncp.gov.br/api/pncp/v1/orgaos/10465644000109/compras/2023/189/itens,3,7890,GABAPENTINA 300MG CPR,UN,"PDM: 7890 - Gabapentina, Dosagem:300 MG",268107.0,Sim,
https://pncp.gov.br/api/pncp/v1/orgaos/18557595000146/compras/2024/17/itens,5,351,AMINOFILINA 24MG/ML SOLUÇÃO INJETÁVELAMPOLA DE 10ML,AMP,"PDM: 351 - Aminofilina, Dosagem:24 MG/ML, Forma Farmacêutica:Solução Injetável",292402.0,Sim,
https://pncp.gov.br/api/pncp/v1/orgaos/75741330000137/compras/2024/30/itens,9,2436,"Amoxicilina + clavulanato de potássio 50mg/ml + 12,5mg/ml 100 ml - Cod. BR:448841",und,"PDM: 2436 - Amoxicilina, Princípio Ativo:Associada Com Clavulanato De Potássio, Concentração:50 Mg/Ml + 12,5 MG/ML, Forma Farmacêutica:Suspensão Oral",448841.0,Sim,
https://pncp.gov.br/api/pncp/v1/orgaos/06114631000118/compras/2024/8/itens,10,7878,FUROSEMIDA 20MG,Caixa,"PDM: 7878 - Furosemida, Concentração:20 MG/ML, Forma Farmaceutica:Solução Oral, Característica Adicional:Formulação Especialmente Manipulada",479547.0,Sim,
https://pncp.gov.br/api/pncp/v1/orgaos/18291377000102/compras/2024/143/itens,1,8428,INSULINA NOVO RAPID FLEX PEN - CANETAS -,UNIDADE (UNID),,,Em dúvida,Falta o tipo de insulina
https://pncp.gov.br/api/pncp/v1/orgaos/18602037000155/compras/2024/139/itens,4399521,17412,MANITOL 20% SOL.INJ.SF. 250ML -,UN,"PDM: 17412 - Manitol, Dosagem:20%, Forma Farmacêutica:Solução Injetável, Características Adicionais:Sistema Fechado",299675.0,Sim,
https://pncp.gov.br/api/pncp/v1/orgaos/87958625000149/compras/2024/296/itens,2,18540,OLMESARTANA MEDOXOMILA 40MG + ANLODIPINO 5MG,cp,"PDM: 18540 - Olmesartana Medoxomila, Composição:Associada Com Anlodipino, Concentração:40 Mg + 5 MG",388401.0,Sim,
https://pncp.gov.br/api/pncp/v1/orgaos/13918415000190/compras/2024/21/itens,4169045,1289,"DIETA ENTERAL LIQUIDA, NUTRICIONALMENTE COMPLETA, HIPERCALÓRICA (1,5 KCAL/ML), HIPERPROTEICA, NORMOLIPÍDICA. ISENTO DE SACAROSE, LACTOSE E GLÚTEN. COM FIBRAS, INCLUINDO FOS. POSSUI 17% DE PROTEÍNAS (60% SORO DO LEITE, 40% CASEINATO DE CÁLCIO E SÓDIO), 58% DE CARBOIDRATOS (100% MALTODEXTRINA) E 25% DE LIPÍDIOS (79% ÓLEODE CANOLA, 12% ÓLEO DE GIRASSOL, 9% TCM). APRESENTAÇÃO LÍQUIDA, ACONDICIONADO EM EMBALAGEM DE 1 LITRO – MARCA NUTRIFIBER",L,,,Não,
https://pncp.gov.br/api/pncp/v1/orgaos/06190522000180/compras/2024/81/itens,4208472,3929,BROMOPRIDA 4MG/ML GOTAS FRASCO 20ML,UNIDADE,"PDM: 3929 - Bromoprida, Dosagem:4 MG/ML, Apresentação:Gotas",269956.0,Sim,
https://pncp.gov.br/api/pncp/v1/orgaos/45301264000113/compras/2024/190/itens,1,4505,CAPTOPRIL SOLUÇÃO ORAL MANIPULADA 10 MG/ML – FRASCO COM 45 ML.,FR,"PDM: 4505 - Captopril, Concentração:10 MG/ML, Forma Farmacêutica:Solução Oral, Característica Adicional:Formulação Especialmente Manipulada",405149.0,Sim,
https://pncp.gov.br/api/pncp/v1/orgaos/18187823000133/compras/2024/2/itens,6,17910,"FÓRMULA DE BEBIDA PARA DIETAS COM RESTRIÇÃO de sacarose, frutose, glicose e lactose. contem isomaltulose, um carboidrato de lenta absorção com baixo índice glicêmico. diet, rico em proteína (15 g na porção), fonte de fibras, ômega 3 e vitaminas e minerais. isento de glúten e lactose. Embalagem:380 g",LA,,,Não,
https://pncp.gov.br/api/pncp/v1/orgaos/87613501000121/compras/2024/17/itens,7,2036,Ácido valproico comprimido 500mg,Unidade,"PDM: 2036 - Ácido Valpróico, Dosagem:500 MG",267505.0,Sim,
https://pncp.gov.br/api/pncp/v1/orgaos/91103127000191/compras/2024/72/itens,4,2036,EXAME ACIDO VALPRÓICO,UN,,,Em dúvida,Falta a dosagem
https://pncp.gov.br/api/pncp/v1/orgaos/18404780000109/compras/2024/18/itens,3993717,8805,"DIETA ENTERAL LIQUIDA, ESPECIALIZADA PARA CICATRIZAÇÃO DE FERIDAS. HIPERPROTEÍCA, COM ADIÇÃO DE ARGININA E ALTO TEOR DE MICRONUTRIENTES RESPONSAVEIS PELA CICATRIZAÇÃO. ISENTA DE SACAROSE, LACTOSE E GLÚTEN. APRESENTAÇÃO DE 1 LITRO SISTEMA FECHADO.",UNU,,,Não,
https://pncp.gov.br/api/pncp/v1/orgaos/18659334000137/compras/2024/55/itens,4,17444,"LIRAGLUTIDA+INSULINA DEGLUDECA 3,6MG+100U COM UM SISTEMA DE APLICAÇÃO 3ML CONTENDO 300UI DE DEGLUDECA E 10,8MG DE LIRAGLUTIDA",UNIDADE (UN.),,,Em dúvida,A composição não existe no CATMAT
https://pncp.gov.br/api/pncp/v1/orgaos/07583812000156/compras/2024/4/itens,7,1289,"DESIDROGENASE LÁTICA - LDH, Reagentes para determinação da Desidrogenase Láctica(LDH) em amostra de soro; Metodologia: Piruvato-Lactato; Descrição: Sistema para a determinação em modo cinético da Desidrogenase Láctica, aplicação semi-automática e automática compatível com o Analisador Bioquímico Audmax Evolution Labtest, temperatura de armazenamento entre 2 a 8ºC, embalagem com dados de identificação do produto, data de fabricação e validade; Unidade de fornecimento: kit.


",kit,,,Não,
https://pncp.gov.br/api/pncp/v1/orgaos/46523239000147/compras/2024/116/itens,2,12335,"SULFATO DE MAGNESIO SOLUCAO  INJETAVEL  A  10%, EM",AMPOLA,"PDM: 12335 - Sulfato De Magnésio, Concentração:10%, Uso:Solução Injetável",268076.0,Sim,
https://pncp.gov.br/api/pncp/v1/orgaos/11206680000110/compras/2024/73/itens,1,18272,"ARIPIPRAZOL 10MG

COM 30 COMPRIMIDOS",CAIXA (CXA),"PDM: 18272 - Aripiprazol, Concentração:10 MG",364780.0,Sim,
https://pncp.gov.br/api/pncp/v1/orgaos/13896725000151/compras/2024/2/itens,4391801,2259,"Álcool etílico hidratado em gel,70º, INPM, acondicionado em vasos de 500ml. Gel incolor característico de etanol PH entre 5,0 a 9,0. No rótulo do produto deverão constar: dados do fabricante e informações do produto. Apresentar registro no ministério da saúde ou ANVISA e AFE",UND,"PDM: 2259 - Álcool Etílico, Tipo:Hidratado, Teor Alcoólico:70%_(70°Gl), Apresentação:Gel",269943.0,Sim,
https://pncp.gov.br/api/pncp/v1/orgaos/88768080000170/compras/2024/582/itens,1,8007,FITAS PARA TESTE RAPIDO DE GLICOSE PARA APARELHOS DE HEMOGLUCOTESTE DA MARCA ON CALL PLUS. CAIXAS COM 50 UNIDADES DE FITAS.,Caixa,,,Não,
https://pncp.gov.br/api/pncp/v1/orgaos/94704277000149/compras/2024/24/itens,2,3195,BACLOFENO 10MG CX COM 20 CP,CAIXA,"PDM: 3195 - Baclofeno, Concentração:10 MG",271746.0,Sim,
https://pncp.gov.br/api/pncp/v1/orgaos/78680337000265/compras/2023/28/itens,2,350,"6501.246-Albendazol, 400 mg, Comprimido mastigável, Blister, VIA DE ADMINISTRAÇÃO: Oral, UNID. DE MEDIDA: Unitário",Unitário,"PDM: 350 - Albendazol, Concentração:400 MG, Forma Farmaceutica:Comprimido Mastigável",459822.0,Sim,
https://pncp.gov.br/api/pncp/v1/orgaos/46523015000135/compras/2024/105/itens,3,15458,"VACINA V8 PARA CÃES: VACINA CONTRA CINOMOSE, ADENOVÍRUS TIPO 2, CORONAVIRUS, PARAINFLUENZA, PARVOVIROSE, LEPTOSPIROSE CANINA:",DOSE,,,Em dúvida,Não existe essa vacina no CATMAT
https://pncp.gov.br/api/pncp/v1/orgaos/87612537000190/compras/2024/66/itens,8,5118,"SAL REFINADO DE MESA, IODADO. CLORETO DE SÓDIO EXTRAÍDO DE FONTES NATURAIS, RECRISTALIZADO, COM TEOR MÍNIMO DE 98,5% DE CLORETO DE SÓDIO SOBRE A SUBSTÂNCIA SECA, ADICIONADO DE ANTIUMECTANTE E IODO. CARACTERÍSTICAS SENSORIAIS: CRISTAIS DE GRANULAÇÃO UNIFOR",Quilo,,,Não,
https://pncp.gov.br/api/pncp/v1/orgaos/46068425000133/compras/2024/514/itens,4,5144,"Bupivacaína Cloridrato apresentação: associada à glicose, dosagem: 0,5% + 8%, tipo: solução injetável",Ampola 4 ML,"PDM: 5144 - Bupivacaína Cloridrato, Apresentação:Associada À Glicose, Dosagem:0,5% + 8%, Tipo:Solução Injetável",270095.0,Sim,
https://pncp.gov.br/api/pncp/v1/orgaos/08741399000173/compras/2024/99/itens,3,6614,ANESTÉSICO ARTICAINE A 4% COM EPINEFRINA CAX. COM 50UND.  S/ VASO,CAIXAS,,,Em dúvida,Não existe isso no CATMAT
https://pncp.gov.br/api/pncp/v1/orgaos/05054929000117/compras/2024/18/itens,9,5090,"CLOPIDOGREL BISSULFITO 75MG, C/ 28 COMPRIMIDOS",Caixa/Frasco,"PDM: 5090 - Clopidogrel, Dosagem:75 MG",272045.0,Sim,
https://pncp.gov.br/api/pncp/v1/orgaos/18128231000140/compras/2024/7/itens,5,363,ACICLOVIR 200MG CPR,UNIDADE,"PDM: 363 - Aciclovir, Dosagem:200 MG",268370.0,Sim,
https://pncp.gov.br/api/pncp/v1/orgaos/80673411000187/compras/2023/191/itens,7,11153,"Acao judicial (exclusivo almox. 450 e 495) prednisolona, 1%, suspensao oftalmica esteril, frasco 5ml",Frasco,,,Em dúvida,A concentração não existe no CATMAT
https://pncp.gov.br/api/pncp/v1/orgaos/08597121000174/compras/2023/191/itens,1,19688,"6501.57923-Burosumabe, 20 mg/ml, Solução injetável, Frasco 1 ml, VIA DE ADMINISTRAÇÃO: Subcutânea, UNID. DE MEDIDA: Unitário",Unitário,"PDM: 19688 - Burosumabe, Concentração:20 MG/ML, Forma Farmacêutica:Solução Injetável",458859.0,Sim,
https://pncp.gov.br/api/pncp/v1/orgaos/02385669000174/compras/2024/639/itens,1,1289,TESTE PARA DETERMINAÇÃO DE ANTICORPO ANTI- TRYPANOSSOMA CRUZI EM SORO OU PLASMA HUMANO POR ENZIMAIMUNOENSAIO EM MICROPLACA. KITS COM 96 TESTES. OBRIGATÓRIO A VALIDADE DO LOTE SER DE 6 MESES DA ENTREGA.,UN,,,Não,
https://pncp.gov.br/api/pncp/v1/orgaos/89421259000110/compras/2023/14/itens,8,365,"Benzilpenicilina G potássica 5.000.000UI, injetável",Frasco-Ampola,"PDM: 365 - Benzilpenicilina, Apresentação:Potássica, Dosagem:5.000.000ui, Uso:Injetável",270616.0,Sim,
https://pncp.gov.br/api/pncp/v1/orgaos/07503792000166/compras/2024/3/itens,1,5144,BUPIVACAINA CLORIDRATO 075 SEM VASO CONSTRITOR FRASCO AMPOLA 20 ML,Unidade,"PDM: 5144 - Bupivacaína Cloridrato, Pureza:0,75%, Apresentação:Solução Injetável",269575.0,Sim,
https://pncp.gov.br/api/pncp/v1/orgaos/10295311000189/compras/2024/6/itens,2,10977,PIELSANA POLIHEXANIDA SOLUÇÃO,FRASCO,,,Em dúvida,Falta a concentração
https://pncp.gov.br/api/pncp/v1/orgaos/46482840000139/compras/2023/401/itens,3,5083,CLOBAZAM 10MG,COMPRIMIDO,"PDM: 5083 - Clobazam, Dosagem:10 MG",272901.0,Sim,
https://pncp.gov.br/api/pncp/v1/orgaos/13134614000108/compras/2024/13/itens,4286852,2259,"COLÔNIA INFANTIL UNISEX | COLÔNIA INFANTIL UNISEX , em frasco de 200ml, com tampa dosadora, produto dermatologicamente testado, não irrita a pele, oftalmologicamente testado, não irrita os olhos, sem álcool etílico.",FRC,,,Não,
https://pncp.gov.br/api/pncp/v1/orgaos/17754177000186/compras/2024/26/itens,2,1289,"FORMULA NUTRICIONAL, Composto lacteo com maltodextrina (leite integral, maltodextrina, soro de leite, caseinato de calcio, frutooligossacarideos, inulina, mineral (citrato de calcio) e emulsificante lecitina de soja), maltodextrina, minerais (fosfato de calcio tribasico, oxido de magnesio, pirofosfato ferrico, oxido de zinco, sulfato de cobre, sulfato de manganes e selenito de sodio), vitaminas (L-ascorbato de sodio, bitartarato de colina, acetato de DL-alfa-tocoferila, nicotinamida, D-pantotenato de calcio, cloridrato de piridoxina, cloridrato de cloreto de tiamina, palmitato de retinila, riboflavina, acido N-pteroil-L-glutamico, fitomenadiona, D-biotina, colecalciferol e cianocobalamina), aromatizante e educlcorante sucralose LATA 370G :Formula nutricional indicada para quem ja passou dos 50 anos e ainda tem muito o que aproveitar, utilizado tambem para pacientes com baixo peso, falta de apetite e manutencao de suporte nutricional, E um suplemento nutricional que contem uma combinacao exclusiva de calcio, proteina e vitamina D, nutrientes essenciais, que auxiliam na manutencao dos ossos e musculos. Alem disso, possui 26 vitaminas e minerais. Pode ser adicionado a receitas doces e salgadas de sua preferencia.",LATA,,,Não,
https://pncp.gov.br/api/pncp/v1/orgaos/00414607000118/compras/2024/78/itens,1,15458,"Vacina composição: dengue 1, 2, 3, 4, forma farmaceutica: injetável, tipo: atenuada",Doses,"PDM: 15458 - Vacina, Composição:Dengue 1, 2, 3, 4, Tipo:Atenuada, Forma Farmaceutica:Injetável",608061.0,Sim,
https://pncp.gov.br/api/pncp/v1/orgaos/09072430000193/compras/2024/4/itens,6,16326,FORXIGA 10mg - Dapagliflozina 10mg,Caixa,,,Em dúvida,Composição não existe no CATMAT
https://pncp.gov.br/api/pncp/v1/orgaos/18008870000172/compras/2023/46/itens,1,2259,2. ALCOOL ETILICO HIDRATADO 70 % - FRASCO C/ 1000 ML,FR,,,Em dúvida,Falta a forma de apresentação
https://pncp.gov.br/api/pncp/v1/orgaos/76205806000188/compras/2023/14/itens,8,1249,"Bicarbonato de sódio caixa contendo 24 unidades de sachês com 40g cada  


com prazo de validade mínimo de 1 ano da data de entrega  


",Caixa,,,Em dúvida,Falta a concentração
https://pncp.gov.br/api/pncp/v1/orgaos/18712158000150/compras/2024/55/itens,7,5118,"MANTEIGA COM SAL ACONDICIONADA EM EMBALAGEM DE 500G, MANTEIGA DE TEXTURA LISA E UNIFORME, POSSUI SABOR E AROMA DELICADO E CARACTERÍSTICO, CONTÉM LEITE E LACTOSE, MANTEIGA COM SAL, FABRICADA COM O MAIS PURO CREME DE LEITE E DENTRO DOS MAIS RIGOROSOS PADRÕES DE HIGIENE, TRAVESSA DE LONGA DURABILIDADE, EMBALADA EM POTE E TAMPA DE POLIESTIRENO IMPRESSO COM AS INFORMAÇÕES DO PRODUTO. INGREDIENTE: CREME DE LEITE E CLORETO DE SÓDIO. VALOR ENERGÉTICO 72 KCAL/10G, TOLERÂNCIA +/- 4%. FORNECIMENTO EM UNIDADE DE 500G.",UNIDADE (UN),,,Não,
https://pncp.gov.br/api/pncp/v1/orgaos/09067562000127/compras/2024/130/itens,7,2259,ALCOOL ETÍLICO 70% EMBALAGEM 1 LT,UND,,,Em dúvida,Falta a forma de apresentação
https://pncp.gov.br/api/pncp/v1/orgaos/44723674000190/compras/2023/486/itens,1,2405,Amissulprida,Comprimido ,,,Em dúvida,Falta a concentração
https://pncp.gov.br/api/pncp/v1/orgaos/05149117000155/compras/2024/19/itens,7,354,ÁCIDO FÓLICO 5MG (COMPONENTE BÁSICO),Comprimido,"PDM: 354 - Ácido Fólico, Dosagem:5 MG",267503.0,Sim,
https://pncp.gov.br/api/pncp/v1/orgaos/45358249000101/compras/2024/946/itens,2,19861,"BREXPIPRAZOL 0,5 MG",CP,"PDM: 19861 - Brexpiprazol, Concentração:0,5 MG",473333.0,Sim,
https://pncp.gov.br/api/pncp/v1/orgaos/17349848000123/compras/2024/9/itens,5,3106,"ATENOLOL, 50 MG COMPRI-MIDO",Unidade,"PDM: 3106 - Atenolol, Dosagem:50 MG",267517.0,Sim,
https://pncp.gov.br/api/pncp/v1/orgaos/46374500000194/compras/2024/285/itens,1,15893,"Metilfenidato Cloridrato dosagem: 18, forma farmacêutica: liberação controlada",Comprimido,"PDM: 15893 - Metilfenidato Cloridrato, Dosagem:18 MG, Forma Farmacêutica:Liberação Controlada",308224.0,Sim,
https://pncp.gov.br/api/pncp/v1/orgaos/23097454000128/compras/2024/15/itens,10,2420,AMIODARONA 50MG/ML -INJETÁVEL AMPOLA C/3ML,AMPOLA,"PDM: 2420 - Amiodarona, Dosagem:50mg/Ml, Indicação:Injetável",271710.0,Sim,
https://pncp.gov.br/api/pncp/v1/orgaos/04395067000123/compras/2024/27/itens,4,5118,"Cloreto de Sódio - Sal granulado ou grosso, iodado, com elevado padrão de pureza, embalado em sacos de 25 kg. Sal granulado ou grosso, iodado, com elevado padrão de pureza, embalado em sacos de 25 kg,",KILO,,,Em dúvida,Falta a concentração
https://pncp.gov.br/api/pncp/v1/orgaos/03755477000175/compras/2023/106/itens,3759792,363,"ACICLOVIR - CONCENTRACAO/DOSAGEM 400 MG,FORMA FARMACEUTICA COMPRIMIDO,VIA DE ADMINISTRACAO ORAL",COMPRIMIDO,"PDM: 363 - Aciclovir, Dosagem:400 MG",268372.0,Sim,
https://pncp.gov.br/api/pncp/v1/orgaos/75368928000122/compras/2022/4/itens,6,17910,"DIETA ENTERAL OU ORAL ESPECÍFICA PARA DIABETES, COM CARBOIDRATOS DE LENTA ABSORÇÃO. CONTÉM: MALTODEXTRINA, FRUTOSE, CASEINATO DE CÁCIO, ÓLEOS VEGETAIS, FIBRA FOS E FIBRA DE SOJA. DIETA DE FÁCIL DILUIÇÃO NA ÁGUA. COM BOA PALATABILIDADE PARA PACIENTES DIABÉTICOS, SABOR BAUNILHA, EMBALAGEM DE 400 GRAMAS",UN,,,Não,
https://pncp.gov.br/api/pncp/v1/orgaos/24039073000155/compras/2024/29/itens,2,17708,"Dipirona Sódica + Orfenadrina, Citrato + Cafeína Anidra, 300 mg + 35 mg + 50 mg, Comprimido, Blister.",UNIDADE,,,Em dúvida,O PDM está errado
https://pncp.gov.br/api/pncp/v1/orgaos/46341038000129/compras/2024/57/itens,9,8514,"ITRACONAZOL 100MG, cápsula.",CAP,"PDM: 8514 - Itraconazol, Dosagem:100 MG",268861.0,Sim,
https://pncp.gov.br/api/pncp/v1/orgaos/24772188000154/compras/2024/59/itens,4,5118,"DESINFETANTE - PARA HORTIFRUTI E PARA UTENSILIOS DE LACTARIO E AGUA: PRODUTO À BASE DE HIPOCLORITO DE SODIO 2,5%, 1% DE CLORETO DE SODIO E AGUA DEIONIZADA Q.S.P 100%. PRODUTO INDICADO PARA DESINFECCAO DE HORTIFRUTICOLA, HORTIFRUTI, EQUIPAMENTOS, FRAS",un - unidade,,,Não,
https://pncp.gov.br/api/pncp/v1/orgaos/46522967000134/compras/2022/6/itens,2,8428,"Seringa descartável para insulina com agulha fixa seringa plástica estéril descartável com capacidade para 1,0 ml, confeccionada em plástico transparente, atóxico, com agulha fixa de 8,0mm X 0,30mm. Corpo lubrificado, com escala externa gravada, precisa e visível até 100 UI, Flange com formato anatômico, para apoio dos dedos e que confira estabilidade à seringa quando em superfície plana. Êmbolo deslizável, ajustado ao corpo da seringa, de modo a impedir a entrada de ar, com anel de retenção de borracha fixado em sua extremidade. Embalagem individual com selagem eficiente que garante a integridade do produto até o momento de sua utilização, permita a abertura e a transferência com técnica asséptica, trazendo externamente os dados de identificação, procedência, número de lote, data de fabricação, prazo de validade e número de registro no Ministério da Saúde. O prazo de validade deve ser de 12 meses a partir da data de entrega. pacote com 10 unidades",unidade,,,Não,
https://pncp.gov.br/api/pncp/v1/orgaos/92324706000127/compras/2023/406/itens,6,6213,DIMENIDRINATO ASSOCIADO A PIRIDOXINA CLORIDRATO 50MG ML   50MG ML  SOLUCAO INJETAVEL IM  AMPOLA 1ML ,AMPOLA,"PDM: 6213 - Dimenidrinato, Apresentação:Associado Com Piridoxina Cloridrato, Dosagem:50mg + 50mg/Ml, Tipo Medicamento:Solução Injetável",272334.0,Sim,
https://pncp.gov.br/api/pncp/v1/orgaos/80888688000127/compras/2024/2/itens,7,17708,"BR0267203 DIPIRONA SÓDICA, DOSAGEM:500 MG, COMPRIMIDO",UNIDADE,"PDM: 17708 - Dipirona Sódica, Dosagem:500 MG",267203.0,Sim,
https://pncp.gov.br/api/pncp/v1/orgaos/01409580000138/compras/2024/913/itens,8,5086,"Cloridrato De Clomipramina, 75 Mg Com Lib Lenta Ct Bl Al Plas Trans X 20",UNIDADE,"PDM: 5086 - Clomipramina, Dosagem:75 MG, Apresentação:Liberação Lenta",272041.0,Sim,
https://pncp.gov.br/api/pncp/v1/orgaos/17744434000107/compras/2024/45/itens,6,353,ASPIRINA PREVENT 100 MGSubstancia ativa ácido acetilsalicílico 100mg,Comprimido,"PDM: 353 - Ácido Acetilsalicílico, Dosagem:100 MG",267502.0,Sim,
https://pncp.gov.br/api/pncp/v1/orgaos/36975571000199/compras/2024/63/itens,1,10161,"OLANZAPINA 2,5MG",UNIDADE,"PDM: 10161 - Olanzapina, Dosagem:2,5 MG",273810.0,Sim,
https://pncp.gov.br/api/pncp/v1/orgaos/09332615000190/compras/2024/121/itens,8,353,ACIDO ACETILSALICÍLICO 100 MG INFANTIL COMPRIMIDO FRACIONAVEIS ATENÇÃO BASICA/HOSPITALAR,CO,"PDM: 353 - Ácido Acetilsalicílico, Dosagem:100 MG",267502.0,Sim,
https://pncp.gov.br/api/pncp/v1/orgaos/11267244000151/compras/2024/11/itens,1,8428,INSULINA APIDRA SOLOSTAR 100IU/ML CANETA,UN,,,Em dúvida,Falta o tipo de insulina
https://pncp.gov.br/api/pncp/v1/orgaos/88775390000112/compras/2022/64/itens,4,7644,"FLUCONAZOL 150MG, COMPRIMIDOS EM BLISTER",comprimido,"PDM: 7644 - Fluconazol, Dosagem:150 MG",267662.0,Sim,
https://pncp.gov.br/api/pncp/v1/orgaos/17819061000188/compras/2024/15/itens,4137547,12768,"Saco Plástico Estéril de Polietileno para coleta de amostras de 100 ml, com um comprimido de Tiossulfato de Sódio.",UN,,,Não,
https://pncp.gov.br/api/pncp/v1/orgaos/76206481000158/compras/2023/120/itens,8,8254,ESCOPOLAMINA BUTILBROMETO 4MG ML   DIPIRONA 500MG ML AMPOLA 5ML IM EV,AMPOLA,"PDM: 8254 - Escopolamina Butilbrometo, Apresentação:Associada Com Dipirona Sódica, Dosagem:4mg + 500mg/Ml, Indicação:Solução Injetável",270621.0,Sim,
https://pncp.gov.br/api/pncp/v1/orgaos/01409580000138/compras/2024/866/itens,4,10216,"Omeprazol, 40 Mg Cap Gel Dura Ct Bl Al Plas Inc X 28",UNIDADE,"PDM: 10216 - Omeprazol, Concentração:40 MG",267713.0,Sim,
https://pncp.gov.br/api/pncp/v1/orgaos/11335530000107/compras/2024/25/itens,4,1289,"SORO GLICOSADO 5% 500 ML - UNIDADE


",PERIODO,,,Em dúvida,
https://pncp.gov.br/api/pncp/v1/orgaos/18306654000103/compras/2024/17/itens,4042983,2436,Amoxicilina 250mg/5m,FRASCO,"PDM: 2436 - Amoxicilina, Concentração:50mg/Ml, Apresentação:Pó Para Suspensão Oral",271111.0,Sim,
https://pncp.gov.br/api/pncp/v1/orgaos/08088247000113/compras/2023/3/itens,10,2420,0001566 - AMIODARONA 150MG 3ML,Ampola,"PDM: 2420 - Amiodarona, Dosagem:50mg/Ml, Indicação:Injetável",271710.0,Sim,
https://pncp.gov.br/api/pncp/v1/orgaos/46634440000100/compras/2024/937/itens,3,11408,"NAPRIX D(RAMIPRIL 5 MG+HIDROCLOROTIAZIDA 12,5 MG) EM ATENDIMENTO AO MJ-ITENS URGENTES.",UN,"PDM: 11408 - Ramipril, Composição:Associado Com Hidroclorotiazida, Concentração:5mg + 12,5mg",276261.0,Sim,
https://pncp.gov.br/api/pncp/v1/orgaos/45279635000108/compras/2024/573/itens,7,16344,"BOTA DE UNNA 10CM X 10MBOTA DE UNNA - CURATIVO COM AS SEGUINTES

ESPECIFICAÇÕES TÉCNICAS MÍNIMAS:- CURATIVO AUXILIAR DO RETORNO VENOSO E PREVENTIVO DE

EDEMA, ADAPTANDO-SE AOS CONTORNOS DA PERNA COM FLEXIBILIDADE, PROPORCIONANDO

CONFORTO AO USUÁRIO_PACIENTE;- COMPOSIÇÃO HOMOGÊNEA COM ÓXIDO DE ZINCO E

EMOLIENTES;- DIMENSÕES APROXIMADAS DE 10 CM X 10 MTS;- EMBALADA INDIVIDUALMENTE",Unidade,,,Não,
https://pncp.gov.br/api/pncp/v1/orgaos/17683906000150/compras/2023/2/itens,3125598,5090,"CLOPIDOGREL, BISSULFATO - CONCENTRACAO/DOSAGEM 75 MG,FORMA FARMACEUTICA COMPRIMIDO REVESTIDO,VIA DE ADMINISTRACAO ORAL",UN,"PDM: 5090 - Clopidogrel, Dosagem:75 MG",272045.0,Sim,
https://pncp.gov.br/api/pncp/v1/orgaos/07547821000191/compras/2024/60/itens,3,354,"ÁCIDO FÓLICO, DOSAGEM: 0,2 MG/ML, APRESENTAÇÃ: SOLUÇÃO ORAL",FRS,"PDM: 354 - Ácido Fólico, Dosagem:0,2 MG/ML, Uso:Solução Oral - Gotas",278489.0,Sim,
https://pncp.gov.br/api/pncp/v1/orgaos/87612743000109/compras/2024/326/itens,3,15458,ORÇAMENTO 03: vacina v4 felocell crv gatos (12); vermífugo gatos world (12); antiparasitário gatos ampola (12); vacina puppy msd cães (41); vermífugo grantelm cães (82); antipulga neo cães (41); teste cinomose senspert (41); teste felv accuvet (12); esterilização cirúrgica cães + microchipagem (15); esterilização cirúrgica gatos + microchipagem (9).,UN,,,Em dúvida,Muitos itens em 1 descrição
https://pncp.gov.br/api/pncp/v1/orgaos/21461546000110/compras/2024/56/itens,6,13470,"ACHOCOLATADO EM PO, INSTANTANEO, enriquecido com vitaminas do complexo B, carboidratos, proteinas, fibras, sodio, calcio, ferro, sais minerais e valor energetico. O fornecedor devera entregar a ficha tecnica do produto assinada pelo responsavel tecnico da empresa fabricante. Pacote de 1kg:",pacote,,,Não,
https://pncp.gov.br/api/pncp/v1/orgaos/76170240000104/compras/2023/72/itens,9,4492,"Espargidor Spray de Agente Pimenta Advantage Med  - I-REF (individual);

Agente: Capsaicina Natural;

I-REF: Chip que possibilita a rastreabilidade da Granada;

Material do corpo: Alumínio;

Formato: cilíndrico;

Alcance efetivo: 2 m;

Acionamento: Manual;

Sistema de Jato: spray;

peso Líquido: 125g.",UNIDADE (UN),,,Não,
https://pncp.gov.br/api/pncp/v1/orgaos/00697295004780/compras/2023/76/itens,2,349,"(ID-115054) AMPICILINA, Forma Farmaceutica: capsula; Concentracao: 500mg.",unidade,"PDM: 349 - Ampicilina, Dosagem:500 MG",267515.0,Sim,
https://pncp.gov.br/api/pncp/v1/orgaos/50453703000143/compras/2024/29/itens,4,349,AMPICILINA SODICA + SULBACTAM SODICO 3G F/A,Frasco,"PDM: 349 - Ampicilina, Composição:Associada Ao Sulbactam, Concentração:2 G + 1 G, Forma Farmaceutica:Pó P/ Solução Injetável",442689.0,Sim,
https://pncp.gov.br/api/pncp/v1/orgaos/13627823000193/compras/2022/3/itens,10,350,ALBENDAZOL 400MG COMP,COMP,"PDM: 350 - Albendazol, Dosagem:400 MG",267506.0,Sim,
https://pncp.gov.br/api/pncp/v1/orgaos/18192898000102/compras/2024/40/itens,2,353,-ACIDO ACETILSALICILICO 100MG,Comprimido,"PDM: 353 - Ácido Acetilsalicílico, Dosagem:100 MG",267502.0,Sim,
https://pncp.gov.br/api/pncp/v1/orgaos/46223764000147/compras/2024/38/itens,8,353,ACIDO ACETILSALICILICO 100MG  COMPRIMIDO,UN,"PDM: 353 - Ácido Acetilsalicílico, Dosagem:100 MG",267502.0,Sim,
https://pncp.gov.br/api/pncp/v1/orgaos/46634101000115/compras/2023/97/itens,1,353,ACIDO ACETILSALICILICO 81MG COMPRIMIDO TAMPONADO,COMPRIMIDO,"PDM: 353 - Ácido Acetilsalicílico, Dosagem:100 MG, Tipo Uso:Tamponado",270965.0,Sim,
https://pncp.gov.br/api/pncp/v1/orgaos/46582185000190/compras/2023/17/itens,5,354,Ácido Fólico - Comprimido 5 mg.,COMP,"PDM: 354 - Ácido Fólico, Dosagem:5 MG",267503.0,Sim,
https://pncp.gov.br/api/pncp/v1/orgaos/04755973000191/compras/2024/15/itens,8,354,"ÁCIDO FÓLICO 0,80MG + CLORIDRATO DE PIRIDOXINA 4,00MG + CIANOCOBALAMINA0,40MG. COMPRIMIDO REVESTIDO",CP,,,Em dúvida,Composição não existe no CATMAT
https://pncp.gov.br/api/pncp/v1/orgaos/01613121000171/compras/2024/9/itens,8,354,ÁCIDO FÓLICO ÁCIDO FÓLICO 5MG (VITAMINA B9) COMPRIMIDO,CP,"PDM: 354 - Ácido Fólico, Dosagem:5 MG",267503.0,Sim,
https://pncp.gov.br/api/pncp/v1/orgaos/10713187000124/compras/2024/134/itens,7,354,EXAME - ÁCIDO FÓLICO-LACTATO,UN,,,Não,
https://pncp.gov.br/api/pncp/v1/orgaos/45780103000150/compras/2024/525/itens,5,358,Cota Principal    - VILDAGLIPTINA 50MG + METFORMINA CLORIDRATO 850MG,COMPRIMIDO,,,Em dúvida,Composição não existe no CATMAT
https://pncp.gov.br/api/pncp/v1/orgaos/46578514000120/compras/2024/84/itens,1418459,363,ACICLOVIR 125MG/ML- USO ENDOVENOSO-FRASCO-AMPOLA 2ML,FRAMP,,,Em dúvida,Dosgame não existe no CATMAT
https://pncp.gov.br/api/pncp/v1/orgaos/88199971000153/compras/2023/4/itens,1,363,Aciclovir 200mg.,Comprimido,"PDM: 363 - Aciclovir, Dosagem:200 MG",268370.0,Sim,
https://pncp.gov.br/api/pncp/v1/orgaos/04092714000128/compras/2024/23/itens,4069843,363,ACICLOVIR 250MG PÓ PARA SOL INJETAVEL,FR,"PDM: 363 - Aciclovir, Dosagem:250 MG, Uso:Injetável",268374.0,Sim,
https://pncp.gov.br/api/pncp/v1/orgaos/12292443000182/compras/2023/17/itens,7,363,ACICLOVIR CREME 50MG/G10G,TB,"PDM: 363 - Aciclovir, Dosagem:50 MG/G, Uso:Creme",268375.0,Sim,
https://pncp.gov.br/api/pncp/v1/orgaos/95422911000113/compras/2024/6/itens,1,363,"ACICLOVIR, DOSAGEM:50 MG/G - 10G - COD. BR BR0270558",TB,"PDM: 363 - Aciclovir, Dosagem:50 MG/G, Uso:Creme",268375.0,Sim,
https://pncp.gov.br/api/pncp/v1/orgaos/08920571000156/compras/2024/8/itens,7,365,"BENZILPENICILINA, BENZATINA, 1,200,000UI, INJETÁVEL",Ampola,"PDM: 365 - Benzilpenicilina, Apresentação:Benzatina, Dosagem:1.200.000ui, Uso:Injetável",270612.0,Sim,
https://pncp.gov.br/api/pncp/v1/orgaos/46439683000189/compras/2023/61/itens,7,1249,"BICARBONATO DE SÓDIO- Para profilaxia odontológica oral com remoção de placa bacteriana, granulação extrafina com graus de pureza de 99,9%; embalagem com 500 gramas.",Embalagem,"PDM: 1249 - Bicarbonato De Sódio, Apresentação:Pó",271052.0,Sim,
https://pncp.gov.br/api/pncp/v1/orgaos/11022597001325/compras/2024/244/itens,2,1289,"(3389332) - MACA HOSPITALAR - CONSTRUIDA EM TUBOS DE ACO INOXIDAVEL REDONDOS, COM ACABAMENTO POLIDO, DE APROXIMADAMENTE 1 E 1/4 POLEGADAS DE DIAMETRO, 2,00MM DE ESP. DE PAREDE,CAPACIDADE PARA 300KG, COM 04 RODIZIOS DE 6 POLEGADAS DE DIAMETRO, COM ARO DE BORRACHA REFORCADO E BANDA DE ROLAGEM EM MATERIAL TERMOPLASTICO, FREIO EM DIAGONAL E GARFOS ZINCADOS,LEITO FIXO, CONSTRUIDO EM CHAPA DE ACO INOXIDAVEL, COM CABECEIRA MOVEL REGULAVEL EM 04 POSICOES, SOLDAS REFORCADAS, PARA-CHOQUE REVESTIDO DE PVC EM TODA VOLTA,1,90X0,70X0,80M (CXLXH).FRISAMOS QUE A LARGURA EXTERNA TOTAL DA MACA NAO PODE EXCEDER 0,70M E QUE A ALTURA E MEDIDA DO PISO AO LEITO,GRADES ESCAMOTEAVEIS (OU DE TOMBAR) NOS DOIS LADOS, COM ALTURA DE 0,30M EM RELACAO AO LEITO, EM TUBOS REDONDO DE ACO INOX, COM 1 E 1/4 POLEGADAS DE DIAMETRO E 1,25MM DE ESPESSURA DA PAREDE,,SUPORTE DE SORO TERMINANDO EM T PARA SER ACOPLADO NAS LATERAIS SUPERIORES DA MACA CONFECCIONADO EM ACO INOX AISI 304,SUPORTE PARA CILINDRO DE O2, AFIXADO SOB O LEITO DA MACA, CAPAZ DE TRANSPORTAR CILINDROS DE ATE 0,80M DE DIAMETRO, COLCHONETE DE DENSIDADE D-33, COM 07CM DE ESPESSURA, NAS DIMENSOES DA MACA, REVESTIDO EM COURVIN AZUL-ESCURO,GARANTIA MINIMA DE 01 ANO, PARA PECAS E SERVICOS, REGISTRADA A PARTIR DA DATA DE ENTREGA DO ITEM EM COMPLETA CONFORMIDADE COM O SOLICITADO EM EDITAL, NOME E ENDERECO DA ASSISTENCIA TECNICA NO ESTADO DE PERNAMBUCO, CERTIFICADO DA LIGA DO ACO, REGISTRO NA ANVISA OU CADASTRO DE ISENCAO, CERTIFICADO DE BOAS PRATICAS DE FABRICACAO, OU DOCUMENTO INTERNACIONAL EQUIVALENTE TRADUZIDO, COM TRADUCAO JURAMENTADA",UN,,,Não,
https://pncp.gov.br/api/pncp/v1/orgaos/11049830000120/compras/2024/3/itens,5,1289,"448699 - SORO FISIOLÓGICO 0,9% 500 ML - SOLUÇÃO ESTÉRIL SISTEMA FECHADO DE INFUSÃO. Unidade: BOLSA OU FRASCO. Com Registro ANVISA",BOLSA/FRASCO,,,Em dúvida,
https://pncp.gov.br/api/pncp/v1/orgaos/15023971000124/compras/2022/2/itens,1,1289,ALT-TGP PARA DETERMINAÇÃO QUANTITATIVA DA ATIVIDADE DA TGP NO SORO - METODOLOGIA UV SEM PIRIDOXAL FOSFATO SENSIBILIDADE 5.15 U/L LINEARIDADE 350 U/L APRESENTAÇÃO R1 4X40ML E R2 4X10ML,UND,,,Não,
https://pncp.gov.br/api/pncp/v1/orgaos/34887935000153/compras/2024/3/itens,3891590,1289,"BEBIDA LÁCTEA CHOCOLATE 200ML Especificação : Leite padronizado, soro de leite, e ou soro de leite em pó recosntituído, açúcar, creme de leite, cacau, sal, vitamina A, B1, B2, B6, B12, C, E PP, e ácido fólico, pantotenato de cálcio, proteína lactes, espessantes, carboximetilcelulose, monoediglicerideos, carragena,aroma artificial de chocolate, estabilizante citrato de sódio e fosfato dissódico. Embalagem de 200ml/cada.Com Caixa até 50 unidade.",UNIDADE,,,Não,
https://pncp.gov.br/api/pncp/v1/orgaos/13988308000139/compras/2024/13/itens,10,1289,"BISCOITO CREAM CRACKER - Características Técnicas:


Biscoito salgado, tipo Cream Cracker, á base de farinha de trigo, amido de milho, sal refinado, gordura vegetal, leite (ou soro) e outros ingredientes, desde que permitidos pela legislação e mencionados. O produto não deverá conter soja nem quaisquer substâncias corantes artificiais. Características organolépticas: - Aspecto: massa torrada - Cor: própria - Odor: próprio - sabor: próprio - textura: crocante/macia. Serão rejeitados biscoitos mal assados, queimados e de caracteres organolépticos anormais, não podendo apresentar excesso de dureza e quebradiços em excesso. Apresentação em embalagem primária dupla de polietileno atóxico intacto e hermeticamente vedado, contendo 350 a 400 gramas. Na embalagem deverá conter rótulo com dados de identificação do produto, marca do fabricante, informação nutricional, data de fabricação e validade, peso liquido e de acordo com as Normas e Resoluções vigentes da Anvisa/MS.  As embalagens secundárias no qual os pacotes de biscoito deverão estar acondicionados devem ser de papelão, resistentes, intactas e higienicamente adequadas. Reposição do produto: no caso de alteração do mesmo antes do vencimento do prazo de validade, prazo de validade vencido e embalagens danificadas. Validade: mínima de 08 (oito) meses. Prazo de fabricação: não poderá ter data de fabricação anterior a 45 (quarenta e cinco) dias da data de entrega. Unidade de Fornecimento: Caixa contendo pacotes do produto (20x400 ou 24x350).Marcas anteriormente reprovadas em análises técnicas: Petyan; Tupy; Delite; Supradely.",PCT,,,Não,
https://pncp.gov.br/api/pncp/v1/orgaos/12609678000155/compras/2024/3/itens,6,1289,"BISCOITO DOCE TIPO MARIA - ESPECIFICAÇÃO: a base de: farinha de trigo/ açúcar/ gordura vegetal hidrogenada/ amido de milho/ açúcar invertido/ soro de leite/ sal /fermento químico, embalagem tipo 3 em 1. Serão rejeitados biscoitos mal cozidos, queimados e de características sensoriais anormais (cor, odor, sabor e textura). A embalagem deverá conter externamente os dados de identificação, procedência, informações nutricionais, número de lote, data de validade, quantidade do produto. O produto deverá apresentar validade mínima de 06 meses a partir da data da entrega na unidade requisitante. Embalagem de 350g.",Unidade,,,Não,
https://pncp.gov.br/api/pncp/v1/orgaos/75443812000100/compras/2024/84/itens,3,1289,EQUIPO DE SORO FOTOSSENSIVEL BR0386125,UNIDADE,,,Não,
https://pncp.gov.br/api/pncp/v1/orgaos/88000906000157/compras/2023/20/itens,1,1289,EQUIPO SORO MACRO GOTAS ADULTO.,Unidade,,,Não,
https://pncp.gov.br/api/pncp/v1/orgaos/13612270000103/compras/2024/1/itens,2,1289,"Leite em pó integral de primeira qualidade, sem a presença de soro e amido, acondicionado em embalagem contendo 200 gr.",KG,,,Não,
https://pncp.gov.br/api/pncp/v1/orgaos/08084014000142/compras/2024/28/itens,8,1289,"MACA COM COLCHÃO EM AÇO CARBONO COM GRADES, SUPORTE DE SORO EM INOX COM AJUSTES REGULÁVEL. CARRO MACA HOSPITALAR OBESO, COM LEITO ESTOFADO, COM REFORÇO SOB O LEITO; ESTRUTURA EM TUBO DE AÇO CARBONO REDONDO; LEITO ESTOFADO COM ESPUMA D33, REVESTIDO EM CORANO CABECEIRA REGULÁVEL ATRAVÉS DE CREMALHEIRA; GRADES LATERAIS DE ABAIXAR EM TUBO DE AÇO CARBONO (OPCIONAL AÇO INOX) SUPORTE PARA SORO COM 02 GANCHOS (T); ACABAMENTO EM PINTURA EPÓXI NA COR BRANCA, COM TRATAMENTO ANTI-FERRUGINOSO; PÁRA-CHOQUE DE BORRACHA NA CABECEIRA E PESEIRA; RODÍZIOS DE 5"" EM POLIPROPILENO, COM SISTEMA DE FREIO EM DIAGONAL. DIMENSÕES EXTERNAS APROXIMADAS: C 2,00 X L 0,83 X A 100CM CAPACIDADE: 250KG",Unidade,,,Não,
https://pncp.gov.br/api/pncp/v1/orgaos/76235753000148/compras/2024/36/itens,3,1289,"OVOS DE CHOCOLATE ZERO AÇÚCAR, PARA DIABÉTICOS COM NO MÍNIMO 50% CACAU. Peso mínimo de 180 gramas. Ingredientes: produto isento de açúcar, obtido a partir de manteiga de cacau, leite em pó desnatado, polidextrose, leite integral, soro de leite em pó, gordura de manteiga desidratada, edulcorante natural (lactitol), emulsificantes (lecitina de soja e poliglicerol), poliricinoleato, aromatizantes edulcorantes artificiais (sucralose e acessulfame de potássio). Embalagem: envolto em folha de alumínio, embalado em filme polipropileno laminado decorado com tema Páscoa e amarrado com fita de cetim, acondicionado em caixa de papelão onde os ovos deverão ficar em pé, para evitar quebra do produto. Rótulo: o produto deverá ser rotulado de acordo com a legislação vigente, devendo estar impresso de forma clara as seguintes informações: identificação do produto, inclusive marca, nome e endereço do fabricante, data de fabricação, data de validade ou prazo máximo de consumo, componentes do produto, peso líquido, informações nutricionais, número do lote. O produto deverá ter validade mínima de 06 (seis) meses a partir da data de fabricação, sendo que esta não poderá ser superior a 30 (trinta) dias da data de entrega.",Unidade,,,Não,
https://pncp.gov.br/api/pncp/v1/orgaos/04279238000159/compras/2024/10/itens,3856818,1289,"SORO RINGER SIMPLES BOLSA 500 ML,

ISENTA DE PVC, SISTEMA FECHADO.

",BLS,,,Em dúvida,PDM está errado. Correto: 11750
https://pncp.gov.br/api/pncp/v1/orgaos/46638714000120/compras/2024/12/itens,1,1289,"TESTE RÁPIDO DE CHIKUNGUNYA; IMUNE ENSAIO CROMATOGRÁFICO PARA A DETECÇÃO QUALITATIVA DO ANTICORPO IGM DO VÍRUS  CHIKUNGUNYA; AMOSTRAS DE SANGUE TOTAL, SORO OU PLASMA; RESULTADO EM 15 MINUTOS.CONFORME DESCRIÇÃO COMPLEMENTAR NO TERMO DE REFERÊNCIA.",Unidade,,,Não,
https://pncp.gov.br/api/pncp/v1/orgaos/46374500000194/compras/2024/3173/itens,1,1769,Alfa-Alglicosidase,Frasco-Ampola,"PDM: 1769 - Alfa-Alglicosidase, Concentração:50 MG, Forma Farmacêutica:Pó Liófilo P/ Injetável",359903.0,Sim,
https://pncp.gov.br/api/pncp/v1/orgaos/01614225000109/compras/2023/220/itens,3678533,1824,"ACETILCISTEINA - CONCENTRAÇÃO/DOSAGEM 600 MG, FORMA FARMACEUTICA GRANULADO, FORMA DE APRESENTAÇÃO ENVELOPE, VIA DE ADMINISTRAÇÃO ORAL",UN,"PDM: 1824 - Acetilcisteína, Concentraçao:600 MG, Forma Farmaceutica:Granulado Para Solução Oral",434110.0,Sim,
https://pncp.gov.br/api/pncp/v1/orgaos/04092706000181/compras/2023/216/itens,7,1824,Acetilcisteina 20 mg/ml - 100 ml,Frasco,"PDM: 1824 - Acetilcisteína, Dosagem:20 MG/ML, Indicação:Xarope",270558.0,Sim,
https://pncp.gov.br/api/pncp/v1/orgaos/07309266000160/compras/2024/8/itens,5,1824,"ACETILCISTEINA 20MG/ML XAROPE PEDIÁTRICO FRC C/ 120ML (EXPECTORANTE - FÁRMACO, NÃO ACEITAREMOS NA FORMA DE SUPLEMENTO ALIMENTAR) - OBRIGATÓRIO REGISTRO NA ANVISA",FRC,"PDM: 1824 - Acetilcisteína, Dosagem:20 MG/ML, Indicação:Xarope",270558.0,Sim,
https://pncp.gov.br/api/pncp/v1/orgaos/75845495000159/compras/2024/45/itens,4,1824,ACETILCISTEINA 40 MG/ML ADULTO,FRASCO,"PDM: 1824 - Acetilcisteína, Concentraçao:40 MG/ML, Forma Farmaceutica:Xarope",355786.0,Sim,
https://pncp.gov.br/api/pncp/v1/orgaos/05138730000177/compras/2024/2/itens,6,1824,ACETILCISTÉINA SACHÊ 600MG/5G,Unidade,,,Em dúvida,Falta a forma de apresentação
https://pncp.gov.br/api/pncp/v1/orgaos/10472663000162/compras/2023/26/itens,3,1872,ACIDO ASCÓRBICO 100 MG/ML IM/IV - AMPOLA,UN,"PDM: 1872 - Ácido Ascórbico, Dosagem:100 MG/ML, Tipo Uso:Injetável",271687.0,Sim,
https://pncp.gov.br/api/pncp/v1/orgaos/00394452000103/compras/2024/14338/itens,6,1872,"Ácido Ascórbico aspecto físico: pó cristalino branco a amarelado, fórmula química: c6h8o6 (ácido l-ascórbico), peso molecular: 176,12, pureza: pureza mínima de 99,5%, característica adicional: padrão de referência analítico, número de referência química: cas 50-81-7",Miligrama,,,Em dúvida,Descrição não existe no CATMAT
https://pncp.gov.br/api/pncp/v1/orgaos/08761124000100/compras/2023/823/itens,1,1872,"Preparado Panificação tipo: melhorador de farinha, composição: ácido ascórbico e alfa amilase, apresentação: pó",Unidade,,,Não,
https://pncp.gov.br/api/pncp/v1/orgaos/95422846000126/compras/2023/161/itens,1,2032,ACIDO TRANEXAMICO,UN,,,Em dúvida,Falta a dosagem
https://pncp.gov.br/api/pncp/v1/orgaos/03507548000110/compras/2024/23/itens,2,2032,ACIDO TRANEXAMICO 250 MG.,COMP,"PDM: 2032 - Ácido Tranexâmico, Dosagem:250 MG",278338.0,Sim,
https://pncp.gov.br/api/pncp/v1/orgaos/76105519000104/compras/2024/133/itens,5,2032,BR327566 Ácido Tranexâmico 50mg/ml - ampola 5ml,AMPOLA,"PDM: 2032 - Ácido Tranexâmico, Dosagem:50 MG/ML, Forma Farmacêutica:Solução Injetável",327566.0,Sim,
https://pncp.gov.br/api/pncp/v1/orgaos/13982590000147/compras/2024/64/itens,1,2032,Lote 1 - ÁCIDO TRANEXÂMICO 250 MG COM CT BL AL PLAS OPC X 12,Comprimido,"PDM: 2032 - Ácido Tranexâmico, Dosagem:250 MG",278338.0,Sim,
https://pncp.gov.br/api/pncp/v1/orgaos/70946009000175/compras/2024/87/itens,2,2035,Lote 2 - ACIDO URSODESOXICOLICO COMPRIMIDO 300MG,Comprimido,"PDM: 2035 - Ácido Ursodesoxicólico, Concentração:300 MG",309040.0,Sim,
https://pncp.gov.br/api/pncp/v1/orgaos/01617975000126/compras/2024/6/itens,9,2036,ÁCIDO VALPROICO (VALPROATO DE SÓDIO) 50 MG/ML XAROPE,Frasco,"PDM: 2036 - Ácido Valpróico, Dosagem:50 MG/ML, Forma Farmacêutica:Xarope",308732.0,Sim,
https://pncp.gov.br/api/pncp/v1/orgaos/18303263000135/compras/2023/18/itens,5,2036,Ácido Valpróico 250mg/5 mL Xarope Frasco 100 mL,Unidade,"PDM: 2036 - Ácido Valpróico, Dosagem:50 MG/ML, Forma Farmacêutica:Xarope",308732.0,Sim,
https://pncp.gov.br/api/pncp/v1/orgaos/45299104000187/compras/2024/58/itens,8,2036,ACIDO VALPROICO 250MG/5ML FRS 100ML,Frascos,"PDM: 2036 - Ácido Valpróico, Dosagem:50 MG/ML, Forma Farmacêutica:Xarope",308732.0,Sim,
https://pncp.gov.br/api/pncp/v1/orgaos/11266975000182/compras/2024/2/itens,4162169,2036,"ACIDO VALPROICO 50 MG/ ML, XAROPE 100ML",FRC,"PDM: 2036 - Ácido Valpróico, Dosagem:50 MG/ML, Forma Farmacêutica:Xarope",308732.0,Sim,
https://pncp.gov.br/api/pncp/v1/orgaos/75193516000107/compras/2022/19/itens,5,2036,Acido Valproico 50mg/mL. Frasco contendo ao minimo 100mL de solucao,FRASCO,"PDM: 2036 - Ácido Valpróico, Dosagem:50 MG/ML, Forma Farmacêutica:Xarope",308732.0,Sim,
https://pncp.gov.br/api/pncp/v1/orgaos/76968627000100/compras/2023/128/itens,1,2036,"TORVAL CR 500 MG


<p><span style=""color: rgb(0, 0, 0); font-family: tahoma, open-sans; font-size: 10.6667px; float: none; display: inline;"">360 comprimidos Torval cr 500mg( acido valproico + valproato de sódio)</span></p>",COMPRIMIDOS (COM),"PDM: 2036 - Ácido Valpróico, Dosagem:500 MG",267505.0,Sim,
https://pncp.gov.br/api/pncp/v1/orgaos/08785479000120/compras/2024/94/itens,9,2100,"ADENOSINA 3MG/ML  2ML, AMPOLA",Unidade,"PDM: 2100 - Adenosina, Dosagem:3 MG/ML, Indicação:Solução Injetável",278281.0,Sim,
https://pncp.gov.br/api/pncp/v1/orgaos/18585570000156/compras/2024/21/itens,4130551,2100,"ADENOSINA 3MG/ML, AMPOLA DE 02 ML",AM,"PDM: 2100 - Adenosina, Dosagem:3 MG/ML, Indicação:Solução Injetável",278281.0,Sim,
https://pncp.gov.br/api/pncp/v1/orgaos/76974823000180/compras/2024/21/itens,1347576,2259,"Àlcool 46,2º 1 LT com sua composição: Àlcool etílico hidratado INPM.",FRASCO,,,Em dúvida,Teor alcoolico nao existe
https://pncp.gov.br/api/pncp/v1/orgaos/18468041000172/compras/2024/10/itens,4124366,2259,"ALCOOL 70% 1000ML- ALCOOL ETILICO HIDRATADO 705 INCOLOR, COM CHEIRO CARACTERISTICO, DESTINADO  A DESINFECCAO DE SUPERFICIE FIXAS. ACONDICIONADO EM FRASCO PLASTICO DESCARTAVEL DE 1000ML QUE PERMITA A VISUALIZACAO INTERNA DO LIQUIDO, LACRADO.EMBALAGEM PLASTICA CONTENDO DADOS DA ROTULAGEM. DEVE ATENDER A RDC 184 DE 22/10/2001. A EMPRESA VENCEDORA DEVERA APRESENTAR NOTIFICACAO SIMPLIFICADA DO PRODUTODE MS, CERTIFICADO DE BOAS PRATICAS DE FABRICACAO, AYTORIZACAO DE FUNCIONAMENTOEMITIDO PELA ANVISA E ALVARA SANITARIO NA CLASSE MEDICAMENTOS.",UN,"PDM: 2259 - Álcool Etílico, Tipo:Hidratado, Teor Alcoólico:70%_(70°Gl), Apresentação:Líquido",269941.0,Sim,
https://pncp.gov.br/api/pncp/v1/orgaos/75771253000168/compras/2022/2/itens,1,2259,"ÁLCOOL EM GEL ETÍLICO HIDRATADO À BASE DE ÁLCOOL PARA HIGIENIZAÇÃO, A 70° INPM COM AÇÃO ANTI-SÉPTICA, SEM ENXÁGUE. COMPOSIÇÃO: ÁLCOOL ETÍLICO, POLÍMERO CARBOXÍLICO, NEUTRALIZANTE, UMECTANTE, CONSERVANTE, QUELANTE E ÁGUA DEIONIZADA  - PRAZO DE VALIDADE 24 MESES À PARTIR DA DATA DE FABRICAÇÃO - EMBALAGEM DE 5 LITROS ? 4,5 KG",GL,"PDM: 2259 - Álcool Etílico, Tipo:Hidratado, Teor Alcoólico:70%_(70°Gl), Apresentação:Gel",269943.0,Sim,
https://pncp.gov.br/api/pncp/v1/orgaos/16752446000102/compras/2022/32/itens,2,2259,ÁLCOOL ETÍLICO 95% PA,LT,"PDM: 2259 - Álcool Etílico, Teor Alcoólico:Absoluto, Mínimo De 95%, Forma Farmacêutica:Solução Injetável",445578.0,Sim,
https://pncp.gov.br/api/pncp/v1/orgaos/46522975000180/compras/2024/26/itens,2,2259,ALCOOL ETILICO HIDRATADO 70% INOM - FRASCO 1000ML,FR,,,Em dúvida,Falta a forma de apresentação
https://pncp.gov.br/api/pncp/v1/orgaos/29987225000165/compras/2024/13/itens,7,2259,ALCOOL ETILICO HIDRATADO 92 8  INPM PARA LIMPEZA GERAL PRONTO USO  EMBALAGEM DE 1 LITRO  ASPECTO LIQUIDO  INCOLOR E ODOR CARACTERISTICO  PH DO PRODUTO PURO 6 0   7 0 DEVE ATENDER A NBR 5991 97,UNIDADE,,,Em dúvida,Teor alcoolico nao existe no CATMAT
https://pncp.gov.br/api/pncp/v1/orgaos/08313923000105/compras/2024/37/itens,2,2259,"ÁLCOOL ETÍLICO HIDRATADO 92,8º 1 LITRO.",Litro,,,Em dúvida,Teor alcoolico nao existe no CATMAT
https://pncp.gov.br/api/pncp/v1/orgaos/83102558000105/compras/2024/1/itens,6,2259,"ÁLCOOL ETÍLICO HIDRATADO EM GEL 70º INPM , EMBALAGEM DE 500ML",Unidade,"PDM: 2259 - Álcool Etílico, Tipo:Hidratado, Teor Alcoólico:70%_(70°Gl), Apresentação:Gel",269943.0,Sim,
https://pncp.gov.br/api/pncp/v1/orgaos/44951515000142/compras/2024/358/itens,6,2259,Álcool etílico hidratado. 46º INPM. Com tampa abre e fecha de rosquear. Frasco com 1 litro.,Unidade,,,Em dúvida,Falta a forma de apresentação
https://pncp.gov.br/api/pncp/v1/orgaos/18295311000190/compras/2023/6/itens,5,2259,Álcool Etílico Limpeza De Ambientes( CATMAT 429225)  - Tipo: Etílico Hidratado Características Adicionas: Gel Concentração: 70% Frasco 500 ml,Unidade,"PDM: 2259 - Álcool Etílico, Tipo:Hidratado, Teor Alcoólico:70%_(70°Gl), Apresentação:Gel",269943.0,Sim,
https://pncp.gov.br/api/pncp/v1/orgaos/77870475000163/compras/2024/46/itens,5,2259,ALCOOL GEL 70  PERFUMADO GALAO DE 5 LITROS   ALCOOL ETILICO 70 INPM EM GEL ANTISSEPTICO PARA HIGIENIZACAO DAS MAOS. PRODUTO COM REGISTRO NO MS ANVISA  EM GEL TRANSLUCIDO  NAO PEGAJOSO  COM ODOR PERFUMADO  EXCELENTE VISCOSIDADE E DENSIDADE 100  DE SOLUBILIDADE EM AGUA E QUE NAO DEIXE RESIDUOS NAS MAOS APOS A SECAGEM. ACONDICIONADO EM GALAO DE 5 LITROS  4 3KG  COM TAMPA ROSQUEAVEL E LACRE INVIOLAVEL. APRESENTACAO EM EMBALAGEM ORIGINAL CONTENDO DADOS DE IDENTIFICACAO  PROCEDENCIA  LOTE  VALIDADE E NUMERO DE REGISTRO NA ANVISA MINISTERIO DA SAUDE.,UNIDADE,"PDM: 2259 - Álcool Etílico, Tipo:Hidratado, Teor Alcoólico:70%_(70°Gl), Apresentação:Gel",269943.0,Sim,
https://pncp.gov.br/api/pncp/v1/orgaos/08157810000168/compras/2024/31/itens,7,2259,Álcool liquido 70% Material álcool etílico hidratado,Litro,"PDM: 2259 - Álcool Etílico, Tipo:Hidratado, Teor Alcoólico:70%_(70°Gl), Apresentação:Líquido",269941.0,Sim,
https://pncp.gov.br/api/pncp/v1/orgaos/07954480000179/compras/2024/9633/itens,6,2259,"ALCOOL, ETILICO DILUIDO, USO DOMESTICO EM GERAL, 46º INPM, EMBALAGEM COM IDENTIFICACAO DO PRODUTO, MARCA DO FABRICANTE, FRASCO 500.0 MILILITROS",FRASCO 500.0 MILILITROS,,,Em dúvida,Teor alcoolico nao existe no CATMAT
https://pncp.gov.br/api/pncp/v1/orgaos/24772253000141/compras/2022/18/itens,10,2259,"BASE DE GLICERINA, PARA CONFECCAO DE SABONETE,NA COR TRANSPARENTE, EMBALAGEM COM 01 KG - MASSA BASE, TENSOATIVO ANIONICO, UMECTANTE, ALCOOL ETILICO, SEQUESTRANTE, HIDRATANTE E VEICULO",UN - UNIDADE,,,Não,
https://pncp.gov.br/api/pncp/v1/orgaos/06553713000169/compras/2024/21/itens,7,2273,ALENDRONATO DE SODIO 70MG COMP CX/4UNID,CX,"PDM: 2273 - Alendronato De Sódio, Dosagem:70 MG",269462.0,Sim,
https://pncp.gov.br/api/pncp/v1/orgaos/45709896000110/compras/2024/3/itens,5,2362,ALPRAZOLAM 2 MG COMP.,UN,"PDM: 2362 - Alprazolam, Dosagem:2 MG",284465.0,Sim,
https://pncp.gov.br/api/pncp/v1/orgaos/44428506000171/compras/2024/634/itens,1,2362,ALPRAZOLAM 2MG - C/ 30CP,UNIDADE,"PDM: 2362 - Alprazolam, Dosagem:2 MG",284465.0,Sim,
https://pncp.gov.br/api/pncp/v1/orgaos/08807619000114/compras/2022/3/itens,6,2362,"ALPRAZOLAM 2MG, CAIXA COM 30 COMPRIMIDOS",CX,"PDM: 2362 - Alprazolam, Dosagem:2 MG",284465.0,Sim,
https://pncp.gov.br/api/pncp/v1/orgaos/13791885000136/compras/2024/6/itens,7,2418,"Fórmula elementar à base de 100% de aminoácidos livres, 100% de maltodextrina e 100% de lipídios de origem vegetal, nutricionalmente completa, para crianças de 1 a 10 anos. Isenta de sacarose, lactose,glúten,soja e derivados, com teores de nutrientes atendendo aos valores mínimos e máximos do Codex Alimentarius FAO/OMS para vitaminas e minerais, indicada para: Alergia à proteína do leite de vaca, a soja, a múltiplos alimentos e a hidrolisados protéicos; síndrome do intestino curto, transição de nutrição parenteral para enteral e mal absorção. Com no mínimo 80% do prazo de validade.",Lata de 400g,,,Não,
https://pncp.gov.br/api/pncp/v1/orgaos/10292425000175/compras/2024/8/itens,5,2418,"FÓRMULA INFANTIL A BASE DE AMINOÁCIDOS LIVRES - Em pó, para lactentes e de seguimento para lactentes e/ou crianças de primeira infância destinada a necessidades dietoterápicas específicas com restrição de lactose e à base de aminoácidos livres. Acondicionado em embalagem de 400g, embalagem de mercado que preserve a integridade e qualidade do produto, sem estofamentos e amassamentos. Rotulagem: Deve atender a legislação vigente. (Referências: Neocate LCP, Puramino ou Alfamino).",Unidades,,,Não,
https://pncp.gov.br/api/pncp/v1/orgaos/19876424000142/compras/2024/35/itens,1,2418,Fórmula infantil à base de aminoácidos para crianças de primeira infância destinada a necessidades dietoterápicas específicas como alergia a proteina do leite e restrição de lactose e à base de aminoácidos livres. Não contém gluten. Lata de 400 gramas. Para atendimento de decisão judicial - NEOCATE LCP.,UNIDADE,,,Não,
https://pncp.gov.br/api/pncp/v1/orgaos/13626908000157/compras/2024/2/itens,8,2420,AMIODARONA 50MG/ML SOLUÇÃO INJETÁVEL,AMP,"PDM: 2420 - Amiodarona, Dosagem:50mg/Ml, Indicação:Injetável",271710.0,Sim,
https://pncp.gov.br/api/pncp/v1/orgaos/13670021000166/compras/2023/2/itens,6,2436,Amoxicilina + Clavulanato de Potássio 500mg+125mg,COMP,"PDM: 2436 - Amoxicilina, Princípio Ativo:Associada Com Clavulanato De Potássio, Concentração:500mg + 125mg",271217.0,Sim,
https://pncp.gov.br/api/pncp/v1/orgaos/18315234000193/compras/2024/36/itens,10,2436,AMOXICILINA +CLAV. POTASSIO 500+125 MG COMPRIMIDO,Comprimido,"PDM: 2436 - Amoxicilina, Princípio Ativo:Associada Com Clavulanato De Potássio, Concentração:500mg + 125mg",271217.0,Sim,
https://pncp.gov.br/api/pncp/v1/orgaos/17298800000133/compras/2024/1/itens,4071733,2436,"Amoxicilina 250mg/5ml - 60ml Suspensão (AMOXICILINA, CONCENTRAÇÃO:250MG)",Frasco,"PDM: 2436 - Amoxicilina, Concentração:250mg",271090.0,Sim,
https://pncp.gov.br/api/pncp/v1/orgaos/00394452000103/compras/2024/2338/itens,7,2436,"Amoxicilina composição: associada ao clavulanato de potássio, concentração: 200 mg + 50, forma física: comprimidos palatáveis, uso: uso veterinário",Comprimido,"PDM: 2436 - Amoxicilina, Princípio Ativo:Associada Com Clavulanato De Potássio, Concentração:500mg + 125mg",271217.0,Sim,
https://pncp.gov.br/api/pncp/v1/orgaos/46137410000180/compras/2024/3/itens,7,2436,"Amoxicilina sódica 500mg, clavulanato de potássio 100mg; forma farmaceutica pó liofilo para solução injetável; forma de apresentação frasco-ampola, com ou sem diluente; via de administração intravenosa.",FRASCO,"PDM: 2436 - Amoxicilina, Princípio Ativo:Associada Com Clavulanato De Potássio, Concentração:500mg + 100mg, Forma Farmacêutica:Pó Liófilo P/ Injetável",390439.0,Sim,
https://pncp.gov.br/api/pncp/v1/orgaos/18017384000110/compras/2024/219/itens,3,2436,AMOXICILINA TRI-HIDRATADA 15 G SUSPENSAO INJETAVEL IM PARA CAES - - PRINCIPIO ATIVO: AMOXICILINA TRI-HIDRATADA; CONCENTRACAO: 15 G; FORMA FARMACEUTICA: SUSPENSAO INJETAVEL; APRESENTACAO: FRASCO -AMPOLA,Frasco-Ampola,,,Em dúvida,Concentração não existe no CATMAT
https://pncp.gov.br/api/pncp/v1/orgaos/46599809000182/compras/2024/244/itens,7,2463,"SAXAGLIPTINA 5MG, COMPRIMIDO REVESTIDO.",COMPRIMIDO,"PDM: 2463 - Saxagliptina, Concentração:5 MG",393034.0,Sim,
https://pncp.gov.br/api/pncp/v1/orgaos/03930106000182/compras/2023/16/itens,2,2482,"(ID-26372) ANASTROZOL, Forma Farmaceutica: comprimido, Concentracao : 1 mg",comprimido,"PDM: 2482 - Anastrozol, Dosagem:1 Mg",278348.0,Sim,
https://pncp.gov.br/api/pncp/v1/orgaos/45781176000166/compras/2024/325/itens,1,2585,ÁCIDO FOLÍNICO OU FOLINATO DE CÁLCIO 15mg - COMPRIMIDO,COMPRIMIDO,"PDM: 2585 - Ácido Folínico, Concentração:15 MG, Adicional:Especialmente Manipulado",437382.0,Sim,
https://pncp.gov.br/api/pncp/v1/orgaos/45122603000102/compras/2023/80/itens,4,2588,"DULAGLUTIDA 1,5 MG SOLUCAO INJETAVEL CANETA 0,5 ML",CANETA,"PDM: 2588 - Dulaglutida, Concentração:1,5 MG/ML, Forma Farmacêutica:Solução Injetável, Características Adicionais:Em Seringa Preenchida, Adicional:C/ Sistema De Aplicação",442521.0,Sim,
https://pncp.gov.br/api/pncp/v1/orgaos/03370251000156/compras/2024/15/itens,7,2593,"ALOGLIPTINA - CONCENTRACAO/DOSAGEM 25MG, FORMA FARMACEUTICA COMPRIMIDO, VIA DE ADMINISTRACAO ORALALOGLIPTINA - CONCENTRACAO/DOSAGEM 25MG, FORMA FARMACEUTICA COMPRIMIDO, VIA DE ADMINISTRACAO ORAL",COMPRIMIDO,"PDM: 2593 - Alogliptina, Concentração:25 MG",436169.0,Sim,
https://pncp.gov.br/api/pncp/v1/orgaos/44730331000152/compras/2024/56/itens,2,2616,Venetoclax 100 mg - Cx com 120 comprimidos revestidos,CX,"PDM: 2616 - Venetoclax, Concentração:100 MG",450785.0,Sim,
https://pncp.gov.br/api/pncp/v1/orgaos/10234992000175/compras/2022/1/itens,10,3106,ATENOLOL 100MG - (PARTICIPAÇÃO EXCLUSIVA DE ME/EPP/MEI),COMPRIMIDO,"PDM: 3106 - Atenolol, Dosagem:100 MG",267518.0,Sim,
https://pncp.gov.br/api/pncp/v1/orgaos/10460008000194/compras/2024/12/itens,1,3106,ATENOLOL 5ML/MG. REALIZADO EM FARMÁCIA DE MANIPULAÇÃO. FRASCO COM 30 ML.,UNIDADE,,,Em dúvida,Concentração não existe no CATMAT
https://pncp.gov.br/api/pncp/v1/orgaos/80673411000187/compras/2023/603/itens,2,3167,"Antibacterianos Azitromicina 600mg,po para suspensao oral",Frasco,,,Em dúvida,Concentração não existe no CATMAT
https://pncp.gov.br/api/pncp/v1/orgaos/00394429000100/compras/2024/1004/itens,8,3428,BASILIXIMABE,"FRASCO-AMPOLA 0,00",,,Em dúvida,Falta a concentração
https://pncp.gov.br/api/pncp/v1/orgaos/06168092000108/compras/2024/111/itens,5,3512,"(ID-116421) ATRACURIO (BESILATO), Forma Farmaceutica: solucao injetavel; Concentracao: 10mg/ml; Forma de Apresentacao: ampola com 2,5 ml.",unidade,"PDM: 3512 - Atracúrio Besilato, Dosagem:10 MG/ML, Indicação:Solução Injetável",268396.0,Sim,
https://pncp.gov.br/api/pncp/v1/orgaos/04271037000105/compras/2024/12/itens,6,3567,"BIPERIDENO, Forma Farmacêutica: comprimido; Concentração: 2mg.",COMP.,"PDM: 3567 - Biperideno, Dosagem:2 MG",270140.0,Sim,
https://pncp.gov.br/api/pncp/v1/orgaos/76205707000104/compras/2024/57/itens,8,3929,bromoprida 10mg ampola 2mL,Amp,"PDM: 3929 - Bromoprida, Dosagem:10 MG",269954.0,Sim,
https://pncp.gov.br/api/pncp/v1/orgaos/12335030000138/compras/2024/6/itens,5,4509,Carbamazepina 200 mg/mL xarope frasco c/ 100 mL,frasco,"PDM: 4509 - Carbamazepina, Dosagem:200 MG",267618.0,Sim,
https://pncp.gov.br/api/pncp/v1/orgaos/76206473000101/compras/2024/7/itens,5,4517,BR0267621 CARBONATO DE LITIO  DOSAGEM 300 MG   CPR,COMPRIMIDO,"PDM: 4517 - Carbonato De Lítio, Dosagem:300 MG",267621.0,Sim,
https://pncp.gov.br/api/pncp/v1/orgaos/19770288000101/compras/2024/15/itens,3,4517,CARBONATO DE LÍTIO300 MG COM REV CT BL AL PLAS PVC TRANS X 60,CAIXA,"PDM: 4517 - Carbonato De Lítio, Dosagem:300 MG",267621.0,Sim,
https://pncp.gov.br/api/pncp/v1/orgaos/45739083000173/compras/2023/231/itens,6,4562,EXAME DE DIAGNÓSTICO LABORATORIAL DOSAGEM QUANTITATIVA DE CARNITINA PERFIL DE ACILCARNITINAS,SV,,,Não,
https://pncp.gov.br/api/pncp/v1/orgaos/04228734000183/compras/2023/42/itens,5366,4723,Cefazolina sódica - Dosagem: 1 g; Apresentação: pó para solução injetável.,1 - Unidade,"PDM: 4723 - Cefazolina Sódica, Concentração:1 G, Forma Farmaceutica:Pó P/ Solução Injetável",442693.0,Sim,
https://pncp.gov.br/api/pncp/v1/orgaos/11315213000129/compras/2024/18/itens,8,4730,CEFTAZIDIMA 1G PO PARA SOLUCAO INTRAVENOSO OU INTRAMUSCULAR,FRASCO,"PDM: 4730 - Ceftazidima, Concentração:1 G, Forma Farmaceutica:Pó P/ Solução Injetável",442694.0,Sim,
https://pncp.gov.br/api/pncp/v1/orgaos/44937365000112/compras/2024/47/itens,4,4803,CETOCONAZOL 20 MG CREM DERM BISG 30G - 13002491,UN,"PDM: 4803 - Cetoconazol, Dosagem:20 MG/G, Forma Farmacêutica:Creme Tópico",308736.0,Sim,
https://pncp.gov.br/api/pncp/v1/orgaos/46341038000129/compras/2024/28/itens,1,5070,"CLARITROMICINA 500MG, pó liofilizado para solução injetável intravenosa.",FRA,"PDM: 5070 - Claritromicina, Dosagem:500 MG, Apresentação:Injetável",268440.0,Sim,
https://pncp.gov.br/api/pncp/v1/orgaos/12247755000174/compras/2024/2/itens,7,5087,"Clonazepam 2,5mg/ml 20ml",Frasco,"PDM: 5087 - Clonazepam, Dosagem:2,5 MG/ML, Apresentação:Solução Oral- Gotas",270120.0,Sim,
https://pncp.gov.br/api/pncp/v1/orgaos/06997563000182/compras/2024/10/itens,5,5118,"Água sanitária líquida, alvejante germicida esterilizada, sem cloro, para retirar manchas. Composição química: hipoclorito de sódio, cloreto, teor cloro ativo varia de 2 a 2,50%, estabilizante, hidróxido de sódio e agua potável. Embalagem de 1 litro. Com 12 unidades.",CX,,,Não,
https://pncp.gov.br/api/pncp/v1/orgaos/88000906000157/compras/2023/251/itens,1,5118,"CLORETO DE SÓDIO 0,9% INJET. IV EMB. PRIMÁRIA ISENTA DE PVC SIST FECHADO 100ML


<p>Cloreto de Sódio 0,9% solução injetável IV em embalagem primária isenta de PVC, sis-tema fechado. Frasco de 100 ml.&nbsp;</p>",FRASCO (FRA),"PDM: 5118 - Cloreto De Sódio, Concentraçao:0,9 %, Forma Farmaceutica:Solução Injetável, Caracteristica Adicional:Sistema Fechado, Características Adicionais 1:Bolsa/Frasco Isento De Pvc",452796.0,Sim,
https://pncp.gov.br/api/pncp/v1/orgaos/76402882000183/compras/2024/30/itens,2,5118,"CLORETO DE SÓDIO, 0,9%_ SOLUÇÃO INJETÁVEL, SISTEMA FECHADO - BOLSA 1000 ML (BR0268236)",FRASCOS (FR),"PDM: 5118 - Cloreto De Sódio, Princípio Ativo:0,9%_ Solução Injetável, Aplicação:Sistema Fechado",268236.0,Sim,
https://pncp.gov.br/api/pncp/v1/orgaos/01005917000141/compras/2024/88/itens,6,5118,"PAO FRANCES 50 GR. (Produto obtido pelo amassamento e cozimento de massa preparada obrigatoriamente com farinha de trigo, sal (cloreto de sódio) e água, que se caracteriza por apresentar casca crocante de cor uniforme castanho-dourada e miolo de cor branco-creme. Devem estar livre de poeira, sujidades e danos (físicos químicos e biológicos). As embalagens deveram ser virgens, limpas e integras, em plástico transparente e atóxico (Ex: Embalagens de sacolão para verduras).",KG,,,Não,
https://pncp.gov.br/api/pncp/v1/orgaos/01613120000127/compras/2023/25/itens,4,5118,"SAL REFINADO: IODADO; COM GRANULAÇÃO UNIFORME E COM CRISTAIS BRANCOS, COM NO MÍNIMO DE 98,5% DE CLORETO DE SÓDIO E COM DOSAGEM DE SAIS DE IODO DE NO MÍNIMO 10MG E MÁXIMO DE 15MG DE IODO POR QUILO DE ACORDO COM A LEGISLAÇÃO FEDERAL ESPECÍFICA - EMBALAGEM 1KG. VALIDADE MÍNIMA DE 6 MESES DA ENTREGA.SIMILAR: ZIZO, DIANA, LEBRE",UNIDADE (UN),,,Não,
https://pncp.gov.br/api/pncp/v1/orgaos/08874935000109/compras/2024/61/itens,8,5130,AMBROXOL 15MG/5ML XPE CT FR VD AMB 120 ML + CP MED,Frasco,"PDM: 5130 - Ambroxol, Composição:Sal Cloridrato, Concentração:3 MG/ML, Forma Farmacêutica:Xarope",446264.0,Sim,
https://pncp.gov.br/api/pncp/v1/orgaos/45212008000150/compras/2024/1095/itens,1,5130,AMBROXOL 30 MG XAROPE ADULTO 120 ML,FRASCO,,,Em dúvida,Concentração não existe no CATMAT
https://pncp.gov.br/api/pncp/v1/orgaos/75793786000140/compras/2024/83/itens,2,5130,"AMBROXOL, COMPOSIÇÃO:SAL CLORIDRATO, CONCENTRAÇÃO:3 MG/ML, FORMA FARMACÊUTICA:XAROPE. FRASCO 120ML - BR 0446264",Unidade,"PDM: 5130 - Ambroxol, Composição:Sal Cloridrato, Concentração:3 MG/ML, Forma Farmacêutica:Xarope",446264.0,Sim,
https://pncp.gov.br/api/pncp/v1/orgaos/95587622000174/compras/2024/27/itens,4519948,5134,"AMITRIPTILINA CLORIDRATO, APRESENTAÇÃO: ASSOCIADA COM CLORDIAZEPÓXIDO, DOSAGEM: 12,5MG + 5MG.",CÁPSULA,"PDM: 5134 - Amitriptilina Cloridrato, Apresentação:Associada Com Clordiazepóxido, Dosagem:12,5mg + 5mg",276336.0,Sim,
https://pncp.gov.br/api/pncp/v1/orgaos/09680315000100/compras/2024/12/itens,1,5134,"Amitriptilina, cloridrato  Comprimido de 25mg",UN,"PDM: 5134 - Amitriptilina Cloridrato, Dosagem:25 MG",267512.0,Sim,
https://pncp.gov.br/api/pncp/v1/orgaos/14785598000186/compras/2022/3/itens,9,5145,"BUPROPIONA 300 MG, CLORIDRATO DE comprimidos revestidos de liberação prolongada",CP,"PDM: 5145 - Bupropiona Cloridrato, Concentração:300 MG, Características Adicionais:Liberação Prolongada",460987.0,Sim,
https://pncp.gov.br/api/pncp/v1/orgaos/46634341000110/compras/2024/15/itens,9,5207,Desvenlafaxina 50 mg,COMP.,"PDM: 5207 - Desvenlafaxina, Composição:Sal Succinato, Concentração:50 MG, Forma Farmacêutica:Liberação Controlada",405898.0,Sim,
https://pncp.gov.br/api/pncp/v1/orgaos/13183513000127/compras/2024/12/itens,8,5275,229	CLORPROMAZINA 100MG CP /,cp,"PDM: 5275 - Clorpromazina, Dosagem:100 MG",267638.0,Sim,
https://pncp.gov.br/api/pncp/v1/orgaos/82951310000156/compras/2023/23/itens,2,5400,"Materiais nao incorporaveis Divisoria modular, miolo tipo honey-comb, 33mm Divisória leve modular (instalada). Com espessura de 33mm, composta por painéis, perfis e peças de fixação. Os componentes estruturais são realizados através de guia inferior, guia superior, montante e travessa. Painel composto por miolo tipo honeycomb , que absorve os impactos distribuindo nos pontos de ligação da formação da colmeia. O requadro em madeira maciça tratada, confere estabilidade dimensional e leveza e revestimento. O acabamento em Eucaplac UV (chapa dura de fibras de madeira prensadas, pintada em cores lisas, protegida por resina de brilho mate) ou Formidur BP Plus (chapa dura de fibras de madeira prensadas, com acabamento em resina melamínica de baixa pressão), cor areia pérola Perfis em aço liga 1010/1020 ABNT zincado tipo B (massa de zinco depositada nas duas faces, conforme NBR 7008, cor areia pérola Perfis de aço perfilados, pintado em epóxi a pó eletrodeposição com camada mínima de 60 micra. Peças de fixação e acessórios em aço e podem ser perfiladas, dobradas ou estampadas, conforme utilização e a necessidade de resistência mecânica. Vidro incolor 4 mm, lapidado e polido com fixação em baguete de PVC para acabamento.",m²,,,Não,
https://pncp.gov.br/api/pncp/v1/orgaos/46200846000176/compras/2024/2820/itens,2,6143,"DEXAMETASONA 0,5MG",CAP,"PDM: 6143 - Dexametasona, Dosagem:0,5 MG",267644.0,Sim,
https://pncp.gov.br/api/pncp/v1/orgaos/45122603000102/compras/2024/262/itens,8,6150,DEXTRANA 1 MG MAIS HIPROMELOSE 3 MG ML SOLUÇAO OFTALMICA FRASCO 15 ML,FRA,"PDM: 6150 - Dextrana, Composição:Dextrana 70 Associada À Hipromelose, Concentração:0,1% + 0,3%, Forma Farmaceutica:Solução Oftálmica",396741.0,Sim,
https://pncp.gov.br/api/pncp/v1/orgaos/97761407000173/compras/2024/91/itens,8,6168,"DIAZEPAM, 10 MG.BR0267197.",comprimido,"PDM: 6168 - Diazepam, Dosagem:10 MG",267197.0,Sim,
https://pncp.gov.br/api/pncp/v1/orgaos/45780103000150/compras/2024/367/itens,7,6171,"Cota Principal    - DICLOFENACO SODICO  25 MG/ML, INJETAVEL 3 ML",AMPOLA,,,Em dúvida,Falta a forma de apresentação
https://pncp.gov.br/api/pncp/v1/orgaos/16695025000197/compras/2024/520/itens,3,6213,"DIMENIDRINATO + ASSOCIACOES - PRINCIPIO ATIVO (1): DIMENIDRINATO; PRINCIPIO ATIVO (2): PIRIDOXINA, CLORIDRATO; CONCENTRACAO/DOSAGEM: 50 MG + 50 MG; FOR",AMPOLA,"PDM: 6213 - Dimenidrinato, Apresentação:Associado Com Piridoxina Cloridrato, Dosagem:50mg + 50mg/Ml, Tipo Medicamento:Solução Injetável",272334.0,Sim,
https://pncp.gov.br/api/pncp/v1/orgaos/44544690000115/compras/2024/37/itens,8,6213,DIMENIDRINATO 3MG G   CLORIDRATO DE PIRIDOXINA 5MG G   GLICOSE 100MG ML   FRUTOSE 100MG ML SOLUCAO INJETAVEL   AMPOLA COM 10ML,AMPOLA,"PDM: 6213 - Dimenidrinato, Apresentação:Associado Com Piridoxina + Glicose + Frutose, Dosagem:3mg + 5mg + 100mg + 100mg/Ml, Tipo Medicamento:Solução Injetável",272336.0,Sim,
https://pncp.gov.br/api/pncp/v1/orgaos/75587204000170/compras/2023/261/itens,8,6240,"BECLOMETASONA DIPROPIONATO, APRESENTAÇÃO: SPRAY ORAL, DOSAGEM: 250 MCG/200DOSE FRASCO CÓD BR 0267581",FRASCO (FR),"PDM: 6240 - Beclometasona Dipropionato, Apresentação:Spray Oral, Dosagem:250mcg/Dose, Características Adicionais:Frasco Doseador Com Bocal Aerogador",267581.0,Sim,
https://pncp.gov.br/api/pncp/v1/orgaos/22678874000135/compras/2023/117/itens,7,6614,ADRENALINA  EPINEFRINA  1MG 1000 ML   437252,AMPOLA,"PDM: 6614 - Epinefrina, Dosagem:1mg/Ml, Uso:Solução Injetável",268255.0,Sim,
https://pncp.gov.br/api/pncp/v1/orgaos/44229821000170/compras/2024/13/itens,3906790,7243,"Luva tipo A para proteção das mãos contra agentes abrasivos, escoriantes, cortantes e perfurantes contra agentes térmicos, químicos (Nitrila, Parafinas, Cloradas, Enxofre e compostos orgânicos, aminas, ésteres, hidrocarbonetos saturados, bases inorgânicas, ácidos minerais inorgânicos, oxidantes, peróxidos e aldeídos.",PR,,,Não,
https://pncp.gov.br/api/pncp/v1/orgaos/87613519000123/compras/2024/32/itens,2,7498,"FINASTERIDA 5MG COMPRIMIDO, BLÍSTER DE 10A 30 CP, EMBALAGEM INDIVIDUAL EM CARTUCHO OU COM NO MÁXIMO 600 COMPRIMIDOS, EM EMBALAGEM PRIMÁRIA E SECUNDÁRIA, DE ACORDO COM A PUBLICAÇÃO DO REGISTRO NO MINISTÉRIO DA SAÚDE",CP,"PDM: 7498 - Finasterida, Concentração:5 MG",275963.0,Sim,
https://pncp.gov.br/api/pncp/v1/orgaos/45944428000120/compras/2024/21/itens,2,7644,FLUCONAZOL 150 MG - CAP,Capsula,"PDM: 7644 - Fluconazol, Dosagem:150 MG",267662.0,Sim,
https://pncp.gov.br/api/pncp/v1/orgaos/07954480000179/compras/2023/262/itens,4,7645,"FLUDARABINA (FOSFATO), 50MG, PO LIOFILIZADO PARA SOLUCAO INJETAVEL FRASCO AMPOLA, UNIDADE 1.0 FRASCO / AMPOLA",UNIDADE 1.0 FRASCO / AMPOLA ,"PDM: 7645 - Fludarabina Fosfato, Dosagem:50 Mg, Tipo Uso:Injetável",268509.0,Sim,
https://pncp.gov.br/api/pncp/v1/orgaos/45780103000150/compras/2024/479/itens,6,8000,"Cota Reservada - GLIBENCLAMIDA 5 MG, SULCADO",COMPRIMIDO,"PDM: 8000 - Glibenclamida, Dosagem:5 Mg",267671.0,Sim,
https://pncp.gov.br/api/pncp/v1/orgaos/45751435000106/compras/2024/101/itens,9,8007,"GLICOSE 5% + SÓDIO, CLORETO 0,9% 500ML, ESTÉRIL, ACONDICIONADA EM SISTEMA FECHADO LIVRE DE   PVC, BOLSA OU FRASCO, APRESENTANDO, DOIS SÍTIOS, UM PARA CONEXÃO DO EQUIPO, OUTRO PARA ADIÇÃO DE MEDICAMENTO AUTO-VEDANTE, LIVRE DE LÁTEX, COM GRADUAÇÃO IMPRESSA NA BOLSA, RÓTULO IMPRESSO CONTENDO TODAS AS INFORMAÇÕES REGULAMENTADAS PELA PORTARIA 500 DE 09/10/97 - SVS;",BFR,"PDM: 8007 - Glicose, Composição:Associada Ao Cloreto De Sódio, Concentraçao:5% + 0,9%, Forma Farmaceutica:Solução Injetável, Caracteristica Adicional:Sistema Fechado",366913.0,Sim,
https://pncp.gov.br/api/pncp/v1/orgaos/18312967000174/compras/2024/42/itens,3,8007,GLICOSIMETRO ACCU-CHEK ACTIVE APARELHO MEDIDOR DE GLICOSE,Unidade,,,Não,
https://pncp.gov.br/api/pncp/v1/orgaos/07616162000106/compras/2024/1/itens,5,8007,"Glicosímetro.

Especificação: Aparelho para medição da dosagem de glicose no sangue, ACESSÓRIOS: COM KIT DE 50 TIRAS, LANCETAS E LANCETADOR, bateria, Registro Anvisa vigente, acompanhar todos os acessórios necessários ao perfeito funcionamento do equipamento.

",Unidade,,,Não,
https://pncp.gov.br/api/pncp/v1/orgaos/18318618000160/compras/2024/87/itens,7,8007,"TIRA TESTE PARA A MEDICAO DE GLICEMIA ACCU-CHEKTIRA TESTE PARA A MEDICAO DE GLICEMIA ACCU-CHEKTIRA TESTE PARA A MEDICAO DE GLICEMIA NO MEDIDOR DE GLICOSE ACCU-CHEK ACTIVE. PERMITE A DOSAGEM DE GLICEMIA EM AMOSTRAS DE SANGUE VENOSO, CAPILAR, ARTERIAL E NEONATAL. INDICADA PARA AUTO-TESTE E USO PROFISSIONAL, COM RESULTADOS PRECISOS EM 5 SEGUNDOS. CAIXA CONTENDO 50 TIRAS TESTE E UM CHIP DE ATIVACAO.",UNIDADE,,,Não,
https://pncp.gov.br/api/pncp/v1/orgaos/03930106000182/compras/2023/85/itens,10,8200,"(ID-115408) HEPARINA SODICA, Forma Farmaceutica: solucao injetavel SC; Concentracao: 5.000Ul/0,25ml; Forma De Apresentacao: ampola com 0,25ml.",unidade,"PDM: 8200 - Heparina Sódica, Concentração:20.000 UI/ML, Forma Farmaceutica:Solução Injetável",448983.0,Sim,
https://pncp.gov.br/api/pncp/v1/orgaos/44573087000161/compras/2024/202/itens,5,8200,"HEPARINA SÓDICA 5.000UI - AMP. 0,25ML USO - SC",AMP,"PDM: 8200 - Heparina Sódica, Dosagem:5.000ui/Ml, Indicação:Injetável",272796.0,Sim,
https://pncp.gov.br/api/pncp/v1/orgaos/00509968000148/compras/2024/1993/itens,7,8200,"Heparina Sódica concentração: 20.000, forma farmaceutica: solução injetável",Ampola 0.25 ML,"PDM: 8200 - Heparina Sódica, Concentração:20.000 UI/ML, Forma Farmaceutica:Solução Injetável",448983.0,Sim,
https://pncp.gov.br/api/pncp/v1/orgaos/08948697000139/compras/2024/72/itens,6,8275,IBUPROFENO 100 MG/ML SUSPENSÃO ORAL,Unidade,"PDM: 8275 - Ibuprofeno, Dosagem:100 MG/ML, Forma Farmacêutica:Suspensão Oral",332755.0,Sim,
https://pncp.gov.br/api/pncp/v1/orgaos/08778268000160/compras/2024/304/itens,4,8287,"IMIPENEM, ASSOCIADO À CILASTATINA SÓDICA, 500 MG, PÓ LIÓFILO P/ INJETÁVEL",Fr-Amp,"PDM: 8287 - Imipenem, Composição:Associado À Cilastatina Sódica, Concentração:500 MG, Forma Farmaceutica:Pó Liófilo P/ Injetável",342258.0,Sim,
https://pncp.gov.br/api/pncp/v1/orgaos/11390042000100/compras/2024/1/itens,8,8322,REMOÇÃO DE ÓLEO DE SILICONE,Unidade,,,Não,
https://pncp.gov.br/api/pncp/v1/orgaos/45279635000108/compras/2023/417/itens,9,8428,"INSULINA ASPARTE 100UI/ML SOLUÇÃO INJETÁVEL TUBETE COM 3ML ***
JUDICIAL ***",Tubete,"PDM: 8428 - Insulina, Origem:Asparte Associada À Asparte Protamina, Concentração:30% + 70%, 100 UI/ML, Forma Farmaceutica:Solução Injetável",383688.0,Sim,
https://pncp.gov.br/api/pncp/v1/orgaos/46482865000132/compras/2024/42/itens,8,8428,INSULINA GLARGINA 100 UI/ML FRASCO COM 3ML,Frasco/Ampola,"PDM: 8428 - Insulina, Origem:Glargina, Dosagem:100ui/Ml, Aplicação:Injetável",273836.0,Sim,
https://pncp.gov.br/api/pncp/v1/orgaos/01375138000138/compras/2024/4/itens,4029144,8482,ATROVENT N BROMETO DE IPRATROPIO 20MCG FRASCO 20ML - ATROVENT N BROMETO DE IPRATROPIO 20MCG FRASCO 20ML,UN - UNIDADE,"PDM: 8482 - Ipratrópio Brometo, Dosagem:0,02mg/Dose, Uso:Aerossol + Frasco Dosificador",268332.0,Sim,
https://pncp.gov.br/api/pncp/v1/orgaos/92963560000160/compras/2024/368/itens,9,8605,"Lactulose 667 mg/ml, xarope, frasco com 120mL",Frasco,"PDM: 8605 - Lactulose, Concentração:667 MG/ML, Forma Farmaceutica:Xarope",383750.0,Sim,
https://pncp.gov.br/api/pncp/v1/orgaos/45751435000106/compras/2024/95/itens,1,8820,"ÁCIDO ACÉTICO 3%, SOLUÇÃO DE 100 ML

",FRS,"PDM: 8820 - Ácido Acético, Concentração:3%, Forma Farmacêutica:Solução Tópica, Característica Adicional:Formulação Especialmente Manipulada",473155.0,Sim,
https://pncp.gov.br/api/pncp/v1/orgaos/49868348000194/compras/2023/9/itens,3,8820,ÁCIDO ACÉTICO 5%,LITRO,"PDM: 8820 - Ácido Acético, Concentração:5%, Forma Farmacêutica:Solução Tópica, Característica Adicional:Formulação Especialmente Manipulada",428793.0,Sim,
https://pncp.gov.br/api/pncp/v1/orgaos/00488478000102/compras/2024/319/itens,1,8820,"Ácido Peracético composição: associado ao peróxido de hidrogênio e ác. acético, concentrações: 5% + 27% + 7%, forma fisica: solução aquosa ÁCIDO PERACÉTICO 0,2%",Litro,,,Em dúvida,Composição não existe no CATMAT
https://pncp.gov.br/api/pncp/v1/orgaos/27142058000126/compras/2024/348/itens,5,9702,"METOCLOPRAMIDA, CLORIDRATO, Concentração [mg]: 10, Forma farmacêutica: Comprimido",Comprimido,"PDM: 9702 - Metoclopramida Cloridrato, Dosagem:10 Mg",267312.0,Sim,
https://pncp.gov.br/api/pncp/v1/orgaos/45331196000135/compras/2024/161/itens,10,9712,"METRONIDAZOL 50 MG/5 G, CREME VAGINAL",TUBO,,,Em dúvida,Concentração não existe no CATMAT
https://pncp.gov.br/api/pncp/v1/orgaos/80673411000187/compras/2023/230/itens,9,9802,"Preparacoes oftalmologicas Mitomicina c 0,02%, 1 ml",Ampola,"PDM: 9802 - Mitomicina, Concentração:0,02%, Forma Farmaceutica:Solução Oftalmológica, Características Adicionais:Especialmente Manipulado",427991.0,Sim,
https://pncp.gov.br/api/pncp/v1/orgaos/01620744000171/compras/2024/7/itens,5,10094,POMADA NISTATINA +OXIDO ZINCO,Unidade,"PDM: 10094 - Nistatina, Apresentação:Associada Com Óxido De Zinco, Concentração:100.000ui + 200mg/G, Tipo Medicamento:Creme",279297.0,Sim,
https://pncp.gov.br/api/pncp/v1/orgaos/45279635000108/compras/2023/500/itens,8,10109,NITROFURANTOÍNA 100MG CÁPSULA,Capsula,"PDM: 10109 - Nitrofurantoína, Dosagem:100 MG",268273.0,Sim,
https://pncp.gov.br/api/pncp/v1/orgaos/45279635000108/compras/2023/65/itens,1,10161,OLANZAPINA 10MG *** JUDICIAL DEVE SER MARCA ZYPREXA® ***,Comprimido,"PDM: 10161 - Olanzapina, Dosagem:10 MG",271621.0,Sim,
https://pncp.gov.br/api/pncp/v1/orgaos/12008540000109/compras/2023/39/itens,2,10422,"Benzobromarona 100 mg, Paracetamol 200 mg, Hidroxicloroquina 200 mg, Famotidina 20 mg.",UN,,,Em dúvida,Composição não existe no CATMAT
https://pncp.gov.br/api/pncp/v1/orgaos/17747957000107/compras/2024/83/itens,7,11834,"APIXABANA 2,5 MG FORMA FARMACÊUTICA: COMPRIMIDO",UNIDADE,"PDM: 11834 - Apixabana, Concentração:2,5 MG",429847.0,Sim,
https://pncp.gov.br/api/pncp/v1/orgaos/76974823000180/compras/2023/22/itens,1037144,12315,"(BR0308882) SULFAMETOXAZOL, CONCENTRAÇÃO: ASSOCIADO À TRIMETOPRIMA, CONCENTRAÇÃO: 400MG+80MG, COMPRIMIDO",UNIDAD,"PDM: 12315 - Sulfametoxazol, Composição:Associado À Trimetoprima, Concentração:400mg + 80mg",308882.0,Sim,
https://pncp.gov.br/api/pncp/v1/orgaos/08109444000171/compras/2023/4/itens,4,12320,"AMICACINA, SULFATO 250MG/ML 2ML [Solucao injetavel]",AMPOLA,"PDM: 12320 - Amicacina Sulfato, Dosagem:250 MG/ML, Indicação:Solução Injetável",268381.0,Sim,
https://pncp.gov.br/api/pncp/v1/orgaos/46596151000155/compras/2024/1026/itens,5,12335,SULFATO DE MAGNESIO 10 ML,Ampola,,,Em dúvida,Concentração não existe no CATMAT
https://pncp.gov.br/api/pncp/v1/orgaos/02917132000108/compras/2024/17/itens,8,12727,"TIMOLOL MALEATO 5 MG/ML (0,5%) -5 ML SOLUÇÃO OFTÁLMICA",FRASCO,"PDM: 12727 - Timolol, Concentração:0,5%, Indicação:Solução Oftálmica",272581.0,Sim,
https://pncp.gov.br/api/pncp/v1/orgaos/27142058000126/compras/2024/155/itens,10,12759,"POLIVINILPIRROLIDONA, Iodo Ativo [%]: 1, Lauril Eter Sulfato de Sodio [%]: 25, Água Deionizada QSP [%]: 100, Solução Alcoólica [%]: 10, Apresentação: Almotolia Descartável, Conteúdo [ml]: 100",Frasco,"PDM: 12759 - Iodo, Apresentação:Tintura À 1%",279284.0,Sim,
https://pncp.gov.br/api/pncp/v1/orgaos/42498600000171/compras/2024/4393/itens,7,12815,"GRUPO FARMACOLOGICO: ANTICONVULSIVANTES, PRINCIPIO ATIVO: TOPIRAMATO, FORMA FARMACEUTICA: COMPRIMIDO REVESTIDO, CONCENTRACAO / DOSAGEM: 25, UNIDADE: MG, VOLUME: NAO APLICAVEL, APRESENTACAO: NAO APLICAVEL, ACESSORIO: NAO APLICAVEL",UN,"PDM: 12815 - Topiramato, Dosagem:25 MG",272849.0,Sim,
https://pncp.gov.br/api/pncp/v1/orgaos/27080530000143/compras/2024/1231/itens,1,13372,"Venlafaxina composição: sal cloridrato, concentração: 150",Cápsula,"PDM: 13372 - Venlafaxina, Composição:Sal Cloridrato, Concentração:150 MG",470429.0,Sim,
https://pncp.gov.br/api/pncp/v1/orgaos/07791947000107/compras/2023/36/itens,7,13679,ACIDO ZOLEDRONICO 5MG/100 ML,CX,"PDM: 13679 - Ácido Zoledrônico, Concentração:50 MCG/ML, Forma Farmaceutica:Solução Injetável",356051.0,Sim,
https://pncp.gov.br/api/pncp/v1/orgaos/11228564000100/compras/2023/142/itens,124064,13955,Polietilenoglicol (PEG) - Dosagem: 4000; Embalagem: sachê com 5 g; Preparo: manipulado.,Pt - 30 - Sac.,"PDM: 13955 - Polietilenoglicol, Composição:4000, Forma Farmacêutica:Pó Oral",485326.0,Sim,
https://pncp.gov.br/api/pncp/v1/orgaos/13806567000100/compras/2022/1/itens,5,14456,Acebrofilina – adulto 10mg/ml,Xarope,"PDM: 14456 - Acebrofilina, Concentração:10 MG/ML, Forma Farmaceutica:Xarope",448839.0,Sim,
https://pncp.gov.br/api/pncp/v1/orgaos/11889477000196/compras/2022/4/itens,1,14456,ACEBROFILINA 10 MG/ ML- FRASCO 120 ML,fra,"PDM: 14456 - Acebrofilina, Concentração:10 MG/ML, Forma Farmaceutica:Xarope",448839.0,Sim,
https://pncp.gov.br/api/pncp/v1/orgaos/64037815000128/compras/2024/33/itens,1,14456,Acebrofilina xarope 120 ml 25mg/5ml,FRASCO,"PDM: 14456 - Acebrofilina, Concentração:5 MG/ML, Forma Farmaceutica:Xarope",448838.0,Sim,
https://pncp.gov.br/api/pncp/v1/orgaos/45226214000119/compras/2024/160/itens,6,14520,"BISOPROLOL, FUMARATO 10MG COMPRIMIDOS REVESTIDOS",CP,"PDM: 14520 - Bisoprolol Fumarato, Concentraçao:10 MG",362721.0,Sim,
https://pncp.gov.br/api/pncp/v1/orgaos/88141460000180/compras/2023/24/itens,1,14550,MIRTAZAPINA 30MG C 28CP,CAIXA,"PDM: 14550 - Mirtazapina, Dosagem:30 Mg",294536.0,Sim,
https://pncp.gov.br/api/pncp/v1/orgaos/18338210000150/compras/2023/4/itens,7,14559,"Simeticona 75mg/ml, frasco com 15ml",Frasco,,,Em dúvida,Falta a forma de apresentação
https://pncp.gov.br/api/pncp/v1/orgaos/46200846000176/compras/2024/3494/itens,1,14707,BETAMESONA + GENTAMICINA POMADA,UN,,,Em dúvida,Composição não existe no CATMAT
https://pncp.gov.br/api/pncp/v1/orgaos/02917132000108/compras/2024/20/itens,8,14707,"GENTAMICINA, SULFATO SOLUÇÃO INJETÁVEL 80 MG - AMPOLA 2 ML",AMPOLA,"PDM: 14707 - Gentamicina, Dosagem:80 MG/ML, Aplicação:Solução Injetável",269759.0,Sim,
https://pncp.gov.br/api/pncp/v1/orgaos/05802877000110/compras/2024/35/itens,10,15286,DIVALPROATO DE SÓDIO 500MG (COM/ CÁP/DRG - CONFORME CONSTA NO EDITAL),Comprimido,"PDM: 15286 - Divalproato De Sódio, Dosagem:500 MG",272589.0,Sim,
https://pncp.gov.br/api/pncp/v1/orgaos/18240119000105/compras/2024/81/itens,1,15458,"VACINA ADSORVIDA MENINGOCÓCICA B  ( RECOMBINANTE) SUSPENSÃO INJETÁVEL, DISPONÍVEL EM SERINGA PREENCHIDA DE VIDRO TIPO I, COM ÊMBOLO E TAMPA PROTETORA DE BORRACHA, CONTENDO 01 DOSE DE 0,5 ML.",Dose,"PDM: 15458 - Vacina, Composição:Meningocócica B, Tipo:Recombinante, Forma Farmaceutica:Suspensão Injetável",453070.0,Sim,
https://pncp.gov.br/api/pncp/v1/orgaos/02056737000151/compras/2023/167/itens,1,15458,VACINA IMUNOTERAPIA ATIVADA PAF,UNID,,,Em dúvida,Falta o tipo de vacina
https://pncp.gov.br/api/pncp/v1/orgaos/46446696000185/compras/2024/47/itens,1,15458,VACINA V10 PARA CÃES - DOSE,DS,,,Em dúvida,Não consta no CATMAT
https://pncp.gov.br/api/pncp/v1/orgaos/15023989000126/compras/2024/134/itens,3,15458,"VISITA TÉCNICA PARA AVALIAÇÃO DO EQUIPAMENTO, LOCAL DE INSTALAÇÃO E USO, BEM COMO REALIZAÇÃO DE MANUTENÇÃO PREVENTIVA E LEVANTAMENTO DE NECESSIDADE DE PEÇAS PARA MANUTENÇÃO CORRETIVA.

BATERIA/MANUTENÇÃO/TEMPERATURA

CONSERVADORA DE VACINA BIOTECNO/BT.11 00/140

2022.0975",Serviços,,,Não,
https://pncp.gov.br/api/pncp/v1/orgaos/08926263000138/compras/2024/16/itens,9,16486,"ANESTÉSICO INJETÁVEL cloridrato de mepivacaína 2% com epinefrina (1.100.000), cada ml contendo 20mg de cloridrato de mepivacaina (36mg/carpule), 10 microgramas de epinefrina (18g/carpule), envasado em tubetes de vidro com êmbolos siliconizados. caixa com 50 tubetes cristal, com blister lacrados. embalagem individual contendo dados de identificação, procedência, número do registro na Anvisa e lote.",UNIDADE,"PDM: 16486 - Mepivacaína Cloridrato, Apresentação:Associada Com Epinefrina, Dosagem:2% + 1:100.000",269888.0,Sim,
https://pncp.gov.br/api/pncp/v1/orgaos/12998458000160/compras/2024/381/itens,1,17357,"CLOREXIDINA, DIGLUCONATO 0,2% - SOLUCAO AQUOSA - FRASCO COM 100 ML (ALMOTOLIA) CONTENDO DADOS DE IDENTIFICACAO, PROCEDENCIA, LOTE, DATA DE FABRICACAO E VALIDADE NA EMBALAGEM",FRASCO,"PDM: 17357 - Clorexidina Digluconato, Concentração:0,2%, Forma Farmacêutica:Colutório",341173.0,Sim,
https://pncp.gov.br/api/pncp/v1/orgaos/11337362000199/compras/2024/68/itens,2,17391,Codeína 30mg + Paracetamol 500mg comprimido.,U,,,Em dúvida,Composição não existe no CATMAT
https://pncp.gov.br/api/pncp/v1/orgaos/08761124000100/compras/2023/660/itens,2,17689,Quetiapina dosagem: 25,Comprimido,"PDM: 17689 - Quetiapina, Dosagem:25 MG",272831.0,Sim,
https://pncp.gov.br/api/pncp/v1/orgaos/03930106000182/compras/2024/24/itens,2,17767,"(ID-118703) FITOMENADIONA, Forma Farmaceutica: solucao injetavel (miscela mista), EV; Concentracao: 10mg/ml; Forma De Apresentacao: ampola com 1ml.",unidade,"PDM: 17767 - Fitomenadiona, Dosagem:10 MG/ML, Apresentação:Solução Injetável",292399.0,Sim,
https://pncp.gov.br/api/pncp/v1/orgaos/16692121000181/compras/2023/35/itens,6,17767,"FITOMENADIONA (VITAMINA K) 10 MGML, SOLUCAO INJETAVEL, AMPOLA 1 ML.",UN,"PDM: 17767 - Fitomenadiona, Dosagem:10 MG/ML, Apresentação:Solução Injetável",292399.0,Sim,
https://pncp.gov.br/api/pncp/v1/orgaos/01612470000179/compras/2024/82/itens,9,17807,"ANESTÉSICO LOCAL INJETÁVEL À BASE DE CLORIDRATO DE LIDOCAÍNA 2% COM EPINEFRINA 1:100.000. CAIXA COM 50  TUBETES DE 1,8 ML. CADA ML CONTENDO 20MG DE CLORIDRATO DE LIDOCAÍNA (36MG/CARPULE), 10 MICROGRAMAS DE EPINEFRINA BASE (18µG/CARPULE), ENVASADO EM TUBETES DE VIDRO COM ÊMBOLOS SILICONIZADOS COM QUALIDADE IGUAL OU SUPERIOR A DFL",Caixa,"PDM: 17807 - Lidocaína Cloridrato, Composição:Associada Com Epinefrina, Dosagem:2% + 1:100.000, Apresentação:Injetável",269851.0,Sim,
https://pncp.gov.br/api/pncp/v1/orgaos/45751435000106/compras/2024/4/itens,3,17813,"LEVODOPA 250 MG + CARBIDOPA 25 MG, COMPRIMIDOS",CPR,"PDM: 17813 - Levodopa, Composição:Associado À Carbidopa, Dosagem:250mg + 25mg",270130.0,Sim,
https://pncp.gov.br/api/pncp/v1/orgaos/12265468000197/compras/2024/13/itens,2,18063,"ADOÇANTE: dietético líquido; CARACTERÍSTICAS ADICIONAIS: Não contém glúten e calorias, água, sorbitol, edulcorantes artificiais: Ciclamato de sódio e sacarina sódica, conservantes: metilparabeno, benzoato de sódio, ácido cítrico, Registrado no Ministério da Agricultura; UNIDADE DE COMPRA: Embalagem com 100 ml; PRAZO DE VALIDADE: Mínimo de 12 meses.",Und. 100mls,,,Não,
https://pncp.gov.br/api/pncp/v1/orgaos/60448040000122/compras/2024/49/itens,9,18244,"Radiofármaco - Radioisótopo nome: 131i - iodeto de sódio, dosagem radioativa: 370 a 4810, apresentação: solução límpida, incolor, tipo uso: não injetável",Frasco-Ampola,"PDM: 18244 - Radiofármaco - Radioisótopo, Nome:131i - Iodeto De Sódio, Dosagem Radioativa:370 A 4810 MBQ/ML, Apresentação:Solução Límpida, Incolor, Tipo Uso:Não Injetável",283219.0,Sim,
https://pncp.gov.br/api/pncp/v1/orgaos/89848949000150/compras/2024/224/itens,1,18272,"ARIPIPRAZOL, 10 MG, COMPRIMIDO",COM,"PDM: 18272 - Aripiprazol, Concentração:10 MG",364780.0,Sim,
https://pncp.gov.br/api/pncp/v1/orgaos/08144784000133/compras/2024/91/itens,6,18272,Lote 58084 - ARIPIPRAZOL 15mg,Comprimido,"PDM: 18272 - Aripiprazol, Concentração:15 MG",284101.0,Sim,
https://pncp.gov.br/api/pncp/v1/orgaos/45279635000108/compras/2023/402/itens,4,18284,"TANSULOSINA, CLORIDRATO 0,4MG CÁPSULA LIBERAÇÃO PROLONGADA *** JUDICIAL ***",Comprimido,"PDM: 18284 - Tansulosina, Concentração:0,4 MG, Apresentação:Liberação Prolongada",285081.0,Sim,
https://pncp.gov.br/api/pncp/v1/orgaos/14105183000114/compras/2024/192/itens,3,18501,"Neonatologia COD:09.43.19.00100112-4 FORNECIMENTO DE NUTRICAO, parenteral manipulada para neonatologia contendo em sua formulação carboidratos aminoácidos pediátrico lipídeos vitaminas minerais oligoelementos pediátrico preparadas em conformidade com a portaria nº 272/1998 da ANVISA. Embalagem em bolsa contendo dados de identificação do produto marca da fabricante data de fabricação e prazo de validade.",UNID,,,Em dúvida,Não especifica a composição
https://pncp.gov.br/api/pncp/v1/orgaos/92324706000127/compras/2023/279/itens,5,18630,Duloxetina 30mg.,COMPRIMIDO,"PDM: 18630 - Duloxetina, Concentração:30 MG, Forma Farmacêutica:Microgrânulos De Liberação Lenta",302442.0,Sim,
https://pncp.gov.br/api/pncp/v1/orgaos/75771212000171/compras/2024/43/itens,8,18630,duloxetina 45 mg,CPS,,,Em dúvida,Dosagem não existe no CATMAT
https://pncp.gov.br/api/pncp/v1/orgaos/02385669000174/compras/2024/1011/itens,1,19149,"IMIQUIMODE





IXIUM (IMIQUIMODE) - CAIXA C/12 SACHÊS 250MG


",UN,"PDM: 19149 - Imiquimode, Concentração:50 MG/G, Forma Farmacêutica:Creme",350613.0,Sim,
https://pncp.gov.br/api/pncp/v1/orgaos/18602060000140/compras/2024/73/itens,4474592,19399,OPDIVO NIVOLUMABE 40 MG,FRASCO/AMPOLA,,,Em dúvida,Concentração não existe no CATMAT
https://pncp.gov.br/api/pncp/v1/orgaos/03507415000225/compras/2023/104/itens,12545,19654,DUPILUMABE 150MG/ML SOLUÇÃO INJETÁVEL EM SERINGA PREENCHIDA COM 2ML.,SR,"PDM: 19654 - Dupilumabe, Concentração:150 MG/ML, Forma Farmacêutica:Solução Injetável, Adicional:Seringa Preenchida",455337.0,Sim,
https://pncp.gov.br/api/pncp/v1/orgaos/03507415000225/compras/2024/91/itens,15609,19799,"CABOZANTINIBE, LEVOMALATO 60 MG, COMPRIMIDO.",COMPRIMIDO,"PDM: 19799 - Cabozantinibe, Composição:Levomalato, Concentração:60 MG",464682.0,Sim,
https://pncp.gov.br/api/pncp/v1/orgaos/00394452000103/compras/2023/4591/itens,1,19967,Vitamina B12,Ampola 1 ML,,,Em dúvida,Falta a concentração
https://pncp.gov.br/api/pncp/v1/orgaos/18241745000108/compras/2023/3/itens,7,30049,PROTEÍNA C REATIVA - MÉTODO IMUNOTURBIDIMÉTRICO COM LÁTEX Proteína C Reativa - método imunoturbidimétrico com látex para a determinação quantitativa de Proteína C reativa em soro ou plasma. Faixa de medição mínima: 0.2 - 100 mg/l. volume mínimo 60 ml (utilização em aparelho automatizado CM 250 - Wiener),KT,"PDM: 30049 - Proteína C, Composição:Humana, Concentração:100 UI/ML, Forma Farmacêutica:Injetável",600691.0,Sim,
https://pncp.gov.br/api/pncp/v1/orgaos/03517102000177/compras/2023/106/itens,370763,30101,"Tezepelumabe - Dosagem: 210 mg; Apresentação: solução injetável; Embalagem: 1 caneta aplicadora contendo 1,91 ml.",1 - Un.,,,Em dúvida,Concentração não existe no CATMAT
