marca_possivel,marca_normalizada,categorias_nao_genericas,laboratorios,quantidade_apresentacoes,tambem_aparece_como_generico
A SAÚDE DA MULHER,A SAUDE DA MULHER,Novo,EMS S/A,1,nao
AAS,AAS,Similar,COSMED INDUSTRIA DE COSMETICOS E MEDICAMENTOS S.A. | SANOFI MEDLEY FARMACÊUTICA LTDA.,6,nao
AAS PROTECT,AAS PROTECT,Similar,COSMED INDUSTRIA DE COSMETICOS E MEDICAMENTOS S.A. | SANOFI MEDLEY FARMACÊUTICA LTDA.,2,nao
ABC,ABC,Similar,KLEY HERTZ FARMACEUTICA S.A,2,nao
ABCLER ABNAT,ABCLER ABNAT,Específico,AIRELA INDÚSTRIA FARMACÊUTICA LTDA.,1,nao
ABELCET,ABELCET,Novo,TEVA FARMACÊUTICA LTDA.,1,nao
ABERALGINA,ABERALGINA,Similar,AIRELA INDÚSTRIA FARMACÊUTICA LTDA.,4,nao
ABEVMY,ABEVMY,Biológico,BIOCON BIOLOGICS DO BRASIL LTDA,2,nao
ABLOK,ABLOK,Similar,BIOLAB SANUS FARMACEUTICA LTDA,3,nao
ABLOK PLUS,ABLOK PLUS,Similar,BIOLAB SANUS FARMACEUTICA LTDA,7,nao
ABMETHA,ABMETHA,Similar,CRISTÁLIA PRODUTOS QUÍMICOS FARMACÊUTICOS LTDA.,1,nao
ABRAXANE,ABRAXANE,Novo,UNITED MEDICAL LTDA,1,nao
ABRETIA,ABRETIA,Similar,FARMOQUÍMICA S/A,2,nao
ABRIFIT,ABRIFIT,Fitoterápico,GEOLAB INDÚSTRIA FARMACÊUTICA S/A,1,nao
ABRILAR,ABRILAR,Fitoterápico,FARMOQUÍMICA S/A,3,nao
ABRYSVO,ABRYSVO,Biológico,PFIZER BRASIL LTDA,4,nao
ACECLO-GRAN,ACECLO GRAN,Similar,LEGRAND PHARMA INDUSTRIA FARMACEUTICA LTDA,1,nao
ACEFLOR,ACEFLOR,Similar,MULTILAB INDUSTRIA E COMERCIO DE PRODUTOS FARMACEUTICOS LTDA,8,nao
ACERATUM,ACERATUM,Similar,CELLERA FARMACEUTICA S.A.,1,nao
ACERTALIX,ACERTALIX,Novo,LABORATORIOS SERVIER DO BRASIL LTDA,4,nao
ACERTANLO,ACERTANLO,Novo,LABORATORIOS SERVIER DO BRASIL LTDA,6,nao
ACERTIL,ACERTIL,Novo,LABORATORIOS SERVIER DO BRASIL LTDA,6,nao
ACESYL,ACESYL,Específico,VASCONCELOS INDUSTRIA FARMACEUTICA E COMERCIO LTDA,2,nao
ACETATO DE SÓDIO,ACETATO DE SODIO,Específico,VASCONCELOS INDUSTRIA FARMACEUTICA E COMERCIO LTDA,4,nao
"ACETATO DE ZINCO 0,5 MEQ/ML",ACETATO DE ZINCO 0 5 MEQ ML,Específico,VASCONCELOS INDUSTRIA FARMACEUTICA E COMERCIO LTDA,1,nao
ACETICIL,ACETICIL,Similar,CAZI QUIMICA FARMACEUTICA INDUSTRIA E COMERCIO LTDA,2,nao
ACEZO,ACEZO,Similar,CRISTÁLIA PRODUTOS QUÍMICOS FARMACÊUTICOS LTDA.,1,nao
ACFOL,ACFOL,Específico,CAZI QUIMICA FARMACEUTICA INDUSTRIA E COMERCIO LTDA,3,nao
ACHEFLAN,ACHEFLAN,Fitoterápico,ACHÉ LABORATÓRIOS FARMACÊUTICOS S.A,3,nao
ACICLOR,ACICLOR,Similar,KLEY HERTZ FARMACEUTICA S.A,1,nao
ÁCIDO ASCÓRBICO HYPOFARMA,ACIDO ASCORBICO HYPOFARMA,Específico,HYPOFARMA - INSTITUTO DE HYPODERMIA E FARMÁCIA LTDA,1,nao
ACIVIRAX,ACIVIRAX,Similar,CIFARMA CIENTÍFICA FARMACÊUTICA LTDA,2,nao
ACLASTA,ACLASTA,Novo,SANDOZ DO BRASIL INDÚSTRIA FARMACÊUTICA LTDA,1,nao
ACNASE,ACNASE,Similar,BIOLAB SANUS FARMACEUTICA LTDA,1,nao
ACNOVA,ACNOVA,Similar,GERMED FARMACEUTICA LTDA,2,nao
ACOG,ACOG,Similar,TORRENT DO BRASIL LTDA,6,nao
ACSISA,ACSISA,Similar,PRATI DONADUZZI & CIA LTDA,1,nao
ACTEMRA,ACTEMRA,Biológico,PRODUTOS ROCHE QUÍMICOS E FARMACÊUTICOS S.A.,4,nao
ACTFIO,ACTFIO,Similar,BRAINFARMA INDÚSTRIA QUÍMICA E FARMACÊUTICA S.A,2,nao
ACTIFEDRIN,ACTIFEDRIN,Novo,FARMOQUÍMICA S/A,2,nao
ACTILYSE,ACTILYSE,Novo,BOEHRINGER INGELHEIM DO BRASIL QUIMICA E FARMACEUTICA LTDA.,3,nao
ACTIVE PLUS,ACTIVE PLUS,Fitoterápico,MAKROFARMA QUIMICA FARMACEUTICA LTDA,2,nao
ACTONEL,ACTONEL,Novo,FARMA VISION IMPORTACAO E EXPORTACAO DE MEDICAMENTOS LTDA | THERAMEX FARMACEUTICA LTDA.,4,nao
ACU FRESH,ACU FRESH,Específico,GEOLAB INDÚSTRIA FARMACÊUTICA S/A,1,nao
ACU FRESH G,ACU FRESH G,Específico,GEOLAB INDÚSTRIA FARMACÊUTICA S/A,2,nao
ACULAR,ACULAR,Novo,ALLERGAN PRODUTOS FARMACÊUTICOS LTDA,3,nao
AD FURP,AD FURP,Específico,FUNDAÇÃO PARA O REMÉDIO POPULAR - FURP,2,nao
AD-MUC,AD MUC,Fitoterápico,BIOLAB SANUS FARMACEUTICA LTDA,1,nao
AD SORO,AD SORO,Similar,CIFARMA CIENTÍFICA FARMACÊUTICA LTDA,1,nao
AD-TIL,AD TIL,Específico,COSMED INDUSTRIA DE COSMETICOS E MEDICAMENTOS S.A. | TAKEDA PHARMA LTDA.,3,nao
AD-VITAM,AD VITAM,Específico,NATULAB LABORATORIO S.A,2,nao
ADACEL,ADACEL,Biológico,SANOFI MEDLEY FARMACÊUTICA LTDA.,1,nao
ADACNE,ADACNE,Similar,COSMED INDUSTRIA DE COSMETICOS E MEDICAMENTOS S.A.,1,nao
ADACNE CLIN,ADACNE CLIN,Novo,GLENMARK FARMACÊUTICA LTDA,1,nao
ADACNE PEROX,ADACNE PEROX,Similar,COSMED INDUSTRIA DE COSMETICOS E MEDICAMENTOS S.A.,3,nao
ADAZO,ADAZO,Similar,LIBBS FARMACÊUTICA LTDA,4,nao
ADCETRIS,ADCETRIS,Biológico,TAKEDA PHARMA LTDA.,1,nao
ADDAVEN,ADDAVEN,Específico,FRESENIUS KABI BRASIL LTDA,1,nao
ADDERA D3,ADDERA D3,Específico,COSMED INDUSTRIA DE COSMETICOS E MEDICAMENTOS S.A.,28,nao
ADEFORTE,ADEFORTE,Específico,LABORATÓRIO GROSS S. A.,3,nao
ADEMPAS®,ADEMPAS,Novo,BAYER S.A.,5,nao
ADILOZ,ADILOZ,Similar,EMS S/A,1,nao
ADINOS,ADINOS,Novo,ACHÉ LABORATÓRIOS FARMACÊUTICOS S.A,2,nao
ADINOS GEN,ADINOS GEN,Novo,ACHÉ LABORATÓRIOS FARMACÊUTICOS S.A,4,nao
ADIPEPT,ADIPEPT,Similar,ACHÉ LABORATÓRIOS FARMACÊUTICOS S.A,8,nao
ADLYV,ADLYV,Similar,PHARLAB INDÚSTRIA FARMACÊUTICA S.A.,2,nao
ADOLESS,ADOLESS,Similar,FARMOQUÍMICA S/A,2,nao
ADORLAN,ADORLAN,Novo,GRÜNENTHAL DO BRASIL FARMACÊUTICA LTDA.,4,nao
ADREN,ADREN,Similar,HIPOLABOR FARMACEUTICA LTDA,1,nao
ADREN PED,ADREN PED,Novo,HIPOLABOR FARMACEUTICA LTDA,1,nao
ADVANTAN,ADVANTAN,Novo,LEO PHARMA LTDA,3,nao
ADVATE,ADVATE,Biológico,TAKEDA PHARMA LTDA.,4,nao
ADVIL,ADVIL,Similar,GLAXOSMITHKLINE BRASIL LTDA | PF CONSUMER HEALTHCARE BRAZIL IMPORTADORA E DISTRIBUIDORA DE MEDICAMENTOS LTDA,18,nao
ADVIL 12H,ADVIL 12H,Novo,GLAXOSMITHKLINE BRASIL LTDA | PF CONSUMER HEALTHCARE BRAZIL IMPORTADORA E DISTRIBUIDORA DE MEDICAMENTOS LTDA,6,nao
ADVIPRO,ADVIPRO,Similar,PF CONSUMER HEALTHCARE BRAZIL IMPORTADORA E DISTRIBUIDORA DE MEDICAMENTOS LTDA,3,nao
ADZYNMA,ADZYNMA,Biológico,TAKEDA PHARMA LTDA.,2,nao
AERODINI,AERODINI,Similar,LABORATORIO TEUTO BRASILEIRO S/A,1,nao
AEROFRIN,AEROFRIN,Similar,PHARMASCIENCE INDUSTRIA FARMACEUTICA S.A,1,nao
AEROGOLD,AEROGOLD,Similar,GLENMARK FARMACÊUTICA LTDA,2,nao
AEROLIN,AEROLIN,Novo,GLAXOSMITHKLINE BRASIL LTDA,2,nao
AFAX,AFAX,Similar,PRATI DONADUZZI & CIA LTDA,6,nao
AFECSO,AFECSO,Similar,VITAMEDIC INDUSTRIA FARMACEUTICA LTDA,2,nao
AFETUS,AFETUS,Similar,EUROFARMA LABORATORIOS S.A.,7,nao
AFINITOR,AFINITOR,Novo,NOVARTIS BIOCIENCIAS S.A,3,nao
AFLUV,AFLUV,Similar,EUROFARMA LABORATORIOS S.A.,2,nao
AFOLIC,AFOLIC,Específico,NATULAB LABORATORIO S.A,2,nao
AFOLIC INFANTIL,AFOLIC INFANTIL,Específico,NATULAB LABORATORIO S.A,1,nao
AFOPIC,AFOPIC,Específico,LABORATORIO TEUTO BRASILEIRO S/A,1,nao
AFRAT,AFRAT,Similar,CRISTÁLIA PRODUTOS QUÍMICOS FARMACÊUTICOS LTDA.,1,nao
AFREZZA,AFREZZA,Biológico,BIOMM SA,6,nao
AFSTYLA,AFSTYLA,Biológico,CSL BEHRING COMÉRCIO DE PRODUTOS FARMACÊUTICOS LTDA,5,nao
AFTINE,AFTINE,Similar,CIFARMA CIENTÍFICA FARMACÊUTICA LTDA,1,nao
AGATHA,AGATHA,Similar,PFIZER BRASIL LTDA,3,nao
AGIIGRIP DUO,AGIIGRIP DUO,Similar,PHARLAB INDÚSTRIA FARMACÊUTICA S.A.,3,nao
AGIIXPEC,AGIIXPEC,Similar,PHARLAB INDÚSTRIA FARMACÊUTICA S.A.,2,nao
AGIOLAX,AGIOLAX,Fitoterápico,VIATRIS FARMACEUTICA DO BRASIL LTDA,2,nao
AGLITIL,AGLITIL,Similar,MULTILAB INDUSTRIA E COMERCIO DE PRODUTOS FARMACEUTICOS LTDA,8,nao
AGLUCOSE,AGLUCOSE,Similar,EMS SIGMA PHARMA LTDA,2,nao
AGOXOM,AGOXOM,Similar,LABORATORIOS SERVIER DO BRASIL LTDA,3,nao
AGRASTAT,AGRASTAT,Novo,ASPEN PHARMA INDÚSTRIA FARMACÊUTICA LTDA,1,nao
AGRYLIN,AGRYLIN,Novo,TAKEDA PHARMA LTDA.,1,nao
ÁGUA ESTÉRIL BAXTER,AGUA ESTERIL BAXTER,Específico,BAXTER HOSPITALAR LTDA,1,nao
ÁGUA ESTÉRIL PARA INJETÁVEIS BEKER,AGUA ESTERIL PARA INJETAVEIS BEKER,Específico,BEKER PRODUTOS FARMACO HOSPITALARES LTDA,6,nao
AGUA PARA INJEÇÃO,AGUA PARA INJECAO,Específico,EQUIPLEX INDÚSTRIA FARMACÊUTICA LTDA | FRESENIUS KABI BRASIL LTDA | HALEX ISTAR INDUSTRIA FARMACEUTICA SA | JP INDUSTRIA FARMACEUTICA S/A,47,nao
ÁGUA PARA INJEÇÃO B. BRAUN,AGUA PARA INJECAO B BRAUN,Específico,LABORATORIOS B. BRAUN S/A,7,nao
ÁGUA PARA INJETÁVEIS,AGUA PARA INJETAVEIS,Específico,EQUIPLEX INDÚSTRIA FARMACÊUTICA LTDA | EUROFARMA LABORATORIOS S.A. | FARMA VISION IMPORTACAO E EXPORTACAO DE MEDICAMENTOS LTDA | FARMARIN INDUSTRIA E COMERCIO LTDA | SAMTEC BIOTECNOLOGIA LIMITADA | SANTISA LABORATÓRIO FARMACÊUTICO S/A,19,nao
ÁGUA PARA IRRIGAÇÃO,AGUA PARA IRRIGACAO,Específico,JP INDUSTRIA FARMACEUTICA S/A,1,nao
AGUD,AGUD,Similar,BIOLAB SANUS FARMACEUTICA LTDA,2,nao
AH-ZUL,AH ZUL,Similar,LEGRAND PHARMA INDUSTRIA FARMACEUTICA LTDA,8,nao
AILUK,AILUK,Similar,GLENMARK FARMACÊUTICA LTDA,3,nao
AIPRI,AIPRI,Similar,COSMED INDUSTRIA DE COSMETICOS E MEDICAMENTOS S.A.,2,nao
AIR SALONPAS,AIR SALONPAS,Específico,HISAMITSU FARMACÊUTICA DO BRASIL LTDA,1,nao
AIRES,AIRES,Similar,EUROFARMA LABORATORIOS S.A.,3,nao
AJOVY,AJOVY,Biológico,TEVA FARMACÊUTICA LTDA.,1,nao
AKINETON,AKINETON,Novo,LABORATÓRIOS BAGÓ DO BRASIL S/A,2,nao
AKLIEF,AKLIEF,Novo,GALDERMA BRASIL LTDA,2,nao
AKYNZEO,AKYNZEO,Novo,UNITED MEDICAL LTDA,1,nao
ALANDRE,ALANDRE,Similar,LEGRAND PHARMA INDUSTRIA FARMACEUTICA LTDA,4,nao
ALBEL,ALBEL,Similar,GEOLAB INDÚSTRIA FARMACÊUTICA S/A,5,nao
ALBENTEL,ALBENTEL,Similar,LABORATORIO TEUTO BRASILEIRO S/A,1,nao
ALBIOMIN,ALBIOMIN,Biológico,GRIFOLS BRASIL LTDA,2,nao
ALBIOPLAS,ALBIOPLAS,Biológico,ASP-FARMACÊUTICA LTDA,1,nao
ALBISTIN,ALBISTIN,Similar,CAZI QUIMICA FARMACEUTICA INDUSTRIA E COMERCIO LTDA,3,nao
ALBOCRESIL,ALBOCRESIL,Novo,COSMED INDUSTRIA DE COSMETICOS E MEDICAMENTOS S.A.,3,nao
ALBUMAX,ALBUMAX,Similar,BLAU FARMACEUTICA S.A.,4,nao
ALBUMINA HUMANA GRIFOLS,ALBUMINA HUMANA GRIFOLS,Novo,GRIFOLS BRASIL LTDA,5,nao
ALBUMINA HUMANA HEMOBRÁS,ALBUMINA HUMANA HEMOBRAS,Novo,EMPRESA BRASILEIRA DE HEMODERIVADOS E BIOTECNOLOGIA,2,nao
ALBUMINA SÉRICA HUMANA NORMAL,ALBUMINA SERICA HUMANA NORMAL,Biológico,TAKEDA PHARMA LTDA.,2,nao
ALBUREX 20,ALBUREX 20,Biológico,CSL BEHRING COMÉRCIO DE PRODUTOS FARMACÊUTICOS LTDA,1,nao
ALCACHOFRA ASPEN PHARMA,ALCACHOFRA ASPEN PHARMA,Fitoterápico,ASPEN PHARMA INDÚSTRIA FARMACÊUTICA LTDA,3,nao
ALCACHOFRA  HERBARIUM,ALCACHOFRA HERBARIUM,Fitoterápico,HERBARIUM LABORATORIO BOTANICO LTDA,1,nao
ALCACHOFRA MULTILAB,ALCACHOFRA MULTILAB,Fitoterápico,MULTILAB INDUSTRIA E COMERCIO DE PRODUTOS FARMACEUTICOS LTDA,3,nao
ALCACHOFRA NATULAB,ALCACHOFRA NATULAB,Fitoterápico,NATULAB LABORATORIO S.A,1,nao
ALCACHOFRA VIDORA,ALCACHOFRA VIDORA,Fitoterápico,VIDORA FARMACEUTICA LTDA,1,nao
ALCACHOFRAX,ALCACHOFRAX,Fitoterápico,LABORATORIO CATARINENSE LTDA,2,nao
ALCYTAM,ALCYTAM,Similar,TORRENT DO BRASIL LTDA,2,nao
ALDACTONE,ALDACTONE,Novo,PFIZER BRASIL LTDA,3,nao
ALDAZIDA,ALDAZIDA,Novo,PFIZER BRASIL LTDA,1,nao
ALDIJET,ALDIJET,Similar,SUPERA FARMA LABORATÓRIOS S.A,1,nao
ALDOMET,ALDOMET,Novo,ASPEN PHARMA INDÚSTRIA FARMACÊUTICA LTDA,2,nao
ALDURAZYME,ALDURAZYME,Biológico,SANOFI MEDLEY FARMACÊUTICA LTDA.,1,nao
ALECENSA,ALECENSA,Novo,PRODUTOS ROCHE QUÍMICOS E FARMACÊUTICOS S.A.,1,nao
ALEKTOS,ALEKTOS,Novo,COSMED INDUSTRIA DE COSMETICOS E MEDICAMENTOS S.A.,4,nao
ALEKTOS PED,ALEKTOS PED,Novo,COSMED INDUSTRIA DE COSMETICOS E MEDICAMENTOS S.A.,2,nao
ALENDIL,ALENDIL,Similar,FARMOQUÍMICA S/A,2,nao
ALENDIL CÁLCIO D,ALENDIL CALCIO D,Novo,FARMOQUÍMICA S/A,2,nao
ALENIA,ALENIA,Novo,ACHÉ LABORATÓRIOS FARMACÊUTICOS S.A,9,nao
ALENTHUS XR,ALENTHUS XR,Similar,ACHÉ LABORATÓRIOS FARMACÊUTICOS S.A | SANOFI MEDLEY FARMACÊUTICA LTDA.,6,nao
ALER,ALER,Similar,KYMBERG FARMACEUTICA DO BRASIL LTDA,3,nao
ALERADINA,ALERADINA,Similar,GERMED FARMACEUTICA LTDA,5,nao
ALERFIN,ALERFIN,Similar,CHIESI FARMACÊUTICA LTDA,1,nao
ALERGALIV,ALERGALIV,Similar,LEGRAND PHARMA INDUSTRIA FARMACEUTICA LTDA,3,nao
ALERGIDEX,ALERGIDEX,Similar,BRAINFARMA INDÚSTRIA QUÍMICA E FARMACÊUTICA S.A,1,nao
ALERGOMINE,ALERGOMINE,Similar,CIMED INDUSTRIA S.A,3,nao
ALEVO,ALEVO,Similar,SUPERA FARMA LABORATÓRIOS S.A,5,nao
ALFAEPOETINA,ALFAEPOETINA,Biológico,BLAU FARMACEUTICA S.A. | FUNDACAO OSWALDO CRUZ,37,nao
ALFAINTERFERONA 2B,ALFAINTERFERONA 2B,Biológico,FUNDACAO OSWALDO CRUZ,3,nao
ALFAINTERFERONA 2B (RECOMBINANTE),ALFAINTERFERONA 2B RECOMBINANTE,Novo,ACHÉ LABORATÓRIOS FARMACÊUTICOS S.A,3,nao
ALFAST,ALFAST,Similar,CRISTÁLIA PRODUTOS QUÍMICOS FARMACÊUTICOS LTDA.,3,nao
ALGICOD,ALGICOD,Similar,EUROFARMA LABORATORIOS S.A.,3,nao
ALGIE,ALGIE,Similar,EUROFARMA LABORATORIOS S.A.,2,nao
ALGILIVE,ALGILIVE,Similar,ACHÉ LABORATÓRIOS FARMACÊUTICOS S.A,12,nao
ALGINAC,ALGINAC,Novo,PROCTER & GAMBLE DO BRASIL LTDA,4,nao
ALGY-FLANDERIL,ALGY FLANDERIL,Similar,VITAMEDIC INDUSTRIA FARMACEUTICA LTDA,6,nao
ALGY-FLANDERIL CAPS,ALGY FLANDERIL CAPS,Similar,VITAMEDIC INDUSTRIA FARMACEUTICA LTDA,1,nao
ALGY GOTAS,ALGY GOTAS,Similar,VITAMEDIC INDUSTRIA FARMACEUTICA LTDA,1,nao
ALHEMO®,ALHEMO,Biológico,NOVO NORDISK FARMACÊUTICA DO BRASIL LTDA,4,nao
ALICURA,ALICURA,Similar,LABORATORIO CATARINENSE LTDA,1,nao
ALIMAX,ALIMAX,Biológico,CRISTÁLIA PRODUTOS QUÍMICOS FARMACÊUTICOS LTDA.,1,nao
ALIMTA,ALIMTA,Novo,ELI LILLY DO BRASIL LTDA,2,nao
ALIVBABY,ALIVBABY,Similar,CAZI QUIMICA FARMACEUTICA INDUSTRIA E COMERCIO LTDA,2,nao
ALIVETORE,ALIVETORE,Similar,ABBOTT LABORATORIOS DO BRASIL LTDA,8,nao
ALIVIOL,ALIVIOL,Específico,CIFARMA CIENTÍFICA FARMACÊUTICA LTDA,1,nao
ALIVIUM,ALIVIUM,Novo | Similar,COSMED INDUSTRIA DE COSMETICOS E MEDICAMENTOS S.A.,12,nao
ALKERAN,ALKERAN,Novo,ASPEN PHARMA INDÚSTRIA FARMACÊUTICA LTDA,2,nao
ALLEGRA,ALLEGRA,Novo,OPELLA HEALTHCARE BRAZIL LTDA,12,nao
ALLEGRA D,ALLEGRA D,Novo,OPELLA HEALTHCARE BRAZIL LTDA,1,nao
ALLENASAL,ALLENASAL,Similar,OPELLA HEALTHCARE BRAZIL LTDA,1,nao
ALLEP,ALLEP,Similar,BRAINFARMA INDÚSTRIA QUÍMICA E FARMACÊUTICA S.A,2,nao
ALLESTRA,ALLESTRA,Similar,ACHÉ LABORATÓRIOS FARMACÊUTICOS S.A,6,nao
ALLESTRA CONTI,ALLESTRA CONTI,Similar,ACHÉ LABORATÓRIOS FARMACÊUTICOS S.A,2,nao
ALLEXOFEDRIN,ALLEXOFEDRIN,Similar,EMS S/A,2,nao
ALLEXOFEDRIN D,ALLEXOFEDRIN D,Similar,EMS S/A,1,nao
ALLEXOFEDRIN PEDIÁTRICO,ALLEXOFEDRIN PEDIATRICO,Similar,EMS S/A,2,nao
ALLOVITA,ALLOVITA,Similar,LEGRAND PHARMA INDUSTRIA FARMACEUTICA LTDA,7,nao
ALLURENE,ALLURENE,Novo,BAYER S.A.,1,nao
ALOFF,ALOFF,Similar,EUROFARMA LABORATORIOS S.A.,1,nao
ALOFF XPE,ALOFF XPE,Similar,EUROFARMA LABORATORIOS S.A.,2,nao
ALOIS,ALOIS,Novo | Similar,APSEN FARMACEUTICA S/A,9,nao
ALOIS DUO,ALOIS DUO,Similar,APSEN FARMACEUTICA S/A,5,nao
ALOIS DUO PACK,ALOIS DUO PACK,Novo,APSEN FARMACEUTICA S/A,1,nao
ALOXIDIL,ALOXIDIL,Similar,THERASKIN FARMACEUTICA LTDA.,6,nao
ALOZEX,ALOZEX,Similar,BIOLAB SANUS FARMACEUTICA LTDA,1,nao
ALPES XL,ALPES XL,Similar,SUPERA FARMA LABORATÓRIOS S.A,3,nao
ALPHABRIN,ALPHABRIN,Similar,GEOLAB INDÚSTRIA FARMACÊUTICA S/A,2,nao
ALPHACAINE,ALPHACAINE,Similar,DFL INDÚSTRIA E COMÉRCIO S/A,1,nao
ALPHAGAN,ALPHAGAN,Novo,ALLERGAN PRODUTOS FARMACÊUTICOS LTDA,4,nao
ALPHANATE,ALPHANATE,Biológico,GRIFOLS BRASIL LTDA,2,nao
ALPHANINE,ALPHANINE,Biológico,GRIFOLS BRASIL LTDA,3,nao
ALTAD,ALTAD,Específico,EUROFARMA LABORATORIOS S.A.,3,nao
ALTAD CAPS,ALTAD CAPS,Específico,EUROFARMA LABORATORIOS S.A.,6,nao
ALTIVA,ALTIVA,Similar,EUROFARMA LABORATORIOS S.A.,4,nao
ALTRYXEN,ALTRYXEN,Similar,EUROFARMA LABORATORIOS S.A.,1,nao
ALUDOR,ALUDOR,Similar,CIFARMA CIENTÍFICA FARMACÊUTICA LTDA,2,nao
ALURAX,ALURAX,Similar,EUROFARMA LABORATORIOS S.A.,2,nao
ALZ,ALZ,Similar,CRISTÁLIA PRODUTOS QUÍMICOS FARMACÊUTICOS LTDA.,4,nao
ALZYNAMIN,ALZYNAMIN,Similar,LABORATORIO QUIMICO FARMACEUTICO BERGAMO LTDA,8,nao
AMALFI,AMALFI,Similar,EUROFARMA LABORATORIOS S.A.,1,nao
AMATO,AMATO,Similar,EUROFARMA LABORATORIOS S.A.,6,nao
AMBISOME,AMBISOME,Novo,UNITED MEDICAL LTDA,1,nao
AMBROL,AMBROL,Similar,BRASTERAPICA PHARMACEUTICA LTDA.,4,nao
AMBROXMEL,AMBROXMEL,Similar,CIMED INDUSTRIA S.A,2,nao
AMCLAVU,AMCLAVU,Similar,UNIÃO QUÍMICA FARMACÊUTICA NACIONAL S/A,1,nao
AMENIFLAC,AMENIFLAC,Novo,LABORATORIOS B. BRAUN S/A,4,nao
AMGEVITA,AMGEVITA,Biológico,AMGEN BIOTECNOLOGIA DO BRASIL LTDA.,10,nao
AMICORED,AMICORED,Específico,VASCONCELOS INDUSTRIA FARMACEUTICA E COMERCIO LTDA,8,nao
AMINOSTERIL N-HEPA 8%,AMINOSTERIL N HEPA 8,Específico,FRESENIUS KABI BRASIL LTDA,2,nao
AMINOVEN,AMINOVEN,Específico,FRESENIUS KABI BRASIL LTDA,6,nao
AMINOVEN 10% INFANT,AMINOVEN 10 INFANT,Específico,FRESENIUS KABI BRASIL LTDA,4,nao
AMIOBAL,AMIOBAL,Similar,LABORATÓRIOS BALDACCI LTDA,4,nao
AMIORON,AMIORON,Similar,GEOLAB INDÚSTRIA FARMACÊUTICA S/A,4,nao
AMIXAL,AMIXAL,Específico,LABORATORIOS B. BRAUN S/A,2,nao
AMLODIL,AMLODIL,Similar,VITAMEDIC INDUSTRIA FARMACEUTICA LTDA,4,nao
AMLOVASC,AMLOVASC,Similar,SANDOZ DO BRASIL INDÚSTRIA FARMACÊUTICA LTDA,2,nao
AMMY,AMMY,Novo | Similar,COSMED INDUSTRIA DE COSMETICOS E MEDICAMENTOS S.A.,3,nao
AMOME,AMOME,Similar,COSMED INDUSTRIA DE COSMETICOS E MEDICAMENTOS S.A.,2,nao
AMORA,AMORA,Similar,EUROFARMA LABORATORIOS S.A.,2,nao
AMORA 20,AMORA 20,Similar,EUROFARMA LABORATORIOS S.A.,1,nao
AMOX-EMS,AMOX EMS,Similar,EMS S/A,2,nao
AMOXIL,AMOXIL,Novo,GLAXOSMITHKLINE BRASIL LTDA,5,nao
AMPCTAN,AMPCTAN,Similar,BLAU FARMACEUTICA S.A.,4,nao
AMPICILAB,AMPICILAB,Similar,MULTILAB INDUSTRIA E COMERCIO DE PRODUTOS FARMACEUTICOS LTDA,1,nao
AMPLACILINA,AMPLACILINA,Similar,EUROFARMA LABORATORIOS S.A.,1,nao
AMPLATIL,AMPLATIL,Similar,FRESENIUS KABI BRASIL LTDA,2,nao
AMPLICTIL,AMPLICTIL,Novo,BLANVER FARMOQUIMICA E FARMACEUTICA S.A.,3,nao
AMPLIUM G,AMPLIUM G,Similar,COSMED INDUSTRIA DE COSMETICOS E MEDICAMENTOS S.A.,2,nao
AMPLOSPEC,AMPLOSPEC,Similar,INSTITUTO BIOCHIMICO INDÚSTRIA FARMACÊUTICA LTDA,1,nao
AMPRAX,AMPRAX,Similar,VITAMEDIC INDUSTRIA FARMACEUTICA LTDA,1,nao
AMVUTTRA,AMVUTTRA,Novo,SPECIALTY PHARMA GOIAS LTDA,1,nao
AMYTRIL,AMYTRIL,Novo | Similar,CRISTÁLIA PRODUTOS QUÍMICOS FARMACÊUTICOS LTDA.,11,nao
ANA - FLEX,ANA FLEX,Similar,CRISTÁLIA PRODUTOS QUÍMICOS FARMACÊUTICOS LTDA.,3,nao
ANADOR,ANADOR,Similar,OPELLA HEALTHCARE BRAZIL LTDA,8,nao
ANAFRANIL,ANAFRANIL,Novo,SANDOZ DO BRASIL INDÚSTRIA FARMACÊUTICA LTDA,4,nao
ANASTROLIBBS,ANASTROLIBBS,Similar,LIBBS FARMACÊUTICA LTDA,1,nao
ANCORON,ANCORON,Novo | Similar,LIBBS FARMACÊUTICA LTDA,6,nao
ANDANTOL,ANDANTOL,Similar,ACHÉ LABORATÓRIOS FARMACÊUTICOS S.A,1,nao
ANDEMBRY,ANDEMBRY,Biológico,CSL BEHRING COMÉRCIO DE PRODUTOS FARMACÊUTICOS LTDA,1,nao
ANDES,ANDES,Similar,SUPERA FARMA LABORATÓRIOS S.A,8,nao
ANDOLBA,ANDOLBA,Novo,EUROFARMA LABORATORIOS S.A.,1,nao
ANDRIODERMOL,ANDRIODERMOL,Similar,UNIÃO QUÍMICA FARMACÊUTICA NACIONAL S/A,1,nao
ANDROCORTIL,ANDROCORTIL,Similar,LABORATORIO TEUTO BRASILEIRO S/A,2,nao
ANDROCUR,ANDROCUR,Novo,BAYER S.A. | LABORATÓRIOS BAGÓ DO BRASIL S/A,4,nao
ANDROGEL,ANDROGEL,Novo,BESINS HEALTHCARE BRASIL COMERCIAL E DISTRIBUIDORA DE MEDICAMENTOS LTDA,2,nao
ANDROSTEN,ANDROSTEN,Fitoterápico,HERBARIUM LABORATORIO BOTANICO LTDA,4,nao
ANDRUM,ANDRUM,Similar,ACHÉ LABORATÓRIOS FARMACÊUTICOS S.A,1,nao
ANEMIFER,ANEMIFER,Específico,PHARMASCIENCE INDUSTRIA FARMACEUTICA S.A,1,nao
ANESFENT,ANESFENT,Similar,LABORATORIO TEUTO BRASILEIRO S/A,1,nao
ANESTALCON,ANESTALCON,Similar,NOVARTIS BIOCIENCIAS S.A,1,nao
ANESTÉSICO OCULUM,ANESTESICO OCULUM,Novo,ALLERGAN PRODUTOS FARMACÊUTICOS LTDA,1,nao
ANFORICIN B,ANFORICIN B,Similar,CRISTÁLIA PRODUTOS QUÍMICOS FARMACÊUTICOS LTDA.,2,nao
ANGELIQ,ANGELIQ,Novo,BAYER S.A.,2,nao
ANGINO RUB,ANGINO RUB,Similar,EUROFARMA LABORATORIOS S.A.,6,nao
ANGIOPRIL,ANGIOPRIL,Similar,DIFFUCAP - CHEMOBRÁS QUÍMICA E FARMACÊUTICA LTDA,2,nao
ANGIPRESS,ANGIPRESS,Similar,ACHÉ LABORATÓRIOS FARMACÊUTICOS S.A,4,nao
ANGIPRESS CD,ANGIPRESS CD,Similar,ACHÉ LABORATÓRIOS FARMACÊUTICOS S.A,9,nao
ANLO,ANLO,Similar,EMS SIGMA PHARMA LTDA,2,nao
ANNITA,ANNITA,Novo,FARMOQUÍMICA S/A,3,nao
ANORO ELLIPTA,ANORO ELLIPTA,Novo,GLAXOSMITHKLINE BRASIL LTDA,2,nao
ANSENTRON,ANSENTRON,Similar,ACHÉ LABORATÓRIOS FARMACÊUTICOS S.A,4,nao
ANSITEC,ANSITEC,Similar,LIBBS FARMACÊUTICA LTDA,7,nao
ANTARA,ANTARA,Similar,EUROFARMA LABORATORIOS S.A.,5,nao
ANTARA IV,ANTARA IV,Novo,EUROFARMA LABORATORIOS S.A.,1,nao
ANTARA XR,ANTARA XR,Similar,EUROFARMA LABORATORIOS S.A.,4,nao
ANTIMAIS SÉPTICO,ANTIMAIS SEPTICO,Similar,KLEY HERTZ FARMACEUTICA S.A,1,nao
ANTIVIRAX,ANTIVIRAX,Similar,EMS S/A,6,nao
ANTROFI,ANTROFI,Similar,EUROFARMA LABORATORIOS S.A.,1,nao
ANTUX,ANTUX,Similar,ACHÉ LABORATÓRIOS FARMACÊUTICOS S.A,3,nao
ANYA,ANYA,Similar,SUN FARMACÊUTICA DO BRASIL LTDA,2,nao
APETIVAN BC,APETIVAN BC,Similar,PHARMASCIENCE INDUSTRIA FARMACEUTICA S.A,1,nao
APETIVITON BC,APETIVITON BC,Similar,CIFARMA CIENTÍFICA FARMACÊUTICA LTDA,2,nao
APEVITIN BC,APEVITIN BC,Novo,EMS S/A,1,nao
ÁPICE,APICE,Similar,SUPERA FARMA LABORATÓRIOS S.A,3,nao
APICS,APICS,Similar,APSEN FARMACEUTICA S/A,4,nao
APIDRA,APIDRA,Biológico,SANOFI MEDLEY FARMACÊUTICA LTDA.,2,nao
APIXORD,APIXORD,Similar,ACCORD FARMACÊUTICA LTDA,10,nao
APLAUSE,APLAUSE,Fitoterápico,MARJAN INDÚSTRIA E COMÉRCIO LTDA,3,nao
APLUC,APLUC,Similar,PRATI DONADUZZI & CIA LTDA,15,nao
APRACUR,APRACUR,Novo,COSMED INDUSTRIA DE COSMETICOS E MEDICAMENTOS S.A.,1,nao
APRACUR DUO,APRACUR DUO,Similar,COSMED INDUSTRIA DE COSMETICOS E MEDICAMENTOS S.A.,3,nao
APRAZ,APRAZ,Similar,COSMED INDUSTRIA DE COSMETICOS E MEDICAMENTOS S.A.,4,nao
APRESOLINA,APRESOLINA,Novo,UNIÃO QUÍMICA FARMACÊUTICA NACIONAL S/A,4,nao
APRETUDE,APRETUDE,Novo,GLAXOSMITHKLINE BRASIL LTDA,3,nao
APROVEL,APROVEL,Novo,SANOFI MEDLEY FARMACÊUTICA LTDA.,2,nao
APROZIDE,APROZIDE,Novo,SANOFI MEDLEY FARMACÊUTICA LTDA.,2,nao
AQUARELA,AQUARELA,Similar,ACHÉ LABORATÓRIOS FARMACÊUTICOS S.A,8,nao
ARADOIS,ARADOIS,Similar,BIOLAB SANUS FARMACEUTICA LTDA,7,nao
ARADOIS H,ARADOIS H,Similar,BIOLAB SANUS FARMACEUTICA LTDA,6,nao
ARAMIN,ARAMIN,Similar,CRISTÁLIA PRODUTOS QUÍMICOS FARMACÊUTICOS LTDA.,1,nao
ARANESP,ARANESP,Biológico,AMGEN BIOTECNOLOGIA DO BRASIL LTDA.,1,nao
ARARTAN,ARARTAN,Similar,GEOLAB INDÚSTRIA FARMACÊUTICA S/A,2,nao
ARASID,ARASID,Similar,ACCORD FARMACÊUTICA LTDA,2,nao
ARAVA,ARAVA,Novo,SANOFI MEDLEY FARMACÊUTICA LTDA.,2,nao
ARAZABI,ARAZABI,Similar,EMS S/A,1,nao
ARCALION,ARCALION,Novo,LABORATORIOS SERVIER DO BRASIL LTDA,2,nao
ARCOXIA,ARCOXIA,Novo,ORGANON FARMACEUTICA LTDA.,5,nao
ARDRO,ARDRO,Biológico,EUROFARMA LABORATORIOS S.A.,1,nao
AREMAZ,AREMAZ,Fitoterápico,MULTILAB INDUSTRIA E COMERCIO DE PRODUTOS FARMACEUTICOS LTDA,1,nao
AREXVY,AREXVY,Biológico,GLAXOSMITHKLINE BRASIL LTDA,2,nao
ARFLEX RETARD,ARFLEX RETARD,Novo,DIFFUCAP - CHEMOBRÁS QUÍMICA E FARMACÊUTICA LTDA,2,nao
ÁRIA,ARIA,Similar,EUROFARMA LABORATORIOS S.A.,6,nao
ARICILINA,ARICILINA,Similar,BLAU FARMACEUTICA S.A.,1,nao
ARIFENICOL,ARIFENICOL,Similar,BLAU FARMACEUTICA S.A.,1,nao
ARIMIDEX,ARIMIDEX,Novo,ASTRAZENECA DO BRASIL LTDA,1,nao
ARISCORTEN,ARISCORTEN,Similar,BLAU FARMACEUTICA S.A.,6,nao
ARISTAB,ARISTAB,Novo,ACHÉ LABORATÓRIOS FARMACÊUTICOS S.A,10,nao
ARISTAB ODT,ARISTAB ODT,Similar,ACHÉ LABORATÓRIOS FARMACÊUTICOS S.A,5,nao
ARISTOPRAMIDA,ARISTOPRAMIDA,Similar,BLAU FARMACEUTICA S.A.,1,nao
ARIXTRA,ARIXTRA,Novo,ASPEN PHARMA INDÚSTRIA FARMACÊUTICA LTDA,2,nao
ARLIVRY,ARLIVRY,Fitoterápico,NATULAB LABORATORIO S.A,2,nao
AROMASIN,AROMASIN,Novo,PFIZER BRASIL LTDA,1,nao
AROPAX,AROPAX,Novo,GLAXOSMITHKLINE BRASIL LTDA,1,nao
AROTHAZY,AROTHAZY,Similar,BLAU FARMACEUTICA S.A.,4,nao
ARPADOL,ARPADOL,Fitoterápico,APSEN FARMACEUTICA S/A,2,nao
ARPEJO,ARPEJO,Novo | Similar,EMS S/A,14,nao
ARPIO,ARPIO,Similar,GERMED FARMACEUTICA LTDA,1,nao
ARPYNFLAN,ARPYNFLAN,Fitoterápico,NATULAB LABORATORIO S.A,1,nao
ARTAG,ARTAG,Similar,LIBBS FARMACÊUTICA LTDA,2,nao
ARTANE,ARTANE,Novo,APSEN FARMACEUTICA S/A,2,nao
ARTELAC,ARTELAC,Específico,BL INDÚSTRIA OTICA LTDA,1,nao
ARTEMIDIS 35,ARTEMIDIS 35,Similar,EMS SIGMA PHARMA LTDA,1,nao
ARTESUNATO +  MEFLOQUINA FARMANGUINHOS,ARTESUNATO MEFLOQUINA FARMANGUINHOS,Novo,FUNDACAO OSWALDO CRUZ,4,nao
ARTICAINE,ARTICAINE,Similar,DFL INDÚSTRIA E COMÉRCIO S/A,3,nao
ÁRTICO,ARTICO,Biológico,EUROFARMA LABORATORIOS S.A.,2,nao
ÁRTICO CAPS,ARTICO CAPS,Biológico,EUROFARMA LABORATORIOS S.A.,9,nao
ARTISS,ARTISS,Biológico,BAXTER HOSPITALAR LTDA,2,nao
ARTOGLICO,ARTOGLICO,Similar,EMS SIGMA PHARMA LTDA,1,nao
ARTRINID,ARTRINID,Similar,UNIÃO QUÍMICA FARMACÊUTICA NACIONAL S/A,3,nao
ARTRINID IV,ARTRINID IV,Similar,UNIÃO QUÍMICA FARMACÊUTICA NACIONAL S/A,1,nao
ARTRITEC,ARTRITEC,Similar,PHARLAB INDÚSTRIA FARMACÊUTICA S.A.,3,nao
ARTRODAR,ARTRODAR,Novo,TRB PHARMA INDUSTRIA QUIMICA E FARMACEUTICA LTDA,3,nao
ARTROLIVE,ARTROLIVE,Biológico,ACHÉ LABORATÓRIOS FARMACÊUTICOS S.A,5,nao
ARTROSIL,ARTROSIL,Novo,ACHÉ LABORATÓRIOS FARMACÊUTICOS S.A,6,nao
ARULATAN,ARULATAN,Similar,BL INDÚSTRIA OTICA LTDA,1,nao
AS-MED,AS MED,Similar,MEDQUIMICA INDUSTRIA FARMACEUTICA LTDA.,2,nao
ASAP,ASAP,Similar,PRATI DONADUZZI & CIA LTDA,18,nao
ASEA,ASEA,Similar,SUPERA FARMA LABORATÓRIOS S.A,2,nao
ASEA HCT,ASEA HCT,Similar,SUPERA FARMA LABORATÓRIOS S.A,6,nao
ASMOFEN,ASMOFEN,Similar,LABORATORIO TEUTO BRASILEIRO S/A,1,nao
ASPARGIL C,ASPARGIL C,Específico,CIFARMA CIENTÍFICA FARMACÊUTICA LTDA,2,nao
ASPDIP,ASPDIP,Similar,BAYER S.A.,4,nao
ASPIRINA,ASPIRINA,Novo,BAYER S.A.,4,nao
ASPIRINA C EFERVESCENTE,ASPIRINA C EFERVESCENTE,Novo,BAYER S.A.,2,nao
ASPIRINA PREVENT,ASPIRINA PREVENT,Novo,BAYER S.A.,3,nao
ASSERT,ASSERT,Similar,EUROFARMA LABORATORIOS S.A.,7,nao
ASTRO,ASTRO,Similar,EUROFARMA LABORATORIOS S.A.,6,nao
ASTRO IV,ASTRO IV,Similar,EUROFARMA LABORATORIOS S.A.,2,nao
ATACAND,ATACAND,Novo,ASTRAZENECA DO BRASIL LTDA | BIOPAS BRASIL PRODUTOS FARMACEUTICOS LTDA,5,nao
ATACAND COMB,ATACAND COMB,Novo,ASTRAZENECA DO BRASIL LTDA,2,nao
ATACAND HCT,ATACAND HCT,Novo,ASTRAZENECA DO BRASIL LTDA | BIOPAS BRASIL PRODUTOS FARMACEUTICOS LTDA,5,nao
ATAK CLAV,ATAK CLAV,Similar,EUROFARMA LABORATORIOS S.A.,4,nao
ATELIDONA,ATELIDONA,Similar,LABORATORIO TEUTO BRASILEIRO S/A,2,nao
ATELOP,ATELOP,Similar,EMS S/A,6,nao
ATENFE,ATENFE,Biológico,MEGALABS FARMACEUTICA S.A.,6,nao
ATENOCLOR,ATENOCLOR,Similar,VITAMEDIC INDUSTRIA FARMACEUTICA LTDA,2,nao
ATENOLAB,ATENOLAB,Similar,MULTILAB INDUSTRIA E COMERCIO DE PRODUTOS FARMACEUTICOS LTDA,8,nao
ATENOPRESS,ATENOPRESS,Similar,SANDOZ DO BRASIL INDÚSTRIA FARMACÊUTICA LTDA,1,nao
ATENSINA,ATENSINA,Novo,BOEHRINGER INGELHEIM DO BRASIL QUIMICA E FARMACEUTICA LTDA. | MAWDSLEYS PHARMACEUTICALS DO BRASIL LTDA,3,nao
ATENTAH,ATENTAH,Novo,APSEN FARMACEUTICA S/A,16,nao
ATEROMA,ATEROMA,Similar,SUPERA FARMA LABORATÓRIOS S.A,6,nao
ATESTO,ATESTO,Similar,SUPERA FARMA LABORATÓRIOS S.A,2,nao
ATGAM,ATGAM,Biológico,PFIZER BRASIL LTDA,1,nao
ATIOVIL,ATIOVIL,Similar,PRATI DONADUZZI & CIA LTDA,21,nao
ATIP,ATIP,Similar,SUPERA FARMA LABORATÓRIOS S.A,8,nao
ATIP XR,ATIP XR,Similar,SUPERA FARMA LABORATÓRIOS S.A,6,nao
ATIVB,ATIVB,Específico,BIOLAB SANUS FARMACEUTICA LTDA,4,nao
ATIVOR,ATIVOR,Similar,ACHÉ LABORATÓRIOS FARMACÊUTICOS S.A,4,nao
ATLANSIL,ATLANSIL,Novo,SANOFI MEDLEY FARMACÊUTICA LTDA.,2,nao
ATOBACH,ATOBACH,Similar,GERMED FARMACEUTICA LTDA,4,nao
ATORLESS,ATORLESS,Similar,GERMED FARMACEUTICA LTDA,4,nao
ATOSSION,ATOSSION,Similar,LABORATÓRIO FARMACÊUTICO ELOFAR LTDA,2,nao
ATRACE,ATRACE,Similar,EUROFARMA LABORATORIOS S.A.,3,nao
ATRED,ATRED,Similar,LIBBS FARMACÊUTICA LTDA,2,nao
ATROFARMA,ATROFARMA,Similar,FARMACE INDÚSTRIA QUÍMICO-FARMACÊUTICA CEARENSE LTDA,1,nao
ATROFEM,ATROFEM,Similar,COSMED INDUSTRIA DE COSMETICOS E MEDICAMENTOS S.A.,2,nao
ATROPINA,ATROPINA,Novo,ALLERGAN PRODUTOS FARMACÊUTICOS LTDA,2,nao
ATROPION,ATROPION,Similar,BLAU FARMACEUTICA S.A.,2,nao
ATROVENT,ATROVENT,Novo,BOEHRINGER INGELHEIM DO BRASIL QUIMICA E FARMACEUTICA LTDA.,2,nao
ATROVERAN DIP,ATROVERAN DIP,Similar,COSMED INDUSTRIA DE COSMETICOS E MEDICAMENTOS S.A.,5,nao
ATROVEX,ATROVEX,Similar,MEDQUIMICA INDUSTRIA FARMACEUTICA LTDA.,1,nao
ATTENZE,ATTENZE,Similar,EUROFARMA LABORATORIOS S.A.,1,nao
ATURGYL,ATURGYL,Novo,COSMED INDUSTRIA DE COSMETICOS E MEDICAMENTOS S.A. | SANOFI MEDLEY FARMACÊUTICA LTDA.,2,nao
AUBAGIO,AUBAGIO,Novo,SANOFI MEDLEY FARMACÊUTICA LTDA.,1,nao
AURA,AURA,Similar,COSMED INDUSTRIA DE COSMETICOS E MEDICAMENTOS S.A.,3,nao
AURIS-SEDINA,AURIS SEDINA,Novo,LABORATÓRIOS OSÓRIO DE MORAES LTDA,1,nao
AUROM,AUROM,Similar,PRATI DONADUZZI & CIA LTDA,6,nao
AUSTEDO,AUSTEDO,Novo,TEVA FARMACÊUTICA LTDA.,3,nao
AVAL,AVAL,Similar,SUPERA FARMA LABORATÓRIOS S.A,3,nao
AVALOX,AVALOX,Novo,BAYER S.A.,2,nao
AVAMYS,AVAMYS,Novo,GLAXOSMITHKLINE BRASIL LTDA,1,nao
AVASTIN,AVASTIN,Biológico,PRODUTOS ROCHE QUÍMICOS E FARMACÊUTICOS S.A.,2,nao
AVAXIM,AVAXIM,Biológico,SANOFI MEDLEY FARMACÊUTICA LTDA.,1,nao
AVIANT,AVIANT,Similar,MERCK SHARP & DOHME FARMACEUTICA LTDA. | ORGANON FARMACEUTICA LTDA.,2,nao
AVICIS,AVICIS,Novo,GALDERMA BRASIL LTDA,1,nao
AVIDE,AVIDE,Similar,ACHÉ LABORATÓRIOS FARMACÊUTICOS S.A,2,nao
AVIV,AVIV,Similar,COSMED INDUSTRIA DE COSMETICOS E MEDICAMENTOS S.A.,6,nao
AVODART,AVODART,Novo,GLAXOSMITHKLINE BRASIL LTDA,3,nao
AVONEX,AVONEX,Biológico,BIOGEN BRASIL PRODUTOS FARMACEUTICOS LTDA,1,nao
AVSOLA,AVSOLA,Biológico,AMGEN BIOTECNOLOGIA DO BRASIL LTDA.,1,nao
AXIFLENNID,AXIFLENNID,Novo,HALEX ISTAR INDUSTRIA FARMACEUTICA SA,1,nao
AXONIUM,AXONIUM,Similar,ACHÉ LABORATÓRIOS FARMACÊUTICOS S.A,9,nao
AYMEE,AYMEE,Similar,LIBBS FARMACÊUTICA LTDA,5,nao
AZANEM,AZANEM,Similar,INSTITUTO BIOCHIMICO INDÚSTRIA FARMACÊUTICA LTDA,1,nao
AZELAN,AZELAN,Novo,LEO PHARMA LTDA,3,nao
AZENPI,AZENPI,Similar,PHARLAB INDÚSTRIA FARMACÊUTICA S.A.,3,nao
AZENTEX,AZENTEX,Similar,CRISTÁLIA PRODUTOS QUÍMICOS FARMACÊUTICOS LTDA.,1,nao
AZEUS,AZEUS,Similar,FRESENIUS KABI BRASIL LTDA,1,nao
AZI,AZI,Similar,EMS SIGMA PHARMA LTDA,6,nao
AZICIN,AZICIN,Similar,CRISTÁLIA PRODUTOS QUÍMICOS FARMACÊUTICOS LTDA.,1,nao
AZILECT,AZILECT,Novo,TEVA FARMACÊUTICA LTDA.,2,nao
AZILYS,AZILYS,Similar,ACHÉ LABORATÓRIOS FARMACÊUTICOS S.A,1,nao
AZINOSTIL,AZINOSTIL,Similar,EMS S/A,1,nao
AZITROLAB,AZITROLAB,Similar,MULTILAB INDUSTRIA E COMERCIO DE PRODUTOS FARMACEUTICOS LTDA,4,nao
AZITROMED,AZITROMED,Similar,MEDQUIMICA INDUSTRIA FARMACEUTICA LTDA.,1,nao
AZITROPHAR,AZITROPHAR,Similar,PHARLAB INDÚSTRIA FARMACÊUTICA S.A.,8,nao
AZLA,AZLA,Similar,LABORATORIO QUIMICO FARMACEUTICO BERGAMO LTDA,1,nao
AZMID,AZMID,Similar,BLAU FARMACEUTICA S.A.,1,nao
AZOD,AZOD,Similar,SUPERA FARMA LABORATÓRIOS S.A,5,nao
AZOPT,AZOPT,Novo,NOVARTIS BIOCIENCIAS S.A,1,nao
AZORGA,AZORGA,Novo,NOVARTIS BIOCIENCIAS S.A,2,nao
AZOX,AZOX,Similar,EUROFARMA LABORATORIOS S.A.,3,nao
AZUKON MR,AZUKON MR,Similar,TORRENT DO BRASIL LTDA,4,nao
AZULFIN,AZULFIN,Similar,APSEN FARMACEUTICA S/A,2,nao
B.BRAUN SOLUÇÃO DE RINGER Nº3,B BRAUN SOLUCAO DE RINGER NO3,Específico,LABORATORIOS B. BRAUN S/A,1,nao
B -PLATIN,B PLATIN,Similar,BLAU FARMACEUTICA S.A.,4,nao
B-SUPRIN,B SUPRIN,Específico,CAZI QUIMICA FARMACEUTICA INDUSTRIA E COMERCIO LTDA,1,nao
B-TABLOCK,B TABLOCK,Similar,CRISTÁLIA PRODUTOS QUÍMICOS FARMACÊUTICOS LTDA.,2,nao
B-VIT,B VIT,Específico,CAZI QUIMICA FARMACEUTICA INDUSTRIA E COMERCIO LTDA,2,nao
BABYMED,BABYMED,Específico,CIMED INDUSTRIA S.A,1,nao
BABYMED TRATAMENTO,BABYMED TRATAMENTO,Similar,CIMED INDUSTRIA S.A,1,nao
BABYNEO,BABYNEO,Similar,BRAINFARMA INDÚSTRIA QUÍMICA E FARMACÊUTICA S.A,1,nao
BAC-SULFITRIN,BAC SULFITRIN,Similar,BRAINFARMA INDÚSTRIA QUÍMICA E FARMACÊUTICA S.A,1,nao
BACFAR,BACFAR,Similar,LABORATÓRIO FARMACÊUTICO ELOFAR LTDA,5,nao
BACIGEN,BACIGEN,Similar,CAZI QUIMICA FARMACEUTICA INDUSTRIA E COMERCIO LTDA,1,nao
BACINA,BACINA,Similar,BELFAR LTDA,7,nao
BACINANTRAT,BACINANTRAT,Similar,LABORATORIO GLOBO SA,1,nao
BACLOFEN,BACLOFEN,Similar,LABORATORIO TEUTO BRASILEIRO S/A,2,nao
BACLON,BACLON,Similar,UNIÃO QUÍMICA FARMACÊUTICA NACIONAL S/A,1,nao
BACROCIN,BACROCIN,Similar,MEDQUIMICA INDUSTRIA FARMACEUTICA LTDA.,1,nao
BACTERACIN,BACTERACIN,Similar,LABORATORIO TEUTO BRASILEIRO S/A,3,nao
BACTODERM,BACTODERM,Similar,KLEY HERTZ FARMACEUTICA S.A,2,nao
BACTOMAX,BACTOMAX,Similar,CRISTÁLIA PRODUTOS QUÍMICOS FARMACÊUTICOS LTDA.,2,nao
BACTRIM,BACTRIM,Novo,FARMOQUÍMICA S/A,4,nao
BACTROBAN,BACTROBAN,Novo,GLAXOSMITHKLINE BRASIL LTDA,1,nao
BALEFIO,BALEFIO,Similar,DR. REDDYS FARMACÊUTICA DO BRASIL LTDA,4,nao
BALORTI,BALORTI,Similar,PRATI DONADUZZI & CIA LTDA,2,nao
BALSAMO BENGUE,BALSAMO BENGUE,Específico,EMS S/A,6,nao
BAMIFIX,BAMIFIX,Similar,CHIESI FARMACÊUTICA LTDA,2,nao
BANXA,BANXA,Similar,SANOFI MEDLEY FARMACÊUTICA LTDA.,4,nao
BARIOGEL,BARIOGEL,Similar,CRISTÁLIA PRODUTOS QUÍMICOS FARMACÊUTICOS LTDA.,2,nao
BARITEKAL HIPERBÁRICA,BARITEKAL HIPERBARICA,Novo,LABORATORIOS B. BRAUN S/A,1,nao
BART H,BART H,Similar,EUROFARMA LABORATORIOS S.A.,4,nao
BASAGLAR,BASAGLAR,Biológico,ELI LILLY DO BRASIL LTDA,3,nao
BAVENCIO,BAVENCIO,Biológico,MERCK S/A,1,nao
BAXTER GLICINA,BAXTER GLICINA,Específico,BAXTER HOSPITALAR LTDA,1,nao
BAXTER GLICOSE,BAXTER GLICOSE,Específico,BAXTER HOSPITALAR LTDA,7,nao
BAXTER SOLUÇÃO DE RINGER COM LACTATO,BAXTER SOLUCAO DE RINGER COM LACTATO,Específico,BAXTER HOSPITALAR LTDA,1,nao
BAXTER SORBITOL,BAXTER SORBITOL,Específico,BAXTER HOSPITALAR LTDA,1,nao
BAYCUTEN N,BAYCUTEN N,Novo,BAYER S.A.,1,nao
BDEXBRAUN,BDEXBRAUN,Similar,LABORATORIOS B. BRAUN S/A,3,nao
BEBEX ADE,BEBEX ADE,Específico,GEOLAB INDÚSTRIA FARMACÊUTICA S/A,1,nao
BEBEX N,BEBEX N,Similar,GEOLAB INDÚSTRIA FARMACÊUTICA S/A,1,nao
BECA,BECA,Similar,HALEX ISTAR INDUSTRIA FARMACEUTICA SA,1,nao
BECLONATO,BECLONATO,Similar,BRAINFARMA INDÚSTRIA QUÍMICA E FARMACÊUTICA S.A,1,nao
BECLOSOL,BECLOSOL,Novo,GLAXOSMITHKLINE BRASIL LTDA,1,nao
BEDFORDPOLY - B,BEDFORDPOLY B,Novo,OPEM REPRESENTAÇÃO IMPORTADORA EXPORTADORA E DISTRIBUIDORA LTDA,2,nao
BEDOZE,BEDOZE,Específico,EUROFARMA LABORATORIOS S.A.,1,nao
BEIZOM,BEIZOM,Similar,SANDOZ DO BRASIL INDÚSTRIA FARMACÊUTICA LTDA,2,nao
BELADIOL,BELADIOL,Similar,EMS S/A,4,nao
BELARA,BELARA,Novo,GRÜNENTHAL DO BRASIL FARMACÊUTICA LTDA.,2,nao
BELARINA,BELARINA,Novo,GRÜNENTHAL DO BRASIL FARMACÊUTICA LTDA.,1,nao
BELCOMPLEX,BELCOMPLEX,Específico,BELFAR LTDA,2,nao
BELCOMPLEX B,BELCOMPLEX B,Específico,BELFAR LTDA,1,nao
BELEODAQ,BELEODAQ,Novo,PINT PHARMA PRODUTOS MEDICO-HOSPITALARES E FARMACEUTICOS LTDA,1,nao
BELFACTRIM,BELFACTRIM,Similar,BELFAR LTDA,3,nao
BELFAREN,BELFAREN,Similar,BELFAR LTDA,2,nao
BELMIRAX,BELMIRAX,Similar,BELFAR LTDA,2,nao
BELPELE,BELPELE,Similar,FARMOQUÍMICA S/A,3,nao
BELSPAN,BELSPAN,Similar,BELFAR LTDA,4,nao
BENALET,BENALET,Novo,JANSSEN-CILAG FARMACEUTICA LTDA | KENVUE LTDA.,7,nao
BENALQ,BENALQ,Similar,TEVA FARMACÊUTICA LTDA.,2,nao
BENATUX,BENATUX,Similar,CIFARMA CIENTÍFICA FARMACÊUTICA LTDA,5,nao
BENDY,BENDY,Similar,NATCOFARMA DO BRASIL LTDA,1,nao
BENECTRIN,BENECTRIN,Similar,LEGRAND PHARMA INDUSTRIA FARMACEUTICA LTDA,5,nao
BENEDESC PLUS,BENEDESC PLUS,Similar,COSMED INDUSTRIA DE COSMETICOS E MEDICAMENTOS S.A.,1,nao
BENEFIX,BENEFIX,Biológico,PFIZER BRASIL LTDA,4,nao
BENEGRIP,BENEGRIP,Novo,COSMED INDUSTRIA DE COSMETICOS E MEDICAMENTOS S.A.,3,nao
BENEGRIP MULTI,BENEGRIP MULTI,Novo,COSMED INDUSTRIA DE COSMETICOS E MEDICAMENTOS S.A.,1,nao
BENEGRIP MULTI DIA,BENEGRIP MULTI DIA,Similar,COSMED INDUSTRIA DE COSMETICOS E MEDICAMENTOS S.A.,3,nao
BENEGRIP MULTI FEBRE E DOR,BENEGRIP MULTI FEBRE E DOR,Similar,COSMED INDUSTRIA DE COSMETICOS E MEDICAMENTOS S.A.,1,nao
BENEGRIP MULTI NOITE,BENEGRIP MULTI NOITE,Similar,COSMED INDUSTRIA DE COSMETICOS E MEDICAMENTOS S.A.,3,nao
BENEROC,BENEROC,Específico,BAYER S.A.,1,nao
BENERVA,BENERVA,Específico,CELLERA FARMACEUTICA S.A.,2,nao
BENESTARE,BENESTARE,Similar,ASPEN PHARMA INDÚSTRIA FARMACÊUTICA LTDA,1,nao
BENEUM,BENEUM,Específico,LABORATORIO TEUTO BRASILEIRO S/A,1,nao
BENEVRAN,BENEVRAN,Similar,LEGRAND PHARMA INDUSTRIA FARMACEUTICA LTDA,2,nao
BENEVRAN GEL,BENEVRAN GEL,Similar,LEGRAND PHARMA INDUSTRIA FARMACEUTICA LTDA,1,nao
BENEXPEC,BENEXPEC,Similar,COSMED INDUSTRIA DE COSMETICOS E MEDICAMENTOS S.A.,1,nao
BENFIBE,BENFIBE,Similar,MYRALIS INDUSTRIA FARMACEUTICA LTDA,5,nao
BENGPRO,BENGPRO,Similar,EMS S/A,2,nao
BENICAR,BENICAR,Novo,DAIICHI SANKYO BRASIL FARMACÊUTICA LTDA,4,nao
BENICAR HCT,BENICAR HCT,Novo,DAIICHI SANKYO BRASIL FARMACÊUTICA LTDA,5,nao
BENICAR ODT,BENICAR ODT,Novo,DAIICHI SANKYO BRASIL FARMACÊUTICA LTDA,4,nao
BENICAR TRIPLO,BENICAR TRIPLO,Novo,DAIICHI SANKYO BRASIL FARMACÊUTICA LTDA,6,nao
BENICARANLO,BENICARANLO,Novo,DAIICHI SANKYO BRASIL FARMACÊUTICA LTDA,6,nao
BENLYSTA,BENLYSTA,Biológico,GLAXOSMITHKLINE BRASIL LTDA,4,nao
BENORMAL,BENORMAL,Específico,CRISTÁLIA PRODUTOS QUÍMICOS FARMACÊUTICOS LTDA.,1,nao
BENZETACIL,BENZETACIL,Novo,EUROFARMA LABORATORIOS S.A.,3,nao
BENZEVIT,BENZEVIT,Similar,LABORATÓRIO FARMACÊUTICO ELOFAR LTDA,1,nao
BENZIFLEX,BENZIFLEX,Similar,EMS S/A,16,nao
BENZIFLEX LIS,BENZIFLEX LIS,Similar,EMS S/A,2,nao
BENZODERM,BENZODERM,Similar,PHARMASCIENCE INDUSTRIA FARMACEUTICA S.A,2,nao
BENZOL,BENZOL,Similar,GREENPHARMA QUÍMICA E FARMACÊUTICA LTDA,3,nao
BENZOTOP,BENZOTOP,Similar,DFL INDÚSTRIA E COMÉRCIO S/A,2,nao
BEPANTRIZ,BEPANTRIZ,Específico,CIMED INDUSTRIA S.A,2,nao
BEPEBEN,BEPEBEN,Similar,LABORATORIO TEUTO BRASILEIRO S/A,3,nao
BERGOX,BERGOX,Similar,LEGRAND PHARMA INDUSTRIA FARMACEUTICA LTDA,4,nao
BERIBUMIN,BERIBUMIN,Biológico,CSL BEHRING COMÉRCIO DE PRODUTOS FARMACÊUTICOS LTDA,1,nao
BERINERT,BERINERT,Biológico,CSL BEHRING COMÉRCIO DE PRODUTOS FARMACÊUTICOS LTDA,4,nao
BERIPLAST P,BERIPLAST P,Biológico,CSL BEHRING COMÉRCIO DE PRODUTOS FARMACÊUTICOS LTDA,2,nao
BERIPLEX P/N,BERIPLEX P N,Biológico,CSL BEHRING COMÉRCIO DE PRODUTOS FARMACÊUTICOS LTDA,2,nao
BERITIN   BC,BERITIN BC,Similar,VITAMEDIC INDUSTRIA FARMACEUTICA LTDA,1,nao
BERK,BERK,Similar,EUROFARMA LABORATORIOS S.A.,2,nao
BEROTEC,BEROTEC,Novo,BOEHRINGER INGELHEIM DO BRASIL QUIMICA E FARMACEUTICA LTDA.,1,nao
BESEROL,BESEROL,Similar,MEGALABS FARMACEUTICA S.A.,3,nao
BESILAPIN,BESILAPIN,Similar,GEOLAB INDÚSTRIA FARMACÊUTICA S/A,4,nao
BESPONSA,BESPONSA,Biológico,PFIZER BRASIL LTDA,1,nao
BESREMI,BESREMI,Biológico,PINT PHARMA PRODUTOS MEDICO-HOSPITALARES E FARMACEUTICOS LTDA,2,nao
BETA-LONG,BETA LONG,Similar,UNIÃO QUÍMICA FARMACÊUTICA NACIONAL S/A,1,nao
BETACORTAZOL,BETACORTAZOL,Similar,BELFAR LTDA,3,nao
BETACRIS,BETACRIS,Similar,CRISTÁLIA PRODUTOS QUÍMICOS FARMACÊUTICOS LTDA.,2,nao
BETADINE,BETADINE,Similar,ACHÉ LABORATÓRIOS FARMACÊUTICOS S.A,3,nao
BETADINE XR,BETADINE XR,Novo,ACHÉ LABORATÓRIOS FARMACÊUTICOS S.A,4,nao
BETAFERON,BETAFERON,Biológico,BAYER S.A.,1,nao
BETALOR,BETALOR,Novo,ACHÉ LABORATÓRIOS FARMACÊUTICOS S.A,4,nao
BETAPROSPAN,BETAPROSPAN,Similar,UNIÃO QUÍMICA FARMACÊUTICA NACIONAL S/A,2,nao
BETASERC,BETASERC,Novo,ABBOTT LABORATORIOS DO BRASIL LTDA,3,nao
BETATRINTA,BETATRINTA,Similar,EUROFARMA LABORATORIOS S.A.,2,nao
BETES,BETES,Similar,EUROFARMA LABORATORIOS S.A.,3,nao
BETINA,BETINA,Similar,EUROFARMA LABORATORIOS S.A.,2,nao
BETNOVATE,BETNOVATE,Novo,GLAXOSMITHKLINE BRASIL LTDA,4,nao
BETNOVATE N,BETNOVATE N,Novo,GLAXOSMITHKLINE BRASIL LTDA,2,nao
BETOGENTA,BETOGENTA,Similar,GEOLAB INDÚSTRIA FARMACÊUTICA S/A,2,nao
BETOPTIC,BETOPTIC,Novo,NOVARTIS BIOCIENCIAS S.A,2,nao
BETRAT,BETRAT,Específico,MYRALIS INDUSTRIA FARMACEUTICA LTDA,8,nao
BETRICORT,BETRICORT,Similar,GEOLAB INDÚSTRIA FARMACÊUTICA S/A,2,nao
BEVANOVIS,BEVANOVIS,Biológico,BIONOVIS S.A. - COMPANHIA BRASILEIRA DE BIOTECNOLOGIA FARMACEUTICA,2,nao
BEVYX,BEVYX,Biológico,BIOMM SA,2,nao
BEXAI,BEXAI,Novo,EMS S/A,4,nao
BEXETON,BEXETON,Similar,GEOLAB INDÚSTRIA FARMACÊUTICA S/A,1,nao
BEXSERO,BEXSERO,Biológico,GLAXOSMITHKLINE BRASIL LTDA,3,nao
BEXTRA IM/IV,BEXTRA IM IV,Novo,PFIZER BRASIL LTDA,1,nao
BEYFORTUS,BEYFORTUS,Biológico,SANOFI MEDLEY FARMACÊUTICA LTDA.,6,nao
BHENA,BHENA,Similar,BIOLAB SANUS FARMACEUTICA LTDA,5,nao
BIALERGE,BIALERGE,Similar,LABORATÓRIO FARMACÊUTICO ELOFAR LTDA,3,nao
BIALUDEX,BIALUDEX,Similar,LEGRAND PHARMA INDUSTRIA FARMACEUTICA LTDA,2,nao
BIANCORT,BIANCORT,Similar,GERMED FARMACEUTICA LTDA,2,nao
BIBAG,BIBAG,Específico,FRESENIUS MEDICAL CARE LTDA,5,nao
BICARBONATO DE SÓDIO,BICARBONATO DE SODIO,Específico,FRESENIUS KABI BRASIL LTDA | HYPOFARMA - INSTITUTO DE HYPODERMIA E FARMÁCIA LTDA | JP INDUSTRIA FARMACEUTICA S/A | SAMTEC BIOTECNOLOGIA LIMITADA,6,nao
"BICARBONATO DE SÓDIO 8,4 %",BICARBONATO DE SODIO 8 4,Específico,FARMACE INDÚSTRIA QUÍMICO-FARMACÊUTICA CEARENSE LTDA,1,nao
BICARBONATO DE SÓDIO - FARMACE,BICARBONATO DE SODIO FARMACE,Específico,FARMACE INDÚSTRIA QUÍMICO-FARMACÊUTICA CEARENSE LTDA,2,nao
BICERTO,BICERTO,Similar,EUROFARMA LABORATORIOS S.A.,2,nao
BICERTO IV,BICERTO IV,Novo,EUROFARMA LABORATORIOS S.A.,1,nao
BICONCOR,BICONCOR,Novo,MERCK S/A,2,nao
BIENN DIRECT,BIENN DIRECT,Similar,CELLERA FARMACEUTICA S.A.,2,nao
BIKTARVY,BIKTARVY,Novo,GILEAD SCIENCES FARMACEUTICA DO BRASIL LTDA,1,nao
BILARGOS,BILARGOS,Similar,LEGRAND PHARMA INDUSTRIA FARMACEUTICA LTDA,4,nao
BILYT,BILYT,Similar,BIOLAB SANUS FARMACEUTICA LTDA,3,nao
BIMAGAN,BIMAGAN,Similar,GEOLAB INDÚSTRIA FARMACÊUTICA S/A,2,nao
BIMAPROST,BIMAPROST,Similar,EMS S/A,2,nao
BIMZELX,BIMZELX,Biológico,UCB BIOPHARMA LTDA.,12,nao
BINAV,BINAV,Similar,BLANVER FARMOQUIMICA E FARMACEUTICA S.A.,1,nao
BINOSPAN COMPOSTO,BINOSPAN COMPOSTO,Similar,CAZI QUIMICA FARMACEUTICA INDUSTRIA E COMERCIO LTDA,1,nao
BIO-C,BIO C,Específico,UNIÃO QUÍMICA FARMACÊUTICA NACIONAL S/A,1,nao
BIO-MANGUINHOS ADALIMUMABE,BIO MANGUINHOS ADALIMUMABE,Biológico,FUNDACAO OSWALDO CRUZ,2,nao
BIO-MANGUINHOS ALFATALIGLICERASE,BIO MANGUINHOS ALFATALIGLICERASE,Biológico,FUNDACAO OSWALDO CRUZ,1,nao
BIO-MANGUINHOS BETAINTERFERONA 1A,BIO MANGUINHOS BETAINTERFERONA 1A,Biológico,FUNDACAO OSWALDO CRUZ,2,nao
BIO-MANGUINHOS ETANERCEPTE,BIO MANGUINHOS ETANERCEPTE,Biológico,FUNDACAO OSWALDO CRUZ,1,nao
BIO-MANGUINHOS GOLIMUMABE,BIO MANGUINHOS GOLIMUMABE,Biológico,FUNDACAO OSWALDO CRUZ,1,nao
BIO MANGUINHOS INFLIXIMABE,BIO MANGUINHOS INFLIXIMABE,Biológico,FUNDACAO OSWALDO CRUZ,1,nao
BIO-MANGUINHOS RITUXIMABE,BIO MANGUINHOS RITUXIMABE,Biológico,FUNDACAO OSWALDO CRUZ,2,nao
BIO-MANGUINHOS SOMATROPINA,BIO MANGUINHOS SOMATROPINA,Biológico,FUNDACAO OSWALDO CRUZ,4,nao
BIO-MANGUINHOS TRASTUZUMABE,BIO MANGUINHOS TRASTUZUMABE,Biológico,FUNDACAO OSWALDO CRUZ,1,nao
BIO - VAGIN,BIO VAGIN,Similar,ADIUM S.A.,1,nao
BIOCE,BIOCE,Biológico,ACHÉ LABORATÓRIOS FARMACÊUTICOS S.A,1,nao
BIOFENAC,BIOFENAC,Similar,ACHÉ LABORATÓRIOS FARMACÊUTICOS S.A,7,nao
BIOFLAC,BIOFLAC,Similar,CRISTÁLIA PRODUTOS QUÍMICOS FARMACÊUTICOS LTDA.,5,nao
BIOFLADEX,BIOFLADEX,Similar,EMS S/A,1,nao
BIOGAM,BIOGAM,Biológico,ASP-FARMACÊUTICA LTDA,1,nao
BIOGINKGO BIONATUS,BIOGINKGO BIONATUS,Fitoterápico,BIONATUS LABORATÓRIO BOTÂNICO LTDA,2,nao
BIOGRIPE,BIOGRIPE,Similar,UNIÃO QUÍMICA FARMACÊUTICA NACIONAL S/A,3,nao
BIOLME,BIOLME,Similar,BIOLAB SANUS FARMACEUTICA LTDA,2,nao
BIOLME H,BIOLME H,Similar,BIOLAB SANUS FARMACEUTICA LTDA,3,nao
BIOMAG,BIOMAG,Similar,ACHÉ LABORATÓRIOS FARMACÊUTICOS S.A,4,nao
BIOMATROP,BIOMATROP,Biológico,ACHÉ LABORATÓRIOS FARMACÊUTICOS S.A,2,nao
BIOTOSS,BIOTOSS,Fitoterápico,BIONATUS LABORATÓRIO BOTÂNICO LTDA,1,nao
BIOVARIXON,BIOVARIXON,Específico,VITAMEDIC INDUSTRIA FARMACEUTICA LTDA,4,nao
BIOVICERIN,BIOVICERIN,Biológico,GEYER MEDICAMENTOS S/A,3,nao
BIOVIR,BIOVIR,Novo,GLAXOSMITHKLINE BRASIL LTDA,1,nao
BIPHOZYL,BIPHOZYL,Específico,BAXTER HOSPITALAR LTDA,1,nao
BIPOLIT,BIPOLIT,Similar,HIPOLABOR FARMACEUTICA LTDA,2,nao
BIQUIZ,BIQUIZ,Similar,SUPERA FARMA LABORATÓRIOS S.A,2,nao
BISALAX,BISALAX,Similar,UNIÃO QUÍMICA FARMACÊUTICA NACIONAL S/A,2,nao
BISINTEX,BISINTEX,Biológico,ABBOTT LABORATORIOS DO BRASIL LTDA,2,nao
BISMU-JET,BISMU JET,Novo,LEGRAND PHARMA INDUSTRIA FARMACEUTICA LTDA,1,nao
BISOLVON,BISOLVON,Novo,OPELLA HEALTHCARE BRAZIL LTDA,4,nao
BISURAN,BISURAN,Similar,EMS S/A,2,nao
BIVOLET,BIVOLET,Similar,BIOLAB FARMA GENERICOS LTDA | BIOLAB SANUS FARMACEUTICA LTDA,3,nao
BIXLYN,BIXLYN,Similar,ACHÉ LABORATÓRIOS FARMACÊUTICOS S.A,3,nao
BIXLYN 10,BIXLYN 10,Novo,ACHÉ LABORATÓRIOS FARMACÊUTICOS S.A,2,nao
BIZO,BIZO,Similar,EUROFARMA LABORATORIOS S.A.,6,nao
BLAUBIMAX,BLAUBIMAX,Biológico,BLAU FARMACEUTICA S.A.,4,nao
BLAUIMUNO,BLAUIMUNO,Biológico,BLAU FARMACEUTICA S.A.,1,nao
BLENREP,BLENREP,Biológico,GLAXOSMITHKLINE BRASIL LTDA,2,nao
BLESTO,BLESTO,Similar,EUROFARMA LABORATORIOS S.A.,1,nao
BLEU PATENTE V,BLEU PATENTE V,Similar,GUERBET IMAGEM DO BRASIL LTDA | GUERBET PRODUTOS RADIOLÓGICOS LTDA,2,nao
BLINCYTO,BLINCYTO,Biológico,AMGEN BIOTECNOLOGIA DO BRASIL LTDA.,1,nao
BLOQUERON,BLOQUERON,Similar,LABORATORIOS B. BRAUN S/A,1,nao
BLUMEL HEDERA,BLUMEL HEDERA,Fitoterápico,BRAINFARMA INDÚSTRIA QUÍMICA E FARMACÊUTICA S.A,1,nao
BMAST,BMAST,Específico,"DROXTER INDUSTRIA, COMÉRCIO E PARTICIPAÇÕES LTDA",3,nao
BONAGRAN,BONAGRAN,Similar,LEGRAND PHARMA INDUSTRIA FARMACEUTICA LTDA,1,nao
BONAR,BONAR,Similar,ACHÉ LABORATÓRIOS FARMACÊUTICOS S.A,1,nao
BONECAL D,BONECAL D,Específico,EMS SIGMA PHARMA LTDA,2,nao
BONVIVA,BONVIVA,Novo,LABORATÓRIOS BAGÓ DO BRASIL S/A,1,nao
BORMHY,BORMHY,Similar,BRAINFARMA INDÚSTRIA QUÍMICA E FARMACÊUTICA S.A,1,nao
BORMIB,BORMIB,Similar,CRISTÁLIA PRODUTOS QUÍMICOS FARMACÊUTICOS LTDA.,1,nao
BORTECIP,BORTECIP,Similar,CIPLA BRASIL IMPORTADORA E DISTRIBUIDORA DE MEDICAMENTOS LTDA,1,nao
BORTYZ,BORTYZ,Similar,ACCORD FARMACÊUTICA LTDA,1,nao
BORTYZ RTU,BORTYZ RTU,Novo,ACCORD FARMACÊUTICA LTDA,2,nao
BOSAYA,BOSAYA,Biológico,BIOCON BIOLOGICS DO BRASIL LTDA,1,nao
BOSPULMO,BOSPULMO,Similar,SUN FARMACÊUTICA DO BRASIL LTDA,2,nao
BOSULIF,BOSULIF,Novo,PFIZER BRASIL LTDA,3,nao
BOTOX,BOTOX,Biológico,ABBVIE FARMACÊUTICA LTDA.,3,nao
BOTULIFT,BOTULIFT,Biológico,LABORATORIO QUIMICO FARMACEUTICO BERGAMO LTDA,6,nao
BOTULIM,BOTULIM,Biológico,BLAU FARMACEUTICA S.A.,7,nao
BOZEMYB,BOZEMYB,Similar,BLAU FARMACEUTICA S.A.,1,nao
BOZORED,BOZORED,Similar,DR. REDDYS FARMACÊUTICA DO BRASIL LTDA,1,nao
BRAFTOVI,BRAFTOVI,Novo,PFIZER BRASIL LTDA,2,nao
BRAMICAR,BRAMICAR,Similar,EMS SIGMA PHARMA LTDA,6,nao
BRAMICAR HCT,BRAMICAR HCT,Similar,EMS SIGMA PHARMA LTDA,8,nao
BRAMITOB,BRAMITOB,Novo,CHIESI FARMACÊUTICA LTDA,1,nao
BRANTA,BRANTA,Novo,TORRENT DO BRASIL LTDA,1,nao
BRASART,BRASART,Similar,EMS SIGMA PHARMA LTDA,4,nao
BRASART BCC,BRASART BCC,Similar,EMS SIGMA PHARMA LTDA,7,nao
BRASART HCT,BRASART HCT,Similar,EMS SIGMA PHARMA LTDA,16,nao
BRATELM HCT,BRATELM HCT,Similar,ACHÉ LABORATÓRIOS FARMACÊUTICOS S.A,5,nao
BRAVAN,BRAVAN,Similar,ACHÉ LABORATÓRIOS FARMACÊUTICOS S.A,6,nao
BRAVAN DUO,BRAVAN DUO,Similar,ACHÉ LABORATÓRIOS FARMACÊUTICOS S.A,10,nao
BRAVAN HCT,BRAVAN HCT,Similar,ACHÉ LABORATÓRIOS FARMACÊUTICOS S.A,6,nao
BRECILA,BRECILA,Similar,ACCORD FARMACÊUTICA LTDA,2,nao
BREELET,BREELET,Similar,LABORATORIO QUIMICO FARMACEUTICO BERGAMO LTDA,1,nao
BRENZYS,BRENZYS,Biológico,SAMSUNG BIOEPIS BR PHARMACEUTICAL LTDA.,1,nao
BREVIBLOC,BREVIBLOC,Similar,CRISTÁLIA PRODUTOS QUÍMICOS FARMACÊUTICOS LTDA.,4,nao
BREVIBLOC DILUÍDO,BREVIBLOC DILUIDO,Novo,CRISTÁLIA PRODUTOS QUÍMICOS FARMACÊUTICOS LTDA.,1,nao
BREXIN,BREXIN,Similar,LABORATÓRIO GROSS S. A.,1,nao
BREZTRI AEROSPHERE,BREZTRI AEROSPHERE,Novo,ASTRAZENECA DO BRASIL LTDA,1,nao
BRIDION,BRIDION,Novo,MERCK SHARP & DOHME FARMACEUTICA LTDA.,1,nao
BRILINTA,BRILINTA,Novo,ASTRAZENECA DO BRASIL LTDA,2,nao
BRINEURA,BRINEURA,Biológico,BIOMARIN BRASIL FARMACÊUTICA LTDA,1,nao
BRINTELLIX,BRINTELLIX,Novo,LUNDBECK BRASIL LTDA,6,nao
BRITENS,BRITENS,Similar,UNIÃO QUÍMICA FARMACÊUTICA NACIONAL S/A,2,nao
BRITENS LC,BRITENS LC,Similar,UNIÃO QUÍMICA FARMACÊUTICA NACIONAL S/A,2,nao
BRIXAG,BRIXAG,Similar,LEGRAND PHARMA INDUSTRIA FARMACEUTICA LTDA,2,nao
BROMIL,BROMIL,Novo,EMS S/A,2,nao
BROMOGEX,BROMOGEX,Similar,WASSER FARMA LTDA,1,nao
BROMOPRIDA,BROMOPRIDA,Similar,ACHÉ LABORATÓRIOS FARMACÊUTICOS S.A | AIRELA INDÚSTRIA FARMACÊUTICA LTDA. | CIMED INDUSTRIA S.A | EMS S/A | FRESENIUS KABI BRASIL LTDA | GERMED FARMACEUTICA LTDA | HIPOLABOR FARMACEUTICA LTDA | LABORATORIO TEUTO BRASILEIRO S/A | LEGRAND PHARMA INDUSTRIA FARMACEUTICA LTDA | MULTILAB INDUSTRIA E COMERCIO DE PRODUTOS FARMACEUTICOS LTDA | NATIVITA IND. COM. LTDA. | PRATI DONADUZZI & CIA LTDA | SANOFI MEDLEY FARMACÊUTICA LTDA. | UNIÃO QUÍMICA FARMACÊUTICA NACIONAL S/A | VITAMEDIC INDUSTRIA FARMACEUTICA LTDA | WASSER FARMA LTDA,28,sim
BROMUC,BROMUC,Similar,BLAU FARMACEUTICA S.A.,2,nao
BRONCATAR,BRONCATAR,Similar,CAZI QUIMICA FARMACEUTICA INDUSTRIA E COMERCIO LTDA,3,nao
BRONCHO-VAXOM,BRONCHO VAXOM,Novo,CHIESI FARMACÊUTICA LTDA,5,nao
BRONCOLEX,BRONCOLEX,Similar,LEGRAND PHARMA INDUSTRIA FARMACEUTICA LTDA,2,nao
BRONCOMUCOL,BRONCOMUCOL,Similar,CIFARMA CIENTÍFICA FARMACÊUTICA LTDA,2,nao
BRONDELIX,BRONDELIX,Fitoterápico,EMS S/A,1,nao
BRONDILAT,BRONDILAT,Similar,ACHÉ LABORATÓRIOS FARMACÊUTICOS S.A,4,nao
BRONQTRAT,BRONQTRAT,Similar,NATULAB LABORATORIO S.A,3,nao
BRONQUITOSS,BRONQUITOSS,Similar,LEGRAND PHARMA INDUSTRIA FARMACEUTICA LTDA,1,nao
BRONQUIVITA,BRONQUIVITA,Fitoterápico,LABORATORIO VITALAB LTDA,1,nao
BRONTEK,BRONTEK,Similar,GEOLAB INDÚSTRIA FARMACÊUTICA S/A,2,nao
BRONX,BRONX,Similar,ACHÉ LABORATÓRIOS FARMACÊUTICOS S.A,8,nao
BRONXOL,BRONXOL,Similar,CIFARMA CIENTÍFICA FARMACÊUTICA LTDA,6,nao
BRUKINSA,BRUKINSA,Novo,BEONE MEDICINES BRASIL LTDA,1,nao
BRYONY,BRYONY,Similar,UNIÃO QUÍMICA FARMACÊUTICA NACIONAL S/A,1,nao
BRYST,BRYST,Similar,LABORATORIO QUIMICO FARMACEUTICO BERGAMO LTDA,2,nao
BUCLINA,BUCLINA,Novo,COSMED INDUSTRIA DE COSMETICOS E MEDICAMENTOS S.A. | SANOFI MEDLEY FARMACÊUTICA LTDA.,2,nao
BUENE,BUENE,Similar,CRISTÁLIA PRODUTOS QUÍMICOS FARMACÊUTICOS LTDA.,3,nao
BUONA,BUONA,Fitoterápico,EUROFARMA LABORATORIOS S.A.,2,nao
BUP,BUP,Similar,EUROFARMA LABORATORIOS S.A.,3,nao
BUP XL,BUP XL,Similar,EUROFARMA LABORATORIOS S.A.,6,nao
BUPICAN,BUPICAN,Similar,UNIÃO QUÍMICA FARMACÊUTICA NACIONAL S/A,2,nao
BUPIUM,BUPIUM,Similar,EMS SIGMA PHARMA LTDA,2,nao
BUPIUM XL,BUPIUM XL,Similar,EMS SIGMA PHARMA LTDA,6,nao
BUPNAL,BUPNAL,Similar,SUPERA FARMA LABORATÓRIOS S.A,2,nao
BUPREXIS XL,BUPREXIS XL,Similar,ACHÉ LABORATÓRIOS FARMACÊUTICOS S.A,4,nao
BUPROLIVIUM,BUPROLIVIUM,Similar,KLEY HERTZ FARMACEUTICA S.A,4,nao
BUPROVIL,BUPROVIL,Similar,MULTILAB INDUSTRIA E COMERCIO DE PRODUTOS FARMACEUTICOS LTDA,8,nao
BUPSTESIC,BUPSTESIC,Similar,UNIÃO QUÍMICA FARMACÊUTICA NACIONAL S/A,1,nao
BUPSTESIC COM VASO,BUPSTESIC COM VASO,Similar,UNIÃO QUÍMICA FARMACÊUTICA NACIONAL S/A,1,nao
BUSCODUO,BUSCODUO,Novo,COSMED INDUSTRIA DE COSMETICOS E MEDICAMENTOS S.A.,1,nao
BUSCOFEM,BUSCOFEM,Novo,COSMED INDUSTRIA DE COSMETICOS E MEDICAMENTOS S.A.,4,nao
BUSCOFEM GIRLS,BUSCOFEM GIRLS,Novo,COSMED INDUSTRIA DE COSMETICOS E MEDICAMENTOS S.A.,1,nao
BUSCOPAN,BUSCOPAN,Novo,COSMED INDUSTRIA DE COSMETICOS E MEDICAMENTOS S.A.,4,nao
BUSCOPAN COMPOSTO,BUSCOPAN COMPOSTO,Novo | Similar,COSMED INDUSTRIA DE COSMETICOS E MEDICAMENTOS S.A.,4,nao
BUSCOPAN PEDIÁTRICO,BUSCOPAN PEDIATRICO,Similar,COSMED INDUSTRIA DE COSMETICOS E MEDICAMENTOS S.A.,1,nao
BUSCOPLEX COMPOSTO,BUSCOPLEX COMPOSTO,Similar,NATULAB LABORATORIO S.A,2,nao
BUSCOVERAN COMPOSTO,BUSCOVERAN COMPOSTO,Similar,UNIÃO QUÍMICA FARMACÊUTICA NACIONAL S/A,4,nao
BUSONID,BUSONID,Novo | Similar,ACHÉ LABORATÓRIOS FARMACÊUTICOS S.A,20,nao
BUTACID,BUTACID,Similar,VITAMEDIC INDUSTRIA FARMACEUTICA LTDA,2,nao
BUTALAB,BUTALAB,Similar,NATULAB LABORATORIO S.A,2,nao
BUTANTAN-DV,BUTANTAN DV,Biológico,INSTITUTO BUTANTAN,1,nao
BUXILFAM,BUXILFAM,Similar,ACCORD FARMACÊUTICA LTDA,2,nao
BYCAL,BYCAL,Similar,ACCORD FARMACÊUTICA LTDA,1,nao
BYCAL 150,BYCAL 150,Novo,ACCORD FARMACÊUTICA LTDA,3,nao
BYFAVO,BYFAVO,Novo,CRISTÁLIA PRODUTOS QUÍMICOS FARMACÊUTICOS LTDA.,2,nao
BYLVAY,BYLVAY,Novo,BEAUFOUR IPSEN FARMACÊUTICA LTDA,4,nao
C-PLATIN,C PLATIN,Similar,BLAU FARMACEUTICA S.A.,3,nao
CAAB,CAAB,Similar,ACCORD FARMACÊUTICA LTDA,1,nao
CABAZRED,CABAZRED,Similar,DR. REDDYS FARMACÊUTICA DO BRASIL LTDA,1,nao
CABEREDUX,CABEREDUX,Similar,CRISTÁLIA PRODUTOS QUÍMICOS FARMACÊUTICOS LTDA.,2,nao
CABERTRIX,CABERTRIX,Similar,ADIUM S.A.,2,nao
CABLIVI,CABLIVI,Biológico,SANOFI MEDLEY FARMACÊUTICA LTDA.,1,nao
CABOMETYX,CABOMETYX,Novo,BEAUFOUR IPSEN FARMACÊUTICA LTDA,3,nao
CADENZA,CADENZA,Similar,ACHÉ LABORATÓRIOS FARMACÊUTICOS S.A,6,nao
CADVAS,CADVAS,Similar,PRATI DONADUZZI & CIA LTDA,4,nao
CADYR,CADYR,Similar,PRATI DONADUZZI & CIA LTDA,4,nao
CAFIASPIRINA,CAFIASPIRINA,Novo,BAYER S.A.,1,nao
CAFILISADOR,CAFILISADOR,Novo,COSMED INDUSTRIA DE COSMETICOS E MEDICAMENTOS S.A.,2,nao
CALCIFIX COMPOSTO B12,CALCIFIX COMPOSTO B12,Específico,CIFARMA CIENTÍFICA FARMACÊUTICA LTDA,1,nao
CALCIOFAR PLUS,CALCIOFAR PLUS,Específico,BELFAR LTDA,6,nao
CALCITRAN B12,CALCITRAN B12,Específico,VIDFARMA INDÚSTRIA DE MEDICAMENTOS LTDA,1,nao
CALCORT,CALCORT,Novo,BLANVER FARMOQUIMICA E FARMACEUTICA S.A.,2,nao
CALMADOR,CALMADOR,Similar,LABORATORIO SAUDE LTDA,1,nao
CALMALEVHY,CALMALEVHY,Fitoterápico,VIDORA FARMACEUTICA LTDA,1,nao
CALMASYN,CALMASYN,Fitoterápico,CIFARMA CIENTÍFICA FARMACÊUTICA LTDA,3,nao
CALMINEX DICLO,CALMINEX DICLO,Similar,COSMED INDUSTRIA DE COSMETICOS E MEDICAMENTOS S.A.,2,nao
CALMITANE,CALMITANE,Fitoterápico,BIONATUS LABORATÓRIO BOTÂNICO LTDA,5,nao
CALNATE,CALNATE,Similar,EUROFARMA LABORATORIOS S.A.,2,nao
CALQUENCE COMPRIMIDOS,CALQUENCE COMPRIMIDOS,Novo,ASTRAZENECA DO BRASIL LTDA,1,nao
CALRECIA,CALRECIA,Específico,FRESENIUS MEDICAL CARE LTDA,1,nao
CALT,CALT,Similar,CRISTÁLIA PRODUTOS QUÍMICOS FARMACÊUTICOS LTDA.,2,nao
CALTREN,CALTREN,Similar,LIBBS FARMACÊUTICA LTDA,2,nao
CAMOMILINA C,CAMOMILINA C,Específico,THERASKIN FARMACEUTICA LTDA.,1,nao
CAMPTOSAR,CAMPTOSAR,Novo,PFIZER BRASIL LTDA,4,nao
CAMPTRIX,CAMPTRIX,Similar,LABORATORIO QUIMICO FARMACEUTICO BERGAMO LTDA,6,nao
CAMZYOS,CAMZYOS,Novo,BRISTOL-MYERS SQUIBB FARMACÊUTICA LTDA,4,nao
CANCIDAS,CANCIDAS,Novo,MERCK SHARP & DOHME FARMACEUTICA LTDA.,2,nao
CANDERM,CANDERM,Similar,LEGRAND PHARMA INDUSTRIA FARMACEUTICA LTDA,2,nao
CANDICORT,CANDICORT,Similar,ACHÉ LABORATÓRIOS FARMACÊUTICOS S.A,4,nao
CANDIGRAN,CANDIGRAN,Similar,LEGRAND PHARMA INDUSTRIA FARMACEUTICA LTDA,1,nao
CANDITRAT,CANDITRAT,Similar,LABORATORIO TEUTO BRASILEIRO S/A,2,nao
CANEPHRON,CANEPHRON,Fitoterápico,BIONORICA DO BRASIL DISTRIBUICAO E IMPORTACAO LTDA,1,nao
CANESTEN,CANESTEN,Novo,BAYER S.A.,6,nao
CAPEDUC,CAPEDUC,Similar,CRISTÁLIA PRODUTOS QUÍMICOS FARMACÊUTICOS LTDA.,2,nao
CAPILAREMA,CAPILAREMA,Novo,LABORATÓRIOS BALDACCI LTDA,2,nao
CAPITRAT MEN,CAPITRAT MEN,Similar,KLEY HERTZ FARMACEUTICA S.A,3,nao
CAPOX,CAPOX,Similar,GEOLAB INDÚSTRIA FARMACÊUTICA S/A,3,nao
CAPRELSA,CAPRELSA,Novo,SANOFI MEDLEY FARMACÊUTICA LTDA.,2,nao
CAPSFEN,CAPSFEN,Novo,CATALENT BRASIL LTDA.,1,nao
CAPTOCORD,CAPTOCORD,Similar,LABORATORIO GLOBO SA,3,nao
CAPTOLAB,CAPTOLAB,Similar,MULTILAB INDUSTRIA E COMERCIO DE PRODUTOS FARMACEUTICOS LTDA,13,nao
CAPTOMIDO,CAPTOMIDO,Similar,BELFAR LTDA,1,nao
CAPTOSEN,CAPTOSEN,Similar,PHARLAB INDÚSTRIA FARMACÊUTICA S.A.,2,nao
CAPY,CAPY,Similar,GERMED FARMACEUTICA LTDA,4,nao
CAPZAT,CAPZAT,Similar,ACHÉ LABORATÓRIOS FARMACÊUTICOS S.A,2,nao
CARBAGLU,CARBAGLU,Novo,RECORDATI RARE DISEASES COMÉRCIO DE MEDICAMENTOS LTDA - ME,2,nao
CARBIDOL,CARBIDOL,Similar,LABORATORIO TEUTO BRASILEIRO S/A,1,nao
CARBITAL,CARBITAL,Similar,LABORATORIO TEUTO BRASILEIRO S/A,2,nao
CARBOLITIUM,CARBOLITIUM,Novo,EUROFARMA LABORATORIOS S.A.,10,nao
CARDBET,CARDBET,Similar,MULTILAB INDUSTRIA E COMERCIO DE PRODUTOS FARMACEUTICOS LTDA,4,nao
CARDILOL,CARDILOL,Similar,LIBBS FARMACÊUTICA LTDA,7,nao
CARDIOXANE,CARDIOXANE,Novo,ADIUM S.A.,1,nao
CARDIZEM,CARDIZEM,Novo,BOEHRINGER INGELHEIM DO BRASIL QUIMICA E FARMACEUTICA LTDA.,4,nao
CARDURAN,CARDURAN,Novo,LABORATORIOS PFIZER LTDA | UPJOHN BRASIL IMPORTADORA E DISTRIBUIDORA DE MEDICAMENTOS LTDA.,2,nao
CARELI,CARELI,Similar,EMS S/A,3,nao
CARLIT,CARLIT,Similar,SUPERA FARMA LABORATÓRIOS S.A,5,nao
CARVEDILAT,CARVEDILAT,Similar,EMS SIGMA PHARMA LTDA,4,nao
CARVEGRAN,CARVEGRAN,Similar,LEGRAND PHARMA INDUSTRIA FARMACEUTICA LTDA,6,nao
CARVEROL,CARVEROL,Específico,UNIÃO QUÍMICA FARMACÊUTICA NACIONAL S/A,1,nao
CARVYKTI®,CARVYKTI,Produto de Terapia Avançada,JANSSEN-CILAG FARMACEUTICA LTDA,1,nao
CÁSCARA SAGRADA BIONATUS,CASCARA SAGRADA BIONATUS,Fitoterápico,BIONATUS LABORATÓRIO BOTÂNICO LTDA,2,nao
CÁSCARA SAGRADA HERBARIUM,CASCARA SAGRADA HERBARIUM,Fitoterápico,HERBARIUM LABORATORIO BOTANICO LTDA,1,nao
CASODEX,CASODEX,Novo,ASTRAZENECA DO BRASIL LTDA,1,nao
CASPACIL,CASPACIL,Específico,CAZI QUIMICA FARMACEUTICA INDUSTRIA E COMERCIO LTDA,1,nao
CASTANHA DA ÍNDIA,CASTANHA DA INDIA,Fitoterápico,BELFAR LTDA,2,nao
CASTANHA DA ÍNDIA ATALAIA,CASTANHA DA INDIA ATALAIA,Fitoterápico,FARMABRAZ BETA ATALAIA FARMACEUTICA LTDA,1,nao
CASTANHA DA ÍNDIA EC,CASTANHA DA INDIA EC,Fitoterápico,AS ERVAS CURAM INDUSTRIA FARMACEUTICA LTDA,1,nao
CASTANHA DA INDIA GLOBO,CASTANHA DA INDIA GLOBO,Fitoterápico,LABORATORIO GLOBO SA,1,nao
CASTANHA DA ÍNDIA HERBARIUM,CASTANHA DA INDIA HERBARIUM,Fitoterápico,HERBARIUM LABORATORIO BOTANICO LTDA,1,nao
CASTANHA DA ÍNDIA LABORATÓRIOS OSÓRIO DE MORAES,CASTANHA DA INDIA LABORATORIOS OSORIO DE MORAES,Fitoterápico,LABORATÓRIOS OSÓRIO DE MORAES LTDA,1,nao
CATAFLAM,CATAFLAM,Novo,NOVARTIS BIOCIENCIAS S.A,3,nao
CATAFLAMPRO,CATAFLAMPRO,Novo,PF CONSUMER HEALTHCARE BRAZIL IMPORTADORA E DISTRIBUIDORA DE MEDICAMENTOS LTDA,6,nao
CATAFLEXYM,CATAFLEXYM,Similar,CIFARMA CIENTÍFICA FARMACÊUTICA LTDA,1,nao
CATARSE ODT,CATARSE ODT,Similar,FARMOQUÍMICA S/A,4,nao
CAVERJECT,CAVERJECT,Novo,PFIZER BRASIL LTDA,2,nao
CAZIDERM,CAZIDERM,Similar,CAZI QUIMICA FARMACEUTICA INDUSTRIA E COMERCIO LTDA,3,nao
CAZIGERAN,CAZIGERAN,Específico,CAZI QUIMICA FARMACEUTICA INDUSTRIA E COMERCIO LTDA,1,nao
CBEQUIM,CBEQUIM,Similar,MULTILAB INDUSTRIA E COMERCIO DE PRODUTOS FARMACEUTICOS LTDA,2,nao
CEBETYM,CEBETYM,Similar,CIFARMA CIENTÍFICA FARMACÊUTICA LTDA,2,nao
CEBION,CEBION,Específico,PROCTER & GAMBLE DO BRASIL LTDA,5,nao
CEBRALAT,CEBRALAT,Novo,LIBBS FARMACÊUTICA LTDA,4,nao
CEBRILIN,CEBRILIN,Novo | Similar,LIBBS FARMACÊUTICA LTDA,3,nao
CECI,CECI,Similar,LIBBS FARMACÊUTICA LTDA,2,nao
CECLOR,CECLOR,Similar,EMS SIGMA PHARMA LTDA,4,nao
CEDROXIL,CEDROXIL,Similar,LEGRAND PHARMA INDUSTRIA FARMACEUTICA LTDA,1,nao
CEDUR,CEDUR,Novo,TEVA FARMACÊUTICA LTDA.,1,nao
CEF,CEF,Similar,UNIÃO QUÍMICA FARMACÊUTICA NACIONAL S/A,1,nao
CEFAGEL,CEFAGEL,Similar,MULTILAB INDUSTRIA E COMERCIO DE PRODUTOS FARMACEUTICOS LTDA,1,nao
CEFALIUM ONE,CEFALIUM ONE,Similar,ACHÉ LABORATÓRIOS FARMACÊUTICOS S.A,1,nao
CEFALIV,CEFALIV,Novo,ACHÉ LABORATÓRIOS FARMACÊUTICOS S.A,1,nao
CEFARISTON,CEFARISTON,Similar,BLAU FARMACEUTICA S.A.,5,nao
CEFAZIMA,CEFAZIMA,Similar,INSTITUTO BIOCHIMICO INDÚSTRIA FARMACÊUTICA LTDA,1,nao
CEFTAFOR,CEFTAFOR,Similar,FRESENIUS KABI BRASIL LTDA,1,nao
CEFTAZIDON,CEFTAZIDON,Similar,BLAU FARMACEUTICA S.A.,2,nao
CEFTFENPRO LP,CEFTFENPRO LP,Similar,GERMED FARMACEUTICA LTDA,5,nao
CEFTON,CEFTON,Similar,BLAU FARMACEUTICA S.A.,6,nao
CEFTRIONA,CEFTRIONA,Similar,FRESENIUS KABI BRASIL LTDA,2,nao
CELEBRA,CELEBRA,Novo,LABORATORIOS PFIZER LTDA | VIATRIS FARMACEUTICA DO BRASIL LTDA,10,nao
CELERG,CELERG,Similar,LEGRAND PHARMA INDUSTRIA FARMACEUTICA LTDA,2,nao
CELERGIN,CELERGIN,Similar,EMS S/A,3,nao
CELESTAMINE,CELESTAMINE,Novo,COSMED INDUSTRIA DE COSMETICOS E MEDICAMENTOS S.A.,4,nao
CELESTONE,CELESTONE,Novo,COSMED INDUSTRIA DE COSMETICOS E MEDICAMENTOS S.A.,4,nao
CELESTONE SOLUSPAN,CELESTONE SOLUSPAN,Novo,COSMED INDUSTRIA DE COSMETICOS E MEDICAMENTOS S.A.,1,nao
CELESTRAT,CELESTRAT,Similar,UNIÃO QUÍMICA FARMACÊUTICA NACIONAL S/A,2,nao
CELETIL,CELETIL,Similar,GEOLAB INDÚSTRIA FARMACÊUTICA S/A,1,nao
CELLCEPT,CELLCEPT,Novo,PRODUTOS ROCHE QUÍMICOS E FARMACÊUTICOS S.A.,1,nao
CELSENTRI,CELSENTRI,Novo,GLAXOSMITHKLINE BRASIL LTDA,3,nao
CERAZETTE,CERAZETTE,Novo,MERCK SHARP & DOHME FARMACEUTICA LTDA. | ORGANON FARMACEUTICA LTDA.,3,nao
CEREZYME,CEREZYME,Biológico,SANOFI MEDLEY FARMACÊUTICA LTDA.,1,nao
CERMAZ,CERMAZ,Similar,CRISTÁLIA PRODUTOS QUÍMICOS FARMACÊUTICOS LTDA.,1,nao
CERNE-12,CERNE 12,Específico,BAXTER HOSPITALAR LTDA,1,nao
CERTICAN,CERTICAN,Novo,NOVARTIS BIOCIENCIAS S.A,3,nao
CERUMIN,CERUMIN,Novo,NOVARTIS BIOCIENCIAS S.A,1,nao
CETADEX,CETADEX,Similar,GEOLAB INDÚSTRIA FARMACÊUTICA S/A,1,nao
CETAZIMA,CETAZIMA,Similar,FRESENIUS KABI BRASIL LTDA,2,nao
CETOBETA,CETOBETA,Similar,CELLERA FARMACEUTICA S.A.,2,nao
CETOCORT,CETOCORT,Similar,LABORATORIO TEUTO BRASILEIRO S/A,2,nao
CETOCORT-N,CETOCORT N,Similar,LABORATORIO TEUTO BRASILEIRO S/A,2,nao
CETOFENID,CETOFENID,Similar,LABORATORIO TEUTO BRASILEIRO S/A,3,nao
CETOMICOSS,CETOMICOSS,Similar,LABORATORIO GLOBO SA,3,nao
CETONAT,CETONAT,Similar,NATIVITA IND. COM. LTDA.,1,nao
CETOP,CETOP,Similar,AIRELA INDÚSTRIA FARMACÊUTICA LTDA.,1,nao
CETROLAC,CETROLAC,Similar,UNIÃO QUÍMICA FARMACÊUTICA NACIONAL S/A,4,nao
CETROLAC SL,CETROLAC SL,Similar,UNIÃO QUÍMICA FARMACÊUTICA NACIONAL S/A,3,nao
CETROTIDE,CETROTIDE,Novo,MERCK S/A,1,nao
CEWIN,CEWIN,Específico,SANOFI MEDLEY FARMACÊUTICA LTDA.,1,nao
CEZOLIN,CEZOLIN,Similar,INSTITUTO BIOCHIMICO INDÚSTRIA FARMACÊUTICA LTDA,1,nao
CHAMPIX,CHAMPIX,Novo,PFIZER BRASIL LTDA,4,nao
CHERRY,CHERRY,Similar,FARMOQUÍMICA S/A,2,nao
CHORIOMON-M,CHORIOMON M,Biológico,BESINS HEALTHCARE BRASIL COMERCIAL E DISTRIBUIDORA DE MEDICAMENTOS LTDA | UCB BIOPHARMA LTDA.,6,nao
CHRON-ASA 5,CHRON ASA 5,Similar,EMS SIGMA PHARMA LTDA,6,nao
CIALIS,CIALIS,Novo,ELI LILLY DO BRASIL LTDA,5,nao
CIBEX,CIBEX,Similar,SUPERA FARMA LABORATÓRIOS S.A,2,nao
CIBINQO,CIBINQO,Novo,PFIZER BRASIL LTDA,3,nao
CICATENOL,CICATENOL,Específico,EMS S/A,1,nao
CICLADOL,CICLADOL,Similar,CHIESI FARMACÊUTICA LTDA,2,nao
CICLATRY,CICLATRY,Similar,MULTILAB INDUSTRIA E COMERCIO DE PRODUTOS FARMACEUTICOS LTDA,4,nao
CICLO 21,CICLO 21,Similar,UNIÃO QUÍMICA FARMACÊUTICA NACIONAL S/A,2,nao
CICLOLATO,CICLOLATO,Similar,CRISTÁLIA PRODUTOS QUÍMICOS FARMACÊUTICOS LTDA.,1,nao
CICLOMIDRIN,CICLOMIDRIN,Similar,CRISTÁLIA PRODUTOS QUÍMICOS FARMACÊUTICOS LTDA.,1,nao
CICLOPLÉGICO,CICLOPLEGICO,Novo,ALLERGAN PRODUTOS FARMACÊUTICOS LTDA,1,nao
CICLOPRIMOGYNA,CICLOPRIMOGYNA,Novo,BAYER S.A.,1,nao
CICLORTEN,CICLORTEN,Similar,EMS S/A,3,nao
CICLOVULAR,CICLOVULAR,Similar,UNIÃO QUÍMICA FARMACÊUTICA NACIONAL S/A,1,nao
CIFLOGEX,CIFLOGEX,Similar,CIMED INDUSTRIA S.A,7,nao
CIFLOXATIL,CIFLOXATIL,Similar,GALLIA INDUSTRIA FARMACEUTICA LTDA,1,nao
CIFOBAN,CIFOBAN,Específico,FRESENIUS MEDICAL CARE LTDA,2,nao
CILINON,CILINON,Similar,BLAU FARMACEUTICA S.A.,7,nao
CILODEX,CILODEX,Similar,NOVARTIS BIOCIENCIAS S.A,1,nao
CILOXAN,CILOXAN,Novo,NOVARTIS BIOCIENCIAS S.A,1,nao
CIMECORT,CIMECORT,Similar,CIMED INDUSTRIA S.A,2,nao
CIMEGRIPE,CIMEGRIPE,Similar,CIMED INDUSTRIA S.A,4,nao
CIMEGRIPE 77C,CIMEGRIPE 77C,Similar,CIMED INDUSTRIA S.A,1,nao
CIMEGRIPE DIA,CIMEGRIPE DIA,Similar,CIMED INDUSTRIA S.A,1,nao
CIMELIDE,CIMELIDE,Similar,CIMED INDUSTRIA S.A,2,nao
CIMZIA,CIMZIA,Biológico,UCB BIOPHARMA LTDA.,1,nao
CINATREX,CINATREX,Similar,CIFARMA CIENTÍFICA FARMACÊUTICA LTDA,1,nao
CINCORDIL,CINCORDIL,Similar,EMS SIGMA PHARMA LTDA,1,nao
CINETOL,CINETOL,Similar,CRISTÁLIA PRODUTOS QUÍMICOS FARMACÊUTICOS LTDA.,6,nao
CINRYZE,CINRYZE,Biológico,TAKEDA PHARMA LTDA.,1,nao
CIPIDE,CIPIDE,Similar,ACHÉ LABORATÓRIOS FARMACÊUTICOS S.A,3,nao
CIPRAMIL,CIPRAMIL,Novo,LUNDBECK BRASIL LTDA,1,nao
CIPRIX,CIPRIX,Similar,GEOLAB INDÚSTRIA FARMACÊUTICA S/A,1,nao
CIPRIXIN DEXA,CIPRIXIN DEXA,Similar,GEOLAB INDÚSTRIA FARMACÊUTICA S/A,1,nao
CIPRO,CIPRO,Novo,BAYER S.A.,2,nao
CIPROBACTER,CIPROBACTER,Similar,HALEX ISTAR INDUSTRIA FARMACEUTICA SA,2,nao
CIPROBIOT,CIPROBIOT,Similar,SANDOZ DO BRASIL INDÚSTRIA FARMACÊUTICA LTDA,1,nao
CIPROCILIN,CIPROCILIN,Similar,LEGRAND PHARMA INDUSTRIA FARMACEUTICA LTDA,4,nao
CIPROFAR,CIPROFAR,Similar,LABORATÓRIO FARMACÊUTICO ELOFAR LTDA,3,nao
CIPROFLONAX,CIPROFLONAX,Similar,PHARLAB INDÚSTRIA FARMACÊUTICA S.A.,2,nao
CIPROFLOXATRIN,CIPROFLOXATRIN,Similar,LABORATORIO GLOBO SA,1,nao
CIREFA,CIREFA,Similar,PRATI DONADUZZI & CIA LTDA,4,nao
CIS,CIS,Similar,CRISTÁLIA PRODUTOS QUÍMICOS FARMACÊUTICOS LTDA.,2,nao
CISAUNI,CISAUNI,Similar,UNIÃO QUÍMICA FARMACÊUTICA NACIONAL S/A,1,nao
CISTEIL,CISTEIL,Similar,GEOLAB INDÚSTRIA FARMACÊUTICA S/A,9,nao
CITALOR,CITALOR,Novo,VIATRIS FARMACEUTICA DO BRASIL LTDA,4,nao
CITANEST 3% COM OCTAPRESSIN,CITANEST 3 COM OCTAPRESSIN,Similar,DLA PHARMACEUTICAL LTDA,1,nao
CITARAX,CITARAX,Similar,BLAU FARMACEUTICA S.A.,2,nao
CITOBÊ,CITOBE,Específico,EUROFARMA LABORATORIOS S.A.,3,nao
CITOBÊ-DEXA,CITOBE DEXA,Similar,EUROFARMA LABORATORIOS S.A.,2,nao
CITOCAINA,CITOCAINA,Similar,CRISTÁLIA PRODUTOS QUÍMICOS FARMACÊUTICOS LTDA.,1,nao
CITONEURIN,CITONEURIN,Específico,PROCTER & GAMBLE DO BRASIL LTDA,12,nao
CITONEURIN 5000 TABS,CITONEURIN 5000 TABS,Específico,PROCTER & GAMBLE DO BRASIL LTDA,1,nao
CITOPLAX,CITOPLAX,Similar,LABORATORIO QUIMICO FARMACEUTICO BERGAMO LTDA,1,nao
CITOSTAL,CITOSTAL,Novo,BRISTOL-MYERS SQUIBB FARMACÊUTICA LTDA,2,nao
CITTÀ,CITTA,Similar,EUROFARMA LABORATORIOS S.A.,2,nao
CIXIN,CIXIN,Similar,GEOLAB INDÚSTRIA FARMACÊUTICA S/A,1,nao
CIZAX,CIZAX,Similar,COSMED INDUSTRIA DE COSMETICOS E MEDICAMENTOS S.A.,4,nao
CLABAT,CLABAT,Similar,EMS S/A,8,nao
CLAFORDIL,CLAFORDIL,Similar,BLAU FARMACEUTICA S.A.,2,nao
CLANISTIL,CLANISTIL,Similar,BRAINFARMA INDÚSTRIA QUÍMICA E FARMACÊUTICA S.A,1,nao
CLAQUINONA,CLAQUINONA,Similar,GERMED FARMACEUTICA LTDA,2,nao
CLARIL,CLARIL,Novo,NOVARTIS BIOCIENCIAS S.A,1,nao
CLARILIB,CLARILIB,Similar,BLAU FARMACEUTICA S.A.,2,nao
CLARISCAN,CLARISCAN,Novo,GE HEALTHCARE DO BRASIL COMERCIO E SERVICOS PARA EQUIPAMENTOS MEDICO-HOSPITALARES LTDA,11,nao
CLARITIN,CLARITIN,Novo,BAYER S.A.,2,nao
CLAROFT,CLAROFT,Novo,NOVARTIS BIOCIENCIAS S.A,1,nao
CLAVULIN,CLAVULIN,Novo,GLAXOSMITHKLINE BRASIL LTDA,10,nao
CLAXAM,CLAXAM,Similar,SANDOZ DO BRASIL INDÚSTRIA FARMACÊUTICA LTDA,3,nao
CLAZI XR,CLAZI XR,Similar,GERMED FARMACEUTICA LTDA,6,nao
CLEANKINOL,CLEANKINOL,Similar,LEGRAND PHARMA INDUSTRIA FARMACEUTICA LTDA,2,nao
CLEARTOP,CLEARTOP,Similar,CIMED INDUSTRIA S.A,1,nao
CLENIL,CLENIL,Similar,CHIESI FARMACÊUTICA LTDA,3,nao
CLENIL COMPOSITUM  A,CLENIL COMPOSITUM A,Similar,CHIESI FARMACÊUTICA LTDA,1,nao
CLENIL COMPOSITUM HFA,CLENIL COMPOSITUM HFA,Novo,CHIESI FARMACÊUTICA LTDA,1,nao
CLENIL HFA,CLENIL HFA,Novo,CHIESI FARMACÊUTICA LTDA,5,nao
CLEXANE,CLEXANE,Biológico,SANOFI MEDLEY FARMACÊUTICA LTDA.,11,nao
CLIC,CLIC,Similar,ARESE PHARMA LTDA,2,nao
CLIFEMIN,CLIFEMIN,Fitoterápico,HERBARIUM LABORATORIO BOTANICO LTDA,2,nao
CLILON,CLILON,Similar,ACHÉ LABORATÓRIOS FARMACÊUTICOS S.A,3,nao
CLIMATRIX,CLIMATRIX,Fitoterápico,MYRALIS INDUSTRIA FARMACEUTICA LTDA,1,nao
CLIMENE,CLIMENE,Novo,UNIÃO QUÍMICA FARMACÊUTICA NACIONAL S/A,1,nao
CLINBACTER,CLINBACTER,Similar,UNIÃO QUÍMICA FARMACÊUTICA NACIONAL S/A,1,nao
CLINDAMIN-C,CLINDAMIN C,Similar,LABORATORIO TEUTO BRASILEIRO S/A,1,nao
CLINDARIX,CLINDARIX,Similar,BLAU FARMACEUTICA S.A.,3,nao
CLINDELLA,CLINDELLA,Similar,MULTILAB INDUSTRIA E COMERCIO DE PRODUTOS FARMACEUTICOS LTDA,2,nao
CLINDOXYL,CLINDOXYL,Novo,GLAXOSMITHKLINE BRASIL LTDA,1,nao
CLINFAR,CLINFAR,Similar,MERCK S/A,3,nao
CLIOQDERM,CLIOQDERM,Similar,GEOLAB INDÚSTRIA FARMACÊUTICA S/A,1,nao
CLISTEROL,CLISTEROL,Específico,JP INDUSTRIA FARMACEUTICA S/A,1,nao
CLIZE,CLIZE,Similar,HALEX ISTAR INDUSTRIA FARMACEUTICA SA,1,nao
CLO,CLO,Similar,EMS SIGMA PHARMA LTDA,5,nao
CLOB-X,CLOB X,Novo | Similar,GALDERMA BRASIL LTDA,6,nao
CLOCEF,CLOCEF,Similar,LABORATORIO TEUTO BRASILEIRO S/A,2,nao
CLOFEN K,CLOFEN K,Similar,1FARMA INDUSTRIA FARMACEUTICA LTDA,1,nao
CLOMAZOL,CLOMAZOL,Similar,CIFARMA CIENTÍFICA FARMACÊUTICA LTDA,1,nao
CLOMID,CLOMID,Novo,SANOFI MEDLEY FARMACÊUTICA LTDA.,1,nao
CLONIDIN,CLONIDIN,Novo,CRISTÁLIA PRODUTOS QUÍMICOS FARMACÊUTICOS LTDA.,1,nao
CLOPAM,CLOPAM,Similar,CRISTÁLIA PRODUTOS QUÍMICOS FARMACÊUTICOS LTDA.,5,nao
CLOPE,CLOPE,Similar,EMS S/A,1,nao
CLOPIDO-GRAN,CLOPIDO GRAN,Similar,LEGRAND PHARMA INDUSTRIA FARMACEUTICA LTDA,1,nao
CLOPIN,CLOPIN,Similar,ACHÉ LABORATÓRIOS FARMACÊUTICOS S.A,2,nao
CLOPIN DUO,CLOPIN DUO,Novo,ACHÉ LABORATÓRIOS FARMACÊUTICOS S.A,2,nao
CLOPIPLAX,CLOPIPLAX,Similar,GERMED FARMACEUTICA LTDA,1,nao
CLOPIXOL,CLOPIXOL,Novo,LUNDBECK BRASIL LTDA,4,nao
CLORANA,CLORANA,Novo,SANOFI MEDLEY FARMACÊUTICA LTDA.,2,nao
CLORATADD,CLORATADD,Similar,EMS S/A,3,nao
CLORDILON,CLORDILON,Similar,VITAMEDIC INDUSTRIA FARMACEUTICA LTDA,2,nao
CLORETO DE CÁLCIO 10%,CLORETO DE CALCIO 10,Específico,VASCONCELOS INDUSTRIA FARMACEUTICA E COMERCIO LTDA,3,nao
CLORETO DE POTÁSSIO,CLORETO DE POTASSIO,Específico,SAMTEC BIOTECNOLOGIA LIMITADA | SANTISA LABORATÓRIO FARMACÊUTICO S/A | VASCONCELOS INDUSTRIA FARMACEUTICA E COMERCIO LTDA,12,nao
"CLORETO DE POTÁSSIO 19,1%",CLORETO DE POTASSIO 19 1,Específico,FARMARIN INDUSTRIA E COMERCIO LTDA,1,nao
CLORETO DE SÓDIO,CLORETO DE SODIO,Específico,ANTIBIÓTICOS DO BRASIL LTDA | BEKER PRODUTOS FARMACO HOSPITALARES LTDA | EQUIPLEX INDÚSTRIA FARMACÊUTICA LTDA | FARMACE INDÚSTRIA QUÍMICO-FARMACÊUTICA CEARENSE LTDA | FARMARIN INDUSTRIA E COMERCIO LTDA | FRESENIUS KABI BRASIL LTDA | HALEX ISTAR INDUSTRIA FARMACEUTICA SA | SAMTEC BIOTECNOLOGIA LIMITADA | SANTISA LABORATÓRIO FARMACÊUTICO S/A | VASCONCELOS INDUSTRIA FARMACEUTICA E COMERCIO LTDA,41,nao
"CLORETO DE SÓDIO 0,9%",CLORETO DE SODIO 0 9,Específico,ANTIBIÓTICOS DO BRASIL LTDA | AURANTIS INDUSTRIA FARMACÊUTICA LTDA | COPERMED COMERCIAL IMPORTADORA LTDA | EUROFARMA LABORATORIOS S.A. | FARMA VISION IMPORTACAO E EXPORTACAO DE MEDICAMENTOS LTDA,21,nao
"CLORETO DE SÓDIO 0,9% BASA",CLORETO DE SODIO 0 9 BASA,Específico,BASAL INDUSTRIA FARMACEUTICA LTDA,4,nao
CLORETO DE SÓDIO - BAXTER,CLORETO DE SODIO BAXTER,Específico,BAXTER HOSPITALAR LTDA,5,nao
CLORETO DE SÓDIO BEKER,CLORETO DE SODIO BEKER,Específico,BEKER PRODUTOS FARMACO HOSPITALARES LTDA,9,nao
CLORETO DE SÓDIO + CLORETO DE CÁLCIO + ASSOCIAÇÕES FARMACE,CLORETO DE SODIO CLORETO DE CALCIO ASSOCIACOES FARMACE,Específico,FARMACE INDÚSTRIA QUÍMICO-FARMACÊUTICA CEARENSE LTDA,1,nao
CLORETO DE SÓDIO JP FISIOLÓGICO,CLORETO DE SODIO JP FISIOLOGICO,Específico,JP INDUSTRIA FARMACEUTICA S/A,4,nao
CLORETO DE SÓDIO SOLUÇÃO FISIOLÓGICA PARA IRRIGAÇÃO - BAXTER,CLORETO DE SODIO SOLUCAO FISIOLOGICA PARA IRRIGACAO BAXTER,Específico,BAXTER HOSPITALAR LTDA,1,nao
CLORIDRATO DE TIAMINA,CLORIDRATO DE TIAMINA,Específico,HIPOLABOR FARMACEUTICA LTDA,1,nao
CLOROQUINA DIFOSFATO,CLOROQUINA DIFOSFATO,Similar,FUNDACAO OSWALDO CRUZ,2,nao
CLORPROMAZ,CLORPROMAZ,Similar,UNIÃO QUÍMICA FARMACÊUTICA NACIONAL S/A,2,nao
CLOTRIGEL,CLOTRIGEL,Similar,GLENMARK FARMACÊUTICA LTDA,1,nao
CLOTRIMIX,CLOTRIMIX,Similar,FARMOQUÍMICA S/A,1,nao
COALY,COALY,Similar,LEGRAND PHARMA INDUSTRIA FARMACEUTICA LTDA,4,nao
COAMA,COAMA,Similar,EMS S/A,4,nao
COBAPETIT,COBAPETIT,Similar,CIFARMA CIENTÍFICA FARMACÊUTICA LTDA,1,nao
COBAVITAL,COBAVITAL,Novo,ABBOTT LABORATORIOS DO BRASIL LTDA,4,nao
COBI-12,COBI 12,Específico,APSEN FARMACEUTICA S/A,8,nao
COCICHIMIL,COCICHIMIL,Similar,MULTILAB INDUSTRIA E COMERCIO DE PRODUTOS FARMACEUTICOS LTDA,2,nao
COD,COD,Similar,SUPERA FARMA LABORATÓRIOS S.A,6,nao
COD PAR,COD PAR,Similar,SUPERA FARMA LABORATÓRIOS S.A,3,nao
CODATEN,CODATEN,Novo,NOVARTIS BIOCIENCIAS S.A,2,nao
CODEIN,CODEIN,Novo,CRISTÁLIA PRODUTOS QUÍMICOS FARMACÊUTICOS LTDA.,10,nao
CODEX,CODEX,Similar,UNIÃO QUÍMICA FARMACÊUTICA NACIONAL S/A,3,nao
COGIT,COGIT,Similar,BIOLAB SANUS FARMACEUTICA LTDA,5,nao
COGLIVE,COGLIVE,Similar,LIBBS FARMACÊUTICA LTDA,8,nao
COGNITUS,COGNITUS,Fitoterápico,HERBARIUM LABORATORIO BOTANICO LTDA,2,nao
COGNIVA,COGNIVA,Similar,CRISTÁLIA PRODUTOS QUÍMICOS FARMACÊUTICOS LTDA.,4,nao
COLCHIS,COLCHIS,Específico,APSEN FARMACEUTICA S/A,3,nao
COLEDUE,COLEDUE,Similar,COSMED INDUSTRIA DE COSMETICOS E MEDICAMENTOS S.A.,2,nao
COLEDUE R,COLEDUE R,Novo,COSMED INDUSTRIA DE COSMETICOS E MEDICAMENTOS S.A.,6,nao
COLEGÓRICO,COLEGORICO,Fitoterápico,LAPON INDUSTRIA FARMACEUTICA LTDA - EPP,2,nao
COLEMONO,COLEMONO,Similar,COSMED INDUSTRIA DE COSMETICOS E MEDICAMENTOS S.A.,6,nao
COLIAFT,COLIAFT,Similar,EMS S/A,1,nao
COLIPAN,COLIPAN,Similar,GREENPHARMA QUÍMICA E FARMACÊUTICA LTDA,1,nao
COLÍRIO GEOLAB,COLIRIO GEOLAB,Similar,GEOLAB INDÚSTRIA FARMACÊUTICA S/A,1,nao
COLÍRIO LEGRAND,COLIRIO LEGRAND,Similar,LEGRAND PHARMA INDUSTRIA FARMACEUTICA LTDA,1,nao
COLÍRIO MOURA BRASIL,COLIRIO MOURA BRASIL,Novo,OPELLA HEALTHCARE BRAZIL LTDA,1,nao
COLÍRIO NEO BRASIL,COLIRIO NEO BRASIL,Similar,BRAINFARMA INDÚSTRIA QUÍMICA E FARMACÊUTICA S.A,1,nao
COLÍRIO TEUTO,COLIRIO TEUTO,Similar,LABORATORIO TEUTO BRASILEIRO S/A,1,nao
COLIS-TEK,COLIS TEK,Novo,OPEM REPRESENTAÇÃO IMPORTADORA EXPORTADORA E DISTRIBUIDORA LTDA,1,nao
COLLECTRO,COLLECTRO,Similar,VIATRIS FARMACEUTICA DO BRASIL LTDA,8,nao
COLPATRIN,COLPATRIN,Similar,LABORATORIO TEUTO BRASILEIRO S/A,1,nao
COLPIST MT,COLPIST MT,Similar,ARESE PHARMA LTDA,1,nao
COLPISTATIN,COLPISTATIN,Similar,ACHÉ LABORATÓRIOS FARMACÊUTICOS S.A,1,nao
COLPOTROFINE,COLPOTROFINE,Novo,FARMA VISION IMPORTACAO E EXPORTACAO DE MEDICAMENTOS LTDA,2,nao
COLTRAX,COLTRAX,Novo,EUROFARMA LABORATORIOS S.A.,1,nao
COLTRAX INJ,COLTRAX INJ,Novo,EUROFARMA LABORATORIOS S.A.,1,nao
COLTRIENO,COLTRIENO,Similar,MYRALIS INDUSTRIA FARMACEUTICA LTDA,1,nao
COLUJET,COLUJET,Similar,CIMED INDUSTRIA S.A,1,nao
COMB ISO,COMB ISO,Específico,ACHÉ LABORATÓRIOS FARMACÊUTICOS S.A,3,nao
COMBFIX,COMBFIX,Similar,ACHÉ LABORATÓRIOS FARMACÊUTICOS S.A,3,nao
COMBIGAN,COMBIGAN,Novo,ALLERGAN PRODUTOS FARMACÊUTICOS LTDA,2,nao
COMBIRON FÓLICO,COMBIRON FOLICO,Específico,ACHÉ LABORATÓRIOS FARMACÊUTICOS S.A,2,nao
COMBIWAVE,COMBIWAVE,Similar,GLENMARK FARMACÊUTICA LTDA,3,nao
COMBODART,COMBODART,Novo,GLAXOSMITHKLINE BRASIL LTDA,3,nao
COMBTOL,COMBTOL,Similar,ACHÉ LABORATÓRIOS FARMACÊUTICOS S.A,2,nao
COMFECT,COMFECT,Similar,ACHÉ LABORATÓRIOS FARMACÊUTICOS S.A,3,nao
COMFECT DUO,COMFECT DUO,Similar,ACHÉ LABORATÓRIOS FARMACÊUTICOS S.A,4,nao
COMIRNATY,COMIRNATY,Biológico,PFIZER BRASIL LTDA,11,nao
COMPAZ,COMPAZ,Similar,CRISTÁLIA PRODUTOS QUÍMICOS FARMACÊUTICOS LTDA.,3,nao
COMPLE B,COMPLE B,Específico,NATULAB LABORATORIO S.A,2,nao
COMPLEXO B,COMPLEXO B,Específico,EMS S/A,1,nao
COMPLEXO B 12,COMPLEXO B 12,Específico,EMS S/A,1,nao
COMPLEXO B 12 XPE,COMPLEXO B 12 XPE,Específico,EMS S/A,1,nao
COMPLEXO SENNA ALMEIDA PRADO Nº 46,COMPLEXO SENNA ALMEIDA PRADO NO 46,Novo,MEGALABS FARMACEUTICA S.A.,1,nao
COMTAN,COMTAN,Novo,SANDOZ DO BRASIL INDÚSTRIA FARMACÊUTICA LTDA,1,nao
CONACORT,CONACORT,Similar,GEOLAB INDÚSTRIA FARMACÊUTICA S/A,2,nao
CONAZOL,CONAZOL,Similar,BRASTERAPICA PHARMACEUTICA LTDA.,1,nao
CONCÁRDIO,CONCARDIO,Similar,EMS S/A,12,nao
CONCERTA,CONCERTA,Novo,JANSSEN-CILAG FARMACEUTICA LTDA,3,nao
CONCOR,CONCOR,Novo,MERCK S/A,24,nao
CONCOR ANLO,CONCOR ANLO,Novo,MERCK S/A,4,nao
CONCOR HCT,CONCOR HCT,Novo,MERCK S/A,2,nao
CONDROFLEX,CONDROFLEX,Novo,ADIUM S.A.,14,nao
CONDUVAZ,CONDUVAZ,Específico,MABRA FARMACEUTICA LTDA,2,nao
CONIDRIN 3%,CONIDRIN 3,Específico,UNIÃO QUÍMICA FARMACÊUTICA NACIONAL S/A,1,nao
CONSIV,CONSIV,Similar,ADIUM S.A.,7,nao
CONTRACEP,CONTRACEP,Similar,GERMED FARMACEUTICA LTDA,2,nao
CONTRAVE,CONTRAVE,Novo,MERCK S/A,1,nao
COPAXONE,COPAXONE,Novo,TEVA FARMACÊUTICA LTDA.,1,nao
COQUES,COQUES,Similar,EUROFARMA LABORATORIOS S.A.,4,nao
COR-SELECT,COR SELECT,Similar,BIOLAB SANUS FARMACEUTICA LTDA,3,nao
CORAMENT,CORAMENT,Novo,LABORATÓRIOS FERRING LTDA,2,nao
CORDAREX,CORDAREX,Similar,ACHÉ LABORATÓRIOS FARMACÊUTICOS S.A,10,nao
CORDIL,CORDIL,Similar,LABORATORIO TEUTO BRASILEIRO S/A,1,nao
CORISTINA D CONGEST,CORISTINA D CONGEST,Similar,COSMED INDUSTRIA DE COSMETICOS E MEDICAMENTOS S.A.,3,nao
CORISTINA D PRO,CORISTINA D PRO,Novo,COSMED INDUSTRIA DE COSMETICOS E MEDICAMENTOS S.A.,3,nao
CORONAR,CORONAR,Similar,BIOLAB SANUS FARMACEUTICA LTDA,2,nao
CORRETAL,CORRETAL,Similar,EUROFARMA LABORATORIOS S.A.,2,nao
CORTICOIDEX,CORTICOIDEX,Similar,FRESENIUS KABI BRASIL LTDA,1,nao
CORTICORTEN,CORTICORTEN,Similar,BRAINFARMA INDÚSTRIA QUÍMICA E FARMACÊUTICA S.A,2,nao
CORTIDEX,CORTIDEX,Similar,PHARLAB INDÚSTRIA FARMACÊUTICA S.A.,1,nao
CORTIFAR,CORTIFAR,Similar,LABORATÓRIO FARMACÊUTICO ELOFAR LTDA,1,nao
CORTIGEN,CORTIGEN,Similar,UNIÃO QUÍMICA FARMACÊUTICA NACIONAL S/A,2,nao
CORTISONAL,CORTISONAL,Similar,UNIÃO QUÍMICA FARMACÊUTICA NACIONAL S/A,3,nao
CORTITOP,CORTITOP,Similar,MULTILAB INDUSTRIA E COMERCIO DE PRODUTOS FARMACEUTICOS LTDA,3,nao
CORUS,CORUS,Novo | Similar,ACHÉ LABORATÓRIOS FARMACÊUTICOS S.A,7,nao
CORUS H,CORUS H,Similar,ACHÉ LABORATÓRIOS FARMACÊUTICOS S.A,4,nao
COSARTAN ALP,COSARTAN ALP,Similar,GERMED FARMACEUTICA LTDA,5,nao
COSENTYX,COSENTYX,Biológico,NOVARTIS BIOCIENCIAS S.A,5,nao
COSOPT,COSOPT,Novo,MUNDIPHARMA BRASIL PRODUTOS MÉDICOS E FARMACÊUTICOS LTDA,2,nao
COTELLIC®,COTELLIC,Novo,PRODUTOS ROCHE QUÍMICOS E FARMACÊUTICOS S.A.,1,nao
COVERSYL,COVERSYL,Novo,LABORATORIOS SERVIER DO BRASIL LTDA,2,nao
COVERSYL PLUS,COVERSYL PLUS,Novo,LABORATORIOS SERVIER DO BRASIL LTDA,1,nao
COXDUO,COXDUO,Similar,TEVA FARMACÊUTICA LTDA.,1,nao
COXETO,COXETO,Similar,GERMED FARMACEUTICA LTDA,6,nao
COXYM,COXYM,Específico,GREENPHARMA QUÍMICA E FARMACÊUTICA LTDA,1,nao
COZAAR,COZAAR,Novo,ORGANON FARMACEUTICA LTDA.,3,nao
CPHD 24/34,CPHD 24 34,Específico,FRESENIUS MEDICAL CARE LTDA,1,nao
CPHD 35 BA,CPHD 35 BA,Específico,NIPRO RENAL SOLUTIONS BRASIL LTDA,1,nao
CPHD AC,CPHD AC,Específico,NIPRO RENAL SOLUTIONS BRASIL LTDA,7,nao
CPHD AC 35 C/ GLICOSE,CPHD AC 35 C GLICOSE,Específico,NIPRO RENAL SOLUTIONS BRASIL LTDA,6,nao
"CPHD BICARBONATO DE SÓDIO 8,4 %",CPHD BICARBONATO DE SODIO 8 4,Específico,FRESENIUS MEDICAL CARE LTDA,1,nao
CPHD COM GLICOSE,CPHD COM GLICOSE,Específico,FRESENIUS MEDICAL CARE LTDA,5,nao
CPHD - CONCENTRADO ÁCIDO PARA HEMODIÁLISE SEM GLICOSE,CPHD CONCENTRADO ACIDO PARA HEMODIALISE SEM GLICOSE,Específico,FARMARIN INDUSTRIA E COMERCIO LTDA,6,nao
CPHD FARMARIN,CPHD FARMARIN,Específico,FARMARIN INDUSTRIA E COMERCIO LTDA,2,nao
CPHD GENIUS,CPHD GENIUS,Específico,FRESENIUS MEDICAL CARE LTDA,4,nao
CPHD GENIUS DS,CPHD GENIUS DS,Específico,FRESENIUS MEDICAL CARE LTDA,3,nao
CPHD SEM GLICOSE 1:44,CPHD SEM GLICOSE 1 44,Específico,FRESENIUS MEDICAL CARE LTDA,2,nao
CPHD SMP 35,CPHD SMP 35,Específico,NIPRO RENAL SOLUTIONS BRASIL LTDA,1,nao
CREMEDERME,CREMEDERME,Similar,CELLERA FARMACEUTICA S.A.,2,nao
CREMEFENERGAN,CREMEFENERGAN,Novo,OPELLA HEALTHCARE BRAZIL LTDA,1,nao
CREON,CREON,Biológico,ABBOTT LABORATORIOS DO BRASIL LTDA,2,nao
CRESEMBA,CRESEMBA,Novo,UNITED MEDICAL LTDA,2,nao
CRESLIP,CRESLIP,Similar,ALTHAIA S.A. INDUSTRIA FARMACEUTICA,11,nao
CRESTOR,CRESTOR,Novo,ASTRAZENECA DO BRASIL LTDA,7,nao
CREVAGIN,CREVAGIN,Similar,EUROFARMA LABORATORIOS S.A.,1,nao
CRINONE,CRINONE,Novo,MERCK S/A,1,nao
CRISAPINA,CRISAPINA,Similar,CRISTÁLIA PRODUTOS QUÍMICOS FARMACÊUTICOS LTDA.,7,nao
CRISCY,CRISCY,Biológico,CRISTÁLIA PRODUTOS QUÍMICOS FARMACÊUTICOS LTDA.,5,nao
CRISPRED,CRISPRED,Similar,CRISTÁLIA PRODUTOS QUÍMICOS FARMACÊUTICOS LTDA.,2,nao
CRISTACILINA,CRISTACILINA,Similar,FRESENIUS KABI BRASIL LTDA,2,nao
CRISTALIN,CRISTALIN,Similar,UNIÃO QUÍMICA FARMACÊUTICA NACIONAL S/A,1,nao
CROMOGLICATO,CROMOGLICATO,Novo,ALLERGAN PRODUTOS FARMACÊUTICOS LTDA,2,nao
CRONOBÊ,CRONOBE,Específico,BIOLAB SANUS FARMACEUTICA LTDA,1,nao
CRONOBE COMPLEX,CRONOBE COMPLEX,Específico,BIOLAB SANUS FARMACEUTICA LTDA,2,nao
CRONOBE COMPLEX  IM,CRONOBE COMPLEX IM,Específico,BIOLAB SANUS FARMACEUTICA LTDA,1,nao
CRONOCOR,CRONOCOR,Similar,BIOLAB SANUS FARMACEUTICA LTDA,5,nao
CRONOPLEX,CRONOPLEX,Similar,UNIÃO QUÍMICA FARMACÊUTICA NACIONAL S/A,1,nao
CROPOC,CROPOC,Similar,LEGRAND PHARMA INDUSTRIA FARMACEUTICA LTDA,4,nao
CRYSVITA,CRYSVITA,Biológico,ULTRAGENYX BRASIL FARMACEUTICA LTDA,3,nao
CUBICIN,CUBICIN,Novo,MERCK SHARP & DOHME FARMACEUTICA LTDA.,2,nao
CUORE,CUORE,Similar,MERCK S/A,1,nao
CUPRIMINE,CUPRIMINE,Novo,MEDQUIMICA INDUSTRIA FARMACEUTICA LTDA.,1,nao
CUROSURF,CUROSURF,Novo,CHIESI FARMACÊUTICA LTDA,2,nao
CUTISANOL,CUTISANOL,Novo,CRISTÁLIA PRODUTOS QUÍMICOS FARMACÊUTICOS LTDA.,2,nao
CUVITRU,CUVITRU,Biológico,TAKEDA PHARMA LTDA.,4,nao
CYCLOFEMINA,CYCLOFEMINA,Novo,HEMAFARMA COM. E IND. FARM. LTDA,4,nao
CYDIKRIZ,CYDIKRIZ,Similar,DR. REDDYS FARMACÊUTICA DO BRASIL LTDA,15,nao
CYFENOL BABY,CYFENOL BABY,Similar,CIFARMA CIENTÍFICA FARMACÊUTICA LTDA,1,nao
CYGNUS D,CYGNUS D,Específico,DAIICHI SANKYO BRASIL FARMACÊUTICA LTDA,8,nao
CYLOCORT,CYLOCORT,Similar,UNIÃO QUÍMICA FARMACÊUTICA NACIONAL S/A,2,nao
CYMBALTA,CYMBALTA,Novo,ELI LILLY DO BRASIL LTDA,2,nao
CYMBI,CYMBI,Similar,EMS SIGMA PHARMA LTDA,12,nao
CYMEVIR,CYMEVIR,Novo,HALEX ISTAR INDUSTRIA FARMACEUTICA SA,6,nao
CYPCINO,CYPCINO,Similar,CIFARMA CIENTÍFICA FARMACÊUTICA LTDA,1,nao
CYRAMZA,CYRAMZA,Biológico,ELI LILLY DO BRASIL LTDA,2,nao
CYSTADANE,CYSTADANE,Específico,RECORDATI RARE DISEASES COMÉRCIO DE MEDICAMENTOS LTDA - ME,1,nao
CYSTEX,CYSTEX,Similar,EMS S/A,1,nao
CYSTOREN,CYSTOREN,Similar,ZYDUS NIKKHO FARMACÊUTICA LTDA,2,nao
CYTOS,CYTOS,Similar,ACCORD FARMACÊUTICA LTDA,2,nao
CYTOVINEX,CYTOVINEX,Similar,BLAU FARMACEUTICA S.A.,3,nao
D’ORTO,D ORTO,Similar,EUROFARMA LABORATORIOS S.A.,1,nao
D3CAPS,D3CAPS,Específico,UNIÃO QUÍMICA FARMACÊUTICA NACIONAL S/A,7,nao
DACARB,DACARB,Novo,EUROFARMA LABORATORIOS S.A.,2,nao
DACOGEN,DACOGEN,Novo,JANSSEN-CILAG FARMACEUTICA LTDA,1,nao
DACTIL OB,DACTIL OB,Novo,SANOFI MEDLEY FARMACÊUTICA LTDA.,1,nao
DACXI,DACXI,Similar,BIOLAB SANUS FARMACEUTICA LTDA,3,nao
DAEM,DAEM,Similar,EUROFARMA LABORATORIOS S.A.,2,nao
DAFLON,DAFLON,Específico,LABORATORIOS SERVIER DO BRASIL LTDA,7,nao
DAGLI,DAGLI,Similar,LEGRAND PHARMA INDUSTRIA FARMACEUTICA LTDA,6,nao
DAISAN,DAISAN,Similar,DAIICHI SANKYO BRASIL FARMACÊUTICA LTDA,3,nao
DAIVOBET,DAIVOBET,Novo,LEO PHARMA LTDA,2,nao
DAIVONEX,DAIVONEX,Novo,LEO PHARMA LTDA,1,nao
DAKTARIN GEL ORAL,DAKTARIN GEL ORAL,Novo,KENVUE LTDA.,1,nao
DALACIN C,DALACIN C,Novo,PFIZER BRASIL LTDA,1,nao
DALÍ,DALI,Similar,SUPERA FARMA LABORATÓRIOS S.A,1,nao
DALINVI,DALINVI,Biológico,JANSSEN-CILAG FARMACEUTICA LTDA,3,nao
DALMADORM,DALMADORM,Similar,MEDQUIMICA INDUSTRIA FARMACEUTICA LTDA.,1,nao
DALYNE,DALYNE,Similar,EMS SIGMA PHARMA LTDA,2,nao
DAMATER,DAMATER,Específico,ALTHAIA S.A. INDUSTRIA FARMACEUTICA,1,nao
DANPEZIL,DANPEZIL,Similar,DR. REDDYS FARMACÊUTICA DO BRASIL LTDA,2,nao
DANTALIN,DANTALIN,Similar,CAZI QUIMICA FARMACEUTICA INDUSTRIA E COMERCIO LTDA,1,nao
DANTROLEN,DANTROLEN,Novo,CRISTÁLIA PRODUTOS QUÍMICOS FARMACÊUTICOS LTDA.,1,nao
DANYELZA,DANYELZA,Biológico,ADIUM S.A.,1,nao
DAONIL,DAONIL,Novo,SANOFI MEDLEY FARMACÊUTICA LTDA.,1,nao
DAPAGLE,DAPAGLE,Similar,LEGRAND PHARMA INDUSTRIA FARMACEUTICA LTDA,2,nao
DAPANA,DAPANA,Similar,SUPERA FARMA LABORATÓRIOS S.A,3,nao
DAPFLOW,DAPFLOW,Similar,EMS S/A,8,nao
DAPLIZA,DAPLIZA,Similar,EUROFARMA LABORATORIOS S.A.,2,nao
DAPLYS,DAPLYS,Similar,GERMED FARMACEUTICA LTDA,2,nao
DARAPRIM,DARAPRIM,Novo,FARMOQUÍMICA S/A,1,nao
DARTRIAL,DARTRIAL,Similar,SUPERA FARMA LABORATÓRIOS S.A,5,nao
DARVYR,DARVYR,Similar,CRISTÁLIA PRODUTOS QUÍMICOS FARMACÊUTICOS LTDA.,4,nao
DASNAR,DASNAR,Similar,TORRENT DO BRASIL LTDA,2,nao
DASTENE,DASTENE,Similar,ACHÉ LABORATÓRIOS FARMACÊUTICOS S.A,3,nao
DASTENE DUO,DASTENE DUO,Similar,ACHÉ LABORATÓRIOS FARMACÊUTICOS S.A,1,nao
DATROWAY,DATROWAY,Biológico,DAIICHI SANKYO BRASIL FARMACÊUTICA LTDA,1,nao
DAXAS,DAXAS,Novo,ASTRAZENECA DO BRASIL LTDA,1,nao
DAYVIGO,DAYVIGO,Novo,EISAI LABORATÓRIOS LTDA,2,nao
DAZANYN,DAZANYN,Similar,ACCORD FARMACÊUTICA LTDA,6,nao
DBRIZ,DBRIZ,Biológico,SUPERA FARMA LABORATÓRIOS S.A,3,nao
DBRIZ UNO,DBRIZ UNO,Biológico,SUPERA FARMA LABORATÓRIOS S.A,2,nao
DDAVP,DDAVP,Novo,LABORATÓRIOS FERRING LTDA,4,nao
DEBET,DEBET,Similar,SUPERA FARMA LABORATÓRIOS S.A,2,nao
DECA-DURABOLIN,DECA DURABOLIN,Novo,ASPEN PHARMA INDÚSTRIA FARMACÊUTICA LTDA,3,nao
DECADRON,DECADRON,Similar,ACHÉ LABORATÓRIOS FARMACÊUTICOS S.A,4,nao
DECADRON COLÍRIO,DECADRON COLIRIO,Similar,ACHÉ LABORATÓRIOS FARMACÊUTICOS S.A,1,nao
DECADRON INJETÁVEL,DECADRON INJETAVEL,Similar,ACHÉ LABORATÓRIOS FARMACÊUTICOS S.A,4,nao
DECADRON NASAL,DECADRON NASAL,Similar,ACHÉ LABORATÓRIOS FARMACÊUTICOS S.A,1,nao
DECAN HALOPER,DECAN HALOPER,Similar,UNIÃO QUÍMICA FARMACÊUTICA NACIONAL S/A,1,nao
DECI,DECI,Similar,SUN FARMACÊUTICA DO BRASIL LTDA,1,nao
DECIPRAX,DECIPRAX,Similar,COSMED INDUSTRIA DE COSMETICOS E MEDICAMENTOS S.A.,3,nao
DECNAZOL,DECNAZOL,Similar,PHARLAB INDÚSTRIA FARMACÊUTICA S.A.,3,nao
DECONGEX GRIPE,DECONGEX GRIPE,Similar,ACHÉ LABORATÓRIOS FARMACÊUTICOS S.A,3,nao
DECONGEX PLUS,DECONGEX PLUS,Similar,ACHÉ LABORATÓRIOS FARMACÊUTICOS S.A,5,nao
DECONLERG,DECONLERG,Similar,ACHÉ LABORATÓRIOS FARMACÊUTICOS S.A,4,nao
DEFB,DEFB,Específico,BIOLAB SANUS FARMACEUTICA LTDA,1,nao
DEFITELIO,DEFITELIO,Biológico,ADIUM S.A.,1,nao
DEFLAIMMUN,DEFLAIMMUN,Similar,EMS SIGMA PHARMA LTDA,3,nao
DEFORCE,DEFORCE,Específico,ZYDUS NIKKHO FARMACÊUTICA LTDA,2,nao
DEFULL,DEFULL,Específico,BRASTERAPICA PHARMACEUTICA LTDA.,6,nao
DEGEN,DEGEN,Específico,BIOLAB SANUS FARMACEUTICA LTDA,11,nao
DEJAVÚ,DEJAVU,Similar,EUROFARMA LABORATORIOS S.A.,2,nao
DEKSA,DEKSA,Similar,SUPERA FARMA LABORATÓRIOS S.A,3,nao
DELABAXI,DELABAXI,Novo,EUROFARMA LABORATORIOS S.A.,1,nao
DELLER,DELLER,Similar,ACHÉ LABORATÓRIOS FARMACÊUTICOS S.A,6,nao
DELTA - IFAL,DELTA IFAL,Similar,IFAL INDUSTRIA E COMERCIO DE PRODUTOS FARMAC LTDA,2,nao
DELTALAB,DELTALAB,Similar,MULTILAB INDUSTRIA E COMERCIO DE PRODUTOS FARMACEUTICOS LTDA,1,nao
DELTAPIL,DELTAPIL,Similar,BELFAR LTDA,2,nao
DELTYBA,DELTYBA,Novo,VIATRIS FARMACEUTICA DO BRASIL LTDA,1,nao
DELUMI,DELUMI,Específico,GEOLAB INDÚSTRIA FARMACÊUTICA S/A,10,nao
DEMEDROX,DEMEDROX,Similar,UNIÃO QUÍMICA FARMACÊUTICA NACIONAL S/A,2,nao
DEMI-D,DEMI D,Específico,FARMOQUÍMICA S/A,4,nao
DENBONLI,DENBONLI,Biológico,SANDOZ DO BRASIL INDÚSTRIA FARMACÊUTICA LTDA,1,nao
DENGVAXIA,DENGVAXIA,Biológico,SANOFI MEDLEY FARMACÊUTICA LTDA.,5,nao
DENPRYX,DENPRYX,Similar,FARMOQUÍMICA S/A,2,nao
DENSIS,DENSIS,Similar,EUROFARMA LABORATORIOS S.A.,3,nao
DENYL,DENYL,Similar,CRISTÁLIA PRODUTOS QUÍMICOS FARMACÊUTICOS LTDA.,3,nao
DEOCIL,DEOCIL,Similar,DIFFUCAP - CHEMOBRÁS QUÍMICA E FARMACÊUTICA LTDA,5,nao
DEP,DEP,Similar,EUROFARMA LABORATORIOS S.A.,4,nao
DEPAKENE,DEPAKENE,Novo,ABBOTT LABORATORIOS DO BRASIL LTDA,6,nao
DEPAKOTE,DEPAKOTE,Novo,ABBOTT LABORATORIOS DO BRASIL LTDA,10,nao
DEPANTEX,DEPANTEX,Específico,NATIVITA IND. COM. LTDA.,1,nao
DEPAXAN,DEPAXAN,Similar,ACHÉ LABORATÓRIOS FARMACÊUTICOS S.A,1,nao
DEPO-MEDROL,DEPO MEDROL,Novo,PFIZER BRASIL LTDA,1,nao
DEPO-PROVERA,DEPO PROVERA,Novo,PFIZER BRASIL LTDA,2,nao
DEPOSTERON,DEPOSTERON,Similar,EMS SIGMA PHARMA LTDA,1,nao
DEPRASIL,DEPRASIL,Similar,DR. REDDYS FARMACÊUTICA DO BRASIL LTDA,2,nao
DEPURA,DEPURA,Específico,OPELLA HEALTHCARE BRAZIL LTDA,1,nao
DEPZEL,DEPZEL,Similar,UNIÃO QUÍMICA FARMACÊUTICA NACIONAL S/A,8,nao
DERADOP XL,DERADOP XL,Similar,MULTILAB INDUSTRIA E COMERCIO DE PRODUTOS FARMACEUTICOS LTDA,5,nao
DERIVA C MICRO,DERIVA C MICRO,Novo,GLENMARK FARMACÊUTICA LTDA,1,nao
DERIVA MICRO,DERIVA MICRO,Novo,GLENMARK FARMACÊUTICA LTDA,1,nao
DERMACERIUM,DERMACERIUM,Novo,CRISTÁLIA PRODUTOS QUÍMICOS FARMACÊUTICOS LTDA.,7,nao
DERMATISAN,DERMATISAN,Similar,EMS S/A,1,nao
DERMATOP,DERMATOP,Novo,SANOFI MEDLEY FARMACÊUTICA LTDA.,1,nao
DERMAZINE,DERMAZINE,Similar,CRISTÁLIA PRODUTOS QUÍMICOS FARMACÊUTICOS LTDA.,8,nao
DERMOBAN,DERMOBAN,Similar,CAZI QUIMICA FARMACEUTICA INDUSTRIA E COMERCIO LTDA,1,nao
DERMOBENE,DERMOBENE,Similar,LEGRAND PHARMA INDUSTRIA FARMACEUTICA LTDA,2,nao
DERMODEX,DERMODEX,Novo,TAKEDA PHARMA LTDA.,1,nao
DERMOMAX,DERMOMAX,Novo,ACHÉ LABORATÓRIOS FARMACÊUTICOS S.A,2,nao
DERMONASE,DERMONASE,Similar,LABORATORIO GLOBO SA,1,nao
DERMOSALIC,DERMOSALIC,Similar,CELLERA FARMACEUTICA S.A.,2,nao
DERMOTIL FUSID,DERMOTIL FUSID,Novo,GLENMARK FARMACÊUTICA LTDA,1,nao
DERMOTRIZOL,DERMOTRIZOL,Similar,BELFAR LTDA,3,nao
DERMOVAT,DERMOVAT,Similar,PHARLAB INDÚSTRIA FARMACÊUTICA S.A.,2,nao
DESAFTALIV,DESAFTALIV,Similar,KLEY HERTZ FARMACEUTICA S.A,1,nao
DESAIRON,DESAIRON,Similar,EMS S/A,3,nao
DESALEX,DESALEX,Novo,ORGANON FARMACEUTICA LTDA.,4,nao
DESALEX D12,DESALEX D12,Novo,ORGANON FARMACEUTICA LTDA.,1,nao
DESCON,DESCON,Similar,COSMED INDUSTRIA DE COSMETICOS E MEDICAMENTOS S.A.,6,nao
DESCOVY,DESCOVY,Novo,GILEAD SCIENCES FARMACEUTICA DO BRASIL LTDA,1,nao
DESDIFF,DESDIFF,Similar,DIFFUCAP - CHEMOBRÁS QUÍMICA E FARMACÊUTICA LTDA,4,nao
DESDUO,DESDUO,Similar,TORRENT DO BRASIL LTDA,6,nao
DESENVO,DESENVO,Similar,ACHÉ LABORATÓRIOS FARMACÊUTICOS S.A,5,nao
DESFERAL,DESFERAL,Novo,MASTERS SPECIALITY PHARMA LTDA,1,nao
DESIRÉE,DESIREE,Similar,FARMOQUÍMICA S/A,2,nao
DESLANOL,DESLANOL,Similar,UNIÃO QUÍMICA FARMACÊUTICA NACIONAL S/A,1,nao
DESLORANA,DESLORANA,Similar,LEGRAND PHARMA INDUSTRIA FARMACEUTICA LTDA,7,nao
DESOSKIN,DESOSKIN,Similar,EMS SIGMA PHARMA LTDA,1,nao
DESRINITE,DESRINITE,Similar,BRAINFARMA INDÚSTRIA QUÍMICA E FARMACÊUTICA S.A,2,nao
DESTADIN,DESTADIN,Similar,EMS S/A,5,nao
DESTYC,DESTYC,Similar,SANUSPHAR PESQUISA E DESENVOVIMENTO LTDA,2,nao
DESVE,DESVE,Similar,EUROFARMA LABORATORIOS S.A.,6,nao
DESVENTAG,DESVENTAG,Similar,ACHÉ LABORATÓRIOS FARMACÊUTICOS S.A,4,nao
DEWS,DEWS,Específico,UNIÃO QUÍMICA FARMACÊUTICA NACIONAL S/A,2,nao
DEX,DEX,Similar,CRISTÁLIA PRODUTOS QUÍMICOS FARMACÊUTICOS LTDA.,3,nao
DEX BOLSA,DEX BOLSA,Novo,CRISTÁLIA PRODUTOS QUÍMICOS FARMACÊUTICOS LTDA.,1,nao
DEXA-CITONEURIN NFF,DEXA CITONEURIN NFF,Novo,PROCTER & GAMBLE DO BRASIL LTDA,1,nao
DEXADEN,DEXADEN,Similar,CIFARMA CIENTÍFICA FARMACÊUTICA LTDA,1,nao
DEXADERMIL,DEXADERMIL,Similar,LEGRAND PHARMA INDUSTRIA FARMACEUTICA LTDA,1,nao
DEXADOR,DEXADOR,Similar,ARESE PHARMA LTDA,5,nao
DEXAGREEN,DEXAGREEN,Similar,GREENPHARMA QUÍMICA E FARMACÊUTICA LTDA,2,nao
DEXALGEN NF,DEXALGEN NF,Similar,EUROFARMA LABORATORIOS S.A.,2,nao
DEXAMETRAT,DEXAMETRAT,Similar,LABORATORIO GLOBO SA,1,nao
DEXAMEX,DEXAMEX,Similar,VITAMEDIC INDUSTRIA FARMACEUTICA LTDA,1,nao
DEXANEURIN,DEXANEURIN,Similar,UNIÃO QUÍMICA FARMACÊUTICA NACIONAL S/A,1,nao
DEXASON,DEXASON,Similar,LABORATORIO TEUTO BRASILEIRO S/A,3,nao
DEXAVISON,DEXAVISON,Similar,LABORATORIO TEUTO BRASILEIRO S/A,1,nao
DEXFER,DEXFER,Específico,EUROFARMA LABORATORIOS S.A.,9,nao
DEXILANT,DEXILANT,Novo,TAKEDA PHARMA LTDA.,8,nao
DEXMINE,DEXMINE,Similar,CIMED INDUSTRIA S.A,1,nao
DEXPERTA,DEXPERTA,Similar,BLAU FARMACEUTICA S.A.,1,nao
DEXPOLARIM,DEXPOLARIM,Similar,VITAMEDIC INDUSTRIA FARMACEUTICA LTDA,1,nao
DEXPROTENOL,DEXPROTENOL,Específico,PRATI DONADUZZI & CIA LTDA,1,nao
DEXTAFLAM,DEXTAFLAM,Similar,CIFARMA CIENTÍFICA FARMACÊUTICA LTDA | MABRA FARMACEUTICA LTDA,4,nao
DEXTAMINE,DEXTAMINE,Similar,CIFARMA CIENTÍFICA FARMACÊUTICA LTDA,3,nao
DEXXAH,DEXXAH,Similar,PHARLAB INDÚSTRIA FARMACÊUTICA S.A.,3,nao
DEZLORBE,DEZLORBE,Similar,KYMBERG FARMACEUTICA DO BRASIL LTDA,1,nao
DHIVAS,DHIVAS,Específico,SUPERA FARMA LABORATÓRIOS S.A,2,nao
DIACQUA,DIACQUA,Similar,EUROFARMA LABORATORIOS S.A.,2,nao
DIAD,DIAD,Similar,CIMED INDUSTRIA S.A,1,nao
DIAGLITS,DIAGLITS,Similar,LABORATORIO GLOBO SA,3,nao
DIAMICRON,DIAMICRON,Novo,LABORATORIOS SERVIER DO BRASIL LTDA,5,nao
DIAMOX,DIAMOX,Novo,UNIÃO QUÍMICA FARMACÊUTICA NACIONAL S/A,2,nao
DIANE 35,DIANE 35,Novo,BAYER S.A.,2,nao
DIANEAL PD-2,DIANEAL PD 2,Específico,BAXTER HOSPITALAR LTDA,26,nao
DIASEC,DIASEC,Similar,SANDOZ DO BRASIL INDÚSTRIA FARMACÊUTICA LTDA,1,nao
DIATARCOM MR,DIATARCOM MR,Similar,LABORATORIOS SERVIER DO BRASIL LTDA,6,nao
DIAVITALITY,DIAVITALITY,Similar,HEMAFARMA COM. E IND. FARM. LTDA,2,nao
DIAZEPAM NQ,DIAZEPAM NQ,Similar,EMS SIGMA PHARMA LTDA,4,nao
DICAZID MR,DICAZID MR,Similar,PHARLAB INDÚSTRIA FARMACÊUTICA S.A.,2,nao
DICLAC,DICLAC,Similar,SANDOZ DO BRASIL INDÚSTRIA FARMACÊUTICA LTDA,1,nao
DICLIN,DICLIN,Similar,MERCK S/A,2,nao
DICLOAIR,DICLOAIR,Similar,LEGRAND PHARMA INDUSTRIA FARMACEUTICA LTDA,1,nao
DICLOFARMA,DICLOFARMA,Similar,FARMACE INDÚSTRIA QUÍMICO-FARMACÊUTICA CEARENSE LTDA,1,nao
DICLORIDRATO DE PRAMIPEXOL,DICLORIDRATO DE PRAMIPEXOL,Similar,ACHÉ LABORATÓRIOS FARMACÊUTICOS S.A | EMS S/A | EUROFARMA LABORATORIOS S.A. | FUNDACAO OSWALDO CRUZ | FUNDAÇÃO PARA O REMÉDIO POPULAR - FURP | PRATI DONADUZZI & CIA LTDA | RANBAXY FARMACÊUTICA LTDA,43,sim
DICOXIBE,DICOXIBE,Similar,VIATRIS FARMACEUTICA DO BRASIL LTDA,5,nao
DIELOFT,DIELOFT,Similar,SANOFI MEDLEY FARMACÊUTICA LTDA.,1,nao
DIEVARI,DIEVARI,Específico,EUROFARMA LABORATORIOS S.A.,2,nao
DIFEBRIL,DIFEBRIL,Similar,CIFARMA CIENTÍFICA FARMACÊUTICA LTDA,1,nao
DIFENIDRIN,DIFENIDRIN,Similar,CRISTÁLIA PRODUTOS QUÍMICOS FARMACÊUTICOS LTDA.,1,nao
DIFFERIN,DIFFERIN,Novo,GALDERMA BRASIL LTDA,1,nao
DIFLECBE,DIFLECBE,Similar,KYMBERG FARMACEUTICA DO BRASIL LTDA,1,nao
DIGEDRAT,DIGEDRAT,Novo,COSMED INDUSTRIA DE COSMETICOS E MEDICAMENTOS S.A.,3,nao
DIGEPLUS,DIGEPLUS,Novo,ACHÉ LABORATÓRIOS FARMACÊUTICOS S.A,2,nao
DIGESAN,DIGESAN,Novo,EUROFARMA LABORATORIOS S.A.,2,nao
DIGESIGMA,DIGESIGMA,Similar,EMS SIGMA PHARMA LTDA,1,nao
DIGESIGMA GOTAS,DIGESIGMA GOTAS,Similar,MULTILAB INDUSTRIA E COMERCIO DE PRODUTOS FARMACEUTICOS LTDA,1,nao
DIGESTIL,DIGESTIL,Similar,LABORATORIO TEUTO BRASILEIRO S/A,2,nao
DIGESTINA,DIGESTINA,Similar,UNIÃO QUÍMICA FARMACÊUTICA NACIONAL S/A,3,nao
DIGEVITA,DIGEVITA,Similar,NATIVITA IND. COM. LTDA.,1,nao
DIGLIXX,DIGLIXX,Similar,LABORATORIO GLOBO SA,4,nao
DIGLUSS,DIGLUSS,Similar,LABORATORIO GLOBO SA,2,nao
DILACORON,DILACORON,Novo,ABBOTT LABORATORIOS DO BRASIL LTDA,3,nao
DIMENIDRIN,DIMENIDRIN,Similar,VITAMEDIC INDUSTRIA FARMACEUTICA LTDA,1,nao
DIMINUT,DIMINUT,Similar,LIBBS FARMACÊUTICA LTDA,2,nao
DIMORF,DIMORF,Novo | Similar,CRISTÁLIA PRODUTOS QUÍMICOS FARMACÊUTICOS LTDA.,13,nao
DIMORF BOLSA,DIMORF BOLSA,Novo,CRISTÁLIA PRODUTOS QUÍMICOS FARMACÊUTICOS LTDA.,1,nao
DINILL,DINILL,Novo,ALLERGAN PRODUTOS FARMACÊUTICOS LTDA,1,nao
DIOEH,DIOEH,Específico,BIOLAB SANUS FARMACEUTICA LTDA,4,nao
DIOHESP,DIOHESP,Específico,LABORATORIO GLOBO SA,2,nao
DIOLESS,DIOLESS,Similar,SUPERA FARMA LABORATÓRIOS S.A,1,nao
DIOPLEX DH,DIOPLEX DH,Específico,KLEY HERTZ FARMACEUTICA S.A,2,nao
DIOSMIN,DIOSMIN,Específico,ACHÉ LABORATÓRIOS FARMACÊUTICOS S.A,6,nao
DIOSMIN SDU,DIOSMIN SDU,Novo,ACHÉ LABORATÓRIOS FARMACÊUTICOS S.A,5,nao
DIOST,DIOST,Similar,MYRALIS INDUSTRIA FARMACEUTICA LTDA,1,nao
DIOVAN,DIOVAN,Novo,NOVARTIS BIOCIENCIAS S.A,6,nao
DIOVAN AMLO FIX,DIOVAN AMLO FIX,Novo,NOVARTIS BIOCIENCIAS S.A,7,nao
DIOVAN HCT,DIOVAN HCT,Novo,NOVARTIS BIOCIENCIAS S.A,7,nao
DIOVASES,DIOVASES,Específico,EMS S/A,7,nao
DIPATE,DIPATE,Novo,MAWDSLEYS PHARMACEUTICALS DO BRASIL LTDA,3,nao
DIPBE,DIPBE,Similar,KYMBERG FARMACEUTICA DO BRASIL LTDA,2,nao
DIPBE COL,DIPBE COL,Similar,KYMBERG FARMACEUTICA DO BRASIL LTDA,1,nao
DIPBE DC,DIPBE DC,Similar,KYMBERG FARMACEUTICA DO BRASIL LTDA,1,nao
DIPBE FLEX,DIPBE FLEX,Similar,KYMBERG FARMACEUTICA DO BRASIL LTDA,2,nao
DIPEPTIVEN,DIPEPTIVEN,Específico,FRESENIUS KABI BRASIL LTDA,4,nao
DIPIDOR,DIPIDOR,Similar,HIPOLABOR FARMACEUTICA LTDA,1,nao
DIPIFARMA,DIPIFARMA,Similar,FARMACE INDÚSTRIA QUÍMICO-FARMACÊUTICA CEARENSE LTDA,1,nao
DIPIMED,DIPIMED,Similar,MEDQUIMICA INDUSTRIA FARMACEUTICA LTDA.,6,nao
DIPIRONA SÓDICA,DIPIRONA SODICA,Similar,ACHÉ LABORATÓRIOS FARMACÊUTICOS S.A | BELFAR LTDA | BRAINFARMA INDÚSTRIA QUÍMICA E FARMACÊUTICA S.A | EMS S/A | FARMACE INDÚSTRIA QUÍMICO-FARMACÊUTICA CEARENSE LTDA | GEOLAB INDÚSTRIA FARMACÊUTICA S/A | GERMED FARMACEUTICA LTDA | GREENPHARMA QUÍMICA E FARMACÊUTICA LTDA | HIPOLABOR FARMACEUTICA LTDA | INDÚSTRIA QUÍMICA DO ESTADO DE GOIÁS S/A - IQUEGO | NATIVITA IND. COM. LTDA. | PRATI DONADUZZI & CIA LTDA | SANOFI MEDLEY FARMACÊUTICA LTDA.,38,sim
DIPRIN,DIPRIN,Similar,GEOLAB INDÚSTRIA FARMACÊUTICA S/A,3,nao
DIPRIVAN,DIPRIVAN,Novo,ASPEN PHARMA INDÚSTRIA FARMACÊUTICA LTDA,6,nao
DIPROGENTA,DIPROGENTA,Novo,COSMED INDUSTRIA DE COSMETICOS E MEDICAMENTOS S.A.,2,nao
DIPROSALIC,DIPROSALIC,Novo,COSMED INDUSTRIA DE COSMETICOS E MEDICAMENTOS S.A.,2,nao
DIPROSONE,DIPROSONE,Novo,COSMED INDUSTRIA DE COSMETICOS E MEDICAMENTOS S.A.,6,nao
DIPROSPAN,DIPROSPAN,Novo,COSMED INDUSTRIA DE COSMETICOS E MEDICAMENTOS S.A.,3,nao
DISP H,DISP H,Específico,ACHÉ LABORATÓRIOS FARMACÊUTICOS S.A,3,nao
DISPETIC,DISPETIC,Similar,ACHÉ LABORATÓRIOS FARMACÊUTICOS S.A,3,nao
DIUBLOK,DIUBLOK,Similar,EUROFARMA LABORATORIOS S.A.,1,nao
DIUPRESS,DIUPRESS,Novo,EUROFARMA LABORATORIOS S.A.,2,nao
DIUREMIDA,DIUREMIDA,Similar,GEOLAB INDÚSTRIA FARMACÊUTICA S/A,3,nao
DIUREZIN,DIUREZIN,Similar,CAZI QUIMICA FARMACEUTICA INDUSTRIA E COMERCIO LTDA,3,nao
DIURIX,DIURIX,Similar,LABORATORIO TEUTO BRASILEIRO S/A,1,nao
DIVA 20,DIVA 20,Similar,CRISTÁLIA PRODUTOS QUÍMICOS FARMACÊUTICOS LTDA.,1,nao
DIVA 30,DIVA 30,Similar,CRISTÁLIA PRODUTOS QUÍMICOS FARMACÊUTICOS LTDA.,2,nao
DIVALCON,DIVALCON,Similar,ABBOTT LABORATORIOS DO BRASIL LTDA,9,nao
DIVELOL,DIVELOL,Similar,LABORATÓRIOS BALDACCI LTDA,9,nao
DIVENA,DIVENA,Similar,ACHÉ LABORATÓRIOS FARMACÊUTICOS S.A,3,nao
DIVIDOL,DIVIDOL,Novo,ZAMBON LABORATÓRIOS FARMACÊUTICOS LTDA.,2,nao
DIXIL,DIXIL,Similar,EUROFARMA LABORATORIOS S.A.,2,nao
DNAREN,DNAREN,Similar,BLAU FARMACEUTICA S.A.,2,nao
DNOCLAST,DNOCLAST,Biológico,ABBOTT LABORATORIOS DO BRASIL LTDA,1,nao
DOBEVEN,DOBEVEN,Novo,APSEN FARMACEUTICA S/A,6,nao
DOBLE,DOBLE,Similar,BIOLAB SANUS FARMACEUTICA LTDA,6,nao
DOBUTARISTON,DOBUTARISTON,Similar,BLAU FARMACEUTICA S.A.,1,nao
DOBUTREX,DOBUTREX,Novo,ANTIBIÓTICOS DO BRASIL LTDA,1,nao
DOCELIBBS,DOCELIBBS,Similar,LIBBS FARMACÊUTICA LTDA,3,nao
DOCEUNO,DOCEUNO,Similar,EUROFARMA LABORATORIOS S.A.,2,nao
DOCKS,DOCKS,Similar,ACCORD FARMACÊUTICA LTDA,2,nao
DOCLAXIN,DOCLAXIN,Similar,BLAU FARMACEUTICA S.A.,3,nao
DODIBE,DODIBE,Específico,ACHÉ LABORATÓRIOS FARMACÊUTICOS S.A,3,nao
DODOY,DODOY,Similar,JARRELL FARMACÊUTICA LTDA EPP,2,nao
DOHET,DOHET,Similar,CAMBER FARMACEUTICA LTDA,2,nao
DOISKA 180,DOISKA 180,Específico,BIOLAB SANUS FARMACEUTICA LTDA,6,nao
DOJOLVI,DOJOLVI,Novo,ULTRAGENYX BRASIL FARMACEUTICA LTDA,1,nao
DOLAMIN,DOLAMIN,Novo,FARMOQUÍMICA S/A,3,nao
DOLAMIN FLEX,DOLAMIN FLEX,Novo,FARMOQUÍMICA S/A,2,nao
DOLO MOFF,DOLO MOFF,Similar,UNIÃO QUÍMICA FARMACÊUTICA NACIONAL S/A,6,nao
DOLOSAL,DOLOSAL,Similar,CRISTÁLIA PRODUTOS QUÍMICOS FARMACÊUTICOS LTDA.,1,nao
DOMPED,DOMPED,Novo,ACHÉ LABORATÓRIOS FARMACÊUTICOS S.A,1,nao
DOMPERIX,DOMPERIX,Similar,EUROFARMA LABORATORIOS S.A.,2,nao
DOMPGRAN,DOMPGRAN,Similar,LEGRAND PHARMA INDUSTRIA FARMACEUTICA LTDA,1,nao
DOMPLIV,DOMPLIV,Similar,EMS S/A,2,nao
DON,DON,Similar,EUROFARMA LABORATORIOS S.A.,4,nao
DONAREN,DONAREN,Similar,APSEN FARMACEUTICA S/A,3,nao
DONAREN® LP,DONAREN LP,Similar,APSEN FARMACEUTICA S/A,6,nao
DONAREN RETARD,DONAREN RETARD,Novo,APSEN FARMACEUTICA S/A,3,nao
DONILA,DONILA,Similar,ACHÉ LABORATÓRIOS FARMACÊUTICOS S.A,5,nao
DONILA DUO,DONILA DUO,Novo,ACHÉ LABORATÓRIOS FARMACÊUTICOS S.A,7,nao
DOPABANE,DOPABANE,Similar,BLAU FARMACEUTICA S.A.,2,nao
DOPACRIS,DOPACRIS,Similar,CRISTÁLIA PRODUTOS QUÍMICOS FARMACÊUTICOS LTDA.,2,nao
DOPCYM,DOPCYM,Similar,ACCORD FARMACÊUTICA LTDA,3,nao
DORAGEO,DORAGEO,Similar,GEOLAB INDÚSTRIA FARMACÊUTICA S/A,2,nao
DORALEX,DORALEX,Similar,VITAMEDIC INDUSTRIA FARMACEUTICA LTDA,4,nao
DORALGINA,DORALGINA,Similar,BRAINFARMA INDÚSTRIA QUÍMICA E FARMACÊUTICA S.A,4,nao
DORALGINA DIPCAF,DORALGINA DIPCAF,Similar,BRAINFARMA INDÚSTRIA QUÍMICA E FARMACÊUTICA S.A,2,nao
DORALIV,DORALIV,Similar,ACHÉ LABORATÓRIOS FARMACÊUTICOS S.A,2,nao
DORCIFLEXIN,DORCIFLEXIN,Similar,CIFARMA CIENTÍFICA FARMACÊUTICA LTDA,2,nao
DORDENTE,DORDENTE,Similar,HEARST LABORATORIOS DO BRASIL LTDA,1,nao
DORE,DORE,Similar,EUROFARMA LABORATORIOS S.A.,3,nao
DORENE,DORENE,Similar,ACHÉ LABORATÓRIOS FARMACÊUTICOS S.A,3,nao
DORENE LÍQUIDO,DORENE LIQUIDO,Novo,ACHÉ LABORATÓRIOS FARMACÊUTICOS S.A,3,nao
DORENE TABS,DORENE TABS,Novo,ACHÉ LABORATÓRIOS FARMACÊUTICOS S.A,9,nao
DORFEBRIL,DORFEBRIL,Similar,1FARMA INDUSTRIA FARMACEUTICA LTDA,1,nao
DORFLAN,DORFLAN,Similar,CAZI QUIMICA FARMACEUTICA INDUSTRIA E COMERCIO LTDA,1,nao
DORFLEX,DORFLEX,Novo,OPELLA HEALTHCARE BRAZIL LTDA,11,nao
DORFLEX DIP,DORFLEX DIP,Similar,OPELLA HEALTHCARE BRAZIL LTDA,1,nao
DORFLEX UNO,DORFLEX UNO,Similar,OPELLA HEALTHCARE BRAZIL LTDA | SANOFI MEDLEY FARMACÊUTICA LTDA.,9,nao
DORICIN,DORICIN,Similar,EMS S/A,5,nao
DORIIPRO,DORIIPRO,Similar,COSMED INDUSTRIA DE COSMETICOS E MEDICAMENTOS S.A.,1,nao
DORIL,DORIL,Similar,COSMED INDUSTRIA DE COSMETICOS E MEDICAMENTOS S.A.,3,nao
DORIL DC 500,DORIL DC 500,Similar,COSMED INDUSTRIA DE COSMETICOS E MEDICAMENTOS S.A.,2,nao
DORIL ENXAQUECA,DORIL ENXAQUECA,Similar,COSMED INDUSTRIA DE COSMETICOS E MEDICAMENTOS S.A.,3,nao
DORILAX DT,DORILAX DT,Similar,ACHÉ LABORATÓRIOS FARMACÊUTICOS S.A,2,nao
DORILEN,DORILEN,Similar,LEGRAND PHARMA INDUSTRIA FARMACEUTICA LTDA,2,nao
DORILEN DIP,DORILEN DIP,Similar,LEGRAND PHARMA INDUSTRIA FARMACEUTICA LTDA,1,nao
DORILESS,DORILESS,Similar,CIFARMA CIENTÍFICA FARMACÊUTICA LTDA,3,nao
DORMEC,DORMEC,Similar,IMEC - INDÚSTRIA DE MEDICAMENTOS CUSTÓDIA LTDA,4,nao
DORMIRE,DORMIRE,Similar,CRISTÁLIA PRODUTOS QUÍMICOS FARMACÊUTICOS LTDA.,8,nao
DORMIUM,DORMIUM,Similar,UNIÃO QUÍMICA FARMACÊUTICA NACIONAL S/A,3,nao
DORMONID,DORMONID,Novo,FARMOQUÍMICA S/A,5,nao
DORONA CAFI,DORONA CAFI,Similar,BRAINFARMA INDÚSTRIA QUÍMICA E FARMACÊUTICA S.A,2,nao
DORSANOL,DORSANOL,Similar,MULTILAB INDUSTRIA E COMERCIO DE PRODUTOS FARMACEUTICOS LTDA,5,nao
DORSPAN,DORSPAN,Similar,EMS S/A,1,nao
DORTRIRELAX,DORTRIRELAX,Similar,PHARMASCIENCE INDUSTRIA FARMACEUTICA S.A,3,nao
DORZAL,DORZAL,Similar,LEGRAND PHARMA INDUSTRIA FARMACEUTICA LTDA,1,nao
DORZAL MT,DORZAL MT,Similar,LEGRAND PHARMA INDUSTRIA FARMACEUTICA LTDA,1,nao
DOSS,DOSS,Específico,BIOLAB SANUS FARMACEUTICA LTDA,15,nao
DOSTINEX,DOSTINEX,Novo,PFIZER BRASIL LTDA,2,nao
DOSYX,DOSYX,Similar,LABORATORIO QUIMICO FARMACEUTICO BERGAMO LTDA,2,nao
DOTAREM,DOTAREM,Similar,GUERBET IMAGEM DO BRASIL LTDA,4,nao
DOVATO,DOVATO,Novo,GLAXOSMITHKLINE BRASIL LTDA,1,nao
DOXAPROST,DOXAPROST,Similar,UNIÃO QUÍMICA FARMACÊUTICA NACIONAL S/A,4,nao
DOXATIVO,DOXATIVO,Similar,LEGRAND PHARMA INDUSTRIA FARMACEUTICA LTDA,4,nao
DOXICLIN,DOXICLIN,Similar,PHARLAB INDÚSTRIA FARMACÊUTICA S.A.,3,nao
DOXOPEG,DOXOPEG,Similar,ADIUM S.A.,1,nao
DOXPROVIR,DOXPROVIR,Similar,EMS S/A,3,nao
DOXURAN,DOXURAN,Similar,SANDOZ DO BRASIL INDÚSTRIA FARMACÊUTICA LTDA,2,nao
DOZEMAST,DOZEMAST,Específico,MARJAN INDÚSTRIA E COMÉRCIO LTDA,10,nao
DOZEMAST TRIO,DOZEMAST TRIO,Específico,MARJAN INDÚSTRIA E COMÉRCIO LTDA,3,nao
DOZI,DOZI,Específico,EUROFARMA LABORATORIOS S.A.,2,nao
DOZOITO,DOZOITO,Similar,BIOLAB SANUS FARMACEUTICA LTDA,6,nao
DPHAR,DPHAR,Específico,PHARLAB INDÚSTRIA FARMACÊUTICA S.A.,8,nao
DPREV,DPREV,Específico,MYRALIS INDUSTRIA FARMACEUTICA LTDA,21,nao
DPREV CAPS,DPREV CAPS,Específico,MYRALIS INDUSTRIA FARMACEUTICA LTDA,10,nao
DPREV GOTAS,DPREV GOTAS,Específico,MYRALIS INDUSTRIA FARMACEUTICA LTDA,1,nao
DRAMAVIT B6,DRAMAVIT B6,Similar,BRAINFARMA INDÚSTRIA QUÍMICA E FARMACÊUTICA S.A,1,nao
DRAMIN,DRAMIN,Novo,COSMED INDUSTRIA DE COSMETICOS E MEDICAMENTOS S.A.,6,nao
DRAMIN B6,DRAMIN B6,Novo,COSMED INDUSTRIA DE COSMETICOS E MEDICAMENTOS S.A.,2,nao
DRAMIN B6 DL,DRAMIN B6 DL,Novo,COSMED INDUSTRIA DE COSMETICOS E MEDICAMENTOS S.A.,2,nao
DRENATAN,DRENATAN,Similar,GERMED FARMACEUTICA LTDA,1,nao
DRENISON,DRENISON,Novo | Similar,BIOLAB SANUS FARMACEUTICA LTDA,4,nao
DRENISON N,DRENISON N,Similar,BIOLAB SANUS FARMACEUTICA LTDA,2,nao
DRENOGRIP,DRENOGRIP,Similar,BELFAR LTDA,2,nao
DROALFA,DROALFA,Similar,ACHÉ LABORATÓRIOS FARMACÊUTICOS S.A,2,nao
DROPERDAL,DROPERDAL,Similar,CRISTÁLIA PRODUTOS QUÍMICOS FARMACÊUTICOS LTDA.,2,nao
DROPY-D,DROPY D,Específico,BRAINFARMA INDÚSTRIA QUÍMICA E FARMACÊUTICA S.A,10,nao
DROTIZIN,DROTIZIN,Similar,GEOLAB INDÚSTRIA FARMACÊUTICA S/A,1,nao
DROXAINE,DROXAINE,Novo,MEGALABS FARMACEUTICA S.A.,2,nao
DROXY,DROXY,Similar,GERMED FARMACEUTICA LTDA,1,nao
DRUSOLOL,DRUSOLOL,Similar,UNIÃO QUÍMICA FARMACÊUTICA NACIONAL S/A,1,nao
DRUSOLOL LC,DRUSOLOL LC,Similar,UNIÃO QUÍMICA FARMACÊUTICA NACIONAL S/A,1,nao
DRY,DRY,Similar,CRISTÁLIA PRODUTOS QUÍMICOS FARMACÊUTICOS LTDA.,2,nao
DRYLTAC,DRYLTAC,Similar,LEGRAND PHARMA INDUSTRIA FARMACEUTICA LTDA,3,nao
DTN-FOL,DTN FOL,Específico,BIOLAB SANUS FARMACEUTICA LTDA,2,nao
DUAKLIR GENUAIR,DUAKLIR GENUAIR,Novo,ASTRAZENECA DO BRASIL LTDA | GLENMARK FARMACÊUTICA LTDA,2,nao
DUAL,DUAL,Similar,ACHÉ LABORATÓRIOS FARMACÊUTICOS S.A,6,nao
DUALGI,DUALGI,Similar,EUROFARMA LABORATORIOS S.A.,2,nao
DUAVIVE,DUAVIVE,Biológico,PFIZER BRASIL LTDA,1,nao
DUCODIL,DUCODIL,Similar,CIMED INDUSTRIA S.A,1,nao
DUCOX,DUCOX,Similar,EUROFARMA LABORATORIOS S.A.,3,nao
DUELLE,DUELLE,Similar,ZYDUS NIKKHO FARMACÊUTICA LTDA,2,nao
DUEPOLI  ER,DUEPOLI ER,Similar,APSEN FARMACEUTICA S/A,8,nao
DUGAR,DUGAR,Similar,EUROFARMA LABORATORIOS S.A.,1,nao
DULCOLAX,DULCOLAX,Novo,OPELLA HEALTHCARE BRAZIL LTDA,1,nao
DULCOLAX GOTAS,DULCOLAX GOTAS,Similar,OPELLA HEALTHCARE BRAZIL LTDA,1,nao
DUNIA 35,DUNIA 35,Similar,ACHÉ LABORATÓRIOS FARMACÊUTICOS S.A,2,nao
DUODEX,DUODEX,Similar,GEOLAB INDÚSTRIA FARMACÊUTICA S/A,1,nao
DUOFLAM,DUOFLAM,Similar,CRISTÁLIA PRODUTOS QUÍMICOS FARMACÊUTICOS LTDA.,4,nao
DUOGLAU,DUOGLAU,Similar,UNIÃO QUÍMICA FARMACÊUTICA NACIONAL S/A,1,nao
DUOMO,DUOMO,Similar,EUROFARMA LABORATORIOS S.A.,2,nao
DUOMO HP,DUOMO HP,Novo,EUROFARMA LABORATORIOS S.A.,4,nao
DUOSOL COM POTÁSSIO,DUOSOL COM POTASSIO,Específico,LABORATORIOS B. BRAUN S/A,2,nao
DUOSOL SEM POTÁSSIO,DUOSOL SEM POTASSIO,Específico,LABORATORIOS B. BRAUN S/A,1,nao
DUOVENT,DUOVENT,Novo,BOEHRINGER INGELHEIM DO BRASIL QUIMICA E FARMACEUTICA LTDA.,1,nao
DUPHALAC,DUPHALAC,Específico,ABBOTT LABORATORIOS DO BRASIL LTDA,3,nao
DUPHASTON,DUPHASTON,Novo,ABBOTT LABORATORIOS DO BRASIL LTDA,2,nao
DUPIXENT,DUPIXENT,Biológico,SANOFI MEDLEY FARMACÊUTICA LTDA.,6,nao
DUPLA,DUPLA,Novo,CRISTÁLIA PRODUTOS QUÍMICOS FARMACÊUTICOS LTDA.,1,nao
DUPLIVIR,DUPLIVIR,Novo,BLANVER FARMOQUIMICA E FARMACEUTICA S.A.,2,nao
DURATESTON,DURATESTON,Novo,ASPEN PHARMA INDÚSTRIA FARMACÊUTICA LTDA,1,nao
DURATOCIN,DURATOCIN,Novo,LABORATÓRIOS FERRING LTDA,1,nao
DUROGESIC,DUROGESIC,Novo,JANSSEN-CILAG FARMACEUTICA LTDA,4,nao
DUSPATALIN,DUSPATALIN,Novo,ABBOTT LABORATORIOS DO BRASIL LTDA,2,nao
DUTAM,DUTAM,Similar,ADIUM S.A.,3,nao
DUXIO,DUXIO,Similar,EMS S/A,12,nao
DUXXEN,DUXXEN,Similar,COSMED INDUSTRIA DE COSMETICOS E MEDICAMENTOS S.A.,4,nao
DUZOR,DUZOR,Similar,PRATI DONADUZZI & CIA LTDA,33,nao
DVITERD3,DVITERD3,Específico,NATULAB LABORATORIO S.A,4,nao
DVITTA,DVITTA,Específico,PRATI DONADUZZI & CIA LTDA,6,nao
DYFUCERT,DYFUCERT,Similar,DR. REDDYS FARMACÊUTICA DO BRASIL LTDA,2,nao
DYMISTA,DYMISTA,Novo,VIATRIS FARMACEUTICA DO BRASIL LTDA,2,nao
DYSPORT,DYSPORT,Biológico,BEAUFOUR IPSEN FARMACÊUTICA LTDA,2,nao
EBASTEL,EBASTEL,Novo,EUROFARMA LABORATORIOS S.A.,3,nao
EBATZ,EBATZ,Similar,LIBBS FARMACÊUTICA LTDA,8,nao
EBGLYSS,EBGLYSS,Biológico,ELI LILLY DO BRASIL LTDA,2,nao
EBIX,EBIX,Novo,LUNDBECK BRASIL LTDA,3,nao
ECALTA,ECALTA,Novo,PFIZER BRASIL LTDA,2,nao
ECASIL-81,ECASIL 81,Novo,BIOLAB SANUS FARMACEUTICA LTDA,2,nao
ECHINACEA VITALAB,ECHINACEA VITALAB,Fitoterápico,LABORATORIO VITALAB LTDA,1,nao
ECOFILM,ECOFILM,Similar,CRISTÁLIA PRODUTOS QUÍMICOS FARMACÊUTICOS LTDA.,2,nao
ECOS,ECOS,Similar,UNIÃO QUÍMICA FARMACÊUTICA NACIONAL S/A,2,nao
ECOXE,ECOXE,Similar,COSMED INDUSTRIA DE COSMETICOS E MEDICAMENTOS S.A.,5,nao
ECTEVO,ECTEVO,Similar,PRATI DONADUZZI & CIA LTDA,20,nao
ECZO,ECZO,Similar,MYRALIS INDUSTRIA FARMACEUTICA LTDA,4,nao
EDIFICAN,EDIFICAN,Similar,ACHÉ LABORATÓRIOS FARMACÊUTICOS S.A,2,nao
EDISTRIDE,EDISTRIDE,Similar,ASTRAZENECA DO BRASIL LTDA,3,nao
EFEDRIN,EFEDRIN,Similar,CRISTÁLIA PRODUTOS QUÍMICOS FARMACÊUTICOS LTDA.,3,nao
EFEXOR,EFEXOR,Novo,LABORATORIOS PFIZER LTDA | VIATRIS FARMACEUTICA DO BRASIL LTDA,9,nao
EFFIENT,EFFIENT,Novo,DAIICHI SANKYO BRASIL FARMACÊUTICA LTDA,4,nao
EFICENTUS,EFICENTUS,Similar,SANOFI MEDLEY FARMACÊUTICA LTDA.,3,nao
EFLUELDA,EFLUELDA,Biológico,SANOFI MEDLEY FARMACÊUTICA LTDA.,4,nao
EFLUELDA TIV,EFLUELDA TIV,Biológico,SANOFI MEDLEY FARMACÊUTICA LTDA.,1,nao
EFRINALIN,EFRINALIN,Similar,BLAU FARMACEUTICA S.A.,1,nao
EFURIX,EFURIX,Similar,MEDQUIMICA INDUSTRIA FARMACEUTICA LTDA.,1,nao
ÉGIDE,EGIDE,Similar,LIBBS FARMACÊUTICA LTDA,5,nao
EGROTIB®,EGROTIB,Similar,DR. REDDYS FARMACÊUTICA DO BRASIL LTDA,3,nao
EGURINEL,EGURINEL,Similar,ADIUM S.A.,1,nao
EKLIRA GENUAIR,EKLIRA GENUAIR,Novo,ASTRAZENECA DO BRASIL LTDA | GLENMARK FARMACÊUTICA LTDA,2,nao
EKNUS,EKNUS,Similar,VIATRIS FARMACEUTICA DO BRASIL LTDA,6,nao
EKSON,EKSON,Similar,ACHÉ LABORATÓRIOS FARMACÊUTICOS S.A,5,nao
ELAHERE,ELAHERE,Biológico,ABBVIE FARMACÊUTICA LTDA.,1,nao
ELANI,ELANI,Novo,LIBBS FARMACÊUTICA LTDA,2,nao
ELANI CICLO,ELANI CICLO,Similar,LIBBS FARMACÊUTICA LTDA,2,nao
ELAPRASE,ELAPRASE,Biológico,TAKEDA PHARMA LTDA.,1,nao
ELATIUM,ELATIUM,Similar,PRATI DONADUZZI & CIA LTDA,19,nao
ELCODRIX DC,ELCODRIX DC,Similar,PHARLAB INDÚSTRIA FARMACÊUTICA S.A.,1,nao
ELENCOS,ELENCOS,Similar,TEVA FARMACÊUTICA LTDA.,3,nao
ELEVIDYS,ELEVIDYS,Produto de Terapia Avançada,PRODUTOS ROCHE QUÍMICOS E FARMACÊUTICOS S.A.,1,nao
ELFI,ELFI,Similar,PRATI DONADUZZI & CIA LTDA,18,nao
ELIDEL,ELIDEL,Novo,VIATRIS FARMACEUTICA DO BRASIL LTDA,2,nao
ELIFORE,ELIFORE,Similar,PFIZER BRASIL LTDA,4,nao
ELIGARD,ELIGARD,Novo,ADIUM S.A.,3,nao
ELIM,ELIM,Similar,PRATI DONADUZZI & CIA LTDA,23,nao
ELIQUIS,ELIQUIS,Novo,PFIZER BRASIL LTDA,4,nao
ELIXIR CÓLICO,ELIXIR COLICO,Fitoterápico,IFAL INDUSTRIA E COMERCIO DE PRODUTOS FARMAC LTDA,1,nao
ELIXIR PAREGÓRICO CATARINENSE,ELIXIR PAREGORICO CATARINENSE,Fitoterápico,LABORATORIO CATARINENSE LTDA,1,nao
ELLURA,ELLURA,Fitoterápico,BIOLAB SANUS FARMACEUTICA LTDA,1,nao
ELÔ,ELO,Similar,EMS S/A,1,nao
ELOME,ELOME,Similar,EUROFARMA LABORATORIOS S.A.,1,nao
ELONVA,ELONVA,Biológico,MERCK SHARP & DOHME FARMACEUTICA LTDA. | ORGANON FARMACEUTICA LTDA.,3,nao
ELOTIN,ELOTIN,Similar,LABORATÓRIO FARMACÊUTICO ELOFAR LTDA,2,nao
ELOVIE,ELOVIE,Biológico,LIBBS FARMACÊUTICA LTDA,2,nao
ELOXATIN,ELOXATIN,Novo,SANOFI MEDLEY FARMACÊUTICA LTDA.,2,nao
ELPENZO,ELPENZO,Similar,MERCK S/A,2,nao
ELPRAZOL,ELPRAZOL,Similar,PHARLAB INDÚSTRIA FARMACÊUTICA S.A.,3,nao
ELREXFIO,ELREXFIO,Biológico,PFIZER BRASIL LTDA,2,nao
EMAH,EMAH,Similar,SUN FARMACÊUTICA DO BRASIL LTDA,1,nao
EMAMA,EMAMA,Específico,EUROFARMA LABORATORIOS S.A.,1,nao
EMBO,EMBO,Similar,BIOLAB SANUS FARMACEUTICA LTDA,4,nao
EMEND INJETÁVEL,EMEND INJETAVEL,Novo,MERCK SHARP & DOHME FARMACEUTICA LTDA.,1,nao
EMGALITY,EMGALITY,Biológico,ELI LILLY DO BRASIL LTDA | LIBBS FARMACÊUTICA LTDA,4,nao
EMIBAZET,EMIBAZET,Similar,MULTILAB INDUSTRIA E COMERCIO DE PRODUTOS FARMACEUTICOS LTDA,5,nao
EMILY,EMILY,Similar,GERMED FARMACEUTICA LTDA,4,nao
EMISTIN,EMISTIN,Novo,EMS S/A,2,nao
EMLA,EMLA,Novo,ASPEN PHARMA INDÚSTRIA FARMACÊUTICA LTDA,2,nao
EMNYRA,EMNYRA,Similar,BIOTEC BIOLOGICA INDÚSTRIA FARMACÊUTICA LTDA.,2,nao
EMPAFLO,EMPAFLO,Similar,GERMED FARMACEUTICA LTDA,4,nao
EMPAK,EMPAK,Similar,BIOLAB SANUS FARMACEUTICA LTDA,3,nao
EMPAVELI,EMPAVELI,Novo,PINT PHARMA PRODUTOS MEDICO-HOSPITALARES E FARMACEUTICOS LTDA,2,nao
EMPLICITI,EMPLICITI,Biológico,BRISTOL-MYERS SQUIBB FARMACÊUTICA LTDA,2,nao
EMPOZZE,EMPOZZE,Novo,EMS S/A,8,nao
EMPROL XR,EMPROL XR,Similar,ACCORD FARMACÊUTICA LTDA,5,nao
EMS-PRED,EMS PRED,Similar,EMS S/A,2,nao
EMSCORT,EMSCORT,Similar,EMS S/A,2,nao
EMSEXPECTOR,EMSEXPECTOR,Similar,EMS S/A,1,nao
EMSFEB EFE,EMSFEB EFE,Similar,EMS S/A,6,nao
EMSGRIP,EMSGRIP,Similar,EMS S/A,1,nao
EMYO,EMYO,Novo,"GEDEON RICHTER DO BRASIL IMPORTADORA, EXPORTADORA E DISTRIBUIDORA S.A.",2,nao
ENABLEX,ENABLEX,Novo,ASPEN PHARMA INDÚSTRIA FARMACÊUTICA LTDA,2,nao
ENAPLEX,ENAPLEX,Similar,PHARLAB INDÚSTRIA FARMACÊUTICA S.A.,4,nao
ENAVO GOTAS,ENAVO GOTAS,Novo,EMS S/A,2,nao
ENAVO ODT,ENAVO ODT,Similar,EMS S/A,10,nao
ENAX,ENAX,Fitoterápico,ARESE PHARMA LTDA,2,nao
ENBREL,ENBREL,Biológico,LABORATORIOS PFIZER LTDA,1,nao
ENBREL PFS,ENBREL PFS,Biológico,LABORATORIOS PFIZER LTDA,3,nao
ENCRISE,ENCRISE,Novo,BIOLAB SANUS FARMACEUTICA LTDA,1,nao
ENDCOFF,ENDCOFF,Similar,EMS S/A,2,nao
ENDOBULIN KIOVIG,ENDOBULIN KIOVIG,Biológico,TAKEDA PHARMA LTDA.,5,nao
ENDOCRIS,ENDOCRIS,Biológico,CRISTÁLIA PRODUTOS QUÍMICOS FARMACÊUTICOS LTDA.,3,nao
ENDOFER,ENDOFER,Específico,BIOLAB SANUS FARMACEUTICA LTDA,4,nao
ENDOFOLIN,ENDOFOLIN,Específico,MARJAN INDÚSTRIA E COMÉRCIO LTDA,2,nao
ENDONIDAZOL,ENDONIDAZOL,Similar,FRESENIUS KABI BRASIL LTDA,1,nao
ENDROSTAN,ENDROSTAN,Similar,CELLERA FARMACEUTICA S.A.,2,nao
ENEK,ENEK,Similar,LABORATORIO QUIMICO FARMACEUTICO BERGAMO LTDA,2,nao
ENEMA JP,ENEMA JP,Específico,JP INDUSTRIA FARMACEUTICA S/A,1,nao
ENEMIN,ENEMIN,Específico,KLEY HERTZ FARMACEUTICA S.A,1,nao
ENERGIL ZINCO,ENERGIL ZINCO,Específico,EMS S/A,1,nao
ENFLURAN,ENFLURAN,Similar,CRISTÁLIA PRODUTOS QUÍMICOS FARMACÊUTICOS LTDA.,2,nao
ENGERIX B,ENGERIX B,Biológico,GLAXOSMITHKLINE BRASIL LTDA,1,nao
ENGOV,ENGOV,Novo,COSMED INDUSTRIA DE COSMETICOS E MEDICAMENTOS S.A.,3,nao
ENHERTU,ENHERTU,Biológico,DAIICHI SANKYO BRASIL FARMACÊUTICA LTDA,1,nao
ENIAGOR,ENIAGOR,Similar,APSEN FARMACEUTICA S/A,14,nao
ENJOVIX FLASH,ENJOVIX FLASH,Similar,ALTHAIA S.A. INDUSTRIA FARMACEUTICA,36,nao
ENJOY,ENJOY,Similar,PHARMASCIENCE INDUSTRIA FARMACEUTICA S.A,1,nao
ENLUTOZA,ENLUTOZA,Similar,DR. REDDYS FARMACÊUTICA DO BRASIL LTDA,1,nao
ENOKSA,ENOKSA,Biológico,FARMA VISION IMPORTACAO E EXPORTACAO DE MEDICAMENTOS LTDA,34,nao
ENOXALOW,ENOXALOW,Biológico,BLAU FARMACEUTICA S.A.,19,nao
ENRIZA,ENRIZA,Similar,ACHÉ LABORATÓRIOS FARMACÊUTICOS S.A,2,nao
ENSPRYNG,ENSPRYNG,Biológico,PRODUTOS ROCHE QUÍMICOS E FARMACÊUTICOS S.A.,1,nao
ENTARKIN,ENTARKIN,Similar,EMS SIGMA PHARMA LTDA,2,nao
ENTRESTO,ENTRESTO,Novo,NOVARTIS BIOCIENCIAS S.A,5,nao
ENTYVIO,ENTYVIO,Biológico,TAKEDA PHARMA LTDA.,7,nao
ENVID,ENVID,Específico,BIOLAB SANUS FARMACEUTICA LTDA,1,nao
ENXAK,ENXAK,Similar,CAZI QUIMICA FARMACEUTICA INDUSTRIA E COMERCIO LTDA,1,nao
EPAPHYTO,EPAPHYTO,Fitoterápico,NATULAB LABORATORIO S.A,1,nao
EPARÁ,EPARA,Similar,SUPERA FARMA LABORATÓRIOS S.A,2,nao
EPCLUSA,EPCLUSA,Novo,GILEAD SCIENCES FARMACEUTICA DO BRASIL LTDA,1,nao
EPÉZ,EPEZ,Similar,TORRENT DO BRASIL LTDA,5,nao
EPÉZ DUO,EPEZ DUO,Similar,TORRENT DO BRASIL LTDA,3,nao
EPHYNAL,EPHYNAL,Específico,BAYER S.A.,1,nao
EPICITRIN,EPICITRIN,Similar,BRAINFARMA INDÚSTRIA QUÍMICA E FARMACÊUTICA S.A,1,nao
EPIDUO,EPIDUO,Novo,GALDERMA BRASIL LTDA,2,nao
EPIKABI,EPIKABI,Similar,FRESENIUS KABI BRASIL LTDA | NEWCOM FARMACEUTICA LTDA.,2,nao
EPILENIL,EPILENIL,Similar,BIOLAB SANUS FARMACEUTICA LTDA,2,nao
EPITEGEL,EPITEGEL,Específico,BL INDÚSTRIA OTICA LTDA,1,nao
EPITHELIZE,EPITHELIZE,Específico,CRISTÁLIA PRODUTOS QUÍMICOS FARMACÊUTICOS LTDA.,1,nao
EPIVIR,EPIVIR,Novo,GLAXOSMITHKLINE BRASIL LTDA,1,nao
EPKINLY,EPKINLY,Biológico,ABBVIE FARMACÊUTICA LTDA.,2,nao
EPOCLER,EPOCLER,Específico,COSMED INDUSTRIA DE COSMETICOS E MEDICAMENTOS S.A.,5,nao
EPOCLER COMPRIMIDO,EPOCLER COMPRIMIDO,Específico,COSMED INDUSTRIA DE COSMETICOS E MEDICAMENTOS S.A.,2,nao
EPÓSIDO,EPOSIDO,Similar,BLAU FARMACEUTICA S.A.,1,nao
EPREX,EPREX,Novo,JANSSEN-CILAG FARMACEUTICA LTDA,3,nao
EPTOMYDEX,EPTOMYDEX,Similar,BLAU FARMACEUTICA S.A.,2,nao
EPYZTEK,EPYZTEK,Biológico,SAMSUNG BIOEPIS BR PHARMACEUTICAL LTDA.,1,nao
EQUILID,EQUILID,Novo,BLANVER FARMOQUIMICA E FARMACEUTICA S.A.,2,nao
EQUITAM,EQUITAM,Fitoterápico,EUROFARMA LABORATORIOS S.A.,4,nao
ERANZ,ERANZ,Novo,PFIZER BRASIL LTDA,2,nao
ERBITUX,ERBITUX,Biológico,MERCK S/A,2,nao
ERELZI,ERELZI,Biológico,SANDOZ DO BRASIL INDÚSTRIA FARMACÊUTICA LTDA,2,nao
ERFANDEL,ERFANDEL,Novo,JANSSEN-CILAG FARMACEUTICA LTDA,11,nao
ERGOMETRIN,ERGOMETRIN,Similar,UNIÃO QUÍMICA FARMACÊUTICA NACIONAL S/A,1,nao
ERITROMAX,ERITROMAX,Similar,BLAU FARMACEUTICA S.A.,29,nao
ERITROPOIETINA,ERITROPOIETINA,Biológico,CHRON EPIGEN INDÚSTRIA E COMÉRCIO LTDA,4,nao
ERIVEDGE,ERIVEDGE,Novo,PRODUTOS ROCHE QUÍMICOS E FARMACÊUTICOS S.A.,1,nao
ERLEADA,ERLEADA,Novo,JANSSEN-CILAG FARMACEUTICA LTDA,1,nao
ERLOK,ERLOK,Similar,CAMBER FARMACEUTICA LTDA,3,nao
EROXYM,EROXYM,Similar,EUROFARMA LABORATORIOS S.A.,2,nao
ESALERG,ESALERG,Similar,ACHÉ LABORATÓRIOS FARMACÊUTICOS S.A,4,nao
ESALERG D12,ESALERG D12,Similar,ACHÉ LABORATÓRIOS FARMACÊUTICOS S.A,1,nao
ESALERG GOTAS,ESALERG GOTAS,Novo,ACHÉ LABORATÓRIOS FARMACÊUTICOS S.A,2,nao
ESBRIET,ESBRIET,Novo,PRODUTOS ROCHE QUÍMICOS E FARMACÊUTICOS S.A.,1,nao
ESC,ESC,Similar,EUROFARMA LABORATORIOS S.A.,11,nao
ESC ODT,ESC ODT,Novo,EUROFARMA LABORATORIOS S.A.,8,nao
ESCAB-IFAL,ESCAB IFAL,Similar,IFAL INDUSTRIA E COMERCIO DE PRODUTOS FARMAC LTDA,2,nao
ESCENA,ESCENA,Similar,CRISTÁLIA PRODUTOS QUÍMICOS FARMACÊUTICOS LTDA.,4,nao
ESCILEX,ESCILEX,Similar,EMS SIGMA PHARMA LTDA,6,nao
ESCOPEN COMPOSTO,ESCOPEN COMPOSTO,Similar,PHARLAB INDÚSTRIA FARMACÊUTICA S.A.,2,nao
ÉSIO,ESIO,Similar,EUROFARMA LABORATORIOS S.A.,5,nao
ESKAVIT,ESKAVIT,Específico,HIPOLABOR FARMACEUTICA LTDA,1,nao
ESKEMICO,ESKEMICO,Similar,LEGRAND PHARMA INDUSTRIA FARMACEUTICA LTDA,7,nao
ESMERON,ESMERON,Novo,MERCK SHARP & DOHME FARMACEUTICA LTDA.,1,nao
ESMOG,ESMOG,Similar,EMS S/A,8,nao
ESOGASTRO,ESOGASTRO,Similar,EMS S/A,8,nao
ESOGASTRO IBP,ESOGASTRO IBP,Novo,EMS S/A,3,nao
ESOL XR,ESOL XR,Novo,COSMED INDUSTRIA DE COSMETICOS E MEDICAMENTOS S.A.,4,nao
ESOMEX,ESOMEX,Similar,EMS SIGMA PHARMA LTDA,14,nao
ESOP,ESOP,Similar,MULTILAB INDUSTRIA E COMERCIO DE PRODUTOS FARMACEUTICOS LTDA,10,nao
ESPASLIT DUO,ESPASLIT DUO,Similar,GEOLAB INDÚSTRIA FARMACÊUTICA S/A,1,nao
ESPASMO DIMETILIV,ESPASMO DIMETILIV,Similar,EMS S/A,1,nao
ESPASMO FLATOL,ESPASMO FLATOL,Similar,LEGRAND PHARMA INDUSTRIA FARMACEUTICA LTDA,1,nao
ESPASMOPAN COMPOSTO,ESPASMOPAN COMPOSTO,Similar,UNIÃO QUÍMICA FARMACÊUTICA NACIONAL S/A,2,nao
ESPECBAC,ESPECBAC,Similar,PRATI DONADUZZI & CIA LTDA,18,nao
ESPERSON,ESPERSON,Novo,SANOFI MEDLEY FARMACÊUTICA LTDA.,1,nao
ESPERSON N,ESPERSON N,Novo,SANOFI MEDLEY FARMACÊUTICA LTDA.,1,nao
ESPINHEIRA SANTA,ESPINHEIRA SANTA,Fitoterápico,VIDORA FARMACEUTICA LTDA,1,nao
ESPINHEIRA SANTA NATULAB,ESPINHEIRA SANTA NATULAB,Fitoterápico,NATULAB LABORATORIO S.A,1,nao
ESPRAN,ESPRAN,Similar,TORRENT DO BRASIL LTDA,8,nao
ESPUROCT,ESPUROCT,Biológico,NOVO NORDISK FARMACÊUTICA DO BRASIL LTDA,5,nao
ESTALIS,ESTALIS,Novo,SANDOZ DO BRASIL INDÚSTRIA FARMACÊUTICA LTDA,1,nao
ESTOMAZIL,ESTOMAZIL,Específico,COSMED INDUSTRIA DE COSMETICOS E MEDICAMENTOS S.A.,12,nao
ESTOMAZIL PASTILHAS,ESTOMAZIL PASTILHAS,Específico,COSMED INDUSTRIA DE COSMETICOS E MEDICAMENTOS S.A.,4,nao
ESTRADOT,ESTRADOT,Similar,SANDOZ DO BRASIL INDÚSTRIA FARMACÊUTICA LTDA,3,nao
ESTREVA,ESTREVA,Novo,FARMA VISION IMPORTACAO E EXPORTACAO DE MEDICAMENTOS LTDA,1,nao
ESTRIONIL,ESTRIONIL,Similar,HIPOLABOR FARMACEUTICA LTDA,1,nao
ETCOB,ETCOB,Similar,DIFFUCAP - CHEMOBRÁS QUÍMICA E FARMACÊUTICA LTDA,3,nao
ETHAMOLIN,ETHAMOLIN,Novo,FARMOQUÍMICA S/A,1,nao
ETILEFRIL,ETILEFRIL,Similar,UNIÃO QUÍMICA FARMACÊUTICA NACIONAL S/A,1,nao
ETIRA,ETIRA,Novo | Similar,ACHÉ LABORATÓRIOS FARMACÊUTICOS S.A,5,nao
ETIRA INJETÁVEL,ETIRA INJETAVEL,Novo,ACHÉ LABORATÓRIOS FARMACÊUTICOS S.A,1,nao
ETIRA XR,ETIRA XR,Novo,ACHÉ LABORATÓRIOS FARMACÊUTICOS S.A,3,nao
ETNA,ETNA,Similar,LABORATÓRIO GROSS S. A.,5,nao
ETOD,ETOD,Similar,CRISTÁLIA PRODUTOS QUÍMICOS FARMACÊUTICOS LTDA.,7,nao
ETORBEN,ETORBEN,Similar,ACHÉ LABORATÓRIOS FARMACÊUTICOS S.A,3,nao
ETOXIN,ETOXIN,Similar,APSEN FARMACEUTICA S/A,1,nao
EUDOK,EUDOK,Similar,UNIÃO QUÍMICA FARMACÊUTICA NACIONAL S/A,5,nao
EUFLEXXA,EUFLEXXA,Biológico,LABORATÓRIOS FERRING LTDA,1,nao
EUPEPT,EUPEPT,Similar,CIFARMA CIENTÍFICA FARMACÊUTICA LTDA,2,nao
EUPROSTATIN,EUPROSTATIN,Similar,EMS SIGMA PHARMA LTDA,1,nao
EUTHYROX,EUTHYROX,Novo | Similar,MERCK S/A,18,nao
EUTYMIA XL,EUTYMIA XL,Similar,GERMED FARMACEUTICA LTDA,10,nao
EVENITY,EVENITY,Biológico,AMGEN BIOTECNOLOGIA DO BRASIL LTDA.,1,nao
EVIR,EVIR,Similar,CRISTÁLIA PRODUTOS QUÍMICOS FARMACÊUTICOS LTDA.,2,nao
EVISTA,EVISTA,Novo,ELI LILLY DO BRASIL LTDA,1,nao
EVKEEZA,EVKEEZA,Biológico,ULTRAGENYX BRASIL FARMACEUTICA LTDA,1,nao
EVOBRIG,EVOBRIG,Novo,TAKEDA PHARMA LTDA.,5,nao
EVOCLASS,EVOCLASS,Similar,FARMARIN INDUSTRIA E COMERCIO LTDA,1,nao
EVODAZIN,EVODAZIN,Similar,FARMARIN INDUSTRIA E COMERCIO LTDA,2,nao
EVOFLUBINA,EVOFLUBINA,Similar,FARMARIN INDUSTRIA E COMERCIO LTDA,1,nao
EVOLOX,EVOLOX,Similar,FARMARIN INDUSTRIA E COMERCIO LTDA,1,nao
EVOMID,EVOMID,Similar,FARMARIN INDUSTRIA E COMERCIO LTDA,2,nao
EVOMIXAN,EVOMIXAN,Similar,FARMARIN INDUSTRIA E COMERCIO LTDA,1,nao
EVOPOSDO,EVOPOSDO,Similar,FARMARIN INDUSTRIA E COMERCIO LTDA,1,nao
EVORTIA,EVORTIA,Similar,COSMED INDUSTRIA DE COSMETICOS E MEDICAMENTOS S.A.,9,nao
EVORUBICIN,EVORUBICIN,Similar,FARMARIN INDUSTRIA E COMERCIO LTDA,2,nao
EVOTAXEL,EVOTAXEL,Similar,FARMARIN INDUSTRIA E COMERCIO LTDA,4,nao
EVOTERIN,EVOTERIN,Similar,FARMARIN INDUSTRIA E COMERCIO LTDA,2,nao
EVOXALI,EVOXALI,Similar,FARMARIN INDUSTRIA E COMERCIO LTDA,2,nao
EVOZAR,EVOZAR,Similar,FARMARIN INDUSTRIA E COMERCIO LTDA,2,nao
EVRA,EVRA,Novo,"GEDEON RICHTER DO BRASIL IMPORTADORA, EXPORTADORA E DISTRIBUIDORA S.A.",1,nao
EVRYSDI,EVRYSDI,Novo,PRODUTOS ROCHE QUÍMICOS E FARMACÊUTICOS S.A.,1,nao
EXELON,EXELON,Novo,UNITED MEDICAL LTDA,15,nao
EXELRING,EXELRING,Similar,EXELTIS LABORATORIO FARMACEUTICO LTDA,2,nao
EXFORGE HCT,EXFORGE HCT,Novo,NOVARTIS BIOCIENCIAS S.A,7,nao
EXFUNO,EXFUNO,Similar,DR. REDDYS FARMACÊUTICA DO BRASIL LTDA,1,nao
EXHER,EXHER,Similar,NATCOFARMA DO BRASIL LTDA,2,nao
EXJADE,EXJADE,Novo,NOVARTIS BIOCIENCIAS S.A,6,nao
EXODUS,EXODUS,Similar,ACHÉ LABORATÓRIOS FARMACÊUTICOS S.A,10,nao
EXPEC,EXPEC,Novo,LEGRAND PHARMA INDUSTRIA FARMACEUTICA LTDA,1,nao
EXPECSECCOR,EXPECSECCOR,Similar,LEGRAND PHARMA INDUSTRIA FARMACEUTICA LTDA,1,nao
EXPECTAMIN,EXPECTAMIN,Similar,LEGRAND PHARMA INDUSTRIA FARMACEUTICA LTDA,1,nao
EXPECTOFLUI,EXPECTOFLUI,Similar,NATULAB LABORATORIO S.A,1,nao
EXPECTOVIC,EXPECTOVIC,Similar,AIRELA INDÚSTRIA FARMACÊUTICA LTDA.,1,nao
EXPECTUSS,EXPECTUSS,Similar,EMS S/A,3,nao
EXPULSATOX,EXPULSATOX,Fitoterápico,BRASTERAPICA PHARMACEUTICA LTDA.,2,nao
EXTENSIOR,EXTENSIOR,Biológico,NOVO NORDISK FARMACÊUTICA DO BRASIL LTDA,4,nao
EXTODIN,EXTODIN,Similar,UNIÃO QUÍMICA FARMACÊUTICA NACIONAL S/A,1,nao
EXTRALERG,EXTRALERG,Similar,LABORATÓRIO DE EXTRATOS ALERGÊNICOS LTDA,3,nao
EXTRANEAL,EXTRANEAL,Específico,BAXTER HOSPITALAR LTDA,2,nao
EXTRATO DE CÉLULAS TÍMICAS,EXTRATO DE CELULAS TIMICAS,Similar,LABORATÓRIO DE EXTRATOS ALERGÊNICOS LTDA,1,nao
EYLIA,EYLIA,Biológico,BAYER S.A.,3,nao
EZET,EZET,Similar,GERMED FARMACEUTICA LTDA,5,nao
EZETROL,EZETROL,Novo,ORGANON FARMACEUTICA LTDA.,1,nao
EZHYUM,EZHYUM,Similar,BRAINFARMA INDÚSTRIA QUÍMICA E FARMACÊUTICA S.A,1,nao
EZONIA,EZONIA,Similar,EUROFARMA LABORATORIOS S.A.,7,nao
EZOPEN,EZOPEN,Similar,LABORATORIO TEUTO BRASILEIRO S/A,3,nao
FABHALTA,FABHALTA,Novo,NOVARTIS BIOCIENCIAS S.A,1,nao
FABRAZYME,FABRAZYME,Biológico,SANOFI MEDLEY FARMACÊUTICA LTDA.,1,nao
FACOBA®,FACOBA,Similar,LEGRAND PHARMA INDUSTRIA FARMACEUTICA LTDA,1,nao
FÁGICO,FAGICO,Similar,EUROFARMA LABORATORIOS S.A.,1,nao
FAMOX,FAMOX,Novo,ACHÉ LABORATÓRIOS FARMACÊUTICOS S.A,5,nao
FAMPYRA,FAMPYRA,Novo,BIOGEN BRASIL PRODUTOS FARMACEUTICOS LTDA,1,nao
FANCLOMAX,FANCLOMAX,Similar,BLAU FARMACEUTICA S.A.,1,nao
FAR-MANGUINHOS-LAMIVUDINA+ZIDOVUDINA,FAR MANGUINHOS LAMIVUDINA ZIDOVUDINA,Similar,FUNDACAO OSWALDO CRUZ,1,nao
FAR-MANGUINHOS PRAZIQUANTEL,FAR MANGUINHOS PRAZIQUANTEL,Similar,FUNDACAO OSWALDO CRUZ,1,nao
FAR-MANGUINHOS VITAMINA A,FAR MANGUINHOS VITAMINA A,Específico,FUNDACAO OSWALDO CRUZ,2,nao
FAR-MANGUINHOS ZIDOVUDINA,FAR MANGUINHOS ZIDOVUDINA,Similar,FUNDACAO OSWALDO CRUZ,1,nao
FARMACART,FARMACART,Específico,FARMARIN INDUSTRIA E COMERCIO LTDA,3,nao
FARMACE -AGUA PARA INJEÇÃO,FARMACE AGUA PARA INJECAO,Específico,FARMACE INDÚSTRIA QUÍMICO-FARMACÊUTICA CEARENSE LTDA,5,nao
"FARMACE CPHD - FRAÇÃO ÁCIDA COM CÁLCIO 2,5 MEQ/L",FARMACE CPHD FRACAO ACIDA COM CALCIO 2 5 MEQ L,Específico,FARMACE INDÚSTRIA QUÍMICO-FARMACÊUTICA CEARENSE LTDA,1,nao
FARMACE-GLICOSE,FARMACE GLICOSE,Específico,FARMACE INDÚSTRIA QUÍMICO-FARMACÊUTICA CEARENSE LTDA,3,nao
FARMACE-GLICOSE 5% SOLUÇÃO ISOTONICA,FARMACE GLICOSE 5 SOLUCAO ISOTONICA,Específico,FARMACE INDÚSTRIA QUÍMICO-FARMACÊUTICA CEARENSE LTDA,3,nao
FARMACE - RINGER,FARMACE RINGER,Específico,FARMACE INDÚSTRIA QUÍMICO-FARMACÊUTICA CEARENSE LTDA,1,nao
FARMAFLAN,FARMAFLAN,Similar,PHARLAB INDÚSTRIA FARMACÊUTICA S.A.,1,nao
FARMANGUINHOS - ETIONAMIDA,FARMANGUINHOS ETIONAMIDA,Similar,FUNDACAO OSWALDO CRUZ,1,nao
FARMANGUINHOS - ISONIAZIDA,FARMANGUINHOS ISONIAZIDA,Similar,FUNDACAO OSWALDO CRUZ,2,nao
FARMANGUINHOS ISONIAZIDA + RIFAMPICINA,FARMANGUINHOS ISONIAZIDA RIFAMPICINA,Novo,FUNDACAO OSWALDO CRUZ,1,nao
FARMANGUINHOS -LAMIVUDINA,FARMANGUINHOS LAMIVUDINA,Similar,FUNDACAO OSWALDO CRUZ,1,nao
FARMANGUINHOS - NEVIRAPINA,FARMANGUINHOS NEVIRAPINA,Similar,FUNDACAO OSWALDO CRUZ,1,nao
FARMANGUINHOS OSELTAMIVIR,FARMANGUINHOS OSELTAMIVIR,Similar,FUNDACAO OSWALDO CRUZ,3,nao
FARMANGUINHOS PRIMAQUINA,FARMANGUINHOS PRIMAQUINA,Novo,FUNDACAO OSWALDO CRUZ,2,nao
FARMANGUINHOS RIFAMPICINA+ISONIAZIDA+PIRAZINAMIDA+ETAMBUTOL,FARMANGUINHOS RIFAMPICINA ISONIAZIDA PIRAZINAMIDA ETAMBUTOL,Novo,FUNDACAO OSWALDO CRUZ,2,nao
FARMARIN CPHD,FARMARIN CPHD,Específico,FARMARIN INDUSTRIA E COMERCIO LTDA,7,nao
FARMOXICAM,FARMOXICAM,Similar,PHARLAB INDÚSTRIA FARMACÊUTICA S.A.,2,nao
FASENRA,FASENRA,Biológico,ASTRAZENECA DO BRASIL LTDA,2,nao
FASLODEX,FASLODEX,Novo,ASTRAZENECA DO BRASIL LTDA,1,nao
FASTFEN,FASTFEN,Similar,CRISTÁLIA PRODUTOS QUÍMICOS FARMACÊUTICOS LTDA.,3,nao
FASTURTEC,FASTURTEC,Biológico,SANOFI MEDLEY FARMACÊUTICA LTDA.,1,nao
FATOR IX DE COAGULAÇÃO HEMOBRÁS,FATOR IX DE COAGULACAO HEMOBRAS,Similar,EMPRESA BRASILEIRA DE HEMODERIVADOS E BIOTECNOLOGIA,3,nao
FATOR VIII DE COAGULAÇÃO HEMOBRÁS,FATOR VIII DE COAGULACAO HEMOBRAS,Biológico,EMPRESA BRASILEIRA DE HEMODERIVADOS E BIOTECNOLOGIA,3,nao
FAULBLASTINA,FAULBLASTINA,Novo,LIBBS FARMACÊUTICA LTDA,1,nao
FAULDACAR,FAULDACAR,Similar,LIBBS FARMACÊUTICA LTDA,2,nao
FAULDCARBO,FAULDCARBO,Similar,LIBBS FARMACÊUTICA LTDA,3,nao
FAULDCISPLA,FAULDCISPLA,Similar,LIBBS FARMACÊUTICA LTDA,3,nao
FAULDCITA,FAULDCITA,Similar,LIBBS FARMACÊUTICA LTDA,2,nao
FAULDFLUOR,FAULDFLUOR,Similar,LIBBS FARMACÊUTICA LTDA,2,nao
FAULDLEUCO,FAULDLEUCO,Similar,LIBBS FARMACÊUTICA LTDA,4,nao
FAULDMETRO,FAULDMETRO,Similar,LIBBS FARMACÊUTICA LTDA,4,nao
FAULDOXO,FAULDOXO,Similar,LIBBS FARMACÊUTICA LTDA,2,nao
FAULDVINCRI,FAULDVINCRI,Similar,LIBBS FARMACÊUTICA LTDA,1,nao
FAXXA,FAXXA,Similar,GERMED FARMACEUTICA LTDA,17,nao
FAZOLON,FAZOLON,Similar,BLAU FARMACEUTICA S.A.,2,nao
FEIBA,FEIBA,Biológico,TAKEDA PHARMA LTDA.,5,nao
FELDENE,FELDENE,Novo,PFIZER BRASIL LTDA,3,nao
FEMARA,FEMARA,Novo,NOVARTIS BIOCIENCIAS S.A,2,nao
FEMIANE,FEMIANE,Novo,UNIÃO QUÍMICA FARMACÊUTICA NACIONAL S/A,2,nao
FEMIGESTROL,FEMIGESTROL,Similar,LABORATORIO QUIMICO FARMACEUTICO BERGAMO LTDA,1,nao
FEMINA,FEMINA,Similar,ACHÉ LABORATÓRIOS FARMACÊUTICOS S.A,4,nao
FEMINIQUE 20,FEMINIQUE 20,Similar,ACHÉ LABORATÓRIOS FARMACÊUTICOS S.A,4,nao
FEMINIQUE 30,FEMINIQUE 30,Similar,ACHÉ LABORATÓRIOS FARMACÊUTICOS S.A,2,nao
FEMINIQUE CONTI,FEMINIQUE CONTI,Similar,ACHÉ LABORATÓRIOS FARMACÊUTICOS S.A,2,nao
FEMMESIL,FEMMESIL,Similar,EMS S/A,1,nao
FEMOSTON,FEMOSTON,Novo,ABBOTT LABORATORIOS DO BRASIL LTDA,2,nao
FENAFLAN,FENAFLAN,Similar,LABORATORIO TEUTO BRASILEIRO S/A,4,nao
FENAFLAN D,FENAFLAN D,Similar,LABORATORIO TEUTO BRASILEIRO S/A,1,nao
FENAFLEX - ODC,FENAFLEX ODC,Similar,PHARLAB INDÚSTRIA FARMACÊUTICA S.A.,2,nao
FENAREN,FENAREN,Similar,UNIÃO QUÍMICA FARMACÊUTICA NACIONAL S/A,1,nao
FENAZIC,FENAZIC,Similar,ADIUM S.A.,3,nao
FENBIP,FENBIP,Similar,MULTILAB INDUSTRIA E COMERCIO DE PRODUTOS FARMACEUTICOS LTDA,1,nao
FENERGAN,FENERGAN,Novo,OPELLA HEALTHCARE BRAZIL LTDA,2,nao
FENILEFRIN,FENILEFRIN,Similar,CRISTÁLIA PRODUTOS QUÍMICOS FARMACÊUTICOS LTDA.,1,nao
FENIRAX,FENIRAX,Similar,MULTILAB INDUSTRIA E COMERCIO DE PRODUTOS FARMACEUTICOS LTDA,1,nao
FENITAL,FENITAL,Similar,CRISTÁLIA PRODUTOS QUÍMICOS FARMACÊUTICOS LTDA.,2,nao
FENITAL ORAL,FENITAL ORAL,Similar,CRISTÁLIA PRODUTOS QUÍMICOS FARMACÊUTICOS LTDA.,1,nao
FENOBRATY,FENOBRATY,Similar,LEGRAND PHARMA INDUSTRIA FARMACEUTICA LTDA,1,nao
FENOCRIS,FENOCRIS,Similar,CRISTÁLIA PRODUTOS QUÍMICOS FARMACÊUTICOS LTDA.,4,nao
FENTANEST,FENTANEST,Similar,CRISTÁLIA PRODUTOS QUÍMICOS FARMACÊUTICOS LTDA.,7,nao
FENTANEST BOLSA,FENTANEST BOLSA,Novo,CRISTÁLIA PRODUTOS QUÍMICOS FARMACÊUTICOS LTDA.,2,nao
FENTANIL,FENTANIL,Novo,ANTIBIÓTICOS DO BRASIL LTDA,3,nao
FENTIZOL,FENTIZOL,Novo,ACHÉ LABORATÓRIOS FARMACÊUTICOS S.A,6,nao
FENTORA,FENTORA,Novo,TEVA FARMACÊUTICA LTDA.,3,nao
FERANE 35,FERANE 35,Similar,CIFARMA CIENTÍFICA FARMACÊUTICA LTDA,2,nao
FERID,FERID,Similar,UNIÃO QUÍMICA FARMACÊUTICA NACIONAL S/A,1,nao
FERINJECT,FERINJECT,Específico,BLANVER FARMOQUIMICA E FARMACEUTICA S.A. | TAKEDA PHARMA LTDA.,7,nao
FERRARA,FERRARA,Específico,EUROFARMA LABORATORIOS S.A.,4,nao
FERRIPROX,FERRIPROX,Novo,CHIESI FARMACÊUTICA LTDA,1,nao
FERRIPROX BD,FERRIPROX BD,Novo,CHIESI FARMACÊUTICA LTDA,1,nao
FERRO,FERRO,Específico,BIOLAB SANUS FARMACEUTICA LTDA,3,nao
FERROPURUM,FERROPURUM,Específico,BLAU FARMACEUTICA S.A.,4,nao
FERTNON,FERTNON,Similar,CIFARMA CIENTÍFICA FARMACÊUTICA LTDA,1,nao
FEXX,FEXX,Similar,1FARMA INDUSTRIA FARMACEUTICA LTDA,3,nao
FEXXOLYV,FEXXOLYV,Similar,LABORATORIO TEUTO BRASILEIRO S/A,2,nao
FIASP,FIASP,Biológico,NOVO NORDISK FARMACÊUTICA DO BRASIL LTDA,5,nao
FIBIRAX   PLANT,FIBIRAX PLANT,Fitoterápico,EMS S/A,2,nao
FIBREMS,FIBREMS,Fitoterápico,EMS SIGMA PHARMA LTDA,2,nao
FIBRINASE COM CLORANFENICOL,FIBRINASE COM CLORANFENICOL,Novo,CRISTÁLIA PRODUTOS QUÍMICOS FARMACÊUTICOS LTDA.,4,nao
FIBROGAMMIN P,FIBROGAMMIN P,Biológico,CSL BEHRING COMÉRCIO DE PRODUTOS FARMACÊUTICOS LTDA,1,nao
FIBRYGA,FIBRYGA,Biológico,OCTAPHARMA BRASIL LTDA,1,nao
FIDEGERP,FIDEGERP,Biológico,TAKEDA PHARMA LTDA.,2,nao
FIL,FIL,Biológico,ACCORD FARMACÊUTICA LTDA,8,nao
FILGRASTIM,FILGRASTIM,Similar,ACHÉ LABORATÓRIOS FARMACÊUTICOS S.A,1,nao
FILGRASTINE,FILGRASTINE,Biológico,BLAU FARMACEUTICA S.A.,12,nao
FILINAR,FILINAR,Similar,EUROFARMA LABORATORIOS S.A.,2,nao
FILINAR G,FILINAR G,Novo,EUROFARMA LABORATORIOS S.A.,1,nao
FINALOP,FINALOP,Similar,LIBBS FARMACÊUTICA LTDA,1,nao
FINARID,FINARID,Similar,LABORATORIO TEUTO BRASILEIRO S/A,1,nao
FINASTIL,FINASTIL,Similar,EMS SIGMA PHARMA LTDA,1,nao
FINTEPLA,FINTEPLA,Novo,UCB BIOPHARMA LTDA.,2,nao
FIPRIMA,FIPRIMA,Biológico,EUROFARMA LABORATORIOS S.A.,5,nao
FIQUEZEN,FIQUEZEN,Fitoterápico,MEDQUIMICA INDUSTRIA FARMACEUTICA LTDA.,2,nao
FIRAZYR,FIRAZYR,Novo,TAKEDA PHARMA LTDA.,1,nao
FIRIALTA,FIRIALTA,Novo,BAYER S.A.,4,nao
FIRMAGON,FIRMAGON,Novo,LABORATÓRIOS FERRING LTDA,2,nao
FITOBILOBA,FITOBILOBA,Fitoterápico,GEOLAB INDÚSTRIA FARMACÊUTICA S/A,4,nao
FITOBRONC,FITOBRONC,Fitoterápico,IFAL INDUSTRIA E COMERCIO DE PRODUTOS FARMAC LTDA,1,nao
FITOSCAR,FITOSCAR,Fitoterápico,APSEN FARMACEUTICA S/A,2,nao
FITOVEIN,FITOVEIN,Fitoterápico,LABORATORIO CATARINENSE LTDA,1,nao
FITOVEIN FLUX,FITOVEIN FLUX,Fitoterápico,LABORATORIO CATARINENSE LTDA,1,nao
FIXENATO,FIXENATO,Similar,GERMED FARMACEUTICA LTDA,9,nao
FLAGIMAX,FLAGIMAX,Similar,BELFAR LTDA,3,nao
FLAGYL,FLAGYL,Novo,HEMAFARMA COM. E IND. FARM. LTDA | SANOFI MEDLEY FARMACÊUTICA LTDA.,4,nao
FLAMADOR,FLAMADOR,Similar,LEGRAND PHARMA INDUSTRIA FARMACEUTICA LTDA,6,nao
FLAMAPE,FLAMAPE,Similar,LABORATORIO GLOBO SA,2,nao
FLANAX,FLANAX,Novo,BAYER S.A.,6,nao
FLANAX XR,FLANAX XR,Novo,BAYER S.A.,1,nao
FLANCOX,FLANCOX,Novo,APSEN FARMACEUTICA S/A,8,nao
FLANOLACO,FLANOLACO,Similar,MULTILAB INDUSTRIA E COMERCIO DE PRODUTOS FARMACEUTICOS LTDA,3,nao
FLAVENOS,FLAVENOS,Específico,BIOLAB SANUS FARMACEUTICA LTDA,8,nao
FLAVONID,FLAVONID,Específico,BRAINFARMA INDÚSTRIA QUÍMICA E FARMACÊUTICA S.A,4,nao
FLEBODIA,FLEBODIA,Específico,LABORATÓRIO GROSS S. A.,3,nao
FLEBOGAMMA,FLEBOGAMMA,Similar,GRIFOLS BRASIL LTDA,4,nao
FLEBON,FLEBON,Fitoterápico,FARMOQUÍMICA S/A,2,nao
FLEDOID,FLEDOID,Biológico,FARMOQUÍMICA S/A,3,nao
FLEXALGIN,FLEXALGIN,Similar,GEOLAB INDÚSTRIA FARMACÊUTICA S/A,3,nao
FLEXIVE CDM,FLEXIVE CDM,Fitoterápico,PROCTER & GAMBLE DO BRASIL LTDA,2,nao
FLEXMUSCULAR,FLEXMUSCULAR,Similar,COSMED INDUSTRIA DE COSMETICOS E MEDICAMENTOS S.A.,1,nao
FLEXSPORT,FLEXSPORT,Similar,CRISTÁLIA PRODUTOS QUÍMICOS FARMACÊUTICOS LTDA.,1,nao
FLIXONASE,FLIXONASE,Novo,GLAXOSMITHKLINE BRASIL LTDA,1,nao
FLIXOTIDE,FLIXOTIDE,Novo,GLAXOSMITHKLINE BRASIL LTDA,2,nao
FLODIN DUO,FLODIN DUO,Novo,ADIUM S.A.,2,nao
FLOGO-ROSA,FLOGO ROSA,Novo,ACHÉ LABORATÓRIOS FARMACÊUTICOS S.A,5,nao
FLOGORAL,FLOGORAL,Novo,ACHÉ LABORATÓRIOS FARMACÊUTICOS S.A,17,nao
FLOMICIN,FLOMICIN,Biológico,BRAINFARMA INDÚSTRIA QUÍMICA E FARMACÊUTICA S.A,3,nao
FLORALON,FLORALON,Biológico,CIFARMA CIENTÍFICA FARMACÊUTICA LTDA,5,nao
FLORALYTE,FLORALYTE,Específico,PROCTER & GAMBLE DO BRASIL LTDA,4,nao
FLORATE,FLORATE,Novo,NOVARTIS BIOCIENCIAS S.A,1,nao
FLORATIL,FLORATIL,Biológico,FARMOQUÍMICA S/A,8,nao
FLORAX,FLORAX,Novo,INFAN INDUSTRIA QUIMICA FARMACEUTICA NACIONAL S/A,10,nao
FLORENT,FLORENT,Biológico,CIFARMA CIENTÍFICA FARMACÊUTICA LTDA,7,nao
FLORINEFE,FLORINEFE,Novo,ASPEN PHARMA INDÚSTRIA FARMACÊUTICA LTDA,1,nao
FLOSEAL,FLOSEAL,Biológico,BAXTER HOSPITALAR LTDA,1,nao
FLOTAC,FLOTAC,Novo,NOVARTIS BIOCIENCIAS S.A,3,nao
FLOXAMOX,FLOXAMOX,Similar,MULTILAB INDUSTRIA E COMERCIO DE PRODUTOS FARMACEUTICOS LTDA,1,nao
FLOXICAM,FLOXICAM,Similar,BRAINFARMA INDÚSTRIA QUÍMICA E FARMACÊUTICA S.A,1,nao
FLOXIMED,FLOXIMED,Similar,MEDQUIMICA INDUSTRIA FARMACEUTICA LTDA.,1,nao
FLUARIX TETRA,FLUARIX TETRA,Biológico,GLAXOSMITHKLINE BRASIL LTDA,2,nao
FLUCANIL,FLUCANIL,Similar,GEOLAB INDÚSTRIA FARMACÊUTICA S/A,2,nao
FLUCAZOL,FLUCAZOL,Similar,CRISTÁLIA PRODUTOS QUÍMICOS FARMACÊUTICOS LTDA.,1,nao
FLUCELVAX TETRA,FLUCELVAX TETRA,Biológico,CSL BEHRING COMÉRCIO DE PRODUTOS FARMACÊUTICOS LTDA,3,nao
FLUCISTEIN,FLUCISTEIN,Similar,UNIÃO QUÍMICA FARMACÊUTICA NACIONAL S/A,3,nao
FLUCOL,FLUCOL,Similar,BELFAR LTDA,5,nao
FLUCOLCID,FLUCOLCID,Similar,LABORATORIO GLOBO SA,2,nao
FLUCONID,FLUCONID,Similar,VITAMEDIC INDUSTRIA FARMACEUTICA LTDA,3,nao
FLUCOVIL,FLUCOVIL,Similar,MEDQUIMICA INDUSTRIA FARMACEUTICA LTDA.,2,nao
FLUDALIBBS,FLUDALIBBS,Similar,LIBBS FARMACÊUTICA LTDA,1,nao
FLUFENAN,FLUFENAN,Similar,CRISTÁLIA PRODUTOS QUÍMICOS FARMACÊUTICOS LTDA.,1,nao
FLUFENAN DEPOT,FLUFENAN DEPOT,Similar,CRISTÁLIA PRODUTOS QUÍMICOS FARMACÊUTICOS LTDA.,1,nao
FLUIBRON,FLUIBRON,Similar,CHIESI FARMACÊUTICA LTDA,2,nao
FLUIDSORO,FLUIDSORO,Similar,VITAMEDIC INDUSTRIA FARMACEUTICA LTDA,1,nao
FLUIMUCIL,FLUIMUCIL,Novo,ZAMBON LABORATÓRIOS FARMACÊUTICOS LTDA.,8,nao
FLUIR,FLUIR,Similar,COSMED INDUSTRIA DE COSMETICOS E MEDICAMENTOS S.A.,5,nao
FLUISOLVAN,FLUISOLVAN,Similar,GEOLAB INDÚSTRIA FARMACÊUTICA S/A,2,nao
FLUITEÍNA,FLUITEINA,Similar,EMS S/A,4,nao
FLUMAZIL,FLUMAZIL,Similar,CRISTÁLIA PRODUTOS QUÍMICOS FARMACÊUTICOS LTDA.,1,nao
FLUNARIN,FLUNARIN,Similar,ACHÉ LABORATÓRIOS FARMACÊUTICOS S.A,1,nao
FLUOXETIN,FLUOXETIN,Similar,CRISTÁLIA PRODUTOS QUÍMICOS FARMACÊUTICOS LTDA.,1,nao
FLUQUADRI,FLUQUADRI,Biológico,SANOFI MEDLEY FARMACÊUTICA LTDA.,3,nao
FLUSAN,FLUSAN,Similar,EUROFARMA LABORATORIOS S.A.,4,nao
FLUTINOL,FLUTINOL,Similar,CRISTÁLIA PRODUTOS QUÍMICOS FARMACÊUTICOS LTDA.,1,nao
FLUTIVATE,FLUTIVATE,Novo,GLAXOSMITHKLINE BRASIL LTDA,2,nao
FLUTUAH,FLUTUAH,Similar,APSEN FARMACEUTICA S/A,42,nao
FLUVIQUE,FLUVIQUE,Similar,SUPERA FARMA LABORATÓRIOS S.A,4,nao
FLUVIRAL DIA,FLUVIRAL DIA,Similar,COSMED INDUSTRIA DE COSMETICOS E MEDICAMENTOS S.A.,2,nao
FLUVIRAL NOITE,FLUVIRAL NOITE,Similar,COSMED INDUSTRIA DE COSMETICOS E MEDICAMENTOS S.A.,2,nao
FLUX SR,FLUX SR,Similar,BIOLAB SANUS FARMACEUTICA LTDA,3,nao
FLUXENE,FLUXENE,Similar,EUROFARMA LABORATORIOS S.A.,5,nao
FLUXOCOR,FLUXOCOR,Similar,SANOFI MEDLEY FARMACÊUTICA LTDA.,3,nao
FLUXOLIV,FLUXOLIV,Fitoterápico,AIRELA INDÚSTRIA FARMACÊUTICA LTDA.,1,nao
FLUXON,FLUXON,Similar,BRAINFARMA INDÚSTRIA QUÍMICA E FARMACÊUTICA S.A,2,nao
FLUXTAR,FLUXTAR,Similar,DIFFUCAP - CHEMOBRÁS QUÍMICA E FARMACÊUTICA LTDA,2,nao
FLYARE,FLYARE,Fitoterápico,CIFARMA CIENTÍFICA FARMACÊUTICA LTDA,1,nao
FLYKATO,FLYKATO,Similar,DR. REDDYS FARMACÊUTICA DO BRASIL LTDA,2,nao
FOLACIN,FOLACIN,Específico,ARESE PHARMA LTDA,3,nao
FOLAVIVE,FOLAVIVE,Específico,EMS S/A,6,nao
FOLDAN,FOLDAN,Similar,UNIÃO QUÍMICA FARMACÊUTICA NACIONAL S/A,1,nao
FOLIFOLIN,FOLIFOLIN,Específico,EMS S/A,2,nao
FOLIN,FOLIN,Específico,GEYER MEDICAMENTOS S/A,2,nao
FOLINAC,FOLINAC,Similar,HIPOLABOR FARMACEUTICA LTDA,1,nao
FOLONIN,FOLONIN,Específico,GEOLAB INDÚSTRIA FARMACÊUTICA S/A,1,nao
FONT D,FONT D,Específico,UNIÃO QUÍMICA FARMACÊUTICA NACIONAL S/A,9,nao
FOPITANT,FOPITANT,Similar,CAMBER FARMACEUTICA LTDA,2,nao
FOQ XR,FOQ XR,Similar,COSMED INDUSTRIA DE COSMETICOS E MEDICAMENTOS S.A.,3,nao
FORASEQ,FORASEQ,Novo,SANDOZ DO BRASIL INDÚSTRIA FARMACÊUTICA LTDA,4,nao
FORFIG,FORFIG,Fitoterápico,EUROFARMA LABORATORIOS S.A.,5,nao
FORITUS,FORITUS,Similar,EUROFARMA LABORATORIOS S.A.,2,nao
FORLUT,FORLUT,Similar,BIOLAB SANUS FARMACEUTICA LTDA,3,nao
FORMOCAPS,FORMOCAPS,Similar,ACHÉ LABORATÓRIOS FARMACÊUTICOS S.A,3,nao
FORMYN,FORMYN,Similar,MULTILAB INDUSTRIA E COMERCIO DE PRODUTOS FARMACEUTICOS LTDA,7,nao
FORTEN,FORTEN,Específico,CHIESI FARMACÊUTICA LTDA,2,nao
FORTEO,FORTEO,Biológico,ELI LILLY DO BRASIL LTDA,1,nao
FORTEVIT,FORTEVIT,Específico,AIRELA INDÚSTRIA FARMACÊUTICA LTDA.,1,nao
FORXIGA,FORXIGA,Novo,ASTRAZENECA DO BRASIL LTDA,3,nao
FOSAMAX D,FOSAMAX D,Novo,ORGANON FARMACEUTICA LTDA.,1,nao
FOSFATO DE POTÁSSIO,FOSFATO DE POTASSIO,Específico,VASCONCELOS INDUSTRIA FARMACEUTICA E COMERCIO LTDA,4,nao
FOSMORYL,FOSMORYL,Similar,PHARMASCIENCE INDUSTRIA FARMACEUTICA S.A,1,nao
FOSTAIR,FOSTAIR,Novo,CHIESI FARMACÊUTICA LTDA,6,nao
FOSTIMON-M,FOSTIMON M,Biológico,BESINS HEALTHCARE BRASIL COMERCIAL E DISTRIBUIDORA DE MEDICAMENTOS LTDA,5,nao
FOXIS,FOXIS,Similar,ACHÉ LABORATÓRIOS FARMACÊUTICOS S.A,5,nao
FOZA,FOZA,Similar,ACCORD FARMACÊUTICA LTDA,1,nao
"FRAÇÃO ÁCIDA CA ++ 3,0 MEQ/L 1:44",FRACAO ACIDA CA 3 0 MEQ L 1 44,Específico,FARMACE INDÚSTRIA QUÍMICO-FARMACÊUTICA CEARENSE LTDA,1,nao
FRANOL,FRANOL,Novo,SANOFI MEDLEY FARMACÊUTICA LTDA.,1,nao
FRENOTOSSE,FRENOTOSSE,Similar,CIMED INDUSTRIA S.A,1,nao
FRESOFLOX,FRESOFLOX,Similar,FRESENIUS KABI BRASIL LTDA,2,nao
FRESOLCAN,FRESOLCAN,Similar,FRESENIUS KABI BRASIL LTDA,1,nao
FRISIUM,FRISIUM,Novo,PHARLAB INDÚSTRIA FARMACÊUTICA S.A.,2,nao
FRONTAL,FRONTAL,Novo,VIATRIS FARMACEUTICA DO BRASIL LTDA,7,nao
FRONTLEV,FRONTLEV,Similar,ACHÉ LABORATÓRIOS FARMACÊUTICOS S.A,5,nao
FROSIV,FROSIV,Similar,VIATRIS FARMACEUTICA DO BRASIL LTDA,2,nao
FRUSALT,FRUSALT,Específico,CIMED INDUSTRIA S.A,2,nao
FRUTAXX,FRUTAXX,Específico,UNIÃO QUÍMICA FARMACÊUTICA NACIONAL S/A,1,nao
FRUTOSE 5%,FRUTOSE 5,Específico,FRESENIUS KABI BRASIL LTDA,1,nao
FRUTOVITAM,FRUTOVITAM,Específico,CRISTÁLIA PRODUTOS QUÍMICOS FARMACÊUTICOS LTDA.,1,nao
FUCIDIN,FUCIDIN,Novo,LEO PHARMA LTDA,2,nao
FUCSIA FEM,FUCSIA FEM,Similar,MULTILAB INDUSTRIA E COMERCIO DE PRODUTOS FARMACEUTICOS LTDA,1,nao
FUCSIA MINUS,FUCSIA MINUS,Similar,MULTILAB INDUSTRIA E COMERCIO DE PRODUTOS FARMACEUTICOS LTDA,1,nao
FUEBLO,FUEBLO,Similar,PRATI DONADUZZI & CIA LTDA,9,nao
FULPHILA,FULPHILA,Biológico,BIOCON BIOLOGICS DO BRASIL LTDA,1,nao
FULVAFIT,FULVAFIT,Similar,EUGIA PHARMA INDUSTRIA FARMACEUTICA LTDA,3,nao
FULVY,FULVY,Similar,ACCORD FARMACÊUTICA LTDA,2,nao
FUMAGUM,FUMAGUM,Específico,FARMOQUÍMICA S/A,2,nao
FUNED INSULINA N,FUNED INSULINA N,Biológico,FUNDAÇÃO EZEQUIEL DIAS - FUNED,5,nao
FUNED INSULINA R,FUNED INSULINA R,Biológico,FUNDAÇÃO EZEQUIEL DIAS - FUNED,5,nao
FUNED - TALIDOMIDA,FUNED TALIDOMIDA,Similar,FUNDAÇÃO EZEQUIEL DIAS - FUNED,3,nao
FUNGICORT,FUNGICORT,Similar,CIFARMA CIENTÍFICA FARMACÊUTICA LTDA,2,nao
FUNGISTEN,FUNGISTEN,Similar,LABORATORIO GLOBO SA,1,nao
FUNGONAZOL,FUNGONAZOL,Similar,MEDQUIMICA INDUSTRIA FARMACEUTICA LTDA.,1,nao
FUNOK,FUNOK,Similar,MULTILAB INDUSTRIA E COMERCIO DE PRODUTOS FARMACEUTICOS LTDA,2,nao
FUNTYL,FUNTYL,Similar,CRISTÁLIA PRODUTOS QUÍMICOS FARMACÊUTICOS LTDA.,3,nao
FUROSANTISA,FUROSANTISA,Similar,SANTISA LABORATÓRIO FARMACÊUTICO S/A,1,nao
FUROSETRON,FUROSETRON,Similar,BLAU FARMACEUTICA S.A.,6,nao
FURP - AMOXICILINA,FURP AMOXICILINA,Similar,FUNDAÇÃO PARA O REMÉDIO POPULAR - FURP,1,nao
FURP-AMPICILINA,FURP AMPICILINA,Similar,FUNDAÇÃO PARA O REMÉDIO POPULAR - FURP,2,nao
FURP-AZATIOPRINA,FURP AZATIOPRINA,Similar,FUNDAÇÃO PARA O REMÉDIO POPULAR - FURP,1,nao
FURP-BENZILPENICILINA BENZATINA,FURP BENZILPENICILINA BENZATINA,Similar,FUNDAÇÃO PARA O REMÉDIO POPULAR - FURP,2,nao
FURP-BENZILPENICILINA PROCAINA + BENZILPENICILINA POTASSICA,FURP BENZILPENICILINA PROCAINA BENZILPENICILINA POTASSICA,Similar,FUNDAÇÃO PARA O REMÉDIO POPULAR - FURP,1,nao
FURP-CAPTOPRIL,FURP CAPTOPRIL,Similar,FUNDAÇÃO PARA O REMÉDIO POPULAR - FURP,1,nao
FURP-CEFALEXINA,FURP CEFALEXINA,Similar,FUNDAÇÃO PARA O REMÉDIO POPULAR - FURP,2,nao
FURP-DAPSONA,FURP DAPSONA,Similar,FUNDAÇÃO PARA O REMÉDIO POPULAR - FURP,1,nao
FURP-DESMOPRESSINA,FURP DESMOPRESSINA,Similar,FUNDAÇÃO PARA O REMÉDIO POPULAR - FURP,1,nao
FURP-DEXAMETASONA,FURP DEXAMETASONA,Similar,FUNDAÇÃO PARA O REMÉDIO POPULAR - FURP,1,nao
FURP-DIAZEPAM,FURP DIAZEPAM,Similar,FUNDAÇÃO PARA O REMÉDIO POPULAR - FURP,2,nao
FURP - DICLOFENACO,FURP DICLOFENACO,Similar,FUNDAÇÃO PARA O REMÉDIO POPULAR - FURP,1,nao
FURP-DIGOXINA,FURP DIGOXINA,Similar,FUNDAÇÃO PARA O REMÉDIO POPULAR - FURP,1,nao
FURP- DIPIRONA,FURP DIPIRONA,Similar,FUNDAÇÃO PARA O REMÉDIO POPULAR - FURP,2,nao
FURP-DONEPEZILA,FURP DONEPEZILA,Similar,FUNDAÇÃO PARA O REMÉDIO POPULAR - FURP,8,nao
FURP-ESTREPTOMICINA,FURP ESTREPTOMICINA,Similar,FUNDAÇÃO PARA O REMÉDIO POPULAR - FURP,1,nao
FURP - ETAMBUTOL,FURP ETAMBUTOL,Similar,FUNDAÇÃO PARA O REMÉDIO POPULAR - FURP,1,nao
FURP - FENITOINA,FURP FENITOINA,Similar,FUNDAÇÃO PARA O REMÉDIO POPULAR - FURP,1,nao
FURP-FENOBARBITAL,FURP FENOBARBITAL,Similar,FUNDAÇÃO PARA O REMÉDIO POPULAR - FURP,1,nao
FURP-GLIBENCLAMIDA,FURP GLIBENCLAMIDA,Similar,FUNDAÇÃO PARA O REMÉDIO POPULAR - FURP,1,nao
FURP-HALOPERIDOL,FURP HALOPERIDOL,Similar,FUNDAÇÃO PARA O REMÉDIO POPULAR - FURP,1,nao
FURP-HIDROCLOROTIAZIDA,FURP HIDROCLOROTIAZIDA,Similar,FUNDAÇÃO PARA O REMÉDIO POPULAR - FURP,1,nao
FURP-HIOSCINA,FURP HIOSCINA,Similar,FUNDAÇÃO PARA O REMÉDIO POPULAR - FURP,1,nao
FURP-ISONIAZIDA,FURP ISONIAZIDA,Similar,FUNDAÇÃO PARA O REMÉDIO POPULAR - FURP,1,nao
FURP-LAMIVUDINA,FURP LAMIVUDINA,Similar,FUNDAÇÃO PARA O REMÉDIO POPULAR - FURP,1,nao
FURP-LAMIVUDINA + ZIDOVUDINA,FURP LAMIVUDINA ZIDOVUDINA,Similar,FUNDAÇÃO PARA O REMÉDIO POPULAR - FURP,1,nao
FURP - METILDOPA,FURP METILDOPA,Similar,FUNDAÇÃO PARA O REMÉDIO POPULAR - FURP,1,nao
FURP - METOCLOPRAMIDA,FURP METOCLOPRAMIDA,Similar,FUNDAÇÃO PARA O REMÉDIO POPULAR - FURP,1,nao
FURP-METRONIDAZOL,FURP METRONIDAZOL,Similar,FUNDAÇÃO PARA O REMÉDIO POPULAR - FURP,3,nao
FURP - NEOMICINA + BACITRACINA,FURP NEOMICINA BACITRACINA,Similar,FUNDAÇÃO PARA O REMÉDIO POPULAR - FURP,1,nao
FURP - PARACETAMOL,FURP PARACETAMOL,Similar,FUNDAÇÃO PARA O REMÉDIO POPULAR - FURP,2,nao
FURP- PIRAZINAMIDA,FURP PIRAZINAMIDA,Similar,FUNDAÇÃO PARA O REMÉDIO POPULAR - FURP,2,nao
FURP - PROPRANOLOL,FURP PROPRANOLOL,Similar,FUNDAÇÃO PARA O REMÉDIO POPULAR - FURP,2,nao
FURP-RIFAMPICINA,FURP RIFAMPICINA,Similar,FUNDAÇÃO PARA O REMÉDIO POPULAR - FURP,2,nao
FURP - SULFADIAZINA,FURP SULFADIAZINA,Similar,FUNDAÇÃO PARA O REMÉDIO POPULAR - FURP,1,nao
FURP-SULFAMETOXAZOL + TRIMETOPRIMA,FURP SULFAMETOXAZOL TRIMETOPRIMA,Similar,FUNDAÇÃO PARA O REMÉDIO POPULAR - FURP,2,nao
FURP-SULFATO FERROSO,FURP SULFATO FERROSO,Específico,FUNDAÇÃO PARA O REMÉDIO POPULAR - FURP,3,nao
FUSOR,FUSOR,Similar,ACHÉ LABORATÓRIOS FARMACÊUTICOS S.A,7,nao
FUVEX,FUVEX,Similar,BLAU FARMACEUTICA S.A.,3,nao
FUZEON,FUZEON,Novo,PRODUTOS ROCHE QUÍMICOS E FARMACÊUTICOS S.A.,1,nao
FYCOMPA,FYCOMPA,Novo,UNITED MEDICAL LTDA,4,nao
GABA ER,GABA ER,Similar,EUROFARMA LABORATORIOS S.A.,4,nao
GABALLON,GABALLON,Específico,ZYDUS NIKKHO FARMACÊUTICA LTDA,2,nao
GABANEURIN,GABANEURIN,Similar,EMS SIGMA PHARMA LTDA,16,nao
GADOVIST,GADOVIST,Novo,BAYER S.A.,3,nao
GAESO,GAESO,Similar,ACHÉ LABORATÓRIOS FARMACÊUTICOS S.A,6,nao
GALAFOLD,GALAFOLD,Novo,PINT PHARMA PRODUTOS MEDICO-HOSPITALARES E FARMACEUTICOS LTDA,1,nao
GALENOGAL ELIXIR,GALENOGAL ELIXIR,Fitoterápico,KLEY HERTZ FARMACEUTICA S.A,1,nao
GALVUS,GALVUS,Novo,NOVARTIS BIOCIENCIAS S.A,3,nao
GALVUS MET,GALVUS MET,Novo,NOVARTIS BIOCIENCIAS S.A,5,nao
GAMA ANTI-D GRIFOLS,GAMA ANTI D GRIFOLS,Biológico,GRIFOLS BRASIL LTDA,1,nao
GAMA ANTI-HEPATITE B GRIFOLS,GAMA ANTI HEPATITE B GRIFOLS,Similar,GRIFOLS BRASIL LTDA,5,nao
GAMA ANTI-TETANO GRIFOLS,GAMA ANTI TETANO GRIFOLS,Similar,GRIFOLS BRASIL LTDA,1,nao
GAMAGLOBULINA IM GRIFOLS,GAMAGLOBULINA IM GRIFOLS,Biológico,GRIFOLS BRASIL LTDA,1,nao
GAMALINE V,GAMALINE V,Fitoterápico,HERBARIUM LABORATORIO BOTANICO LTDA,2,nao
GAMAX,GAMAX,Fitoterápico,INFAN INDUSTRIA QUIMICA FARMACEUTICA NACIONAL S/A,2,nao
GAMUNEX,GAMUNEX,Biológico,GRIFOLS BRASIL LTDA,1,nao
GANCICLOTRAT,GANCICLOTRAT,Similar,UNIÃO QUÍMICA FARMACÊUTICA NACIONAL S/A,1,nao
GANFORT,GANFORT,Novo,ALLERGAN PRODUTOS FARMACÊUTICOS LTDA,3,nao
GANVIRAX,GANVIRAX,Similar,BLAU FARMACEUTICA S.A.,1,nao
GAPEM,GAPEM,Similar,PRATI DONADUZZI & CIA LTDA,4,nao
GAPOBAK,GAPOBAK,Similar,CAMBER FARMACEUTICA LTDA,2,nao
GARASONE,GARASONE,Novo,COSMED INDUSTRIA DE COSMETICOS E MEDICAMENTOS S.A.,1,nao
GARDASIL,GARDASIL,Biológico,MERCK SHARP & DOHME FARMACEUTICA LTDA.,1,nao
GARDASIL 9,GARDASIL 9,Biológico,MERCK SHARP & DOHME FARMACEUTICA LTDA.,1,nao
GARDENAL,GARDENAL,Novo,PHARLAB INDÚSTRIA FARMACÊUTICA S.A.,3,nao
GARGOJUICE,GARGOJUICE,Similar,BELFAR LTDA,2,nao
GASCOL PEP,GASCOL PEP,Específico,PHARLAB INDÚSTRIA FARMACÊUTICA S.A.,2,nao
GASTRILESS,GASTRILESS,Fitoterápico,BIONATUS LABORATÓRIO BOTÂNICO LTDA,2,nao
GASTRINON,GASTRINON,Fitoterápico,LABORATORIO VITALAB LTDA,1,nao
GASTRIUM,GASTRIUM,Similar,ACHÉ LABORATÓRIOS FARMACÊUTICOS S.A,2,nao
GASTROFTAL,GASTROFTAL,Específico,PHARMASCIENCE INDUSTRIA FARMACEUTICA S.A,3,nao
GASTROGEL,GASTROGEL,Específico,MEDQUIMICA INDUSTRIA FARMACEUTICA LTDA.,2,nao
GASTROL,GASTROL,Específico,BRAINFARMA INDÚSTRIA QUÍMICA E FARMACÊUTICA S.A,8,nao
GASTROL TC,GASTROL TC,Específico,BRAINFARMA INDÚSTRIA QUÍMICA E FARMACÊUTICA S.A,1,nao
GASTROLIV,GASTROLIV,Específico,CIFARMA CIENTÍFICA FARMACÊUTICA LTDA,5,nao
GAUDY,GAUDY,Similar,EMS S/A,12,nao
GÁZIA,GAZIA,Similar,EUROFARMA LABORATORIOS S.A.,3,nao
GAZYVA,GAZYVA,Biológico,PRODUTOS ROCHE QUÍMICOS E FARMACÊUTICOS S.A.,1,nao
GCIB,GCIB,Similar,CRISTÁLIA PRODUTOS QUÍMICOS FARMACÊUTICOS LTDA.,2,nao
GEFIB,GEFIB,Similar,CAMBER FARMACEUTICA LTDA,1,nao
GELAFUNDIN,GELAFUNDIN,Específico,LABORATORIOS B. BRAUN S/A,1,nao
GELMAX,GELMAX,Específico,EMS S/A,4,nao
GELMAX DIM,GELMAX DIM,Específico,EMS S/A,1,nao
GELO-BIO,GELO BIO,Específico,UNIÃO QUÍMICA FARMACÊUTICA NACIONAL S/A,3,nao
GELOL,GELOL,Específico,COSMED INDUSTRIA DE COSMETICOS E MEDICAMENTOS S.A.,2,nao
GEMCIT,GEMCIT,Novo,SANDOZ DO BRASIL INDÚSTRIA FARMACÊUTICA LTDA,4,nao
GEMZAR,GEMZAR,Novo,ELI LILLY DO BRASIL LTDA,2,nao
GENCIX,GENCIX,Similar,LABORATORIO QUIMICO FARMACEUTICO BERGAMO LTDA,6,nao
GENGIMIN,GENGIMIN,Fitoterápico,FARMOQUÍMICA S/A,1,nao
GENLIBBS,GENLIBBS,Similar,LIBBS FARMACÊUTICA LTDA,2,nao
GENOTROPIN,GENOTROPIN,Biológico,PFIZER BRASIL LTDA,6,nao
GENRYZON,GENRYZON,Biológico,PFIZER BRASIL LTDA,2,nao
GENTAMICIN,GENTAMICIN,Similar,FRESENIUS KABI BRASIL LTDA,3,nao
GENTAMISAN,GENTAMISAN,Similar,SANTISA LABORATÓRIO FARMACÊUTICO S/A,3,nao
GENUXAL,GENUXAL,Similar,BAXTER HOSPITALAR LTDA,3,nao
GEODON,GEODON,Novo,LABORATORIOS PFIZER LTDA | VIATRIS FARMACEUTICA DO BRASIL LTDA,6,nao
GERIATON,GERIATON,Específico,ACHÉ LABORATÓRIOS FARMACÊUTICOS S.A,1,nao
GERILON,GERILON,Específico,CIFARMA CIENTÍFICA FARMACÊUTICA LTDA,2,nao
GEROVITAL,GEROVITAL,Específico,EMS S/A,2,nao
GÉSICO,GESICO,Similar,EUROFARMA LABORATORIOS S.A.,2,nao
GÉSICO DUO,GESICO DUO,Similar,EUROFARMA LABORATORIOS S.A.,3,nao
GESTINOL,GESTINOL,Novo,LIBBS FARMACÊUTICA LTDA,2,nao
GESTRELAN,GESTRELAN,Similar,BIOLAB SANUS FARMACEUTICA LTDA,2,nao
GHEMAXAN,GHEMAXAN,Biológico,BIOMM SA,10,nao
GILENYA,GILENYA,Novo,NOVARTIS BIOCIENCIAS S.A,1,nao
GILMOV,GILMOV,Similar,ACHÉ LABORATÓRIOS FARMACÊUTICOS S.A,2,nao
GINESSE,GINESSE,Similar,FARMOQUÍMICA S/A,2,nao
GINKGO BILOBA BRASTERAPICA,GINKGO BILOBA BRASTERAPICA,Fitoterápico,BRASTERAPICA PHARMACEUTICA LTDA.,1,nao
GINKGO BILOBA LABORATÓRIOS OSÓRIO DE MORAES,GINKGO BILOBA LABORATORIOS OSORIO DE MORAES,Fitoterápico,LABORATÓRIOS OSÓRIO DE MORAES LTDA,2,nao
GINKGO CATARINENSE,GINKGO CATARINENSE,Fitoterápico,LABORATORIO CATARINENSE LTDA,1,nao
GINKGO ES,GINKGO ES,Fitoterápico,LABORATORIO VITALAB LTDA,1,nao
GINKGO HERBARIUM,GINKGO HERBARIUM,Fitoterápico,HERBARIUM LABORATORIO BOTANICO LTDA,1,nao
GINKGO VIDORA,GINKGO VIDORA,Fitoterápico,VIDORA FARMACEUTICA LTDA,2,nao
GINKGO VITAL,GINKGO VITAL,Fitoterápico,PRATI DONADUZZI & CIA LTDA,4,nao
GINKOBA,GINKOBA,Fitoterápico,ZYDUS NIKKHO FARMACÊUTICA LTDA,2,nao
GINKOCAPS,GINKOCAPS,Fitoterápico,KLEY HERTZ FARMACEUTICA S.A,2,nao
GINKOMED,GINKOMED,Fitoterápico,CIMED INDUSTRIA S.A,1,nao
GINNA,GINNA,Similar,EUROFARMA LABORATORIOS S.A.,1,nao
GINO-CANESTEN,GINO CANESTEN,Novo,BAYER S.A.,1,nao
GINO-COLON,GINO COLON,Similar,GEOLAB INDÚSTRIA FARMACÊUTICA S/A,1,nao
GINO MIZONOL,GINO MIZONOL,Similar,GEOLAB INDÚSTRIA FARMACÊUTICA S/A,1,nao
GINSENG BIONATUS,GINSENG BIONATUS,Fitoterápico,BIONATUS LABORATÓRIO BOTÂNICO LTDA,2,nao
GIOTRIF,GIOTRIF,Novo,BOEHRINGER INGELHEIM DO BRASIL QUIMICA E FARMACEUTICA LTDA.,2,nao
GIVLAARI,GIVLAARI,Novo,SPECIALTY PHARMA GOIAS LTDA,1,nao
GLALFITAL,GLALFITAL,Similar,LABORATORIO TEUTO BRASILEIRO S/A,1,nao
GLAMETIX,GLAMETIX,Similar,LABORATÓRIOS BAGÓ DO BRASIL S/A,1,nao
GLAMIGAN,GLAMIGAN,Similar,GERMED FARMACEUTICA LTDA,3,nao
GLAMIGAN MT,GLAMIGAN MT,Similar,GERMED FARMACEUTICA LTDA,2,nao
GLARGILIN,GLARGILIN,Biológico,BIOMM SA,7,nao
GLATUS,GLATUS,Biológico,ASPEN PHARMA INDÚSTRIA FARMACÊUTICA LTDA,4,nao
GLAUB,GLAUB,Similar,UNIÃO QUÍMICA FARMACÊUTICA NACIONAL S/A,2,nao
GLAUCOTRAT,GLAUCOTRAT,Similar,UNIÃO QUÍMICA FARMACÊUTICA NACIONAL S/A,1,nao
GLAUCUR,GLAUCUR,Similar,LEGRAND PHARMA INDUSTRIA FARMACEUTICA LTDA,2,nao
GLEMPA,GLEMPA,Similar,EMS S/A,4,nao
GLIADEL,GLIADEL,Novo,EISAI LABORATÓRIOS LTDA,1,nao
GLIANSOR,GLIANSOR,Similar,LEGRAND PHARMA INDUSTRIA FARMACEUTICA LTDA,2,nao
GLICAMIN,GLICAMIN,Similar,GEOLAB INDÚSTRIA FARMACÊUTICA S/A,2,nao
GLICEFOR,GLICEFOR,Similar,GEOLAB INDÚSTRIA FARMACÊUTICA S/A,1,nao
GLICERINA 12%,GLICERINA 12,Específico,FARMACE INDÚSTRIA QUÍMICO-FARMACÊUTICA CEARENSE LTDA,1,nao
"GLICINA JP 1,5%",GLICINA JP 1 5,Específico,JP INDUSTRIA FARMACEUTICA S/A,1,nao
GLICOFISIOLÓGICO,GLICOFISIOLOGICO,Específico,FARMARIN INDUSTRIA E COMERCIO LTDA,1,nao
GLICOLIVE,GLICOLIVE,Similar,ACHÉ LABORATÓRIOS FARMACÊUTICOS S.A,1,nao
GLICOMET,GLICOMET,Similar,VITAMEDIC INDUSTRIA FARMACEUTICA LTDA,2,nao
GLICONATO DE CALCIO,GLICONATO DE CALCIO,Específico,BLAU FARMACEUTICA S.A. | FARMARIN INDUSTRIA E COMERCIO LTDA,2,nao
GLICONIL,GLICONIL,Similar,MEDQUIMICA INDUSTRIA FARMACEUTICA LTDA.,2,nao
GLICOSE,GLICOSE,Específico,COPERMED COMERCIAL IMPORTADORA LTDA | EQUIPLEX INDÚSTRIA FARMACÊUTICA LTDA | FARMA VISION IMPORTACAO E EXPORTACAO DE MEDICAMENTOS LTDA | FARMARIN INDUSTRIA E COMERCIO LTDA | FRESENIUS KABI BRASIL LTDA | SAMTEC BIOTECNOLOGIA LIMITADA,28,nao
"GLICOSE 5% + CLORETO DE SÓDIO 0,9%",GLICOSE 5 CLORETO DE SODIO 0 9,Específico,COPERMED COMERCIAL IMPORTADORA LTDA,2,nao
"GLICOSE A 5% + CLORETO DE SÓDIO A 0,9%",GLICOSE A 5 CLORETO DE SODIO A 0 9,Específico,LABORATORIOS B. BRAUN S/A,2,nao
GLICOSE BEKER,GLICOSE BEKER,Específico,BEKER PRODUTOS FARMACO HOSPITALARES LTDA,6,nao
GLICOSE + CLORETO DE SÓDIO FARMACE,GLICOSE CLORETO DE SODIO FARMACE,Específico,FARMACE INDÚSTRIA QUÍMICO-FARMACÊUTICA CEARENSE LTDA,1,nao
GLICOSE HALEX ISTAR,GLICOSE HALEX ISTAR,Específico,HALEX ISTAR INDUSTRIA FARMACEUTICA SA,4,nao
GLICOSE MONOIDRATADA,GLICOSE MONOIDRATADA,Específico,EUROFARMA LABORATORIOS S.A.,2,nao
GLIF,GLIF,Similar,EUROFARMA LABORATORIOS S.A.,2,nao
GLIFAGE,GLIFAGE,Novo,MERCK S/A,13,nao
GLIFAGE XR,GLIFAGE XR,Novo,MERCK S/A,23,nao
GLIMATIN,GLIMATIN,Similar,EMS S/A,2,nao
GLIMEPIL,GLIMEPIL,Similar,FARMOQUÍMICA S/A,4,nao
GLINAPE,GLINAPE,Similar,LEGRAND PHARMA INDUSTRIA FARMACEUTICA LTDA,3,nao
GLINK,GLINK,Similar,LIBBS FARMACÊUTICA LTDA,3,nao
GLINK MET,GLINK MET,Similar,LIBBS FARMACÊUTICA LTDA,5,nao
GLIOCORT,GLIOCORT,Similar,FRESENIUS KABI BRASIL LTDA,4,nao
GLIONIL,GLIONIL,Similar,BRAINFARMA INDÚSTRIA QUÍMICA E FARMACÊUTICA S.A,1,nao
GLIVANCE XR,GLIVANCE XR,Novo,MERCK S/A,2,nao
GLIVEC,GLIVEC,Novo,NOVARTIS BIOCIENCIAS S.A,3,nao
GLOBOFLU,GLOBOFLU,Similar,LABORATORIO GLOBO SA,3,nao
GLOBONAXX,GLOBONAXX,Similar,LABORATORIO GLOBO SA,1,nao
GLOBOXAREL,GLOBOXAREL,Similar,LABORATORIO GLOBO SA,3,nao
GLUCAGEN,GLUCAGEN,Similar,NOVO NORDISK FARMACÊUTICA DO BRASIL LTDA,1,nao
GLUCANTIME,GLUCANTIME,Novo,SANOFI MEDLEY FARMACÊUTICA LTDA.,1,nao
GLUCOREUMIN,GLUCOREUMIN,Similar,VIATRIS FARMACEUTICA DO BRASIL LTDA,3,nao
GLUCOVANCE,GLUCOVANCE,Novo,MERCK S/A,2,nao
GLUNAC,GLUNAC,Similar,GERMED FARMACEUTICA LTDA,3,nao
GLUNAC DUO,GLUNAC DUO,Similar,GERMED FARMACEUTICA LTDA,9,nao
GLYA,GLYA,Similar,CRISTÁLIA PRODUTOS QUÍMICOS FARMACÊUTICOS LTDA.,5,nao
GLYCOPHOS,GLYCOPHOS,Específico,FRESENIUS KABI BRASIL LTDA,3,nao
GLYPRESSIN,GLYPRESSIN,Novo,LABORATÓRIOS FERRING LTDA,2,nao
GLYQUIN XM,GLYQUIN XM,Similar,MEDQUIMICA INDUSTRIA FARMACEUTICA LTDA.,1,nao
GLYTCO,GLYTCO,Similar,NATCOFARMA DO BRASIL LTDA,3,nao
GLYTEOL,GLYTEOL,Similar,KLEY HERTZ FARMACEUTICA S.A,6,nao
GLYXAMBI,GLYXAMBI,Novo,BOEHRINGER INGELHEIM DO BRASIL QUIMICA E FARMACEUTICA LTDA.,3,nao
GNIMI,GNIMI,Similar,CAMBER FARMACEUTICA LTDA,6,nao
GONAPEPTYL DAILY,GONAPEPTYL DAILY,Novo,LABORATÓRIOS FERRING LTDA,1,nao
GOTAS BINELLI,GOTAS BINELLI,Similar,MEGALABS FARMACEUTICA S.A.,1,nao
GRACIAL,GRACIAL,Novo,ORGANON FARMACEUTICA LTDA.,1,nao
GRAN-D,GRAN D,Específico,CRISTÁLIA PRODUTOS QUÍMICOS FARMACÊUTICOS LTDA.,1,nao
GRANULOKINE,GRANULOKINE,Biológico,AMGEN BIOTECNOLOGIA DO BRASIL LTDA.,2,nao
GRIPALCÊ,GRIPALCE,Similar,BRASTERAPICA PHARMACEUTICA LTDA.,4,nao
GRIPALCÊ UNO,GRIPALCE UNO,Similar,BRASTERAPICA PHARMACEUTICA LTDA.,3,nao
GRIPALCEFITO,GRIPALCEFITO,Fitoterápico,BRASTERAPICA PHARMACEUTICA LTDA.,1,nao
GRIPEN F,GRIPEN F,Similar,EMS S/A,3,nao
GRIPEOL,GRIPEOL,Similar,CIFARMA CIENTÍFICA FARMACÊUTICA LTDA,5,nao
GRIPINEW,GRIPINEW,Similar,MEDQUIMICA INDUSTRIA FARMACEUTICA LTDA.,2,nao
GRIPXIA,GRIPXIA,Similar,CRISTÁLIA PRODUTOS QUÍMICOS FARMACÊUTICOS LTDA.,3,nao
GUACOVITA,GUACOVITA,Fitoterápico,LABORATORIO VITALAB LTDA,1,nao
GULANDARIPA,GULANDARIPA,Similar,CIPLA BRASIL IMPORTADORA E DISTRIBUIDORA DE MEDICAMENTOS LTDA,1,nao
GULSHEN,GULSHEN,Similar,SUN FARMACÊUTICA DO BRASIL LTDA,2,nao
GUTTALAX,GUTTALAX,Novo,OPELLA HEALTHCARE BRAZIL LTDA,1,nao
GYNAZOLE-1,GYNAZOLE 1,Novo,EMS SIGMA PHARMA LTDA,1,nao
GYNO-ICADEN,GYNO ICADEN,Novo,BAYER S.A.,2,nao
GYNOMAX,GYNOMAX,Similar,FARMOQUÍMICA S/A,1,nao
GYNOPAC,GYNOPAC,Novo,FARMOQUÍMICA S/A,2,nao
GYNOTRAN,GYNOTRAN,Novo,EXELTIS LABORATORIO FARMACEUTICO LTDA,1,nao
GYNPRO,GYNPRO,Similar,EXELTIS LABORATORIO FARMACEUTICO LTDA,3,nao
H.BACTER,H BACTER,Similar,CIFARMA CIENTÍFICA FARMACÊUTICA LTDA,3,nao
HADLIMA,HADLIMA,Biológico,SAMSUNG BIOEPIS BR PHARMACEUTICAL LTDA.,4,nao
HAEMATE P,HAEMATE P,Biológico,CSL BEHRING COMÉRCIO DE PRODUTOS FARMACÊUTICOS LTDA,4,nao
HAEMOCOMPLETTAN P,HAEMOCOMPLETTAN P,Biológico,CSL BEHRING COMÉRCIO DE PRODUTOS FARMACÊUTICOS LTDA,2,nao
HALAVEN,HALAVEN,Novo,UNITED MEDICAL LTDA,1,nao
HALDOL,HALDOL,Novo,JANSSEN-CILAG FARMACEUTICA LTDA | MOKSHA8 BRASIL INDUSTRIA E COMERCIO DE MEDICAMENTOS LTDA,6,nao
HALDOL DECANOATO,HALDOL DECANOATO,Novo,MOKSHA8 BRASIL INDUSTRIA E COMERCIO DE MEDICAMENTOS LTDA,1,nao
HALEX ISTAR SOLUÇÃO GLICOFISIOLÓGICA,HALEX ISTAR SOLUCAO GLICOFISIOLOGICA,Específico,HALEX ISTAR INDUSTRIA FARMACEUTICA SA,3,nao
HALEXMINOPHEN,HALEXMINOPHEN,Novo,HALEX ISTAR INDUSTRIA FARMACEUTICA SA,4,nao
HALLIS,HALLIS,Similar,NATCOFARMA DO BRASIL LTDA,4,nao
HALO,HALO,Similar,CRISTÁLIA PRODUTOS QUÍMICOS FARMACÊUTICOS LTDA.,5,nao
HALO  DECANOATO,HALO DECANOATO,Similar,CRISTÁLIA PRODUTOS QUÍMICOS FARMACÊUTICOS LTDA.,2,nao
HALOBEX,HALOBEX,Novo,GLENMARK FARMACÊUTICA LTDA,1,nao
HANAZ,HANAZ,Similar,CAMBER FARMACEUTICA LTDA,3,nao
HARIP,HARIP,Similar,PRATI DONADUZZI & CIA LTDA,18,nao
HARIP ODT,HARIP ODT,Similar,PRATI DONADUZZI & CIA LTDA,16,nao
HARTERYA,HARTERYA,Similar,ZYDUS NIKKHO FARMACÊUTICA LTDA,4,nao
HARVONI,HARVONI,Novo,GILEAD SCIENCES FARMACEUTICA DO BRASIL LTDA,1,nao
HAVRIX,HAVRIX,Novo,GLAXOSMITHKLINE BRASIL LTDA,2,nao
HEDD,HEDD,Similar,FARMOQUÍMICA S/A,3,nao
HEDERA CATARINENSE,HEDERA CATARINENSE,Fitoterápico,LABORATORIO CATARINENSE LTDA,1,nao
HEDERA CIMED,HEDERA CIMED,Fitoterápico,CIMED INDUSTRIA S.A,2,nao
HEDERA HELIX VITAMEDIC,HEDERA HELIX VITAMEDIC,Fitoterápico,VITAMEDIC INDUSTRIA FARMACEUTICA LTDA,1,nao
HEDERA HERBARIUM,HEDERA HERBARIUM,Fitoterápico,LABORATORIO CATARINENSE LTDA,1,nao
HEDERAFLUX,HEDERAFLUX,Fitoterápico,KLEY HERTZ FARMACEUTICA S.A,2,nao
HEDERAX,HEDERAX,Fitoterápico,ARESE PHARMA LTDA,2,nao
HEDRA EXPEC,HEDRA EXPEC,Fitoterápico,LEGRAND PHARMA INDUSTRIA FARMACEUTICA LTDA,1,nao
HEIMER,HEIMER,Similar,EUROFARMA LABORATORIOS S.A.,4,nao
HELLEVA,HELLEVA,Novo,CRISTÁLIA PRODUTOS QUÍMICOS FARMACÊUTICOS LTDA.,5,nao
HELMILAB,HELMILAB,Similar,NATULAB LABORATORIO S.A,2,nao
HELMIZOL,HELMIZOL,Similar,LABORATORIO TEUTO BRASILEIRO S/A,4,nao
HEMATOM,HEMATOM,Específico,BIOLAB SANUS FARMACEUTICA LTDA,1,nao
HEMAX ERITRON,HEMAX ERITRON,Biológico,ACHÉ LABORATÓRIOS FARMACÊUTICOS S.A,6,nao
HEMCIBRA,HEMCIBRA,Biológico,PRODUTOS ROCHE QUÍMICOS E FARMACÊUTICOS S.A.,6,nao
HEMO-8R,HEMO 8R,Biológico,EMPRESA BRASILEIRA DE HEMODERIVADOS E BIOTECNOLOGIA,6,nao
HEMOFOL,HEMOFOL,Biológico,CRISTÁLIA PRODUTOS QUÍMICOS FARMACÊUTICOS LTDA.,4,nao
HEMOLENTA,HEMOLENTA,Específico,EUROFARMA LABORATORIOS S.A.,1,nao
HENETIX,HENETIX,Similar,GUERBET IMAGEM DO BRASIL LTDA,6,nao
HEPA-MERZ,HEPA MERZ,Específico,BIOLAB SANUS FARMACEUTICA LTDA,2,nao
HEPAMAX-S,HEPAMAX S,Biológico,BLAU FARMACEUTICA S.A.,5,nao
HEPARINOX,HEPARINOX,Biológico,CRISTÁLIA PRODUTOS QUÍMICOS FARMACÊUTICOS LTDA.,9,nao
HEPATECT,HEPATECT,Biológico,GRIFOLS BRASIL LTDA,1,nao
HEPTAR,HEPTAR,Novo,EUROFARMA LABORATORIOS S.A.,2,nao
HEPTRIS,HEPTRIS,Biológico,VIATRIS FARMACEUTICA DO BRASIL LTDA,26,nao
HERCEPTIN,HERCEPTIN,Novo,PRODUTOS ROCHE QUÍMICOS E FARMACÊUTICOS S.A.,3,nao
HERMAB,HERMAB,Biológico,EUROFARMA LABORATORIOS S.A.,1,nao
HERPESIL,HERPESIL,Similar,SANDOZ DO BRASIL INDÚSTRIA FARMACÊUTICA LTDA,1,nao
HERPSTAL,HERPSTAL,Similar,GERMED FARMACEUTICA LTDA,2,nao
HERVIRAX,HERVIRAX,Similar,PHARLAB INDÚSTRIA FARMACÊUTICA S.A.,6,nao
HERZATEN,HERZATEN,Similar,GERMED FARMACEUTICA LTDA,7,nao
HERZUMA,HERZUMA,Biológico,CELLTRION HEALTHCARE DISTRIBUICAO DE PRODUTOS FARMACEUTICOS DOS BRASIL LTDA,2,nao
HETGEM,HETGEM,Similar,CAMBER FARMACEUTICA LTDA,1,nao
HETORI,HETORI,Similar,ORGANON FARMACEUTICA LTDA.,5,nao
HETPAZO,HETPAZO,Similar,CAMBER FARMACEUTICA LTDA,4,nao
HETROCAR,HETROCAR,Similar,CAMBER FARMACEUTICA LTDA,3,nao
HEXAXIM,HEXAXIM,Biológico,SANOFI MEDLEY FARMACÊUTICA LTDA.,2,nao
HEXOMEDINE,HEXOMEDINE,Novo,COSMED INDUSTRIA DE COSMETICOS E MEDICAMENTOS S.A. | SANOFI MEDLEY FARMACÊUTICA LTDA.,2,nao
HEZO,HEZO,Similar,SUPERA FARMA LABORATÓRIOS S.A,5,nao
HICONAZOL,HICONAZOL,Similar,HALEX ISTAR INDUSTRIA FARMACEUTICA SA,1,nao
HICOVAN,HICOVAN,Similar,BLAU FARMACEUTICA S.A.,4,nao
HIDANTAL,HIDANTAL,Novo,COSMED INDUSTRIA DE COSMETICOS E MEDICAMENTOS S.A. | SANOFI MEDLEY FARMACÊUTICA LTDA.,2,nao
HIDAZOL,HIDAZOL,Similar,HALEX ISTAR INDUSTRIA FARMACEUTICA SA,1,nao
HIDRALYTE,HIDRALYTE,Específico,NATULAB LABORATORIO S.A,5,nao
HIDRION,HIDRION,Novo,LABORATÓRIO GROSS S. A.,3,nao
HIDROALERG,HIDROALERG,Similar,EMS SIGMA PHARMA LTDA,1,nao
HIDROCIN,HIDROCIN,Novo,ACHÉ LABORATÓRIOS FARMACÊUTICOS S.A,1,nao
HIDROCORTE,HIDROCORTE,Similar,LEGRAND PHARMA INDUSTRIA FARMACEUTICA LTDA,1,nao
HIDROLESS,HIDROLESS,Similar,PHARLAB INDÚSTRIA FARMACÊUTICA S.A.,4,nao
HIDROPEEK,HIDROPEEK,Similar,EMS S/A,2,nao
HIFLOXAN,HIFLOXAN,Similar,HALEX ISTAR INDUSTRIA FARMACEUTICA SA,4,nao
HIGICLER,HIGICLER,Similar,CRISTÁLIA PRODUTOS QUÍMICOS FARMACÊUTICOS LTDA.,1,nao
HILAM,HILAM,Similar,PRATI DONADUZZI & CIA LTDA,11,nao
HILERGRO,HILERGRO,Similar,KYMBERG FARMACEUTICA DO BRASIL LTDA,1,nao
HILUROPT,HILUROPT,Específico,GEOLAB INDÚSTRIA FARMACÊUTICA S/A,3,nao
HIOARISTON,HIOARISTON,Similar,BLAU FARMACEUTICA S.A.,1,nao
HIOSPAN COMPOSTO,HIOSPAN COMPOSTO,Similar,LABORATORIO TEUTO BRASILEIRO S/A,1,nao
HIPERICIN,HIPERICIN,Fitoterápico,HERBARIUM LABORATORIO BOTANICO LTDA,1,nao
HIPÉRICO HERBARIUM,HIPERICO HERBARIUM,Fitoterápico,HERBARIUM LABORATORIO BOTANICO LTDA,1,nao
HIPERTONIC 5%,HIPERTONIC 5,Específico,OPHTHALMOS LTDA,1,nao
HIPOFOL,HIPOFOL,Específico,HIPOLABOR FARMACEUTICA LTDA,1,nao
HIPOGLÓS,HIPOGLOS,Específico,JANSSEN-CILAG FARMACEUTICA LTDA,2,nao
HIPOVIT B,HIPOVIT B,Específico,HIPOLABOR FARMACEUTICA LTDA,2,nao
HIRUDOID,HIRUDOID,Biológico,DAIICHI SANKYO BRASIL FARMACÊUTICA LTDA,7,nao
HIRUDOID INFANTIL,HIRUDOID INFANTIL,Biológico,DAIICHI SANKYO BRASIL FARMACÊUTICA LTDA,10,nao
HISBILA,HISBILA,Similar,EUROFARMA LABORATORIOS S.A.,3,nao
HISCONGEX,HISCONGEX,Similar,BRAINFARMA INDÚSTRIA QUÍMICA E FARMACÊUTICA S.A,3,nao
HISLOR,HISLOR,Similar,UNIÃO QUÍMICA FARMACÊUTICA NACIONAL S/A,1,nao
HISMERID,HISMERID,Específico,PRATI DONADUZZI & CIA LTDA,34,nao
HISTADIN,HISTADIN,Similar,UNIÃO QUÍMICA FARMACÊUTICA NACIONAL S/A,3,nao
HISTADIN D,HISTADIN D,Similar,UNIÃO QUÍMICA FARMACÊUTICA NACIONAL S/A,2,nao
HISTAMIN,HISTAMIN,Similar,BRAINFARMA INDÚSTRIA QUÍMICA E FARMACÊUTICA S.A,3,nao
HIXILERG,HIXILERG,Similar,EMS S/A,1,nao
HIXIZINE,HIXIZINE,Similar,THERASKIN FARMACEUTICA LTDA.,4,nao
HIXU,HIXU,Similar,BLAU FARMACEUTICA S.A.,4,nao
HIZENTRA,HIZENTRA,Biológico,CSL BEHRING COMÉRCIO DE PRODUTOS FARMACÊUTICOS LTDA,6,nao
HIZOFITO,HIZOFITO,Fitoterápico,INFAN INDUSTRIA QUIMICA FARMACEUTICA NACIONAL S/A,1,nao
HOLMES,HOLMES,Similar,EUROFARMA LABORATORIOS S.A.,6,nao
HOLMES H,HOLMES H,Similar,EUROFARMA LABORATORIOS S.A.,9,nao
HOLOXANE,HOLOXANE,Similar,BAXTER HOSPITALAR LTDA,3,nao
HOMATROPIN,HOMATROPIN,Similar,CAZI QUIMICA FARMACEUTICA INDUSTRIA E COMERCIO LTDA,2,nao
HOMINUS,HOMINUS,Similar,EUROFARMA LABORATORIOS S.A.,4,nao
HOPEM,HOPEM,Similar,CAMBER FARMACEUTICA LTDA,2,nao
HORA H,HORA H,Similar,ACHÉ LABORATÓRIOS FARMACÊUTICOS S.A,1,nao
HORMOSKIN,HORMOSKIN,Similar,GERMED FARMACEUTICA LTDA,4,nao
HORMOTROP,HORMOTROP,Similar,LABORATORIO QUIMICO FARMACEUTICO BERGAMO LTDA,10,nao
HORMUS,HORMUS,Similar,EUROFARMA LABORATORIOS S.A.,2,nao
HOXIDRIN,HOXIDRIN,Similar,LABORATORIO GLOBO SA,1,nao
HPMIX,HPMIX,Novo | Similar,ACHÉ LABORATÓRIOS FARMACÊUTICOS S.A,4,nao
HPROZ,HPROZ,Similar,CRISTÁLIA PRODUTOS QUÍMICOS FARMACÊUTICOS LTDA.,3,nao
HULIO,HULIO,Biológico,BIOCON BIOLOGICS DO BRASIL LTDA,6,nao
HUMALOG,HUMALOG,Biológico,ELI LILLY DO BRASIL LTDA,5,nao
HUMALOG MIX,HUMALOG MIX,Biológico,ELI LILLY DO BRASIL LTDA,6,nao
HUMECTOL D,HUMECTOL D,Novo,COSMED INDUSTRIA DE COSMETICOS E MEDICAMENTOS S.A.,1,nao
HUMIRA,HUMIRA,Biológico,ABBVIE FARMACÊUTICA LTDA.,4,nao
HUMULIN N,HUMULIN N,Novo,ELI LILLY DO BRASIL LTDA,2,nao
HUMULIN R,HUMULIN R,Biológico,ELI LILLY DO BRASIL LTDA,2,nao
HYALUDERMIN,HYALUDERMIN,Similar,TRB PHARMA INDUSTRIA QUIMICA E FARMACEUTICA LTDA,2,nao
HYBLUT,HYBLUT,Biológico,BRAINFARMA INDÚSTRIA QUÍMICA E FARMACÊUTICA S.A,4,nao
HYCIMET,HYCIMET,Similar,HYPOFARMA - INSTITUTO DE HYPODERMIA E FARMÁCIA LTDA,1,nao
HYCLIN,HYCLIN,Similar,HYPOFARMA - INSTITUTO DE HYPODERMIA E FARMÁCIA LTDA,2,nao
HYFOL,HYFOL,Similar,BRAINFARMA INDÚSTRIA QUÍMICA E FARMACÊUTICA S.A,2,nao
HYFREN,HYFREN,Similar,HYPOFARMA - INSTITUTO DE HYPODERMIA E FARMÁCIA LTDA,1,nao
HYLO-COMOD,HYLO COMOD,Específico,FBM INDÚSTRIA FARMACÊUTICA LTDA,1,nao
HYLO-GEL,HYLO GEL,Específico,FBM INDÚSTRIA FARMACÊUTICA LTDA,1,nao
HYMPAVZI,HYMPAVZI,Biológico,PFIZER BRASIL LTDA,2,nao
HYNALGIN,HYNALGIN,Similar,HYPOFARMA - INSTITUTO DE HYPODERMIA E FARMÁCIA LTDA,2,nao
HYPERATIV,HYPERATIV,Fitoterápico,BIONATUS LABORATÓRIO BOTÂNICO LTDA,1,nao
HYPERINAT,HYPERINAT,Fitoterápico,PHARMASCIENCE INDUSTRIA FARMACEUTICA S.A,2,nao
HYPERIUM,HYPERIUM,Novo,LABORATORIOS SERVIER DO BRASIL LTDA,1,nao
HYPLEX B,HYPLEX B,Específico,HYPOFARMA - INSTITUTO DE HYPODERMIA E FARMÁCIA LTDA,1,nao
HYPNOMIDATE,HYPNOMIDATE,Novo,ANTIBIÓTICOS DO BRASIL LTDA,1,nao
HYPOBUP,HYPOBUP,Similar,HYPOFARMA - INSTITUTO DE HYPODERMIA E FARMÁCIA LTDA,1,nao
HYPOBUP H,HYPOBUP H,Similar,HYPOFARMA - INSTITUTO DE HYPODERMIA E FARMÁCIA LTDA,2,nao
HYPOCAÍNA,HYPOCAINA,Similar,HYPOFARMA - INSTITUTO DE HYPODERMIA E FARMÁCIA LTDA,3,nao
HYPOCINA COMPOSTA,HYPOCINA COMPOSTA,Similar,HYPOFARMA - INSTITUTO DE HYPODERMIA E FARMÁCIA LTDA,2,nao
HYPOFLOX,HYPOFLOX,Similar,HYPOFARMA - INSTITUTO DE HYPODERMIA E FARMÁCIA LTDA,2,nao
HYPONIBE,HYPONIBE,Similar,HYPOFARMA - INSTITUTO DE HYPODERMIA E FARMÁCIA LTDA,4,nao
HYPONOR,HYPONOR,Novo,HYPOFARMA - INSTITUTO DE HYPODERMIA E FARMÁCIA LTDA,2,nao
HYPORIDROL,HYPORIDROL,Similar,HYPOFARMA - INSTITUTO DE HYPODERMIA E FARMÁCIA LTDA,1,nao
HYPOVERIN,HYPOVERIN,Similar,HYPOFARMA - INSTITUTO DE HYPODERMIA E FARMÁCIA LTDA,1,nao
HYPOZAM,HYPOZAM,Similar,HYPOFARMA - INSTITUTO DE HYPODERMIA E FARMÁCIA LTDA,1,nao
HYQVIA,HYQVIA,Biológico,TAKEDA PHARMA LTDA.,5,nao
HYRIMOZ,HYRIMOZ,Biológico,SANDOZ DO BRASIL INDÚSTRIA FARMACÊUTICA LTDA,5,nao
HYROVI,HYROVI,Similar,HYPOFARMA - INSTITUTO DE HYPODERMIA E FARMÁCIA LTDA,6,nao
HYSTALOR,HYSTALOR,Similar,GEOLAB INDÚSTRIA FARMACÊUTICA S/A,2,nao
HYSTIN,HYSTIN,Similar,GEOLAB INDÚSTRIA FARMACÊUTICA S/A,3,nao
HYTAMICINA,HYTAMICINA,Similar,HYPOFARMA - INSTITUTO DE HYPODERMIA E FARMÁCIA LTDA,1,nao
HYTAS,HYTAS,Similar,ACCORD FARMACÊUTICA LTDA,3,nao
HYTOS PLUS,HYTOS PLUS,Similar,UNIÃO QUÍMICA FARMACÊUTICA NACIONAL S/A,2,nao
HYVIT K,HYVIT K,Específico,HYPOFARMA - INSTITUTO DE HYPODERMIA E FARMÁCIA LTDA,2,nao
HYVORA,HYVORA,Similar,BRAINFARMA INDÚSTRIA QUÍMICA E FARMACÊUTICA S.A,1,nao
HYZAAR,HYZAAR,Novo,ORGANON FARMACEUTICA LTDA.,2,nao
IBAN,IBAN,Similar,EUROFARMA LABORATORIOS S.A.,1,nao
IBAND,IBAND,Similar,LEGRAND PHARMA INDUSTRIA FARMACEUTICA LTDA,4,nao
IBANESS,IBANESS,Similar,EMS S/A,4,nao
IBANUNO,IBANUNO,Similar,SUPERA FARMA LABORATÓRIOS S.A,1,nao
IBRANCE,IBRANCE,Novo,PFIZER BRASIL LTDA,3,nao
IBRUVE,IBRUVE,Similar,KYMBERG FARMACEUTICA DO BRASIL LTDA,4,nao
IBUFLEX,IBUFLEX,Similar,LEGRAND PHARMA INDUSTRIA FARMACEUTICA LTDA,4,nao
IBUFRAN,IBUFRAN,Similar,BRAINFARMA INDÚSTRIA QUÍMICA E FARMACÊUTICA S.A,5,nao
IBUGLOBO,IBUGLOBO,Similar,LABORATORIO GLOBO SA,6,nao
IBULIV,IBULIV,Similar,EMS S/A,4,nao
IBUPRIL,IBUPRIL,Similar,LABORATORIO TEUTO BRASILEIRO S/A,7,nao
IBUPRIL CAPS,IBUPRIL CAPS,Similar,LABORATORIO TEUTO BRASILEIRO S/A,1,nao
IBUPROTRAT,IBUPROTRAT,Similar,NATULAB LABORATORIO S.A,3,nao
IBUVIX,IBUVIX,Similar,GEOLAB INDÚSTRIA FARMACÊUTICA S/A,10,nao
ICACORT,ICACORT,Novo,LEO PHARMA LTDA,1,nao
ICADEN,ICADEN,Novo,LEO PHARMA LTDA,3,nao
ICCOR,ICCOR,Similar,TORRENT DO BRASIL LTDA,8,nao
ICLUSIG,ICLUSIG,Novo,PINT PHARMA PRODUTOS MEDICO-HOSPITALARES E FARMACEUTICOS LTDA,2,nao
IDACIO,IDACIO,Biológico,FRESENIUS KABI BRASIL LTDA,2,nao
IDELVION,IDELVION,Biológico,CSL BEHRING COMÉRCIO DE PRODUTOS FARMACÊUTICOS LTDA,4,nao
IGVENA,IGVENA,Biológico,KEDRION BRASIL LTDA.,4,nao
IKAROS,IKAROS,Similar,PRATI DONADUZZI & CIA LTDA,12,nao
ILARIS,ILARIS,Biológico,NOVARTIS BIOCIENCIAS S.A,2,nao
ILLUCCIX,ILLUCCIX,Radiofármaco,MJM PRODUTOS FARMACEUTICOS E DE RADIOPROTECAO S.A.,1,nao
ILUDRAL,ILUDRAL,Similar,ADIUM S.A.,7,nao
ILUMYA,ILUMYA,Biológico,SUN FARMACÊUTICA DO BRASIL LTDA,1,nao
IMBRUVICA,IMBRUVICA,Novo,JANSSEN-CILAG FARMACEUTICA LTDA,6,nao
IMDELLTRA,IMDELLTRA,Biológico,AMGEN BIOTECNOLOGIA DO BRASIL LTDA.,2,nao
IMENSE,IMENSE,Similar,EMS S/A,6,nao
IMFINZI,IMFINZI,Biológico,ASTRAZENECA DO BRASIL LTDA,2,nao
IMIPRA,IMIPRA,Similar,CRISTÁLIA PRODUTOS QUÍMICOS FARMACÊUTICOS LTDA.,4,nao
IMJUDO,IMJUDO,Biológico,ASTRAZENECA DO BRASIL LTDA,2,nao
IMMUNATE,IMMUNATE,Biológico,TAKEDA PHARMA LTDA.,3,nao
IMMUNINE,IMMUNINE,Biológico,TAKEDA PHARMA LTDA.,3,nao
IMOLAXX,IMOLAXX,Específico,CIFARMA CIENTÍFICA FARMACÊUTICA LTDA,2,nao
IMOSEC,IMOSEC,Novo,KENVUE LTDA.,1,nao
IMOVANE,IMOVANE,Novo,SANOFI MEDLEY FARMACÊUTICA LTDA.,1,nao
IMPERE,IMPERE,Similar,EMS S/A,6,nao
IMPLANON,IMPLANON,Novo,MERCK SHARP & DOHME FARMACEUTICA LTDA. | ORGANON FARMACEUTICA LTDA.,2,nao
IMREVITE,IMREVITE,Biológico,BRISTOL-MYERS SQUIBB FARMACÊUTICA LTDA,3,nao
IMUNEN,IMUNEN,Similar,CRISTÁLIA PRODUTOS QUÍMICOS FARMACÊUTICOS LTDA.,2,nao
IMUNO  BCG,IMUNO BCG,Biológico,FUNDACAO ATAULPHO DE PAIVA,2,nao
IMUNOFLAN,IMUNOFLAN,Fitoterápico,HERBARIUM LABORATORIO BOTANICO LTDA,3,nao
IMUNOGLOBULIN,IMUNOGLOBULIN,Similar,BLAU FARMACEUTICA S.A.,4,nao
IMUNOGLOBULINA HUMANA HEMOBRÁS,IMUNOGLOBULINA HUMANA HEMOBRAS,Biológico,EMPRESA BRASILEIRA DE HEMODERIVADOS E BIOTECNOLOGIA,6,nao
IMUNOMAX GEL,IMUNOMAX GEL,Fitoterápico,HERBARIUM LABORATORIO BOTANICO LTDA,1,nao
IMUNOTRANSFERAN,IMUNOTRANSFERAN,Biológico,LABORATÓRIO DE EXTRATOS ALERGÊNICOS LTDA,1,nao
IMURAN,IMURAN,Novo,ASPEN PHARMA INDÚSTRIA FARMACÊUTICA LTDA,2,nao
IMUSSUPREX,IMUSSUPREX,Similar,GERMED FARMACEUTICA LTDA,1,nao
INALADOR VICK,INALADOR VICK,Específico,PROCTER & GAMBLE DO BRASIL LTDA,2,nao
INALAJET,INALAJET,Similar,LEGRAND PHARMA INDUSTRIA FARMACEUTICA LTDA,2,nao
INALIDE,INALIDE,Similar,EMS S/A,2,nao
INDAFIX,INDAFIX,Similar,EMS SIGMA PHARMA LTDA,1,nao
INDAPEN SR,INDAPEN SR,Similar,TORRENT DO BRASIL LTDA,3,nao
INDATRAT SR,INDATRAT SR,Similar,LEGRAND PHARMA INDUSTRIA FARMACEUTICA LTDA,1,nao
INDOCID,INDOCID,Novo,ASPEN PHARMA INDÚSTRIA FARMACÊUTICA LTDA,2,nao
INDOSSO,INDOSSO,Similar,EUROFARMA LABORATORIOS S.A.,1,nao
INDUX,INDUX,Similar,EMS SIGMA PHARMA LTDA,1,nao
INFANRIX HEXA,INFANRIX HEXA,Biológico,GLAXOSMITHKLINE BRASIL LTDA,1,nao
INFANRIX PENTA,INFANRIX PENTA,Biológico,GLAXOSMITHKLINE BRASIL LTDA,1,nao
INFLALID,INFLALID,Similar,LEGRAND PHARMA INDUSTRIA FARMACEUTICA LTDA,2,nao
INFLUVAC TETRA,INFLUVAC TETRA,Biológico,ABBOTT LABORATORIOS DO BRASIL LTDA,12,nao
INFOC,INFOC,Similar,ACHÉ LABORATÓRIOS FARMACÊUTICOS S.A,7,nao
INFRALAX,INFRALAX,Similar,EMS S/A,4,nao
INGRID,INGRID,Similar,EMS S/A,5,nao
INIBINA,INIBINA,Similar,APSEN FARMACEUTICA S/A,4,nao
INICOX DP,INICOX DP,Novo,FARMOQUÍMICA S/A,1,nao
INILOK,INILOK,Similar,APSEN FARMACEUTICA S/A,3,nao
INLUPE,INLUPE,Similar,FRESENIUS KABI BRASIL LTDA,1,nao
INLYTA,INLYTA,Novo,PFIZER BRASIL LTDA,2,nao
INOVELON,INOVELON,Novo,UNITED MEDICAL LTDA,2,nao
INPRUV D,INPRUV D,Específico,APSEN FARMACEUTICA S/A,8,nao
INPRUV D K,INPRUV D K,Específico,APSEN FARMACEUTICA S/A,6,nao
INSERIS XR,INSERIS XR,Novo,APSEN FARMACEUTICA S/A,3,nao
INSERZI,INSERZI,Similar,ORGANON FARMACEUTICA LTDA.,1,nao
INSETIVAC,INSETIVAC,Biológico,LABORATÓRIO DE EXTRATOS ALERGÊNICOS LTDA,9,nao
INSIT,INSIT,Novo | Similar,APSEN FARMACEUTICA S/A,18,nao
INSONOX,INSONOX,Similar,LABORATORIO TEUTO BRASILEIRO S/A,1,nao
INSPRA,INSPRA,Novo,UPJOHN BRASIL IMPORTADORA E DISTRIBUIDORA DE MEDICAMENTOS LTDA. | VIATRIS FARMACEUTICA DO BRASIL LTDA,8,nao
INSTAURA,INSTAURA,Similar,TEVA FARMACÊUTICA LTDA.,1,nao
INSTITUTO BUTANTAN - ADALIMUMABE,INSTITUTO BUTANTAN ADALIMUMABE,Biológico,INSTITUTO BUTANTAN,2,nao
INSULIV R,INSULIV R,Biológico,EMS S/A,1,nao
INSUNORM N,INSUNORM N,Biológico,BIOCON BIOLOGICS DO BRASIL LTDA,1,nao
INSUNORM R,INSUNORM R,Biológico,BIOCON BIOLOGICS DO BRASIL LTDA,1,nao
INTELENCE,INTELENCE,Novo,JANSSEN-CILAG FARMACEUTICA LTDA,2,nao
INTESTIN,INTESTIN,Similar,LABORATORIO GLOBO SA,2,nao
INTHOS,INTHOS,Fitoterápico,FARMOQUÍMICA S/A,1,nao
INTRATECT,INTRATECT,Biológico,GRIFOLS BRASIL LTDA,4,nao
INVANZ,INVANZ,Novo,MERCK SHARP & DOHME FARMACEUTICA LTDA.,1,nao
INVEGA,INVEGA,Novo,JANSSEN-CILAG FARMACEUTICA LTDA,11,nao
INVIT D3,INVIT D3,Específico,LABORATORIO TIARAJU ALIMENTOS E COSMETICOS S/A,16,nao
INVOKANA,INVOKANA,Novo,JANSSEN-CILAG FARMACEUTICA LTDA,4,nao
INVOLU,INVOLU,Similar,EUROFARMA LABORATORIOS S.A.,2,nao
INZELM,INZELM,Novo,TAKEDA PHARMA LTDA.,6,nao
IOMERON,IOMERON,Novo,BRACCO IMAGING DO BRASIL IMPORTAÇÃO E DISTRIBUIÇÃO DE MEDICAMENTOS LTDA,8,nao
IONCLOR,IONCLOR,Específico,PRATI DONADUZZI & CIA LTDA,2,nao
IOPAMIRON,IOPAMIRON,Novo,BRACCO IMAGING DO BRASIL IMPORTAÇÃO E DISTRIBUIÇÃO DE MEDICAMENTOS LTDA,6,nao
IPAGLIN,IPAGLIN,Similar,EMS S/A,3,nao
IPRAVENT,IPRAVENT,Similar,EMS SIGMA PHARMA LTDA,1,nao
IPSILON,IPSILON,Novo,ZYDUS NIKKHO FARMACÊUTICA LTDA,3,nao
IQIRVO,IQIRVO,Novo,BEAUFOUR IPSEN FARMACÊUTICA LTDA,1,nao
IQUEGO-AMOXICILINA,IQUEGO AMOXICILINA,Similar,INDÚSTRIA QUÍMICA DO ESTADO DE GOIÁS S/A - IQUEGO,1,nao
IQUEGO-CAPTOPRIL,IQUEGO CAPTOPRIL,Similar,INDÚSTRIA QUÍMICA DO ESTADO DE GOIÁS S/A - IQUEGO,1,nao
IQUEGO-  HIDROCLOROTIAZIDA,IQUEGO HIDROCLOROTIAZIDA,Similar,INDÚSTRIA QUÍMICA DO ESTADO DE GOIÁS S/A - IQUEGO,1,nao
IQUEGO-IBUPROFENO,IQUEGO IBUPROFENO,Similar,INDÚSTRIA QUÍMICA DO ESTADO DE GOIÁS S/A - IQUEGO,1,nao
IQUEGO - PARACETAMOL,IQUEGO PARACETAMOL,Similar,INDÚSTRIA QUÍMICA DO ESTADO DE GOIÁS S/A - IQUEGO,1,nao
IQUEGO - PROPANOLOL,IQUEGO PROPANOLOL,Similar,INDÚSTRIA QUÍMICA DO ESTADO DE GOIÁS S/A - IQUEGO,1,nao
IQUEGO - RANITIDINA,IQUEGO RANITIDINA,Similar,INDÚSTRIA QUÍMICA DO ESTADO DE GOIÁS S/A - IQUEGO,1,nao
IRESSA,IRESSA,Novo,ASTRAZENECA DO BRASIL LTDA,1,nao
IRNO,IRNO,Similar,CAMBER FARMACEUTICA LTDA,2,nao
IRO,IRO,Similar,CRISTÁLIA PRODUTOS QUÍMICOS FARMACÊUTICOS LTDA.,1,nao
IROSÊ,IROSE,Similar,ALTHAIA S.A. INDUSTRIA FARMACEUTICA,3,nao
IRRITRATIL,IRRITRATIL,Similar,ACHÉ LABORATÓRIOS FARMACÊUTICOS S.A | ALTHAIA S.A. INDUSTRIA FARMACEUTICA,4,nao
IRUXOL,IRUXOL,Biológico,ABBOTT LABORATORIOS DO BRASIL LTDA,5,nao
ISENTRESS,ISENTRESS,Novo,MERCK SHARP & DOHME FARMACEUTICA LTDA.,3,nao
ISOAC,ISOAC,Similar,COSMED INDUSTRIA DE COSMETICOS E MEDICAMENTOS S.A.,1,nao
ISOFARMA - AGUA PARA INJEÇÃO,ISOFARMA AGUA PARA INJECAO,Específico,HALEX ISTAR INDUSTRIA FARMACEUTICA SA,3,nao
ISOFARMA-SOLUÇÃO DE CLORETO DE POTÁSSIO,ISOFARMA SOLUCAO DE CLORETO DE POTASSIO,Específico,HALEX ISTAR INDUSTRIA FARMACEUTICA SA,4,nao
ISOFARMA-SOLUÇÃO DE CLORETO DE SODIO,ISOFARMA SOLUCAO DE CLORETO DE SODIO,Específico,HALEX ISTAR INDUSTRIA FARMACEUTICA SA,5,nao
ISOFARMA - SOLUÇÃO DE GLICONATO DE CÁLCIO 10%,ISOFARMA SOLUCAO DE GLICONATO DE CALCIO 10,Específico,HALEX ISTAR INDUSTRIA FARMACEUTICA SA,1,nao
ISOFARMA - SOLUÇÃO DE GLICOSE,ISOFARMA SOLUCAO DE GLICOSE,Específico,HALEX ISTAR INDUSTRIA FARMACEUTICA SA,3,nao
ISOFARMA - SOLUÇÃO DE SULFATO DE MAGNESIO,ISOFARMA SOLUCAO DE SULFATO DE MAGNESIO,Específico,HALEX ISTAR INDUSTRIA FARMACEUTICA SA,2,nao
ISOFLAVINE,ISOFLAVINE,Fitoterápico,HERBARIUM LABORATORIO BOTANICO LTDA,3,nao
ISOFORINE,ISOFORINE,Similar,CRISTÁLIA PRODUTOS QUÍMICOS FARMACÊUTICOS LTDA.,2,nao
ISON,ISON,Similar,UNIÃO QUÍMICA FARMACÊUTICA NACIONAL S/A,2,nao
ISORDIL,ISORDIL,Similar,EMS SIGMA PHARMA LTDA,2,nao
ISOY,ISOY,Similar,FARMOQUÍMICA S/A,1,nao
ISTARHES,ISTARHES,Específico,HALEX ISTAR INDUSTRIA FARMACEUTICA SA,1,nao
ISTURISA,ISTURISA,Novo,RECORDATI RARE DISEASES COMÉRCIO DE MEDICAMENTOS LTDA - ME,2,nao
ITRALEX,ITRALEX,Similar,EMS S/A,2,nao
ITRASPOR,ITRASPOR,Similar,EMS SIGMA PHARMA LTDA,2,nao
IUMI,IUMI,Similar,LIBBS FARMACÊUTICA LTDA,4,nao
IVAHART,IVAHART,Similar,TORRENT DO BRASIL LTDA,3,nao
IVECTE,IVECTE,Similar,VITAMEDIC INDUSTRIA FARMACEUTICA LTDA,2,nao
IVERLIV,IVERLIV,Similar,LEGRAND PHARMA INDUSTRIA FARMACEUTICA LTDA,2,nao
IVERNEO,IVERNEO,Similar,BRAINFARMA INDÚSTRIA QUÍMICA E FARMACÊUTICA S.A,2,nao
IVEVI,IVEVI,Similar,COSMED INDUSTRIA DE COSMETICOS E MEDICAMENTOS S.A.,1,nao
IXABI,IXABI,Similar,TORRENT DO BRASIL LTDA,6,nao
IXCHIQ,IXCHIQ,Biológico,INSTITUTO BUTANTAN,1,nao
IXIUM,IXIUM,Similar,FARMOQUÍMICA S/A,1,nao
IXOBAM,IXOBAM,Similar,BIOTEC BIOLOGICA INDÚSTRIA FARMACÊUTICA LTDA.,9,nao
IZENXAQ,IZENXAQ,Similar,MULTILAB INDUSTRIA E COMERCIO DE PRODUTOS FARMACEUTICOS LTDA,4,nao
IZIZ,IZIZ,Similar,LIBBS FARMACÊUTICA LTDA,2,nao
IZONAX,IZONAX,Similar,PHARLAB INDÚSTRIA FARMACÊUTICA S.A.,2,nao
JAKAVI,JAKAVI,Novo,NOVARTIS BIOCIENCIAS S.A,4,nao
JANUMET,JANUMET,Novo,MERCK SHARP & DOHME FARMACEUTICA LTDA.,8,nao
JANUVIA,JANUVIA,Novo,MERCK SHARP & DOHME FARMACEUTICA LTDA. | ORGANON FARMACEUTICA LTDA.,8,nao
JAQUE,JAQUE,Similar,EMS S/A,2,nao
JARDIANCE,JARDIANCE,Novo,BOEHRINGER INGELHEIM DO BRASIL QUIMICA E FARMACEUTICA LTDA.,4,nao
JARDIANCE DUO,JARDIANCE DUO,Novo,BOEHRINGER INGELHEIM DO BRASIL QUIMICA E FARMACEUTICA LTDA.,3,nao
JAVLOR,JAVLOR,Novo,LABORATORIOS PIERRE FABRE DO BRASIL LTDA,2,nao
JAYPIRCE,JAYPIRCE,Novo,ELI LILLY DO BRASIL LTDA,6,nao
JEMPERLI,JEMPERLI,Biológico,GLAXOSMITHKLINE BRASIL LTDA,1,nao
JEVTANA,JEVTANA,Novo,SANOFI MEDLEY FARMACÊUTICA LTDA.,1,nao
JIVI,JIVI,Biológico,BAYER S.A.,4,nao
JOFIX,JOFIX,Similar,ARESE PHARMA LTDA,4,nao
JOGGER,JOGGER,Biológico,ACHÉ LABORATÓRIOS FARMACÊUTICOS S.A,5,nao
JOLIK,JOLIK,Novo,LIBBS FARMACÊUTICA LTDA,1,nao
JP FISIOLÓGICO,JP FISIOLOGICO,Específico,JP INDUSTRIA FARMACEUTICA S/A,4,nao
JP GLICOFISIOLÓGICO,JP GLICOFISIOLOGICO,Específico,JP INDUSTRIA FARMACEUTICA S/A,3,nao
JP GLICOSE,JP GLICOSE,Específico,JP INDUSTRIA FARMACEUTICA S/A,7,nao
JP MANITOL,JP MANITOL,Específico,JP INDUSTRIA FARMACEUTICA S/A,2,nao
JUGLINT,JUGLINT,Similar,EMS S/A,2,nao
JUMEXIL,JUMEXIL,Similar,CHIESI FARMACÊUTICA LTDA,1,nao
JUNEVE,JUNEVE,Similar,TAKEDA PHARMA LTDA.,3,nao
JUNNO,JUNNO,Similar,FARMOQUÍMICA S/A,3,nao
KABIPAMOL,KABIPAMOL,Novo,FRESENIUS KABI BRASIL LTDA,2,nao
KABIVEN,KABIVEN,Específico,FRESENIUS KABI BRASIL LTDA,14,nao
KADCYLA,KADCYLA,Biológico,PRODUTOS ROCHE QUÍMICOS E FARMACÊUTICOS S.A.,2,nao
KALETRA,KALETRA,Novo,ABBVIE FARMACÊUTICA LTDA.,1,nao
KALIST,KALIST,Similar,ACHÉ LABORATÓRIOS FARMACÊUTICOS S.A,2,nao
KALOBA,KALOBA,Fitoterápico,HERBARIUM LABORATORIO BOTANICO LTDA,4,nao
KALYDECO,KALYDECO,Novo,VERTEX FARMACEUTICA DO BRASIL LTDA.,4,nao
KALYME,KALYME,Similar,ACHÉ LABORATÓRIOS FARMACÊUTICOS S.A,1,nao
KAMPPI,KAMPPI,Similar,BIOLAB SANUS FARMACEUTICA LTDA,2,nao
KAMRHO-D,KAMRHO D,Similar,PANAMERICAN MEDICAL SUPPLY SUPRIMENTOS MEDICOS LTDA,1,nao
KANJINTI,KANJINTI,Biológico,AMGEN BIOTECNOLOGIA DO BRASIL LTDA.,2,nao
KANUMA,KANUMA,Biológico,ALEXION SERVICOS E FARMACEUTICA DO BRASIL LTDA | ASTRAZENECA DO BRASIL LTDA,2,nao
KAODINE,KAODINE,Similar,GEOLAB INDÚSTRIA FARMACÊUTICA S/A,2,nao
KAOSEC,KAOSEC,Similar,PHARMASCIENCE INDUSTRIA FARMACEUTICA S.A,2,nao
KARBO,KARBO,Similar,EUROFARMA LABORATORIOS S.A.,2,nao
KATRIZAN,KATRIZAN,Similar,VITAMEDIC INDUSTRIA FARMACEUTICA LTDA,1,nao
KAVA KAVA HERBARIUM,KAVA KAVA HERBARIUM,Fitoterápico,HERBARIUM LABORATORIO BOTANICO LTDA,1,nao
KAVIT,KAVIT,Específico,CRISTÁLIA PRODUTOS QUÍMICOS FARMACÊUTICOS LTDA.,2,nao
KAVIUM,KAVIUM,Similar,ZYDUS NIKKHO FARMACÊUTICA LTDA,2,nao
KAVIUM ODT,KAVIUM ODT,Novo,ZYDUS NIKKHO FARMACÊUTICA LTDA,4,nao
KAZFONA,KAZFONA,Similar,DR. REDDYS FARMACÊUTICA DO BRASIL LTDA,2,nao
KEDAXYL,KEDAXYL,Similar,CIFARMA CIENTÍFICA FARMACÊUTICA LTDA,4,nao
KEFADIM,KEFADIM,Similar,ANTIBIÓTICOS DO BRASIL LTDA,3,nao
KEFAZOL,KEFAZOL,Similar,ANTIBIÓTICOS DO BRASIL LTDA,1,nao
KEFLEX,KEFLEX,Novo,LABORATÓRIOS BAGÓ DO BRASIL S/A,8,nao
KEFLIN NEUTRO,KEFLIN NEUTRO,Novo,ANTIBIÓTICOS DO BRASIL LTDA,1,nao
KEFORAL,KEFORAL,Novo,ANTIBIÓTICOS DO BRASIL LTDA,1,nao
KEFOX,KEFOX,Similar,ANTIBIÓTICOS DO BRASIL LTDA,1,nao
KEFTRON,KEFTRON,Similar,ANTIBIÓTICOS DO BRASIL LTDA,1,nao
KELAC,KELAC,Similar,COSMED INDUSTRIA DE COSMETICOS E MEDICAMENTOS S.A.,3,nao
KELLY,KELLY,Similar,EMS SIGMA PHARMA LTDA,3,nao
KELTRINA,KELTRINA,Similar,MULTILAB INDUSTRIA E COMERCIO DE PRODUTOS FARMACEUTICOS LTDA,1,nao
KEMYZA,KEMYZA,Novo,DR. REDDYS FARMACÊUTICA DO BRASIL LTDA,4,nao
KEPPRA,KEPPRA,Novo,UCB BIOPHARMA LTDA.,9,nao
KEPPRA XR,KEPPRA XR,Novo,UCB BIOPHARMA LTDA.,2,nao
KERABIO,KERABIO,Específico,UNIÃO QUÍMICA FARMACÊUTICA NACIONAL S/A,2,nao
KEROXIME,KEROXIME,Similar,ANTIBIÓTICOS DO BRASIL LTDA,1,nao
KESIMPTA,KESIMPTA,Biológico,NOVARTIS BIOCIENCIAS S.A,1,nao
KETAH,KETAH,Similar,UNIÃO QUÍMICA FARMACÊUTICA NACIONAL S/A,1,nao
KETAH LC,KETAH LC,Similar,UNIÃO QUÍMICA FARMACÊUTICA NACIONAL S/A,1,nao
KETALGI,KETALGI,Similar,SUPERA FARMA LABORATÓRIOS S.A,3,nao
KETAMIN,KETAMIN,Similar,CRISTÁLIA PRODUTOS QUÍMICOS FARMACÊUTICOS LTDA.,6,nao
KETHOL,KETHOL,Similar,GERMED FARMACEUTICA LTDA,10,nao
KETOSTERIL,KETOSTERIL,Específico,FRESENIUS KABI BRASIL LTDA,2,nao
KETTO,KETTO,Similar,EUROFARMA LABORATORIOS S.A.,3,nao
KEYTRUDA,KEYTRUDA,Biológico,MERCK SHARP & DOHME FARMACEUTICA LTDA.,4,nao
KIENDRA,KIENDRA,Novo,NOVARTIS BIOCIENCIAS S.A,3,nao
KIGEFO,KIGEFO,Similar,DR. REDDYS FARMACÊUTICA DO BRASIL LTDA,1,nao
KIMMTRAK,KIMMTRAK,Biológico,MEDISON PHARMA BRASIL PRODUTOS FARMACEUTICOS LTDA.,1,nao
KINOF,KINOF,Similar,FARMARIN INDUSTRIA E COMERCIO LTDA,1,nao
KIRSTY,KIRSTY,Biológico,BIOCON BIOLOGICS DO BRASIL LTDA,3,nao
KISQALI,KISQALI,Novo,NOVARTIS BIOCIENCIAS S.A,3,nao
KISUNLA,KISUNLA,Biológico,ELI LILLY DO BRASIL LTDA,1,nao
KITAPEN,KITAPEN,Similar,BIOLAB SANUS FARMACEUTICA LTDA,3,nao
KLARICID,KLARICID,Novo,ABBOTT LABORATORIOS DO BRASIL LTDA,5,nao
KLEV,KLEV,Similar,ACHÉ LABORATÓRIOS FARMACÊUTICOS S.A,6,nao
KNORTEX,KNORTEX,Similar,MULTILAB INDUSTRIA E COMERCIO DE PRODUTOS FARMACEUTICOS LTDA,2,nao
KOIDE,KOIDE,Similar,EUROFARMA LABORATORIOS S.A.,1,nao
KOIDE D,KOIDE D,Similar,EUROFARMA LABORATORIOS S.A.,1,nao
KOKSARA,KOKSARA,Similar,LABORATORIO QUIMICO FARMACEUTICO BERGAMO LTDA,2,nao
KOLI D3,KOLI D3,Específico,EMS SIGMA PHARMA LTDA,21,nao
KOLLAGENASE,KOLLAGENASE,Biológico,CRISTÁLIA PRODUTOS QUÍMICOS FARMACÊUTICOS LTDA.,4,nao
KOLLAGENASE COM CLORANFENICOL,KOLLAGENASE COM CLORANFENICOL,Biológico | Similar,CRISTÁLIA PRODUTOS QUÍMICOS FARMACÊUTICOS LTDA.,8,nao
KOLPOCERVIX,KOLPOCERVIX,Biológico,ZYDUS NIKKHO FARMACÊUTICA LTDA,1,nao
KONDUZ,KONDUZ,Novo | Similar,EMS S/A,19,nao
KOPLAN,KOPLAN,Similar,FRESENIUS KABI BRASIL LTDA,5,nao
KOPREXX,KOPREXX,Similar,ACHÉ LABORATÓRIOS FARMACÊUTICOS S.A,4,nao
KOSELUGO,KOSELUGO,Novo,ASTRAZENECA DO BRASIL LTDA,2,nao
KOVALTRY,KOVALTRY,Biológico,BAYER S.A.,5,nao
KOZENIS,KOZENIS,Novo,GLAXOSMITHKLINE BRASIL LTDA,2,nao
KURAMED,KURAMED,Similar,CIMED INDUSTRIA S.A,1,nao
KUVAN,KUVAN,Novo,BIOMARIN BRASIL FARMACÊUTICA LTDA,1,nao
KYLEENA,KYLEENA,Novo,BAYER S.A.,1,nao
KYMRIAH,KYMRIAH,Produto de Terapia Avançada,NOVARTIS BIOCIENCIAS S.A,1,nao
KYNTHEUM,KYNTHEUM,Biológico,LEO PHARMA LTDA,1,nao
KYPROLIS,KYPROLIS,Novo,AMGEN BIOTECNOLOGIA DO BRASIL LTDA.,1,nao
KYTRIL,KYTRIL,Novo,MAWDSLEYS PHARMACEUTICALS DO BRASIL LTDA,2,nao
LABCAÍNA,LABCAINA,Similar,PHARLAB INDÚSTRIA FARMACÊUTICA S.A.,3,nao
LABIRIN,LABIRIN,Novo | Similar,APSEN FARMACEUTICA S/A,4,nao
LABIRIN XR,LABIRIN XR,Similar,APSEN FARMACEUTICA S/A,8,nao
LABREA,LABREA,Similar,CRISTÁLIA PRODUTOS QUÍMICOS FARMACÊUTICOS LTDA.,6,nao
LÁBREA DUO,LABREA DUO,Similar,CRISTÁLIA PRODUTOS QUÍMICOS FARMACÊUTICOS LTDA.,4,nao
LACASS,LACASS,Fitoterápico,ARESE PHARMA LTDA,2,nao
LACIPIL,LACIPIL,Novo,GLAXOSMITHKLINE BRASIL LTDA,1,nao
LACOTEM,LACOTEM,Similar,ADIUM S.A.,9,nao
LACRIBELL,LACRIBELL,Específico,CRISTÁLIA PRODUTOS QUÍMICOS FARMACÊUTICOS LTDA.,1,nao
LACRIFILM,LACRIFILM,Específico,UNIÃO QUÍMICA FARMACÊUTICA NACIONAL S/A,3,nao
LACRILAX,LACRILAX,Específico,COSMED INDUSTRIA DE COSMETICOS E MEDICAMENTOS S.A.,2,nao
LACRIMA PLUS,LACRIMA PLUS,Específico,NOVARTIS BIOCIENCIAS S.A,1,nao
LACTASOL,LACTASOL,Específico,JP INDUSTRIA FARMACEUTICA S/A,1,nao
LACTO PURGA,LACTO PURGA,Similar,COSMED INDUSTRIA DE COSMETICOS E MEDICAMENTOS S.A.,3,nao
LACTOSAN,LACTOSAN,Específico,SANTISA LABORATÓRIO FARMACÊUTICO S/A,2,nao
LACTULONA,LACTULONA,Específico,DAIICHI SANKYO BRASIL FARMACÊUTICA LTDA,4,nao
LADIZAC,LADIZAC,Similar,DR. REDDYS FARMACÊUTICA DO BRASIL LTDA,2,nao
LADOGAL,LADOGAL,Novo,EUROFARMA LABORATORIOS S.A. | SANOFI MEDLEY FARMACÊUTICA LTDA.,4,nao
LAFEPE BENZNIDAZOL,LAFEPE BENZNIDAZOL,Novo,LABORATORIO FARMACEUTICO DO ESTADO DE PERNAMBUCO GOVERNADOR MIGUEL ARRAES S/A - LAFEPE,2,nao
LAFEPE FUMARATO DE TENOFOVIR DESOPROXILA + LAMIVUDINA,LAFEPE FUMARATO DE TENOFOVIR DESOPROXILA LAMIVUDINA,Novo,LABORATORIO FARMACEUTICO DO ESTADO DE PERNAMBUCO GOVERNADOR MIGUEL ARRAES S/A - LAFEPE,1,nao
LAFEPE ZIDOVUDINA,LAFEPE ZIDOVUDINA,Similar,LABORATORIO FARMACEUTICO DO ESTADO DE PERNAMBUCO GOVERNADOR MIGUEL ARRAES S/A - LAFEPE,1,nao
LAFEPE -ZIDOVUDINA + LAMIVUDINA,LAFEPE ZIDOVUDINA LAMIVUDINA,Similar,LABORATORIO FARMACEUTICO DO ESTADO DE PERNAMBUCO GOVERNADOR MIGUEL ARRAES S/A - LAFEPE,1,nao
LAIO,LAIO,Similar,FARMOQUÍMICA S/A,7,nao
LAKESIAMEDICAL,LAKESIAMEDICAL,Similar,THERASKIN FARMACEUTICA LTDA.,1,nao
LAKESIAPES,LAKESIAPES,Similar,AIRELA INDÚSTRIA FARMACÊUTICA LTDA.,1,nao
LAKOS,LAKOS,Similar,LIBBS FARMACÊUTICA LTDA,12,nao
LAMI,LAMI,Similar,CRISTÁLIA PRODUTOS QUÍMICOS FARMACÊUTICOS LTDA.,1,nao
LAMICTAL,LAMICTAL,Novo,GLAXOSMITHKLINE BRASIL LTDA,15,nao
LAMITOR CD,LAMITOR CD,Similar,TORRENT DO BRASIL LTDA,6,nao
LAMZEDE,LAMZEDE,Biológico,CHIESI FARMACÊUTICA LTDA,3,nao
LANEXAT,LANEXAT,Novo,BIOPAS BRASIL PRODUTOS FARMACEUTICOS LTDA,1,nao
LÂNICO,LANICO,Similar,SUPERA FARMA LABORATÓRIOS S.A,3,nao
LANTUS,LANTUS,Biológico,SANOFI MEDLEY FARMACÊUTICA LTDA.,3,nao
LANVIS,LANVIS,Novo,ASPEN PHARMA INDÚSTRIA FARMACÊUTICA LTDA,1,nao
LANZ,LANZ,Similar,EMS SIGMA PHARMA LTDA,2,nao
LANZOPEPT,LANZOPEPT,Similar,GEOLAB INDÚSTRIA FARMACÊUTICA S/A,2,nao
LAPSU,LAPSU,Similar,CAMBER FARMACEUTICA LTDA,20,nao
LAQFA - IODETO DE POTÁSSIO,LAQFA IODETO DE POTASSIO,Específico,LABORATORIO QUIMICO FARMACEUTICO DA AERONAUTICA,1,nao
LAQUIXAN,LAQUIXAN,Específico,HIPOLABOR FARMACEUTICA LTDA,2,nao
LARC,LARC,Similar,EUROFARMA LABORATORIOS S.A.,3,nao
LARINGEX,LARINGEX,Similar,CAZI QUIMICA FARMACEUTICA INDUSTRIA E COMERCIO LTDA,1,nao
LASIX,LASIX,Novo,SANOFI MEDLEY FARMACÊUTICA LTDA.,2,nao
LASSYA,LASSYA,Similar,RANBAXY FARMACÊUTICA LTDA,7,nao
LASTACAFT,LASTACAFT,Novo,ALLERGAN PRODUTOS FARMACÊUTICOS LTDA,1,nao
LATISSE,LATISSE,Novo,ALLERGAN PRODUTOS FARMACÊUTICOS LTDA,1,nao
LATONAN,LATONAN,Similar,EMS S/A,1,nao
LATUDA®,LATUDA,Novo,DAIICHI SANKYO BRASIL FARMACÊUTICA LTDA,12,nao
LAVIE,LAVIE,Similar,PRATI DONADUZZI & CIA LTDA,1,nao
LAVOLHO D,LAVOLHO D,Similar,BRAINFARMA INDÚSTRIA QUÍMICA E FARMACÊUTICA S.A,1,nao
LAXASENE BIONATUS,LAXASENE BIONATUS,Fitoterápico,BIONATUS LABORATÓRIO BOTÂNICO LTDA,2,nao
LAXETTE,LAXETTE,Fitoterápico,BIOLAB SANUS FARMACEUTICA LTDA,1,nao
LAXIME,LAXIME,Específico,ACHÉ LABORATÓRIOS FARMACÊUTICOS S.A,2,nao
LAZCLUZE,LAZCLUZE,Novo,JANSSEN-CILAG FARMACEUTICA LTDA,3,nao
LEBENS,LEBENS,Similar,GERMED FARMACEUTICA LTDA,1,nao
LECTRUM,LECTRUM,Similar,SANDOZ DO BRASIL INDÚSTRIA FARMACÊUTICA LTDA,2,nao
LECZA XR,LECZA XR,Similar,APSEN FARMACEUTICA S/A,4,nao
LEDAR,LEDAR,Similar,ACHÉ LABORATÓRIOS FARMACÊUTICOS S.A,1,nao
LEDUO,LEDUO,Similar,UNIÃO QUÍMICA FARMACÊUTICA NACIONAL S/A,5,nao
LEFÉMI,LEFEMI,Similar,EMS S/A,3,nao
LEFLUN,LEFLUN,Similar,CRISTÁLIA PRODUTOS QUÍMICOS FARMACÊUTICOS LTDA.,1,nao
LEFOR,LEFOR,Similar,EMS S/A,8,nao
LEG,LEG,Similar,EUROFARMA LABORATORIOS S.A.,3,nao
LEGALON,LEGALON,Fitoterápico,VIATRIS FARMACEUTICA DO BRASIL LTDA,3,nao
LEGRACE,LEGRACE,Similar,LEGRAND PHARMA INDUSTRIA FARMACEUTICA LTDA,3,nao
LEMONT,LEMONT,Similar,EUROFARMA LABORATORIOS S.A.,2,nao
LEMTRADA,LEMTRADA,Biológico,SANOFI MEDLEY FARMACÊUTICA LTDA.,1,nao
LENANGIO,LENANGIO,Similar,DR. REDDYS FARMACÊUTICA DO BRASIL LTDA,7,nao
LENAZEN,LENAZEN,Similar,LABORATORIO TEUTO BRASILEIRO S/A,1,nao
LENIX,LENIX,Novo,APSEN FARMACEUTICA S/A,3,nao
LENVIMA,LENVIMA,Novo,UNITED MEDICAL LTDA,2,nao
LENZETTO,LENZETTO,Novo,"GEDEON RICHTER DO BRASIL IMPORTADORA, EXPORTADORA E DISTRIBUIDORA S.A.",1,nao
LEPONEX,LEPONEX,Novo,VIATRIS FARMACEUTICA DO BRASIL LTDA,4,nao
LEPS ER,LEPS ER,Similar,TORRENT DO BRASIL LTDA,5,nao
LEQEMBI,LEQEMBI,Biológico,EISAI LABORATÓRIOS LTDA,2,nao
LERAW,LERAW,Similar,CAMBER FARMACEUTICA LTDA,8,nao
LERGIDRIN,LERGIDRIN,Similar,LABORATORIO GLOBO SA,1,nao
LESSAV,LESSAV,Similar,ACHÉ LABORATÓRIOS FARMACÊUTICOS S.A,1,nao
LESTALGYN,LESTALGYN,Similar,LABORATORIO TEUTO BRASILEIRO S/A,1,nao
LESTER,LESTER,Similar,SUPERA FARMA LABORATÓRIOS S.A,2,nao
LETHOZY,LETHOZY,Similar,BLAU FARMACEUTICA S.A.,1,nao
LETYBO,LETYBO,Biológico,GLOBAL REGULATORY PARTNERS BRASIL LTDA,9,nao
LEUCOGEN,LEUCOGEN,Específico,ACHÉ LABORATÓRIOS FARMACÊUTICOS S.A,6,nao
LEUKERAN,LEUKERAN,Novo,ASPEN PHARMA INDÚSTRIA FARMACÊUTICA LTDA,1,nao
LEUPHILA,LEUPHILA,Similar,LEGRAND PHARMA INDUSTRIA FARMACEUTICA LTDA,2,nao
LEUSTATIN,LEUSTATIN,Novo,MAWDSLEYS PHARMACEUTICALS DO BRASIL LTDA,1,nao
LEUX,LEUX,Similar,CRISTÁLIA PRODUTOS QUÍMICOS FARMACÊUTICOS LTDA.,1,nao
LEVAFLOX,LEVAFLOX,Similar,HALEX ISTAR INDUSTRIA FARMACEUTICA SA,1,nao
LEVAMZ,LEVAMZ,Similar,TORRENT DO BRASIL LTDA,6,nao
LEVAQUIN,LEVAQUIN,Similar,JANSSEN-CILAG FARMACEUTICA LTDA,2,nao
LEVEL,LEVEL,Novo,BIOLAB SANUS FARMACEUTICA LTDA,2,nao
LEVEMIR,LEVEMIR,Biológico,NOVO NORDISK FARMACÊUTICA DO BRASIL LTDA,3,nao
LEVERCTIN,LEVERCTIN,Similar,EMS S/A,2,nao
LEVITRA,LEVITRA,Novo,BAYER S.A.,3,nao
LEVOID,LEVOID,Novo,ACHÉ LABORATÓRIOS FARMACÊUTICOS S.A,18,nao
LEVOLUKAST,LEVOLUKAST,Novo,GLENMARK FARMACÊUTICA LTDA,2,nao
LEVOTAC,LEVOTAC,Similar,CRISTÁLIA PRODUTOS QUÍMICOS FARMACÊUTICOS LTDA.,3,nao
LEVOXIN,LEVOXIN,Novo | Similar,APSEN FARMACEUTICA S/A,8,nao
LEVOZINE,LEVOZINE,Similar,CRISTÁLIA PRODUTOS QUÍMICOS FARMACÊUTICOS LTDA.,7,nao
LEXAPRO,LEXAPRO,Novo,LUNDBECK BRASIL LTDA,6,nao
LEXIN,LEXIN,Similar,LABORATORIO TEUTO BRASILEIRO S/A,2,nao
LEXMA,LEXMA,Similar,LABORATORIO TEUTO BRASILEIRO S/A,2,nao
LEXOTAN,LEXOTAN,Novo,MOKSHA8 BRASIL INDUSTRIA E COMERCIO DE MEDICAMENTOS LTDA,2,nao
"LFM-BROMEXINA 0,08%",LFM BROMEXINA 0 08,Similar,LABORATÓRIO FARMACÊUTICO DA MARINHA,1,nao
LFM-LEFLUNOMIDA,LFM LEFLUNOMIDA,Similar,LABORATÓRIO FARMACÊUTICO DA MARINHA,2,nao
LFM - OFLOXACINO,LFM OFLOXACINO,Similar,LABORATÓRIO FARMACÊUTICO DA MARINHA,2,nao
LFM-PARACETAMOL,LFM PARACETAMOL,Similar,LABORATÓRIO FARMACÊUTICO DA MARINHA,1,nao
LFM - PIRAZINAMIDA,LFM PIRAZINAMIDA,Similar,LABORATÓRIO FARMACÊUTICO DA MARINHA,3,nao
LFM ZIPRASIDONA,LFM ZIPRASIDONA,Similar,LABORATÓRIO FARMACÊUTICO DA MARINHA,2,nao
LIBERAFLUX,LIBERAFLUX,Fitoterápico,ACHÉ LABORATÓRIOS FARMACÊUTICOS S.A,2,nao
LIBERFEM,LIBERFEM,Similar,ADIUM S.A.,2,nao
LIBIAM,LIBIAM,Novo | Similar,LIBBS FARMACÊUTICA LTDA,4,nao
LIBTAYO,LIBTAYO,Biológico,ADIUM S.A.,1,nao
LIDE,LIDE,Similar,BIOLAB SANUS FARMACEUTICA LTDA,3,nao
LIDEXOR,LIDEXOR,Similar,GERMED FARMACEUTICA LTDA,3,nao
LIDEXOR GOTAS,LIDEXOR GOTAS,Similar,GERMED FARMACEUTICA LTDA,1,nao
LIDEXTRIN,LIDEXTRIN,Similar,BIOLAB SANUS FARMACEUTICA LTDA,1,nao
LIDIAL,LIDIAL,Similar,CELLERA FARMACEUTICA S.A.,1,nao
LIDOGEL,LIDOGEL,Similar,BRAINFARMA INDÚSTRIA QUÍMICA E FARMACÊUTICA S.A,2,nao
LIDOJET,LIDOJET,Similar,UNIÃO QUÍMICA FARMACÊUTICA NACIONAL S/A,2,nao
LIDOPASS,LIDOPASS,Similar,1FARMA INDUSTRIA FARMACEUTICA LTDA,1,nao
LIDOSPORIN,LIDOSPORIN,Novo,FARMOQUÍMICA S/A,1,nao
LIDOSTESIM,LIDOSTESIM,Similar,DLA PHARMACEUTICAL LTDA,2,nao
LIDOSTESIM AD,LIDOSTESIM AD,Novo,DLA PHARMACEUTICAL LTDA,1,nao
LIFOS,LIFOS,Similar,BLAU FARMACEUTICA S.A.,1,nao
LIMBITROL,LIMBITROL,Similar,MEDQUIMICA INDUSTRIA FARMACEUTICA LTDA.,1,nao
LIMIAR,LIMIAR,Similar,EUROFARMA LABORATORIOS S.A.,4,nao
LINADIB,LINADIB,Similar,EMS S/A,3,nao
LINADIB DUO,LINADIB DUO,Similar,EMS S/A,6,nao
LINATRON,LINATRON,Similar,BLAU FARMACEUTICA S.A.,1,nao
LIND,LIND,Similar,EUROFARMA LABORATORIOS S.A.,3,nao
LINOFEME,LINOFEME,Similar,CIFARMA CIENTÍFICA FARMACÊUTICA LTDA,2,nao
LIORESAL,LIORESAL,Novo,NOVARTIS BIOCIENCIAS S.A,1,nao
LIPANON,LIPANON,Novo,COSMED INDUSTRIA DE COSMETICOS E MEDICAMENTOS S.A.,2,nao
LIPFITE,LIPFITE,Similar,LABORATORIO GLOBO SA,1,nao
LIPIBLOCK,LIPIBLOCK,Similar,GERMED FARMACEUTICA LTDA,5,nao
LIPIDEM,LIPIDEM,Específico,LABORATORIOS B. BRAUN S/A,1,nao
LIPIDIL,LIPIDIL,Novo,ABBOTT LABORATORIOS DO BRASIL LTDA,4,nao
LIPIODOL UF,LIPIODOL UF,Similar,GUERBET IMAGEM DO BRASIL LTDA,1,nao
LIPISTAT,LIPISTAT,Similar,EMS SIGMA PHARMA LTDA,7,nao
LIPISTATINA,LIPISTATINA,Similar,MULTILAB INDUSTRIA E COMERCIO DE PRODUTOS FARMACEUTICOS LTDA,2,nao
LIPITOR,LIPITOR,Similar,LABORATORIOS PFIZER LTDA | VIATRIS FARMACEUTICA DO BRASIL LTDA,9,nao
LIPLESS,LIPLESS,Similar,BIOLAB SANUS FARMACEUTICA LTDA,4,nao
LIPNEO,LIPNEO,Similar,BRAINFARMA INDÚSTRIA QUÍMICA E FARMACÊUTICA S.A,1,nao
LIPOFUNDIN,LIPOFUNDIN,Específico,LABORATORIOS B. BRAUN S/A,2,nao
LIPOSIC,LIPOSIC,Novo,BL INDÚSTRIA OTICA LTDA,1,nao
LIPOVENOS  MCT,LIPOVENOS MCT,Específico,FRESENIUS KABI BRASIL LTDA,3,nao
LIPOXEN,LIPOXEN,Similar,BRAINFARMA INDÚSTRIA QUÍMICA E FARMACÊUTICA S.A,2,nao
LIPURO,LIPURO,Similar,LABORATORIOS B. BRAUN S/A,7,nao
LIRIS,LIRIS,Específico,UNIÃO QUÍMICA FARMACÊUTICA NACIONAL S/A,1,nao
LIRUX,LIRUX,Novo,EMS S/A,5,nao
LISADOR,LISADOR,Similar,COSMED INDUSTRIA DE COSMETICOS E MEDICAMENTOS S.A.,4,nao
LISADOR CÓLICA,LISADOR COLICA,Similar,COSMED INDUSTRIA DE COSMETICOS E MEDICAMENTOS S.A.,2,nao
LISADOR DIP,LISADOR DIP,Similar,COSMED INDUSTRIA DE COSMETICOS E MEDICAMENTOS S.A.,7,nao
LISADOR MUSCULAR,LISADOR MUSCULAR,Novo,COSMED INDUSTRIA DE COSMETICOS E MEDICAMENTOS S.A.,3,nao
LISDEV,LISDEV,Similar,EUROFARMA LABORATORIOS S.A.,3,nao
LISODREN,LISODREN,Novo,MOKSHA8 BRASIL INDUSTRIA E COMERCIO DE MEDICAMENTOS LTDA,1,nao
LISOMUC,LISOMUC,Similar,LABORATÓRIO FARMACÊUTICO ELOFAR LTDA,4,nao
LISON,LISON,Fitoterápico,CIFARMA CIENTÍFICA FARMACÊUTICA LTDA,1,nao
LISTO,LISTO,Similar,BIOLAB SANUS FARMACEUTICA LTDA,6,nao
LISVENX,LISVENX,Similar,PHARLAB INDÚSTRIA FARMACÊUTICA S.A.,3,nao
LITERATA,LITERATA,Similar,CRISTÁLIA PRODUTOS QUÍMICOS FARMACÊUTICOS LTDA.,3,nao
LITFULO,LITFULO,Novo,PFIZER BRASIL LTDA,1,nao
LITOCIT,LITOCIT,Específico,APSEN FARMACEUTICA S/A,4,nao
LIVALO,LIVALO,Novo,BIOLAB SANUS FARMACEUTICA LTDA,7,nao
LIVANEL,LIVANEL,Similar,ABBOTT LABORATORIOS DO BRASIL LTDA,1,nao
LIVEPAX,LIVEPAX,Similar,ACHÉ LABORATÓRIOS FARMACÊUTICOS S.A,5,nao
LIVIAL,LIVIAL,Novo,ORGANON FARMACEUTICA LTDA.,2,nao
LIVMARLI,LIVMARLI,Novo,BIOPAS BRASIL PRODUTOS FARMACEUTICOS LTDA,1,nao
LIVTENCITY,LIVTENCITY,Novo,TAKEDA PHARMA LTDA.,3,nao
LIVTÓS,LIVTOS,Fitoterápico,VIDORA FARMACEUTICA LTDA,1,nao
LIXIANA®,LIXIANA,Novo,DAIICHI SANKYO BRASIL FARMACÊUTICA LTDA,5,nao
LIZBI®,LIZBI,Similar,HALEX ISTAR INDUSTRIA FARMACEUTICA SA,4,nao
LOCERYL,LOCERYL,Novo,GALDERMA BRASIL LTDA,1,nao
LODATYR,LODATYR,Similar,ADIUM S.A.,6,nao
LOFERNIM,LOFERNIM,Similar,PRATI DONADUZZI & CIA LTDA,7,nao
LOFERNIM BETA,LOFERNIM BETA,Similar,PRATI DONADUZZI & CIA LTDA,13,nao
LOJUXTA®,LOJUXTA,Novo,AMRYT BRASIL COMERCIO E IMPORTACAO DE MEDICAMENTOS LTDA | CHIESI FARMACÊUTICA LTDA,4,nao
LOKELMA,LOKELMA,Novo,ASTRAZENECA DO BRASIL LTDA,2,nao
LOLITA,LOLITA,Similar,LEGRAND PHARMA INDUSTRIA FARMACEUTICA LTDA,4,nao
LOMECAN,LOMECAN,Similar,GLENMARK FARMACÊUTICA LTDA,1,nao
LOMFER,LOMFER,Específico,LABORATÓRIOS OSÓRIO DE MORAES LTDA,2,nao
LOMICINA,LOMICINA,Similar,LABORATÓRIOS OSÓRIO DE MORAES LTDA,1,nao
LONADIAL,LONADIAL,Específico,FRESENIUS MEDICAL CARE LTDA,2,nao
LONCORD,LONCORD,Similar,DIFFUCAP - CHEMOBRÁS QUÍMICA E FARMACÊUTICA LTDA,2,nao
LONGACTIL,LONGACTIL,Similar,CRISTÁLIA PRODUTOS QUÍMICOS FARMACÊUTICOS LTDA.,7,nao
LONIUM,LONIUM,Novo,APSEN FARMACEUTICA S/A,5,nao
LONQUEX,LONQUEX,Biológico,TEVA FARMACÊUTICA LTDA.,1,nao
LONSURF®,LONSURF,Novo,LABORATORIOS SERVIER DO BRASIL LTDA,4,nao
LOPEXX,LOPEXX,Similar,GEOLAB INDÚSTRIA FARMACÊUTICA S/A,1,nao
LOPRESSOR,LOPRESSOR,Novo,NOVARTIS BIOCIENCIAS S.A,1,nao
LORADINE,LORADINE,Similar,LABORATORIO TEUTO BRASILEIRO S/A,1,nao
LORAH,LORAH,Similar,ACHÉ LABORATÓRIOS FARMACÊUTICOS S.A,2,nao
LORASLIV,LORASLIV,Similar,VITAMEDIC INDUSTRIA FARMACEUTICA LTDA,1,nao
LORATAMED,LORATAMED,Similar,CIMED INDUSTRIA S.A,4,nao
LORATAMED D,LORATAMED D,Similar,CIMED INDUSTRIA S.A,1,nao
LORAX,LORAX,Novo,PFIZER BRASIL LTDA,2,nao
LORBRENA,LORBRENA,Novo,PFIZER BRASIL LTDA,2,nao
LOREDON,LOREDON,Similar,TORRENT DO BRASIL LTDA,3,nao
LORITIL,LORITIL,Similar,GEOLAB INDÚSTRIA FARMACÊUTICA S/A,2,nao
LORSACOR,LORSACOR,Similar,SANDOZ DO BRASIL INDÚSTRIA FARMACÊUTICA LTDA,1,nao
LOSEC,LOSEC,Novo,BIOPAS BRASIL PRODUTOS FARMACEUTICOS LTDA,4,nao
LOTAR,LOTAR,Novo,ACHÉ LABORATÓRIOS FARMACÊUTICOS S.A,9,nao
LOTEPROL,LOTEPROL,Novo,BL INDÚSTRIA OTICA LTDA,1,nao
LOWE,LOWE,Similar,HALEX ISTAR INDUSTRIA FARMACEUTICA SA,1,nao
LOXAM,LOXAM,Similar,BRAINFARMA INDÚSTRIA QUÍMICA E FARMACÊUTICA S.A,1,nao
LOXONIN,LOXONIN,Novo,DAIICHI SANKYO BRASIL FARMACÊUTICA LTDA,3,nao
LOXONIN FLEX,LOXONIN FLEX,Novo,DAIICHI SANKYO BRASIL FARMACÊUTICA LTDA,6,nao
LOZAN,LOZAN,Similar,LABORATORIO TEUTO BRASILEIRO S/A,2,nao
LOZEPREL,LOZEPREL,Similar,MULTILAB INDUSTRIA E COMERCIO DE PRODUTOS FARMACEUTICOS LTDA,12,nao
LQFEX - CLOROQUINA,LQFEX CLOROQUINA,Similar,COMANDO DO EXÉRCITO,2,nao
LQFEX - DIPIRONA,LQFEX DIPIRONA,Similar,COMANDO DO EXÉRCITO,1,nao
LQFEX - MEFLOQUINA,LQFEX MEFLOQUINA,Similar,COMANDO DO EXÉRCITO,1,nao
LQFEX - SULFATO DE NEOMICINA + BACITRACINA ZINCICA,LQFEX SULFATO DE NEOMICINA BACITRACINA ZINCICA,Similar,COMANDO DO EXÉRCITO,1,nao
LQFEX - SULFATO DE QUININA,LQFEX SULFATO DE QUININA,Similar,COMANDO DO EXÉRCITO,1,nao
LUBIP,LUBIP,Similar,TORRENT DO BRASIL LTDA,10,nao
LUCENTIS,LUCENTIS,Biológico,NOVARTIS BIOCIENCIAS S.A,2,nao
LUDILI ED,LUDILI ED,Similar,EMS S/A,4,nao
LUFTAFEM,LUFTAFEM,Similar,RECKITT BENCKISER (BRASIL) LTDA,3,nao
LUFTAGASTRO,LUFTAGASTRO,Específico,RECKITT BENCKISER (BRASIL) LTDA,3,nao
LUFTAGASTRO DUPLA AÇÃO,LUFTAGASTRO DUPLA ACAO,Específico,RECKITT BENCKISER (BRASIL) LTDA,3,nao
LUFTAL,LUFTAL,Novo,RECKITT BENCKISER (BRASIL) LTDA,5,nao
LUGANO,LUGANO,Novo,EUROFARMA LABORATORIOS S.A.,3,nao
LUMAKRAS,LUMAKRAS,Novo,AMGEN BIOTECNOLOGIA DO BRASIL LTDA.,2,nao
LUMBRA,LUMBRA,Similar,EMS S/A,14,nao
LUMIDERM,LUMIDERM,Similar,EMS SIGMA PHARMA LTDA,2,nao
LUMIGAN,LUMIGAN,Novo,ALLERGAN PRODUTOS FARMACÊUTICOS LTDA,4,nao
LUMIVIT,LUMIVIT,Similar,GERMED FARMACEUTICA LTDA,3,nao
LUNAH,LUNAH,Específico,CRISTÁLIA PRODUTOS QUÍMICOS FARMACÊUTICOS LTDA.,4,nao
LUNE,LUNE,Similar,COSMED INDUSTRIA DE COSMETICOS E MEDICAMENTOS S.A.,2,nao
LUNE SL,LUNE SL,Similar,COSMED INDUSTRIA DE COSMETICOS E MEDICAMENTOS S.A.,1,nao
LUNIERA,LUNIERA,Similar,BIOTEC BIOLOGICA INDÚSTRIA FARMACÊUTICA LTDA.,3,nao
LUPRON,LUPRON,Novo,ABBVIE FARMACÊUTICA LTDA.,1,nao
LUR,LUR,Similar,ACHÉ LABORATÓRIOS FARMACÊUTICOS S.A,2,nao
LUR D12,LUR D12,Similar,ACHÉ LABORATÓRIOS FARMACÊUTICOS S.A,1,nao
LUR GOTAS,LUR GOTAS,Similar,ACHÉ LABORATÓRIOS FARMACÊUTICOS S.A,2,nao
LURATT,LURATT,Similar,APSEN FARMACEUTICA S/A,20,nao
LUSANDA,LUSANDA,Similar,ADIUM S.A.,6,nao
LUTAB,LUTAB,Similar,DAIICHI SANKYO BRASIL FARMACÊUTICA LTDA,8,nao
LUTICS,LUTICS,Similar,ACHÉ LABORATÓRIOS FARMACÊUTICOS S.A,2,nao
LUVOX,LUVOX,Novo,ABBOTT LABORATORIOS DO BRASIL LTDA,4,nao
LUXTURNA,LUXTURNA,Produto de Terapia Avançada,NOVARTIS BIOCIENCIAS S.A,1,nao
LYBERDIA,LYBERDIA,Similar,EMS S/A,3,nao
LYBERDIA GOTAS,LYBERDIA GOTAS,Novo,EMS S/A,1,nao
LYCERAH,LYCERAH,Similar,PRATI DONADUZZI & CIA LTDA,6,nao
LYDIAN,LYDIAN,Similar,COSMED INDUSTRIA DE COSMETICOS E MEDICAMENTOS S.A.,2,nao
LYLLAS,LYLLAS,Similar,SANDOZ DO BRASIL INDÚSTRIA FARMACÊUTICA LTDA,1,nao
LYNDAVELUNO,LYNDAVELUNO,Similar,HEMAFARMA COM. E IND. FARM. LTDA,1,nao
LYNOZ,LYNOZ,Similar,CRISTÁLIA PRODUTOS QUÍMICOS FARMACÊUTICOS LTDA.,2,nao
LYNPARZA COMPRIMIDOS,LYNPARZA COMPRIMIDOS,Novo,ASTRAZENECA DO BRASIL LTDA,2,nao
LYONE,LYONE,Similar,ACCORD FARMACÊUTICA LTDA,15,nao
LYRICA,LYRICA,Novo,VIATRIS FARMACEUTICA DO BRASIL LTDA,8,nao
LYSDEXA,LYSDEXA,Similar,LIBBS FARMACÊUTICA LTDA,3,nao
LYVABE,LYVABE,Específico,ACHÉ LABORATÓRIOS FARMACÊUTICOS S.A,2,nao
M-LIX,M LIX,Similar,COSMED INDUSTRIA DE COSMETICOS E MEDICAMENTOS S.A.,1,nao
M-M-R II,M M R II,Biológico,MERCK SHARP & DOHME FARMACEUTICA LTDA.,1,nao
MABTHERA,MABTHERA,Biológico,PRODUTOS ROCHE QUÍMICOS E FARMACÊUTICOS S.A.,3,nao
MACRODANTINA,MACRODANTINA,Novo,COSMED INDUSTRIA DE COSMETICOS E MEDICAMENTOS S.A.,3,nao
MADUN,MADUN,Similar,PRATI DONADUZZI & CIA LTDA,16,nao
MAGNEN B6,MAGNEN B6,Específico,MARJAN INDÚSTRIA E COMÉRCIO LTDA,2,nao
MAGNESIA BISURADA,MAGNESIA BISURADA,Específico,ASPEN PHARMA INDÚSTRIA FARMACÊUTICA LTDA,4,nao
MAGNEVISTAN,MAGNEVISTAN,Novo,BAYER S.A.,2,nao
MAGNOPYROL,MAGNOPYROL,Similar,COSMED INDUSTRIA DE COSMETICOS E MEDICAMENTOS S.A.,2,nao
MAGNOSTASE,MAGNOSTASE,Similar,BRAINFARMA INDÚSTRIA QUÍMICA E FARMACÊUTICA S.A,3,nao
MAGNOSTON,MAGNOSTON,Específico,BLAU FARMACEUTICA S.A.,2,nao
MAHAN,MAHAN,Similar,SUN FARMACÊUTICA DO BRASIL LTDA,5,nao
MAHILA,MAHILA,Similar,EUGIA PHARMA INDUSTRIA FARMACEUTICA LTDA,2,nao
MAISOL,MAISOL,Específico,LEGRAND PHARMA INDUSTRIA FARMACEUTICA LTDA,8,nao
MAIZHER,MAIZHER,Similar,PRATI DONADUZZI & CIA LTDA,4,nao
MALENA HCT,MALENA HCT,Similar,EMS SIGMA PHARMA LTDA,7,nao
MALÚ,MALU,Similar,EMS SIGMA PHARMA LTDA,1,nao
MALVATRICIN,MALVATRICIN,Novo,MEGALABS FARMACEUTICA S.A.,3,nao
MALVONA,MALVONA,Novo,MEGALABS FARMACEUTICA S.A.,2,nao
MAMADES,MAMADES,Similar,EUROFARMA LABORATORIOS S.A.,1,nao
MANITOL,MANITOL,Específico,EQUIPLEX INDÚSTRIA FARMACÊUTICA LTDA | FARMA VISION IMPORTACAO E EXPORTACAO DE MEDICAMENTOS LTDA,4,nao
MANITOL 20%,MANITOL 20,Específico,COPERMED COMERCIAL IMPORTADORA LTDA | FRESENIUS KABI BRASIL LTDA | HALEX ISTAR INDUSTRIA FARMACEUTICA SA,4,nao
MANITOL BAXTER,MANITOL BAXTER,Específico,BAXTER HOSPITALAR LTDA,1,nao
MANITOL BEKER,MANITOL BEKER,Específico,BEKER PRODUTOS FARMACO HOSPITALARES LTDA,1,nao
MANITOL FARMACE,MANITOL FARMACE,Específico,FARMACE INDÚSTRIA QUÍMICO-FARMACÊUTICA CEARENSE LTDA,1,nao
MANIVASC,MANIVASC,Novo,CHIESI FARMACÊUTICA LTDA,4,nao
MANTIDAN,MANTIDAN,Novo,EUROFARMA LABORATORIOS S.A.,2,nao
MARESIS HT,MARESIS HT,Específico,FARMOQUÍMICA S/A,1,nao
MAREVAN,MAREVAN,Novo,FARMOQUÍMICA S/A,5,nao
MASFEROL,MASFEROL,Específico,NATULAB LABORATORIO S.A,1,nao
MASSAGEOL,MASSAGEOL,Específico,BRAINFARMA INDÚSTRIA QUÍMICA E FARMACÊUTICA S.A,3,nao
MATIZ,MATIZ,Similar,EUROFARMA LABORATORIOS S.A.,1,nao
MAVENCLAD,MAVENCLAD,Novo,MERCK S/A,3,nao
MAVIRET,MAVIRET,Novo,ABBVIE FARMACÊUTICA LTDA.,1,nao
MAXALGINA,MAXALGINA,Similar,NATULAB LABORATORIO S.A,9,nao
MAXALT,MAXALT,Novo,ORGANON FARMACEUTICA LTDA.,1,nao
MAXAPRAN,MAXAPRAN,Similar,ACHÉ LABORATÓRIOS FARMACÊUTICOS S.A,3,nao
MAXIBELL,MAXIBELL,Similar,CRISTÁLIA PRODUTOS QUÍMICOS FARMACÊUTICOS LTDA.,1,nao
MAXIDEX,MAXIDEX,Novo,NOVARTIS BIOCIENCIAS S.A,2,nao
MAXIDRATE,MAXIDRATE,Específico,LIBBS FARMACÊUTICA LTDA,2,nao
MAXIFLOX,MAXIFLOX,Similar,CRISTÁLIA PRODUTOS QUÍMICOS FARMACÊUTICOS LTDA.,2,nao
MAXIFLOX D,MAXIFLOX D,Similar,CRISTÁLIA PRODUTOS QUÍMICOS FARMACÊUTICOS LTDA.,2,nao
MAXILERG,MAXILERG,Similar,CRISTÁLIA PRODUTOS QUÍMICOS FARMACÊUTICOS LTDA.,1,nao
MAXINOM,MAXINOM,Similar,UNIÃO QUÍMICA FARMACÊUTICA NACIONAL S/A,2,nao
MAXITROL,MAXITROL,Novo,NOVARTIS BIOCIENCIAS S.A,2,nao
MAXIVIEW,MAXIVIEW,Similar,GEOLAB INDÚSTRIA FARMACÊUTICA S/A,1,nao
MAXSULID,MAXSULID,Novo,COSMED INDUSTRIA DE COSMETICOS E MEDICAMENTOS S.A.,2,nao
MAYSA,MAYSA,Similar,LEGRAND PHARMA INDUSTRIA FARMACEUTICA LTDA,3,nao
MEALZ,MEALZ,Similar,TORRENT DO BRASIL LTDA,4,nao
MEBENIX,MEBENIX,Similar,CIMED INDUSTRIA S.A,1,nao
MEC 12,MEC 12,Específico,EUROFARMA LABORATORIOS S.A.,2,nao
MECICLIN,MECICLIN,Similar,GERMED FARMACEUTICA LTDA,7,nao
MECLIN,MECLIN,Novo,APSEN FARMACEUTICA S/A,8,nao
MECLIN JET,MECLIN JET,Novo,APSEN FARMACEUTICA S/A,6,nao
MECOBALAMINA,MECOBALAMINA,Específico,BIOLAB SANUS FARMACEUTICA LTDA,1,nao
MECOBE,MECOBE,Específico,MYRALIS INDUSTRIA FARMACEUTICA LTDA,12,nao
MEDANSIEDADE,MEDANSIEDADE,Fitoterápico,SANOFI MEDLEY FARMACÊUTICA LTDA.,1,nao
MEDATO,MEDATO,Similar,EUROFARMA LABORATORIOS S.A.,1,nao
MEDICAÍNA,MEDICAINA,Similar,CRISTÁLIA PRODUTOS QUÍMICOS FARMACÊUTICOS LTDA.,2,nao
MEDMULHER,MEDMULHER,Similar,SANOFI MEDLEY FARMACÊUTICA LTDA.,1,nao
MEFEX,MEFEX,Similar,ACHÉ LABORATÓRIOS FARMACÊUTICOS S.A,4,nao
MEFLAGIN,MEFLAGIN,Similar,MULTILAB INDUSTRIA E COMERCIO DE PRODUTOS FARMACEUTICOS LTDA,2,nao
MEGAPEN,MEGAPEN,Novo,EUROFARMA LABORATORIOS S.A.,2,nao
MEGLIZE,MEGLIZE,Novo,EMS S/A,1,nao
MEGY,MEGY,Similar,LEGRAND PHARMA INDUSTRIA FARMACEUTICA LTDA,5,nao
MEKINIST,MEKINIST,Novo,NOVARTIS BIOCIENCIAS S.A,2,nao
MEKTOVI,MEKTOVI,Novo,PFIZER BRASIL LTDA,1,nao
MELAZTE,MELAZTE,Similar,CRISTÁLIA PRODUTOS QUÍMICOS FARMACÊUTICOS LTDA.,5,nao
MELHORAL,MELHORAL,Similar,COSMED INDUSTRIA DE COSMETICOS E MEDICAMENTOS S.A.,3,nao
MELIK,MELIK,Similar,ACHÉ LABORATÓRIOS FARMACÊUTICOS S.A,2,nao
MELLERIL,MELLERIL,Novo,MEDQUIMICA INDUSTRIA FARMACEUTICA LTDA.,5,nao
MELOCOX,MELOCOX,Similar,EUROFARMA LABORATORIOS S.A.,4,nao
MELOCOX ODT,MELOCOX ODT,Novo,EUROFARMA LABORATORIOS S.A.,1,nao
MELOVAC,MELOVAC,Similar,EMS S/A,1,nao
MELOXIGRAN,MELOXIGRAN,Similar,LEGRAND PHARMA INDUSTRIA FARMACEUTICA LTDA,1,nao
MELUREN,MELUREN,Similar,ACHÉ LABORATÓRIOS FARMACÊUTICOS S.A,2,nao
MELYSSE,MELYSSE,Similar,ACHÉ LABORATÓRIOS FARMACÊUTICOS S.A,4,nao
MENACTRA,MENACTRA,Biológico,SANOFI MEDLEY FARMACÊUTICA LTDA.,1,nao
MENELAT,MENELAT,Similar,TORRENT DO BRASIL LTDA,3,nao
MENELAT ODT,MENELAT ODT,Similar,TORRENT DO BRASIL LTDA,4,nao
MENJUGATE,MENJUGATE,Biológico,GLAXOSMITHKLINE BRASIL LTDA,2,nao
MENOCOL,MENOCOL,Similar,MULTILAB INDUSTRIA E COMERCIO DE PRODUTOS FARMACEUTICOS LTDA,18,nao
MENOPRIN,MENOPRIN,Similar,CIFARMA CIENTÍFICA FARMACÊUTICA LTDA,1,nao
MENOPUR,MENOPUR,Biológico,LABORATÓRIOS FERRING LTDA,3,nao
MENQUADFI,MENQUADFI,Biológico,SANOFI MEDLEY FARMACÊUTICA LTDA.,2,nao
MENSYVA,MENSYVA,Similar,ACHÉ LABORATÓRIOS FARMACÊUTICOS S.A,5,nao
MENVEO,MENVEO,Biológico,GLAXOSMITHKLINE BRASIL LTDA,3,nao
MEPACT,MEPACT,Novo,TAKEDA PHARMA LTDA.,1,nao
MEPIADRE,MEPIADRE,Similar,DFL INDÚSTRIA E COMÉRCIO S/A,1,nao
MEPICAIN 3%,MEPICAIN 3,Similar,CRISTÁLIA PRODUTOS QUÍMICOS FARMACÊUTICOS LTDA.,1,nao
MEPISV,MEPISV,Similar,DFL INDÚSTRIA E COMÉRCIO S/A,1,nao
MEPIVALEM 3 % SV,MEPIVALEM 3 SV,Similar,DLA PHARMACEUTICAL LTDA,1,nao
MEPIVALEM AD,MEPIVALEM AD,Similar,DLA PHARMACEUTICAL LTDA,1,nao
MEPSEVII,MEPSEVII,Biológico,ULTRAGENYX BRASIL FARMACEUTICA LTDA,1,nao
MERACILINA,MERACILINA,Similar,ACHÉ LABORATÓRIOS FARMACÊUTICOS S.A,2,nao
MERCILON,MERCILON,Novo,ORGANON FARMACEUTICA LTDA.,2,nao
MERCILON CONTI,MERCILON CONTI,Novo,ORGANON FARMACEUTICA LTDA.,2,nao
MERIONAL HG,MERIONAL HG,Biológico,BESINS HEALTHCARE BRASIL COMERCIAL E DISTRIBUIDORA DE MEDICAMENTOS LTDA,3,nao
MERITOR,MERITOR,Novo,ACHÉ LABORATÓRIOS FARMACÊUTICOS S.A,4,nao
MEROMAX,MEROMAX,Novo,EUROFARMA LABORATORIOS S.A.,1,nao
MERONEM,MERONEM,Novo,PFIZER BRASIL LTDA,2,nao
MESACOL,MESACOL,Novo | Similar,TAKEDA PHARMA LTDA.,8,nao
MESIDOX,MESIDOX,Similar,MERCK S/A,2,nao
MESIGYNA,MESIGYNA,Novo,BAYER S.A.,2,nao
MESOTEM,MESOTEM,Similar,CRISTÁLIA PRODUTOS QUÍMICOS FARMACÊUTICOS LTDA.,2,nao
MESTINON,MESTINON,Similar,CELLERA FARMACEUTICA S.A.,1,nao
METADEX,METADEX,Similar,LABORATÓRIOS OSÓRIO DE MORAES LTDA,3,nao
METADOXIL,METADOXIL,Novo,LABORATÓRIOS BALDACCI LTDA,1,nao
METALYSE,METALYSE,Novo,BOEHRINGER INGELHEIM DO BRASIL QUIMICA E FARMACEUTICA LTDA.,3,nao
METAMUCIL,METAMUCIL,Fitoterápico,PROCTER & GAMBLE DO BRASIL LTDA,3,nao
METICORTEN,METICORTEN,Novo,ORGANON FARMACEUTICA LTDA.,2,nao
METOCLOSANTISA,METOCLOSANTISA,Similar,SANTISA LABORATÓRIO FARMACÊUTICO S/A,1,nao
METREXATO,METREXATO,Novo,BLAU FARMACEUTICA S.A.,1,nao
METROFARMA,METROFARMA,Similar,FARMACE INDÚSTRIA QUÍMICO-FARMACÊUTICA CEARENSE LTDA,1,nao
METRONACK,METRONACK,Similar,LABORATORIOS B. BRAUN S/A,2,nao
METRONIFLEX,METRONIFLEX,Similar,BAXTER HOSPITALAR LTDA,1,nao
MEVATYL,MEVATYL,Específico,BIOPAS BRASIL PRODUTOS FARMACEUTICOS LTDA,1,nao
MEXY,MEXY,Similar,EUROFARMA LABORATORIOS S.A.,4,nao
MEZOLIUM,MEZOLIUM,Similar,GERMED FARMACEUTICA LTDA,8,nao
MEZP,MEZP,Similar,CRISTÁLIA PRODUTOS QUÍMICOS FARMACÊUTICOS LTDA.,1,nao
MIBO,MIBO,Similar,CAMBER FARMACEUTICA LTDA,1,nao
MICARDIS,MICARDIS,Novo,BOEHRINGER INGELHEIM DO BRASIL QUIMICA E FARMACEUTICA LTDA.,4,nao
MICARDIS ANLO,MICARDIS ANLO,Novo,BOEHRINGER INGELHEIM DO BRASIL QUIMICA E FARMACEUTICA LTDA.,5,nao
MICARDIS HCT,MICARDIS HCT,Novo,BOEHRINGER INGELHEIM DO BRASIL QUIMICA E FARMACEUTICA LTDA.,5,nao
MICEND,MICEND,Similar,LABORATORIO QUIMICO FARMACEUTICO BERGAMO LTDA,1,nao
MICLOX,MICLOX,Similar,MULTILAB INDUSTRIA E COMERCIO DE PRODUTOS FARMACEUTICOS LTDA,1,nao
MICOLAMINA,MICOLAMINA,Similar,THERASKIN FARMACEUTICA LTDA.,6,nao
MICOPLEX,MICOPLEX,Similar,CAZI QUIMICA FARMACEUTICA INDUSTRIA E COMERCIO LTDA,1,nao
MICOSTALAB,MICOSTALAB,Similar,MULTILAB INDUSTRIA E COMERCIO DE PRODUTOS FARMACEUTICOS LTDA,3,nao
MICOZEN,MICOZEN,Similar,LABORATORIO TEUTO BRASILEIRO S/A,1,nao
MICPURE,MICPURE,Similar,APSEN FARMACEUTICA S/A,2,nao
MICRODIOL,MICRODIOL,Novo,ORGANON FARMACEUTICA LTDA.,1,nao
MICROPIL,MICROPIL,Similar,EMS SIGMA PHARMA LTDA,3,nao
MICROVLAR,MICROVLAR,Novo,UNIÃO QUÍMICA FARMACÊUTICA NACIONAL S/A,2,nao
MIEBRA,MIEBRA,Similar,GEOLAB INDÚSTRIA FARMACÊUTICA S/A,2,nao
MIELOCADE,MIELOCADE,Similar,LABORATORIO QUIMICO FARMACEUTICO BERGAMO LTDA,1,nao
MIFLONIDE BRIZZ,MIFLONIDE BRIZZ,Novo,NOVARTIS BIOCIENCIAS S.A,1,nao
MIGRAINEX,MIGRAINEX,Similar,COSMED INDUSTRIA DE COSMETICOS E MEDICAMENTOS S.A.,1,nao
MIGRALIV,MIGRALIV,Similar,EMS S/A,4,nao
MILDÊ,MILDE,Específico,LABORATÓRIO GROSS S. A.,3,nao
MILGAMMA,MILGAMMA,Novo,COSMED INDUSTRIA DE COSMETICOS E MEDICAMENTOS S.A.,1,nao
MIMPARA,MIMPARA,Novo,AMGEN BIOTECNOLOGIA DO BRASIL LTDA.,1,nao
MIND,MIND,Similar,BIOLAB SANUS FARMACEUTICA LTDA,3,nao
MINEL,MINEL,Fitoterápico,ARESE PHARMA LTDA,2,nao
MINÉRGI,MINERGI,Similar,SUPERA FARMA LABORATÓRIOS S.A,7,nao
MINIAN,MINIAN,Similar,LIBBS FARMACÊUTICA LTDA,2,nao
MINILAX,MINILAX,Específico,EUROFARMA LABORATORIOS S.A.,2,nao
MINIMA,MINIMA,Similar,SANOFI MEDLEY FARMACÊUTICA LTDA.,2,nao
MINJUVI,MINJUVI,Biológico,UNITED MEDICAL LTDA,1,nao
MÍNTI,MINTI,Similar,EUROFARMA LABORATORIOS S.A.,2,nao
MIODARON,MIODARON,Similar,ACHÉ LABORATÓRIOS FARMACÊUTICOS S.A,1,nao
MIOFIBRAX,MIOFIBRAX,Similar,LEGRAND PHARMA INDUSTRIA FARMACEUTICA LTDA,10,nao
MIOFLEX A,MIOFLEX A,Similar,COSMED INDUSTRIA DE COSMETICOS E MEDICAMENTOS S.A.,2,nao
MIOGESIC LIS,MIOGESIC LIS,Similar,EMS S/A,5,nao
MIONEVRIX,MIONEVRIX,Novo,ACHÉ LABORATÓRIOS FARMACÊUTICOS S.A,2,nao
MIORRELAX,MIORRELAX,Similar,BRAINFARMA INDÚSTRIA QUÍMICA E FARMACÊUTICA S.A,6,nao
MIOSAN,MIOSAN,Novo,APSEN FARMACEUTICA S/A,5,nao
MIOSAN CAF,MIOSAN CAF,Novo,APSEN FARMACEUTICA S/A,4,nao
MIOSAN ODT,MIOSAN ODT,Novo,APSEN FARMACEUTICA S/A,4,nao
MIRAB,MIRAB,Similar,EUROFARMA LABORATORIOS S.A.,2,nao
MIRADOR,MIRADOR,Similar,BRAINFARMA INDÚSTRIA QUÍMICA E FARMACÊUTICA S.A,1,nao
MIRADOR CÓLICA,MIRADOR COLICA,Similar,BRAINFARMA INDÚSTRIA QUÍMICA E FARMACÊUTICA S.A,1,nao
MIRANOVA,MIRANOVA,Novo,UNIÃO QUÍMICA FARMACÊUTICA NACIONAL S/A,1,nao
MIRENA,MIRENA,Novo,BAYER S.A.,1,nao
MIRTAX,MIRTAX,Similar,ACHÉ LABORATÓRIOS FARMACÊUTICOS S.A,8,nao
MIRUGELL,MIRUGELL,Específico,CRISTÁLIA PRODUTOS QUÍMICOS FARMACÊUTICOS LTDA.,2,nao
MISCK,MISCK,Similar,VOLPHARMA DISTRIBUIDORA DE PRODUTOS HOSPITALARES E FARMACÊUTICOS LTDA,1,nao
MISSORT,MISSORT,Similar,EMS S/A,5,nao
MITEXAN,MITEXAN,Novo,BAXTER HOSPITALAR LTDA,3,nao
MITRIP,MITRIP,Similar,MYRALIS INDUSTRIA FARMACEUTICA LTDA,3,nao
MITRUL,MITRUL,Novo,ADIUM S.A.,3,nao
MIXISTAR,MIXISTAR,Específico,HALEX ISTAR INDUSTRIA FARMACEUTICA SA,3,nao
MIZONOL,MIZONOL,Similar,GEOLAB INDÚSTRIA FARMACÊUTICA S/A,1,nao
MOBALE,MOBALE,Similar,EUROFARMA LABORATORIOS S.A.,4,nao
MODIK,MODIK,Similar,GERMED FARMACEUTICA LTDA,2,nao
MODULATRI,MODULATRI,Similar,LEGRAND PHARMA INDUSTRIA FARMACEUTICA LTDA,3,nao
MOFECELL,MOFECELL,Similar,CRISTÁLIA PRODUTOS QUÍMICOS FARMACÊUTICOS LTDA.,6,nao
MOLIDON,MOLIDON,Similar,EMS SIGMA PHARMA LTDA,2,nao
MOLIÈRI,MOLIERI,Similar,EUROFARMA LABORATORIOS S.A.,5,nao
MOMATE,MOMATE,Similar,GLENMARK FARMACÊUTICA LTDA,2,nao
MOMENT,MOMENT,Específico,APSEN FARMACEUTICA S/A,3,nao
MONALESS,MONALESS,Fitoterápico,MARJAN INDÚSTRIA E COMÉRCIO LTDA,1,nao
MONAX,MONAX,Similar,EUROFARMA LABORATORIOS S.A.,2,nao
MONBOC,MONBOC,Similar,EMS S/A,1,nao
MONECAST,MONECAST,Similar,LEGRAND PHARMA INDUSTRIA FARMACEUTICA LTDA,2,nao
MONESSA,MONESSA,Específico,BIOLAB SANUS FARMACEUTICA LTDA,2,nao
MONITUM,MONITUM,Similar,TEVA FARMACÊUTICA LTDA.,3,nao
MONOCEF,MONOCEF,Similar,INSTITUTO BIOCHIMICO INDÚSTRIA FARMACÊUTICA LTDA,1,nao
MONOCORDIL,MONOCORDIL,Novo,LABORATÓRIOS BALDACCI LTDA,5,nao
MONOFER,MONOFER,Específico,STEINCARES FARMACEUTICA DO BRASIL LTDA,2,nao
MONOLATAN,MONOLATAN,Novo,UNIÃO QUÍMICA FARMACÊUTICA NACIONAL S/A,2,nao
MONOZOL,MONOZOL,Similar,LEGRAND PHARMA INDUSTRIA FARMACEUTICA LTDA,1,nao
MONTELAIR,MONTELAIR,Similar,ACHÉ LABORATÓRIOS FARMACÊUTICOS S.A,13,nao
MONURIL,MONURIL,Novo,ZAMBON LABORATÓRIOS FARMACÊUTICOS LTDA.,2,nao
MORATUS,MORATUS,Similar,SANOFI MEDLEY FARMACÊUTICA LTDA.,1,nao
MORIALE DUO,MORIALE DUO,Similar,EMS S/A,6,nao
MORIALE ODT,MORIALE ODT,Novo,EMS S/A,16,nao
MOTILIUM,MOTILIUM,Novo,JANSSEN-CILAG FARMACEUTICA LTDA | KENVUE LTDA.,6,nao
MOTIRIDONA,MOTIRIDONA,Similar,GERMED FARMACEUTICA LTDA,2,nao
MOTORE,MOTORE,Fitoterápico,ACHÉ LABORATÓRIOS FARMACÊUTICOS S.A,6,nao
MOTRAZ,MOTRAZ,Similar,EUROFARMA LABORATORIOS S.A.,4,nao
MOUNJARO,MOUNJARO,Novo,ELI LILLY DO BRASIL LTDA,24,nao
MOUNJARO MULTIDOSE,MOUNJARO MULTIDOSE,Novo,ELI LILLY DO BRASIL LTDA,6,nao
MOVINAU,MOVINAU,Similar,NATULAB LABORATORIO S.A,1,nao
MOVYDIA,MOVYDIA,Similar,ABBOTT LABORATORIOS DO BRASIL LTDA,4,nao
MOZ,MOZ,Similar,CAMBER FARMACEUTICA LTDA,12,nao
MOZOBIL,MOZOBIL,Novo,SANOFI MEDLEY FARMACÊUTICA LTDA.,1,nao
MTX,MTX,Similar,BLAU FARMACEUTICA S.A.,3,nao
MUCBE,MUCBE,Similar,KYMBERG FARMACEUTICA DO BRASIL LTDA,2,nao
MUCOFAN,MUCOFAN,Similar,UNIÃO QUÍMICA FARMACÊUTICA NACIONAL S/A,2,nao
MUCOS EXPEC,MUCOS EXPEC,Similar,LEGRAND PHARMA INDUSTRIA FARMACEUTICA LTDA,3,nao
MUCOSOLVAN,MUCOSOLVAN,Novo,OPELLA HEALTHCARE BRAZIL LTDA | SANOFI MEDLEY FARMACÊUTICA LTDA.,4,nao
MUD,MUD,Similar,EUROFARMA LABORATORIOS S.A.,1,nao
MUD ORAL,MUD ORAL,Similar,EUROFARMA LABORATORIOS S.A.,1,nao
MULTIBIC,MULTIBIC,Específico,FRESENIUS MEDICAL CARE LTDA,2,nao
MULTIGRIP,MULTIGRIP,Similar,MULTILAB INDUSTRIA E COMERCIO DE PRODUTOS FARMACEUTICOS LTDA,3,nao
MULTIGRIP MIX,MULTIGRIP MIX,Similar,MULTILAB INDUSTRIA E COMERCIO DE PRODUTOS FARMACEUTICOS LTDA,1,nao
MULTIHANCE,MULTIHANCE,Novo,BRACCO IMAGING DO BRASIL IMPORTAÇÃO E DISTRIBUIÇÃO DE MEDICAMENTOS LTDA,2,nao
MULTIPIRAL,MULTIPIRAL,Similar,MULTILAB INDUSTRIA E COMERCIO DE PRODUTOS FARMACEUTICOS LTDA,3,nao
MULTISORO ADULTO,MULTISORO ADULTO,Similar,MULTILAB INDUSTRIA E COMERCIO DE PRODUTOS FARMACEUTICOS LTDA,1,nao
MULTITOSSE,MULTITOSSE,Similar,EMS S/A,1,nao
MULTIVITAM,MULTIVITAM,Específico,COMANDO DO EXÉRCITO,1,nao
MUPHORAN,MUPHORAN,Novo,LABORATORIOS SERVIER DO BRASIL LTDA,1,nao
MUSBENO,MUSBENO,Novo,DR. REDDYS FARMACÊUTICA DO BRASIL LTDA,2,nao
MUSCULARE,MUSCULARE,Similar,EUROFARMA LABORATORIOS S.A.,4,nao
MUSCUSAN,MUSCUSAN,Similar,GERMED FARMACEUTICA LTDA,16,nao
MUSKARD,MUSKARD,Similar,SUPERA FARMA LABORATÓRIOS S.A,3,nao
MUVINLAX,MUVINLAX,Específico,LIBBS FARMACÊUTICA LTDA,2,nao
MVASI,MVASI,Biológico,AMGEN BIOTECNOLOGIA DO BRASIL LTDA.,2,nao
MYALEPT,MYALEPT,Biológico,CHIESI FARMACÊUTICA LTDA,3,nao
MYCAFREM,MYCAFREM,Similar,ACCORD FARMACÊUTICA LTDA,4,nao
MYCAMINE,MYCAMINE,Novo,ASTELLAS FARMA BRASIL IMPORTAÇÃO E DISTRIBUIÇÃO DE MEDICAMENTOS LTDA. | SANDOZ DO BRASIL INDÚSTRIA FARMACÊUTICA LTDA,4,nao
MYDRIACYL,MYDRIACYL,Novo,NOVARTIS BIOCIENCIAS S.A,1,nao
MYDULO,MYDULO,Similar,GERMED FARMACEUTICA LTDA,12,nao
MYFORTIC,MYFORTIC,Novo,NOVARTIS BIOCIENCIAS S.A,2,nao
MYFOS,MYFOS,Similar,MYRALIS INDUSTRIA FARMACEUTICA LTDA,2,nao
MYLANTA PLUS,MYLANTA PLUS,Específico,JANSSEN-CILAG FARMACEUTICA LTDA | KENVUE LTDA.,4,nao
MYLETIN,MYLETIN,Similar,PRATI DONADUZZI & CIA LTDA,4,nao
MYLICON,MYLICON,Novo,KENVUE LTDA.,1,nao
MYLLCIS,MYLLCIS,Similar,VIATRIS FARMACEUTICA DO BRASIL LTDA,6,nao
MYLOTARG,MYLOTARG,Biológico,PFIZER BRASIL LTDA,1,nao
MYLTOL,MYLTOL,Similar,VIATRIS FARMACEUTICA DO BRASIL LTDA,12,nao
MYLUS,MYLUS,Similar,UNIÃO QUÍMICA FARMACÊUTICA NACIONAL S/A,1,nao
MYLVESTON,MYLVESTON,Similar,VIATRIS FARMACEUTICA DO BRASIL LTDA,1,nao
MYLZAR,MYLZAR,Similar,VIATRIS FARMACEUTICA DO BRASIL LTDA,6,nao
MYOBLOQ,MYOBLOQ,Similar,APSEN FARMACEUTICA S/A,3,nao
MYOZYME,MYOZYME,Biológico,SANOFI MEDLEY FARMACÊUTICA LTDA.,1,nao
MYRAFER,MYRAFER,Específico,MYRALIS INDUSTRIA FARMACEUTICA LTDA,4,nao
MYRBETRIC,MYRBETRIC,Novo,ASTELLAS FARMA BRASIL IMPORTAÇÃO E DISTRIBUIÇÃO DE MEDICAMENTOS LTDA.,3,nao
MYTEDOM,MYTEDOM,Similar,CRISTÁLIA PRODUTOS QUÍMICOS FARMACÊUTICOS LTDA.,6,nao
MYTRO,MYTRO,Similar,MYRALIS INDUSTRIA FARMACEUTICA LTDA,5,nao
NABOTA,NABOTA,Biológico,MOKSHA8 BRASIL INDUSTRIA E COMERCIO DE MEDICAMENTOS LTDA,2,nao
NACTALI,NACTALI,Similar,LIBBS FARMACÊUTICA LTDA,2,nao
NAÉVIA,NAEVIA,Específico,CELLERA FARMACEUTICA S.A.,3,nao
NAGLAZYME,NAGLAZYME,Biológico,BIOMARIN BRASIL FARMACÊUTICA LTDA,1,nao
NAIRE,NAIRE,Similar,EUROFARMA LABORATORIOS S.A.,2,nao
NALBLI,NALBLI,Similar,HALEX ISTAR INDUSTRIA FARMACEUTICA SA,2,nao
NALDECON DIA,NALDECON DIA,Novo,RECKITT BENCKISER (BRASIL) LTDA,1,nao
NALDECON MULTI,NALDECON MULTI,Similar,RECKITT BENCKISER (BRASIL) LTDA,2,nao
NALDECON NOITE,NALDECON NOITE,Novo,RECKITT BENCKISER (BRASIL) LTDA,2,nao
NALDECON PACK,NALDECON PACK,Novo,RECKITT BENCKISER (BRASIL) LTDA,2,nao
NAOMI,NAOMI,Similar,HEMAFARMA COM. E IND. FARM. LTDA,4,nao
NAPRIX,NAPRIX,Similar,LIBBS FARMACÊUTICA LTDA,6,nao
NAPRIX A,NAPRIX A,Novo,LIBBS FARMACÊUTICA LTDA,7,nao
NAPRIX D,NAPRIX D,Novo,LIBBS FARMACÊUTICA LTDA,3,nao
NAPRONAX,NAPRONAX,Similar,BRAINFARMA INDÚSTRIA QUÍMICA E FARMACÊUTICA S.A,1,nao
NAPROX,NAPROX,Similar,LABORATORIO TEUTO BRASILEIRO S/A,2,nao
NARAMIG,NARAMIG,Novo,GLAXOSMITHKLINE BRASIL LTDA,1,nao
NARANETY,NARANETY,Similar,LEGRAND PHARMA INDUSTRIA FARMACEUTICA LTDA,7,nao
NARATANO,NARATANO,Similar,MULTILAB INDUSTRIA E COMERCIO DE PRODUTOS FARMACEUTICOS LTDA,7,nao
NARATRIN,NARATRIN,Similar,EMS S/A,7,nao
NARCAN,NARCAN,Novo,CRISTÁLIA PRODUTOS QUÍMICOS FARMACÊUTICOS LTDA.,2,nao
NARCEF,NARCEF,Similar,GERMED FARMACEUTICA LTDA,7,nao
NARIDRIN,NARIDRIN,Novo,EMS S/A,4,nao
NARIX,NARIX,Similar,CIMED INDUSTRIA S.A,1,nao
NAROPIN,NAROPIN,Novo,ASPEN PHARMA INDÚSTRIA FARMACÊUTICA LTDA,4,nao
NASACORT,NASACORT,Novo,OPELLA HEALTHCARE BRAZIL LTDA,1,nao
NASALIV,NASALIV,Similar,UNIÃO QUÍMICA FARMACÊUTICA NACIONAL S/A,1,nao
NASOCLEAN,NASOCLEAN,Específico,MEDQUIMICA INDUSTRIA FARMACEUTICA LTDA.,1,nao
NASOJET 3H,NASOJET 3H,Específico,NATULAB LABORATORIO S.A,1,nao
NASONEX®,NASONEX,Novo,ORGANON FARMACEUTICA LTDA.,2,nao
NATIFA,NATIFA,Similar,LIBBS FARMACÊUTICA LTDA,2,nao
NATIFA PRO,NATIFA PRO,Similar,LIBBS FARMACÊUTICA LTDA,2,nao
NATIFA PRO UBD,NATIFA PRO UBD,Novo,LIBBS FARMACÊUTICA LTDA,2,nao
NATRILIX,NATRILIX,Novo,LABORATORIOS SERVIER DO BRASIL LTDA,4,nao
NATULAXE,NATULAXE,Fitoterápico,NATULAB LABORATORIO S.A,1,nao
NATURETTI,NATURETTI,Fitoterápico,BRAINFARMA INDÚSTRIA QUÍMICA E FARMACÊUTICA S.A | SANOFI MEDLEY FARMACÊUTICA LTDA.,4,nao
NATUS GERIN,NATUS GERIN,Específico,LEGRAND PHARMA INDUSTRIA FARMACEUTICA LTDA,2,nao
NAUCLOZ,NAUCLOZ,Novo,ACHÉ LABORATÓRIOS FARMACÊUTICOS S.A,4,nao
NAUDAN ODT,NAUDAN ODT,Similar,EMS S/A,10,nao
NAUSEDRON,NAUSEDRON,Similar,CRISTÁLIA PRODUTOS QUÍMICOS FARMACÊUTICOS LTDA.,5,nao
NAUSICALM B6,NAUSICALM B6,Similar,UNIÃO QUÍMICA FARMACÊUTICA NACIONAL S/A,1,nao
NAUSICALM CÁPSULA MOLE,NAUSICALM CAPSULA MOLE,Similar,UNIÃO QUÍMICA FARMACÊUTICA NACIONAL S/A,2,nao
NAUSILON B6,NAUSILON B6,Similar,CIFARMA CIENTÍFICA FARMACÊUTICA LTDA,1,nao
NAUTEX,NAUTEX,Similar,ACHÉ LABORATÓRIOS FARMACÊUTICOS S.A,1,nao
NAUTEX GOTAS,NAUTEX GOTAS,Novo,ACHÉ LABORATÓRIOS FARMACÊUTICOS S.A,1,nao
NAUTEX ODG,NAUTEX ODG,Novo,ACHÉ LABORATÓRIOS FARMACÊUTICOS S.A,4,nao
NAVELBINE,NAVELBINE,Novo,BLANVER FARMOQUIMICA E FARMACEUTICA S.A. | LABORATORIOS PIERRE FABRE DO BRASIL LTDA,4,nao
NAXOTEC,NAXOTEC,Similar,UNIÃO QUÍMICA FARMACÊUTICA NACIONAL S/A,2,nao
NAXXAGRAN,NAXXAGRAN,Similar,LEGRAND PHARMA INDUSTRIA FARMACEUTICA LTDA,8,nao
NEBACETIN,NEBACETIN,Similar,COSMED INDUSTRIA DE COSMETICOS E MEDICAMENTOS S.A.,2,nao
NEBACIDERME,NEBACIDERME,Similar,MULTILAB INDUSTRIA E COMERCIO DE PRODUTOS FARMACEUTICOS LTDA,1,nao
NEBACIMED,NEBACIMED,Similar,CIMED INDUSTRIA S.A,2,nao
NEBACTRINA,NEBACTRINA,Similar,PHARLAB INDÚSTRIA FARMACÊUTICA S.A.,1,nao
NEBIC,NEBIC,Similar,MULTILAB INDUSTRIA E COMERCIO DE PRODUTOS FARMACEUTICOS LTDA,9,nao
NEBIDO,NEBIDO,Novo,GRÜNENTHAL DO BRASIL FARMACÊUTICA LTDA.,1,nao
NEBILET,NEBILET,Novo,BIOLAB SANUS FARMACEUTICA LTDA,5,nao
NEBIPRE,NEBIPRE,Similar,LEGRAND PHARMA INDUSTRIA FARMACEUTICA LTDA,8,nao
NEBITAH,NEBITAH,Similar,ACHÉ LABORATÓRIOS FARMACÊUTICOS S.A,3,nao
NEBLOCK,NEBLOCK,Novo | Similar,TORRENT DO BRASIL LTDA,8,nao
NEMICINA,NEMICINA,Similar,CELLERA FARMACEUTICA S.A.,1,nao
NEMOXIL,NEMOXIL,Similar,1FARMA INDUSTRIA FARMACEUTICA LTDA,2,nao
NENE DENT N,NENE DENT N,Novo,COSMED INDUSTRIA DE COSMETICOS E MEDICAMENTOS S.A.,2,nao
NENFY,NENFY,Específico,LABORATORIO TEUTO BRASILEIRO S/A,1,nao
NEO B,NEO B,Específico,EUROFARMA LABORATORIOS S.A.,3,nao
NEO CEBETIL COMPLEXO,NEO CEBETIL COMPLEXO,Específico,UNIÃO QUÍMICA FARMACÊUTICA NACIONAL S/A,1,nao
NEO DECAPEPTYL,NEO DECAPEPTYL,Novo,ACHÉ LABORATÓRIOS FARMACÊUTICOS S.A,3,nao
NEO FEDIPINA,NEO FEDIPINA,Similar,BRAINFARMA INDÚSTRIA QUÍMICA E FARMACÊUTICA S.A,2,nao
NEO FÓLICO,NEO FOLICO,Específico,BRAINFARMA INDÚSTRIA QUÍMICA E FARMACÊUTICA S.A,1,nao
NEO FRESH,NEO FRESH,Específico,BRAINFARMA INDÚSTRIA QUÍMICA E FARMACÊUTICA S.A,1,nao
NEO LORATADIN,NEO LORATADIN,Similar,BRAINFARMA INDÚSTRIA QUÍMICA E FARMACÊUTICA S.A,1,nao
NEO MISTATIN,NEO MISTATIN,Similar,BRAINFARMA INDÚSTRIA QUÍMICA E FARMACÊUTICA S.A,1,nao
NEOCAINA,NEOCAINA,Similar,CRISTÁLIA PRODUTOS QUÍMICOS FARMACÊUTICOS LTDA.,4,nao
NEOCAÍNA COM VASOCONSTRITOR,NEOCAINA COM VASOCONSTRITOR,Similar,CRISTÁLIA PRODUTOS QUÍMICOS FARMACÊUTICOS LTDA.,4,nao
NEOCAINA PESADA,NEOCAINA PESADA,Similar,CRISTÁLIA PRODUTOS QUÍMICOS FARMACÊUTICOS LTDA.,2,nao
NEOCOFLAN,NEOCOFLAN,Similar,BRAINFARMA INDÚSTRIA QUÍMICA E FARMACÊUTICA S.A,3,nao
NEOCOPAN COMPOSTO,NEOCOPAN COMPOSTO,Similar,UNIÃO QUÍMICA FARMACÊUTICA NACIONAL S/A,2,nao
NEODIA,NEODIA,Similar,BRAINFARMA INDÚSTRIA QUÍMICA E FARMACÊUTICA S.A,1,nao
NEOLEFRIN,NEOLEFRIN,Similar,BRAINFARMA INDÚSTRIA QUÍMICA E FARMACÊUTICA S.A,3,nao
NEOLEFRIN DIA,NEOLEFRIN DIA,Similar,BRAINFARMA INDÚSTRIA QUÍMICA E FARMACÊUTICA S.A,1,nao
NEOMETRODAZOL,NEOMETRODAZOL,Similar,BRAINFARMA INDÚSTRIA QUÍMICA E FARMACÊUTICA S.A,1,nao
NEOMICON,NEOMICON,Similar,CIFARMA CIENTÍFICA FARMACÊUTICA LTDA,1,nao
NEONAZOL,NEONAZOL,Similar,NATIVITA IND. COM. LTDA.,1,nao
NEOPANTOL,NEOPANTOL,Específico,BRAINFARMA INDÚSTRIA QUÍMICA E FARMACÊUTICA S.A,1,nao
NEOPIRIDIN,NEOPIRIDIN,Similar,BRAINFARMA INDÚSTRIA QUÍMICA E FARMACÊUTICA S.A,2,nao
NEOPLEXUS,NEOPLEXUS,Específico,KLEY HERTZ FARMACEUTICA S.A,2,nao
NEOPRAZOL,NEOPRAZOL,Similar,BRAINFARMA INDÚSTRIA QUÍMICA E FARMACÊUTICA S.A,2,nao
NEOPROFEN,NEOPROFEN,Novo,RECORDATI RARE DISEASES COMÉRCIO DE MEDICAMENTOS LTDA - ME,1,nao
NEOSALDINA,NEOSALDINA,Novo,COSMED INDUSTRIA DE COSMETICOS E MEDICAMENTOS S.A.,7,nao
NEOSALDINA DIP,NEOSALDINA DIP,Similar,COSMED INDUSTRIA DE COSMETICOS E MEDICAMENTOS S.A.,3,nao
NEOSALDINA MUSCULAR,NEOSALDINA MUSCULAR,Similar,COSMED INDUSTRIA DE COSMETICOS E MEDICAMENTOS S.A.,3,nao
NEOSALDINA MUSCULAR MAX,NEOSALDINA MUSCULAR MAX,Novo,COSMED INDUSTRIA DE COSMETICOS E MEDICAMENTOS S.A.,3,nao
NEOSEMID,NEOSEMID,Similar,BRAINFARMA INDÚSTRIA QUÍMICA E FARMACÊUTICA S.A,1,nao
NEOSORO,NEOSORO,Similar,BRAINFARMA INDÚSTRIA QUÍMICA E FARMACÊUTICA S.A,1,nao
NEOSORO H,NEOSORO H,Específico,BRAINFARMA INDÚSTRIA QUÍMICA E FARMACÊUTICA S.A,1,nao
NEOSSOLVAN,NEOSSOLVAN,Similar,BRAINFARMA INDÚSTRIA QUÍMICA E FARMACÊUTICA S.A,2,nao
NEOSTHY,NEOSTHY,Similar,BLAU FARMACEUTICA S.A.,5,nao
NEOSULIDA,NEOSULIDA,Similar,BRAINFARMA INDÚSTRIA QUÍMICA E FARMACÊUTICA S.A,1,nao
NEOTAREN,NEOTAREN,Similar,BRAINFARMA INDÚSTRIA QUÍMICA E FARMACÊUTICA S.A,1,nao
NEOTIAPIM,NEOTIAPIM,Similar,SANDOZ DO BRASIL INDÚSTRIA FARMACÊUTICA LTDA,5,nao
NEOTIGASON,NEOTIGASON,Novo,TEVA FARMACÊUTICA LTDA.,4,nao
NEOTOSS,NEOTOSS,Similar,BRAINFARMA INDÚSTRIA QUÍMICA E FARMACÊUTICA S.A,2,nao
NEOTRICIN,NEOTRICIN,Similar,LEGRAND PHARMA INDUSTRIA FARMACEUTICA LTDA,2,nao
NEOVANGY MR,NEOVANGY MR,Similar,EMS S/A,3,nao
NEOVLAR,NEOVLAR,Novo,UNIÃO QUÍMICA FARMACÊUTICA NACIONAL S/A,2,nao
NEOZINE,NEOZINE,Novo,BLANVER FARMOQUIMICA E FARMACEUTICA S.A.,3,nao
NEPARVIS,NEPARVIS,Similar,NOVARTIS BIOCIENCIAS S.A,5,nao
NEPEXTO,NEPEXTO,Biológico,BIOCON BIOLOGICS DO BRASIL LTDA,9,nao
NEPHROTECT,NEPHROTECT,Específico,FRESENIUS KABI BRASIL LTDA,4,nao
NEPRAZOL,NEPRAZOL,Similar,1FARMA INDUSTRIA FARMACEUTICA LTDA,1,nao
NEPRESOL,NEPRESOL,Novo,CRISTÁLIA PRODUTOS QUÍMICOS FARMACÊUTICOS LTDA.,2,nao
NERALGYN,NERALGYN,Similar,CIFARMA CIENTÍFICA FARMACÊUTICA LTDA,2,nao
NERLYNX,NERLYNX,Novo,PINT PHARMA PRODUTOS MEDICO-HOSPITALARES E FARMACEUTICOS LTDA,1,nao
NERVAMIN,NERVAMIN,Específico,PRATI DONADUZZI & CIA LTDA,2,nao
NESH CÁLCIO,NESH CALCIO,Específico,NUNESFARMA PRODUTOS FARMACEUTICOS LTDA,4,nao
NESH FERRO,NESH FERRO,Específico,NUNESFARMA PRODUTOS FARMACEUTICOS LTDA,1,nao
NESH ZINCO,NESH ZINCO,Específico,NUNESFARMA PRODUTOS FARMACEUTICOS LTDA,1,nao
NESINA,NESINA,Novo,COSMED INDUSTRIA DE COSMETICOS E MEDICAMENTOS S.A.,4,nao
NESINA MET,NESINA MET,Novo,COSMED INDUSTRIA DE COSMETICOS E MEDICAMENTOS S.A.,5,nao
NESINA PIO,NESINA PIO,Novo,COSMED INDUSTRIA DE COSMETICOS E MEDICAMENTOS S.A.,4,nao
NESTA,NESTA,Similar,ACHÉ LABORATÓRIOS FARMACÊUTICOS S.A,3,nao
NEULASTIM,NEULASTIM,Biológico,AMGEN BIOTECNOLOGIA DO BRASIL LTDA.,2,nao
NEULEPTIL,NEULEPTIL,Novo,BLANVER FARMOQUIMICA E FARMACEUTICA S.A.,3,nao
NEUMOSIN,NEUMOSIN,Similar,SUPERA FARMA LABORATÓRIOS S.A,2,nao
NEUPRO,NEUPRO,Novo,UCB BIOPHARMA LTDA.,4,nao
NEURAL,NEURAL,Similar,CRISTÁLIA PRODUTOS QUÍMICOS FARMACÊUTICOS LTDA.,4,nao
NEURI - B6,NEURI B6,Específico,CAZI QUIMICA FARMACEUTICA INDUSTRIA E COMERCIO LTDA,1,nao
NEURIVIT,NEURIVIT,Específico,CAZI QUIMICA FARMACEUTICA INDUSTRIA E COMERCIO LTDA,1,nao
NEUTOSS,NEUTOSS,Similar,BELFAR LTDA,1,nao
NEUTROFER,NEUTROFER,Específico,EMS SIGMA PHARMA LTDA,6,nao
NEUTROFER  FÓLICO,NEUTROFER FOLICO,Específico,EMS SIGMA PHARMA LTDA,2,nao
NEVANAC,NEVANAC,Novo,NOVARTIS BIOCIENCIAS S.A,2,nao
NEVRALGEX,NEVRALGEX,Similar,CIMED INDUSTRIA S.A,3,nao
NEVRALGEX DC,NEVRALGEX DC,Similar,CIMED INDUSTRIA S.A,1,nao
NEVRALGEX DIP,NEVRALGEX DIP,Similar,CIMED INDUSTRIA S.A,1,nao
NEVRALPRO,NEVRALPRO,Similar,CIMED INDUSTRIA S.A,1,nao
NEVRIX,NEVRIX,Específico,ARESE PHARMA LTDA,5,nao
NEVRIX IM,NEVRIX IM,Específico,ARESE PHARMA LTDA,8,nao
NEXAVAR,NEXAVAR,Novo,BAYER S.A.,1,nao
NEXFLEN,NEXFLEN,Similar,LEGRAND PHARMA INDUSTRIA FARMACEUTICA LTDA,2,nao
NEXIUM,NEXIUM,Novo,ASTRAZENECA DO BRASIL LTDA,6,nao
NEXIUM IV,NEXIUM IV,Novo,ASTRAZENECA DO BRASIL LTDA,1,nao
NEXOPRAX,NEXOPRAX,Similar,MULTILAB INDUSTRIA E COMERCIO DE PRODUTOS FARMACEUTICOS LTDA,1,nao
NEXPRAZIN,NEXPRAZIN,Similar,LEGRAND PHARMA INDUSTRIA FARMACEUTICA LTDA,8,nao
NEXT,NEXT,Similar,UNIÃO QUÍMICA FARMACÊUTICA NACIONAL S/A,2,nao
NEXTELA,NEXTELA,Novo,LIBBS FARMACÊUTICA LTDA,1,nao
NEXVIAZYME,NEXVIAZYME,Biológico,SANOFI MEDLEY FARMACÊUTICA LTDA.,1,nao
NIB,NIB,Similar,EUROFARMA LABORATORIOS S.A.,4,nao
NIBISNU,NIBISNU,Similar,DR. REDDYS FARMACÊUTICA DO BRASIL LTDA,1,nao
NICORETTE,NICORETTE,Específico | Novo,JANSSEN-CILAG FARMACEUTICA LTDA | KENVUE LTDA.,6,nao
NIDAZOFARMA,NIDAZOFARMA,Similar,FARMACE INDÚSTRIA QUÍMICO-FARMACÊUTICA CEARENSE LTDA,1,nao
NIDHI,NIDHI,Similar,SUN FARMACÊUTICA DO BRASIL LTDA,2,nao
NIDUE,NIDUE,Similar,GERMED FARMACEUTICA LTDA,3,nao
NIENZA,NIENZA,Similar,ACHÉ LABORATÓRIOS FARMACÊUTICOS S.A,4,nao
NIFEDIPRESS,NIFEDIPRESS,Similar,MEDQUIMICA INDUSTRIA FARMACEUTICA LTDA.,2,nao
NIKI,NIKI,Similar,EMS SIGMA PHARMA LTDA,6,nao
NILPERIDOL,NILPERIDOL,Similar,CRISTÁLIA PRODUTOS QUÍMICOS FARMACÊUTICOS LTDA.,2,nao
NIMBIUM,NIMBIUM,Novo,ASPEN PHARMA INDÚSTRIA FARMACÊUTICA LTDA,2,nao
NIMEGON,NIMEGON,Similar,MERCK SHARP & DOHME FARMACEUTICA LTDA.,3,nao
NIMEGON MET,NIMEGON MET,Similar,MERCK SHARP & DOHME FARMACEUTICA LTDA.,5,nao
NIMELIT,NIMELIT,Similar,VITAMEDIC INDUSTRIA FARMACEUTICA LTDA,3,nao
NIMENRIX,NIMENRIX,Biológico,LABORATORIOS PFIZER LTDA,1,nao
NIMESILAM,NIMESILAM,Similar,EMS SIGMA PHARMA LTDA,2,nao
NIMSY,NIMSY,Similar,CIFARMA CIENTÍFICA FARMACÊUTICA LTDA,1,nao
NIMUS BETA,NIMUS BETA,Similar,EUROFARMA LABORATORIOS S.A.,2,nao
NINDAXEF,NINDAXEF,Similar,ACCORD FARMACÊUTICA LTDA,6,nao
NINDEV,NINDEV,Similar,ACCORD FARMACÊUTICA LTDA,2,nao
NINLARO,NINLARO,Novo,TAKEDA PHARMA LTDA.,3,nao
NIQUITIN,NIQUITIN,Específico | Novo,MAPPEL INDÚSTRIA DE EMBALAGENS S.A.,5,nao
NISBAL,NISBAL,Similar,PRATI DONADUZZI & CIA LTDA,11,nao
NISOFLAN,NISOFLAN,Similar,GEOLAB INDÚSTRIA FARMACÊUTICA S/A,2,nao
NISTAMAX,NISTAMAX,Similar,NATULAB LABORATORIO S.A,1,nao
NISTRAZIN,NISTRAZIN,Similar,GEOLAB INDÚSTRIA FARMACÊUTICA S/A,1,nao
NISUFAR,NISUFAR,Similar,LABORATÓRIO FARMACÊUTICO ELOFAR LTDA,1,nao
NISULID,NISULID,Novo,ACHÉ LABORATÓRIOS FARMACÊUTICOS S.A,4,nao
NISULID XR,NISULID XR,Similar,ACHÉ LABORATÓRIOS FARMACÊUTICOS S.A,1,nao
NISVO,NISVO,Similar,PRATI DONADUZZI & CIA LTDA,4,nao
NITES,NITES,Similar,ORGANON FARMACEUTICA LTDA.,1,nao
NITIKABS,NITIKABS,Novo,"PHARMEDIC PHARMACEUTICALS, IMPORTACAO, EXPORTACAO, DISTRIBUICAO, COMERCIO E REPRESENTACOES LTDA",4,nao
NITRAPAN,NITRAPAN,Similar,CRISTÁLIA PRODUTOS QUÍMICOS FARMACÊUTICOS LTDA.,1,nao
NITRENCORD,NITRENCORD,Similar,ACHÉ LABORATÓRIOS FARMACÊUTICOS S.A,2,nao
NITROFEN,NITROFEN,Similar,LABORATORIO TEUTO BRASILEIRO S/A,1,nao
NITROP,NITROP,Similar,HYPOFARMA - INSTITUTO DE HYPODERMIA E FARMÁCIA LTDA,1,nao
NITROPRUS,NITROPRUS,Similar,CRISTÁLIA PRODUTOS QUÍMICOS FARMACÊUTICOS LTDA.,1,nao
NIVDIREC,NIVDIREC,Biológico,BRISTOL-MYERS SQUIBB FARMACÊUTICA LTDA,3,nao
NIVUX,NIVUX,Novo,EMS S/A,3,nao
NIXE,NIXE,Similar,FARMOQUÍMICA S/A,5,nao
NIZORAL,NIZORAL,Novo,JANSSEN-CILAG FARMACEUTICA LTDA,1,nao
NOCICLIN,NOCICLIN,Similar,EMS S/A,1,nao
NOCIP,NOCIP,Específico,ACHÉ LABORATÓRIOS FARMACÊUTICOS S.A,2,nao
NOCTAL,NOCTAL,Novo,ABBOTT LABORATORIOS DO BRASIL LTDA,1,nao
NOCTIDEN,NOCTIDEN,Similar,BIOLAB SANUS FARMACEUTICA LTDA,3,nao
NOEX,NOEX,Similar,EUROFARMA LABORATORIOS S.A.,4,nao
NOLVADEX,NOLVADEX,Novo,ASTRAZENECA DO BRASIL LTDA,1,nao
NOOTROPIL,NOOTROPIL,Novo,SANOFI MEDLEY FARMACÊUTICA LTDA.,1,nao
NOPASURE,NOPASURE,Similar,CAMBER FARMACEUTICA LTDA,2,nao
NOPROSIL,NOPROSIL,Similar,HALEX ISTAR INDUSTRIA FARMACEUTICA SA,1,nao
NORADOP,NORADOP,Similar,MULTILAB INDUSTRIA E COMERCIO DE PRODUTOS FARMACEUTICOS LTDA,2,nao
NORADREM,NORADREM,Similar,HIPOLABOR FARMACEUTICA LTDA,2,nao
NORDETTE,NORDETTE,Novo,PFIZER BRASIL LTDA,2,nao
NORDITROPIN,NORDITROPIN,Biológico,NOVO NORDISK FARMACÊUTICA DO BRASIL LTDA,6,nao
NOREGYNA,NOREGYNA,Similar,CIFARMA CIENTÍFICA FARMACÊUTICA LTDA,2,nao
NORELBIN,NORELBIN,Similar,EUROFARMA LABORATORIOS S.A.,1,nao
NORESTIN,NORESTIN,Similar,BIOLAB SANUS FARMACEUTICA LTDA,1,nao
NORF,NORF,Similar,EMS SIGMA PHARMA LTDA,1,nao
NORI-1,NORI 1,Específico,BIOLAB SANUS FARMACEUTICA LTDA,2,nao
NORIDERM,NORIDERM,Similar,EMS S/A,1,nao
NORIPURUM,NORIPURUM,Específico,BLANVER FARMOQUIMICA E FARMACEUTICA S.A.,4,nao
NORIPURUM EV,NORIPURUM EV,Específico,BLANVER FARMOQUIMICA E FARMACEUTICA S.A.,1,nao
NORIPURUM FÓLICO,NORIPURUM FOLICO,Específico,BLANVER FARMOQUIMICA E FARMACEUTICA S.A.,2,nao
NORMASTIG,NORMASTIG,Similar,UNIÃO QUÍMICA FARMACÊUTICA NACIONAL S/A,1,nao
NORTRY,NORTRY,Similar,LABORATORIO TEUTO BRASILEIRO S/A,3,nao
NORVASC,NORVASC,Novo,LABORATORIOS PFIZER LTDA | VIATRIS FARMACEUTICA DO BRASIL LTDA,6,nao
NORVIR,NORVIR,Novo,ABBVIE FARMACÊUTICA LTDA.,1,nao
NORXACIN,NORXACIN,Similar,LABORATORIO GLOBO SA,1,nao
NOSINT,NOSINT,Similar,ACHÉ LABORATÓRIOS FARMACÊUTICOS S.A,1,nao
NOSTIL,NOSTIL,Similar,CRISTÁLIA PRODUTOS QUÍMICOS FARMACÊUTICOS LTDA.,1,nao
NOTUSS TSS,NOTUSS TSS,Similar,ACHÉ LABORATÓRIOS FARMACÊUTICOS S.A,5,nao
NOURIN,NOURIN,Similar,SUPERA FARMA LABORATÓRIOS S.A,2,nao
NOVABUPI,NOVABUPI,Novo,CRISTÁLIA PRODUTOS QUÍMICOS FARMACÊUTICOS LTDA.,3,nao
NOVABUPI (SEM VASOCONSTRITOR),NOVABUPI SEM VASOCONSTRITOR,Similar,CRISTÁLIA PRODUTOS QUÍMICOS FARMACÊUTICOS LTDA.,4,nao
NOVACORT,NOVACORT,Novo,ACHÉ LABORATÓRIOS FARMACÊUTICOS S.A,3,nao
NOVALFEM,NOVALFEM,Similar,OPELLA HEALTHCARE BRAZIL LTDA,3,nao
NOVALGINA,NOVALGINA,Novo,OPELLA HEALTHCARE BRAZIL LTDA | SANOFI MEDLEY FARMACÊUTICA LTDA.,36,nao
NOVALGINA FLASH,NOVALGINA FLASH,Novo,OPELLA HEALTHCARE BRAZIL LTDA,2,nao
NOVAMICIN,NOVAMICIN,Similar,FRESENIUS KABI BRASIL LTDA,3,nao
NOVAMOX,NOVAMOX,Similar,ACHÉ LABORATÓRIOS FARMACÊUTICOS S.A,4,nao
NOVANLO,NOVANLO,Novo,BIOLAB SANUS FARMACEUTICA LTDA,6,nao
NOVANOITE,NOVANOITE,Fitoterápico,SANOFI MEDLEY FARMACÊUTICA LTDA.,3,nao
NOVASUTIN,NOVASUTIN,Similar,BLAU FARMACEUTICA S.A.,5,nao
NOVOB,NOVOB,Similar,BIOLAB SANUS FARMACEUTICA LTDA,2,nao
NOVOCILIN,NOVOCILIN,Similar,ACHÉ LABORATÓRIOS FARMACÊUTICOS S.A,5,nao
NOVOFER,NOVOFER,Específico,ACHÉ LABORATÓRIOS FARMACÊUTICOS S.A,1,nao
NOVOFER PED,NOVOFER PED,Específico,ACHÉ LABORATÓRIOS FARMACÊUTICOS S.A,2,nao
NOVOLIN N,NOVOLIN N,Novo,NOVO NORDISK FARMACÊUTICA DO BRASIL LTDA,4,nao
NOVOLIN R,NOVOLIN R,Biológico,NOVO NORDISK FARMACÊUTICA DO BRASIL LTDA,4,nao
NOVOMIX 30,NOVOMIX 30,Novo,NOVO NORDISK FARMACÊUTICA DO BRASIL LTDA,2,nao
NOVOPHOS,NOVOPHOS,Específico,VASCONCELOS INDUSTRIA FARMACEUTICA E COMERCIO LTDA,2,nao
NOVOPRAZOL,NOVOPRAZOL,Similar,LABORATORIO GLOBO SA,2,nao
NOVORAPID,NOVORAPID,Biológico,NOVO NORDISK FARMACÊUTICA DO BRASIL LTDA,4,nao
NOVOSEVEN,NOVOSEVEN,Novo,NOVO NORDISK FARMACÊUTICA DO BRASIL LTDA,6,nao
NOVOSIL,NOVOSIL,Similar,HIPOLABOR FARMACEUTICA LTDA,1,nao
NOVOSORO NF,NOVOSORO NF,Similar,LABORATORIO GLOBO SA,1,nao
NOVOTRAM,NOVOTRAM,Similar,COSMED INDUSTRIA DE COSMETICOS E MEDICAMENTOS S.A.,3,nao
NOVOTRAM PAR,NOVOTRAM PAR,Similar,COSMED INDUSTRIA DE COSMETICOS E MEDICAMENTOS S.A.,2,nao
NOXAFIL,NOXAFIL,Novo,MERCK SHARP & DOHME FARMACEUTICA LTDA.,1,nao
NOXX,NOXX,Biológico,BLAU FARMACEUTICA S.A.,24,nao
NPLATE,NPLATE,Biológico,AMGEN BIOTECNOLOGIA DO BRASIL LTDA.,1,nao
NUANCE,NUANCE,Similar,EUROFARMA LABORATORIOS S.A.,1,nao
NUBAIN,NUBAIN,Similar,CRISTÁLIA PRODUTOS QUÍMICOS FARMACÊUTICOS LTDA.,2,nao
NUBEQA,NUBEQA,Novo,BAYER S.A.,1,nao
NUCALA,NUCALA,Biológico,GLAXOSMITHKLINE BRASIL LTDA,4,nao
NUFIG MET,NUFIG MET,Específico,GEOLAB INDÚSTRIA FARMACÊUTICA S/A,1,nao
NUIT FLASH,NUIT FLASH,Novo,BIOLAB SANUS FARMACEUTICA LTDA,2,nao
NUIT LONG XR,NUIT LONG XR,Similar,BIOLAB SANUS FARMACEUTICA LTDA,2,nao
NUMETA NEO,NUMETA NEO,Específico,BAXTER HOSPITALAR LTDA,1,nao
NUROMOL,NUROMOL,Novo,RECKITT BENCKISER (BRASIL) LTDA,3,nao
NUSIRA,NUSIRA,Similar,ADIUM S.A.,8,nao
NUSTENDI,NUSTENDI,Novo,DAIICHI SANKYO BRASIL FARMACÊUTICA LTDA,2,nao
NUTRAPLUS,NUTRAPLUS,Novo,GALDERMA BRASIL LTDA,3,nao
NUTRAPLUS 20,NUTRAPLUS 20,Similar,GALDERMA BRASIL LTDA,1,nao
NUTRI B,NUTRI B,Específico,NATULAB LABORATORIO S.A,1,nao
NUTRIFLEX,NUTRIFLEX,Específico,LABORATORIOS B. BRAUN S/A,8,nao
NUTRIFLEX LIPID,NUTRIFLEX LIPID,Específico,LABORATORIOS B. BRAUN S/A,12,nao
NUTRIFLEX PLUS,NUTRIFLEX PLUS,Específico,LABORATORIOS B. BRAUN S/A,2,nao
NUVARING,NUVARING,Novo,ORGANON FARMACEUTICA LTDA.,1,nao
NUVIGIL,NUVIGIL,Novo,TEVA FARMACÊUTICA LTDA.,2,nao
NUVYOR,NUVYOR,Similar,EUROFARMA LABORATORIOS S.A.,7,nao
NUWIQ,NUWIQ,Biológico,OCTAPHARMA BRASIL LTDA,4,nao
NYDDA,NYDDA,Similar,APSEN FARMACEUTICA S/A,2,nao
NYPRAM,NYPRAM,Similar,PRATI DONADUZZI & CIA LTDA,2,nao
NYTEB,NYTEB,Similar,DIFFUCAP - CHEMOBRÁS QUÍMICA E FARMACÊUTICA LTDA,3,nao
OCREVUS,OCREVUS,Biológico,PRODUTOS ROCHE QUÍMICOS E FARMACÊUTICOS S.A.,2,nao
OCTAGAM,OCTAGAM,Biológico,OCTAPHARMA BRASIL LTDA,6,nao
OCTALBIN,OCTALBIN,Biológico,OCTAPHARMA BRASIL LTDA,1,nao
OCTANINE F,OCTANINE F,Biológico,OCTAPHARMA BRASIL LTDA,3,nao
OCTAPLEX,OCTAPLEX,Biológico,OCTAPHARMA BRASIL LTDA,2,nao
OCTAVI SDOPTIMUM,OCTAVI SDOPTIMUM,Biológico,OCTAPHARMA BRASIL LTDA,3,nao
OCTIFEN,OCTIFEN,Similar,UNIÃO QUÍMICA FARMACÊUTICA NACIONAL S/A,1,nao
OCTRIDE,OCTRIDE,Similar,SUN FARMACÊUTICA DO BRASIL LTDA,1,nao
OCUBIN,OCUBIN,Similar,EMS SIGMA PHARMA LTDA,2,nao
OCUPRESS,OCUPRESS,Similar,UNIÃO QUÍMICA FARMACÊUTICA NACIONAL S/A,1,nao
OCUTIL,OCUTIL,Similar,GEOLAB INDÚSTRIA FARMACÊUTICA S/A,1,nao
OCYLIN,OCYLIN,Similar,MULTILAB INDUSTRIA E COMERCIO DE PRODUTOS FARMACEUTICOS LTDA,4,nao
OESTROGEL,OESTROGEL,Novo,BESINS HEALTHCARE BRASIL COMERCIAL E DISTRIBUIDORA DE MEDICAMENTOS LTDA,1,nao
OFEV,OFEV,Novo,BOEHRINGER INGELHEIM DO BRASIL QUIMICA E FARMACEUTICA LTDA.,2,nao
OFLOX,OFLOX,Novo,ALLERGAN PRODUTOS FARMACÊUTICOS LTDA,1,nao
OFTALMOX,OFTALMOX,Similar,GEOLAB INDÚSTRIA FARMACÊUTICA S/A,1,nao
OFTPRED,OFTPRED,Similar,CRISTÁLIA PRODUTOS QUÍMICOS FARMACÊUTICOS LTDA.,1,nao
OHDE CAPS,OHDE CAPS,Específico,EUROFARMA LABORATORIOS S.A.,5,nao
OJJAARA,OJJAARA,Novo,GLAXOSMITHKLINE BRASIL LTDA,3,nao
OKÓTICO,OKOTICO,Similar,SUPERA FARMA LABORATÓRIOS S.A,2,nao
OKSANA,OKSANA,Similar,RANBAXY FARMACÊUTICA LTDA,2,nao
OLANEXYN,OLANEXYN,Similar,ACHÉ LABORATÓRIOS FARMACÊUTICOS S.A,8,nao
OLANZYS,OLANZYS,Similar,BIOLAB SANUS FARMACEUTICA LTDA,3,nao
OLEPTAL,OLEPTAL,Similar,TORRENT DO BRASIL LTDA,9,nao
OLIG-TRAT,OLIG TRAT,Específico,VASCONCELOS INDUSTRIA FARMACEUTICA E COMERCIO LTDA,2,nao
OLIMEL,OLIMEL,Específico,BAXTER HOSPITALAR LTDA,9,nao
OLIRE,OLIRE,Novo,EMS S/A,3,nao
OLIZU,OLIZU,Biológico,ABBOTT LABORATORIOS DO BRASIL LTDA,1,nao
OLMECOR,OLMECOR,Similar,TORRENT DO BRASIL LTDA,8,nao
OLMECOR HCT,OLMECOR HCT,Similar,TORRENT DO BRASIL LTDA,6,nao
OLMECOR TRIPLO,OLMECOR TRIPLO,Novo,TORRENT DO BRASIL LTDA,9,nao
OLMEDIX,OLMEDIX,Similar,EMS S/A,10,nao
OLMEDIX HCT,OLMEDIX HCT,Similar,EMS S/A,11,nao
OLMEGRAN,OLMEGRAN,Similar,LEGRAND PHARMA INDUSTRIA FARMACEUTICA LTDA,10,nao
OLMEGRAN HCT,OLMEGRAN HCT,Similar,LEGRAND PHARMA INDUSTRIA FARMACEUTICA LTDA,12,nao
OLMETEC,OLMETEC,Novo,PFIZER BRASIL LTDA,3,nao
OLMETECANLO,OLMETECANLO,Similar,PFIZER BRASIL LTDA,4,nao
OLMY,OLMY,Similar,EMS SIGMA PHARMA LTDA,10,nao
OLMY ANLO,OLMY ANLO,Similar,EMS SIGMA PHARMA LTDA,8,nao
OLMY HCT,OLMY HCT,Similar,EMS SIGMA PHARMA LTDA,12,nao
OLOP,OLOP,Similar,GEOLAB INDÚSTRIA FARMACÊUTICA S/A,2,nao
OLSAR,OLSAR,Similar,EUROFARMA LABORATORIOS S.A.,6,nao
OLSAR H,OLSAR H,Similar,EUROFARMA LABORATORIOS S.A.,9,nao
OLUMIANT,OLUMIANT,Novo,ELI LILLY DO BRASIL LTDA,2,nao
OLZICAR ANLO,OLZICAR ANLO,Similar,COSMED INDUSTRIA DE COSMETICOS E MEDICAMENTOS S.A.,6,nao
OLZICAR HCT,OLZICAR HCT,Similar,COSMED INDUSTRIA DE COSMETICOS E MEDICAMENTOS S.A.,6,nao
OMBET,OMBET,Similar,ACHÉ LABORATÓRIOS FARMACÊUTICOS S.A,2,nao
OMCILON A,OMCILON A,Novo,ASPEN PHARMA INDÚSTRIA FARMACÊUTICA LTDA,1,nao
OMEGAVEN,OMEGAVEN,Específico,FRESENIUS KABI BRASIL LTDA,4,nao
OMENAX,OMENAX,Similar,GEOLAB INDÚSTRIA FARMACÊUTICA S/A,2,nao
OMEPRAMIX,OMEPRAMIX,Similar,ACHÉ LABORATÓRIOS FARMACÊUTICOS S.A,3,nao
OMIZE,OMIZE,Específico,LIBBS FARMACÊUTICA LTDA,1,nao
OMLYCLO,OMLYCLO,Biológico,CELLTRION HEALTHCARE DISTRIBUICAO DE PRODUTOS FARMACEUTICOS DOS BRASIL LTDA,2,nao
OMNARIS,OMNARIS,Novo,MOKSHA8 BRASIL INDUSTRIA E COMERCIO DE MEDICAMENTOS LTDA,1,nao
OMNIC OCAS,OMNIC OCAS,Similar,ASTELLAS FARMA BRASIL IMPORTAÇÃO E DISTRIBUIÇÃO DE MEDICAMENTOS LTDA.,3,nao
OMNIPAQUE,OMNIPAQUE,Novo,GE HEALTHCARE DO BRASIL COMERCIO E SERVICOS PARA EQUIPAMENTOS MEDICO-HOSPITALARES LTDA,12,nao
OMNISCAN,OMNISCAN,Novo,GE HEALTHCARE DO BRASIL COMERCIO E SERVICOS PARA EQUIPAMENTOS MEDICO-HOSPITALARES LTDA,6,nao
OMNITROPE,OMNITROPE,Biológico,SANDOZ DO BRASIL INDÚSTRIA FARMACÊUTICA LTDA,2,nao
OMOPREL,OMOPREL,Similar,BELFAR LTDA,4,nao
OMVOH,OMVOH,Biológico,ELI LILLY DO BRASIL LTDA,3,nao
ONADYV,ONADYV,Similar,PHARLAB INDÚSTRIA FARMACÊUTICA S.A.,2,nao
ONAZ,ONAZ,Similar,PRATI DONADUZZI & CIA LTDA,5,nao
ONBRIZE,ONBRIZE,Novo,NOVARTIS BIOCIENCIAS S.A,2,nao
ONCASPAR,ONCASPAR,Biológico,LABORATORIOS SERVIER DO BRASIL LTDA,2,nao
ONCICREM-A,ONCICREM A,Similar,GEOLAB INDÚSTRIA FARMACÊUTICA S/A,1,nao
ONCILEG,ONCILEG,Similar,LEGRAND PHARMA INDUSTRIA FARMACEUTICA LTDA,2,nao
ONCILEG-A,ONCILEG A,Similar,LEGRAND PHARMA INDUSTRIA FARMACEUTICA LTDA,1,nao
ONCILEG CORT,ONCILEG CORT,Similar,LEGRAND PHARMA INDUSTRIA FARMACEUTICA LTDA,1,nao
ONDAALIVE,ONDAALIVE,Similar,LABORATORIO GLOBO SA,2,nao
ONDAVON,ONDAVON,Similar,BRAINFARMA INDÚSTRIA QUÍMICA E FARMACÊUTICA S.A,4,nao
ONDIF,ONDIF,Novo,COSMED INDUSTRIA DE COSMETICOS E MEDICAMENTOS S.A.,4,nao
ONDRAU,ONDRAU,Similar,GEOLAB INDÚSTRIA FARMACÊUTICA S/A,2,nao
ONDSET INJ,ONDSET INJ,Similar,UNIÃO QUÍMICA FARMACÊUTICA NACIONAL S/A,2,nao
ONDSET ODT,ONDSET ODT,Similar,UNIÃO QUÍMICA FARMACÊUTICA NACIONAL S/A,4,nao
ONDSET SOLUÇÃO ORAL,ONDSET SOLUCAO ORAL,Novo,UNIÃO QUÍMICA FARMACÊUTICA NACIONAL S/A,3,nao
ONEGRIPE,ONEGRIPE,Similar,1FARMA INDUSTRIA FARMACEUTICA LTDA,2,nao
ONGLYZA,ONGLYZA,Novo,ASTRAZENECA DO BRASIL LTDA,2,nao
ONICIT,ONICIT,Novo,UNITED MEDICAL LTDA,2,nao
ONICORYL,ONICORYL,Similar,GERMED FARMACEUTICA LTDA,1,nao
ONIVYDE,ONIVYDE,Novo,LABORATORIOS SERVIER DO BRASIL LTDA,1,nao
ONO,ONO,Novo,SUN FARMACÊUTICA DO BRASIL LTDA,4,nao
ONPATTRO,ONPATTRO,Novo,SPECIALTY PHARMA GOIAS LTDA,1,nao
ONTAX,ONTAX,Similar,LIBBS FARMACÊUTICA LTDA,7,nao
ONTRAX,ONTRAX,Similar,BLAU FARMACEUTICA S.A.,2,nao
ONTRUZANT,ONTRUZANT,Biológico,SAMSUNG BIOEPIS BR PHARMACEUTICAL LTDA.,2,nao
ONUA,ONUA,Similar,FARMOQUÍMICA S/A,2,nao
ONZUK,ONZUK,Similar,DIFFUCAP - CHEMOBRÁS QUÍMICA E FARMACÊUTICA LTDA,3,nao
OPDIVO,OPDIVO,Biológico,BRISTOL-MYERS SQUIBB FARMACÊUTICA LTDA,3,nao
OPDUALAG,OPDUALAG,Biológico,BRISTOL-MYERS SQUIBB FARMACÊUTICA LTDA,1,nao
OPHTCOL,OPHTCOL,Similar,OPHTHALMOS LTDA,1,nao
OPONAP®,OPONAP,Similar,CAMBER FARMACEUTICA LTDA,3,nao
OPPY,OPPY,Similar,LABORATORIO TEUTO BRASILEIRO S/A,2,nao
OPRAZON,OPRAZON,Similar,BLAU FARMACEUTICA S.A.,1,nao
OPTAFLAN,OPTAFLAN,Similar,GALLIA INDUSTRIA FARMACEUTICA LTDA,1,nao
OPTARY,OPTARY,Similar,ACHÉ LABORATÓRIOS FARMACÊUTICOS S.A,2,nao
OPTHAAC 40,OPTHAAC 40,Novo,OPHTHALMOS LTDA,1,nao
OPTI,OPTI,Similar,UNIÃO QUÍMICA FARMACÊUTICA NACIONAL S/A,1,nao
OPTILAR,OPTILAR,Similar,GEOLAB INDÚSTRIA FARMACÊUTICA S/A,3,nao
OPTINÓVIS,OPTINOVIS,Biológico,BIONOVIS S.A. - COMPANHIA BRASILEIRA DE BIOTECNOLOGIA FARMACEUTICA,2,nao
OPTIRAY,OPTIRAY,Novo,GUERBET IMAGEM DO BRASIL LTDA | GUERBET PRODUTOS RADIOLÓGICOS LTDA,20,nao
ORALZ,ORALZ,Específico,BIOLAB SANUS FARMACEUTICA LTDA,1,nao
ORBIFLOX,ORBIFLOX,Similar,GEOLAB INDÚSTRIA FARMACÊUTICA S/A,1,nao
ORENCIA,ORENCIA,Biológico,BRISTOL-MYERS SQUIBB FARMACÊUTICA LTDA,2,nao
ORFADIN,ORFADIN,Novo,INNOVATIVE MEDICINES BRASIL SP DISTRIBUICAO DE MEDICAMENTOS LTDA,5,nao
ORGALUTRAN,ORGALUTRAN,Novo,ORGANON FARMACEUTICA LTDA.,1,nao
ORGANONEURO CEREBRAL,ORGANONEURO CEREBRAL,Específico,LABORATÓRIO GROSS S. A.,2,nao
ORKAMBI,ORKAMBI,Novo,VERTEX FARMACEUTICA DO BRASIL LTDA.,4,nao
ORLADEYO,ORLADEYO,Novo,PINT PHARMA PRODUTOS MEDICO-HOSPITALARES E FARMACEUTICOS LTDA,1,nao
ORLAX,ORLAX,Similar,ACCORD FARMACÊUTICA LTDA,2,nao
ORLIBE,ORLIBE,Similar,PRATI DONADUZZI & CIA LTDA,9,nao
ORLIPID,ORLIPID,Similar,EMS SIGMA PHARMA LTDA,2,nao
OROXADIN,OROXADIN,Novo,SANOFI MEDLEY FARMACÊUTICA LTDA.,1,nao
ORTOSAMIN,ORTOSAMIN,Similar,MULTILAB INDUSTRIA E COMERCIO DE PRODUTOS FARMACEUTICOS LTDA,1,nao
OSAMY,OSAMY,Similar,ACHÉ LABORATÓRIOS FARMACÊUTICOS S.A,7,nao
OSCAL 500,OSCAL 500,Específico,SANOFI MEDLEY FARMACÊUTICA LTDA.,1,nao
OSCAL D,OSCAL D,Específico,SANOFI MEDLEY FARMACÊUTICA LTDA.,1,nao
OSELFLU,OSELFLU,Similar,NATCOFARMA DO BRASIL LTDA,3,nao
OSELGUARD,OSELGUARD,Similar,HEMAFARMA COM. E IND. FARM. LTDA,3,nao
OSTEOBAN,OSTEOBAN,Similar,ACHÉ LABORATÓRIOS FARMACÊUTICOS S.A,2,nao
OSTEOBLOCK,OSTEOBLOCK,Similar,GERMED FARMACEUTICA LTDA,2,nao
OSTEOFAR,OSTEOFAR,Similar,LABORATÓRIO FARMACÊUTICO ELOFAR LTDA,2,nao
OSTEOFIX,OSTEOFIX,Específico,NATULAB LABORATORIO S.A,4,nao
OSTEOFORM,OSTEOFORM,Similar,EMS SIGMA PHARMA LTDA,2,nao
OSTEOTEC,OSTEOTEC,Similar,ADIUM S.A.,2,nao
OSTEOTRAT,OSTEOTRAT,Similar,ACHÉ LABORATÓRIOS FARMACÊUTICOS S.A,3,nao
OSTEOTRAT XR,OSTEOTRAT XR,Similar,ACHÉ LABORATÓRIOS FARMACÊUTICOS S.A,1,nao
OSTRAZIL,OSTRAZIL,Similar,LABORATORIO TEUTO BRASILEIRO S/A,1,nao
OSTRIOL,OSTRIOL,Similar,ASPEN PHARMA INDÚSTRIA FARMACÊUTICA LTDA,1,nao
OTO BETNOVATE,OTO BETNOVATE,Novo,FARMOQUÍMICA S/A,1,nao
OTO - XILODASE,OTO XILODASE,Novo,APSEN FARMACEUTICA S/A,1,nao
OTOCIRIAX,OTOCIRIAX,Similar,FARMOQUÍMICA S/A,1,nao
OTOMIXYN,OTOMIXYN,Similar,EMS S/A,1,nao
OTOSPORIN,OTOSPORIN,Novo,FARMOQUÍMICA S/A,1,nao
OTOSYLASE,OTOSYLASE,Similar,GEOLAB INDÚSTRIA FARMACÊUTICA S/A,2,nao
OVESTRION,OVESTRION,Novo,MERCK SHARP & DOHME FARMACEUTICA LTDA.,2,nao
OXA,OXA,Similar,ACCORD FARMACÊUTICA LTDA,3,nao
OXA-PLATIN,OXA PLATIN,Similar,BLAU FARMACEUTICA S.A.,4,nao
OXACILIL,OXACILIL,Similar,FRESENIUS KABI BRASIL LTDA,1,nao
OXALIBBS,OXALIBBS,Similar,LIBBS FARMACÊUTICA LTDA,2,nao
OXANON,OXANON,Similar,BLAU FARMACEUTICA S.A.,2,nao
OXCARB,OXCARB,Similar,UNIÃO QUÍMICA FARMACÊUTICA NACIONAL S/A,1,nao
OXCENE,OXCENE,Similar,ACHÉ LABORATÓRIOS FARMACÊUTICOS S.A,12,nao
OXIMAX,OXIMAX,Novo,COSMED INDUSTRIA DE COSMETICOS E MEDICAMENTOS S.A.,4,nao
OXINEST,OXINEST,Similar,CRISTÁLIA PRODUTOS QUÍMICOS FARMACÊUTICOS LTDA.,1,nao
OXIPELLE,OXIPELLE,Similar,MEDQUIMICA INDUSTRIA FARMACEUTICA LTDA.,2,nao
OXITON,OXITON,Similar,UNIÃO QUÍMICA FARMACÊUTICA NACIONAL S/A,1,nao
OXLUMO,OXLUMO,Novo,SPECIALTY PHARMA GOIAS LTDA,1,nao
OXOTRON,OXOTRON,Similar,ACHÉ LABORATÓRIOS FARMACÊUTICOS S.A,3,nao
OXSORALEN,OXSORALEN,Similar,BL INDÚSTRIA OTICA LTDA,1,nao
OXYCONTIN,OXYCONTIN,Novo,MUNDIPHARMA BRASIL PRODUTOS MÉDICOS E FARMACÊUTICOS LTDA,4,nao
OXYDERME,OXYDERME,Similar,CIFARMA CIENTÍFICA FARMACÊUTICA LTDA,1,nao
OXYNORM ®,OXYNORM,Novo,MUNDIPHARMA BRASIL PRODUTOS MÉDICOS E FARMACÊUTICOS LTDA,2,nao
OXYPYNAL,OXYPYNAL,Similar,ADIUM S.A.,5,nao
OZ,OZ,Similar,SUN FARMACÊUTICA DO BRASIL LTDA,1,nao
OZEMPIC,OZEMPIC,Biológico,NOVO NORDISK FARMACÊUTICA DO BRASIL LTDA,4,nao
OZIVY,OZIVY,Novo,EMS S/A,4,nao
OZURDEX,OZURDEX,Novo,ABBVIE FARMACÊUTICA LTDA.,1,nao
PABEXHY,PABEXHY,Similar,BRAINFARMA INDÚSTRIA QUÍMICA E FARMACÊUTICA S.A,1,nao
PACO,PACO,Similar,EUROFARMA LABORATORIOS S.A.,4,nao
PADCEV,PADCEV,Biológico,ADIUM S.A. | PFIZER BRASIL LTDA,4,nao
PALEXIS,PALEXIS,Novo,GRÜNENTHAL DO BRASIL FARMACÊUTICA LTDA.,9,nao
PALEXIS® LP,PALEXIS LP,Novo,GRÜNENTHAL DO BRASIL FARMACÊUTICA LTDA.,7,nao
PALOCYT,PALOCYT,Similar,ACCORD FARMACÊUTICA LTDA,1,nao
PALYNZIQ,PALYNZIQ,Biológico,BIOMARIN BRASIL FARMACÊUTICA LTDA,3,nao
PAMELOR,PAMELOR,Novo,CELLERA FARMACEUTICA S.A.,5,nao
PAMERGAN,PAMERGAN,Similar,CRISTÁLIA PRODUTOS QUÍMICOS FARMACÊUTICOS LTDA.,3,nao
PAMFER,PAMFER,Específico,ACHÉ LABORATÓRIOS FARMACÊUTICOS S.A,3,nao
PAMIDROM,PAMIDROM,Similar,CRISTÁLIA PRODUTOS QUÍMICOS FARMACÊUTICOS LTDA.,2,nao
PANCURON,PANCURON,Similar,CRISTÁLIA PRODUTOS QUÍMICOS FARMACÊUTICOS LTDA.,1,nao
PANGASTRI,PANGASTRI,Similar,UNIÃO QUÍMICA FARMACÊUTICA NACIONAL S/A,2,nao
PANHEMATIN,PANHEMATIN,Biológico,RECORDATI RARE DISEASES COMÉRCIO DE MEDICAMENTOS LTDA - ME,1,nao
PANT,PANT,Similar,ACHÉ LABORATÓRIOS FARMACÊUTICOS S.A,5,nao
PANT SEC,PANT SEC,Similar,ACHÉ LABORATÓRIOS FARMACÊUTICOS S.A,5,nao
PANTASUN,PANTASUN,Similar,SUN FARMACÊUTICA DO BRASIL LTDA,1,nao
PANTIUM,PANTIUM,Similar,ACCORD FARMACÊUTICA LTDA,3,nao
PANTOCAL,PANTOCAL,Similar,EUROFARMA LABORATORIOS S.A.,7,nao
PANTODEX,PANTODEX,Específico,GEOLAB INDÚSTRIA FARMACÊUTICA S/A,1,nao
PANTOGAR,PANTOGAR,Específico,BIOLAB SANUS FARMACEUTICA LTDA,4,nao
PANTOMIX,PANTOMIX,Similar,ACHÉ LABORATÓRIOS FARMACÊUTICOS S.A,3,nao
PANTOPAZ,PANTOPAZ,Similar,SANDOZ DO BRASIL INDÚSTRIA FARMACÊUTICA LTDA,2,nao
PANTOZOL,PANTOZOL,Novo,TAKEDA PHARMA LTDA.,9,nao
PANZYGA,PANZYGA,Biológico,OCTAPHARMA BRASIL LTDA,1,nao
PAPILUP,PAPILUP,Similar,GERMED FARMACEUTICA LTDA,4,nao
PARAGRIPE,PARAGRIPE,Similar,NATULAB LABORATORIO S.A,2,nao
PARALGEN,PARALGEN,Similar,LEGRAND PHARMA INDUSTRIA FARMACEUTICA LTDA,1,nao
PARARTRIN,PARARTRIN,Similar,CAZI QUIMICA FARMACEUTICA INDUSTRIA E COMERCIO LTDA,2,nao
PARASIN,PARASIN,Similar,ACHÉ LABORATÓRIOS FARMACÊUTICOS S.A,2,nao
PARATRAM,PARATRAM,Novo,ADIUM S.A.,3,nao
PARINEX,PARINEX,Biológico,HIPOLABOR FARMACEUTICA LTDA,2,nao
PARKIDOPA,PARKIDOPA,Similar,CRISTÁLIA PRODUTOS QUÍMICOS FARMACÊUTICOS LTDA.,2,nao
PARNATE,PARNATE,Similar,GLAXOSMITHKLINE BRASIL LTDA,1,nao
PAROX,PAROX,Similar,LABORATORIO TEUTO BRASILEIRO S/A,1,nao
PARVULAN,PARVULAN,Biológico,LABORATÓRIO DE EXTRATOS ALERGÊNICOS LTDA,1,nao
PARZO,PARZO,Similar,ACHÉ LABORATÓRIOS FARMACÊUTICOS S.A,4,nao
PASALIX,PASALIX,Fitoterápico,MARJAN INDÚSTRIA E COMÉRCIO LTDA,3,nao
PASALIX PI,PASALIX PI,Fitoterápico,MARJAN INDÚSTRIA E COMÉRCIO LTDA,6,nao
PASSAJÁ,PASSAJA,Similar,FARMABRAZ BETA ATALAIA FARMACEUTICA LTDA,1,nao
PASSARE,PASSARE,Específico,EMS S/A,9,nao
PASSIFLORA KLEIN,PASSIFLORA KLEIN,Fitoterápico,VIDORA FARMACEUTICA LTDA,1,nao
PASTILHAS CEPACOL,PASTILHAS CEPACOL,Similar,COSMED INDUSTRIA DE COSMETICOS E MEDICAMENTOS S.A.,2,nao
PATANOL,PATANOL,Novo,NOVARTIS BIOCIENCIAS S.A,2,nao
PATZ CR,PATZ CR,Similar,EMS SIGMA PHARMA LTDA,6,nao
PATZ GTS,PATZ GTS,Novo,EMS SIGMA PHARMA LTDA,1,nao
PATZ SL,PATZ SL,Novo,EMS SIGMA PHARMA LTDA,11,nao
PAUSEFEMME,PAUSEFEMME,Fitoterápico,NATULAB LABORATORIO S.A,1,nao
PAVBLU,PAVBLU,Biológico,AMGEN BIOTECNOLOGIA DO BRASIL LTDA.,1,nao
PAXIBE,PAXIBE,Similar,EUROFARMA LABORATORIOS S.A.,1,nao
PAXIL CR,PAXIL CR,Novo,GLAXOSMITHKLINE BRASIL LTDA,4,nao
PAXLOVID,PAXLOVID,Novo,PFIZER BRASIL LTDA,1,nao
PAXORAL,PAXORAL,Biológico,APSEN FARMACEUTICA S/A,2,nao
PAXTRAT,PAXTRAT,Similar,UNIÃO QUÍMICA FARMACÊUTICA NACIONAL S/A,2,nao
PAZOVANT,PAZOVANT,Similar,SUN FARMACÊUTICA DO BRASIL LTDA,2,nao
PEDIALYTE MAX,PEDIALYTE MAX,Específico,ABBOTT LABORATORIOS DO BRASIL LTDA,4,nao
PEDIDERM,PEDIDERM,Similar,CIFARMA CIENTÍFICA FARMACÊUTICA LTDA,2,nao
PEDILETAN,PEDILETAN,Similar,CIMED INDUSTRIA S.A,1,nao
PEGASYS,PEGASYS,Biológico,INNOVATIVE MEDICINES BRASIL SP DISTRIBUICAO DE MEDICAMENTOS LTDA,1,nao
PEGNEUCYTE,PEGNEUCYTE,Biológico,LABORATORIO TEUTO BRASILEIRO S/A,1,nao
PEGTIMA,PEGTIMA,Biológico,BIONOVIS S.A. - COMPANHIA BRASILEIRA DE BIOTECNOLOGIA FARMACEUTICA,1,nao
PELGRAZ,PELGRAZ,Biológico,ACCORD FARMACÊUTICA LTDA,2,nao
PEMAZYRE,PEMAZYRE,Novo,UNITED MEDICAL LTDA,3,nao
PEMDIA,PEMDIA,Novo,TEVA FARMACÊUTICA LTDA.,2,nao
PEMEGLENN,PEMEGLENN,Similar,GLENMARK FARMACÊUTICA LTDA,2,nao
PEMTRYX,PEMTRYX,Similar,ACCORD FARMACÊUTICA LTDA,1,nao
PEN-VE-ORAL,PEN VE ORAL,Novo,EUROFARMA LABORATORIOS S.A.,2,nao
PENETRO,PENETRO,Similar,MEGALABS FARMACEUTICA S.A.,1,nao
PENKARON,PENKARON,Similar,BLAU FARMACEUTICA S.A.,3,nao
PENTAGLOBIN,PENTAGLOBIN,Novo,BIOTEST FARMACÊUTICA LTDA | GRIFOLS BRASIL LTDA,5,nao
PENTALAC,PENTALAC,Específico,BELFAR LTDA,2,nao
PENTASA,PENTASA,Novo,LABORATÓRIOS FERRING LTDA,6,nao
PENTAXIM,PENTAXIM,Biológico,SANOFI MEDLEY FARMACÊUTICA LTDA.,2,nao
PENVIR,PENVIR,Similar,EMS SIGMA PHARMA LTDA,2,nao
PENVIR LÁBIA,PENVIR LABIA,Similar,EMS SIGMA PHARMA LTDA,1,nao
PEPSAMAR,PEPSAMAR,Específico,BRAINFARMA INDÚSTRIA QUÍMICA E FARMACÊUTICA S.A | SANOFI MEDLEY FARMACÊUTICA LTDA.,4,nao
PEPSOGEL,PEPSOGEL,Específico,LEGRAND PHARMA INDUSTRIA FARMACEUTICA LTDA,1,nao
PERCOF,PERCOF,Similar,EUROFARMA LABORATORIOS S.A.,1,nao
PERCOIDE,PERCOIDE,Similar,EUROFARMA LABORATORIOS S.A.,6,nao
PERFENOL,PERFENOL,Similar,UNIÃO QUÍMICA FARMACÊUTICA NACIONAL S/A,1,nao
PERFENOL MULTI,PERFENOL MULTI,Similar,UNIÃO QUÍMICA FARMACÊUTICA NACIONAL S/A,1,nao
PERGO,PERGO,Similar,EUROFARMA LABORATORIOS S.A.,1,nao
PERGOVERIS,PERGOVERIS,Biológico,MERCK S/A,4,nao
PERIDAL,PERIDAL,Similar,COSMED INDUSTRIA DE COSMETICOS E MEDICAMENTOS S.A.,3,nao
PERITOSTERIL,PERITOSTERIL,Específico,FRESENIUS MEDICAL CARE LTDA,19,nao
PERIVASC,PERIVASC,Específico,EUROFARMA LABORATORIOS S.A.,4,nao
PERJETA,PERJETA,Biológico,PRODUTOS ROCHE QUÍMICOS E FARMACÊUTICOS S.A.,1,nao
PERJETA HER,PERJETA HER,Biológico,PRODUTOS ROCHE QUÍMICOS E FARMACÊUTICOS S.A.,1,nao
PERLID,PERLID,Similar,PRATI DONADUZZI & CIA LTDA,15,nao
PERLUMES,PERLUMES,Similar,LEGRAND PHARMA INDUSTRIA FARMACEUTICA LTDA,1,nao
PERMEAR,PERMEAR,Fitoterápico,MARJAN INDÚSTRIA E COMÉRCIO LTDA,2,nao
PERMENATI,PERMENATI,Similar,NATIVITA IND. COM. LTDA.,4,nao
PERMESE,PERMESE,Similar,EUROFARMA LABORATORIOS S.A.,1,nao
PÉROLA,PEROLA,Similar,ORGANON FARMACEUTICA LTDA.,2,nao
PERSUR,PERSUR,Similar,COSMED INDUSTRIA DE COSMETICOS E MEDICAMENTOS S.A.,5,nao
PETAMIG,PETAMIG,Fitoterápico,HERBARIUM LABORATORIO BOTANICO LTDA,1,nao
PETIVIT BC,PETIVIT BC,Similar,BRASTERAPICA PHARMACEUTICA LTDA.,2,nao
PEYONA,PEYONA,Novo,CHIESI FARMACÊUTICA LTDA,1,nao
PHESGO,PHESGO,Biológico,PRODUTOS ROCHE QUÍMICOS E FARMACÊUTICOS S.A.,2,nao
PHITOSS,PHITOSS,Fitoterápico,BRASTERAPICA PHARMACEUTICA LTDA.,3,nao
PHOXILIUM,PHOXILIUM,Específico,BAXTER HOSPITALAR LTDA,1,nao
PIASCLEDINE,PIASCLEDINE,Fitoterápico,ABBOTT LABORATORIOS DO BRASIL LTDA,3,nao
PIASKY,PIASKY,Biológico,PRODUTOS ROCHE QUÍMICOS E FARMACÊUTICOS S.A.,1,nao
PICBAM,PICBAM,Similar,COSMED INDUSTRIA DE COSMETICOS E MEDICAMENTOS S.A.,6,nao
PICOPREP,PICOPREP,Novo,LABORATÓRIOS FERRING LTDA,1,nao
PIELUS MX,PIELUS MX,Similar,COSMED INDUSTRIA DE COSMETICOS E MEDICAMENTOS S.A.,3,nao
PIEMONTE,PIEMONTE,Similar,EUROFARMA LABORATORIOS S.A.,9,nao
PIETRA ED,PIETRA ED,Similar,EUROFARMA LABORATORIOS S.A.,2,nao
PILEM,PILEM,Similar,UNIÃO QUÍMICA FARMACÊUTICA NACIONAL S/A,1,nao
PILOCAN,PILOCAN,Similar,CRISTÁLIA PRODUTOS QUÍMICOS FARMACÊUTICOS LTDA.,1,nao
PILOCARPINA,PILOCARPINA,Novo,ALLERGAN PRODUTOS FARMACÊUTICOS LTDA,3,nao
PILOX,PILOX,Similar,EUROFARMA LABORATORIOS S.A.,2,nao
PÍLULAS DE ERVA DE BICHO COMPOSTAS IMESCARD,PILULAS DE ERVA DE BICHO COMPOSTAS IMESCARD,Fitoterápico,LABORATÓRIOS OSÓRIO DE MORAES LTDA,1,nao
PILULAS DE LUSSEN,PILULAS DE LUSSEN,Novo,LABORATÓRIOS OSÓRIO DE MORAES LTDA,1,nao
PINAZAN,PINAZAN,Similar,CRISTÁLIA PRODUTOS QUÍMICOS FARMACÊUTICOS LTDA.,5,nao
PIOLETAL,PIOLETAL,Similar,CELLERA FARMACEUTICA S.A.,2,nao
PIOLIXINA,PIOLIXINA,Similar,IFAL INDUSTRIA E COMERCIO DE PRODUTOS FARMAC LTDA,4,nao
PIOMI,PIOMI,Similar,MYRALIS INDUSTRIA FARMACEUTICA LTDA,21,nao
PIOSAN,PIOSAN,Similar,BELFAR LTDA,1,nao
PIOTAZ,PIOTAZ,Similar,GERMED FARMACEUTICA LTDA,9,nao
PIPERAZAM,PIPERAZAM,Similar,BLAU FARMACEUTICA S.A.,2,nao
PIPTA,PIPTA,Similar,LABORATORIO TEUTO BRASILEIRO S/A,2,nao
PIQRAY,PIQRAY,Novo,NOVARTIS BIOCIENCIAS S.A,5,nao
PISA,PISA,Similar,EUROFARMA LABORATORIOS S.A.,4,nao
PIVAST,PIVAST,Similar,EUROFARMA LABORATORIOS S.A.,2,nao
PLABEL,PLABEL,Similar,BELFAR LTDA,2,nao
PLAGREL,PLAGREL,Similar,SANDOZ DO BRASIL INDÚSTRIA FARMACÊUTICA LTDA,2,nao
PLAKETAR,PLAKETAR,Similar,BIOLAB SANUS FARMACEUTICA LTDA,1,nao
PLANTABEN,PLANTABEN,Fitoterápico,VIATRIS FARMACEUTICA DO BRASIL LTDA,2,nao
PLANTARE,PLANTARE,Fitoterápico,LEGRAND PHARMA INDUSTRIA FARMACEUTICA LTDA,2,nao
PLAQ,PLAQ,Similar,EUROFARMA LABORATORIOS S.A.,2,nao
PLAQUEVIX,PLAQUEVIX,Similar,EMS S/A,1,nao
PLAQUINOL,PLAQUINOL,Novo,SANOFI MEDLEY FARMACÊUTICA LTDA.,1,nao
PLASIL,PLASIL,Novo,SANOFI MEDLEY FARMACÊUTICA LTDA.,1,nao
PLASMA LYTE,PLASMA LYTE,Específico,BAXTER HOSPITALAR LTDA,1,nao
PLASMAFUNDIN,PLASMAFUNDIN,Específico,LABORATORIOS B. BRAUN S/A,1,nao
PLASMAISTAR,PLASMAISTAR,Específico,HALEX ISTAR INDUSTRIA FARMACEUTICA SA,1,nao
PLASMIN,PLASMIN,Específico,HALEX ISTAR INDUSTRIA FARMACEUTICA SA,1,nao
PLASMOVE,PLASMOVE,Fitoterápico,BIONATUS LABORATÓRIO BOTÂNICO LTDA | PHYTOLAB INDUSTRIA FARMACEUTICA LTDA - EPP,3,nao
PLAVINEO,PLAVINEO,Similar,BRAINFARMA INDÚSTRIA QUÍMICA E FARMACÊUTICA S.A,1,nao
PLAVIX,PLAVIX,Novo,SANOFI MEDLEY FARMACÊUTICA LTDA.,1,nao
PLENANCE,PLENANCE,Similar,LIBBS FARMACÊUTICA LTDA,8,nao
PLENANCE EZE,PLENANCE EZE,Novo,LIBBS FARMACÊUTICA LTDA,9,nao
PLENIGELL,PLENIGELL,Específico,CRISTÁLIA PRODUTOS QUÍMICOS FARMACÊUTICOS LTDA.,2,nao
PLESONAX,PLESONAX,Similar,BRAINFARMA INDÚSTRIA QUÍMICA E FARMACÊUTICA S.A,2,nao
PLEX-D3 VITAMIN,PLEX D3 VITAMIN,Específico,KLEY HERTZ FARMACEUTICA S.A,4,nao
PLEXEDEN,PLEXEDEN,Similar,LABORATORIO QUIMICO FARMACEUTICO BERGAMO LTDA,2,nao
PLURAIR,PLURAIR,Novo,LIBBS FARMACÊUTICA LTDA,2,nao
PLUSVAC,PLUSVAC,Biológico,LABORATÓRIO DE EXTRATOS ALERGÊNICOS LTDA,9,nao
PLUTO,PLUTO,Similar,SUN FARMACÊUTICA DO BRASIL LTDA,2,nao
PLUVICTO,PLUVICTO,Radiofármaco,NOVARTIS BIOCIENCIAS S.A,1,nao
PNEUMOVAX® 23,PNEUMOVAX 23,Novo,MERCK SHARP & DOHME FARMACEUTICA LTDA.,2,nao
POEMMY,POEMMY,Similar,LIBBS FARMACÊUTICA LTDA,1,nao
POKLI,POKLI,Similar,CAMBER FARMACEUTICA LTDA,3,nao
POLAPIC,POLAPIC,Similar,EMS S/A,1,nao
POLARADEX,POLARADEX,Similar,NATULAB LABORATORIO S.A,3,nao
POLARAMINE,POLARAMINE,Novo,COSMED INDUSTRIA DE COSMETICOS E MEDICAMENTOS S.A.,5,nao
POLARATUSS,POLARATUSS,Similar,CIFARMA CIENTÍFICA FARMACÊUTICA LTDA,1,nao
POLARAX,POLARAX,Similar,AIRELA INDÚSTRIA FARMACÊUTICA LTDA.,4,nao
POLAREN,POLAREN,Similar,CIFARMA CIENTÍFICA FARMACÊUTICA LTDA,3,nao
POLARMINPRO,POLARMINPRO,Similar,COSMED INDUSTRIA DE COSMETICOS E MEDICAMENTOS S.A.,2,nao
POLARYN,POLARYN,Similar,LABORATORIO TEUTO BRASILEIRO S/A,1,nao
POLICLAVUMOXIL,POLICLAVUMOXIL,Similar,EMS S/A,4,nao
POLICLAVUMOXIL BD,POLICLAVUMOXIL BD,Similar,EMS S/A,4,nao
POLIDERMS,POLIDERMS,Similar,UNIÃO QUÍMICA FARMACÊUTICA NACIONAL S/A,1,nao
POLIGNUTRI,POLIGNUTRI,Específico,VASCONCELOS INDUSTRIA FARMACEUTICA E COMERCIO LTDA,1,nao
POLIMOXIL,POLIMOXIL,Similar,LEGRAND PHARMA INDUSTRIA FARMACEUTICA LTDA,1,nao
POLIREUMIN,POLIREUMIN,Novo,TRB PHARMA INDUSTRIA QUIMICA E FARMACEUTICA LTDA,1,nao
POLIXIL B,POLIXIL B,Similar,VIATRIS FARMACEUTICA DO BRASIL LTDA,3,nao
POLOL,POLOL,Similar,GEOLAB INDÚSTRIA FARMACÊUTICA S/A,1,nao
POLTAX,POLTAX,Similar,GEOLAB INDÚSTRIA FARMACÊUTICA S/A,3,nao
POLVILHO ANTISSÉPTICO GRANADO,POLVILHO ANTISSEPTICO GRANADO,Novo,"CASA GRANADO LABORATÓRIOS, FARMÁCIAS E DROGARIAS S/A",5,nao
POLY B,POLY B,Similar,BLAU FARMACEUTICA S.A.,5,nao
POLYCID,POLYCID,Similar,UNIÃO QUÍMICA FARMACÊUTICA NACIONAL S/A,1,nao
POMADA DE ERVA DE BICHO ADRENALINA E HAMAMÉLIS COMPOSTA IMESCARD,POMADA DE ERVA DE BICHO ADRENALINA E HAMAMELIS COMPOSTA IMESCARD,Novo,LABORATÓRIOS OSÓRIO DE MORAES LTDA,1,nao
POMADA MINANCORA,POMADA MINANCORA,Novo,MINÂNCORA & CIA LTDA,1,nao
POMAGLÓS TRATAMENTO,POMAGLOS TRATAMENTO,Similar,EMS S/A,1,nao
POMALYST,POMALYST,Novo,BRISTOL-MYERS SQUIBB FARMACÊUTICA LTDA,8,nao
POMICINA,POMICINA,Similar,BELFAR LTDA,1,nao
PONDERA,PONDERA,Novo | Similar,EUROFARMA LABORATORIOS S.A.,14,nao
PONDERA XR,PONDERA XR,Similar,EUROFARMA LABORATORIOS S.A.,4,nao
PONSDRIL,PONSDRIL,Similar,LEGRAND PHARMA INDUSTRIA FARMACEUTICA LTDA,1,nao
PONSTAN,PONSTAN,Novo,PFIZER BRASIL LTDA,1,nao
POSICOR,POSICOR,Similar,BIOLAB SANUS FARMACEUTICA LTDA,2,nao
POSICOR SIN,POSICOR SIN,Similar,BIOLAB SANUS FARMACEUTICA LTDA,2,nao
POSLOV,POSLOV,Similar,CIFARMA CIENTÍFICA FARMACÊUTICA LTDA,1,nao
POSTEC,POSTEC,Novo,APSEN FARMACEUTICA S/A,2,nao
POSTINOR UNO,POSTINOR UNO,Similar,"GEDEON RICHTER DO BRASIL IMPORTADORA, EXPORTADORA E DISTRIBUIDORA S.A.",1,nao
POVIZTRA,POVIZTRA,Biológico,NOVO NORDISK FARMACÊUTICA DO BRASIL LTDA,5,nao
POZATO UNI,POZATO UNI,Novo,LIBBS FARMACÊUTICA LTDA,1,nao
PRAALERGIA,PRAALERGIA,Similar,CIMED INDUSTRIA S.A,2,nao
PRADAXA,PRADAXA,Novo,BOEHRINGER INGELHEIM DO BRASIL QUIMICA E FARMACEUTICA LTDA.,7,nao
PRAIVA,PRAIVA,Similar,EUROFARMA LABORATORIOS S.A.,2,nao
PRALÍVIO,PRALIVIO,Similar,CIMED INDUSTRIA S.A,2,nao
PRALUENT,PRALUENT,Biológico,SANOFI MEDLEY FARMACÊUTICA LTDA.,2,nao
PRANOLAL,PRANOLAL,Similar,CAZI QUIMICA FARMACEUTICA INDUSTRIA E COMERCIO LTDA,2,nao
PRATIDERM,PRATIDERM,Similar,PRATI DONADUZZI & CIA LTDA,2,nao
PRATIPRAZOL,PRATIPRAZOL,Similar,PRATI DONADUZZI & CIA LTDA,16,nao
PRAXBIND,PRAXBIND,Biológico,BOEHRINGER INGELHEIM DO BRASIL QUIMICA E FARMACEUTICA LTDA.,1,nao
PRAZOL,PRAZOL,Similar,SANOFI MEDLEY FARMACÊUTICA LTDA.,2,nao
PRAZY,PRAZY,Similar,LEGRAND PHARMA INDUSTRIA FARMACEUTICA LTDA,10,nao
PRÉ-FOLIC,PRE FOLIC,Específico,LABORATÓRIO FARMACÊUTICO ELOFAR LTDA,1,nao
PREBICTAL,PREBICTAL,Novo | Similar,ADIUM S.A.,14,nao
PRECEDEX,PRECEDEX,Novo,PFIZER BRASIL LTDA,2,nao
PRED,PRED,Novo,ALLERGAN PRODUTOS FARMACÊUTICOS LTDA,3,nao
PRED-GRAN,PRED GRAN,Similar,LEGRAND PHARMA INDUSTRIA FARMACEUTICA LTDA,1,nao
PREDCORT,PREDCORT,Similar,VITAMEDIC INDUSTRIA FARMACEUTICA LTDA,2,nao
PREDI-MEDROL,PREDI MEDROL,Similar,UNIÃO QUÍMICA FARMACÊUTICA NACIONAL S/A,1,nao
PREDINIS,PREDINIS,Similar,LEGRAND PHARMA INDUSTRIA FARMACEUTICA LTDA,1,nao
PREDMICIN,PREDMICIN,Novo,EMS S/A,1,nao
PREDOPTIC,PREDOPTIC,Similar,GEOLAB INDÚSTRIA FARMACÊUTICA S/A,1,nao
PREDSIGMA,PREDSIGMA,Similar,MULTILAB INDUSTRIA E COMERCIO DE PRODUTOS FARMACEUTICOS LTDA,2,nao
PREDSIM,PREDSIM,Novo | Similar,COSMED INDUSTRIA DE COSMETICOS E MEDICAMENTOS S.A.,17,nao
PREDSIM ODT,PREDSIM ODT,Novo,COSMED INDUSTRIA DE COSMETICOS E MEDICAMENTOS S.A.,2,nao
PREFISS,PREFISS,Similar,FARMOQUÍMICA S/A,3,nao
PREG-LESS,PREG LESS,Similar,EMS SIGMA PHARMA LTDA,1,nao
PREGALPHA,PREGALPHA,Similar,TORRENT DO BRASIL LTDA,4,nao
PREGNOLAN,PREGNOLAN,Similar,CIFARMA CIENTÍFICA FARMACÊUTICA LTDA,1,nao
PRELONE,PRELONE,Similar,ACHÉ LABORATÓRIOS FARMACÊUTICOS S.A,9,nao
PREMEXEDE,PREMEXEDE,Similar,BLAU FARMACEUTICA S.A.,6,nao
PRENI,PRENI,Similar,EUROFARMA LABORATORIOS S.A.,7,nao
PRESMIN,PRESMIN,Similar,CRISTÁLIA PRODUTOS QUÍMICOS FARMACÊUTICOS LTDA.,1,nao
PRESS PLUS,PRESS PLUS,Similar,BIOLAB SANUS FARMACEUTICA LTDA,8,nao
PRESSAT,PRESSAT,Similar,BIOLAB SANUS FARMACEUTICA LTDA,10,nao
PRESSEL,PRESSEL,Similar,LEGRAND PHARMA INDUSTRIA FARMACEUTICA LTDA,2,nao
PRESSOMEDE,PRESSOMEDE,Similar,MEDQUIMICA INDUSTRIA FARMACEUTICA LTDA.,3,nao
PREVENAR® 20,PREVENAR 20,Biológico,PFIZER BRASIL LTDA,2,nao
PREVIANE,PREVIANE,Similar,LEGRAND PHARMA INDUSTRIA FARMACEUTICA LTDA,2,nao
PREZISTA,PREZISTA,Novo,JANSSEN-CILAG FARMACEUTICA LTDA,4,nao
PRILONEST,PRILONEST,Similar,DFL INDÚSTRIA E COMÉRCIO S/A,1,nao
PRIMACOR,PRIMACOR,Novo,SANOFI MEDLEY FARMACÊUTICA LTDA.,1,nao
PRIMENE,PRIMENE,Específico,BAXTER HOSPITALAR LTDA,1,nao
PRIMERA 20,PRIMERA 20,Similar,EUROFARMA LABORATORIOS S.A.,2,nao
PRIMERA 30,PRIMERA 30,Similar,EUROFARMA LABORATORIOS S.A.,2,nao
PRIMID,PRIMID,Novo,APSEN FARMACEUTICA S/A,2,nao
PRIMOGYNA®,PRIMOGYNA,Novo,BAYER S.A.,3,nao
PRIMOLUT-NOR,PRIMOLUT NOR,Novo,UNIÃO QUÍMICA FARMACÊUTICA NACIONAL S/A,1,nao
PRIMOSISTON,PRIMOSISTON,Novo,BAYER S.A. | UNIÃO QUÍMICA FARMACÊUTICA NACIONAL S/A,2,nao
PRIMOVIST,PRIMOVIST,Novo,BAYER S.A.,2,nao
PRIORIX,PRIORIX,Biológico,GLAXOSMITHKLINE BRASIL LTDA,2,nao
PRIORIX TETRA,PRIORIX TETRA,Biológico,GLAXOSMITHKLINE BRASIL LTDA,2,nao
PRISTIQ,PRISTIQ,Novo,PFIZER BRASIL LTDA,3,nao
PRIVYMTRA,PRIVYMTRA,Novo,MERCK SHARP & DOHME FARMACEUTICA LTDA.,3,nao
PROAZITAX,PROAZITAX,Similar,EUROFARMA LABORATORIOS S.A.,2,nao
PROBENXIL,PROBENXIL,Similar,CIMED INDUSTRIA S.A,2,nao
PROCIMAX,PROCIMAX,Similar,LIBBS FARMACÊUTICA LTDA,3,nao
PROCORALAN,PROCORALAN,Novo,LABORATORIOS SERVIER DO BRASIL LTDA,3,nao
PROCTOCAPS,PROCTOCAPS,Fitoterápico,KLEY HERTZ FARMACEUTICA S.A,2,nao
PROCTYL,PROCTYL,Novo,TAKEDA PHARMA LTDA.,5,nao
PRODUTO TESTE 21.08,PRODUTO TESTE 21 08,Similar,EMPRESA DE TESTE LTDA. (VS01),2,nao
PRODYGO,PRODYGO,Similar,LABORATÓRIO GROSS S. A.,2,nao
PROEXTY,PROEXTY,Similar,EUROFARMA LABORATORIOS S.A.,1,nao
PROFENID,PROFENID,Novo,SANOFI MEDLEY FARMACÊUTICA LTDA.,7,nao
PROFENID PROTECT,PROFENID PROTECT,Novo,SANOFI MEDLEY FARMACÊUTICA LTDA.,1,nao
PROFERGAN,PROFERGAN,Similar,LABORATORIO TEUTO BRASILEIRO S/A,2,nao
PROFLAM,PROFLAM,Novo,EUROFARMA LABORATORIOS S.A.,3,nao
PROFLOX,PROFLOX,Similar,EMS SIGMA PHARMA LTDA,2,nao
PROFOLEN,PROFOLEN,Similar,BLAU FARMACEUTICA S.A.,2,nao
PROGRAF,PROGRAF,Novo,ASTELLAS FARMA BRASIL IMPORTAÇÃO E DISTRIBUIÇÃO DE MEDICAMENTOS LTDA.,5,nao
PROHANCE,PROHANCE,Novo,BRACCO IMAGING DO BRASIL IMPORTAÇÃO E DISTRIBUIÇÃO DE MEDICAMENTOS LTDA,3,nao
PROINFLAC,PROINFLAC,Novo,LABORATORIOS B. BRAUN S/A,4,nao
PROLASTIN-C,PROLASTIN C,Biológico,GRIFOLS BRASIL LTDA,3,nao
PROLEPTOL,PROLEPTOL,Similar,SANOFI MEDLEY FARMACÊUTICA LTDA.,2,nao
PROLIA,PROLIA,Biológico,AMGEN BIOTECNOLOGIA DO BRASIL LTDA.,1,nao
PROLOPA,PROLOPA,Novo,PRODUTOS ROCHE QUÍMICOS E FARMACÊUTICOS S.A.,6,nao
PROLUTEX,PROLUTEX,Novo,BESINS HEALTHCARE BRASIL COMERCIAL E DISTRIBUIDORA DE MEDICAMENTOS LTDA,3,nao
PROMENSIL,PROMENSIL,Fitoterápico,FARMOQUÍMICA S/A,1,nao
PROMETAZOL,PROMETAZOL,Similar,HIPOLABOR FARMACEUTICA LTDA,1,nao
PROMIM,PROMIM,Similar,SUPERA FARMA LABORATÓRIOS S.A,1,nao
PRONAZOL,PRONAZOL,Similar,DIFFUCAP - CHEMOBRÁS QUÍMICA E FARMACÊUTICA LTDA,4,nao
PRONTOMID,PRONTOMID,Novo,LABORATORIOS B. BRAUN S/A,1,nao
PROPALOL,PROPALOL,Similar,LABORATORIO GLOBO SA,1,nao
PROPARK,PROPARK,Similar,UNIÃO QUÍMICA FARMACÊUTICA NACIONAL S/A,1,nao
PROPESS,PROPESS,Similar,LABORATÓRIOS FERRING LTDA,1,nao
PROPILRACIL,PROPILRACIL,Similar,BIOLAB SANUS FARMACEUTICA LTDA,1,nao
PROPIOSOL,PROPIOSOL,Similar,BRAINFARMA INDÚSTRIA QUÍMICA E FARMACÊUTICA S.A,2,nao
PROPOTIL,PROPOTIL,Similar,MIDFARMA PRODUTOS FARMACEUTICOS LTDA,1,nao
PROPOVAN,PROPOVAN,Similar,CRISTÁLIA PRODUTOS QUÍMICOS FARMACÊUTICOS LTDA.,5,nao
PROPRANOLOL,PROPRANOLOL,Similar,EMS SIGMA PHARMA LTDA,3,nao
PROPRANOLOM,PROPRANOLOM,Similar,LABORATÓRIOS OSÓRIO DE MORAES LTDA,1,nao
PROQUAD,PROQUAD,Biológico,MERCK SHARP & DOHME FARMACEUTICA LTDA.,1,nao
PRÓS,PROS,Similar,SUPERA FARMA LABORATÓRIOS S.A,1,nao
PRÓS-HP,PROS HP,Similar,SUPERA FARMA LABORATÓRIOS S.A,2,nao
PROSIGNE,PROSIGNE,Similar,CRISTÁLIA PRODUTOS QUÍMICOS FARMACÊUTICOS LTDA.,2,nao
PROSOLIN,PROSOLIN,Similar,LABORATORIO GLOBO SA,2,nao
PROSOY,PROSOY,Novo,FARMOQUÍMICA S/A,2,nao
PROSTATAL,PROSTATAL,Fitoterápico,HERBARIUM LABORATORIO BOTANICO LTDA,2,nao
PROSTAVASIN,PROSTAVASIN,Novo,ACHÉ LABORATÓRIOS FARMACÊUTICOS S.A,1,nao
PROSTOKOS,PROSTOKOS,Novo,INFAN INDUSTRIA QUIMICA FARMACEUTICA NACIONAL S/A,2,nao
PROTAMINA,PROTAMINA,Similar,CELLERA FARMACEUTICA S.A.,1,nao
PROTHROMPLEX,PROTHROMPLEX,Biológico,TAKEDA PHARMA LTDA.,3,nao
PROTO-ITECAN,PROTO ITECAN,Similar,ANTIBIÓTICOS DO BRASIL LTDA,1,nao
PROTOPIC,PROTOPIC,Novo,LEO PHARMA LTDA,3,nao
PROTOVIT PLUS,PROTOVIT PLUS,Específico,BAYER S.A.,1,nao
PROUR,PROUR,Similar,BIOLAB SANUS FARMACEUTICA LTDA,4,nao
PROVERA,PROVERA,Novo,PFIZER BRASIL LTDA,1,nao
PROVIRON,PROVIRON,Novo,UNIÃO QUÍMICA FARMACÊUTICA NACIONAL S/A,1,nao
PROVIVE,PROVIVE,Similar,UNIÃO QUÍMICA FARMACÊUTICA NACIONAL S/A,4,nao
PROZAC,PROZAC,Novo,ELI LILLY DO BRASIL LTDA,1,nao
PROZEN,PROZEN,Similar,LABORATORIO TEUTO BRASILEIRO S/A,1,nao
PRURI-GRAN,PRURI GRAN,Similar,LEGRAND PHARMA INDUSTRIA FARMACEUTICA LTDA,1,nao
PRUROK,PRUROK,Similar,LEGRAND PHARMA INDUSTRIA FARMACEUTICA LTDA,1,nao
PRYSMA,PRYSMA,Novo,EUROFARMA LABORATORIOS S.A.,6,nao
PSOREX,PSOREX,Novo,GLAXOSMITHKLINE BRASIL LTDA,4,nao
PTZOL,PTZOL,Similar,CRISTÁLIA PRODUTOS QUÍMICOS FARMACÊUTICOS LTDA.,3,nao
PULGE,PULGE,Similar,NATCOFARMA DO BRASIL LTDA,2,nao
PULMICORT,PULMICORT,Novo,ASTRAZENECA DO BRASIL LTDA,4,nao
PULMOZYME,PULMOZYME,Novo,PRODUTOS ROCHE QUÍMICOS E FARMACÊUTICOS S.A.,1,nao
PURAN T4,PURAN T4,Novo,SANOFI MEDLEY FARMACÊUTICA LTDA.,14,nao
PUREGON,PUREGON,Biológico,ORGANON FARMACEUTICA LTDA.,1,nao
PURINETHOL,PURINETHOL,Novo,ASPEN PHARMA INDÚSTRIA FARMACÊUTICA LTDA,1,nao
PURISOLE SM,PURISOLE SM,Específico,FRESENIUS KABI BRASIL LTDA,1,nao
PYCOS,PYCOS,Similar,CRISTÁLIA PRODUTOS QUÍMICOS FARMACÊUTICOS LTDA.,3,nao
PYLORIPAC,PYLORIPAC,Novo,ACHÉ LABORATÓRIOS FARMACÊUTICOS S.A | SANOFI MEDLEY FARMACÊUTICA LTDA.,4,nao
PYLORIPAC RETRAT,PYLORIPAC RETRAT,Novo,ACHÉ LABORATÓRIOS FARMACÊUTICOS S.A,1,nao
PYLORITRAT,PYLORITRAT,Similar,LABORATORIO TEUTO BRASILEIRO S/A,1,nao
PYPE,PYPE,Similar,INSTITUTO BIOCHIMICO INDÚSTRIA FARMACÊUTICA LTDA,1,nao
PYRIDIUM,PYRIDIUM,Novo,ADIUM S.A.,3,nao
PYVERM,PYVERM,Similar,CIFARMA CIENTÍFICA FARMACÊUTICA LTDA,2,nao
QARZIBA,QARZIBA,Biológico,RECORDATI RARE DISEASES COMÉRCIO DE MEDICAMENTOS LTDA - ME,1,nao
QDENGA,QDENGA,Biológico,TAKEDA PHARMA LTDA.,6,nao
QFITLIA,QFITLIA,Novo,SANOFI MEDLEY FARMACÊUTICA LTDA.,2,nao
QLAIRA,QLAIRA,Novo,BAYER S.A.,1,nao
QTERN,QTERN,Novo,ASTRAZENECA DO BRASIL LTDA,2,nao
QUADRIDERM,QUADRIDERM,Novo,COSMED INDUSTRIA DE COSMETICOS E MEDICAMENTOS S.A.,2,nao
QUADRILON,QUADRILON,Similar,BRAINFARMA INDÚSTRIA QUÍMICA E FARMACÊUTICA S.A,2,nao
QUADRINEO,QUADRINEO,Similar,VITAMEDIC INDUSTRIA FARMACEUTICA LTDA,1,nao
QUEIMALIVE,QUEIMALIVE,Similar,CIFARMA CIENTÍFICA FARMACÊUTICA LTDA,1,nao
QUENZOR,QUENZOR,Novo,LIBBS FARMACÊUTICA LTDA,12,nao
QUEPSIA LP,QUEPSIA LP,Similar,EUROFARMA LABORATORIOS S.A.,10,nao
QUERA,QUERA,Similar,CRISTÁLIA PRODUTOS QUÍMICOS FARMACÊUTICOS LTDA.,4,nao
QUERA LP,QUERA LP,Similar,CRISTÁLIA PRODUTOS QUÍMICOS FARMACÊUTICOS LTDA.,5,nao
QUEROPAX,QUEROPAX,Similar,EMS SIGMA PHARMA LTDA,5,nao
QUESTRAN LIGHT,QUESTRAN LIGHT,Novo,MOKSHA8 BRASIL INDUSTRIA E COMERCIO DE MEDICAMENTOS LTDA,1,nao
QUET,QUET,Similar,EUROFARMA LABORATORIOS S.A.,6,nao
QUET XR,QUET XR,Similar,EUROFARMA LABORATORIOS S.A.,9,nao
QUETIPIN,QUETIPIN,Similar,CRISTÁLIA PRODUTOS QUÍMICOS FARMACÊUTICOS LTDA.,8,nao
QUETIPIN LP,QUETIPIN LP,Similar,CRISTÁLIA PRODUTOS QUÍMICOS FARMACÊUTICOS LTDA.,2,nao
QUETIPIN SO,QUETIPIN SO,Novo,CRISTÁLIA PRODUTOS QUÍMICOS FARMACÊUTICOS LTDA.,2,nao
QUETROS,QUETROS,Similar,ACHÉ LABORATÓRIOS FARMACÊUTICOS S.A,8,nao
QUEVATRYL,QUEVATRYL,Novo,HALEX ISTAR INDUSTRIA FARMACEUTICA SA,2,nao
QUICARD,QUICARD,Similar,EMS S/A,3,nao
QUINACRIS,QUINACRIS,Similar,CRISTÁLIA PRODUTOS QUÍMICOS FARMACÊUTICOS LTDA.,2,nao
QUINOFLOX,QUINOFLOX,Similar,BIOLAB SANUS FARMACEUTICA LTDA,4,nao
QUTENZA,QUTENZA,Novo,GRÜNENTHAL DO BRASIL FARMACÊUTICA LTDA.,2,nao
RADICAVA,RADICAVA,Novo,DAIICHI SANKYO BRASIL FARMACÊUTICA LTDA,1,nao
RAGIONE,RAGIONE,Similar,TEVA FARMACÊUTICA LTDA.,3,nao
RAHIME,RAHIME,Similar,APSEN FARMACEUTICA S/A,3,nao
RALXFEM,RALXFEM,Similar,BLANVER FARMOQUIMICA E FARMACEUTICA S.A.,3,nao
RALZIN,RALZIN,Similar,PRATI DONADUZZI & CIA LTDA,32,nao
RANIVISIO,RANIVISIO,Biológico,BIOMM SA,1,nao
RAPAMUNE,RAPAMUNE,Novo,PFIZER BRASIL LTDA,2,nao
RAPIFEN,RAPIFEN,Novo,ANTIBIÓTICOS DO BRASIL LTDA,1,nao
RAPILAX,RAPILAX,Similar,KLEY HERTZ FARMACEUTICA S.A,1,nao
RARIJA,RARIJA,Similar,TEVA FARMACÊUTICA LTDA.,1,nao
RAVUMA,RAVUMA,Similar,ACHÉ LABORATÓRIOS FARMACÊUTICOS S.A,2,nao
RAZ XR,RAZ XR,Similar,ACHÉ LABORATÓRIOS FARMACÊUTICOS S.A,2,nao
RAZAPINA,RAZAPINA,Similar,SANDOZ DO BRASIL INDÚSTRIA FARMACÊUTICA LTDA,14,nao
REACBE,REACBE,Similar,KYMBERG FARMACEUTICA DO BRASIL LTDA,1,nao
REACTINE,REACTINE,Novo,KENVUE LTDA.,2,nao
REBLOZYL,REBLOZYL,Biológico,BRISTOL-MYERS SQUIBB FARMACÊUTICA LTDA,2,nao
REBRIVE,REBRIVE,Similar,EUROFARMA LABORATORIOS S.A.,1,nao
RECALPLEX,RECALPLEX,Específico,CAZI QUIMICA FARMACEUTICA INDUSTRIA E COMERCIO LTDA,1,nao
RECARBRIO,RECARBRIO,Novo,MERCK SHARP & DOHME FARMACEUTICA LTDA.,1,nao
RECONTER,RECONTER,Similar,LIBBS FARMACÊUTICA LTDA,11,nao
RECONTER ODT,RECONTER ODT,Novo,LIBBS FARMACÊUTICA LTDA,8,nao
REDOXON,REDOXON,Específico,BAYER S.A.,4,nao
REDOXON TRIPLA AÇÃO CR,REDOXON TRIPLA ACAO CR,Específico,BAYER S.A.,1,nao
REDTIBIN,REDTIBIN,Similar,DR. REDDYS FARMACÊUTICA DO BRASIL LTDA,1,nao
REDUCLIM,REDUCLIM,Similar,FARMOQUÍMICA S/A,5,nao
REDUXALT,REDUXALT,Similar,EUROFARMA LABORATORIOS S.A.,2,nao
REFIXIA,REFIXIA,Biológico,NOVO NORDISK FARMACÊUTICA DO BRASIL LTDA,3,nao
REFORGAN,REFORGAN,Específico,ZYDUS NIKKHO FARMACÊUTICA LTDA,2,nao
REFORTRIX,REFORTRIX,Novo,GLAXOSMITHKLINE BRASIL LTDA,1,nao
REFORTRIX IPV,REFORTRIX IPV,Biológico,GLAXOSMITHKLINE BRASIL LTDA,1,nao
REGENCEL,REGENCEL,Similar,CRISTÁLIA PRODUTOS QUÍMICOS FARMACÊUTICOS LTDA.,1,nao
REGIOCIT,REGIOCIT,Específico,BAXTER HOSPITALAR LTDA,1,nao
REGRESSA,REGRESSA,Similar,ACHÉ LABORATÓRIOS FARMACÊUTICOS S.A,4,nao
REHIDRAT,REHIDRAT,Específico,EUROFARMA LABORATORIOS S.A.,3,nao
REHIDRAZOL,REHIDRAZOL,Específico,LABORATORIO GLOBO SA,4,nao
REKOVELLE,REKOVELLE,Biológico,LABORATÓRIOS FERRING LTDA,3,nao
RELAPAX,RELAPAX,Similar,CAZI QUIMICA FARMACEUTICA INDUSTRIA E COMERCIO LTDA,6,nao
RELDAPTOS,RELDAPTOS,Similar,CIPLA BRASIL IMPORTADORA E DISTRIBUIDORA DE MEDICAMENTOS LTDA,1,nao
RELENZA,RELENZA,Novo,GLAXOSMITHKLINE BRASIL LTDA,1,nao
RELESTAT,RELESTAT,Novo,ALLERGAN PRODUTOS FARMACÊUTICOS LTDA,1,nao
RELVAR ELLIPTA,RELVAR ELLIPTA,Novo,GLAXOSMITHKLINE BRASIL LTDA,4,nao
RELYON,RELYON,Similar,ACHÉ LABORATÓRIOS FARMACÊUTICOS S.A,1,nao
REMERON,REMERON,Novo,ORGANON FARMACEUTICA LTDA.,5,nao
REMICADE,REMICADE,Biológico,JANSSEN-CILAG FARMACEUTICA LTDA,1,nao
REMIFAS,REMIFAS,Similar,CRISTÁLIA PRODUTOS QUÍMICOS FARMACÊUTICOS LTDA.,2,nao
REMILEV,REMILEV,Fitoterápico,ACHÉ LABORATÓRIOS FARMACÊUTICOS S.A,2,nao
REMISTESI,REMISTESI,Similar,UNIÃO QUÍMICA FARMACÊUTICA NACIONAL S/A,1,nao
REMSIMA,REMSIMA,Biológico,CELLTRION HEALTHCARE DISTRIBUICAO DE PRODUTOS FARMACEUTICOS DOS BRASIL LTDA,10,nao
RENAGEL,RENAGEL,Novo,SANOFI MEDLEY FARMACÊUTICA LTDA.,1,nao
RENALAPRIL,RENALAPRIL,Similar,BRAINFARMA INDÚSTRIA QUÍMICA E FARMACÊUTICA S.A,3,nao
RENFLEXIS,RENFLEXIS,Biológico,SAMSUNG BIOEPIS BR PHARMACEUTICAL LTDA.,1,nao
RENITEC,RENITEC,Novo,ORGANON FARMACEUTICA LTDA.,3,nao
RENOPRIL,RENOPRIL,Similar,BELFAR LTDA,3,nao
RENOVI B,RENOVI B,Específico,SUPERA FARMA LABORATÓRIOS S.A,2,nao
RENOVI B PLUS,RENOVI B PLUS,Similar,SUPERA FARMA LABORATÓRIOS S.A,2,nao
RENYB,RENYB,Similar,EUROFARMA LABORATORIOS S.A.,3,nao
REPARIL,REPARIL,Específico,VIATRIS FARMACEUTICA DO BRASIL LTDA,3,nao
REPATHA,REPATHA,Biológico,AMGEN BIOTECNOLOGIA DO BRASIL LTDA.,2,nao
REPEGOXA,REPEGOXA,Similar,DR. REDDYS FARMACÊUTICA DO BRASIL LTDA,2,nao
REPLAGAL,REPLAGAL,Biológico,TAKEDA PHARMA LTDA.,1,nao
REPOFLOR,REPOFLOR,Biológico,EMS S/A,7,nao
REPOPIL 35,REPOPIL 35,Similar,LEGRAND PHARMA INDUSTRIA FARMACEUTICA LTDA,2,nao
RESFEDRYL,RESFEDRYL,Similar,PHARMASCIENCE INDUSTRIA FARMACEUTICA S.A,4,nao
RESFEFITO,RESFEFITO,Fitoterápico,KLEY HERTZ FARMACEUTICA S.A,1,nao
RESFEGARGANTA,RESFEGARGANTA,Similar,KLEY HERTZ FARMACEUTICA S.A,1,nao
RESFEGRIPE,RESFEGRIPE,Similar,MULTILAB INDUSTRIA E COMERCIO DE PRODUTOS FARMACEUTICOS LTDA,3,nao
RESFEGRIPE SINUS,RESFEGRIPE SINUS,Similar,MULTILAB INDUSTRIA E COMERCIO DE PRODUTOS FARMACEUTICOS LTDA,1,nao
RESFENOL,RESFENOL,Novo | Similar,KLEY HERTZ FARMACEUTICA S.A,8,nao
RESFENOL THERMUS,RESFENOL THERMUS,Similar,KLEY HERTZ FARMACEUTICA S.A,1,nao
RESFRILIV,RESFRILIV,Similar,GEOLAB INDÚSTRIA FARMACÊUTICA S/A,3,nao
RESIST,RESIST,Específico,ACHÉ LABORATÓRIOS FARMACÊUTICOS S.A,3,nao
RESOLOR,RESOLOR,Novo,LABORATÓRIOS BAGÓ DO BRASIL S/A,3,nao
RESPIRAN,RESPIRAN,Similar,GALLIA INDUSTRIA FARMACEUTICA LTDA,2,nao
RESPIRATUS,RESPIRATUS,Fitoterápico,SANOFI MEDLEY FARMACÊUTICA LTDA.,1,nao
RESPITRAT,RESPITRAT,Similar,MABRA FARMACEUTICA LTDA,4,nao
RESPLIX,RESPLIX,Fitoterápico,MEDQUIMICA INDUSTRIA FARMACEUTICA LTDA.,1,nao
RESSALIVDOR,RESSALIVDOR,Similar,1FARMA INDUSTRIA FARMACEUTICA LTDA,2,nao
RESTASIS,RESTASIS,Novo,ALLERGAN PRODUTOS FARMACÊUTICOS LTDA,1,nao
RESTITUE,RESTITUE,Similar,EMS S/A,7,nao
RESTIVA,RESTIVA,Novo,MUNDIPHARMA BRASIL PRODUTOS MÉDICOS E FARMACÊUTICOS LTDA,5,nao
RESYNIV,RESYNIV,Biológico,ABBOTT LABORATORIOS DO BRASIL LTDA,1,nao
RETEMIC,RETEMIC,Novo,APSEN FARMACEUTICA S/A,5,nao
RETSEVMO,RETSEVMO,Novo,ELI LILLY DO BRASIL LTDA,2,nao
REUMALIV,REUMALIV,Fitoterápico,LABORATORIO VITALAB LTDA,1,nao
REUMIAN,REUMIAN,Similar,ACHÉ LABORATÓRIOS FARMACÊUTICOS S.A,1,nao
REUMOTEC,REUMOTEC,Similar,VITAMEDIC INDUSTRIA FARMACEUTICA LTDA,1,nao
REUPLAQ,REUPLAQ,Similar,EUROFARMA LABORATORIOS S.A.,1,nao
REUQUINOL,REUQUINOL,Similar,APSEN FARMACEUTICA S/A,2,nao
REVANGE,REVANGE,Similar,ACHÉ LABORATÓRIOS FARMACÊUTICOS S.A,3,nao
REVATIO,REVATIO,Novo,VIATRIS FARMACEUTICA DO BRASIL LTDA,1,nao
REVECTINA,REVECTINA,Novo,ABBOTT LABORATORIOS DO BRASIL LTDA,2,nao
REVERSO,REVERSO,Similar,CRISTÁLIA PRODUTOS QUÍMICOS FARMACÊUTICOS LTDA.,1,nao
REVERT,REVERT,Similar,FARMOQUÍMICA S/A,2,nao
REVESTIVE,REVESTIVE,Biológico,TAKEDA PHARMA LTDA.,1,nao
REVIA,REVIA,Similar,CRISTÁLIA PRODUTOS QUÍMICOS FARMACÊUTICOS LTDA.,1,nao
REVIPEL,REVIPEL,Similar,UNIÃO QUÍMICA FARMACÊUTICA NACIONAL S/A,2,nao
REVLIMID,REVLIMID,Novo,BRISTOL-MYERS SQUIBB FARMACÊUTICA LTDA,8,nao
REVOC,REVOC,Similar,ABBOTT LABORATORIOS DO BRASIL LTDA,4,nao
REVOLADE,REVOLADE,Novo,NOVARTIS BIOCIENCIAS S.A,2,nao
REXULTI,REXULTI,Novo,LUNDBECK BRASIL LTDA,4,nao
REZIMORP,REZIMORP,Similar,CIPLA BRASIL IMPORTADORA E DISTRIBUIDORA DE MEDICAMENTOS LTDA,1,nao
REZUROCK,REZUROCK,Novo,SANOFI MEDLEY FARMACÊUTICA LTDA.,1,nao
REZZAYO,REZZAYO,Novo,MUNDIPHARMA BRASIL PRODUTOS MÉDICOS E FARMACÊUTICOS LTDA,1,nao
RHOPHYLAC,RHOPHYLAC,Biológico,CSL BEHRING COMÉRCIO DE PRODUTOS FARMACÊUTICOS LTDA,1,nao
RIBAVIRIN,RIBAVIRIN,Similar,BLAU FARMACEUTICA S.A.,1,nao
RIBAVIRINA,RIBAVIRINA,Similar,FUNDACAO OSWALDO CRUZ,1,nao
RIBOMUSTIN,RIBOMUSTIN,Novo,JANSSEN-CILAG FARMACEUTICA LTDA,2,nao
RIDUZI,RIDUZI,Similar,TORRENT DO BRASIL LTDA,5,nao
RIFALDIN,RIFALDIN,Novo,SANOFI MEDLEY FARMACÊUTICA LTDA.,1,nao
RIFAMPICINA,RIFAMPICINA,Similar,COMANDO DO EXÉRCITO,1,nao
RIFASAN,RIFASAN,Similar,EMS S/A,1,nao
RIFOCINA SPRAY,RIFOCINA SPRAY,Novo,SANOFI MEDLEY FARMACÊUTICA LTDA.,1,nao
RIFOTRAT,RIFOTRAT,Similar,NATULAB LABORATORIO S.A,2,nao
RINGER,RINGER,Específico,FRESENIUS KABI BRASIL LTDA | HALEX ISTAR INDUSTRIA FARMACEUTICA SA | JP INDUSTRIA FARMACEUTICA S/A,6,nao
RINGER COM LACTATO,RINGER COM LACTATO,Específico,FARMACE INDÚSTRIA QUÍMICO-FARMACÊUTICA CEARENSE LTDA | HALEX ISTAR INDUSTRIA FARMACEUTICA SA,5,nao
RINO-LASTIN,RINO LASTIN,Novo,VIATRIS FARMACEUTICA DO BRASIL LTDA,1,nao
RINOSORO SIC,RINOSORO SIC,Específico,COSMED INDUSTRIA DE COSMETICOS E MEDICAMENTOS S.A.,1,nao
RINVOQ,RINVOQ,Novo,ABBVIE FARMACÊUTICA LTDA.,3,nao
RIOPAN,RIOPAN,Específico,TAKEDA PHARMA LTDA.,1,nao
RIOPAN PLUS,RIOPAN PLUS,Específico,TAKEDA PHARMA LTDA.,1,nao
RIPOSO SL,RIPOSO SL,Similar,EUROFARMA LABORATORIOS S.A.,1,nao
RISCARD,RISCARD,Novo,BIOLAB SANUS FARMACEUTICA LTDA,5,nao
RISEDRONEL,RISEDRONEL,Similar,LEGRAND PHARMA INDUSTRIA FARMACEUTICA LTDA,8,nao
RISEDROSS,RISEDROSS,Similar,EMS S/A,4,nao
RISONATO,RISONATO,Similar,EMS S/A,1,nao
RISPERAC,RISPERAC,Similar,ACCORD FARMACÊUTICA LTDA,2,nao
RISPERDAL,RISPERDAL,Novo,JANSSEN-CILAG FARMACEUTICA LTDA,8,nao
RISPERIDON,RISPERIDON,Similar,CRISTÁLIA PRODUTOS QUÍMICOS FARMACÊUTICOS LTDA.,15,nao
RISPXAN,RISPXAN,Similar,LABORATORIO GLOBO SA,3,nao
RISS,RISS,Similar,EUROFARMA LABORATORIOS S.A.,5,nao
RITALINA,RITALINA,Novo,NOVARTIS BIOCIENCIAS S.A,6,nao
RITAPEELS,RITAPEELS,Fitoterápico,BIONATUS LABORATÓRIO BOTÂNICO LTDA,2,nao
RITMONORM,RITMONORM,Novo,ABBOTT LABORATORIOS DO BRASIL LTDA,3,nao
RIVACRIST,RIVACRIST,Similar,ABBOTT LABORATORIOS DO BRASIL LTDA,6,nao
RIVAR,RIVAR,Similar,EUROFARMA LABORATORIOS S.A.,8,nao
RIVAXA,RIVAXA,Similar,EUROFARMA LABORATORIOS S.A.,8,nao
RIVAZICH,RIVAZICH,Similar,ADIUM S.A.,12,nao
RIVNEO,RIVNEO,Similar,BRAINFARMA INDÚSTRIA QUÍMICA E FARMACÊUTICA S.A,3,nao
RIVOTRIL,RIVOTRIL,Novo,BLANVER FARMOQUIMICA E FARMACEUTICA S.A.,6,nao
RIXANTIL,RIXANTIL,Similar,LEGRAND PHARMA INDUSTRIA FARMACEUTICA LTDA,17,nao
RIXIMYO,RIXIMYO,Biológico,SANDOZ DO BRASIL INDÚSTRIA FARMACÊUTICA LTDA,2,nao
RIXUBIS,RIXUBIS,Biológico,TAKEDA PHARMA LTDA.,4,nao
RIZI,RIZI,Similar,COSMED INDUSTRIA DE COSMETICOS E MEDICAMENTOS S.A.,2,nao
RIZI-M,RIZI M,Similar,COSMED INDUSTRIA DE COSMETICOS E MEDICAMENTOS S.A.,2,nao
ROACUTAN,ROACUTAN,Novo,FARMOQUÍMICA S/A,1,nao
ROCAB,ROCAB,Similar,EMS S/A,3,nao
ROCALTROL,ROCALTROL,Novo,BELFAR LTDA,1,nao
ROCEFIN,ROCEFIN,Novo,PRODUTOS ROCHE QUÍMICOS E FARMACÊUTICOS S.A.,4,nao
ROCKY,ROCKY,Similar,SUN FARMACÊUTICA DO BRASIL LTDA,2,nao
ROCURON,ROCURON,Similar,CRISTÁLIA PRODUTOS QUÍMICOS FARMACÊUTICOS LTDA.,1,nao
ROHYDORM,ROHYDORM,Novo | Similar,EMS SIGMA PHARMA LTDA,4,nao
ROHYPNOL,ROHYPNOL,Novo,FARMOQUÍMICA S/A,2,nao
ROJUZDA,ROJUZDA,Biológico,BRISTOL-MYERS SQUIBB FARMACÊUTICA LTDA,2,nao
ROPI,ROPI,Similar,CRISTÁLIA PRODUTOS QUÍMICOS FARMACÊUTICOS LTDA.,6,nao
ROPI® BOLSA,ROPI BOLSA,Novo,CRISTÁLIA PRODUTOS QUÍMICOS FARMACÊUTICOS LTDA.,1,nao
ROPOLIVY,ROPOLIVY,Biológico,PRODUTOS ROCHE QUÍMICOS E FARMACÊUTICOS S.A.,2,nao
ROSA®,ROSA,Similar,FARMOQUÍMICA S/A,2,nao
ROSUCOR,ROSUCOR,Similar,TORRENT DO BRASIL LTDA,11,nao
ROSUCOR EZE,ROSUCOR EZE,Novo,TORRENT DO BRASIL LTDA,6,nao
ROSULIB,ROSULIB,Similar,SANDOZ DO BRASIL INDÚSTRIA FARMACÊUTICA LTDA,3,nao
ROSUNEO,ROSUNEO,Similar,BRAINFARMA INDÚSTRIA QUÍMICA E FARMACÊUTICA S.A,6,nao
ROSUSTATIN,ROSUSTATIN,Similar,MULTILAB INDUSTRIA E COMERCIO DE PRODUTOS FARMACEUTICOS LTDA,3,nao
ROSUVAST,ROSUVAST,Similar,EMS S/A,2,nao
ROTARIX,ROTARIX,Biológico,GLAXOSMITHKLINE BRASIL LTDA,1,nao
ROTATEQ,ROTATEQ,Biológico,MERCK SHARP & DOHME FARMACEUTICA LTDA.,1,nao
ROTEAS,ROTEAS,Similar,DAIICHI SANKYO BRASIL FARMACÊUTICA LTDA,5,nao
ROVAMICINA,ROVAMICINA,Novo,SANOFI MEDLEY FARMACÊUTICA LTDA.,1,nao
ROX,ROX,Similar,EUROFARMA LABORATORIOS S.A.,6,nao
ROXETIN,ROXETIN,Similar,CRISTÁLIA PRODUTOS QUÍMICOS FARMACÊUTICOS LTDA.,3,nao
ROXETIN XR,ROXETIN XR,Similar,CRISTÁLIA PRODUTOS QUÍMICOS FARMACÊUTICOS LTDA.,4,nao
ROXFLAN,ROXFLAN,Similar,MERCK S/A,2,nao
ROZEREM,ROZEREM,Novo,TAKEDA PHARMA LTDA.,2,nao
ROZEX,ROZEX,Novo,GALDERMA BRASIL LTDA,1,nao
RUBENTI,RUBENTI,Similar,ABBOTT LABORATORIOS DO BRASIL LTDA,3,nao
RUBIA,RUBIA,Similar,ACHÉ LABORATÓRIOS FARMACÊUTICOS S.A,2,nao
RUBIDOX,RUBIDOX,Similar,LABORATORIO QUIMICO FARMACEUTICO BERGAMO LTDA,2,nao
RUBROMICIN,RUBROMICIN,Similar,PRATI DONADUZZI & CIA LTDA,1,nao
RUDITE,RUDITE,Similar,EMS S/A,8,nao
RUKOBIA,RUKOBIA,Novo,GLAXOSMITHKLINE BRASIL LTDA,1,nao
RUNNER,RUNNER,Similar,ACHÉ LABORATÓRIOS FARMACÊUTICOS S.A,11,nao
RUNNER EZE,RUNNER EZE,Similar,ACHÉ LABORATÓRIOS FARMACÊUTICOS S.A,8,nao
RUPAFIN,RUPAFIN,Novo,ACHÉ LABORATÓRIOS FARMACÊUTICOS S.A,2,nao
RUSOVAS,RUSOVAS,Similar,EMS SIGMA PHARMA LTDA,11,nao
RUVA,RUVA,Similar,EUROFARMA LABORATORIOS S.A.,7,nao
RUVASCOR,RUVASCOR,Similar,LEGRAND PHARMA INDUSTRIA FARMACEUTICA LTDA,3,nao
RUXIENCE,RUXIENCE,Biológico,PFIZER BRASIL LTDA,2,nao
RYAMBIC,RYAMBIC,Similar,PFIZER BRASIL LTDA,1,nao
RYBELSUS,RYBELSUS,Biológico,NOVO NORDISK FARMACÊUTICA DO BRASIL LTDA,12,nao
RYBREVANT,RYBREVANT,Biológico,JANSSEN-CILAG FARMACEUTICA LTDA,3,nao
RYDAPT,RYDAPT,Novo,NOVARTIS BIOCIENCIAS S.A,1,nao
RYRI,RYRI,Similar,CAMBER FARMACEUTICA LTDA,9,nao
RYSTIGGO,RYSTIGGO,Biológico,UCB BIOPHARMA LTDA.,4,nao
RYTMISE,RYTMISE,Similar,GERMED FARMACEUTICA LTDA,11,nao
RYVKA,RYVKA,Similar,BLAU FARMACEUTICA S.A.,2,nao
RYZNEUTA,RYZNEUTA,Biológico,LIBBS FARMACÊUTICA LTDA,1,nao
SABINE,SABINE,Similar,ACHÉ LABORATÓRIOS FARMACÊUTICOS S.A,1,nao
SABIVARNEX,SABIVARNEX,Similar,LABORATÓRIOS BAGÓ DO BRASIL S/A,2,nao
SABOFEN,SABOFEN,Específico,GEYER MEDICAMENTOS S/A,2,nao
SABRIL,SABRIL,Novo,SANOFI MEDLEY FARMACÊUTICA LTDA.,1,nao
SACFER,SACFER,Específico,VASCONCELOS INDUSTRIA FARMACEUTICA E COMERCIO LTDA,3,nao
SADOL,SADOL,Específico,LABORATORIO CATARINENSE LTDA,3,nao
SAFLUTAN,SAFLUTAN,Novo,MUNDIPHARMA BRASIL PRODUTOS MÉDICOS E FARMACÊUTICOS LTDA,1,nao
SAIZEN,SAIZEN,Biológico,MERCK S/A,3,nao
SAL DE ANDREWS,SAL DE ANDREWS,Específico,PF CONSUMER HEALTHCARE BRAZIL IMPORTADORA E DISTRIBUIDORA DE MEDICAMENTOS LTDA,1,nao
SAL DE FRUTA ENO,SAL DE FRUTA ENO,Específico,PF CONSUMER HEALTHCARE BRAZIL IMPORTADORA E DISTRIBUIDORA DE MEDICAMENTOS LTDA,18,nao
SALAZOPRIN,SALAZOPRIN,Similar,CAZI QUIMICA FARMACEUTICA INDUSTRIA E COMERCIO LTDA,1,nao
SALICETIL,SALICETIL,Similar,BRASTERAPICA PHARMACEUTICA LTDA.,2,nao
SALIPREVI,SALIPREVI,Similar,EUROFARMA LABORATORIOS S.A.,1,nao
SALONPAS,SALONPAS,Específico,HISAMITSU FARMACÊUTICA DO BRASIL LTDA,1,nao
SALONPAS ADESIVO,SALONPAS ADESIVO,Específico,HISAMITSU FARMACÊUTICA DO BRASIL LTDA,6,nao
SALONPAS GEL,SALONPAS GEL,Específico,HISAMITSU FARMACÊUTICA DO BRASIL LTDA,2,nao
SALONPAS GEL PATCH,SALONPAS GEL PATCH,Específico,HISAMITSU FARMACÊUTICA DO BRASIL LTDA,1,nao
SALONPAS PAIN RELIEF PATCH,SALONPAS PAIN RELIEF PATCH,Específico,HISAMITSU FARMACÊUTICA DO BRASIL LTDA,1,nao
SANDIMMUN,SANDIMMUN,Novo,NOVARTIS BIOCIENCIAS S.A,7,nao
SANDOGLOBULINA,SANDOGLOBULINA,Biológico,CSL BEHRING COMÉRCIO DE PRODUTOS FARMACÊUTICOS LTDA,4,nao
SANDOSTATIN,SANDOSTATIN,Novo,NOVARTIS BIOCIENCIAS S.A,6,nao
SANDRENA,SANDRENA,Novo,MERCK SHARP & DOHME FARMACEUTICA LTDA. | ORGANON FARMACEUTICA LTDA.,3,nao
SANILIN,SANILIN,Similar,KLEY HERTZ FARMACEUTICA S.A,2,nao
SANPRONOL,SANPRONOL,Similar,HIPOLABOR FARMACEUTICA LTDA,1,nao
SANPROST,SANPROST,Fitoterápico,INFAN INDUSTRIA QUIMICA FARMACEUTICA NACIONAL S/A,3,nao
SANTIAZEPAM,SANTIAZEPAM,Similar,SANTISA LABORATÓRIO FARMACÊUTICO S/A,9,nao
SANTIDOR,SANTIDOR,Similar,SANTISA LABORATÓRIO FARMACÊUTICO S/A,1,nao
SANTIPLEX B,SANTIPLEX B,Específico,SANTISA LABORATÓRIO FARMACÊUTICO S/A,5,nao
SANTISAVIT C,SANTISAVIT C,Específico,SANTISA LABORATÓRIO FARMACÊUTICO S/A,2,nao
SANTROPINA,SANTROPINA,Similar,SANTISA LABORATÓRIO FARMACÊUTICO S/A,2,nao
SANVAPRESS,SANVAPRESS,Similar,HIPOLABOR FARMACEUTICA LTDA,2,nao
SANY D,SANY D,Específico,ACHÉ LABORATÓRIOS FARMACÊUTICOS S.A,14,nao
SANY D CAPS,SANY D CAPS,Específico,ACHÉ LABORATÓRIOS FARMACÊUTICOS S.A,11,nao
SAPHNELO,SAPHNELO,Biológico,ASTRAZENECA DO BRASIL LTDA,1,nao
SARCLISA,SARCLISA,Biológico,SANOFI MEDLEY FARMACÊUTICA LTDA.,2,nao
SARRA,SARRA,Similar,SUN FARMACÊUTICA DO BRASIL LTDA,5,nao
SAUMYA,SAUMYA,Similar,SUN FARMACÊUTICA DO BRASIL LTDA,2,nao
SAXENDA,SAXENDA,Biológico,NOVO NORDISK FARMACÊUTICA DO BRASIL LTDA,3,nao
SAYA CONTROL,SAYA CONTROL,Similar,DKT DO BRASIL PRODUTOS DE USO PESSOAL LTDA,1,nao
SCAFLOGIN,SCAFLOGIN,Similar,LABORATORIO GLOBO SA,2,nao
SCAFLOGIN GOTAS,SCAFLOGIN GOTAS,Similar,LABORATORIO GLOBO SA,1,nao
SCALID,SCALID,Similar,UNIÃO QUÍMICA FARMACÊUTICA NACIONAL S/A,1,nao
SCEMBLIX,SCEMBLIX,Novo,NOVARTIS BIOCIENCIAS S.A,2,nao
SEACALCIT,SEACALCIT,Similar,LABORATORIO QUIMICO FARMACEUTICO BERGAMO LTDA,1,nao
SECDAZOL,SECDAZOL,Similar,VITAMEDIC INDUSTRIA FARMACEUTICA LTDA,1,nao
SECFAR,SECFAR,Similar,LABORATÓRIO FARMACÊUTICO ELOFAR LTDA,5,nao
SECNIDAL,SECNIDAL,Novo,SANOFI MEDLEY FARMACÊUTICA LTDA.,2,nao
SECNIHEXAL,SECNIHEXAL,Similar,SANDOZ DO BRASIL INDÚSTRIA FARMACÊUTICA LTDA,2,nao
SECNIMAX,SECNIMAX,Similar,LABORATORIO GLOBO SA,2,nao
SECRELISE,SECRELISE,Similar,EMS S/A,1,nao
SECTIL,SECTIL,Similar,BRASTERAPICA PHARMACEUTICA LTDA.,2,nao
SEDALEX,SEDALEX,Similar,LABORATORIO TEUTO BRASILEIRO S/A,1,nao
SEDAMED,SEDAMED,Similar,CIMED INDUSTRIA S.A,2,nao
SEDAVAN,SEDAVAN,Similar,FARMOQUÍMICA S/A,2,nao
SEDECIB,SEDECIB,Similar,CIPLA BRASIL IMPORTADORA E DISTRIBUIDORA DE MEDICAMENTOS LTDA,3,nao
SEEBRI,SEEBRI,Novo,NOVARTIS BIOCIENCIAS S.A,1,nao
SEIZLA,SEIZLA,Similar,TORRENT DO BRASIL LTDA,10,nao
SEKI,SEKI,Novo,ZAMBON LABORATÓRIOS FARMACÊUTICOS LTDA.,2,nao
SELENE,SELENE,Similar,EUROFARMA LABORATORIOS S.A.,2,nao
SELENOZ,SELENOZ,Específico,VASCONCELOS INDUSTRIA FARMACEUTICA E COMERCIO LTDA,2,nao
SELETIV,SELETIV,Similar,EUROFARMA LABORATORIOS S.A.,1,nao
SELOKEN,SELOKEN,Novo,ASTRAZENECA DO BRASIL LTDA,2,nao
SELOZOK,SELOZOK,Novo,ASTRAZENECA DO BRASIL LTDA,8,nao
SELOZOK FIX,SELOZOK FIX,Novo,ASTRAZENECA DO BRASIL LTDA,1,nao
SEMGLEE,SEMGLEE,Biológico,BIOCON BIOLOGICS DO BRASIL LTDA | EQUILIBRIO COMERCIO DE PRODUTOS FARMACEUTICOS LTDA,4,nao
SEMTRI,SEMTRI,Similar,BIOLAB SANUS FARMACEUTICA LTDA,4,nao
SENAN,SENAN,Fitoterápico,ASPEN PHARMA INDÚSTRIA FARMACÊUTICA LTDA,1,nao
SENARETI,SENARETI,Fitoterápico,BRAINFARMA INDÚSTRIA QUÍMICA E FARMACÊUTICA S.A,3,nao
SENE HERBARIUM,SENE HERBARIUM,Fitoterápico,HERBARIUM LABORATORIO BOTANICO LTDA,1,nao
SENEBEN,SENEBEN,Fitoterápico,AIRELA INDÚSTRIA FARMACÊUTICA LTDA.,2,nao
SENEFLORA,SENEFLORA,Fitoterápico,KLEY HERTZ FARMACEUTICA S.A,2,nao
SENES,SENES,Similar,SUPERA FARMA LABORATÓRIOS S.A,4,nao
SENGECIL,SENGECIL,Similar,CRISTÁLIA PRODUTOS QUÍMICOS FARMACÊUTICOS LTDA.,1,nao
SENNALAX,SENNALAX,Fitoterápico,CAZI QUIMICA FARMACEUTICA INDUSTRIA E COMERCIO LTDA,1,nao
SENSAZ,SENSAZ,Similar,CRISTÁLIA PRODUTOS QUÍMICOS FARMACÊUTICOS LTDA.,2,nao
SENSILACRI,SENSILACRI,Específico,GEOLAB INDÚSTRIA FARMACÊUTICA S/A,1,nao
SEPHIENCE,SEPHIENCE,Novo,PTC FARMACEUTICA DO BRASIL LTDA.,2,nao
SEPTANEST,SEPTANEST,Novo,DLA PHARMACEUTICAL LTDA,1,nao
SEPURIN,SEPURIN,Similar,LABORATÓRIO GROSS S. A.,1,nao
SERENATA,SERENATA,Similar,TORRENT DO BRASIL LTDA,5,nao
SERENUS,SERENUS,Fitoterápico,BIOLAB SANUS FARMACEUTICA LTDA,2,nao
SERETIDE,SERETIDE,Novo,GLAXOSMITHKLINE BRASIL LTDA,7,nao
SEROQUEL,SEROQUEL,Novo,PHARLAB INDÚSTRIA FARMACÊUTICA S.A.,6,nao
SETH,SETH,Similar,UNIÃO QUÍMICA FARMACÊUTICA NACIONAL S/A,2,nao
SEVCLOT,SEVCLOT,Similar,CRISTÁLIA PRODUTOS QUÍMICOS FARMACÊUTICOS LTDA.,1,nao
SEVOCRIS,SEVOCRIS,Similar,CRISTÁLIA PRODUTOS QUÍMICOS FARMACÊUTICOS LTDA.,2,nao
SEVONESS,SEVONESS,Similar,BAXTER HOSPITALAR LTDA,1,nao
SEVOQ,SEVOQ,Similar,CRISTÁLIA PRODUTOS QUÍMICOS FARMACÊUTICOS LTDA.,2,nao
SHINGRIX,SHINGRIX,Biológico,GLAXOSMITHKLINE BRASIL LTDA,1,nao
SIBLIMA,SIBLIMA,Similar,LIBBS FARMACÊUTICA LTDA,2,nao
SIBUS,SIBUS,Similar,EUROFARMA LABORATORIOS S.A.,3,nao
SIFROL,SIFROL,Similar,BOEHRINGER INGELHEIM DO BRASIL QUIMICA E FARMACEUTICA LTDA.,6,nao
SIGMA CLAV,SIGMA CLAV,Similar,EMS SIGMA PHARMA LTDA,2,nao
SIGMA-CLAV BD,SIGMA CLAV BD,Similar,EMS SIGMA PHARMA LTDA,3,nao
SIGMACALCIDOL,SIGMACALCIDOL,Similar,EMS SIGMA PHARMA LTDA,2,nao
SIGMASPORIN MICRORAL,SIGMASPORIN MICRORAL,Similar,GERMED FARMACEUTICA LTDA,10,nao
SIGNIFOR LP,SIGNIFOR LP,Novo,RECORDATI RARE DISEASES COMÉRCIO DE MEDICAMENTOS LTDA - ME,3,nao
SIGRAN,SIGRAN,Similar,GERMED FARMACEUTICA LTDA,2,nao
SIILIF,SIILIF,Similar,TAKEDA PHARMA LTDA.,4,nao
SIKLOS,SIKLOS,Novo,MASTERS SPECIALITY PHARMA LTDA,2,nao
SIL-HP,SIL HP,Novo,APSEN FARMACEUTICA S/A,6,nao
SILGLÓS,SILGLOS,Similar,UNIÃO QUÍMICA FARMACÊUTICA NACIONAL S/A,2,nao
SILIMALON,SILIMALON,Específico,ZYDUS NIKKHO FARMACÊUTICA LTDA,3,nao
SILIMALON 140,SILIMALON 140,Específico,ZYDUS NIKKHO FARMACÊUTICA LTDA,2,nao
SILIMALON VITA E,SILIMALON VITA E,Específico,ZYDUS NIKKHO FARMACÊUTICA LTDA,1,nao
SILUESTAT,SILUESTAT,Similar,EMS S/A,2,nao
SIMBEVA,SIMBEVA,Biológico,LABORATORIO TEUTO BRASILEIRO S/A,2,nao
SIMBILEX,SIMBILEX,Similar,ACHÉ LABORATÓRIOS FARMACÊUTICOS S.A,1,nao
SIMBRINZA,SIMBRINZA,Novo,NOVARTIS BIOCIENCIAS S.A,2,nao
SIMDAX,SIMDAX,Novo,BIOLAB SANUS FARMACEUTICA LTDA,1,nao
SIMECO PLUS,SIMECO PLUS,Específico,EUROFARMA LABORATORIOS S.A.,2,nao
SIMLIP,SIMLIP,Similar,LABORATORIO GLOBO SA,4,nao
SIMPONI,SIMPONI,Biológico,JANSSEN-CILAG FARMACEUTICA LTDA,5,nao
SIMULECT,SIMULECT,Novo,NOVARTIS BIOCIENCIAS S.A,1,nao
SINCRO XR,SINCRO XR,Similar,EUROFARMA LABORATORIOS S.A.,4,nao
SINGULAIR,SINGULAIR,Novo,ORGANON FARMACEUTICA LTDA.,6,nao
SINOT,SINOT,Similar,EUROFARMA LABORATORIOS S.A.,4,nao
SINOT CLAV,SINOT CLAV,Similar,EUROFARMA LABORATORIOS S.A.,4,nao
SINTEZYS,SINTEZYS,Similar,BIOLAB FARMA GENERICOS LTDA | BIOLAB SANUS FARMACEUTICA LTDA,3,nao
SINUPRET,SINUPRET,Fitoterápico,BIONORICA DO BRASIL DISTRIBUICAO E IMPORTACAO LTDA,2,nao
SINUSTRAT VASOCONSTRICTOR,SINUSTRAT VASOCONSTRICTOR,Similar,BIOLAB SANUS FARMACEUTICA LTDA,1,nao
SINVALIP,SINVALIP,Similar,EMS S/A,3,nao
SINVASCOR,SINVASCOR,Similar,LABORATÓRIOS BALDACCI LTDA,8,nao
SINVASCOR EZE,SINVASCOR EZE,Similar,LABORATÓRIOS BALDACCI LTDA,3,nao
SINVASMAX,SINVASMAX,Similar,LABORATORIO GLOBO SA,3,nao
SINVASTACOR,SINVASTACOR,Similar,SANDOZ DO BRASIL INDÚSTRIA FARMACÊUTICA LTDA,3,nao
SINVATROX,SINVATROX,Similar,LEGRAND PHARMA INDUSTRIA FARMACEUTICA LTDA,1,nao
SIPUL,SIPUL,Similar,PRATI DONADUZZI & CIA LTDA,15,nao
SIRDALUD,SIRDALUD,Novo,SANDOZ DO BRASIL INDÚSTRIA FARMACÊUTICA LTDA,1,nao
SITAR,SITAR,Similar,SUN FARMACÊUTICA DO BRASIL LTDA,9,nao
SITAREDDYS,SITAREDDYS,Novo,DR. REDDYS FARMACÊUTICA DO BRASIL LTDA,6,nao
SITAREDDYS-M,SITAREDDYS M,Novo,DR. REDDYS FARMACÊUTICA DO BRASIL LTDA,6,nao
SITEH MET,SITEH MET,Similar,TORRENT DO BRASIL LTDA,8,nao
SITEH MET LP,SITEH MET LP,Similar,TORRENT DO BRASIL LTDA,3,nao
SITGLU,SITGLU,Similar,GERMED FARMACEUTICA LTDA,4,nao
SITGLU MET,SITGLU MET,Similar,GERMED FARMACEUTICA LTDA,6,nao
SIVEXTRO,SIVEXTRO,Novo,MERCK SHARP & DOHME FARMACEUTICA LTDA.,1,nao
SKINCAINE,SKINCAINE,Similar,CRISTÁLIA PRODUTOS QUÍMICOS FARMACÊUTICOS LTDA.,2,nao
SKYCLARYS,SKYCLARYS,Novo,BIOGEN BRASIL PRODUTOS FARMACEUTICOS LTDA,1,nao
SKYRIZI,SKYRIZI,Biológico,ABBVIE FARMACÊUTICA LTDA.,6,nao
SLINDA,SLINDA,Novo,EXELTIS LABORATORIO FARMACEUTICO LTDA,3,nao
SLIPDEX,SLIPDEX,Similar,BRAINFARMA INDÚSTRIA QUÍMICA E FARMACÊUTICA S.A,2,nao
SLIV,SLIV,Similar,EUROFARMA LABORATORIOS S.A.,2,nao
SLOW-K,SLOW K,Específico,UNIÃO QUÍMICA FARMACÊUTICA NACIONAL S/A,2,nao
SMOFKABIVEN,SMOFKABIVEN,Específico,FRESENIUS KABI BRASIL LTDA,24,nao
SMOFKABIVEN LIVRE DE ELETRÓLITOS,SMOFKABIVEN LIVRE DE ELETROLITOS,Específico,FRESENIUS KABI BRASIL LTDA,4,nao
SMOFLIPID 20%,SMOFLIPID 20,Específico,FRESENIUS KABI BRASIL LTDA,2,nao
SOANZA XR,SOANZA XR,Similar,ACHÉ LABORATÓRIOS FARMACÊUTICOS S.A,3,nao
SOCIAN,SOCIAN,Novo,SANOFI MEDLEY FARMACÊUTICA LTDA.,2,nao
SODIX,SODIX,Similar,GEOLAB INDÚSTRIA FARMACÊUTICA S/A,2,nao
SOF D,SOF D,Específico,ABBOTT LABORATORIOS DO BRASIL LTDA,20,nao
SOFANYR,SOFANYR,Similar,ACCORD FARMACÊUTICA LTDA,3,nao
SOFTALM,SOFTALM,Similar,COSMED INDUSTRIA DE COSMETICOS E MEDICAMENTOS S.A.,1,nao
SOGROYA,SOGROYA,Biológico,NOVO NORDISK FARMACÊUTICA DO BRASIL LTDA,3,nao
SOL-CART B,SOL CART B,Específico,LABORATORIOS B. BRAUN S/A,2,nao
SOLAQUIN,SOLAQUIN,Similar,MEDQUIMICA INDUSTRIA FARMACEUTICA LTDA.,1,nao
SOLARDRIL,SOLARDRIL,Similar,UNIÃO QUÍMICA FARMACÊUTICA NACIONAL S/A,1,nao
SOLIQUA,SOLIQUA,Biológico,SANOFI MEDLEY FARMACÊUTICA LTDA.,2,nao
SOLIRIS,SOLIRIS,Biológico,ALEXION SERVICOS E FARMACEUTICA DO BRASIL LTDA | ASTRAZENECA DO BRASIL LTDA,2,nao
SOLLEVARE,SOLLEVARE,Similar,EMS S/A,6,nao
SOLLUID,SOLLUID,Específico,CRISTÁLIA PRODUTOS QUÍMICOS FARMACÊUTICOS LTDA.,5,nao
SOLLY,SOLLY,Similar,BIOLAB SANUS FARMACEUTICA LTDA,4,nao
"SOLUÇÃO DE BICARBONATO DE SÓDIO 8,4% HALEX ISTAR",SOLUCAO DE BICARBONATO DE SODIO 8 4 HALEX ISTAR,Específico,HALEX ISTAR INDUSTRIA FARMACEUTICA SA,1,nao
SOLUÇÃO DE CLORETO DE POTASSIO,SOLUCAO DE CLORETO DE POTASSIO,Específico,EQUIPLEX INDÚSTRIA FARMACÊUTICA LTDA | FARMACE INDÚSTRIA QUÍMICO-FARMACÊUTICA CEARENSE LTDA,5,nao
SOLUÇÃO DE CLORETO DE SODIO B.BRAUN,SOLUCAO DE CLORETO DE SODIO B BRAUN,Específico,LABORATORIOS B. BRAUN S/A,7,nao
SOLUCAO DE GLICERINA,SOLUCAO DE GLICERINA,Específico,EQUIPLEX INDÚSTRIA FARMACÊUTICA LTDA,4,nao
SOLUCAO DE GLICOSE,SOLUCAO DE GLICOSE,Específico,EQUIPLEX INDÚSTRIA FARMACÊUTICA LTDA,8,nao
SOLUÇÃO DE GLICOSE B. BRAUN,SOLUCAO DE GLICOSE B BRAUN,Específico,LABORATORIOS B. BRAUN S/A,8,nao
SOLUÇÃO DE MANITOL 20%,SOLUCAO DE MANITOL 20,Específico,CRISTÁLIA PRODUTOS QUÍMICOS FARMACÊUTICOS LTDA. | LABORATORIOS B. BRAUN S/A,3,nao
SOLUCAO DE MANITOL EQUIPLEX,SOLUCAO DE MANITOL EQUIPLEX,Específico,EQUIPLEX INDÚSTRIA FARMACÊUTICA LTDA,2,nao
SOLUÇÃO DE RINGER COM LACTATO,SOLUCAO DE RINGER COM LACTATO,Específico,JP INDUSTRIA FARMACEUTICA S/A | LABORATORIOS B. BRAUN S/A,5,nao
SOLUÇÃO DE RINGER COM LACTATO DE SÓDIO,SOLUCAO DE RINGER COM LACTATO DE SODIO,Específico,BEKER PRODUTOS FARMACO HOSPITALARES LTDA,2,nao
SOLUÇÃO FISIOLÓGICA,SOLUCAO FISIOLOGICA,Específico,FARMARIN INDUSTRIA E COMERCIO LTDA,3,nao
"SOLUÇÃO FISIOLÓGICA A 0,9%",SOLUCAO FISIOLOGICA A 0 9,Específico,CRISTÁLIA PRODUTOS QUÍMICOS FARMACÊUTICOS LTDA.,3,nao
SOLUÇÃO FISIOLÓGICA DE CLORETO DE SÓDIO,SOLUCAO FISIOLOGICA DE CLORETO DE SODIO,Específico,FRESENIUS MEDICAL CARE LTDA,2,nao
SOLUCAO FISIOLOGICA DE CLORETO DE SODIO EQUIPLEX,SOLUCAO FISIOLOGICA DE CLORETO DE SODIO EQUIPLEX,Específico,EQUIPLEX INDÚSTRIA FARMACÊUTICA LTDA,11,nao
SOLUÇÃO FISIOLÓGICA DE RINGER COM LACTATO,SOLUCAO FISIOLOGICA DE RINGER COM LACTATO,Específico,EUROFARMA LABORATORIOS S.A.,2,nao
SOLUÇÃO GLICOFISIOLÓGICA,SOLUCAO GLICOFISIOLOGICA,Específico,BAXTER HOSPITALAR LTDA | EQUIPLEX INDÚSTRIA FARMACÊUTICA LTDA | FRESENIUS KABI BRASIL LTDA,6,nao
SOLUÇÃO GLICOFISIOLÓGICA BEKER,SOLUCAO GLICOFISIOLOGICA BEKER,Específico,BEKER PRODUTOS FARMACO HOSPITALARES LTDA,3,nao
SOLUÇÃO GLICOFISIOLÓGICA EQUIPLEX,SOLUCAO GLICOFISIOLOGICA EQUIPLEX,Específico,EQUIPLEX INDÚSTRIA FARMACÊUTICA LTDA,3,nao
SOLUÇÃO RINGER COM LACTATO,SOLUCAO RINGER COM LACTATO,Específico,EQUIPLEX INDÚSTRIA FARMACÊUTICA LTDA | FRESENIUS KABI BRASIL LTDA,5,nao
SOLUÇÃO RINGER SIMPLES EQUIPLEX,SOLUCAO RINGER SIMPLES EQUIPLEX,Específico,EQUIPLEX INDÚSTRIA FARMACÊUTICA LTDA,3,nao
SOLUÇÃO SALINA BALANCEADA - HALEX ISTAR,SOLUCAO SALINA BALANCEADA HALEX ISTAR,Específico,HALEX ISTAR INDUSTRIA FARMACEUTICA SA,2,nao
SOLUPREN,SOLUPREN,Similar,LABORATORIO QUIMICO FARMACEUTICO BERGAMO LTDA,1,nao
SOMAFLEX AP,SOMAFLEX AP,Similar,EMS SIGMA PHARMA LTDA,1,nao
SOMALGIN CARDIO,SOMALGIN CARDIO,Similar,EMS SIGMA PHARMA LTDA,6,nao
SOMALIUM,SOMALIUM,Similar,ACHÉ LABORATÓRIOS FARMACÊUTICOS S.A,5,nao
SOMATULINE AUTOGEL,SOMATULINE AUTOGEL,Novo,BEAUFOUR IPSEN FARMACÊUTICA LTDA,3,nao
SOMAVERT,SOMAVERT,Biológico,PFIZER BRASIL LTDA,2,nao
SONARIN,SONARIN,Similar,GEOLAB INDÚSTRIA FARMACÊUTICA S/A,1,nao
SONDELBAY,SONDELBAY,Biológico,ACCORD FARMACÊUTICA LTDA,2,nao
SONEBON,SONEBON,Similar,EMS SIGMA PHARMA LTDA,1,nao
SONIC,SONIC,Similar,EUROFARMA LABORATORIOS S.A.,4,nao
SONOTABS,SONOTABS,Fitoterápico,KLEY HERTZ FARMACEUTICA S.A,2,nao
SONOVUE,SONOVUE,Novo,BRACCO IMAGING DO BRASIL IMPORTAÇÃO E DISTRIBUIÇÃO DE MEDICAMENTOS LTDA,1,nao
SONOZZZ,SONOZZZ,Fitoterápico,PROCTER & GAMBLE DO BRASIL LTDA,2,nao
SONRIDOR,SONRIDOR,Novo,PF CONSUMER HEALTHCARE BRAZIL IMPORTADORA E DISTRIBUIDORA DE MEDICAMENTOS LTDA,1,nao
SONRIDOR CAF,SONRIDOR CAF,Novo,PF CONSUMER HEALTHCARE BRAZIL IMPORTADORA E DISTRIBUIDORA DE MEDICAMENTOS LTDA,2,nao
SONRISAL,SONRISAL,Similar,PF CONSUMER HEALTHCARE BRAZIL IMPORTADORA E DISTRIBUIDORA DE MEDICAMENTOS LTDA,6,nao
SOOLANTRA,SOOLANTRA,Novo,GALDERMA BRASIL LTDA,1,nao
SORBITOL + MANITOL,SORBITOL MANITOL,Específico,HALEX ISTAR INDUSTRIA FARMACEUTICA SA,1,nao
SORINAN,SORINAN,Similar,PHARMASCIENCE INDUSTRIA FARMACEUTICA S.A,1,nao
SORINE,SORINE,Similar,ACHÉ LABORATÓRIOS FARMACÊUTICOS S.A,1,nao
SORO ANTI-RÁBICO,SORO ANTI RABICO,Biológico,FUNDAÇÃO EZEQUIEL DIAS - FUNED | INSTITUTO BUTANTAN,2,nao
"SORO ANTIARACNÍDICO (LOXOSCELES, PHONEUTRIA E TITYUS)",SORO ANTIARACNIDICO LOXOSCELES PHONEUTRIA E TITYUS,Biológico,INSTITUTO BUTANTAN,1,nao
SORO ANTIBOTRÓPICO,SORO ANTIBOTROPICO,Biológico,FUNDAÇÃO EZEQUIEL DIAS - FUNED | INSTITUTO BUTANTAN,2,nao
SORO ANTIBOTRÓPICO-CROTÁLICO,SORO ANTIBOTROPICO CROTALICO,Biológico,FUNDAÇÃO EZEQUIEL DIAS - FUNED | INSTITUTO BUTANTAN,2,nao
SORO ANTIBOTRÓPICO-LAQUÉTICO,SORO ANTIBOTROPICO LAQUETICO,Biológico,FUNDAÇÃO EZEQUIEL DIAS - FUNED | INSTITUTO BUTANTAN,2,nao
SORO ANTIBOTULÍNICO AB,SORO ANTIBOTULINICO AB,Biológico,INSTITUTO BUTANTAN,1,nao
SORO ANTIBOTULINICO E,SORO ANTIBOTULINICO E,Biológico,INSTITUTO BUTANTAN,1,nao
SORO ANTICROTÁLICO,SORO ANTICROTALICO,Biológico,FUNDAÇÃO EZEQUIEL DIAS - FUNED | INSTITUTO BUTANTAN,2,nao
SORO ANTIDIFTERICO,SORO ANTIDIFTERICO,Biológico,INSTITUTO BUTANTAN,1,nao
SORO ANTIELAPÍDICO,SORO ANTIELAPIDICO,Biológico,FUNDAÇÃO EZEQUIEL DIAS - FUNED | INSTITUTO BUTANTAN,2,nao
SORO ANTIESCORPIÔNICO,SORO ANTIESCORPIONICO,Biológico,FUNDAÇÃO EZEQUIEL DIAS - FUNED | INSTITUTO BUTANTAN,2,nao
SORO ANTILONÔMICO,SORO ANTILONOMICO,Biológico,INSTITUTO BUTANTAN,1,nao
SORO ANTITETÂNICO,SORO ANTITETANICO,Biológico,FUNDAÇÃO EZEQUIEL DIAS - FUNED | INSTITUTO BUTANTAN,2,nao
SOROZINC,SOROZINC,Específico,CIFARMA CIENTÍFICA FARMACÊUTICA LTDA,1,nao
SOTTO,SOTTO,Similar,CELLERA FARMACEUTICA S.A.,4,nao
SOTYKTU,SOTYKTU,Novo,BRISTOL-MYERS SQUIBB FARMACÊUTICA LTDA,1,nao
SOUL,SOUL,Similar,ACHÉ LABORATÓRIOS FARMACÊUTICOS S.A,2,nao
SOVALDI,SOVALDI,Novo,GILEAD SCIENCES FARMACEUTICA DO BRASIL LTDA,1,nao
SOYFEMME,SOYFEMME,Fitoterápico,ACHÉ LABORATÓRIOS FARMACÊUTICOS S.A,2,nao
SOYNATI,SOYNATI,Fitoterápico,PHARMASCIENCE INDUSTRIA FARMACEUTICA S.A,2,nao
SPARK,SPARK,Similar,EUROFARMA LABORATORIOS S.A.,4,nao
SPARK XR,SPARK XR,Similar,EUROFARMA LABORATORIOS S.A.,4,nao
SPASMEX,SPASMEX,Novo,APSEN FARMACEUTICA S/A,14,nao
SPECDERA,SPECDERA,Fitoterápico,LABORATORIO GLOBO SA,4,nao
SPECTOFLUX,SPECTOFLUX,Similar,LABORATORIO GLOBO SA,2,nao
SPECTOLAB BALSAMICO,SPECTOLAB BALSAMICO,Similar,MULTILAB INDUSTRIA E COMERCIO DE PRODUTOS FARMACEUTICOS LTDA,2,nao
SPECTOLAB EXP,SPECTOLAB EXP,Similar,MULTILAB INDUSTRIA E COMERCIO DE PRODUTOS FARMACEUTICOS LTDA,4,nao
SPECTRILA,SPECTRILA,Biológico,LABORATÓRIOS BAGÓ DO BRASIL S/A,1,nao
SPEVIGO,SPEVIGO,Biológico,BOEHRINGER INGELHEIM DO BRASIL QUIMICA E FARMACEUTICA LTDA.,2,nao
SPIDUFEN,SPIDUFEN,Novo,ZAMBON LABORATÓRIOS FARMACÊUTICOS LTDA.,11,nao
SPIKEVAX,SPIKEVAX,Biológico,ADIUM S.A.,5,nao
SPIKEVAX BIVALENTE,SPIKEVAX BIVALENTE,Biológico,ADIUM S.A.,1,nao
SPINRAZA,SPINRAZA,Novo,BIOGEN BRASIL PRODUTOS FARMACEUTICOS LTDA,1,nao
SPIOLTO,SPIOLTO,Novo,BOEHRINGER INGELHEIM DO BRASIL QUIMICA E FARMACEUTICA LTDA.,1,nao
SPIRIVA RESPIMAT,SPIRIVA RESPIMAT,Novo,BOEHRINGER INGELHEIM DO BRASIL QUIMICA E FARMACEUTICA LTDA.,1,nao
SPIVA MCT-LCT,SPIVA MCT LCT,Similar,BAXTER HOSPITALAR LTDA,2,nao
SPORANOX,SPORANOX,Novo,JANSSEN-CILAG FARMACEUTICA LTDA,4,nao
SPOX,SPOX,Similar,CRISTÁLIA PRODUTOS QUÍMICOS FARMACÊUTICOS LTDA.,1,nao
SPRAVATO,SPRAVATO,Novo,JANSSEN-CILAG FARMACEUTICA LTDA,3,nao
SPRYCEL,SPRYCEL,Novo,BRISTOL-MYERS SQUIBB FARMACÊUTICA LTDA,2,nao
SPYLGLEN,SPYLGLEN,Similar,GLENMARK FARMACÊUTICA LTDA,1,nao
SS WHITE 100,SS WHITE 100,Similar,S S WHITE ARTIGOS DENTARIOS S/A,1,nao
STABIL,STABIL,Similar,ACHÉ LABORATÓRIOS FARMACÊUTICOS S.A,9,nao
STABIL XR,STABIL XR,Similar,ACHÉ LABORATÓRIOS FARMACÊUTICOS S.A,5,nao
STABLON,STABLON,Novo,LABORATORIOS SERVIER DO BRASIL LTDA,2,nao
STALEVO,STALEVO,Novo,SANDOZ DO BRASIL INDÚSTRIA FARMACÊUTICA LTDA,3,nao
STANGLIT,STANGLIT,Similar,LIBBS FARMACÊUTICA LTDA,8,nao
STAVIGILE,STAVIGILE,Novo,LIBBS FARMACÊUTICA LTDA,2,nao
STELARA,STELARA,Biológico,JANSSEN-CILAG FARMACEUTICA LTDA,6,nao
STELAZINE,STELAZINE,Similar,GLAXOSMITHKLINE BRASIL LTDA,2,nao
STELE,STELE,Similar,BIOLAB SANUS FARMACEUTICA LTDA,1,nao
STER,STER,Similar,UNIÃO QUÍMICA FARMACÊUTICA NACIONAL S/A,2,nao
STEZZA,STEZZA,Novo,THERAMEX FARMACEUTICA LTDA.,2,nao
STILAMIN,STILAMIN,Novo,MERCK S/A,1,nao
STILGRIP,STILGRIP,Similar,KLEY HERTZ FARMACEUTICA S.A,2,nao
STILGRIP CHÁ,STILGRIP CHA,Similar,KLEY HERTZ FARMACEUTICA S.A,1,nao
STILL,STILL,Novo,ALLERGAN PRODUTOS FARMACÊUTICOS LTDA,1,nao
STILNOX,STILNOX,Novo,SANOFI MEDLEY FARMACÊUTICA LTDA.,7,nao
STILRAM SL,STILRAM SL,Similar,LEGRAND PHARMA INDUSTRIA FARMACEUTICA LTDA,11,nao
STIMA,STIMA,Similar,EUROFARMA LABORATORIOS S.A.,4,nao
STIVARGA,STIVARGA,Novo,BAYER S.A.,1,nao
STOMALIV,STOMALIV,Específico,GEOLAB INDÚSTRIA FARMACÊUTICA S/A,4,nao
STRENSIQ,STRENSIQ,Biológico,ALEXION SERVICOS E FARMACEUTICA DO BRASIL LTDA | ASTRAZENECA DO BRASIL LTDA,8,nao
STREPSILS,STREPSILS,Novo,RECKITT BENCKISER (BRASIL) LTDA,5,nao
STRIVERDI RESPIMAT,STRIVERDI RESPIMAT,Novo,BOEHRINGER INGELHEIM DO BRASIL QUIMICA E FARMACEUTICA LTDA.,1,nao
STUB,STUB,Similar,BIOLAB SANUS FARMACEUTICA LTDA,2,nao
STUGERON,STUGERON,Novo,JANSSEN-CILAG FARMACEUTICA LTDA,2,nao
SUAVICID,SUAVICID,Similar,LEGRAND PHARMA INDUSTRIA FARMACEUTICA LTDA,3,nao
SUAVICID ONE,SUAVICID ONE,Similar,LEGRAND PHARMA INDUSTRIA FARMACEUTICA LTDA,3,nao
SUBTRAX,SUBTRAX,Similar,EUROFARMA LABORATORIOS S.A.,2,nao
SUCCINIL COLIN,SUCCINIL COLIN,Similar,UNIÃO QUÍMICA FARMACÊUTICA NACIONAL S/A,2,nao
SUCCITRAT,SUCCITRAT,Similar,BLAU FARMACEUTICA S.A.,8,nao
SUCRAFILM,SUCRAFILM,Específico,EMS SIGMA PHARMA LTDA,4,nao
SUCROFER,SUCROFER,Específico,UNIÃO QUÍMICA FARMACÊUTICA NACIONAL S/A,1,nao
SUFENTA,SUFENTA,Novo,ANTIBIÓTICOS DO BRASIL LTDA,3,nao
SUG,SUG,Similar,BIOLAB SANUS FARMACEUTICA LTDA,1,nao
SUGADIOZ,SUGADIOZ,Similar,SANDOZ DO BRASIL INDÚSTRIA FARMACÊUTICA LTDA,1,nao
SUGANON,SUGANON,Novo,EUROFARMA LABORATORIOS S.A.,3,nao
SUJMA,SUJMA,Similar,CAMBER FARMACEUTICA LTDA,4,nao
SUKHI,SUKHI,Similar,SUN FARMACÊUTICA DO BRASIL LTDA,2,nao
SULBAMOX,SULBAMOX,Similar,LABORATÓRIOS BAGÓ DO BRASIL S/A,3,nao
SULFATO DE MAGNÉSIO,SULFATO DE MAGNESIO,Específico,SAMTEC BIOTECNOLOGIA LIMITADA,2,nao
SULFATO DE MAGNÉSIO HEPTAHIDRATADO,SULFATO DE MAGNESIO HEPTAHIDRATADO,Específico,VASCONCELOS INDUSTRIA FARMACEUTICA E COMERCIO LTDA,5,nao
SULFATO DE ZINCO,SULFATO DE ZINCO,Específico,VASCONCELOS INDUSTRIA FARMACEUTICA E COMERCIO LTDA,1,nao
SULFERBEL,SULFERBEL,Específico,BELFAR LTDA,5,nao
SULGLIC,SULGLIC,Similar,EMS S/A,1,nao
SULPAN,SULPAN,Similar,COSMED INDUSTRIA DE COSMETICOS E MEDICAMENTOS S.A. | SANOFI MEDLEY FARMACÊUTICA LTDA.,2,nao
SULPH,SULPH,Similar,PRATI DONADUZZI & CIA LTDA,6,nao
SUMAX,SUMAX,Novo | Similar,LIBBS FARMACÊUTICA LTDA,8,nao
SUMAXPRO,SUMAXPRO,Novo,LIBBS FARMACÊUTICA LTDA,2,nao
SUNAM,SUNAM,Similar,SUN FARMACÊUTICA DO BRASIL LTDA,1,nao
SUPERAN,SUPERAN,Novo,SANOFI MEDLEY FARMACÊUTICA LTDA.,1,nao
SUPERHIST,SUPERHIST,Similar,EUROFARMA LABORATORIOS S.A.,1,nao
SUPERHIST ODT,SUPERHIST ODT,Novo,EUROFARMA LABORATORIOS S.A.,2,nao
SUPREMA,SUPREMA,Similar,BIOLAB SANUS FARMACEUTICA LTDA,1,nao
SURVANTA,SURVANTA,Biológico,ABBVIE FARMACÊUTICA LTDA.,2,nao
SUSTRATE,SUSTRATE,Novo,FARMOQUÍMICA S/A,3,nao
SUTENT,SUTENT,Novo,PFIZER BRASIL LTDA,3,nao
SUTRIPTAN,SUTRIPTAN,Similar,BIOLAB SANUS FARMACEUTICA LTDA,3,nao
SUVERSADEX,SUVERSADEX,Similar,DR. REDDYS FARMACÊUTICA DO BRASIL LTDA,2,nao
SUZOPA,SUZOPA,Similar,DR. REDDYS FARMACÊUTICA DO BRASIL LTDA,6,nao
SVUDIN,SVUDIN,Similar,CRISTÁLIA PRODUTOS QUÍMICOS FARMACÊUTICOS LTDA.,1,nao
SYBRAVA,SYBRAVA,Novo,NOVARTIS BIOCIENCIAS S.A,1,nao
SYGEN,SYGEN,Biológico,TRB PHARMA INDUSTRIA QUIMICA E FARMACEUTICA LTDA,1,nao
SYLETYV,SYLETYV,Similar,ACCORD FARMACÊUTICA LTDA,1,nao
SYLVANT,SYLVANT,Biológico,RECORDATI RARE DISEASES COMÉRCIO DE MEDICAMENTOS LTDA - ME,2,nao
SYMBICORT,SYMBICORT,Similar,ASTRAZENECA DO BRASIL LTDA,2,nao
SYMBICORT TURBUHALER,SYMBICORT TURBUHALER,Novo,ASTRAZENECA DO BRASIL LTDA,3,nao
SYMDEKO,SYMDEKO,Novo,VERTEX FARMACEUTICA DO BRASIL LTDA.,1,nao
SYMDULOR SL,SYMDULOR SL,Similar,ADIUM S.A.,4,nao
SYMPTA,SYMPTA,Similar,EUROFARMA LABORATORIOS S.A.,4,nao
SYNAGIS,SYNAGIS,Biológico,ASTRAZENECA DO BRASIL LTDA,2,nao
SYNFLORIX,SYNFLORIX,Biológico,GLAXOSMITHKLINE BRASIL LTDA,1,nao
SYNTHROID,SYNTHROID,Novo,ABBOTT LABORATORIOS DO BRASIL LTDA,16,nao
SYNTOCINON,SYNTOCINON,Novo,VIATRIS FARMACEUTICA DO BRASIL LTDA,1,nao
SYSTEN,SYSTEN,Novo,FARMA VISION IMPORTACAO E EXPORTACAO DE MEDICAMENTOS LTDA,3,nao
SYSTEN CONTI,SYSTEN CONTI,Similar,FARMA VISION IMPORTACAO E EXPORTACAO DE MEDICAMENTOS LTDA,1,nao
SYSTEN SEQUI,SYSTEN SEQUI,Similar,FARMA VISION IMPORTACAO E EXPORTACAO DE MEDICAMENTOS LTDA,1,nao
SYTOC,SYTOC,Similar,PHARLAB INDÚSTRIA FARMACÊUTICA S.A.,18,nao
TABRECTA,TABRECTA,Novo,NOVARTIS BIOCIENCIAS S.A,2,nao
TACE,TACE,Similar,CRISTÁLIA PRODUTOS QUÍMICOS FARMACÊUTICOS LTDA.,1,nao
TACFEN,TACFEN,Similar,EMS S/A,1,nao
TACHOSIL,TACHOSIL,Biológico,MANDALA BRASIL IMPORTACAO E DISTRIBUICAO DE PRODUTO MEDICO HOSPITALAR LTDA,1,nao
TACROFORT,TACROFORT,Similar,CAMBER FARMACEUTICA LTDA,2,nao
TACROLIL,TACROLIL,Similar,EMS S/A,2,nao
TACROZ,TACROZ,Similar,GLENMARK FARMACÊUTICA LTDA,2,nao
TADA,TADA,Similar,EUROFARMA LABORATORIOS S.A.,2,nao
TAFINLAR,TAFINLAR,Novo,NOVARTIS BIOCIENCIAS S.A,2,nao
TAGELYNIX,TAGELYNIX,Similar,ACCORD FARMACÊUTICA LTDA,2,nao
TAGRISSO,TAGRISSO,Novo,ASTRAZENECA DO BRASIL LTDA,2,nao
TAGUE,TAGUE,Similar,SUPERA FARMA LABORATÓRIOS S.A,5,nao
TAKHZYRO,TAKHZYRO,Biológico,TAKEDA PHARMA LTDA.,3,nao
TAKIL,TAKIL,Similar,MARJAN INDÚSTRIA E COMÉRCIO LTDA,1,nao
TALERC,TALERC,Novo,ACHÉ LABORATÓRIOS FARMACÊUTICOS S.A,2,nao
TALTZ,TALTZ,Biológico,ELI LILLY DO BRASIL LTDA,2,nao
TALVEY,TALVEY,Biológico,JANSSEN-CILAG FARMACEUTICA LTDA,2,nao
TALZENNA,TALZENNA,Novo,PFIZER BRASIL LTDA,3,nao
TAM,TAM,Similar,SUPERA FARMA LABORATÓRIOS S.A,4,nao
TAM XR,TAM XR,Similar,SUPERA FARMA LABORATÓRIOS S.A,4,nao
TAMARINE,TAMARINE,Fitoterápico,COSMED INDUSTRIA DE COSMETICOS E MEDICAMENTOS S.A.,5,nao
TAMIFLU,TAMIFLU,Novo,PRODUTOS ROCHE QUÍMICOS E FARMACÊUTICOS S.A.,3,nao
TAMIRAM,TAMIRAM,Novo | Similar,EUROFARMA LABORATORIOS S.A.,6,nao
TÂMISA,TAMISA,Similar,EUROFARMA LABORATORIOS S.A.,6,nao
TÂMISA 15,TAMISA 15,Similar,EUROFARMA LABORATORIOS S.A.,1,nao
TAMOXIN,TAMOXIN,Similar,EUROFARMA LABORATORIOS S.A.,1,nao
TAMSULON,TAMSULON,Similar,ADIUM S.A.,2,nao
TANAKAN,TANAKAN,Fitoterápico,ABBOTT LABORATORIOS DO BRASIL LTDA,4,nao
TANDENE,TANDENE,Similar,CELLERA FARMACEUTICA S.A.,2,nao
TANDERALGIN,TANDERALGIN,Similar,CELLERA FARMACEUTICA S.A.,2,nao
TANDRIFLAN,TANDRIFLAN,Similar,UNIÃO QUÍMICA FARMACÊUTICA NACIONAL S/A,4,nao
TANDRILAX,TANDRILAX,Novo,ACHÉ LABORATÓRIOS FARMACÊUTICOS S.A,3,nao
TANDUO,TANDUO,Similar,APSEN FARMACEUTICA S/A,4,nao
TANSUDART,TANSUDART,Similar,GLAXOSMITHKLINE BRASIL LTDA,2,nao
TANTIN,TANTIN,Similar,BIOLAB SANUS FARMACEUTICA LTDA,2,nao
TANZURYS,TANZURYS,Similar,EMS S/A,4,nao
TAPAZOL,TAPAZOL,Novo,BIOLAB SANUS FARMACEUTICA LTDA,3,nao
TARBET,TARBET,Similar,LABORATORIO TEUTO BRASILEIRO S/A,1,nao
TARCEVA,TARCEVA,Novo,BIOPAS BRASIL PRODUTOS FARMACEUTICOS LTDA,3,nao
TARFIC,TARFIC,Similar,LIBBS FARMACÊUTICA LTDA,6,nao
TARGIFOR,TARGIFOR,Específico,SANOFI MEDLEY FARMACÊUTICA LTDA.,1,nao
TARGIFOR C,TARGIFOR C,Específico,OPELLA HEALTHCARE BRAZIL LTDA,3,nao
TARGIN,TARGIN,Novo,MUNDIPHARMA BRASIL PRODUTOS MÉDICOS E FARMACÊUTICOS LTDA,5,nao
TARGOCID,TARGOCID,Novo,SANOFI MEDLEY FARMACÊUTICA LTDA.,2,nao
TARGUS,TARGUS,Novo,LABORATÓRIOS BAGÓ DO BRASIL S/A,2,nao
TASIGNA,TASIGNA,Novo,NOVARTIS BIOCIENCIAS S.A,2,nao
TASULIL,TASULIL,Similar,GEOLAB INDÚSTRIA FARMACÊUTICA S/A,1,nao
TAUMIK,TAUMIK,Similar,LABORATORIO QUIMICO FARMACEUTICO BERGAMO LTDA,1,nao
TAVAFLOX,TAVAFLOX,Novo | Similar,EMS SIGMA PHARMA LTDA,4,nao
TAVAGRAN,TAVAGRAN,Similar,LEGRAND PHARMA INDUSTRIA FARMACEUTICA LTDA,6,nao
TAVNEOS,TAVNEOS,Novo,CSL BEHRING COMÉRCIO DE PRODUTOS FARMACÊUTICOS LTDA,1,nao
TAVOK,TAVOK,Similar,EUROFARMA LABORATORIOS S.A.,4,nao
TAXILAN,TAXILAN,Similar,LABORATORIO QUIMICO FARMACEUTICO BERGAMO LTDA,2,nao
TAXOFEN,TAXOFEN,Similar,BLAU FARMACEUTICA S.A.,3,nao
TAXOL,TAXOL,Novo,BIOPAS BRASIL PRODUTOS FARMACEUTICOS LTDA,3,nao
TAXONTAS,TAXONTAS,Similar,ACCORD FARMACÊUTICA LTDA,3,nao
TAXOTERE,TAXOTERE,Novo,SANOFI MEDLEY FARMACÊUTICA LTDA.,2,nao
TAXXONEX,TAXXONEX,Similar,BLAU FARMACEUTICA S.A.,6,nao
TAZOCIN,TAZOCIN,Novo,PFIZER BRASIL LTDA,2,nao
TAZOMAZ,TAZOMAZ,Similar,UNIÃO QUÍMICA FARMACÊUTICA NACIONAL S/A,1,nao
TD FILA,TD FILA,Similar,1FARMA INDUSTRIA FARMACEUTICA LTDA,34,nao
TEARFILM,TEARFILM,Específico,GEOLAB INDÚSTRIA FARMACÊUTICA S/A,3,nao
TEBONIN,TEBONIN,Fitoterápico,HERBARIUM LABORATORIO BOTANICO LTDA,4,nao
TECARTUS,TECARTUS,Produto de Terapia Avançada,GILEAD SCIENCES FARMACEUTICA DO BRASIL LTDA,2,nao
TECENTRIQ,TECENTRIQ,Biológico,PRODUTOS ROCHE QUÍMICOS E FARMACÊUTICOS S.A.,3,nao
TECFIDERA,TECFIDERA,Novo,BIOGEN BRASIL PRODUTOS FARMACEUTICOS LTDA,2,nao
TECNOMET,TECNOMET,Similar,ADIUM S.A.,1,nao
TECPLAS,TECPLAS,Biológico,INSTITUTO DE TECNOLOGIA DO PARANA,4,nao
TECTA,TECTA,Novo,TAKEDA PHARMA LTDA.,3,nao
TECVAYLI,TECVAYLI,Biológico,JANSSEN-CILAG FARMACEUTICA LTDA,2,nao
TEDEAGA,TEDEAGA,Similar,LEGRAND PHARMA INDUSTRIA FARMACEUTICA LTDA,5,nao
TEDHOL,TEDHOL,Similar,BLAU FARMACEUTICA S.A.,4,nao
TEDHOL CÁPSULAS,TEDHOL CAPSULAS,Similar,BLAU FARMACEUTICA S.A.,8,nao
TEFLAN,TEFLAN,Similar,UNIÃO QUÍMICA FARMACÊUTICA NACIONAL S/A,3,nao
TEFLUT,TEFLUT,Similar,BLAU FARMACEUTICA S.A.,1,nao
TEGRETARD,TEGRETARD,Similar,CRISTÁLIA PRODUTOS QUÍMICOS FARMACÊUTICOS LTDA.,4,nao
TEGRETOL,TEGRETOL,Novo,NOVARTIS BIOCIENCIAS S.A,8,nao
TEGREZIN,TEGREZIN,Similar,CAZI QUIMICA FARMACEUTICA INDUSTRIA E COMERCIO LTDA,2,nao
TEGSEDI,TEGSEDI,Novo,PTC FARMACEUTICA DO BRASIL LTDA.,1,nao
TEICOSTON,TEICOSTON,Similar,BLAU FARMACEUTICA S.A.,12,nao
TEIPLAN,TEIPLAN,Similar,UNIÃO QUÍMICA FARMACÊUTICA NACIONAL S/A,2,nao
TEKZOR,TEKZOR,Similar,GERMED FARMACEUTICA LTDA,1,nao
TELD HCT,TELD HCT,Similar,TORRENT DO BRASIL LTDA,5,nao
TELOL,TELOL,Similar,GEOLAB INDÚSTRIA FARMACÊUTICA S/A,2,nao
TEMBLAR,TEMBLAR,Similar,ACHÉ LABORATÓRIOS FARMACÊUTICOS S.A,2,nao
TEMODAL,TEMODAL,Novo,MERCK SHARP & DOHME FARMACEUTICA LTDA.,7,nao
TEMOLIDA,TEMOLIDA,Similar,LABORATORIO QUIMICO FARMACEUTICO BERGAMO LTDA,2,nao
TEMOLIDA CÁPSULAS,TEMOLIDA CAPSULAS,Similar,LABORATORIO QUIMICO FARMACEUTICO BERGAMO LTDA,10,nao
TEMOZOD,TEMOZOD,Similar,SUN FARMACÊUTICA DO BRASIL LTDA,5,nao
TÊMPORA,TEMPORA,Similar,CRISTÁLIA PRODUTOS QUÍMICOS FARMACÊUTICOS LTDA.,4,nao
TENADREN,TENADREN,Novo | Similar,EMS SIGMA PHARMA LTDA,4,nao
TENAG,TENAG,Fitoterápico,MARJAN INDÚSTRIA E COMÉRCIO LTDA,1,nao
TENAVIT,TENAVIT,Específico,MARJAN INDÚSTRIA E COMÉRCIO LTDA,1,nao
TENOFTAL,TENOFTAL,Similar,LABORATORIO TEUTO BRASILEIRO S/A,1,nao
TENOLON,TENOLON,Similar,VITAMEDIC INDUSTRIA FARMACEUTICA LTDA,1,nao
TENOXIL,TENOXIL,Similar,MEDQUIMICA INDUSTRIA FARMACEUTICA LTDA.,1,nao
TENSALIV,TENSALIV,Similar,BRAINFARMA INDÚSTRIA QUÍMICA E FARMACÊUTICA S.A,4,nao
TENSIOVAL,TENSIOVAL,Similar,HIPOLABOR FARMACEUTICA LTDA,8,nao
TENSURIL,TENSURIL,Similar,CRISTÁLIA PRODUTOS QUÍMICOS FARMACÊUTICOS LTDA.,1,nao
TEOLONG,TEOLONG,Novo,ABBOTT LABORATORIOS DO BRASIL LTDA,2,nao
TEORO,TEORO,Similar,LIBBS FARMACÊUTICA LTDA,1,nao
TEPEMEN,TEPEMEN,Fitoterápico,AIRELA INDÚSTRIA FARMACÊUTICA LTDA.,1,nao
TEPEV,TEPEV,Similar,EMS S/A,6,nao
TEPEV  FF,TEPEV FF,Novo,EMS S/A,2,nao
TEPEZZA,TEPEZZA,Biológico,AMGEN BIOTECNOLOGIA DO BRASIL LTDA. | HORIZON THERAPEUTICS BRASIL LTDA.,2,nao
TEPMETKO,TEPMETKO,Novo,MERCK S/A,1,nao
TEQUEL,TEQUEL,Similar,TEVA FARMACÊUTICA LTDA.,2,nao
TERBUTIL,TERBUTIL,Similar,UNIÃO QUÍMICA FARMACÊUTICA NACIONAL S/A,1,nao
TERCEN,TERCEN,Similar,EUROFARMA LABORATORIOS S.A.,1,nao
TERGLY,TERGLY,Similar,VOLPHARMA DISTRIBUIDORA DE PRODUTOS HOSPITALARES E FARMACÊUTICOS LTDA,1,nao
TERICIN AT,TERICIN AT,Similar,ARESE PHARMA LTDA,3,nao
TERMOPRIN,TERMOPRIN,Similar,CAZI QUIMICA FARMACEUTICA INDUSTRIA E COMERCIO LTDA,1,nao
TEROCOXI,TEROCOXI,Similar,CRISTÁLIA PRODUTOS QUÍMICOS FARMACÊUTICOS LTDA.,5,nao
TEROLAC,TEROLAC,Similar,CRISTÁLIA PRODUTOS QUÍMICOS FARMACÊUTICOS LTDA.,2,nao
TEROQUATRO,TEROQUATRO,Similar,CRISTÁLIA PRODUTOS QUÍMICOS FARMACÊUTICOS LTDA.,2,nao
TERROSA,TERROSA,Biológico,"GEDEON RICHTER DO BRASIL IMPORTADORA, EXPORTADORA E DISTRIBUIDORA S.A.",3,nao
TERZA,TERZA,Novo,EUROFARMA LABORATORIOS S.A.,2,nao
TESS,TESS,Similar,UNIÃO QUÍMICA FARMACÊUTICA NACIONAL S/A,2,nao
TESTE VENCIMENTO,TESTE VENCIMENTO,Similar,EMPRESA DE TESTE LTDA. (VS01),1,nao
TESTOCYP,TESTOCYP,Similar,CIFARMA CIENTÍFICA FARMACÊUTICA LTDA,2,nao
TESTOGEL,TESTOGEL,Similar,BESINS HEALTHCARE BRASIL COMERCIAL E DISTRIBUIDORA DE MEDICAMENTOS LTDA,2,nao
TETANOGAMMA,TETANOGAMMA,Biológico,CSL BEHRING COMÉRCIO DE PRODUTOS FARMACÊUTICOS LTDA,3,nao
TETRALYSAL,TETRALYSAL,Novo,GALDERMA BRASIL LTDA,3,nao
TETRAMED,TETRAMED,Similar,MEDQUIMICA INDUSTRIA FARMACEUTICA LTDA.,1,nao
TEUCEF,TEUCEF,Similar,LABORATORIO TEUTO BRASILEIRO S/A,3,nao
TEUPANTOL,TEUPANTOL,Específico,LABORATORIO TEUTO BRASILEIRO S/A,1,nao
TEUSIL,TEUSIL,Similar,LABORATORIO TEUTO BRASILEIRO S/A,1,nao
TEUTOVIT E,TEUTOVIT E,Específico,LABORATORIO TEUTO BRASILEIRO S/A,1,nao
TEUTOZOL,TEUTOZOL,Similar,LABORATORIO TEUTO BRASILEIRO S/A,2,nao
TEVACARBO,TEVACARBO,Similar,TEVA FARMACÊUTICA LTDA.,2,nao
TEVAGRASTIM,TEVAGRASTIM,Biológico,TEVA FARMACÊUTICA LTDA.,1,nao
TEVAOXALI,TEVAOXALI,Similar,TEVA FARMACÊUTICA LTDA.,3,nao
TEVIMBRA,TEVIMBRA,Biológico,BEONE MEDICINES BRASIL LTDA,1,nao
TEZDRO,TEZDRO,Similar,COSMED INDUSTRIA DE COSMETICOS E MEDICAMENTOS S.A.,1,nao
TEZSPIRE,TEZSPIRE,Biológico,ASTRAZENECA DO BRASIL LTDA,2,nao
THERAPSOR,THERAPSOR,Similar,THERASKIN FARMACEUTICA LTDA.,1,nao
THIOCTACID,THIOCTACID,Novo,VIATRIS FARMACEUTICA DO BRASIL LTDA,5,nao
THIOPENTAX,THIOPENTAX,Similar,CRISTÁLIA PRODUTOS QUÍMICOS FARMACÊUTICOS LTDA.,2,nao
THYMOGLOBULINE,THYMOGLOBULINE,Biológico,SANOFI MEDLEY FARMACÊUTICA LTDA.,1,nao
THYROGEN,THYROGEN,Biológico,SANOFI MEDLEY FARMACÊUTICA LTDA.,1,nao
TIADOL,TIADOL,Similar,CELLERA FARMACEUTICA S.A.,2,nao
TIAG,TIAG,Similar,TORRENT DO BRASIL LTDA,2,nao
TIAPLEX,TIAPLEX,Similar,CELLERA FARMACEUTICA S.A.,1,nao
TIBIAL,TIBIAL,Similar,BRAINFARMA INDÚSTRIA QUÍMICA E FARMACÊUTICA S.A,1,nao
TIBOCLIN,TIBOCLIN,Similar,EMS S/A,1,nao
TIBSOVO,TIBSOVO,Novo,LABORATORIOS SERVIER DO BRASIL LTDA,1,nao
TILATIL,TILATIL,Novo,VIATRIS FARMACEUTICA DO BRASIL LTDA,1,nao
TILESTAL,TILESTAL,Similar,MYRALIS INDUSTRIA FARMACEUTICA LTDA,3,nao
TILONAX,TILONAX,Similar,CIFARMA CIENTÍFICA FARMACÊUTICA LTDA,1,nao
TILUGEN,TILUGEN,Similar,BRAINFARMA INDÚSTRIA QUÍMICA E FARMACÊUTICA S.A,1,nao
TIMB,TIMB,Similar,EUROFARMA LABORATORIOS S.A.,1,nao
TIMOPTOL,TIMOPTOL,Novo,MUNDIPHARMA BRASIL PRODUTOS MÉDICOS E FARMACÊUTICOS LTDA,2,nao
TIMOSAN,TIMOSAN,Similar,CRISTÁLIA PRODUTOS QUÍMICOS FARMACÊUTICOS LTDA.,3,nao
TININ,TININ,Similar,GEOLAB INDÚSTRIA FARMACÊUTICA S/A,1,nao
TINODIN,TINODIN,Similar,COSMED INDUSTRIA DE COSMETICOS E MEDICAMENTOS S.A.,1,nao
TINTURA DE ESPINHEIRA DIVINA COMPOSTA,TINTURA DE ESPINHEIRA DIVINA COMPOSTA,Fitoterápico,VIDORA FARMACEUTICA LTDA,1,nao
TIONAZEN,TIONAZEN,Similar,CAZI QUIMICA FARMACEUTICA INDUSTRIA E COMERCIO LTDA,2,nao
TIORFAN,TIORFAN,Novo,LABORATÓRIOS BAGÓ DO BRASIL S/A,3,nao
TIOTRAX,TIOTRAX,Similar,EMS S/A,1,nao
TIOXIN,TIOXIN,Similar,FRESENIUS KABI BRASIL LTDA,1,nao
TIPICI,TIPICI,Específico,LABORATORIO TEUTO BRASILEIRO S/A,3,nao
TISSEEL,TISSEEL,Biológico,BAXTER HOSPITALAR LTDA,6,nao
TITENIL,TITENIL,Similar,GEOLAB INDÚSTRIA FARMACÊUTICA S/A,2,nao
TIVECOM,TIVECOM,Similar,ACHÉ LABORATÓRIOS FARMACÊUTICOS S.A,1,nao
TIVICAY,TIVICAY,Novo,GLAXOSMITHKLINE BRASIL LTDA,1,nao
TIVICAY PD,TIVICAY PD,Novo,GLAXOSMITHKLINE BRASIL LTDA,1,nao
TOARIP,TOARIP,Similar,TORRENT DO BRASIL LTDA,5,nao
TOBRACIN,TOBRACIN,Similar,CRISTÁLIA PRODUTOS QUÍMICOS FARMACÊUTICOS LTDA.,2,nao
TOBRACORT,TOBRACORT,Similar,UNIÃO QUÍMICA FARMACÊUTICA NACIONAL S/A,2,nao
TOBRACULAR,TOBRACULAR,Similar,LEGRAND PHARMA INDUSTRIA FARMACEUTICA LTDA,1,nao
TOBRADEX,TOBRADEX,Novo,NOVARTIS BIOCIENCIAS S.A,2,nao
TOBRAMINA,TOBRAMINA,Novo,ANTIBIÓTICOS DO BRASIL LTDA,1,nao
TOBRAZOL,TOBRAZOL,Similar,TEVA FARMACÊUTICA LTDA.,1,nao
TOBREX,TOBREX,Novo,NOVARTIS BIOCIENCIAS S.A,2,nao
TODOC,TODOC,Similar,LEGRAND PHARMA INDUSTRIA FARMACEUTICA LTDA,4,nao
TODUZE,TODUZE,Novo,EMS S/A,1,nao
TOLREST,TOLREST,Novo | Similar,ACHÉ LABORATÓRIOS FARMACÊUTICOS S.A,15,nao
TOLZA IV,TOLZA IV,Similar,LABORATORIO TEUTO BRASILEIRO S/A,1,nao
TOPAMAX,TOPAMAX,Novo,JANSSEN-CILAG FARMACEUTICA LTDA,3,nao
TOPCOID,TOPCOID,Biológico,UNIÃO QUÍMICA FARMACÊUTICA NACIONAL S/A,1,nao
TOPERMA,TOPERMA,Novo,GRÜNENTHAL DO BRASIL FARMACÊUTICA LTDA.,2,nao
TOPIREX,TOPIREX,Similar,MULTILAB INDUSTRIA E COMERCIO DE PRODUTOS FARMACEUTICOS LTDA,2,nao
TOPISON,TOPISON,Similar,LIBBS FARMACÊUTICA LTDA,6,nao
TOPOTACX,TOPOTACX,Similar,ACCORD FARMACÊUTICA LTDA,1,nao
TORADOL,TORADOL,Novo,FARMOQUÍMICA S/A,1,nao
TORAGESIC,TORAGESIC,Similar,EMS SIGMA PHARMA LTDA,8,nao
TORAGESIC OFTA,TORAGESIC OFTA,Similar,EMS SIGMA PHARMA LTDA,3,nao
TORANTE,TORANTE,Fitoterápico,EUROFARMA LABORATORIOS S.A.,2,nao
TORFLAY,TORFLAY,Similar,LEGRAND PHARMA INDUSTRIA FARMACEUTICA LTDA,8,nao
TORGENA,TORGENA,Novo,PFIZER BRASIL LTDA,1,nao
TORHANZ,TORHANZ,Similar,DR. REDDYS FARMACÊUTICA DO BRASIL LTDA,2,nao
TORMIV ODG,TORMIV ODG,Novo,ACHÉ LABORATÓRIOS FARMACÊUTICOS S.A,4,nao
TORMIV SL,TORMIV SL,Similar,ACHÉ LABORATÓRIOS FARMACÊUTICOS S.A,3,nao
TORREM,TORREM,Similar,TORRENT DO BRASIL LTDA,2,nao
TORSILAX,TORSILAX,Similar,BRAINFARMA INDÚSTRIA QUÍMICA E FARMACÊUTICA S.A,4,nao
TORVAL CR,TORVAL CR,Novo,TORRENT DO BRASIL LTDA,6,nao
TORVILIP,TORVILIP,Similar,MULTILAB INDUSTRIA E COMERCIO DE PRODUTOS FARMACEUTICOS LTDA,3,nao
TORXIS,TORXIS,Similar,ACHÉ LABORATÓRIOS FARMACÊUTICOS S.A,3,nao
TOSSEXPEC,TOSSEXPEC,Similar,BRAINFARMA INDÚSTRIA QUÍMICA E FARMACÊUTICA S.A,1,nao
TOTACEF,TOTACEF,Similar,EUROFARMA LABORATORIOS S.A.,3,nao
TOTTI SL,TOTTI SL,Similar,ACHÉ LABORATÓRIOS FARMACÊUTICOS S.A,3,nao
TOUJEO,TOUJEO,Biológico,SANOFI MEDLEY FARMACÊUTICA LTDA.,1,nao
TOVAR,TOVAR,Similar,ACHÉ LABORATÓRIOS FARMACÊUTICOS S.A,1,nao
TOXXEL,TOXXEL,Similar,BLAU FARMACEUTICA S.A.,12,nao
TRACOX,TRACOX,Similar,FARMOQUÍMICA S/A,1,nao
TRACRIUM,TRACRIUM,Novo,ASPEN PHARMA INDÚSTRIA FARMACÊUTICA LTDA,2,nao
TRACTOCILE,TRACTOCILE,Novo,LABORATÓRIOS FERRING LTDA,2,nao
TRACUR,TRACUR,Similar,CRISTÁLIA PRODUTOS QUÍMICOS FARMACÊUTICOS LTDA.,2,nao
TRADEP,TRADEP,Similar,MULTILAB INDUSTRIA E COMERCIO DE PRODUTOS FARMACEUTICOS LTDA,4,nao
TRADINOL,TRADINOL,Similar,HIPOLABOR FARMACEUTICA LTDA,1,nao
TRAMADON,TRAMADON,Similar,CRISTÁLIA PRODUTOS QUÍMICOS FARMACÊUTICOS LTDA.,11,nao
TRAMAL,TRAMAL,Novo,GRÜNENTHAL DO BRASIL FARMACÊUTICA LTDA.,7,nao
TRAMAL RETARD,TRAMAL RETARD,Novo,GRÜNENTHAL DO BRASIL FARMACÊUTICA LTDA.,5,nao
TRANEGER,TRANEGER,Similar,GERMED FARMACEUTICA LTDA,2,nao
TRANQUINAL,TRANQUINAL,Similar,LABORATÓRIOS BAGÓ DO BRASIL S/A,7,nao
TRANQUINAL SLG,TRANQUINAL SLG,Novo,LABORATÓRIOS BAGÓ DO BRASIL S/A,2,nao
TRANSAMIN,TRANSAMIN,Novo,ZYDUS NIKKHO FARMACÊUTICA LTDA,6,nao
TRANSLARNA,TRANSLARNA,Novo,PTC FARMACEUTICA DO BRASIL LTDA.,3,nao
TRANSPULMIN XAROPE ADULTO,TRANSPULMIN XAROPE ADULTO,Similar,ACHÉ LABORATÓRIOS FARMACÊUTICOS S.A,1,nao
TRANSPULMIN XAROPE INFANTIL,TRANSPULMIN XAROPE INFANTIL,Novo,ACHÉ LABORATÓRIOS FARMACÊUTICOS S.A,1,nao
TRANSTEC,TRANSTEC,Novo,GRÜNENTHAL DO BRASIL FARMACÊUTICA LTDA.,3,nao
TRATURIL,TRATURIL,Similar,APSEN FARMACEUTICA S/A,2,nao
TRAUM,TRAUM,Similar,ACHÉ LABORATÓRIOS FARMACÊUTICOS S.A,3,nao
TRAVAMED,TRAVAMED,Similar,GERMED FARMACEUTICA LTDA,1,nao
TRAVAMED BAK FREE,TRAVAMED BAK FREE,Similar,GERMED FARMACEUTICA LTDA,1,nao
TRAVAMED MT,TRAVAMED MT,Similar,GERMED FARMACEUTICA LTDA,2,nao
TRAVATAN,TRAVATAN,Novo,NOVARTIS BIOCIENCIAS S.A,2,nao
TRAVOPTIC,TRAVOPTIC,Similar,GEOLAB INDÚSTRIA FARMACÊUTICA S/A,1,nao
TRAXONOL,TRAXONOL,Similar,GEOLAB INDÚSTRIA FARMACÊUTICA S/A,3,nao
TRAYENTA,TRAYENTA,Novo,BOEHRINGER INGELHEIM DO BRASIL QUIMICA E FARMACEUTICA LTDA.,2,nao
TRAYENTA DUO,TRAYENTA DUO,Novo,BOEHRINGER INGELHEIM DO BRASIL QUIMICA E FARMACEUTICA LTDA.,3,nao
TRAZIMERA,TRAZIMERA,Biológico,PFIZER BRASIL LTDA,2,nao
TREBYXAN,TREBYXAN,Similar,LABORATORIO QUIMICO FARMACEUTICO BERGAMO LTDA,6,nao
TRELEGY,TRELEGY,Novo,GLAXOSMITHKLINE BRASIL LTDA,2,nao
TREMFYA,TREMFYA,Biológico,JANSSEN-CILAG FARMACEUTICA LTDA,6,nao
TRESDÊ,TRESDE,Específico,ALTHAIA S.A. INDUSTRIA FARMACEUTICA,27,nao
TRESIBA,TRESIBA,Biológico,NOVO NORDISK FARMACÊUTICA DO BRASIL LTDA,7,nao
TREXACONT,TREXACONT,Similar,LEGRAND PHARMA INDUSTRIA FARMACEUTICA LTDA,1,nao
TREZETE,TREZETE,Novo,ACHÉ LABORATÓRIOS FARMACÊUTICOS S.A,8,nao
TREZOR,TREZOR,Similar,ACHÉ LABORATÓRIOS FARMACÊUTICOS S.A,17,nao
TRIANCIL,TRIANCIL,Novo,APSEN FARMACEUTICA S/A,3,nao
TRIAXIN,TRIAXIN,Similar,EUROFARMA LABORATORIOS S.A.,3,nao
TRIAXTON,TRIAXTON,Similar,BLAU FARMACEUTICA S.A.,3,nao
TRIAZOL,TRIAZOL,Similar,BIOLAB SANUS FARMACEUTICA LTDA,3,nao
TRICIT,TRICIT,Específico,EUROFARMA LABORATORIOS S.A.,1,nao
TRICOMAX,TRICOMAX,Similar,CAZI QUIMICA FARMACEUTICA INDUSTRIA E COMERCIO LTDA,1,nao
TRICORTID,TRICORTID,Similar,PHARLAB INDÚSTRIA FARMACÊUTICA S.A.,3,nao
TRIDIL,TRIDIL,Similar,CRISTÁLIA PRODUTOS QUÍMICOS FARMACÊUTICOS LTDA.,2,nao
TRIFAMOX,TRIFAMOX,Novo,LABORATÓRIOS BAGÓ DO BRASIL S/A,11,nao
TRIKAFTA,TRIKAFTA,Novo,VERTEX FARMACEUTICA DO BRASIL LTDA.,4,nao
TRILAX,TRILAX,Similar,SANDOZ DO BRASIL INDÚSTRIA FARMACÊUTICA LTDA,2,nao
TRILEPTAL,TRILEPTAL,Novo,NOVARTIS BIOCIENCIAS S.A,6,nao
TRIMBOW,TRIMBOW,Novo,CHIESI FARMACÊUTICA LTDA,2,nao
TRIMEB,TRIMEB,Similar,EUROFARMA LABORATORIOS S.A.,3,nao
TRIMEXIUM,TRIMEXIUM,Similar,EMS S/A,3,nao
TRIMUSK,TRIMUSK,Similar,EUROFARMA LABORATORIOS S.A.,3,nao
TRINODAZOL,TRINODAZOL,Similar,GEOLAB INDÚSTRIA FARMACÊUTICA S/A,1,nao
TRINODAZOL NISTATINA,TRINODAZOL NISTATINA,Similar,GEOLAB INDÚSTRIA FARMACÊUTICA S/A,1,nao
TRINULOX,TRINULOX,Similar,EMS S/A,1,nao
TRIPLENEX,TRIPLENEX,Novo,ALLERGAN PRODUTOS FARMACÊUTICOS LTDA,1,nao
TRIPLIXAM,TRIPLIXAM,Novo,LABORATORIOS SERVIER DO BRASIL LTDA,7,nao
TRIPLOA,TRIPLOA,Similar,SUPERA FARMA LABORATÓRIOS S.A,2,nao
TRIQUILAR,TRIQUILAR,Novo,UNIÃO QUÍMICA FARMACÊUTICA NACIONAL S/A,2,nao
TRIRUBIN,TRIRUBIN,Específico,UNIÃO QUÍMICA FARMACÊUTICA NACIONAL S/A,4,nao
TRISENOX,TRISENOX,Novo,TEVA FARMACÊUTICA LTDA.,2,nao
TRISK,TRISK,Similar,EUROFARMA LABORATORIOS S.A.,1,nao
TRISORB,TRISORB,Específico,NOVARTIS BIOCIENCIAS S.A,1,nao
TRIUMEQ,TRIUMEQ,Novo,GLAXOSMITHKLINE BRASIL LTDA,1,nao
TRIVAGEL N,TRIVAGEL N,Similar,MARJAN INDÚSTRIA E COMÉRCIO LTDA,1,nao
TRODELVY,TRODELVY,Biológico,GILEAD SCIENCES FARMACEUTICA DO BRASIL LTDA,1,nao
TROK,TROK,Similar,EUROFARMA LABORATORIOS S.A.,4,nao
TROK-G,TROK G,Similar,EUROFARMA LABORATORIOS S.A.,3,nao
TROK-N,TROK N,Similar,EUROFARMA LABORATORIOS S.A.,4,nao
TROL,TROL,Similar,SUPERA FARMA LABORATÓRIOS S.A,1,nao
TROL PAR,TROL PAR,Similar,SUPERA FARMA LABORATÓRIOS S.A,2,nao
TROMBOFOB GEL,TROMBOFOB GEL,Biológico,ABBOTT LABORATORIOS DO BRASIL LTDA,1,nao
TROMIZIR,TROMIZIR,Similar,BELFAR LTDA,2,nao
TROPINAL,TROPINAL,Similar,EMS SIGMA PHARMA LTDA,2,nao
TRULICITY,TRULICITY,Biológico,ELI LILLY DO BRASIL LTDA,2,nao
TRUMENBA,TRUMENBA,Biológico,PFIZER BRASIL LTDA,1,nao
TRUQAP,TRUQAP,Novo,ASTRAZENECA DO BRASIL LTDA,2,nao
TRUVADA,TRUVADA,Novo,GILEAD SCIENCES FARMACEUTICA DO BRASIL LTDA,1,nao
TRUXIMA,TRUXIMA,Biológico,CELLTRION HEALTHCARE DISTRIBUICAO DE PRODUTOS FARMACEUTICOS DOS BRASIL LTDA,2,nao
TRYNDÊ,TRYNDE,Específico,ALTHAIA S.A. INDUSTRIA FARMACEUTICA,21,nao
TUA D3,TUA D3,Específico,LABORATORIO TEUTO BRASILEIRO S/A,3,nao
TUNTÁ,TUNTA,Similar,EUROFARMA LABORATORIOS S.A.,1,nao
TURNO,TURNO,Similar,EUROFARMA LABORATORIOS S.A.,1,nao
TURNO SL,TURNO SL,Similar,EUROFARMA LABORATORIOS S.A.,1,nao
TURNO XR,TURNO XR,Similar,EUROFARMA LABORATORIOS S.A.,2,nao
TUXYN,TUXYN,Biológico,BIONOVIS S.A. - COMPANHIA BRASILEIRA DE BIOTECNOLOGIA FARMACEUTICA,2,nao
TWINRIX,TWINRIX,Novo,GLAXOSMITHKLINE BRASIL LTDA,1,nao
TYENNE,TYENNE,Biológico,FRESENIUS KABI BRASIL LTDA,12,nao
TYG,TYG,Similar,UNIÃO QUÍMICA FARMACÊUTICA NACIONAL S/A,1,nao
TYGACIL,TYGACIL,Novo,PFIZER BRASIL LTDA,1,nao
TYKERB,TYKERB,Novo,NOVARTIS BIOCIENCIAS S.A,1,nao
TYKITICIP,TYKITICIP,Similar,CIPLA BRASIL IMPORTADORA E DISTRIBUIDORA DE MEDICAMENTOS LTDA,1,nao
TYLAFLEX,TYLAFLEX,Similar,MEDQUIMICA INDUSTRIA FARMACEUTICA LTDA.,1,nao
TYLALGIN,TYLALGIN,Similar,GEOLAB INDÚSTRIA FARMACÊUTICA S/A,3,nao
TYLALGIN CAF,TYLALGIN CAF,Similar,GEOLAB INDÚSTRIA FARMACÊUTICA S/A,2,nao
TYLEMAX,TYLEMAX,Similar,NATULAB LABORATORIO S.A,5,nao
TYLENOL,TYLENOL,Novo,JANSSEN-CILAG FARMACEUTICA LTDA | KENVUE LTDA.,14,nao
TYLENOL DC,TYLENOL DC,Novo,JANSSEN-CILAG FARMACEUTICA LTDA | KENVUE LTDA.,5,nao
TYLENOL SINUS,TYLENOL SINUS,Novo,KENVUE LTDA.,2,nao
TYLEX,TYLEX,Novo,CELLERA FARMACEUTICA S.A.,4,nao
TYLIDOL,TYLIDOL,Similar,LABORATORIO TEUTO BRASILEIRO S/A,1,nao
TYNNA,TYNNA,Similar,SUPERA FARMA LABORATÓRIOS S.A,3,nao
TYPHIM VI,TYPHIM VI,Biológico,SANOFI MEDLEY FARMACÊUTICA LTDA.,1,nao
TYSABRI,TYSABRI,Biológico,BIOGEN BRASIL PRODUTOS FARMACEUTICOS LTDA,1,nao
TZIELD®,TZIELD,Biológico,SANOFI MEDLEY FARMACÊUTICA LTDA.,1,nao
ULCTAM,ULCTAM,Similar,LABORATORIO TEUTO BRASILEIRO S/A,2,nao
ULTIBRO,ULTIBRO,Novo,NOVARTIS BIOCIENCIAS S.A,1,nao
ULTIVA,ULTIVA,Novo,ASPEN PHARMA INDÚSTRIA FARMACÊUTICA LTDA,2,nao
ULTOMIRIS,ULTOMIRIS,Biológico,ALEXION SERVICOS E FARMACEUTICA DO BRASIL LTDA | ASTRAZENECA DO BRASIL LTDA,6,nao
ULTRACET,ULTRACET,Novo,JANSSEN-CILAG FARMACEUTICA LTDA,3,nao
ULTRAFER,ULTRAFER,Específico,FARMOQUÍMICA S/A,3,nao
ULTRAPROCT LDO,ULTRAPROCT LDO,Novo,MOKSHA8 BRASIL INDUSTRIA E COMERCIO DE MEDICAMENTOS LTDA,1,nao
ULTRAVIST,ULTRAVIST,Novo,BAYER S.A.,8,nao
ULTROX,ULTROX,Similar,SUPERA FARMA LABORATÓRIOS S.A,3,nao
UMAN ALBUMIN,UMAN ALBUMIN,Biológico,KEDRION BRASIL LTDA.,2,nao
UMMA,UMMA,Similar,COSMED INDUSTRIA DE COSMETICOS E MEDICAMENTOS S.A.,1,nao
UNAK,UNAK,Similar,DIFFUCAP - CHEMOBRÁS QUÍMICA E FARMACÊUTICA LTDA,3,nao
UNHA SANA,UNHA SANA,Similar,KLEY HERTZ FARMACEUTICA S.A,1,nao
UNI-CARBAMAZ,UNI CARBAMAZ,Similar,UNIÃO QUÍMICA FARMACÊUTICA NACIONAL S/A,2,nao
UNI-DIAZEPAX,UNI DIAZEPAX,Similar,UNIÃO QUÍMICA FARMACÊUTICA NACIONAL S/A,3,nao
UNI HALOPER,UNI HALOPER,Similar,UNIÃO QUÍMICA FARMACÊUTICA NACIONAL S/A,2,nao
UNI-VIR,UNI VIR,Similar,UNIÃO QUÍMICA FARMACÊUTICA NACIONAL S/A,3,nao
UNIAIR,UNIAIR,Similar,GEOLAB INDÚSTRIA FARMACÊUTICA S/A,5,nao
UNIANORA,UNIANORA,Similar,UNIÃO QUÍMICA FARMACÊUTICA NACIONAL S/A,1,nao
UNICLARIN,UNICLARIN,Similar,UNIÃO QUÍMICA FARMACÊUTICA NACIONAL S/A,1,nao
UNIDEXA,UNIDEXA,Similar,UNIÃO QUÍMICA FARMACÊUTICA NACIONAL S/A,2,nao
UNIFEDRINE,UNIFEDRINE,Similar,UNIÃO QUÍMICA FARMACÊUTICA NACIONAL S/A,1,nao
UNIFENTAL,UNIFENTAL,Similar,UNIÃO QUÍMICA FARMACÊUTICA NACIONAL S/A,3,nao
UNIFLU,UNIFLU,Similar,UNIÃO QUÍMICA FARMACÊUTICA NACIONAL S/A,3,nao
UNIGYN,UNIGYN,Similar,EMS SIGMA PHARMA LTDA,2,nao
UNIMEDROL,UNIMEDROL,Similar,UNIÃO QUÍMICA FARMACÊUTICA NACIONAL S/A,2,nao
UNINALTREX,UNINALTREX,Similar,UNIÃO QUÍMICA FARMACÊUTICA NACIONAL S/A,2,nao
UNIPRAZOL,UNIPRAZOL,Similar,UNIÃO QUÍMICA FARMACÊUTICA NACIONAL S/A,4,nao
UNIREZ,UNIREZ,Similar,UNIÃO QUÍMICA FARMACÊUTICA NACIONAL S/A,1,nao
UNITIDAZIN,UNITIDAZIN,Similar,UNIÃO QUÍMICA FARMACÊUTICA NACIONAL S/A,2,nao
UNITRAM,UNITRAM,Similar,FARMOQUÍMICA S/A,10,nao
UNIZINCO,UNIZINCO,Específico,MYRALIS INDUSTRIA FARMACEUTICA LTDA,1,nao
UNIZINCO COMPRIMIDO,UNIZINCO COMPRIMIDO,Específico,MYRALIS INDUSTRIA FARMACEUTICA LTDA,1,nao
UNOPROST,UNOPROST,Similar,APSEN FARMACEUTICA S/A,3,nao
UNTRAL,UNTRAL,Específico,ACHÉ LABORATÓRIOS FARMACÊUTICOS S.A,3,nao
UNYCA,UNYCA,Similar,COSMED INDUSTRIA DE COSMETICOS E MEDICAMENTOS S.A.,1,nao
UPELIOR,UPELIOR,Novo,RECORDATI RARE DISEASES COMÉRCIO DE MEDICAMENTOS LTDA - ME,2,nao
UPLIZNA,UPLIZNA,Biológico,AMGEN BIOTECNOLOGIA DO BRASIL LTDA. | HORIZON THERAPEUTICS BRASIL LTDA.,2,nao
UPTRAVI,UPTRAVI,Novo,JANSSEN-CILAG FARMACEUTICA LTDA,9,nao
URBANIL,URBANIL,Novo,PHARLAB INDÚSTRIA FARMACÊUTICA S.A.,2,nao
URCIP,URCIP,Similar,ACHÉ LABORATÓRIOS FARMACÊUTICOS S.A,2,nao
UREADIN,UREADIN,Novo,SANOFI MEDLEY FARMACÊUTICA LTDA.,1,nao
URO-VAXOM,URO VAXOM,Biológico,APSEN FARMACEUTICA S/A,2,nao
UROCTRIN,UROCTRIN,Novo,LEGRAND PHARMA INDUSTRIA FARMACEUTICA LTDA,1,nao
UROHIPE,UROHIPE,Biológico,UNO HEALTHCARE COMÉRCIO DE MEDICAMENTOS LTDA.,1,nao
UROTROBEL,UROTROBEL,Similar,BELFAR LTDA,3,nao
URSACOL,URSACOL,Novo,ZAMBON LABORATÓRIOS FARMACÊUTICOS LTDA.,3,nao
USOLEG,USOLEG,Similar,LEGRAND PHARMA INDUSTRIA FARMACEUTICA LTDA,4,nao
UTROGESTAN,UTROGESTAN,Novo,BESINS HEALTHCARE BRASIL COMERCIAL E DISTRIBUIDORA DE MEDICAMENTOS LTDA,3,nao
V-GRIPE,V GRIPE,Similar,EUROFARMA LABORATORIOS S.A.,2,nao
V-TOSSE,V TOSSE,Fitoterápico,EUROFARMA LABORATORIOS S.A.,1,nao
VABAM,VABAM,Similar,COSMED INDUSTRIA DE COSMETICOS E MEDICAMENTOS S.A.,9,nao
VABYSMO,VABYSMO,Biológico,PRODUTOS ROCHE QUÍMICOS E FARMACÊUTICOS S.A.,1,nao
VACINA ADSORVIDA DIFTERIA E TÉTANO ADULTO (DT),VACINA ADSORVIDA DIFTERIA E TETANO ADULTO DT,Biológico,INSTITUTO BUTANTAN,1,nao
VACINA ADSORVIDA DIFTERIA E TÉTANO INFANTIL (DT),VACINA ADSORVIDA DIFTERIA E TETANO INFANTIL DT,Biológico,INSTITUTO BUTANTAN,1,nao
"VACINA ADSORVIDA DIFTERIA, TÉTANO E PERTUSSIS",VACINA ADSORVIDA DIFTERIA TETANO E PERTUSSIS,Biológico,INSTITUTO BUTANTAN,1,nao
"VACINA ADSORVIDA DIFTERIA, TÉTANO E PERTUSSIS (ACELULAR)",VACINA ADSORVIDA DIFTERIA TETANO E PERTUSSIS ACELULAR,Biológico,INSTITUTO BUTANTAN,2,nao
VACINA ADSORVIDA HEPATITE A (INATIVADA),VACINA ADSORVIDA HEPATITE A INATIVADA,Biológico,INSTITUTO BUTANTAN,1,nao
VACINA ADSORVIDA HEPATITE B (RECOMBINANTE),VACINA ADSORVIDA HEPATITE B RECOMBINANTE,Biológico,INSTITUTO BUTANTAN,1,nao
VACINA ADSORVIDA MENINGOCÓCICA C (CONJUGADA),VACINA ADSORVIDA MENINGOCOCICA C CONJUGADA,Biológico,FUNDAÇÃO EZEQUIEL DIAS - FUNED,9,nao
VACINA BCG,VACINA BCG,Biológico,UNO HEALTHCARE COMÉRCIO DE MEDICAMENTOS LTDA.,2,nao
VACINA COVID-19 (RECOMBINANTE),VACINA COVID 19 RECOMBINANTE,Biológico,FUNDACAO OSWALDO CRUZ | ZALIKA FARMACEUTICA LTDA,5,nao
VACINA DO VÍRUS SINCICIAL RESPIRATÓRIO BIVALENTE (RECOMBINANTE),VACINA DO VIRUS SINCICIAL RESPIRATORIO BIVALENTE RECOMBINANTE,Biológico,INSTITUTO BUTANTAN,4,nao
VACINA FEBRE AMARELA (ATENUADA),VACINA FEBRE AMARELA ATENUADA,Novo,FUNDACAO OSWALDO CRUZ,2,nao
VACINA HAEMOPHILUS INFLUENZAE B (CONJUGADA),VACINA HAEMOPHILUS INFLUENZAE B CONJUGADA,Biológico,FUNDACAO OSWALDO CRUZ | SANOFI MEDLEY FARMACÊUTICA LTDA.,2,nao
"VACINA INFLUENZA TETRAVALENTE (FRAGMENTADA, INATIVADA) SÊNIOR",VACINA INFLUENZA TETRAVALENTE FRAGMENTADA INATIVADA SENIOR,Biológico,INSTITUTO BUTANTAN,1,nao
VACINA INFLUENZA TRIVALENTE ( FRAGMENTADA E INATIVADA ),VACINA INFLUENZA TRIVALENTE FRAGMENTADA E INATIVADA,Novo,INSTITUTO BUTANTAN,4,nao
"VACINA INFLUENZA TRIVALENTE (FRAGMENTADA, INATIVADA) SÊNIOR",VACINA INFLUENZA TRIVALENTE FRAGMENTADA INATIVADA SENIOR,Biológico,INSTITUTO BUTANTAN,1,nao
VACINA MENINGOCÓCICA ACWY (CONJUGADA),VACINA MENINGOCOCICA ACWY CONJUGADA,Biológico,FUNDACAO OSWALDO CRUZ | FUNDAÇÃO EZEQUIEL DIAS - FUNED | INSTITUTO BUTANTAN,5,nao
"VACINA PAPILOMAVIRUS HUMANO 6, 11, 16 E 18 (RECOMBINANTE)",VACINA PAPILOMAVIRUS HUMANO 6 11 16 E 18 RECOMBINANTE,Biológico,INSTITUTO BUTANTAN,1,nao
VACINA PNEUMOCÓCICA 10-VALENTE (CONJUGADA),VACINA PNEUMOCOCICA 10 VALENTE CONJUGADA,Biológico,FUNDACAO OSWALDO CRUZ,3,nao
"VACINA POLIOMIELITE 1, 2 E 3 (INATIVADA)",VACINA POLIOMIELITE 1 2 E 3 INATIVADA,Biológico,FUNDACAO OSWALDO CRUZ,1,nao
VACINA POLIOMIELITE 1 E 3 (ATENUADA),VACINA POLIOMIELITE 1 E 3 ATENUADA,Biológico,FUNDACAO OSWALDO CRUZ,1,nao
VACINA RAIVA(INATIVADA),VACINA RAIVA INATIVADA,Biológico,INSTITUTO BUTANTAN | SANOFI MEDLEY FARMACÊUTICA LTDA.,7,nao
VACINA RECOMBINANTE CONTRA HEPATITE B,VACINA RECOMBINANTE CONTRA HEPATITE B,Novo,INSTITUTO BUTANTAN,1,nao
VACINA ROTAVÍRUS HUMANO G1P[8] (ATENUADA),VACINA ROTAVIRUS HUMANO G1P 8 ATENUADA,Biológico,FUNDACAO OSWALDO CRUZ,1,nao
"VACINA SARAMPO, CAXUMBA, RUBÉOLA (ATENUADA)",VACINA SARAMPO CAXUMBA RUBEOLA ATENUADA,Biológico,FUNDACAO OSWALDO CRUZ,1,nao
"VACINA SARAMPO, CAXUMBA, RUBÉOLA E VARICELA (ATENUADA)",VACINA SARAMPO CAXUMBA RUBEOLA E VARICELA ATENUADA,Biológico,FUNDACAO OSWALDO CRUZ,2,nao
VACINA VARICELA (ATENUADA),VACINA VARICELA ATENUADA,Biológico,INSTITUTO BUTANTAN,2,nao
VAGI C,VAGI C,Específico,MARJAN INDÚSTRIA E COMÉRCIO LTDA,1,nao
VAGICAND,VAGICAND,Similar,SUPERA FARMA LABORATÓRIOS S.A,1,nao
VAGIFEM,VAGIFEM,Novo,BESINS HEALTHCARE BRASIL COMERCIAL E DISTRIBUIDORA DE MEDICAMENTOS LTDA,1,nao
VALASKI,VALASKI,Similar,SUPERA FARMA LABORATÓRIOS S.A,2,nao
VALCYTE,VALCYTE,Novo,BIOPAS BRASIL PRODUTOS FARMACEUTICOS LTDA,1,nao
VALDOXAN,VALDOXAN,Novo,LABORATORIOS SERVIER DO BRASIL LTDA,3,nao
VALERANCE,VALERANCE,Fitoterápico,LABORATÓRIO FARMACÊUTICO ELOFAR LTDA,1,nao
VALERIANE,VALERIANE,Fitoterápico,ZYDUS NIKKHO FARMACÊUTICA LTDA,1,nao
VALERIMED,VALERIMED,Fitoterápico,CIMED INDUSTRIA S.A,1,nao
VALERINATI,VALERINATI,Fitoterápico,PHARMASCIENCE INDUSTRIA FARMACEUTICA S.A,1,nao
VALESSONE,VALESSONE,Fitoterápico,NATULAB LABORATORIO S.A,3,nao
VALIUM,VALIUM,Novo,BELFAR LTDA,2,nao
VALPI,VALPI,Similar,ACHÉ LABORATÓRIOS FARMACÊUTICOS S.A,1,nao
VALSED,VALSED,Fitoterápico,CIFARMA CIENTÍFICA FARMACÊUTICA LTDA,2,nao
VALTREX,VALTREX,Novo,GLAXOSMITHKLINE BRASIL LTDA,2,nao
VALYANNE,VALYANNE,Fitoterápico,GEOLAB INDÚSTRIA FARMACÊUTICA S/A,2,nao
VANCOCINA CP,VANCOCINA CP,Novo,ANTIBIÓTICOS DO BRASIL LTDA,3,nao
VANCOSON,VANCOSON,Similar,BLAU FARMACEUTICA S.A.,5,nao
VANCOTRAT,VANCOTRAT,Similar,UNIÃO QUÍMICA FARMACÊUTICA NACIONAL S/A,1,nao
VANISTO,VANISTO,Novo,GLAXOSMITHKLINE BRASIL LTDA,2,nao
VANLURE,VANLURE,Similar,EUROFARMA LABORATORIOS S.A.,2,nao
VANNAIR,VANNAIR,Novo,ASTRAZENECA DO BRASIL LTDA,2,nao
VANTIL,VANTIL,Similar,1FARMA INDUSTRIA FARMACEUTICA LTDA,1,nao
VAQTA,VAQTA,Novo,MERCK SHARP & DOHME FARMACEUTICA LTDA. | ORGANON FARMACEUTICA LTDA.,5,nao
VARICAPS AH,VARICAPS AH,Fitoterápico,KLEY HERTZ FARMACEUTICA S.A,1,nao
VARICELL PHYTO,VARICELL PHYTO,Fitoterápico,VIDFARMA INDÚSTRIA DE MEDICAMENTOS LTDA,1,nao
VARICOSS,VARICOSS,Específico,CIFARMA CIENTÍFICA FARMACÊUTICA LTDA,2,nao
VARIFLUX,VARIFLUX,Específico,CIFARMA CIENTÍFICA FARMACÊUTICA LTDA,3,nao
VARILESS BIONATUS,VARILESS BIONATUS,Fitoterápico,BIONATUS LABORATÓRIO BOTÂNICO LTDA,1,nao
VARILRIX,VARILRIX,Novo,GLAXOSMITHKLINE BRASIL LTDA,2,nao
VARISBEM,VARISBEM,Fitoterápico,VIDORA FARMACEUTICA LTDA,2,nao
VARIVAX,VARIVAX,Biológico | Fitoterápico,MERCK SHARP & DOHME FARMACEUTICA LTDA. | NATULAB LABORATORIO S.A,4,nao
VARTAZ,VARTAZ,Similar,EUROFARMA LABORATORIOS S.A.,6,nao
VARYLIFT,VARYLIFT,Específico,UNIÃO QUÍMICA FARMACÊUTICA NACIONAL S/A,4,nao
VASCOR MR,VASCOR MR,Similar,EUROFARMA LABORATORIOS S.A.,3,nao
VASIFIL,VASIFIL,Similar,MULTILAB INDUSTRIA E COMERCIO DE PRODUTOS FARMACEUTICOS LTDA,2,nao
VASLIP,VASLIP,Similar,BIOLAB SANUS FARMACEUTICA LTDA,4,nao
VASOGARD,VASOGARD,Similar,ACHÉ LABORATÓRIOS FARMACÊUTICOS S.A,6,nao
VASOPRIL,VASOPRIL,Similar,BIOLAB SANUS FARMACEUTICA LTDA,5,nao
VASOPRIL PLUS,VASOPRIL PLUS,Similar,BIOLAB SANUS FARMACEUTICA LTDA,4,nao
VAST,VAST,Similar,EUROFARMA LABORATORIOS S.A.,3,nao
VASTAREL,VASTAREL,Novo,LABORATORIOS SERVIER DO BRASIL LTDA,2,nao
VASTAREL CAPS LP,VASTAREL CAPS LP,Novo,LABORATORIOS SERVIER DO BRASIL LTDA,2,nao
VASTIGMA,VASTIGMA,Similar,EMS SIGMA PHARMA LTDA,2,nao
VASTONIC,VASTONIC,Específico,MAKROFARMA QUIMICA FARMACEUTICA LTDA,2,nao
VATIS,VATIS,Novo | Similar,LIBBS FARMACÊUTICA LTDA,6,nao
VAXIGRIP ®,VAXIGRIP,Biológico,SANOFI MEDLEY FARMACÊUTICA LTDA.,1,nao
VAXIGRIP TETRA,VAXIGRIP TETRA,Biológico,SANOFI MEDLEY FARMACÊUTICA LTDA.,7,nao
VAXNEUVANCE,VAXNEUVANCE,Biológico,MERCK SHARP & DOHME FARMACEUTICA LTDA.,2,nao
VAZIDIN,VAZIDIN,Similar,PHARLAB INDÚSTRIA FARMACÊUTICA S.A.,2,nao
VAZULI,VAZULI,Similar,PRATI DONADUZZI & CIA LTDA,15,nao
VAZY,VAZY,Similar,EMS SIGMA PHARMA LTDA,2,nao
VEAC,VEAC,Similar,EUROFARMA LABORATORIOS S.A.,2,nao
VECANDE,VECANDE,Similar,GERMED FARMACEUTICA LTDA,9,nao
VECASTEN,VECASTEN,Fitoterápico,MARJAN INDÚSTRIA E COMÉRCIO LTDA,3,nao
VECTIBIX,VECTIBIX,Biológico,AMGEN BIOTECNOLOGIA DO BRASIL LTDA.,1,nao
VECURON,VECURON,Similar,CRISTÁLIA PRODUTOS QUÍMICOS FARMACÊUTICOS LTDA.,2,nao
VEEPI,VEEPI,Similar,TORRENT DO BRASIL LTDA,11,nao
VEGAPALI,VEGAPALI,Similar,ADIUM S.A.,12,nao
VEGZELMA,VEGZELMA,Biológico,CELLTRION HEALTHCARE DISTRIBUICAO DE PRODUTOS FARMACEUTICOS DOS BRASIL LTDA,2,nao
VEKLURY®,VEKLURY,Novo,GILEAD SCIENCES FARMACEUTICA DO BRASIL LTDA,1,nao
VELAMOX,VELAMOX,Similar,EMS SIGMA PHARMA LTDA,2,nao
VELAMOX BD,VELAMOX BD,Similar,EMS SIGMA PHARMA LTDA,2,nao
VELCADE,VELCADE,Novo,JANSSEN-CILAG FARMACEUTICA LTDA,1,nao
VELENAXOL,VELENAXOL,Similar,SANDOZ DO BRASIL INDÚSTRIA FARMACÊUTICA LTDA,1,nao
VELIJA,VELIJA,Similar,LIBBS FARMACÊUTICA LTDA,6,nao
VELLANA,VELLANA,Similar,CRISTÁLIA PRODUTOS QUÍMICOS FARMACÊUTICOS LTDA.,3,nao
VELUNID,VELUNID,Específico,COSMED INDUSTRIA DE COSMETICOS E MEDICAMENTOS S.A.,2,nao
VEMLIDY,VEMLIDY,Novo,GILEAD SCIENCES FARMACEUTICA DO BRASIL LTDA,1,nao
VENAFLON,VENAFLON,Específico,LABORATORIO TEUTO BRASILEIRO S/A,6,nao
VENALOT,VENALOT,Específico,COSMED INDUSTRIA DE COSMETICOS E MEDICAMENTOS S.A.,3,nao
VENCLEXTA,VENCLEXTA,Novo,ABBVIE FARMACÊUTICA LTDA.,4,nao
VENDEXLA,VENDEXLA,Similar,EUROFARMA LABORATORIOS S.A.,3,nao
VENFORIN,VENFORIN,Similar,EMS SIGMA PHARMA LTDA,3,nao
VENLAXIN XR,VENLAXIN XR,Similar,EUROFARMA LABORATORIOS S.A.,8,nao
VENLIFT OD,VENLIFT OD,Similar,TORRENT DO BRASIL LTDA,7,nao
VENOCEL,VENOCEL,Fitoterápico,CIFARMA CIENTÍFICA FARMACÊUTICA LTDA,2,nao
VENOCUR FIT,VENOCUR FIT,Fitoterápico,ABBOTT LABORATORIOS DO BRASIL LTDA,2,nao
VENOXIDE,VENOXIDE,Específico,ACHÉ LABORATÓRIOS FARMACÊUTICOS S.A,6,nao
VENSATE LP,VENSATE LP,Similar,CRISTÁLIA PRODUTOS QUÍMICOS FARMACÊUTICOS LTDA.,5,nao
VENTAVIS,VENTAVIS,Novo,BAYER S.A.,1,nao
VENTUS,VENTUS,Similar,EUROFARMA LABORATORIOS S.A.,2,nao
VÊNULA,VENULA,Específico,BIOLAB SANUS FARMACEUTICA LTDA,2,nao
VENVANSE,VENVANSE,Novo,TAKEDA PHARMA LTDA.,3,nao
VENZER,VENZER,Similar,LIBBS FARMACÊUTICA LTDA,9,nao
VENZER HCT,VENZER HCT,Similar,LIBBS FARMACÊUTICA LTDA,8,nao
VEQUILE,VEQUILE,Similar,SANDOZ DO BRASIL INDÚSTRIA FARMACÊUTICA LTDA,1,nao
VERAZO,VERAZO,Similar,LIBBS FARMACÊUTICA LTDA,3,nao
VEROTINA,VEROTINA,Similar,LIBBS FARMACÊUTICA LTDA,1,nao
VERSA,VERSA,Biológico,EUROFARMA LABORATORIOS S.A.,6,nao
VERTIGIUM,VERTIGIUM,Similar,BRAINFARMA INDÚSTRIA QUÍMICA E FARMACÊUTICA S.A,1,nao
VERTIX,VERTIX,Similar,ACHÉ LABORATÓRIOS FARMACÊUTICOS S.A,3,nao
VERTIZAN,VERTIZAN,Similar,VITAMEDIC INDUSTRIA FARMACEUTICA LTDA,1,nao
VERTIZINE D,VERTIZINE D,Similar,ACHÉ LABORATÓRIOS FARMACÊUTICOS S.A,2,nao
VERUTEX,VERUTEX,Novo,LEO PHARMA LTDA,3,nao
VERUTEX B,VERUTEX B,Novo,LEO PHARMA LTDA,2,nao
VERZENIOS,VERZENIOS,Novo,ELI LILLY DO BRASIL LTDA,6,nao
VESANOID,VESANOID,Novo,BIOPAS BRASIL PRODUTOS FARMACEUTICOS LTDA | FARMOQUÍMICA S/A,2,nao
VESICARE,VESICARE,Novo,ASTELLAS FARMA BRASIL IMPORTAÇÃO E DISTRIBUIÇÃO DE MEDICAMENTOS LTDA.,4,nao
VESOMNI,VESOMNI,Novo,ASTELLAS FARMA BRASIL IMPORTAÇÃO E DISTRIBUIÇÃO DE MEDICAMENTOS LTDA.,2,nao
VEVASO,VEVASO,Específico,MULTILAB INDUSTRIA E COMERCIO DE PRODUTOS FARMACEUTICOS LTDA,9,nao
VFEND,VFEND,Novo,PFIZER BRASIL LTDA,2,nao
VI -  FERRIN,VI FERRIN,Específico,LABORATÓRIO FARMACÊUTICO ELOFAR LTDA,3,nao
VIAGRA,VIAGRA,Novo,LABORATORIOS PFIZER LTDA | VIATRIS FARMACEUTICA DO BRASIL LTDA,12,nao
VIATINE,VIATINE,Similar,ORGANON FARMACEUTICA LTDA.,1,nao
VIBRAL,VIBRAL,Novo,ABBOTT LABORATORIOS DO BRASIL LTDA,3,nao
VIBRAMICINA,VIBRAMICINA,Novo,PFIZER BRASIL LTDA,1,nao
VICK PYRENA,VICK PYRENA,Novo,PROCTER & GAMBLE DO BRASIL LTDA,5,nao
VICK PYRENA GRIP – 7,VICK PYRENA GRIP 7,Similar,PROCTER & GAMBLE DO BRASIL LTDA,3,nao
VICK VAPORUB,VICK VAPORUB,Específico,PROCTER & GAMBLE DO BRASIL LTDA,4,nao
VICOG,VICOG,Novo,MARJAN INDÚSTRIA E COMÉRCIO LTDA,3,nao
VICTOZA,VICTOZA,Biológico,NOVO NORDISK FARMACÊUTICA DO BRASIL LTDA,1,nao
VIDAP,VIDAP,Similar,ACHÉ LABORATÓRIOS FARMACÊUTICOS S.A,2,nao
VIDAZA,VIDAZA,Novo,UNITED MEDICAL LTDA,1,nao
VIDENFIL,VIDENFIL,Similar,SANDOZ DO BRASIL INDÚSTRIA FARMACÊUTICA LTDA,3,nao
VIDISIC GEL,VIDISIC GEL,Específico,BL INDÚSTRIA OTICA LTDA,1,nao
VIDMAX,VIDMAX,Similar,ACHÉ LABORATÓRIOS FARMACÊUTICOS S.A,5,nao
VIDYN D3,VIDYN D3,Específico,EMS S/A,8,nao
VIE,VIE,Similar,ACHÉ LABORATÓRIOS FARMACÊUTICOS S.A,4,nao
VIGADEXA,VIGADEXA,Novo,NOVARTIS BIOCIENCIAS S.A,1,nao
VIGAMOX,VIGAMOX,Novo,NOVARTIS BIOCIENCIAS S.A,1,nao
VIKATRON,VIKATRON,Específico,BLAU FARMACEUTICA S.A.,1,nao
VILAXY,VILAXY,Similar,EUROFARMA LABORATORIOS S.A.,2,nao
VILGLI,VILGLI,Similar,TORRENT DO BRASIL LTDA,3,nao
VIMADE,VIMADE,Similar,ADIUM S.A.,6,nao
VIMIZIM,VIMIZIM,Biológico,BIOMARIN BRASIL FARMACÊUTICA LTDA,1,nao
VIMOVO,VIMOVO,Novo,GRÜNENTHAL DO BRASIL FARMACÊUTICA LTDA.,2,nao
VIMPAT,VIMPAT,Novo,UCB BIOPHARMA LTDA.,9,nao
VIRINEO,VIRINEO,Similar,BRAINFARMA INDÚSTRIA QUÍMICA E FARMACÊUTICA S.A,3,nao
VISAN,VISAN,Similar,CRISTÁLIA PRODUTOS QUÍMICOS FARMACÊUTICOS LTDA.,2,nao
VISAN MT,VISAN MT,Similar,CRISTÁLIA PRODUTOS QUÍMICOS FARMACÊUTICOS LTDA.,2,nao
VISIOPRED,VISIOPRED,Similar,GEOLAB INDÚSTRIA FARMACÊUTICA S/A,1,nao
VISIPAQUE,VISIPAQUE,Novo,GE HEALTHCARE DO BRASIL COMERCIO E SERVICOS PARA EQUIPAMENTOS MEDICO-HOSPITALARES LTDA,10,nao
VISOPTIC,VISOPTIC,Similar,GEOLAB INDÚSTRIA FARMACÊUTICA S/A,1,nao
VISULIN N,VISULIN N,Biológico,EMS S/A,1,nao
VIT PANTENOL,VIT PANTENOL,Específico,VITAMEDIC INDUSTRIA FARMACEUTICA LTDA,1,nao
VITA E,VITA E,Específico,ACHÉ LABORATÓRIOS FARMACÊUTICOS S.A,1,nao
VITACID,VITACID,Similar,THERASKIN FARMACEUTICA LTDA.,3,nao
VITACID ACNE,VITACID ACNE,Novo,THERASKIN FARMACEUTICA LTDA.,1,nao
VITACID PLUS,VITACID PLUS,Similar,THERASKIN FARMACEUTICA LTDA.,1,nao
VITADERME,VITADERME,Similar,CRISTÁLIA PRODUTOS QUÍMICOS FARMACÊUTICOS LTDA.,1,nao
VITADESAN,VITADESAN,Específico,SANVAL COMERCIO E INDUSTRIA LTDA,1,nao
VITALIA,VITALIA,Similar,ACHÉ LABORATÓRIOS FARMACÊUTICOS S.A,2,nao
VITALIA XR,VITALIA XR,Similar,ACHÉ LABORATÓRIOS FARMACÊUTICOS S.A,2,nao
VITAMIN E,VITAMIN E,Específico,NATULAB LABORATORIO S.A,1,nao
VITAMINA B1 NEO QUÍMICA,VITAMINA B1 NEO QUIMICA,Específico,BRAINFARMA INDÚSTRIA QUÍMICA E FARMACÊUTICA S.A,1,nao
VITAMINA B12,VITAMINA B12,Específico,BIOLAB SANUS FARMACEUTICA LTDA,1,nao
VITAMINA C INJETÁVEL,VITAMINA C INJETAVEL,Específico,FARMACE INDÚSTRIA QUÍMICO-FARMACÊUTICA CEARENSE LTDA,1,nao
VITAMINA D,VITAMINA D,Específico,MYRALIS INDUSTRIA FARMACEUTICA LTDA,38,nao
VITAMINA D CIMED,VITAMINA D CIMED,Específico,CIMED INDUSTRIA S.A,4,nao
VITAMINA D3,VITAMINA D3,Específico,ALTHAIA S.A. INDUSTRIA FARMACEUTICA | BIOLAB SANUS FARMACEUTICA LTDA | BRAINFARMA INDÚSTRIA QUÍMICA E FARMACÊUTICA S.A | EUROFARMA LABORATORIOS S.A. | SANDOZ DO BRASIL INDÚSTRIA FARMACÊUTICA LTDA | UNIÃO QUÍMICA FARMACÊUTICA NACIONAL S/A | VITAMEDIC INDUSTRIA FARMACEUTICA LTDA,70,nao
VITAMINA E,VITAMINA E,Específico,SANDOZ DO BRASIL INDÚSTRIA FARMACÊUTICA LTDA,2,nao
VITANOL-A,VITANOL A,Similar,GLAXOSMITHKLINE BRASIL LTDA,3,nao
VITARISTON C,VITARISTON C,Específico,BLAU FARMACEUTICA S.A.,2,nao
VITASANTISA C,VITASANTISA C,Específico,SANTISA LABORATÓRIO FARMACÊUTICO S/A,2,nao
VITAUM,VITAUM,Específico,GEOLAB INDÚSTRIA FARMACÊUTICA S/A,1,nao
VITDERA D3,VITDERA D3,Específico,VITAMEDIC INDUSTRIA FARMACEUTICA LTDA,4,nao
VITER C,VITER C,Específico,NATULAB LABORATORIO S.A,4,nao
VITERGAN MASTER,VITERGAN MASTER,Específico,MARJAN INDÚSTRIA E COMÉRCIO LTDA,3,nao
VITERGAN ZINCO,VITERGAN ZINCO,Específico,MARJAN INDÚSTRIA E COMÉRCIO LTDA,6,nao
VITERGYL C,VITERGYL C,Específico,CIFARMA CIENTÍFICA FARMACÊUTICA LTDA,4,nao
VITERGYL ZINCO,VITERGYL ZINCO,Específico,CIFARMA CIENTÍFICA FARMACÊUTICA LTDA,1,nao
VITRAKVI,VITRAKVI,Novo,BAYER S.A.,3,nao
VIVAXXIA,VIVAXXIA,Biológico,LIBBS FARMACÊUTICA LTDA,2,nao
VIVENCIA,VIVENCIA,Similar,ACHÉ LABORATÓRIOS FARMACÊUTICOS S.A,6,nao
VIVENCIA PATCH,VIVENCIA PATCH,Similar,ACHÉ LABORATÓRIOS FARMACÊUTICOS S.A,6,nao
VIVERDAL,VIVERDAL,Similar,UNIÃO QUÍMICA FARMACÊUTICA NACIONAL S/A,3,nao
VIZ MET,VIZ MET,Similar,TORRENT DO BRASIL LTDA,12,nao
VIZURIA,VIZURIA,Similar,EXELTIS LABORATORIO FARMACEUTICO LTDA,2,nao
VOCETY,VOCETY,Similar,GLENMARK FARMACÊUTICA LTDA,1,nao
VOD,VOD,Similar,EUROFARMA LABORATORIOS S.A.,8,nao
VODOL,VODOL,Novo | Similar,UNIÃO QUÍMICA FARMACÊUTICA NACIONAL S/A,4,nao
VOEXTOR,VOEXTOR,Similar,LIBBS FARMACÊUTICA LTDA,11,nao
VOFLUR,VOFLUR,Similar,UNIÃO QUÍMICA FARMACÊUTICA NACIONAL S/A,2,nao
VOGNUS,VOGNUS,Similar,EMS S/A,6,nao
VOLARE,VOLARE,Biológico,ACHÉ LABORATÓRIOS FARMACÊUTICOS S.A,15,nao
VOLATA,VOLATA,Novo,CRISTÁLIA PRODUTOS QUÍMICOS FARMACÊUTICOS LTDA.,1,nao
VOLCIS,VOLCIS,Similar,VOLPHARMA DISTRIBUIDORA DE PRODUTOS HOSPITALARES E FARMACÊUTICOS LTDA,1,nao
VOLIBRIS,VOLIBRIS,Novo,GLAXOSMITHKLINE BRASIL LTDA,2,nao
VOLIG,VOLIG,Similar,LEGRAND PHARMA INDUSTRIA FARMACEUTICA LTDA,10,nao
VOLTAREN,VOLTAREN,Novo,NOVARTIS BIOCIENCIAS S.A,4,nao
VOLUVEN 6%,VOLUVEN 6,Específico,FRESENIUS KABI BRASIL LTDA,1,nao
VOMISTOP,VOMISTOP,Similar,MEDQUIMICA INDUSTRIA FARMACEUTICA LTDA.,1,nao
VONAU,VONAU,Novo,BIOLAB SANUS FARMACEUTICA LTDA,11,nao
VONCENTO,VONCENTO,Biológico,CSL BEHRING COMÉRCIO DE PRODUTOS FARMACÊUTICOS LTDA,2,nao
VONFLUX,VONFLUX,Específico,ABBOTT LABORATORIOS DO BRASIL LTDA,2,nao
VONSET,VONSET,Similar,UNIÃO QUÍMICA FARMACÊUTICA NACIONAL S/A,2,nao
VORANIGO,VORANIGO,Novo,LABORATORIOS SERVIER DO BRASIL LTDA,2,nao
VORI,VORI,Similar,CRISTÁLIA PRODUTOS QUÍMICOS FARMACÊUTICOS LTDA.,2,nao
VORI INJ,VORI INJ,Similar,CRISTÁLIA PRODUTOS QUÍMICOS FARMACÊUTICOS LTDA.,2,nao
VÓRIC,VORIC,Similar,EUROFARMA LABORATORIOS S.A.,3,nao
VORPRO,VORPRO,Similar,GERMED FARMACEUTICA LTDA,6,nao
VORSYNC,VORSYNC,Similar,ALTHAIA S.A. INDUSTRIA FARMACEUTICA,14,nao
VORXE,VORXE,Similar,SUPERA FARMA LABORATÓRIOS S.A,7,nao
VOSEVI,VOSEVI,Novo,GILEAD SCIENCES FARMACEUTICA DO BRASIL LTDA,1,nao
VOTRIENT,VOTRIENT,Novo,NOVARTIS BIOCIENCIAS S.A,3,nao
VOXZOGO,VOXZOGO,Biológico,BIOMARIN BRASIL FARMACÊUTICA LTDA,3,nao
VOYDEYA,VOYDEYA,Novo,ASTRAZENECA DO BRASIL LTDA,2,nao
VPRIV,VPRIV,Biológico,TAKEDA PHARMA LTDA.,1,nao
VSIQQ,VSIQQ,Biológico,SANDOZ DO BRASIL INDÚSTRIA FARMACÊUTICA LTDA,1,nao
VURTUOSO,VURTUOSO,Similar,LUNDBECK BRASIL LTDA,7,nao
VYCRIS,VYCRIS,Similar,LABORATORIO QUIMICO FARMACEUTICO BERGAMO LTDA,3,nao
VYLOY,VYLOY,Biológico,ASTELLAS FARMA BRASIL IMPORTAÇÃO E DISTRIBUIÇÃO DE MEDICAMENTOS LTDA.,1,nao
VYNAXA,VYNAXA,Similar,EMS S/A,17,nao
VYNDAQEL,VYNDAQEL,Novo,PFIZER BRASIL LTDA,4,nao
VYNKELLA,VYNKELLA,Novo,PFIZER BRASIL LTDA,1,nao
VYTORIN,VYTORIN,Novo,ORGANON FARMACEUTICA LTDA.,3,nao
VYXARA,VYXARA,Similar,PHARLAB INDÚSTRIA FARMACÊUTICA S.A.,4,nao
VYZULTA,VYZULTA,Novo,BL INDÚSTRIA OTICA LTDA,2,nao
VZOM,VZOM,Similar,CAMBER FARMACEUTICA LTDA,4,nao
WAINUA,WAINUA,Novo,ASTRAZENECA DO BRASIL LTDA,1,nao
WARYZ,WARYZ,Específico,CIMED INDUSTRIA S.A,3,nao
WAYLIVRA,WAYLIVRA,Novo,PTC FARMACEUTICA DO BRASIL LTDA.,1,nao
WEGOVY,WEGOVY,Biológico,NOVO NORDISK FARMACÊUTICA DO BRASIL LTDA,5,nao
WELIREG,WELIREG,Novo,MERCK SHARP & DOHME FARMACEUTICA LTDA.,1,nao
WELLBUTRIN,WELLBUTRIN,Novo,GLAXOSMITHKLINE BRASIL LTDA,4,nao
WENO DH,WENO DH,Específico,PHARLAB INDÚSTRIA FARMACÊUTICA S.A.,2,nao
WEZENLA,WEZENLA,Biológico,AMGEN BIOTECNOLOGIA DO BRASIL LTDA.,6,nao
WILATE,WILATE,Biológico,OCTAPHARMA BRASIL LTDA,2,nao
WILLENTINE,WILLENTINE,Novo,MAWDSLEYS PHARMACEUTICALS DO BRASIL LTDA,1,nao
WINDUZA,WINDUZA,Similar,DR. REDDYS FARMACÊUTICA DO BRASIL LTDA,4,nao
WINREVAIR,WINREVAIR,Biológico,MERCK SHARP & DOHME FARMACEUTICA LTDA.,8,nao
WINTER AP,WINTER AP,Similar,DIFFUCAP - CHEMOBRÁS QUÍMICA E FARMACÊUTICA LTDA,1,nao
WONILIN,WONILIN,Similar,FRESENIUS KABI BRASIL LTDA,1,nao
WOSULIN N,WOSULIN N,Biológico,"GERAIS, COMÉRCIO E IMPORTAÇÃO DE MATERIAIS E EQUIPAMENTOS MEDICOS LTDA",3,nao
WOSULIN R,WOSULIN R,Biológico,"GERAIS, COMÉRCIO E IMPORTAÇÃO DE MATERIAIS E EQUIPAMENTOS MEDICOS LTDA",3,nao
WYOST,WYOST,Biológico,SANDOZ DO BRASIL INDÚSTRIA FARMACÊUTICA LTDA,1,nao
XAB,XAB,Similar,UNIÃO QUÍMICA FARMACÊUTICA NACIONAL S/A,6,nao
XADAGO,XADAGO,Novo,ZAMBON LABORATÓRIOS FARMACÊUTICOS LTDA.,3,nao
XAFAC,XAFAC,Similar,APSEN FARMACEUTICA S/A,11,nao
XAGLUSEF,XAGLUSEF,Específico,DR. REDDYS FARMACÊUTICA DO BRASIL LTDA,1,nao
XAKILIS,XAKILIS,Similar,EMS S/A,5,nao
XALACOM,XALACOM,Novo,LABORATORIOS PFIZER LTDA | VIATRIS FARMACEUTICA DO BRASIL LTDA,2,nao
XALANOFT,XALANOFT,Similar,GEOLAB INDÚSTRIA FARMACÊUTICA S/A,1,nao
XALATAN,XALATAN,Novo,LABORATORIOS PFIZER LTDA | VIATRIS FARMACEUTICA DO BRASIL LTDA,2,nao
XALKORI,XALKORI,Novo,PFIZER BRASIL LTDA,2,nao
XALOFTAL,XALOFTAL,Similar,GEOLAB INDÚSTRIA FARMACÊUTICA S/A,1,nao
XANEV,XANEV,Similar,VIATRIS FARMACEUTICA DO BRASIL LTDA,21,nao
XANTINON,XANTINON,Específico,UNIÃO QUÍMICA FARMACÊUTICA NACIONAL S/A,2,nao
XANTINON COMPLEX,XANTINON COMPLEX,Específico,UNIÃO QUÍMICA FARMACÊUTICA NACIONAL S/A,4,nao
XAQUELIV,XAQUELIV,Similar,EMS S/A,4,nao
XARELTO,XARELTO,Novo,BAYER S.A.,10,nao
XAROPE 44 E,XAROPE 44 E,Similar,PROCTER & GAMBLE DO BRASIL LTDA,2,nao
XAROPE BENETOSSE,XAROPE BENETOSSE,Fitoterápico,COSMED INDUSTRIA DE COSMETICOS E MEDICAMENTOS S.A.,1,nao
XAROPE CIMETOSSE,XAROPE CIMETOSSE,Similar,CIMED INDUSTRIA S.A,1,nao
XAROPE VICK,XAROPE VICK,Novo,PROCTER & GAMBLE DO BRASIL LTDA,2,nao
XCOPRI,XCOPRI,Novo,EUROFARMA LABORATORIOS S.A.,38,nao
XEFO,XEFO,Novo,BIOLAB SANUS FARMACEUTICA LTDA,2,nao
XELJANZ,XELJANZ,Novo,PFIZER BRASIL LTDA,2,nao
XELJANZ XR,XELJANZ XR,Novo,PFIZER BRASIL LTDA,1,nao
XELODA,XELODA,Novo,BIOPAS BRASIL PRODUTOS FARMACEUTICOS LTDA | PRODUTOS ROCHE QUÍMICOS E FARMACÊUTICOS S.A.,2,nao
XENPOZYME,XENPOZYME,Biológico,SANOFI MEDLEY FARMACÊUTICA LTDA.,1,nao
XEOMIN,XEOMIN,Biológico,MERZ FARMACÊUTICA COMERCIAL LTDA,2,nao
XGEVA,XGEVA,Biológico,AMGEN BIOTECNOLOGIA DO BRASIL LTDA.,1,nao
XIFAXAN,XIFAXAN,Novo,BIOLAB SANUS FARMACEUTICA LTDA,2,nao
XIGDUO XR,XIGDUO XR,Novo,ASTRAZENECA DO BRASIL LTDA,5,nao
XILBRILADA,XILBRILADA,Biológico,PFIZER BRASIL LTDA,2,nao
XILFYA,XILFYA,Biológico,PFIZER BRASIL LTDA,1,nao
XÔ! PÓS PICADA,XO POS PICADA,Similar,CIMED INDUSTRIA S.A,1,nao
XOFIGO,XOFIGO,Radiofármaco,BAYER S.A.,1,nao
XOFLUZA,XOFLUZA,Novo,PRODUTOS ROCHE QUÍMICOS E FARMACÊUTICOS S.A.,4,nao
XOLAIR,XOLAIR,Biológico,NOVARTIS BIOCIENCIAS S.A,4,nao
XOSPATA®,XOSPATA,Novo,ASTELLAS FARMA BRASIL IMPORTAÇÃO E DISTRIBUIÇÃO DE MEDICAMENTOS LTDA.,1,nao
XPREZA,XPREZA,Similar,NATCOFARMA DO BRASIL LTDA,1,nao
XTANDI,XTANDI,Novo,ASTELLAS FARMA BRASIL IMPORTAÇÃO E DISTRIBUIÇÃO DE MEDICAMENTOS LTDA.,3,nao
XULTOPHY,XULTOPHY,Biológico,NOVO NORDISK FARMACÊUTICA DO BRASIL LTDA,3,nao
XUMER,XUMER,Similar,ADIUM S.A.,5,nao
XUNIB,XUNIB,Similar,NATCOFARMA DO BRASIL LTDA,6,nao
XYDOFLEV,XYDOFLEV,Específico,DR. REDDYS FARMACÊUTICA DO BRASIL LTDA,12,nao
XYLESTESIN,XYLESTESIN,Similar,CRISTÁLIA PRODUTOS QUÍMICOS FARMACÊUTICOS LTDA.,9,nao
XYLESTESIN COM NOREPINEFRINA,XYLESTESIN COM NOREPINEFRINA,Similar,CRISTÁLIA PRODUTOS QUÍMICOS FARMACÊUTICOS LTDA.,1,nao
XYLESTESIN ISOBÁRICO,XYLESTESIN ISOBARICO,Similar,CRISTÁLIA PRODUTOS QUÍMICOS FARMACÊUTICOS LTDA.,1,nao
XYLESTESIN PESADA,XYLESTESIN PESADA,Similar,CRISTÁLIA PRODUTOS QUÍMICOS FARMACÊUTICOS LTDA.,1,nao
XYLOCAINA,XYLOCAINA,Novo,ASPEN PHARMA INDÚSTRIA FARMACÊUTICA LTDA,2,nao
XYLOPROCT,XYLOPROCT,Novo,ASPEN PHARMA INDÚSTRIA FARMACÊUTICA LTDA,1,nao
XYNTHA,XYNTHA,Biológico,PFIZER BRASIL LTDA,4,nao
YASMIN,YASMIN,Novo,BAYER S.A.,2,nao
YAZ,YAZ,Novo,BAYER S.A.,2,nao
YERVOY,YERVOY,Biológico,BRISTOL-MYERS SQUIBB FARMACÊUTICA LTDA,1,nao
YESCARTA,YESCARTA,Produto de Terapia Avançada,GILEAD SCIENCES FARMACEUTICA DO BRASIL LTDA,1,nao
YOMAX,YOMAX,Específico,APSEN FARMACEUTICA S/A,1,nao
YONDELIS,YONDELIS,Novo,ADIUM S.A.,1,nao
YUFLYMA,YUFLYMA,Biológico,CELLTRION HEALTHCARE DISTRIBUICAO DE PRODUTOS FARMACEUTICOS DOS BRASIL LTDA,7,nao
YUPELRI,YUPELRI,Novo,VIATRIS FARMACEUTICA DO BRASIL LTDA,2,nao
YVI,YVI,Similar,LEGRAND PHARMA INDUSTRIA FARMACEUTICA LTDA,3,nao
ZALADUZ,ZALADUZ,Similar,EMS S/A,9,nao
ZALERV,ZALERV,Similar,KLEY HERTZ FARMACEUTICA S.A,1,nao
ZALTRAP,ZALTRAP,Biológico,SANOFI MEDLEY FARMACÊUTICA LTDA.,2,nao
ZANIDIP,ZANIDIP,Novo,APSEN FARMACEUTICA S/A | SANOFI MEDLEY FARMACÊUTICA LTDA.,30,nao
ZANTY,ZANTY,Similar,UNIÃO QUÍMICA FARMACÊUTICA NACIONAL S/A,1,nao
ZANTY DUO,ZANTY DUO,Similar,UNIÃO QUÍMICA FARMACÊUTICA NACIONAL S/A,1,nao
ZAP,ZAP,Similar,EUROFARMA LABORATORIOS S.A.,3,nao
ZAPSY,ZAPSY,Similar,PRATI DONADUZZI & CIA LTDA,3,nao
ZARGUS,ZARGUS,Similar,ACHÉ LABORATÓRIOS FARMACÊUTICOS S.A,9,nao
ZART,ZART,Similar,EUROFARMA LABORATORIOS S.A.,1,nao
ZART H,ZART H,Similar,EUROFARMA LABORATORIOS S.A.,3,nao
ZARZIO,ZARZIO,Biológico,SANDOZ DO BRASIL INDÚSTRIA FARMACÊUTICA LTDA,1,nao
ZASTAT,ZASTAT,Similar,ACHÉ LABORATÓRIOS FARMACÊUTICOS S.A,8,nao
ZAVESCA,ZAVESCA,Novo,JANSSEN-CILAG FARMACEUTICA LTDA,1,nao
ZAYON,ZAYON,Similar,LIBBS FARMACÊUTICA LTDA,3,nao
ZEDORA,ZEDORA,Biológico,LIBBS FARMACÊUTICA LTDA,5,nao
ZEFORUS,ZEFORUS,Novo,VIATRIS FARMACEUTICA DO BRASIL LTDA,4,nao
ZEJULA,ZEJULA,Novo,GLAXOSMITHKLINE BRASIL LTDA,3,nao
ZELBORAF,ZELBORAF,Novo,PRODUTOS ROCHE QUÍMICOS E FARMACÊUTICOS S.A.,1,nao
ZELIX,ZELIX,Similar,ARESE PHARMA LTDA,2,nao
ZELLA,ZELLA,Similar,COSMED INDUSTRIA DE COSMETICOS E MEDICAMENTOS S.A.,1,nao
ZEMAIRA,ZEMAIRA,Biológico,CSL BEHRING COMÉRCIO DE PRODUTOS FARMACÊUTICOS LTDA,2,nao
ZEMPLAR,ZEMPLAR,Novo,ABBVIE FARMACÊUTICA LTDA.,2,nao
ZERBAXA,ZERBAXA,Novo,MERCK SHARP & DOHME FARMACEUTICA LTDA.,1,nao
ZEROPIN,ZEROPIN,Similar,ABBOTT LABORATORIOS DO BRASIL LTDA,4,nao
ZETERINA,ZETERINA,Similar,ALTHAIA S.A. INDUSTRIA FARMACEUTICA,2,nao
ZETIA,ZETIA,Novo,MERCK SHARP & DOHME FARMACEUTICA LTDA. | ORGANON FARMACEUTICA LTDA.,4,nao
ZETRON,ZETRON,Similar,LIBBS FARMACÊUTICA LTDA,5,nao
ZETSIM,ZETSIM,Novo,ORGANON FARMACEUTICA LTDA.,4,nao
ZEUGMA XR,ZEUGMA XR,Similar,PRATI DONADUZZI & CIA LTDA,5,nao
ZEVTERA,ZEVTERA,Novo,UNITED MEDICAL LTDA,1,nao
ZEVUXA,ZEVUXA,Similar,EMS S/A,5,nao
ZIAGENAVIR,ZIAGENAVIR,Novo,GLAXOSMITHKLINE BRASIL LTDA,2,nao
ZICLAGUE,ZICLAGUE,Fitoterápico,INFAN INDUSTRIA QUIMICA FARMACEUTICA NACIONAL S/A,3,nao
ZIDER,ZIDER,Novo | Similar,LIBBS FARMACÊUTICA LTDA,6,nao
ZIDOVIR,ZIDOVIR,Similar,CRISTÁLIA PRODUTOS QUÍMICOS FARMACÊUTICOS LTDA.,1,nao
ZIEXTENZO,ZIEXTENZO,Biológico,SANDOZ DO BRASIL INDÚSTRIA FARMACÊUTICA LTDA,1,nao
ZILARICINA,ZILARICINA,Similar,BRASTERAPICA PHARMACEUTICA LTDA.,1,nao
ZILEPAM,ZILEPAM,Similar,GEOLAB INDÚSTRIA FARMACÊUTICA S/A,2,nao
ZIMIEX,ZIMIEX,Similar,MERCK S/A,1,nao
ZINA,ZINA,Similar,EUROFARMA LABORATORIOS S.A.,1,nao
ZINA ODT,ZINA ODT,Novo,EUROFARMA LABORATORIOS S.A.,1,nao
ZINACEF,ZINACEF,Novo,SANDOZ DO BRASIL INDÚSTRIA FARMACÊUTICA LTDA,1,nao
ZINFORO,ZINFORO,Novo,PFIZER BRASIL LTDA,1,nao
ZINNAT,ZINNAT,Novo,SANDOZ DO BRASIL INDÚSTRIA FARMACÊUTICA LTDA,9,nao
ZINPASS,ZINPASS,Similar,SANOFI MEDLEY FARMACÊUTICA LTDA.,5,nao
ZINPASS® EZE,ZINPASS EZE,Novo,SANOFI MEDLEY FARMACÊUTICA LTDA.,3,nao
ZIOR,ZIOR,Similar,ACHÉ LABORATÓRIOS FARMACÊUTICOS S.A,2,nao
ZIPROL,ZIPROL,Similar,LABORATÓRIOS BALDACCI LTDA,2,nao
ZIPTUSS,ZIPTUSS,Similar,ACHÉ LABORATÓRIOS FARMACÊUTICOS S.A,5,nao
ZIRABEV,ZIRABEV,Biológico,PFIZER BRASIL LTDA,2,nao
ZIRK,ZIRK,Similar,ACHÉ LABORATÓRIOS FARMACÊUTICOS S.A,5,nao
ZISQUE,ZISQUE,Similar,COSMED INDUSTRIA DE COSMETICOS E MEDICAMENTOS S.A.,2,nao
ZITROMAX,ZITROMAX,Novo,PFIZER BRASIL LTDA,4,nao
ZITRONEO,ZITRONEO,Similar,BRAINFARMA INDÚSTRIA QUÍMICA E FARMACÊUTICA S.A,2,nao
ZOAF,ZOAF,Similar,TORRENT DO BRASIL LTDA,3,nao
ZOBILAR,ZOBILAR,Similar,GEOLAB INDÚSTRIA FARMACÊUTICA S/A,1,nao
ZODEL,ZODEL,Similar,SANOFI MEDLEY FARMACÊUTICA LTDA.,2,nao
ZOLADEX,ZOLADEX,Novo,ASTRAZENECA DO BRASIL LTDA,2,nao
ZOLFEST,ZOLFEST,Similar,ACHÉ LABORATÓRIOS FARMACÊUTICOS S.A,1,nao
ZOLFEST D,ZOLFEST D,Novo,ACHÉ LABORATÓRIOS FARMACÊUTICOS S.A,2,nao
ZOLFEST SPRAY,ZOLFEST SPRAY,Novo,ACHÉ LABORATÓRIOS FARMACÊUTICOS S.A,1,nao
ZOLGENSMA,ZOLGENSMA,Produto de Terapia Avançada,NOVARTIS BIOCIENCIAS S.A,34,nao
ZOLIBBS,ZOLIBBS,Similar,LIBBS FARMACÊUTICA LTDA,1,nao
ZOLMICOL,ZOLMICOL,Similar,GEOLAB INDÚSTRIA FARMACÊUTICA S/A,2,nao
ZOLOFT,ZOLOFT,Novo,LABORATORIOS PFIZER LTDA | VIATRIS FARMACEUTICA DO BRASIL LTDA,4,nao
ZOLPAZ,ZOLPAZ,Similar,UNIÃO QUÍMICA FARMACÊUTICA NACIONAL S/A,1,nao
ZOLPAZ SL,ZOLPAZ SL,Similar,UNIÃO QUÍMICA FARMACÊUTICA NACIONAL S/A,1,nao
ZOLPROX,ZOLPROX,Similar,LABORATORIO GLOBO SA,1,nao
ZOLREM SL,ZOLREM SL,Similar,GERMED FARMACEUTICA LTDA,11,nao
ZOLTEC,ZOLTEC,Novo,PFIZER BRASIL LTDA,4,nao
ZOMETA,ZOMETA,Novo,NOVARTIS BIOCIENCIAS S.A,1,nao
ZOMI,ZOMI,Similar,SUN FARMACÊUTICA DO BRASIL LTDA,1,nao
ZOMIG,ZOMIG,Novo,GRÜNENTHAL DO BRASIL FARMACÊUTICA LTDA.,2,nao
ZOMYLE,ZOMYLE,Similar,VIATRIS FARMACEUTICA DO BRASIL LTDA,1,nao
ZONIDRA,ZONIDRA,Similar,CRISTÁLIA PRODUTOS QUÍMICOS FARMACÊUTICOS LTDA.,1,nao
ZONOVATE,ZONOVATE,Biológico,NOVO NORDISK FARMACÊUTICA DO BRASIL LTDA,6,nao
ZOPIX,ZOPIX,Similar,EMS S/A,18,nao
ZORVY,ZORVY,Similar,BLAU FARMACEUTICA S.A.,2,nao
ZORVY CREME,ZORVY CREME,Similar,BLAU FARMACEUTICA S.A.,1,nao
ZOSTAVAX,ZOSTAVAX,Biológico,MERCK SHARP & DOHME FARMACEUTICA LTDA.,1,nao
ZOSTIDE,ZOSTIDE,Similar,LIBBS FARMACÊUTICA LTDA,1,nao
ZOTEON PÓ,ZOTEON PO,Novo,VIATRIS FARMACEUTICA DO BRASIL LTDA,1,nao
ZOTY,ZOTY,Similar,BLAU FARMACEUTICA S.A.,3,nao
ZOUP SL,ZOUP SL,Similar,SUPERA FARMA LABORATÓRIOS S.A,1,nao
ZOVIRAX,ZOVIRAX,Novo,GLAXOSMITHKLINE BRASIL LTDA,2,nao
ZOXYLAB,ZOXYLAB,Similar,MULTILAB INDUSTRIA E COMERCIO DE PRODUTOS FARMACEUTICOS LTDA,8,nao
ZULIC,ZULIC,Similar,SUPERA FARMA LABORATÓRIOS S.A,2,nao
ZYAD,ZYAD,Similar,ACHÉ LABORATÓRIOS FARMACÊUTICOS S.A,6,nao
ZYDCOL MR,ZYDCOL MR,Similar,ZYDUS NIKKHO FARMACÊUTICA LTDA,2,nao
ZYLET,ZYLET,Novo,BL INDÚSTRIA OTICA LTDA,1,nao
ZYLINOX SL,ZYLINOX SL,Similar,ZYDUS NIKKHO FARMACÊUTICA LTDA,1,nao
ZYLORIC,ZYLORIC,Novo,ASPEN PHARMA INDÚSTRIA FARMACÊUTICA LTDA,2,nao
ZYMAR,ZYMAR,Novo,ALLERGAN PRODUTOS FARMACÊUTICOS LTDA,3,nao
ZYNLONTA,ZYNLONTA,Biológico,PINT PHARMA PRODUTOS MEDICO-HOSPITALARES E FARMACEUTICOS LTDA,1,nao
ZYNVIR,ZYNVIR,Similar,FRESENIUS KABI BRASIL LTDA,1,nao
ZYPRED,ZYPRED,Novo,ALLERGAN PRODUTOS FARMACÊUTICOS LTDA,2,nao
ZYPREXA,ZYPREXA,Novo,BIOPAS BRASIL PRODUTOS FARMACEUTICOS LTDA | ELI LILLY DO BRASIL LTDA,8,nao
ZYPTAN,ZYPTAN,Similar,ZYDUS NIKKHO FARMACÊUTICA LTDA,2,nao
ZYRTEC,ZYRTEC,Novo,GLAXOSMITHKLINE BRASIL LTDA,1,nao
ZYTIGA,ZYTIGA,Novo,JANSSEN-CILAG FARMACEUTICA LTDA,2,nao
ZYVOX,ZYVOX,Novo,PFIZER BRASIL LTDA,1,nao
ZYXEM,ZYXEM,Novo,UCB BIOPHARMA LTDA.,2,nao
ZYXOMIB,ZYXOMIB,Similar,NATCOFARMA DO BRASIL LTDA,1,nao
