mesref,anoref,data_inicial,data_final,modalidade_contratacao,pagina,tamanho_pagina,idx,modalidadeId,srp,anoCompra,sequencialCompra,orgaoSubRogado_cnpj,orgaoSubRogado_razaoSocial,orgaoSubRogado_poderId,orgaoSubRogado_esferaId,orgaoEntidade_cnpj,orgaoEntidade_razaoSocial,orgaoEntidade_poderId,orgaoEntidade_esferaId,dataInclusao,dataPublicacaoPncp,dataAtualizacao,numeroCompra,unidadeOrgao_ufNome,unidadeOrgao_codigoUnidade,unidadeOrgao_nomeUnidade,unidadeOrgao_ufSigla,unidadeOrgao_municipioNome,unidadeOrgao_codigoIbge,amparoLegal_codigo,amparoLegal_descricao,amparoLegal_nome,dataAberturaProposta,dataEncerramentoProposta,informacaoComplementar,processo,objetoCompra,linkSistemaOrigem,justificativaPresencial,unidadeSubRogada_ufNome,unidadeSubRogada_codigoUnidade,unidadeSubRogada_nomeUnidade,unidadeSubRogada_ufSigla,unidadeSubRogada_municipioNome,unidadeSubRogada_codigoIbge,valorTotalHomologado,modoDisputaId,numeroControlePNCP,dataAtualizacaoGlobal,linkProcessoEletronico,valorTotalEstimado,modalidadeNome,modoDisputaNome,tipoInstrumentoConvocatorioCodigo,tipoInstrumentoConvocatorioNome,situacaoCompraId,situacaoCompraNome,usuarioNome,endpoint
8,2024,20240801,20240831,10,1,50,endpoint 10 de 70,10,FALSE,2024,156,NA,NA,NA,NA,46634044000174,MUNICIPIO DE SOROCABA,N,M,2024-08-09T16:50:10Z,2024-08-09T16:50:10Z,2024-08-09T16:50:10Z,00047,São Paulo,1,Prefeitura Municipal de Sorocaba,SP,Sorocaba,3552205,49,"Procedimento de manifestação de interesse: procedimento aberto de a ser iniciado com a publicação de edital de chamamento público, a propositura e a realização de estudos, investigações, levantamentos e projetos de soluções inovadoras que contribuam com questões de relevância pública, na forma de regulamento.","Lei 14.133/2021, Art. 78, III",2024-08-12T08:00:00Z,2024-08-23T08:00:00Z,NA,M00047,RP DE MEDICAMENTOS PARA ABASTECIMENTO DA RMS - REMUME,NA,CONFORME JUSTIFICATIVA INTERNA!,NA,NA,NA,NA,NA,NA,NA,5,46634044000174-1-000156/2024,NA,NA,656642.51,Manifestação de Interesse,Não se aplica,4,Edital de Chamamento Público,1,Divulgada no PNCP,CONAM Consultoria em Administração Municipal,https://pncp.gov.br/api/pncp/v1/orgaos/46634044000174/compras/2024/156
8,2024,20240801,20240831,6,142,50,endpoint 240 de 11401,6,TRUE,2024,8,NA,NA,NA,NA,31506306000148,FUNDACAO MUNICIPAL DE SAUDE,E,M,2024-08-07T12:00:35Z,2024-08-07T12:00:35Z,2024-11-08T16:59:53Z,008,Rio de Janeiro,418,FUNDAÇÃO MUNICIPAL DE SAÚDE CAMPOS DOS GOYTACAZES/RJ,RJ,Campos dos Goytacazes,3301009,1,pregão: modalidade de licitação obrigatória para aquisição de bens e serviços comuns,"Lei 14.133/2021, Art. 28, I",2024-11-08T16:24:46Z,2024-11-27T10:00:00Z,NA,2024.099.000077-9-PR,"[LICITANET] - Registro de preços para futura e eventual contratação de empresa especializada para prestação de serviço de manipulação e fornecimento de NUTRIÇÃO PARENTERAL, visando a assistência aos pacientes nas unidades hospitalares que integram a estrutura da Fundação Municipal de Saúde",https://portal.licitanet.com.br/acesso-visitante/WkpPamxKR2o=,NA,NA,NA,NA,NA,NA,NA,NA,1,31506306000148-1-000008/2024,NA,NA,0,Pregão - Eletrônico,Aberto,1,Edital,1,Divulgada no PNCP,Licitanet Licitações Eletrônicas LTDA,https://pncp.gov.br/api/pncp/v1/orgaos/31506306000148/compras/2024/8
8,2024,20240801,20240831,6,294,50,endpoint 392 de 11401,6,FALSE,2024,5289,NA,NA,NA,NA,46374500000194,SECRETARIA DE ESTADO DA SAUDE,E,E,2024-08-14T07:11:58Z,2024-08-14T07:11:58Z,2024-08-14T07:11:58Z,90065,São Paulo,090158,"ESP-HOSP.GERAL J.TEIXEIRA DA COSTA,EM GUAIAN",SP,São Paulo,3550308,1,pregão: modalidade de licitação obrigatória para aquisição de bens e serviços comuns,"Lei 14.133/2021, Art. 28, I",2024-08-14T08:00:00Z,2024-08-26T10:00:00Z,Para as respostas de esclarecimentos e impugnações deste edital acesse o link: https://cnetmobile.estaleiro.serpro.gov.br/comprasnet-web/public/landing?destino=quadro-informativo&compra=09015805900652024,024.00107711/2024,Aquisição de Medicamentos (Sevoflurano e Outros),https://cnetmobile.estaleiro.serpro.gov.br/comprasnet-web/public/landing?destino=acompanhamento-compra&compra=09015805900652024,NA,NA,NA,NA,NA,NA,NA,38298,1,46374500000194-1-005289/2024,NA,NA,0,Pregão - Eletrônico,Aberto,1,Edital,1,Divulgada no PNCP,Compras.gov.br,https://pncp.gov.br/api/pncp/v1/orgaos/46374500000194/compras/2024/5289
8,2024,20240801,20240831,6,298,50,endpoint 396 de 11401,6,TRUE,2024,12206,NA,NA,NA,NA,07954480000179,ESTADO DO CEARA,N,E,2024-08-14T08:06:14Z,2024-08-14T08:06:14Z,2025-01-13T09:25:23Z,202413565,Ceará,240001,SECRETARIA DA SAUDE,CE,Fortaleza,2304400,1,pregão: modalidade de licitação obrigatória para aquisição de bens e serviços comuns,"Lei 14.133/2021, Art. 28, I",2024-11-19T08:00:00Z,2025-01-13T09:24:50Z,NÚMERO COMPRASNET: 908652024,24001029352202481,REGISTRO DE PREÇOS - MEDICAMENTOS,http://comprasgovernamentais.gov.br/,NA,NA,NA,NA,NA,NA,NA,2033869.2,3,07954480000179-1-012206/2024,2025-01-13T09:25:23Z,NA,2087321.07,Pregão - Eletrônico,Aberto-Fechado,1,Edital,1,Divulgada no PNCP,Secretaria do Planejamento e Gestão do Ceará,https://pncp.gov.br/api/pncp/v1/orgaos/07954480000179/compras/2024/12206
8,2024,20240801,20240831,6,374,50,endpoint 472 de 11401,6,TRUE,2024,1522,NA,NA,NA,NA,01409580000138,ESTADO DE GOIAS,N,E,2024-08-16T14:28:14Z,2024-08-16T14:28:14Z,2024-08-16T14:28:14Z,103723,Goiás,926250,SECRETARIA DE ESTADO DA SAUDE/GO,GO,Goiânia,5208707,1,pregão: modalidade de licitação obrigatória para aquisição de bens e serviços comuns,"Lei 14.133/2021, Art. 28, I",2024-08-20T08:00:00Z,2024-09-03T09:00:00Z,NA,202400005002178,"A solicitação refere-se à necessidade de aquisição de medicamento(s)e /ou produtos para saúde , que foram concedidos nas apresentações e concentrações farmacêuticas registradas na ANVISA prescritas nos receituários médicos presentes nos autos das ações judiciais.",NA,NA,NA,NA,NA,NA,NA,NA,NA,1,01409580000138-1-001522/2024,NA,NA,106305.12,Pregão - Eletrônico,Aberto,1,Edital,1,Divulgada no PNCP,SISLOG - Sistema de Logística de Goiás,https://pncp.gov.br/api/pncp/v1/orgaos/01409580000138/compras/2024/1522
8,2024,20240801,20240831,6,429,50,endpoint 527 de 11401,6,TRUE,2024,154,NA,NA,NA,NA,16781346000104,MUNICIPIO DE PIUMHI,N,M,2024-08-20T09:07:00Z,2024-08-20T09:07:00Z,2024-08-20T09:07:00Z,53,Minas Gerais,162,MUNICÍPIO DE PIUMHI/MG,MG,Piumhi,3151503,1,pregão: modalidade de licitação obrigatória para aquisição de bens e serviços comuns,"Lei 14.133/2021, Art. 28, I",2024-08-20T09:06:49Z,2024-09-04T09:00:00Z,NA,94,[LICITANET] - Aquisição futura e eventual de materiais de limpeza e utensílios domésticos em atendimento às necessidades desta Prefeitura.,https://portal.licitanet.com.br/acesso-visitante/WkpPa21KaWo=,NA,NA,NA,NA,NA,NA,NA,2768824.52,1,16781346000104-1-000154/2024,NA,NA,3723189.02,Pregão - Eletrônico,Aberto,1,Edital,1,Divulgada no PNCP,Licitanet Licitações Eletrônicas LTDA,https://pncp.gov.br/api/pncp/v1/orgaos/16781346000104/compras/2024/154
8,2024,20240801,20240831,6,445,50,endpoint 543 de 11401,6,TRUE,2024,24,NA,NA,NA,NA,03008926000111,CONSORCIO PUBLICO DA REGIAO NORTE DO ESPIRITO SANTO,E,N,2024-08-20T16:40:05Z,2024-08-20T16:40:05Z,2024-08-20T16:40:05Z,08,Espírito Santo,1,CONSÓRCIO PÚBLICO DA REGIÃO NORTE DO ESPÍRITO SANTO – CIM NORTE - ES,ES,Nova Venécia,3203908,1,pregão: modalidade de licitação obrigatória para aquisição de bens e serviços comuns,"Lei 14.133/2021, Art. 28, I",2024-07-09T09:00:00Z,2024-07-22T08:30:00Z,NA,179/2024,Aquisição de MEDICAMENTOS SÓLIDOS E ORAIS para atender demanda dos Municípios Consorciados e Rede Cuidar.,https://bllcompras.com/Process/ProcessView?param1=[gkz]7c36Y2qR2IjOkTTv8QSbJ3U_63cJKByw_no7rL3iAuUylfdi8cnMVh4j4zat7B4Rbm3Yf5TrgVGDCnodmOSZzb9EOy2IRgWJfF81WeiuBFI=,NA,NA,NA,NA,NA,NA,NA,NA,3,03008926000111-1-000024/2024,NA,NA,0,Pregão - Eletrônico,Aberto-Fechado,1,Edital,1,Divulgada no PNCP,BLL Compras,https://pncp.gov.br/api/pncp/v1/orgaos/03008926000111/compras/2024/24
8,2024,20240801,20240831,6,459,50,endpoint 557 de 11401,6,TRUE,2024,698,NA,NA,NA,NA,46068425000133,UNIVERSIDADE ESTADUAL DE CAMPINAS,E,E,2024-08-21T09:17:05Z,2024-08-21T09:17:05Z,2024-08-21T09:17:05Z,90077,São Paulo,450161,ESP-UNIVERSIDADE ESTADUAL DE CAMPINAS,SP,Campinas,3509502,1,pregão: modalidade de licitação obrigatória para aquisição de bens e serviços comuns,"Lei 14.133/2021, Art. 28, I",2024-08-21T08:30:00Z,2024-09-05T09:30:00Z,Para as respostas de esclarecimentos e impugnações deste edital acesse o link: https://cnetmobile.estaleiro.serpro.gov.br/comprasnet-web/public/landing?destino=quadro-informativo&compra=45016105900772024,01-P-9795/2024,Registro de preços de quimioterápicos.,https://cnetmobile.estaleiro.serpro.gov.br/comprasnet-web/public/landing?destino=acompanhamento-compra&compra=45016105900772024,NA,NA,NA,NA,NA,NA,NA,1947981.37,1,46068425000133-1-000698/2024,NA,NA,2208825.51,Pregão - Eletrônico,Aberto,1,Edital,1,Divulgada no PNCP,Compras.gov.br,https://pncp.gov.br/api/pncp/v1/orgaos/46068425000133/compras/2024/698
8,2024,20240801,20240831,6,521,50,endpoint 619 de 11401,6,FALSE,2024,5741,NA,NA,NA,NA,46374500000194,SECRETARIA DE ESTADO DA SAUDE,E,E,2024-08-23T09:11:36Z,2024-08-23T09:11:36Z,2024-08-23T09:11:36Z,90093,São Paulo,090154,ESP-HOSP. GERAL DE VILA NOVA CACHOEIRINHA,SP,São Paulo,3550308,1,pregão: modalidade de licitação obrigatória para aquisição de bens e serviços comuns,"Lei 14.133/2021, Art. 28, I",2024-08-26T08:00:00Z,2024-09-12T09:00:00Z,Para as respostas de esclarecimentos e impugnações deste edital acesse o link: https://cnetmobile.estaleiro.serpro.gov.br/comprasnet-web/public/landing?destino=quadro-informativo&compra=09015405900932024,02400127811202455,"Aquisição de medicamentos (alopáticos, manipulados, fitoterápicos, extratos, saneantes e insumos farmacêuticos), com entrega parcelada.",https://cnetmobile.estaleiro.serpro.gov.br/comprasnet-web/public/landing?destino=acompanhamento-compra&compra=09015405900932024,NA,NA,NA,NA,NA,NA,NA,10504,1,46374500000194-1-005741/2024,NA,NA,33786.8,Pregão - Eletrônico,Aberto,1,Edital,1,Divulgada no PNCP,Compras.gov.br,https://pncp.gov.br/api/pncp/v1/orgaos/46374500000194/compras/2024/5741
8,2024,20240801,20240831,6,523,50,endpoint 621 de 11401,6,FALSE,2024,5755,NA,NA,NA,NA,46374500000194,SECRETARIA DE ESTADO DA SAUDE,E,E,2024-08-23T09:14:59Z,2024-08-23T09:14:59Z,2024-08-23T09:14:59Z,90059,São Paulo,090169,ESP-HOSP. INFANTIL CANDIDO FONTOURA,SP,São Paulo,3550308,1,pregão: modalidade de licitação obrigatória para aquisição de bens e serviços comuns,"Lei 14.133/2021, Art. 28, I",2024-08-23T08:00:00Z,2024-09-06T09:00:00Z,Para as respostas de esclarecimentos e impugnações deste edital acesse o link: https://cnetmobile.estaleiro.serpro.gov.br/comprasnet-web/public/landing?destino=quadro-informativo&compra=09016905900592024,98471/2024-48,Aquisição de Medicamentos - Ácido fólico e outros,https://cnetmobile.estaleiro.serpro.gov.br/comprasnet-web/public/landing?destino=acompanhamento-compra&compra=09016905900592024,NA,NA,NA,NA,NA,NA,NA,49871.78,1,46374500000194-1-005755/2024,NA,NA,140349.5,Pregão - Eletrônico,Aberto,1,Edital,1,Divulgada no PNCP,Compras.gov.br,https://pncp.gov.br/api/pncp/v1/orgaos/46374500000194/compras/2024/5755
8,2024,20240801,20240831,6,564,50,endpoint 662 de 11401,6,FALSE,2024,47,NA,NA,NA,NA,11285282000137,FUNDACAO ESTATAL DE SAUDE DO PANTANAL,E,M,2024-08-26T11:51:37Z,2024-08-26T11:51:37Z,2024-08-26T11:51:37Z,15,Mato Grosso do Sul,2,FESP - FUNDAÇÃO ESTATAL DE SAÚDE DO PANTANAL,MS,Coxim,5003306,1,pregão: modalidade de licitação obrigatória para aquisição de bens e serviços comuns,"Lei 14.133/2021, Art. 28, I",2024-08-27T15:00:00Z,2024-09-09T15:00:00Z,NA,41,"Contratação de empresa especializada no fornecimento e aquisição de medicamentos, a fim de atender as necessidades da farmácia central da FESP",NA,"Contrata..o de empresa para fornecimento de medicamentos fracassados e desertos em licita..o anterior, em atendimento as necessidades do setor de Farm.cia da FESP",NA,NA,NA,NA,NA,NA,NA,1,11285282000137-1-000047/2024,NA,NA,371984.82,Pregão - Eletrônico,Aberto,1,Edital,1,Divulgada no PNCP,Grupo Assessor,https://pncp.gov.br/api/pncp/v1/orgaos/11285282000137/compras/2024/47
8,2024,20240801,20240831,6,591,50,endpoint 689 de 11401,6,FALSE,2024,12,NA,NA,NA,NA,12257765000190,FUNDO MUNICIPAL DE SAUDE,E,M,2024-08-27T08:47:38Z,2024-08-27T08:47:38Z,2024-08-27T08:47:38Z,021,Pernambuco,1,FUNDO MUNICIPAL DE SAÚDE DE SÃO LOURENÇO DA MATA,PE,São Lourenço da Mata,2613701,1,pregão: modalidade de licitação obrigatória para aquisição de bens e serviços comuns,"Lei 14.133/2021, Art. 28, I",2024-08-27T09:00:00Z,2024-09-11T09:00:00Z,NA,104/2024,"Contratação de empresa para fornecimento de Medicamentos para atender as Ordens Judiciais e demanda de vulnerabilidade social da Secretaria de Saúde do município de São Lourenço da Mata/PE, conforme condições quantidades e exigências estabelecidas no Edital e seus anexos.",https://bnccompras.com/Process/ProcessView?param1=[gkz]2o/ivpaBXQrJqIZZWEug1lgH6cwiou3Y1knj/9kDzwNYwWQhslnhHCKkEIWQqygTFHGV2TG3RCkcfFpfoWK97A6gyTr/lm69YS6i6p6BXPo=,NA,NA,NA,NA,NA,NA,NA,NA,1,12257765000190-1-000012/2024,NA,NA,7418.8,Pregão - Eletrônico,Aberto,1,Edital,1,Divulgada no PNCP,Bolsa Nacional De Compras - BNC,https://pncp.gov.br/api/pncp/v1/orgaos/12257765000190/compras/2024/12
8,2024,20240801,20240831,6,626,50,endpoint 724 de 11401,6,TRUE,2024,94,NA,NA,NA,NA,18602060000140,MUNICIPIO DE PRESIDENTE OLEGARIO,N,M,2024-08-28T09:23:46Z,2024-08-28T09:23:46Z,2024-08-28T09:23:46Z,062,Minas Gerais,184,MUNICIPIO DE PRESIDENTE OLEGARIO/MG,MG,Presidente Olegário,3153400,1,pregão: modalidade de licitação obrigatória para aquisição de bens e serviços comuns,"Lei 14.133/2021, Art. 28, I",2024-08-28T09:23:41Z,2024-09-09T09:00:00Z,NA,092/2024,"[LICITANET] - REGISTRO DE PREÇOS DESTINADO À FUTURA, EVENTUAL E PARCELADA AQUISIÇÃO DE MEDICAMENTOS PARA MANUTENÇÃO DAS ATIVIDADES DO HOSPITAL MUNICIPAL DARCI JOSÉ FERNANDES",https://portal.licitanet.com.br/acesso-visitante/WkpPbG1aYWs=,NA,NA,NA,NA,NA,NA,NA,232197.5,1,18602060000140-1-000094/2024,2024-12-24T10:30:22Z,NA,467186.24,Pregão - Eletrônico,Aberto,1,Edital,1,Divulgada no PNCP,Licitanet Licitações Eletrônicas LTDA,https://pncp.gov.br/api/pncp/v1/orgaos/18602060000140/compras/2024/94
8,2024,20240801,20240831,6,640,50,endpoint 738 de 11401,6,TRUE,2024,107,NA,NA,NA,NA,13830336000123,MUNICIPIO DE CANDEIAS,N,M,2024-08-28T15:46:31Z,2024-08-28T15:46:31Z,2024-08-28T15:46:31Z,065,Bahia,2199,Prefeitura Municipal de Candeias,BA,Candeias,2906501,1,pregão: modalidade de licitação obrigatória para aquisição de bens e serviços comuns,"Lei 14.133/2021, Art. 28, I",2024-08-29T08:00:00Z,2024-09-19T10:00:00Z,NA,3464/2024,Registro de Preços para aquisição de MEDICAMENTOS com o objetivo de suprir as necessidades da CAPS (CENTRO DE ATENÇÃO PSICOSSOCIAL) E FARMACIA BÁSICA ambas vinculadas a SESAU - Secretaria de Saúde do Município de Candeias - Bahia.,https://www.licitanet.com.br,NA,NA,NA,NA,NA,NA,NA,NA,1,13830336000123-1-000107/2024,NA,NA,1344287,Pregão - Eletrônico,Aberto,1,Edital,1,Divulgada no PNCP,Instituto Municipal de Administração Pública - IMAP,https://pncp.gov.br/api/pncp/v1/orgaos/13830336000123/compras/2024/107
8,2024,20240801,20240831,6,653,50,endpoint 751 de 11401,6,TRUE,2024,2593,NA,NA,NA,NA,15126437000143,EMPRESA BRASILEIRA DE SERVIÇOS HOSPITALARES,E,F,2024-08-29T07:10:44Z,2024-08-29T07:10:44Z,2024-08-29T07:10:44Z,90027,Mato Grosso do Sul,155016,HOSPITAL UNIVERSITÁRIO GRANDE DOURADOS,MS,Dourados,5003702,1,pregão: modalidade de licitação obrigatória para aquisição de bens e serviços comuns,"Lei 14.133/2021, Art. 28, I",2024-08-29T08:00:00Z,2024-09-16T15:00:00Z,"Senhores (as) fornecedores (as), queiram por gentileza fazer cotação conforme especificações e exigências do edital e seus anexos. Para as respostas de esclarecimentos e impugnações deste edital acesse o link: https://cnetmobile.estaleiro.serpro.gov.br/comprasnet-web/public/landing?destino=quadro-informativo&compra=15501605900272024",23529005664202497,Republicação de Medicamentos Injetáveis 2024,https://cnetmobile.estaleiro.serpro.gov.br/comprasnet-web/public/landing?destino=acompanhamento-compra&compra=15501605900272024,NA,NA,NA,NA,NA,NA,NA,944482.38,1,15126437000143-1-002593/2024,NA,NA,1164052.89,Pregão - Eletrônico,Aberto,1,Edital,1,Divulgada no PNCP,Compras.gov.br,https://pncp.gov.br/api/pncp/v1/orgaos/15126437000143/compras/2024/2593
8,2024,20240801,20240831,6,683,50,endpoint 781 de 11401,6,FALSE,2024,31,NA,NA,NA,NA,46381000002123,SECRETARIA DA JUSTICA E CIDADANIA,E,E,2024-08-30T07:45:13Z,2024-08-30T07:45:13Z,2024-08-30T07:45:13Z,90022,São Paulo,990202,ESP-FUNDAÇÃO C.A.S.A. - SEDE ADMINISTRAÇÃO,SP,São Paulo,3550308,1,pregão: modalidade de licitação obrigatória para aquisição de bens e serviços comuns,"Lei 14.133/2021, Art. 28, I",2024-09-02T08:00:00Z,2024-09-13T09:30:00Z,Para as respostas de esclarecimentos e impugnações deste edital acesse o link: https://cnetmobile.estaleiro.serpro.gov.br/comprasnet-web/public/landing?destino=quadro-informativo&compra=99020205900222024,16100184504202461,Aquisição de medicamentos,https://cnetmobile.estaleiro.serpro.gov.br/comprasnet-web/public/landing?destino=acompanhamento-compra&compra=99020205900222024,NA,NA,NA,NA,NA,NA,NA,15270.08,1,46381000002123-1-000031/2024,NA,NA,25403.84,Pregão - Eletrônico,Aberto,1,Edital,1,Divulgada no PNCP,Compras.gov.br,https://pncp.gov.br/api/pncp/v1/orgaos/46381000002123/compras/2024/31
8,2024,20240801,20240831,6,685,50,endpoint 783 de 11401,6,TRUE,2024,772,NA,NA,NA,NA,08241739000105,ESTADO DO RIO GRANDE DO NORTE,N,E,2024-08-30T07:48:03Z,2024-08-30T07:48:03Z,2024-08-30T07:48:03Z,90044,Rio Grande do Norte,925550,SECRETARIA DE ESTADO DA SAÚDE PÚBLICA,RN,Natal,2408102,1,pregão: modalidade de licitação obrigatória para aquisição de bens e serviços comuns,"Lei 14.133/2021, Art. 28, I",2024-08-30T08:00:00Z,2024-09-16T10:00:00Z,Havendo divergência o descritivo do Sistema Comprasnet e o Edital prevalece o Edital. Para as respostas de esclarecimentos e impugnações deste edital acesse o link: https://cnetmobile.estaleiro.serpro.gov.br/comprasnet-web/public/landing?destino=quadro-informativo&compra=92555005900442024,00610230.000280/2,"Aquisição de medicamentos para Demandas Judiciais, na modalidade PREGÃO, na sua forma ELETRÔNICA, para o Registro de Preços nos termos abaixo, conforme condições e exigências estabelecidas neste instrumento.",https://cnetmobile.estaleiro.serpro.gov.br/comprasnet-web/public/landing?destino=acompanhamento-compra&compra=92555005900442024,NA,NA,NA,NA,NA,NA,NA,61812,3,08241739000105-1-000772/2024,NA,NA,119906.39,Pregão - Eletrônico,Aberto-Fechado,1,Edital,1,Divulgada no PNCP,Compras.gov.br,https://pncp.gov.br/api/pncp/v1/orgaos/08241739000105/compras/2024/772
8,2024,20240801,20240831,6,687,50,endpoint 785 de 11401,6,TRUE,2024,186,NA,NA,NA,NA,12474705000120,HOSPITAL DAS CLINICAS DA FACULDADE DE MEDICINA DE BOTUCATU,E,E,2024-08-30T07:52:46Z,2024-08-30T07:52:46Z,2024-08-30T07:52:46Z,90179,São Paulo,092501,ESP-HOSPITAL DAS CLINICAS DE BOTUCATU,SP,Botucatu,3507506,1,pregão: modalidade de licitação obrigatória para aquisição de bens e serviços comuns,"Lei 14.133/2021, Art. 28, I",2024-08-30T08:00:00Z,2024-09-12T09:00:00Z,Para as respostas de esclarecimentos e impugnações deste edital acesse o link: https://cnetmobile.estaleiro.serpro.gov.br/comprasnet-web/public/landing?destino=quadro-informativo&compra=09250105901792024,14300017045202429,"Constituição de sistema de registro de preços para aquisição futura de medicamentos (alcool etilico, etc), para atender as necessidades da Seção Técnica de Farmácia",https://cnetmobile.estaleiro.serpro.gov.br/comprasnet-web/public/landing?destino=acompanhamento-compra&compra=09250105901792024,NA,NA,NA,NA,NA,NA,NA,328072,3,12474705000120-1-000186/2024,NA,NA,436972.22,Pregão - Eletrônico,Aberto-Fechado,1,Edital,1,Divulgada no PNCP,Compras.gov.br,https://pncp.gov.br/api/pncp/v1/orgaos/12474705000120/compras/2024/186
8,2024,20240801,20240831,6,692,50,endpoint 790 de 11401,6,TRUE,2024,192,NA,NA,NA,NA,75587204000170,MUNICIPIO DE TERRA ROXA,N,M,2024-08-30T08:50:43Z,2024-08-30T08:50:43Z,2024-08-30T08:50:43Z,PCE 54,Paraná,06001,Fundo Municipal de Saúde,PR,Terra Roxa,4127403,1,pregão: modalidade de licitação obrigatória para aquisição de bens e serviços comuns,"Lei 14.133/2021, Art. 28, I",2024-09-18T09:00:00Z,2024-09-18T09:00:00Z,NA,116/2024,"AQUISIÇÃO, EVENTUAL E FUTURA DE MEDICAMENTOS PARA ATENDER A DEMANDA DAS UNIDADES BÁSICAS DE SAÚDE E PRONTO ATENDIMENTO MUNICIPAL DO MUNICÍPIO DE TERRA ROXA -  PR",NA,NA,NA,NA,NA,NA,NA,NA,163062.4,1,75587204000170-1-000192/2024,NA,NA,519143.1,Pregão - Eletrônico,Aberto,1,Edital,1,Divulgada no PNCP,IPM Sistemas,https://pncp.gov.br/api/pncp/v1/orgaos/75587204000170/compras/2024/192
8,2024,20240801,20240831,6,694,50,endpoint 792 de 11401,6,TRUE,2024,159,NA,NA,NA,NA,02391654000119,MUNICIPIO DE SAO MIGUEL DO ARAGUAIA,N,M,2024-08-30T09:23:27Z,2024-08-30T09:23:27Z,2024-09-18T10:11:16Z,26,Goiás,10,MUNICIPIO DE SAO MIGUEL DO ARAGUAIA,GO,São Miguel do Araguaia,5220207,1,pregão: modalidade de licitação obrigatória para aquisição de bens e serviços comuns,"Lei 14.133/2021, Art. 28, I",2024-08-28T17:00:00Z,2024-10-03T07:00:00Z,NA,4771/2024,"REGISTRO DE PREÇOS DE EQUIPAMENTOS E MATERIAIS PERMANENTES DESTINADOS AS UNIDADES BÁSICAS DE SAÚDE DE ACORDO COM A PROPOSTA FEDERAL N°11433.328000/1230-05 DO MINISTÉRIO DA SAÚDE, CONFORME ESPECIALIZAÇÕES E QUANTIDADES CONSTANTES DO LEVANTAMENTO REALIZAD",https://bllcompras.com/Process/ProcessView?param1=[gkz]OeS/rYjn_Doa4XlgFJR7FM1fZAnE2MqHuRnVBS5gEQF_pdDKDxVW8Ez45TF2ZJiHNFzVu2afi5wJdGQzzkHLvvuPexbcQGbMpP8xZANGnhc=,NA,NA,NA,NA,NA,NA,NA,NA,1,02391654000119-1-000159/2024,NA,NA,350751.72,Pregão - Eletrônico,Aberto,1,Edital,1,Divulgada no PNCP,BLL Compras,https://pncp.gov.br/api/pncp/v1/orgaos/02391654000119/compras/2024/159
8,2024,20240801,20240831,6,696,50,endpoint 794 de 11401,6,TRUE,2024,58,NA,NA,NA,NA,46137477000114,MUNICIPIO DE IACANGA,N,M,2024-08-30T10:10:25Z,2024-08-30T10:10:25Z,2024-08-30T10:10:25Z,36,São Paulo,1,PREFEITURA MUNICIPAL DE IACANGA,SP,Iacanga,3519105,1,pregão: modalidade de licitação obrigatória para aquisição de bens e serviços comuns,"Lei 14.133/2021, Art. 28, I",2024-08-30T08:00:00Z,2024-09-16T13:00:00Z,"“Registro de Preços para futura e eventual aquisição de insumos diabéticos para atender as necessidades da Secretaria Municipal de Saúde, de acordo com as especificações constantes do anexo I.”",36,"“Registro de Preços para futura e eventual aquisição de insumos diabéticos para atender as necessidades da Secretaria Municipal de Saúde, de acordo com as especificações constantes do anexo I.”",NA,NA,NA,NA,NA,NA,NA,NA,NA,1,46137477000114-1-000058/2024,NA,NA,591600,Pregão - Eletrônico,Aberto,1,Edital,1,Divulgada no PNCP,Fiorilli Software,https://pncp.gov.br/api/pncp/v1/orgaos/46137477000114/compras/2024/58
8,2024,20240801,20240831,6,707,50,endpoint 805 de 11401,6,TRUE,2024,87,NA,NA,NA,NA,18137935000180,MUNICIPIO DE SAO GERALDO,N,M,2024-08-30T14:59:20Z,2024-08-30T14:59:20Z,2024-09-12T14:16:06Z,00008524,Minas Gerais,02001,MUNICÍPIO DE SÃO GERALDO,MG,São Geraldo,3161502,1,pregão: modalidade de licitação obrigatória para aquisição de bens e serviços comuns,"Lei 14.133/2021, Art. 28, I",2024-09-12T09:00:00Z,2024-09-25T09:00:00Z,NA,00008524,"Registro de Preços para futura e eventual contratação de empresa para fornecimento de combustíveis (gasolina, etanol, diesel comum e S10), visando atender as necessidades dos veículos (leves, médios, pesados) e maquinários (tratores, maquinas agrícolas e implementos) pertencentes à frota oficial do Município de São Geraldo/MG, conforme especificações discriminadas no Termo de Referência.",NA,NA,NA,NA,NA,NA,NA,NA,NA,3,18137935000180-1-000087/2024,NA,NA,1711100,Pregão - Eletrônico,Aberto-Fechado,1,Edital,1,Divulgada no PNCP,SH3 Informática Ltda.,https://pncp.gov.br/api/pncp/v1/orgaos/18137935000180/compras/2024/87
8,2024,20240801,20240831,8,26,50,endpoint 856 de 11401,8,FALSE,2024,21,NA,NA,NA,NA,14986862000140,"FUNDACAO MUNICIPAL IRENE SIQUEIRA ALVES VOVO MOCINHA, A MATERNIDADE GOTA DE LEITE DE ARARAQUARA (FUNGOTA ARARAQUARA)",E,M,2024-08-01T12:21:34Z,2024-08-01T12:21:34Z,2024-08-01T12:21:34Z,215 | Processo 226,São Paulo,0018,Fundação Gota de Leite,SP,Araraquara,3503208,19,"Dispensa de Licitação: para contratação que envolva valores inferiores a R$ 50.000,00 (cinquenta mil reais), no caso de outros serviços e compras","Lei 14.133/2021, Art. 75, II",NA,NA,NA,215,AQUISICAO DE MEDICAMENTOS  DIVERSOS,NA,NA,NA,NA,NA,NA,NA,NA,1884.6,5,14986862000140-1-000021/2024,NA,NA,1884.6,Dispensa,Não se aplica,3,Ato que autoriza a Contratação Direta,1,Divulgada no PNCP,Governançabrasil Tecnologia e Gestão em Serviços,https://pncp.gov.br/api/pncp/v1/orgaos/14986862000140/compras/2024/21
8,2024,20240801,20240831,8,142,50,endpoint 972 de 11401,8,FALSE,2024,4007,NA,NA,NA,NA,46200846000176,MUNICIPIO DE LENCOIS PAULISTA,N,M,2024-08-05T13:31:08Z,2024-08-05T13:31:08Z,2024-08-05T13:31:08Z,09182,São Paulo,1,Prefeitura Municipal de Lençóis Paulista,SP,Lençóis Paulista,3526803,19,"Dispensa de Licitação: para contratação que envolva valores inferiores a R$ 50.000,00 (cinquenta mil reais), no caso de outros serviços e compras","Lei 14.133/2021, Art. 75, II",NA,NA,NA,S09182,AQUISICAO DE MEDICAMENTOS.,NA,CONFORME JUSTIFICATIVA INTERNA!,NA,NA,NA,NA,NA,NA,1080.23,5,46200846000176-1-004007/2024,NA,NA,1080.23,Dispensa,Não se aplica,3,Ato que autoriza a Contratação Direta,1,Divulgada no PNCP,CONAM Consultoria em Administração Municipal,https://pncp.gov.br/api/pncp/v1/orgaos/46200846000176/compras/2024/4007
8,2024,20240801,20240831,8,190,50,endpoint 1020 de 11401,8,FALSE,2024,273,NA,NA,NA,NA,44494136000170,MUNICIPIO DE MARACAI,N,M,2024-08-06T10:40:35Z,2024-08-06T10:40:35Z,2024-08-06T10:40:35Z,288,São Paulo,2,PREFEITURA MUNICIPAL DE MARACAÍ,SP,Maracaí,3528809,19,"Dispensa de Licitação: para contratação que envolva valores inferiores a R$ 50.000,00 (cinquenta mil reais), no caso de outros serviços e compras","Lei 14.133/2021, Art. 75, II",NA,NA,AQUISIÇÃO DE MEDICAMENTOS PARA ATENDIMENTO DE ORDEM JUDICIAL - PAC: A.R.O.M. - PROC.JUD. N.: 0000415.27.2023.8.26.0341,288,AQUISIÇÃO DE MEDICAMENTOS PARA ATENDIMENTO DE ORDEM JUDICIAL - PAC: A.R.O.M. - PROC.JUD. N.: 0000415.27.2023.8.26.0341,http://138.122.40.102:8079/comprasedital/,NA,NA,NA,NA,NA,NA,NA,1718.88,5,44494136000170-1-000273/2024,NA,NA,1759.02,Dispensa,Não se aplica,3,Ato que autoriza a Contratação Direta,1,Divulgada no PNCP,Fiorilli Software,https://pncp.gov.br/api/pncp/v1/orgaos/44494136000170/compras/2024/273
8,2024,20240801,20240831,8,281,50,endpoint 1111 de 11401,8,FALSE,2024,4997,NA,NA,NA,NA,46374500000194,SECRETARIA DE ESTADO DA SAUDE,E,E,2024-08-07T16:58:09Z,2024-08-07T16:58:09Z,2024-08-07T16:58:09Z,21,São Paulo,090123,ESP-DEPTO.REG.SAUDE DRS-III ARARAQUARA,SP,Araraquara,3503208,40,Dispensa de Licitação: quando a União tiver que intervir no domínio econômico para regular preços ou normalizar o abastecimento,"Lei 14.133/2021, Art. 75, X",NA,NA,NA,024.00105000/2024-01,Aquisição de nutrição para atendimentos de Demandas da Comissão de Farmacologia (Demandas Administrativas),NA,NA,NA,NA,NA,NA,NA,NA,153600,5,46374500000194-1-004997/2024,NA,NA,153600,Dispensa,Não se aplica,3,Ato que autoriza a Contratação Direta,1,Divulgada no PNCP,Compras.gov.br,https://pncp.gov.br/api/pncp/v1/orgaos/46374500000194/compras/2024/4997
8,2024,20240801,20240831,8,320,50,endpoint 1150 de 11401,8,FALSE,2024,47,NA,NA,NA,NA,11479560000197,FUNDO MUNICIPAL DE SAUDE,E,M,2024-08-08T14:40:08Z,2024-08-08T14:40:08Z,2024-08-08T14:40:08Z,(6859) | 2223-0,Goiás,5,FUNDO MUNICIPAL DA SAUDE,GO,Santo Antônio da Barra,5219712,38,"Dispensa de Licitação: nos casos de emergência ou de calamidade pública, quando caracterizada urgência de atendimento de situação que possa ocasionar prejuízo ou comprometer a continuidade dos serviços públicos ou a segurança de pessoas, obras, serviços, equipamentos e outros bens, públicos ou particulares, e somente para aquisição dos bens necessários ao atendimento da situação emergencial ou calamitosa e para as parcelas de obras e serviços que possam ser concluídas no prazo máximo de 1 (um) ano, contado da data de ocorrência da emergência ou da calamidade, vedadas a prorrogação dos respectivos contratos e a recontratação de empresa já contratada com base no disposto neste inciso","Lei 14.133/2021, Art. 75, VIII",NA,NA,NA,2216/2024,"AQUISIÇÃO DE MEDICAMENTOS EM CARÁTER EMERGENCIAL DESTINADOS A FARMACIA BASICA, TORNA-SE NECESSÁRIA A COMPRA, DEVIDO À CONSTATAÇÃO DE QUE AS EMPRESAS LICITADAS ESTÃO ENTREGANDO PARCIALMENTE OS MEDICAMENTOS, ASSIM NÃO ESTÃO CUMPRINDO INTEGRALMENTE AS CLÁUSULAS ESTABELECIDAS NOS CONTRATOS VIGENTES.",NA,NA,NA,NA,NA,NA,NA,NA,1065.3,5,11479560000197-1-000047/2024,NA,NA,1164.8,Dispensa,Não se aplica,3,Ato que autoriza a Contratação Direta,1,Divulgada no PNCP,Megasoft Informática,https://pncp.gov.br/api/pncp/v1/orgaos/11479560000197/compras/2024/47
8,2024,20240801,20240831,8,595,50,endpoint 1425 de 11401,8,FALSE,2024,666,10572048000128,SECRETARIA DE SAUDE,E,E,10572048000128,SECRETARIA DE SAUDE,E,E,2024-08-15T09:59:47Z,2024-08-15T09:59:47Z,2024-08-21T10:03:26Z,1973,Pernambuco,5759,[P]-SECRETARIA DE SAÚDE,PE,Recife,2611606,19,"Dispensa de Licitação: para contratação que envolva valores inferiores a R$ 50.000,00 (cinquenta mil reais), no caso de outros serviços e compras","Lei 14.133/2021, Art. 75, II",2024-08-15T09:30:00Z,2024-08-19T10:00:00Z,NA,1973.2024.CCD.DL.1407.SES.FES-PE,"Aquisição de MEDICAMENTOS VOL.05 (Urgente), para atender as necessidades do Setor de Farmácia do HRGM.",https://www.peintegrado.pe.gov.br/,NA,Pernambuco,5759,[P]-SECRETARIA DE SAÚDE,PE,Recife,2611606,14921.19,4,10572048000128-1-000666/2024,NA,NA,43753.3,Dispensa,Dispensa Com Disputa,2,Aviso de Contratação Direta,1,Divulgada no PNCP,Secretaria de Administração do Estado de Pernambuco,https://pncp.gov.br/api/pncp/v1/orgaos/10572048000128/compras/2024/666
8,2024,20240801,20240831,8,703,50,endpoint 1533 de 11401,8,FALSE,2024,85,NA,NA,NA,NA,12092636000190,FUNDO MUNICIPAL DE SAUDE,E,M,2024-08-16T14:57:22Z,2024-08-16T14:57:22Z,2024-08-16T14:57:22Z,PRD 96,Santa Catarina,17001,Fundo Municipal de Saúde,SC,Palhoça,4211900,19,"Dispensa de Licitação: para contratação que envolva valores inferiores a R$ 50.000,00 (cinquenta mil reais), no caso de outros serviços e compras","Lei 14.133/2021, Art. 75, II",NA,NA,NA,98/2024,"Aquisição de medicamentos para atendimento de demandas judiciais impetradas contra o município de Palhoça. A compra se faz necessária para manter o estoque dos medicamentos na Farmácia de Alto custo, afim de que não ocorra descumprimento e posterior sequestro de valores.",NA,NA,NA,NA,NA,NA,NA,NA,NA,5,12092636000190-1-000085/2024,NA,NA,41008.6,Dispensa,Não se aplica,3,Ato que autoriza a Contratação Direta,1,Divulgada no PNCP,IPM Sistemas,https://pncp.gov.br/api/pncp/v1/orgaos/12092636000190/compras/2024/85
8,2024,20240801,20240831,8,801,50,endpoint 1631 de 11401,8,FALSE,2024,12719,NA,NA,NA,NA,07954480000179,ESTADO DO CEARA,N,E,2024-08-20T10:17:18Z,2024-08-20T10:17:18Z,2024-08-20T10:17:18Z,202420796,Ceará,240001,SECRETARIA DA SAUDE,CE,Fortaleza,2304400,38,"Dispensa de Licitação: nos casos de emergência ou de calamidade pública, quando caracterizada urgência de atendimento de situação que possa ocasionar prejuízo ou comprometer a continuidade dos serviços públicos ou a segurança de pessoas, obras, serviços, equipamentos e outros bens, públicos ou particulares, e somente para aquisição dos bens necessários ao atendimento da situação emergencial ou calamitosa e para as parcelas de obras e serviços que possam ser concluídas no prazo máximo de 1 (um) ano, contado da data de ocorrência da emergência ou da calamidade, vedadas a prorrogação dos respectivos contratos e a recontratação de empresa já contratada com base no disposto neste inciso","Lei 14.133/2021, Art. 75, VIII",2024-08-20T11:00:00Z,2024-08-27T11:00:00Z,ATENDER DEMANDA JUDICIAL.,24001040494202407,DISPENSA DE LICITAÇÃO PARA AQUISIÇÃO DE MEDICAMENTOS PARA ATENDER DEMANDA JUDICIAL.,NA,Forma de aquisição não presencial,NA,NA,NA,NA,NA,NA,NA,4,07954480000179-1-012719/2024,NA,NA,6446.22,Dispensa,Dispensa Com Disputa,2,Aviso de Contratação Direta,1,Divulgada no PNCP,Secretaria do Planejamento e Gestão do Ceará,https://pncp.gov.br/api/pncp/v1/orgaos/07954480000179/compras/2024/12719
8,2024,20240801,20240831,8,840,50,endpoint 1670 de 11401,8,FALSE,2024,4393,NA,NA,NA,NA,05816630000152,FUNDO ESTADUAL DE SAUDE DO ESTADO DA BAHIA,E,E,2024-08-20T11:53:32Z,2024-08-20T11:53:32Z,2024-08-20T11:53:32Z,PCE1910220240021,Bahia,19102,FUNDO ESTADUAL DE SAUDE - HOSPITAL REGIONAL PRADO VALADARES,BA,Jequié,2918001,19,"Dispensa de Licitação: para contratação que envolva valores inferiores a R$ 50.000,00 (cinquenta mil reais), no caso de outros serviços e compras","Lei 14.133/2021, Art. 75, II",2024-02-15T14:30:00Z,2024-02-15T16:30:00Z,NA,01989062024000730691,"Materiais e Equip. de Uso Hospitalar, Odontológico, Veterinário e de Laboratório",NA,NA,NA,NA,NA,NA,NA,NA,6657,4,05816630000152-1-004393/2024,NA,NA,7115.7,Dispensa,Dispensa Com Disputa,2,Aviso de Contratação Direta,1,Divulgada no PNCP,BAHIA SECRETARIA DA ADMINISTRACAO,https://pncp.gov.br/api/pncp/v1/orgaos/05816630000152/compras/2024/4393
8,2024,20240801,20240831,8,847,50,endpoint 1677 de 11401,8,FALSE,2024,4699,NA,NA,NA,NA,05816630000152,FUNDO ESTADUAL DE SAUDE DO ESTADO DA BAHIA,E,E,2024-08-20T12:06:40Z,2024-08-20T12:06:40Z,2024-08-21T15:55:34Z,PCE1912320240189,Bahia,19123,FUNDO ESTADUAL DE SAUDE - HOSPITAL GERAL ERNESTO SIMOES FILHO,BA,Salvador,2927408,19,"Dispensa de Licitação: para contratação que envolva valores inferiores a R$ 50.000,00 (cinquenta mil reais), no caso de outros serviços e compras","Lei 14.133/2021, Art. 75, II",2024-08-02T08:30:00Z,2024-08-02T10:30:00Z,NA,01988242024010687961,"Materiais e Equip. de Uso Hospitalar, Odontológico, Veterinário e de Laboratório",NA,{justificativaPresencial},NA,NA,NA,NA,NA,NA,3767.99,4,05816630000152-1-004699/2024,NA,NA,4028.4,Dispensa,Dispensa Com Disputa,2,Aviso de Contratação Direta,1,Divulgada no PNCP,BAHIA SECRETARIA DA ADMINISTRACAO,https://pncp.gov.br/api/pncp/v1/orgaos/05816630000152/compras/2024/4699
8,2024,20240801,20240831,8,856,50,endpoint 1686 de 11401,8,FALSE,2024,5119,NA,NA,NA,NA,05816630000152,FUNDO ESTADUAL DE SAUDE DO ESTADO DA BAHIA,E,E,2024-08-20T12:23:31Z,2024-08-20T12:23:31Z,2024-08-21T15:57:12Z,PCE1918020240032,Bahia,19180,FUNDO ESTADUAL DE SAUDE - SAFTEC,BA,Salvador,2927408,19,"Dispensa de Licitação: para contratação que envolva valores inferiores a R$ 50.000,00 (cinquenta mil reais), no caso de outros serviços e compras","Lei 14.133/2021, Art. 75, II",2024-05-14T15:30:00Z,2024-05-14T17:30:00Z,NA,01950222024006598868,"Materiais e Equip. de Uso Hospitalar, Odontológico, Veterinário e de Laboratório",NA,{justificativaPresencial},NA,NA,NA,NA,NA,NA,4745.28,4,05816630000152-1-005119/2024,NA,NA,5798.82,Dispensa,Dispensa Com Disputa,2,Aviso de Contratação Direta,1,Divulgada no PNCP,BAHIA SECRETARIA DA ADMINISTRACAO,https://pncp.gov.br/api/pncp/v1/orgaos/05816630000152/compras/2024/5119
8,2024,20240801,20240831,8,994,50,endpoint 1824 de 11401,8,FALSE,2024,2441,NA,NA,NA,NA,13937149000143,BAHIA SECRETARIA DA SEGURANCA PUBLICA,E,E,2024-08-21T16:46:04Z,2024-08-21T16:46:04Z,2024-08-23T08:16:14Z,PCE2022120240074,Bahia,20221,COMANDO DE POLICIAMENTO DA REGIAO LESTE,BA,Feira de Santana,2910800,19,"Dispensa de Licitação: para contratação que envolva valores inferiores a R$ 50.000,00 (cinquenta mil reais), no caso de outros serviços e compras","Lei 14.133/2021, Art. 75, II",2024-08-26T08:30:00Z,2024-08-26T10:30:00Z,NA,03020872024007612949,"Materiais e Equip. de Uso Hospitalar, Odontológico, Veterinário e de Laboratório",NA,{justificativaPresencial},NA,NA,NA,NA,NA,NA,NA,4,13937149000143-1-002441/2024,NA,NA,1302.9,Dispensa,Dispensa Com Disputa,2,Aviso de Contratação Direta,1,Divulgada no PNCP,BAHIA SECRETARIA DA ADMINISTRACAO,https://pncp.gov.br/api/pncp/v1/orgaos/13937149000143/compras/2024/2441
8,2024,20240801,20240831,8,1238,50,endpoint 2068 de 11401,8,FALSE,2024,10837,NA,NA,NA,NA,00394502000144,COMANDO DA MARINHA,E,F,2024-08-27T15:16:28Z,2024-08-27T15:16:28Z,2024-08-27T15:16:28Z,90056,Rio Grande do Norte,783000,COMANDO DO 3.DISTRITO NAVAL,RN,Natal,2408102,19,"Dispensa de Licitação: para contratação que envolva valores inferiores a R$ 50.000,00 (cinquenta mil reais), no caso de outros serviços e compras","Lei 14.133/2021, Art. 75, II",2024-08-27T15:16:27Z,2024-08-30T07:59:59Z,"Contração de serviço com valores inferiores a R$50.000,00 com base na lei 14.133/21 art.75 inciso II.",62032.005073/2024,"O objeto do presente procedimento é a escolha da proposta mais vantajosa para aquisição, por dispensa de  licitação, de medicamentos para atendimento das necessidades apresentadas pelos usuários do programa de  atendimento socioeconômico, após avaliação por este núcleo de assistência social.",NA,NA,NA,NA,NA,NA,NA,NA,NA,4,00394502000144-1-010837/2024,NA,NA,1567.23,Dispensa,Dispensa Com Disputa,2,Aviso de Contratação Direta,1,Divulgada no PNCP,Compras.gov.br,https://pncp.gov.br/api/pncp/v1/orgaos/00394502000144/compras/2024/10837
8,2024,20240801,20240831,8,1309,50,endpoint 2139 de 11401,8,FALSE,2024,25,NA,NA,NA,NA,45200029000155,MUNICIPIO DE LAVRINHAS,N,M,2024-08-28T16:11:06Z,2024-08-28T16:11:06Z,2024-08-28T16:11:06Z,12,São Paulo,2,PREFEITURA DE LAVRINHAS,SP,Lavrinhas,3526605,19,"Dispensa de Licitação: para contratação que envolva valores inferiores a R$ 50.000,00 (cinquenta mil reais), no caso de outros serviços e compras","Lei 14.133/2021, Art. 75, II",NA,NA,NA,PC 000017/2024,"AQUISIÇÃO DE MATERIAL PARA SALA DE HIDRATAÇÃO VENOSA, CRIADA PELO PLANO DE AÇÃO ENFRENTAMENTO DENGUE.",https://pmlavrinhas.geosiap.net.br/portal-transparencia/licitacoes/processo/674,NA,NA,NA,NA,NA,NA,NA,NA,5,45200029000155-1-000025/2024,NA,NA,56409.04,Dispensa,Não se aplica,3,Ato que autoriza a Contratação Direta,1,Divulgada no PNCP,EMBRAS - EMPRESA BRASILEIRA DE TECNOLOGIA LTDA,https://pncp.gov.br/api/pncp/v1/orgaos/45200029000155/compras/2024/25
8,2024,20240801,20240831,8,1397,50,endpoint 2227 de 11401,8,FALSE,2024,20,NA,NA,NA,NA,01098929000168,CONSORCIO INTERMUNICIPAL DE SAUDE DAS VERTENTES,E,N,2024-08-30T10:13:30Z,2024-08-30T10:13:30Z,2024-08-30T10:13:30Z,00202024,Minas Gerais,01001,CONSÓRCIO INTERMUN DE SAÚDE DAS VERT-CISVER,MG,São João del Rei,3162500,19,"Dispensa de Licitação: para contratação que envolva valores inferiores a R$ 50.000,00 (cinquenta mil reais), no caso de outros serviços e compras","Lei 14.133/2021, Art. 75, II",2024-09-02T08:00:00Z,2024-09-09T08:29:00Z,NA,00202024,"Contratação de empresas para fornecimento de medicamentos, em atendimento ao Consórcio Intermunicipal de Saúde das Vertentes - CISVER, nos termos do ETP (Estudo Técnico Preliminar) e TR (Termo de Referência) com Fundamentação legal no art. 75, inciso II, da Lei nº 14.133/2021.",cisver.licitapp.com.br,NA,NA,NA,NA,NA,NA,NA,9352,4,01098929000168-1-000020/2024,NA,NA,31095.68,Dispensa,Dispensa Com Disputa,2,Aviso de Contratação Direta,1,Divulgada no PNCP,SH3 Informática Ltda.,https://pncp.gov.br/api/pncp/v1/orgaos/01098929000168/compras/2024/20
8,2024,20240801,20240831,9,37,50,endpoint 2306 de 11401,9,FALSE,2024,55,NA,NA,NA,NA,46522959000198,MUNICIPIO DE MAUA,N,M,2024-08-05T09:55:39Z,2024-08-05T09:55:39Z,2024-08-05T09:55:39Z,22,São Paulo,146,Prefeitura Municipal de Mauá - SP,SP,Mauá,3529401,6,"Inexigibilidade de Licitação: aquisição de materiais, de equipamentos ou de gêneros ou contratação de serviços que só possam ser fornecidos por produtor, empresa ou representante comercial exclusivos","Lei 14.133/2021, Art. 74, I",NA,NA,NA,22/2024,Aquisição de insumos para bomba de insulina Medtronic® destinados ao cumprimento de demandas judiciais - (Inexigibilidade),NA,NA,NA,NA,NA,NA,NA,NA,NA,5,46522959000198-1-000055/2024,NA,NA,67188,Inexigibilidade,Não se aplica,3,Ato que autoriza a Contratação Direta,1,Divulgada no PNCP,PREFEITURA DO MUNICÍPIO DE MAUÁ,https://pncp.gov.br/api/pncp/v1/orgaos/46522959000198/compras/2024/55
9,2024,20240901,20240930,6,34,50,endpoint 2780 de 11401,6,TRUE,2024,843,NA,NA,NA,NA,08761124000100,ESTADO DA PARAIBA,N,E,2024-09-03T07:37:47Z,2024-09-03T07:37:47Z,2024-09-03T07:37:47Z,90083,Paraíba,925302,SECRETARIA DE ESTADO DA ADMINISTRAÇÃO PARAIBA,PB,João Pessoa,2507507,1,pregão: modalidade de licitação obrigatória para aquisição de bens e serviços comuns,"Lei 14.133/2021, Art. 28, I",2024-09-03T08:00:00Z,2024-09-16T09:00:00Z,Para as respostas de esclarecimentos e impugnações deste edital acesse o link: https://cnetmobile.estaleiro.serpro.gov.br/comprasnet-web/public/landing?destino=quadro-informativo&compra=92530205900832024,190000001332024,Registro de preços para aquisição de medicamentos - oncológicos/hematológicos,https://cnetmobile.estaleiro.serpro.gov.br/comprasnet-web/public/landing?destino=acompanhamento-compra&compra=92530205900832024,NA,NA,NA,NA,NA,NA,NA,755826.4,3,08761124000100-1-000843/2024,NA,NA,2458712.92,Pregão - Eletrônico,Aberto-Fechado,1,Edital,1,Divulgada no PNCP,Compras.gov.br,https://pncp.gov.br/api/pncp/v1/orgaos/08761124000100/compras/2024/843
9,2024,20240901,20240930,6,86,50,endpoint 2832 de 11401,6,TRUE,2024,1713,NA,NA,NA,NA,01409580000138,ESTADO DE GOIAS,N,E,2024-09-04T15:01:32Z,2024-09-04T15:01:32Z,2024-09-04T15:01:32Z,100339,Goiás,926250,SECRETARIA DE ESTADO DA SAUDE/GO,GO,Goiânia,5208707,1,pregão: modalidade de licitação obrigatória para aquisição de bens e serviços comuns,"Lei 14.133/2021, Art. 28, I",2024-09-05T08:00:00Z,2024-09-19T14:00:00Z,NA,202300005022179,"A solicitação refere-se a necessidade de aquisição de medicamento(s)e /ou produtos para saúde , que foram concedidos nas apresentações e concentrações farmacêuticas registradas na ANVISA prescritas nos receituários médicos presentes nos autos das ações judiciais.

Esta solicitação visa dar continuidade ao tratamento dos pacientes  elencados neste processo, bem como possível incremento da demanda,  é realizada exclusivamente, para atendimento às Decisões condenatórias em desfavor do Estado de Goiás encaminhadas à esta unidade pela Procuradoria Setorial/Núcleo de Ações Judiciais da Secretaria de Estado da Saúde de Goias, com orientação de cumprimento.

Os medicamentos fazem parte da Relação Nacional de Medicamentos Essenciais do Ministérios da Saúde.",NA,NA,NA,NA,NA,NA,NA,NA,NA,1,01409580000138-1-001713/2024,NA,NA,238234.68,Pregão - Eletrônico,Aberto,1,Edital,1,Divulgada no PNCP,SISLOG - Sistema de Logística de Goiás,https://pncp.gov.br/api/pncp/v1/orgaos/01409580000138/compras/2024/1713
9,2024,20240901,20240930,6,94,50,endpoint 2840 de 11401,6,FALSE,2024,760,NA,NA,NA,NA,18715383000140,MUNICIPIO DE BELO HORIZONTE,N,M,2024-09-05T07:02:17Z,2024-09-05T07:02:17Z,2024-09-05T07:02:17Z,94061,Minas Gerais,984123,PREF.MUN.DE BELO HORIZONTE,MG,Belo Horizonte,3106200,1,pregão: modalidade de licitação obrigatória para aquisição de bens e serviços comuns,"Lei 14.133/2021, Art. 28, I",2024-09-05T08:00:00Z,2024-09-19T10:00:00Z,"Edital também disponível no site www.pbh.gov.br. Alertamos aos licitantes que a especificação técnica dos itens que constam do cadastro do sistema COMPRAS.GOV.BR são aproximados aos constantes no Edital, devendo prevalecer a descrição constante no Anexo I do Edital. Para as respostas de esclarecimentos e impugnações deste edital acesse o link: https://cnetmobile.estaleiro.serpro.gov.br/comprasnet-web/public/landing?destino=quadro-informativo&compra=98412305940612024",31.00359358/2024,Registro de preços para a aquisição de Antineoplásicos- Imunomoduladores - Sangue e órgãos hematopoiéticos – Corticosteróides,https://cnetmobile.estaleiro.serpro.gov.br/comprasnet-web/public/landing?destino=acompanhamento-compra&compra=98412305940612024,NA,NA,NA,NA,NA,NA,NA,739092.06,3,18715383000140-1-000760/2024,NA,NA,855310.14,Pregão - Eletrônico,Aberto-Fechado,1,Edital,1,Divulgada no PNCP,Compras.gov.br,https://pncp.gov.br/api/pncp/v1/orgaos/18715383000140/compras/2024/760
9,2024,20240901,20240930,6,145,50,endpoint 2891 de 11401,6,TRUE,2024,2,NA,NA,NA,NA,01488169000103,UNIAO DOS MUNICIPIOS DA MEDIA SOROCABANA - UMMES,E,N,2024-09-06T12:03:28Z,2024-09-06T12:03:28Z,2024-12-18T12:32:28Z,1,São Paulo,951,Unidade Única,SP,Santa Cruz do Rio Pardo,3546405,1,pregão: modalidade de licitação obrigatória para aquisição de bens e serviços comuns,"Lei 14.133/2021, Art. 28, I",2024-08-27T13:56:06Z,2024-09-10T09:00:00Z,NA,35/2024,"Registro de Preços para aquisição de medicamentos, com a finalidade de suprir as necessidades da Secretarias Municipais de Saúde dos Municípios Consorciados.",app2.licitardigital.com.br/pesquisa/39635,NA,NA,NA,NA,NA,NA,NA,15072555.31,1,01488169000103-1-000002/2024,2024-12-18T12:32:28Z,NA,17887158.09,Pregão - Eletrônico,Aberto,1,Edital,1,Divulgada no PNCP,Licitar Digital - Plataforma de Licitações Online,https://pncp.gov.br/api/pncp/v1/orgaos/01488169000103/compras/2024/2
9,2024,20240901,20240930,6,398,50,endpoint 3144 de 11401,6,TRUE,2024,289,NA,NA,NA,NA,01612516000150,MUNICIPIO DE SAO JOAQUIM DE BICAS,N,M,2024-09-18T13:31:34Z,2024-09-18T13:31:34Z,2024-09-18T13:31:34Z,161/2024,Minas Gerais,2263,São Joaquim de Bicas,MG,São Joaquim de Bicas,3162922,1,pregão: modalidade de licitação obrigatória para aquisição de bens e serviços comuns,"Lei 14.133/2021, Art. 28, I",2024-09-18T17:00:00Z,2024-10-07T09:00:00Z,NA,161/2024,"Registro de Preços para futura e eventual aquisição de suplementos alimentares sob demanda, para suprir as necessidades das Secretarias Municipais de São Joaquim de Bicas.",NA,NA,NA,NA,NA,NA,NA,NA,NA,1,01612516000150-1-000289/2024,NA,NA,0,Pregão - Eletrônico,Aberto,1,Edital,1,Divulgada no PNCP,Novo BBMNET Licitações,https://pncp.gov.br/api/pncp/v1/orgaos/01612516000150/compras/2024/289
9,2024,20240901,20240930,6,398,50,endpoint 3144 de 11401,6,TRUE,2024,82,NA,NA,NA,NA,24859332000194,MUNICIPIO DE CHAPADAO DO CEU,N,M,2024-09-18T13:42:09Z,2024-09-18T13:42:09Z,2024-09-18T13:42:09Z,73,Goiás,0,FUNDO MUNICIPAL DE SAUDE DE CHAPADAO DO CEU-FMS,GO,Chapadão do Céu,5205471,1,pregão: modalidade de licitação obrigatória para aquisição de bens e serviços comuns,"Lei 14.133/2021, Art. 28, I",2024-09-12T16:04:55Z,2024-10-02T08:59:00Z,Registro de Preços para eventual aquisição de medicamentos e materiais de consumo para atendimento à Farmácia de Alto Custo do o município de Chapadão do Céu,73,REGISTRO DE PREÇOS PARA EVENTUAL AQUISIÇÃO DE MEDICAMENTOS E MATERIAIS DE CONSUMO PARA ATENDIMENTO À FARMÁCIA DE ALTO CUSTO DO O MUNICÍPIO DE CHAPADÃO DO CÉU,NA,NA,NA,NA,NA,NA,NA,NA,963200.15,3,24859332000194-1-000082/2024,NA,NA,1291689.26,Pregão - Eletrônico,Aberto-Fechado,1,Edital,1,Divulgada no PNCP,CENTI,https://pncp.gov.br/api/pncp/v1/orgaos/24859332000194/compras/2024/82
9,2024,20240901,20240930,6,424,50,endpoint 3170 de 11401,6,TRUE,2024,144,NA,NA,NA,NA,01613167000190,MUNICIPIO DE TAMARANA,N,M,2024-09-19T11:12:24Z,2024-09-19T11:12:24Z,2024-09-19T11:12:24Z,074,Paraná,1,PREFEITURA MUNICIPAL DE TAMARANA,PR,Tamarana,4126678,1,pregão: modalidade de licitação obrigatória para aquisição de bens e serviços comuns,"Lei 14.133/2021, Art. 28, I",2024-09-03T13:00:00Z,2024-10-02T08:30:00Z,NA,134/2024,"Contratação de empresa especializada para fornecimento de fórmulas infantis, dietas enterais, módulos, complemento e suplementos alimentares.",https://bnccompras.com/Process/ProcessView?param1=[gkz]MZUkX5B/aEvqhQecqf5Wpxe6C9ZzvC51Hye0L1AYxl5btBsNNnrKnWIDj/gtNz3TDDMZ4mI27wHNOjsdXIQXYUIUxiwzpJ/Iffnh8WJchPo=,NA,NA,NA,NA,NA,NA,NA,NA,3,01613167000190-1-000144/2024,NA,NA,775771.2,Pregão - Eletrônico,Aberto-Fechado,1,Edital,1,Divulgada no PNCP,Bolsa Nacional De Compras - BNC,https://pncp.gov.br/api/pncp/v1/orgaos/01613167000190/compras/2024/144
9,2024,20240901,20240930,6,475,50,endpoint 3221 de 11401,6,TRUE,2024,1316,NA,NA,NA,NA,13864377000130,FUNDO MUNICIPAL DE SAUDE - FMS,E,M,2024-09-23T07:14:02Z,2024-09-23T07:14:02Z,2024-09-23T07:14:02Z,90748,São Paulo,925003,PMSP - SECRETARIA MUNICIPAL DE SAÚDE,SP,São Paulo,3550308,1,pregão: modalidade de licitação obrigatória para aquisição de bens e serviços comuns,"Lei 14.133/2021, Art. 28, I",2024-09-23T08:00:00Z,2024-10-04T09:00:00Z,"Para formação da proposta de preço e inserção no sistema COMPRASGOV, o Licitante deverá basear-se exclusivamente nas informações do Edital, especialmente nas especificações técnicas do objeto e demais condições do Anexo I.    Para as respostas de esclarecimentos e impugnações deste edital acesse o link: https://cnetmobile.estaleiro.serpro.gov.br/comprasnet-web/public/landing?destino=quadro-informativo&compra=92500305907482024",6018202400974790,"REGISTRO de PREÇOS PARA O FORNECIMENTO DE LANCETA, APLICADOR, CANETA REUTILIZÁVEL, AGULHA PARA CANETA, CARTUCHO E CANETA PARA APLICAÇÃO PARA CUMPRIMENTO DE DETERMINAÇÕES JUDICIAIS - AÇÕES JUDICIAIS",https://cnetmobile.estaleiro.serpro.gov.br/comprasnet-web/public/landing?destino=acompanhamento-compra&compra=92500305907482024,NA,NA,NA,NA,NA,NA,NA,13620,3,13864377000130-1-001316/2024,NA,NA,21161.4,Pregão - Eletrônico,Aberto-Fechado,1,Edital,1,Divulgada no PNCP,Compras.gov.br,https://pncp.gov.br/api/pncp/v1/orgaos/13864377000130/compras/2024/1316
9,2024,20240901,20240930,6,602,50,endpoint 3348 de 11401,6,TRUE,2024,225,NA,NA,NA,NA,12474705000120,HOSPITAL DAS CLINICAS DA FACULDADE DE MEDICINA DE BOTUCATU,E,E,2024-09-27T07:34:43Z,2024-09-27T07:34:43Z,2024-09-27T07:34:43Z,90211,São Paulo,092501,ESP-HOSPITAL DAS CLINICAS DE BOTUCATU,SP,Botucatu,3507506,1,pregão: modalidade de licitação obrigatória para aquisição de bens e serviços comuns,"Lei 14.133/2021, Art. 28, I",2024-09-27T08:00:00Z,2024-10-10T09:00:00Z,Para as respostas de esclarecimentos e impugnações deste edital acesse o link: https://cnetmobile.estaleiro.serpro.gov.br/comprasnet-web/public/landing?destino=quadro-informativo&compra=09250105902112024,14300017085202471,"Constituição de sistema de registro de preços para aquisição futura de medicamentos (doxorrubicina, etoposideo, etc), para atender as necessidades da seção técnica de farmácia.",https://cnetmobile.estaleiro.serpro.gov.br/comprasnet-web/public/landing?destino=acompanhamento-compra&compra=09250105902112024,NA,NA,NA,NA,NA,NA,NA,2074719.5,3,12474705000120-1-000225/2024,NA,NA,2630992.1,Pregão - Eletrônico,Aberto-Fechado,1,Edital,1,Divulgada no PNCP,Compras.gov.br,https://pncp.gov.br/api/pncp/v1/orgaos/12474705000120/compras/2024/225
9,2024,20240901,20240930,8,44,50,endpoint 3458 de 11401,8,FALSE,2024,632,NA,NA,NA,NA,12998458000160,FUNDO MUNICIPAL DE SAUDE DE SAO JOSE DOS CAMPOS,E,M,2024-09-02T15:33:39Z,2024-09-02T15:33:39Z,2024-09-02T15:33:39Z,COMPRA DIRETA: 1644/2024/SS,São Paulo,060,SECRETARIA DE SAUDE,SP,São José dos Campos,3549904,19,"Dispensa de Licitação: para contratação que envolva valores inferiores a R$ 50.000,00 (cinquenta mil reais), no caso de outros serviços e compras","Lei 14.133/2021, Art. 75, II",NA,NA,NA,80889/2024,RC 5528/2024 PARA SUPRIR AS UNIDADES DE SAUDE DA REDE MUNICIPAL.,https://servicos.sjc.sp.gov.br/sa/licitacoes/confirma_download_edital.aspx?id=,NA,NA,NA,NA,NA,NA,NA,1200,5,12998458000160-1-000632/2024,NA,NA,1200,Dispensa,Não se aplica,3,Ato que autoriza a Contratação Direta,1,Divulgada no PNCP,Município de São José dos Campos,https://pncp.gov.br/api/pncp/v1/orgaos/12998458000160/compras/2024/632
9,2024,20240901,20240930,8,198,50,endpoint 3612 de 11401,8,FALSE,2024,11374,NA,NA,NA,NA,00394502000144,COMANDO DA MARINHA,E,F,2024-09-05T13:08:58Z,2024-09-05T13:08:58Z,2024-09-05T13:08:58Z,90224,Rio de Janeiro,751200,GRUPAMENTO DE NAVIOS HIDROCEANOGRAFICOS,RJ,Niterói,3303302,19,"Dispensa de Licitação: para contratação que envolva valores inferiores a R$ 50.000,00 (cinquenta mil reais), no caso de outros serviços e compras","Lei 14.133/2021, Art. 75, II",2024-09-05T13:08:57Z,2024-09-10T07:59:59Z,"Contratação abaixo do limite, contabilizado pelo ramo de atividade, disposto neste Amparo Legal.",63453001734202483,"Contratação por dispensa de licitação para aquisição de medicamentos para o Navio Hidroceanográfico Amorim do Valle. Conforme condições, descrições, especificações e exigências estabelecidas neste Aviso de Dispensa Eletrônica e seus anexos.",NA,NA,NA,NA,NA,NA,NA,NA,162.8,4,00394502000144-1-011374/2024,NA,NA,615.88,Dispensa,Dispensa Com Disputa,2,Aviso de Contratação Direta,1,Divulgada no PNCP,Compras.gov.br,https://pncp.gov.br/api/pncp/v1/orgaos/00394502000144/compras/2024/11374
9,2024,20240901,20240930,8,310,50,endpoint 3724 de 11401,8,FALSE,2024,4,NA,NA,NA,NA,17319831000123,FUNDACAO DE EDUCACAO PARA O TRABALHO DE MINAS GERAIS,E,E,2024-09-09T11:20:32Z,2024-09-09T11:20:32Z,2024-09-09T11:21:04Z,14,Minas Gerais,2281314,SC/DPGF/UTRAMIG,MG,Belo Horizonte,3106200,19,"Dispensa de Licitação: para contratação que envolva valores inferiores a R$ 50.000,00 (cinquenta mil reais), no caso de outros serviços e compras","Lei 14.133/2021, Art. 75, II",2024-09-09T11:21:04Z,2024-09-12T08:00:17Z,NA,2281314 000014/2024,AQUISIÇÃO DE MATERIAIS PARA O CURSO DE MANICURE DO PROGRAMA MULHERES MIL UTRAMIG,https://www1.compras.mg.gov.br/n/procedimentolei14133/consulta/eletronico/visualizar/2024/14/2281314,NA,NA,NA,NA,NA,NA,NA,7899.9,4,17319831000123-1-000004/2024,NA,NA,11932.98,Dispensa,Dispensa Com Disputa,2,Aviso de Contratação Direta,1,Divulgada no PNCP,Portal de Compras do Estado de Minas Gerais,https://pncp.gov.br/api/pncp/v1/orgaos/17319831000123/compras/2024/4
9,2024,20240901,20240930,8,314,50,endpoint 3728 de 11401,8,FALSE,2024,1156,10572048000128,SECRETARIA DE SAUDE,E,E,10572048000128,SECRETARIA DE SAUDE,E,E,2024-09-09T11:53:59Z,2024-09-09T11:53:59Z,2024-09-17T15:22:47Z,3010,Pernambuco,5795,[P]-SECRETARIA DE SAÚDE,PE,Caruaru,2604106,19,"Dispensa de Licitação: para contratação que envolva valores inferiores a R$ 50.000,00 (cinquenta mil reais), no caso de outros serviços e compras","Lei 14.133/2021, Art. 75, II",2024-09-09T11:30:00Z,2024-09-10T11:30:00Z,NA,3010.2024.CCD-IIGER.DL.1599.SES.FES-PE,"SEDE DA II GERES-AQUISIÇÃO DE MATERIAL DE LIMPEZA E COPA COZINHA PARA ATENDER AS NECESSIDADES DA II GERENCIA DE SAÚDE, CONFORME ESPECIFICAÇÃO.",https://www.peintegrado.pe.gov.br/,NA,Pernambuco,5795,[P]-SECRETARIA DE SAÚDE,PE,Caruaru,2604106,2571.85,4,10572048000128-1-001156/2024,NA,NA,3520.06,Dispensa,Dispensa Com Disputa,2,Aviso de Contratação Direta,1,Divulgada no PNCP,Secretaria de Administração do Estado de Pernambuco,https://pncp.gov.br/api/pncp/v1/orgaos/10572048000128/compras/2024/1156
9,2024,20240901,20240930,8,1095,50,endpoint 4509 de 11401,8,FALSE,2024,17165,NA,NA,NA,NA,07954480000179,ESTADO DO CEARA,N,E,2024-09-26T13:44:22Z,2024-09-26T13:44:22Z,2024-09-26T13:44:22Z,202426203,Ceará,240001,SECRETARIA DA SAUDE,CE,Fortaleza,2304400,38,"Dispensa de Licitação: nos casos de emergência ou de calamidade pública, quando caracterizada urgência de atendimento de situação que possa ocasionar prejuízo ou comprometer a continuidade dos serviços públicos ou a segurança de pessoas, obras, serviços, equipamentos e outros bens, públicos ou particulares, e somente para aquisição dos bens necessários ao atendimento da situação emergencial ou calamitosa e para as parcelas de obras e serviços que possam ser concluídas no prazo máximo de 1 (um) ano, contado da data de ocorrência da emergência ou da calamidade, vedadas a prorrogação dos respectivos contratos e a recontratação de empresa já contratada com base no disposto neste inciso","Lei 14.133/2021, Art. 75, VIII",2024-09-26T14:00:00Z,2024-10-03T14:00:00Z,ATENDIMENTO A DEMANDA JUDICIAL.,24001042398202495,"DISPENSA DE LICITAÇÃO PARA AQUISIÇÃO DE MEDICAMENTOS PARA ATENDER DEMANDA JUDICIAL.
",NA,Forma de aquisição não presencial,NA,NA,NA,NA,NA,NA,NA,4,07954480000179-1-017165/2024,NA,NA,255924.49,Dispensa,Dispensa Com Disputa,2,Aviso de Contratação Direta,1,Divulgada no PNCP,Secretaria do Planejamento e Gestão do Ceará,https://pncp.gov.br/api/pncp/v1/orgaos/07954480000179/compras/2024/17165
10,2024,20241001,20241031,6,47,50,endpoint 5100 de 11401,6,TRUE,2024,90,NA,NA,NA,NA,14218952000190,MUNICIPIO DE QUEIMADAS,N,M,2024-10-02T10:55:12Z,2024-10-02T10:55:12Z,2024-10-02T10:55:12Z,143,Bahia,0801000,"SEC. MUNIC. INFRAEST, TRANSP., OBRAS E SERV. PÚB.",BA,Queimadas,2925808,1,pregão: modalidade de licitação obrigatória para aquisição de bens e serviços comuns,"Lei 14.133/2021, Art. 28, I",2024-10-01T08:00:00Z,2024-10-14T17:00:00Z,NA,143/2024,"REGISTRO DE PREÇOS PARA A EVENTUAL AQUISIÇÃO DE APARELHOS DE AR
CONDICIONADO PARA ATENDER AS NECESSIDADES DAS SECRETARIAS MUNICIPAIS DE ADMINISTRAÇÃO, ASSISTÊNCIA SOCIAL, EDUCAÇÃO E SAÚDE DE QUEIMADAS - BAHIA.",NA,NA,NA,NA,NA,NA,NA,NA,NA,1,14218952000190-1-000090/2024,NA,NA,526635.31,Pregão - Eletrônico,Aberto,1,Edital,1,Divulgada no PNCP,J J S SILVA -  MULTIPUBLIK,https://pncp.gov.br/api/pncp/v1/orgaos/14218952000190/compras/2024/90
10,2024,20241001,20241031,6,77,50,endpoint 5130 de 11401,6,TRUE,2024,864,NA,NA,NA,NA,12998458000160,FUNDO MUNICIPAL DE SAUDE DE SAO JOSE DOS CAMPOS,E,M,2024-10-03T11:23:54Z,2024-10-03T11:23:54Z,2024-10-03T11:23:54Z,PREGAO ELETRONICO: 81/2024/SS,São Paulo,060,SECRETARIA DE SAUDE,SP,São José dos Campos,3549904,1,pregão: modalidade de licitação obrigatória para aquisição de bens e serviços comuns,"Lei 14.133/2021, Art. 28, I",2024-10-03T13:00:00Z,2024-10-16T08:30:00Z,NA,114227/2024,ATA DE REGISTRO DE PRECOS PARA FORNECIMENTO DE MEDICAMENTOS DIVERSOS - ACAO JUDICIAL - GRUPO V.,https://servicos.sjc.sp.gov.br/sa/licitacoes/confirma_download_edital.aspx?id=19697,NA,NA,NA,NA,NA,NA,NA,60447.64,1,12998458000160-1-000864/2024,NA,NA,167505.58,Pregão - Eletrônico,Aberto,1,Edital,1,Divulgada no PNCP,Município de São José dos Campos,https://pncp.gov.br/api/pncp/v1/orgaos/12998458000160/compras/2024/864
10,2024,20241001,20241031,6,209,50,endpoint 5262 de 11401,6,TRUE,2024,184,NA,NA,NA,NA,29063294000182,SERVICO AUTONOMO HOSPITALAR,E,M,2024-10-10T07:15:34Z,2024-10-10T07:15:34Z,2024-10-10T07:15:34Z,90104,Rio de Janeiro,927761,SERVIÇO AUTONOMO HOSPITALAR DE VOLTA REDONDA,RJ,Volta Redonda,3306305,1,pregão: modalidade de licitação obrigatória para aquisição de bens e serviços comuns,"Lei 14.133/2021, Art. 28, I",2024-10-10T08:00:00Z,2024-10-25T09:00:00Z,Favor verificar os descritivos dos itens no Termo de Referência. Para as respostas de esclarecimentos e impugnações deste edital acesse o link: https://cnetmobile.estaleiro.serpro.gov.br/comprasnet-web/public/landing?destino=quadro-informativo&compra=92776105901042024,279/2024,"O objeto da presente licitação é a aquisição de medicamentos diversos 032/2024 conforme condições, quantidades e exigências estabelecidas neste Edital e seus anexos.",https://cnetmobile.estaleiro.serpro.gov.br/comprasnet-web/public/landing?destino=acompanhamento-compra&compra=92776105901042024,NA,NA,NA,NA,NA,NA,NA,1727192.4,3,29063294000182-1-000184/2024,NA,NA,1979386.1,Pregão - Eletrônico,Aberto-Fechado,1,Edital,1,Divulgada no PNCP,Compras.gov.br,https://pncp.gov.br/api/pncp/v1/orgaos/29063294000182/compras/2024/184
10,2024,20241001,20241031,6,325,50,endpoint 5378 de 11401,6,FALSE,2024,8251,NA,NA,NA,NA,46374500000194,SECRETARIA DE ESTADO DA SAUDE,E,E,2024-10-16T07:06:15Z,2024-10-16T07:06:15Z,2024-10-16T07:06:15Z,90093,São Paulo,090160,ESP-UN. GESTAO ASSIST I-HOSP. HELIOPOLIS,SP,São Paulo,3550308,1,pregão: modalidade de licitação obrigatória para aquisição de bens e serviços comuns,"Lei 14.133/2021, Art. 28, I",2024-10-16T08:00:00Z,2024-10-30T09:00:00Z,Para as respostas de esclarecimentos e impugnações deste edital acesse o link: https://cnetmobile.estaleiro.serpro.gov.br/comprasnet-web/public/landing?destino=quadro-informativo&compra=09016005900932024,97472/2024-75,Aquisição de medicamentos para o Hospital Heliópolis,https://cnetmobile.estaleiro.serpro.gov.br/comprasnet-web/public/landing?destino=acompanhamento-compra&compra=09016005900932024,NA,NA,NA,NA,NA,NA,NA,111564,3,46374500000194-1-008251/2024,NA,NA,193164,Pregão - Eletrônico,Aberto-Fechado,1,Edital,1,Divulgada no PNCP,Compras.gov.br,https://pncp.gov.br/api/pncp/v1/orgaos/46374500000194/compras/2024/8251
10,2024,20241001,20241031,6,375,50,endpoint 5428 de 11401,6,TRUE,2024,189,NA,NA,NA,NA,08162687000173,MUNICIPIO DE GOIANINHA,N,M,2024-10-17T13:37:41Z,2024-10-17T13:37:41Z,2024-10-17T13:37:41Z,49,Rio Grande do Norte,001,Prefeitura Municipal de Goianinha,RN,Goianinha,2404200,1,pregão: modalidade de licitação obrigatória para aquisição de bens e serviços comuns,"Lei 14.133/2021, Art. 28, I",2024-10-18T09:00:00Z,2024-10-30T09:00:00Z,NA,960,"[Portal de Compras Públicas] - Contratação de uma empresa especializada no Fornecimento de Material Permanente de Uso Medico Hospitalar, para a Secretaria Municipal de Saúde de Goianinha em atendimento a UBS - Unidade Básica de Saúde - Localizada no Altos de Goianinha, conforme especificações e quantidades estabelecidas no termo de referência.",https://portaldecompraspublicas.com.br/processos/RN/Prefeitura-Municipal-de-Goianinha-1300/RPE-49-2024-2024-343109,NA,NA,NA,NA,NA,NA,NA,NA,1,08162687000173-1-000189/2024,NA,NA,0,Pregão - Eletrônico,Aberto,1,Edital,1,Divulgada no PNCP,ECustomize Consultoria em Software S.A,https://pncp.gov.br/api/pncp/v1/orgaos/08162687000173/compras/2024/189
10,2024,20241001,20241031,6,426,50,endpoint 5479 de 11401,6,TRUE,2024,341,NA,NA,NA,NA,27080605000196,SECRETARIA DE ESTADO DA SAUDE,E,E,2024-10-21T07:13:00Z,2024-10-21T07:13:00Z,2024-10-21T07:13:00Z,90422,Espírito Santo,925120,SECRETARIA DE ESTADO DA SAUDE/ES,ES,Vitória,3205309,1,pregão: modalidade de licitação obrigatória para aquisição de bens e serviços comuns,"Lei 14.133/2021, Art. 28, I",2024-10-21T08:00:00Z,2024-11-01T10:00:00Z,Para as respostas de esclarecimentos e impugnações deste edital acesse o link: https://cnetmobile.estaleiro.serpro.gov.br/comprasnet-web/public/landing?destino=quadro-informativo&compra=92512005904222024,2024-HJJ7P,Registro de preços Medicamentos - MJ,https://cnetmobile.estaleiro.serpro.gov.br/comprasnet-web/public/landing?destino=acompanhamento-compra&compra=92512005904222024,NA,NA,NA,NA,NA,NA,NA,98221.5,3,27080605000196-1-000341/2024,NA,NA,214893.88,Pregão - Eletrônico,Aberto-Fechado,1,Edital,1,Divulgada no PNCP,Compras.gov.br,https://pncp.gov.br/api/pncp/v1/orgaos/27080605000196/compras/2024/341
10,2024,20241001,20241031,6,597,50,endpoint 5650 de 11401,6,TRUE,2024,535,NA,NA,NA,NA,75771477000170,MUNICIPIO DE LONDRINA,N,M,2024-10-29T07:36:55Z,2024-10-29T07:36:55Z,2024-10-29T07:36:55Z,90221,Paraná,987667,PREFEITURA MUNICIPAL DE LONDRINA - PR,PR,Londrina,4113700,1,pregão: modalidade de licitação obrigatória para aquisição de bens e serviços comuns,"Lei 14.133/2021, Art. 28, I",2024-10-29T08:00:00Z,2024-11-14T13:00:00Z,"O Município de Londrina informa que NÃO aceita carona.     Os descritivos dos itens, deverão obedecer ao disposto no Anexo I do Edital  Para as respostas de esclarecimentos e impugnações deste edital acesse o link: https://cnetmobile.estaleiro.serpro.gov.br/comprasnet-web/public/landing?destino=quadro-informativo&compra=98766705902212024",344,Registro de Preços para eventual aquisição de medicamentos constantes na REMUME (Relação Municipal de Medicamentos Essenciais).,https://cnetmobile.estaleiro.serpro.gov.br/comprasnet-web/public/landing?destino=acompanhamento-compra&compra=98766705902212024,NA,NA,NA,NA,NA,NA,NA,NA,1,75771477000170-1-000535/2024,NA,NA,8406383.59,Pregão - Eletrônico,Aberto,1,Edital,1,Divulgada no PNCP,Compras.gov.br,https://pncp.gov.br/api/pncp/v1/orgaos/75771477000170/compras/2024/535
10,2024,20241001,20241031,6,605,50,endpoint 5658 de 11401,6,TRUE,2024,613,NA,NA,NA,NA,88566872000162,MUNICIPIO DO RIO GRANDE,N,M,2024-10-29T10:49:51Z,2024-10-29T10:49:51Z,2024-10-29T10:49:51Z,PCE 148,Rio Grande do Sul,09001,COMPLEXO ADMINISTRATIVO,RS,Rio Grande,4315602,1,pregão: modalidade de licitação obrigatória para aquisição de bens e serviços comuns,"Lei 14.133/2021, Art. 28, I",2024-10-30T08:00:00Z,2024-11-12T13:30:00Z,NA,630/2024,Aquisição de medicamentos e materiais para o castra móvel através de registro de preço PD 45724/2024.,NA,NA,NA,NA,NA,NA,NA,NA,126856.05,1,88566872000162-1-000613/2024,NA,NA,185921,Pregão - Eletrônico,Aberto,1,Edital,1,Divulgada no PNCP,IPM Sistemas,https://pncp.gov.br/api/pncp/v1/orgaos/88566872000162/compras/2024/613
10,2024,20241001,20241031,6,634,50,endpoint 5687 de 11401,6,TRUE,2024,162,NA,NA,NA,NA,46578498000175,MUNICIPIO DE ITANHAEM,N,M,2024-10-30T09:00:20Z,2024-10-30T09:00:20Z,2024-10-30T09:00:20Z,131/2024,São Paulo,12442,Itanhaém,SP,Itanhaém,3522109,1,pregão: modalidade de licitação obrigatória para aquisição de bens e serviços comuns,"Lei 14.133/2021, Art. 28, I",2024-10-30T10:00:00Z,2024-11-12T08:30:00Z,NA,16.670/2024,"Possível aquisição de Medicamentos injetáveis, a fim de atender U.P.A – Unidade de Pronto Atendimento Municipal, S.A.M.U – Serviço de Atendimento Móvel de Urgências, Rede de atenção básica à saúde de Itanhaém por um período de 12 meses.",NA,NA,NA,NA,NA,NA,NA,NA,NA,1,46578498000175-1-000162/2024,NA,NA,975771.12,Pregão - Eletrônico,Aberto,1,Edital,1,Divulgada no PNCP,Novo BBMNET Licitações,https://pncp.gov.br/api/pncp/v1/orgaos/46578498000175/compras/2024/162
10,2024,20241001,20241031,6,644,50,endpoint 5697 de 11401,6,TRUE,2024,42,NA,NA,NA,NA,45167111000125,MUNICIPIO DE LAGOINHA,N,M,2024-10-30T13:48:07Z,2024-10-30T13:48:07Z,2024-10-30T13:48:07Z,047,São Paulo,1,PREFEITURA MUNICIPAL DE LAGOINHA,SP,Lagoinha,3526308,1,pregão: modalidade de licitação obrigatória para aquisição de bens e serviços comuns,"Lei 14.133/2021, Art. 28, I",2024-10-08T12:00:00Z,2024-10-21T08:30:00Z,NA,095/2024,REGISTRO DE PREÇOS PARA CONTRATAÇÃO DE EMPRESA PARA FUTURA E EVENTUAL FORNECIMENTO DE MEDICAMENTOS GERAIS.,https://bnccompras.com/Process/ProcessView?param1=[gkz]fhywNiYP/346_irdn5lVB0_8pe3Io_8GAI0RB_grt48ffbsm892IAWcUmozsynOVWUoP/HoOhgFUgwNy4dMBWwQgyZEsQNmmxXUocX1h4JE=,NA,NA,NA,NA,NA,NA,NA,18722.08,1,45167111000125-1-000042/2024,NA,NA,99218.99,Pregão - Eletrônico,Aberto,1,Edital,1,Divulgada no PNCP,Bolsa Nacional De Compras - BNC,https://pncp.gov.br/api/pncp/v1/orgaos/45167111000125/compras/2024/42
10,2024,20241001,20241031,8,419,50,endpoint 6175 de 11401,8,FALSE,2024,208,NA,NA,NA,NA,03173317000118,MUNICIPIO DE NOVA ANDRADINA,N,M,2024-10-10T10:13:00Z,2024-10-10T10:13:00Z,2024-10-10T10:13:00Z,DL 102,Mato Grosso do Sul,1,PREFEITURA MUNICIPAL DE NOVA ANDRADINA-MS,MS,Nova Andradina,5006200,38,"Dispensa de Licitação: nos casos de emergência ou de calamidade pública, quando caracterizada urgência de atendimento de situação que possa ocasionar prejuízo ou comprometer a continuidade dos serviços públicos ou a segurança de pessoas, obras, serviços, equipamentos e outros bens, públicos ou particulares, e somente para aquisição dos bens necessários ao atendimento da situação emergencial ou calamitosa e para as parcelas de obras e serviços que possam ser concluídas no prazo máximo de 1 (um) ano, contado da data de ocorrência da emergência ou da calamidade, vedadas a prorrogação dos respectivos contratos e a recontratação de empresa já contratada com base no disposto neste inciso","Lei 14.133/2021, Art. 75, VIII",NA,NA,NA,10014/2024,"Aquisição do medicamento a) NIVOLUMABE 100mg e b) NIVOLUMABE 40mg com a finalidade de atender a ação judicial movida por Manoel Godoy Garcia Junior em face do Município de Nova Andradina, conforme autos n°0803958-60.2024.8.12.0017",NA,NA,NA,NA,NA,NA,NA,NA,292873.14,5,03173317000118-1-000208/2024,NA,NA,292873.14,Dispensa,Não se aplica,3,Ato que autoriza a Contratação Direta,1,Divulgada no PNCP,Betha Sistemas,https://pncp.gov.br/api/pncp/v1/orgaos/03173317000118/compras/2024/208
10,2024,20241001,20241031,8,734,50,endpoint 6490 de 11401,8,FALSE,2024,3604,NA,NA,NA,NA,46223699000150,MUNICIPIO DE PIRAJU,N,M,2024-10-17T15:23:36Z,2024-10-17T15:23:36Z,2024-10-17T15:23:36Z,42447,São Paulo,3,PREF MUN DA ESTANCIA TURISTICA DE PIRAJU,SP,Piraju,3538808,19,"Dispensa de Licitação: para contratação que envolva valores inferiores a R$ 50.000,00 (cinquenta mil reais), no caso de outros serviços e compras","Lei 14.133/2021, Art. 75, II",NA,NA,NA,42447/2024,MEDICAMENTOS PARA ATENDER PACIENTES CADASTRADOS NO SERVICO SOCIAL,http://pncpmap.jelastic.saveincloud.net,NA,NA,NA,NA,NA,NA,NA,1045.21,5,46223699000150-1-003604/2024,NA,NA,1200.98,Dispensa,Não se aplica,3,Ato que autoriza a Contratação Direta,1,Divulgada no PNCP,GEMMAP SISTEMAS LTDA EPP,https://pncp.gov.br/api/pncp/v1/orgaos/46223699000150/compras/2024/3604
10,2024,20241001,20241031,8,929,50,endpoint 6685 de 11401,8,FALSE,2024,116,NA,NA,NA,NA,12198693000158,MUNICIPIO DE ARAPIRACA,N,M,2024-10-23T10:22:22Z,2024-10-23T10:22:22Z,2024-10-23T10:22:22Z,64,Alagoas,982705,PREFEITURA MUNICIPAL DE ARAPIRACA - AL,AL,Arapiraca,2700300,19,"Dispensa de Licitação: para contratação que envolva valores inferiores a R$ 50.000,00 (cinquenta mil reais), no caso de outros serviços e compras","Lei 14.133/2021, Art. 75, II",NA,NA,NA,29382/2024,A aquisição do medicamento Donepezila 10 mg e do suplemento Ensure Advance.,NA,NA,NA,NA,NA,NA,NA,NA,1580.94,5,12198693000158-1-000116/2024,NA,NA,1580.94,Dispensa,Não se aplica,3,Ato que autoriza a Contratação Direta,1,Divulgada no PNCP,Compras.gov.br,https://pncp.gov.br/api/pncp/v1/orgaos/12198693000158/compras/2024/116
10,2024,20241001,20241031,8,1075,50,endpoint 6831 de 11401,8,FALSE,2024,6843,NA,NA,NA,NA,05816630000152,FUNDO ESTADUAL DE SAUDE DO ESTADO DA BAHIA,E,E,2024-10-25T12:08:45Z,2024-10-25T12:08:45Z,2024-10-25T12:08:45Z,PCE1907620240909,Bahia,19076,HOSPITAL GERAL ROBERTO SANTOS,BA,Salvador,2927408,19,"Dispensa de Licitação: para contratação que envolva valores inferiores a R$ 50.000,00 (cinquenta mil reais), no caso de outros serviços e compras","Lei 14.133/2021, Art. 75, II",2024-11-01T15:30:00Z,2024-11-01T17:30:00Z,NA,01986342024015462181,DESMOPRESSINA,NA,NA,NA,NA,NA,NA,NA,NA,NA,4,05816630000152-1-006843/2024,NA,NA,4432,Dispensa,Dispensa Com Disputa,2,Aviso de Contratação Direta,1,Divulgada no PNCP,BAHIA SECRETARIA DA ADMINISTRACAO,https://pncp.gov.br/api/pncp/v1/orgaos/05816630000152/compras/2024/6843
10,2024,20241001,20241031,9,200,50,endpoint 7257 de 11401,9,FALSE,2024,3225,NA,NA,NA,NA,48031918000124,UNIVERSIDADE ESTADUAL PAULISTA JULIO DE MESQUITA FILHO,E,E,2024-10-21T17:07:04Z,2024-10-21T17:07:04Z,2024-10-21T17:07:04Z,64,São Paulo,102313,ESP-UNESP-FACULDADE MEDICINA-C. BOTUCATU,SP,Botucatu,3507506,6,"Inexigibilidade de Licitação: aquisição de materiais, de equipamentos ou de gêneros ou contratação de serviços que só possam ser fornecidos por produtor, empresa ou representante comercial exclusivos","Lei 14.133/2021, Art. 74, I",NA,NA,NA,1793/2024,Aquisição de ração peletizada,NA,NA,NA,NA,NA,NA,NA,NA,28000,5,48031918000124-1-003225/2024,NA,NA,28000,Inexigibilidade,Não se aplica,3,Ato que autoriza a Contratação Direta,1,Divulgada no PNCP,Compras.gov.br,https://pncp.gov.br/api/pncp/v1/orgaos/48031918000124/compras/2024/3225
11,2024,20241101,20241130,6,38,50,endpoint 7493 de 11401,6,FALSE,2024,273,NA,NA,NA,NA,12474705000120,HOSPITAL DAS CLINICAS DA FACULDADE DE MEDICINA DE BOTUCATU,E,E,2024-11-04T07:28:04Z,2024-11-04T07:28:04Z,2024-11-04T07:28:04Z,90260,São Paulo,092501,ESP-HOSPITAL DAS CLINICAS DE BOTUCATU,SP,Botucatu,3507506,1,pregão: modalidade de licitação obrigatória para aquisição de bens e serviços comuns,"Lei 14.133/2021, Art. 28, I",2024-11-04T08:00:00Z,2024-11-19T09:00:00Z,Para as respostas de esclarecimentos e impugnações deste edital acesse o link: https://cnetmobile.estaleiro.serpro.gov.br/comprasnet-web/public/landing?destino=quadro-informativo&compra=09250105902602024,14300021950202483,"Aquisicao de medicamentos (carbamazepina, cefalexina, etc)",https://cnetmobile.estaleiro.serpro.gov.br/comprasnet-web/public/landing?destino=acompanhamento-compra&compra=09250105902602024,NA,NA,NA,NA,NA,NA,NA,17203.18,3,12474705000120-1-000273/2024,NA,NA,41824.64,Pregão - Eletrônico,Aberto-Fechado,1,Edital,1,Divulgada no PNCP,Compras.gov.br,https://pncp.gov.br/api/pncp/v1/orgaos/12474705000120/compras/2024/273
11,2024,20241101,20241130,6,66,50,endpoint 7521 de 11401,6,TRUE,2024,20181,NA,NA,NA,NA,00394452000103,COMANDO DO EXERCITO,E,F,2024-11-05T07:21:11Z,2024-11-05T07:21:11Z,2024-11-05T07:21:11Z,90043,Pará,160171,8 BATALHAO DE ENGENHARIA DE CONSTRUCAO,PA,Santarém,1506807,1,pregão: modalidade de licitação obrigatória para aquisição de bens e serviços comuns,"Lei 14.133/2021, Art. 28, I",2024-11-05T08:00:00Z,2024-11-18T14:00:00Z,Para as respostas de esclarecimentos e impugnações deste edital acesse o link: https://cnetmobile.estaleiro.serpro.gov.br/comprasnet-web/public/landing?destino=quadro-informativo&compra=16017105900432024,64046.006139/2024,"A aquisição de material de consumo laboratorial (reagentes e insumos de uso laboratorial), com e sem comodato de equipamento, medicamentos (incluindo para demanda judicial), insumos hospitalares (incluindo para demanda judicial).",https://cnetmobile.estaleiro.serpro.gov.br/comprasnet-web/public/landing?destino=acompanhamento-compra&compra=16017105900432024,NA,NA,NA,NA,NA,NA,NA,314954.25,3,00394452000103-1-020181/2024,2025-01-02T09:08:42Z,NA,483022.35,Pregão - Eletrônico,Aberto-Fechado,1,Edital,1,Divulgada no PNCP,Compras.gov.br,https://pncp.gov.br/api/pncp/v1/orgaos/00394452000103/compras/2024/20181
11,2024,20241101,20241130,6,97,50,endpoint 7552 de 11401,6,TRUE,2024,22452,NA,NA,NA,NA,07954480000179,ESTADO DO CEARA,N,E,2024-11-06T07:00:51Z,2024-11-06T07:00:51Z,2024-11-06T07:00:51Z,91288,Ceará,943001,GOVERNO DO ESTADO DO CEARA,CE,Fortaleza,2304400,1,pregão: modalidade de licitação obrigatória para aquisição de bens e serviços comuns,"Lei 14.133/2021, Art. 28, I",2024-11-07T08:00:00Z,2024-11-21T14:30:00Z,O edital poderá ser adquirido no site: www.seplag.ce.gov.br Para as respostas de esclarecimentos e impugnações deste edital acesse o link: https://cnetmobile.estaleiro.serpro.gov.br/comprasnet-web/public/landing?destino=quadro-informativo&compra=94300105912882024,24001051173202420,"O objeto da licitação é o Registro de Preço para futuras e eventuais aquisições de medicamentos, nas condições estabelecidas neste edital e seus anexos.",https://cnetmobile.estaleiro.serpro.gov.br/comprasnet-web/public/landing?destino=acompanhamento-compra&compra=94300105912882024,NA,NA,NA,NA,NA,NA,NA,9805.5,3,07954480000179-1-022452/2024,NA,NA,18403.04,Pregão - Eletrônico,Aberto-Fechado,1,Edital,1,Divulgada no PNCP,Compras.gov.br,https://pncp.gov.br/api/pncp/v1/orgaos/07954480000179/compras/2024/22452
11,2024,20241101,20241130,6,234,50,endpoint 7689 de 11401,6,TRUE,2024,96,NA,NA,NA,NA,29112760000172,BOM JESUS DO ITABAPOANA PREFEITURA,E,M,2024-11-12T07:20:20Z,2024-11-12T07:20:20Z,2024-11-28T07:29:31Z,90050,Rio de Janeiro,985811,PREFEITURA MUNICIPAL BOM JESUS DO ITABAPOANA,RJ,Bom Jesus do Itabapoana,3300605,1,pregão: modalidade de licitação obrigatória para aquisição de bens e serviços comuns,"Lei 14.133/2021, Art. 28, I",2024-11-12T08:00:00Z,2024-12-12T09:00:00Z,Para as respostas de esclarecimentos e impugnações deste edital acesse o link: https://cnetmobile.estaleiro.serpro.gov.br/comprasnet-web/public/landing?destino=quadro-informativo&compra=98581105900502024,7492/2024,Futura e eventual aquisição de aquisição de medicamentos em sua forma ética e referência.,https://cnetmobile.estaleiro.serpro.gov.br/comprasnet-web/public/landing?destino=acompanhamento-compra&compra=98581105900502024,NA,NA,NA,NA,NA,NA,NA,NA,1,29112760000172-1-000096/2024,2024-11-12T07:20:19Z,NA,23742855.3,Pregão - Eletrônico,Aberto,1,Edital,1,Divulgada no PNCP,Compras.gov.br,https://pncp.gov.br/api/pncp/v1/orgaos/29112760000172/compras/2024/96
11,2024,20241101,20241130,6,254,50,endpoint 7709 de 11401,6,TRUE,2024,1357,NA,NA,NA,NA,46634564000187,MUNICIPIO DE TATUI,N,M,2024-11-12T13:14:09Z,2024-11-12T13:14:09Z,2024-11-12T13:14:09Z,118,São Paulo,5.2024,SECRETARIA MUNIC DE SAÚDE,SP,Tatuí,3554003,1,pregão: modalidade de licitação obrigatória para aquisição de bens e serviços comuns,"Lei 14.133/2021, Art. 28, I",2024-10-29T13:00:00Z,2024-10-29T13:05:00Z,Req. 11417,157/2024,PREGÃO ELETRÔNICO DE REGISTRO DE PREÇOS PARA EVENTUAL AQUISIÇÃO DE MEDICAMENTOS PARA ATENDER AS UNIDADES DE SAÚDE.,NA,NA,NA,NA,NA,NA,NA,NA,129160,1,46634564000187-1-001357/2024,2024-11-12T13:14:09Z,NA,405228.63,Pregão - Eletrônico,Aberto,1,Edital,1,Divulgada no PNCP,JL Alves Gestão,https://pncp.gov.br/api/pncp/v1/orgaos/46634564000187/compras/2024/1357
11,2024,20241101,20241130,6,254,50,endpoint 7709 de 11401,6,TRUE,2024,581,NA,NA,NA,NA,18659334000137,MUNICIPIO DE CAMPO BELO,N,M,2024-11-12T13:26:30Z,2024-11-12T13:26:30Z,2024-11-12T13:26:30Z,PRE 149,Minas Gerais,02013,SECRETARIA MUNICIPAL DE SAÚDE,MG,Campo Belo,3111200,1,pregão: modalidade de licitação obrigatória para aquisição de bens e serviços comuns,"Lei 14.133/2021, Art. 28, I",2024-11-13T08:00:00Z,2024-11-29T08:00:00Z,NA,77/2024,"REGISTRO DE PREÇOS PARA FUTURA E EVENTUAL AQUISIÇÃO DE SOROS EM GERAL, DESTINADOS A SUPRIR AS NECESSIDADES DE TODOS OS SETORES DA SECRETARIA MUNICIPAL DE SAÚDE.",NA,NA,NA,NA,NA,NA,NA,NA,NA,3,18659334000137-1-000581/2024,2024-11-12T13:26:29Z,NA,0,Pregão - Eletrônico,Aberto-Fechado,1,Edital,1,Divulgada no PNCP,IPM Sistemas,https://pncp.gov.br/api/pncp/v1/orgaos/18659334000137/compras/2024/581
11,2024,20241101,20241130,6,370,50,endpoint 7825 de 11401,6,FALSE,2024,2180,NA,NA,NA,NA,13937032000160,ESTADO DA BAHIA,N,E,2024-11-18T18:30:35Z,2024-11-18T18:30:35Z,2025-01-14T23:03:46Z,144/2024,Bahia,000000002,SESAB-SECRETARIA DE SAUDE DO ESTADO DA BAHIA,BA,Salvador,2927408,1,pregão: modalidade de licitação obrigatória para aquisição de bens e serviços comuns,"Lei 14.133/2021, Art. 28, I",2024-11-29T09:00:00Z,2024-12-03T09:00:00Z,NA,01987122024016510501,"Aquisição de medicamentos (RUXOLITINIBE, fosfato, 15mg, comprimido, DUPILUMABE, IMATINIBE, etc), para compor o sistema de registro de preços.",https://licitacoes-e2.bb.com.br/aop-inter-estatico/visualizar-processo-publico/0,NA,NA,NA,NA,NA,NA,NA,NA,3,13937032000160-1-002180/2024,2025-01-14T23:04:00Z,NA,9876047.2,Pregão - Eletrônico,Aberto-Fechado,1,Edital,1,Divulgada no PNCP,Licitações-E BB,https://pncp.gov.br/api/pncp/v1/orgaos/13937032000160/compras/2024/2180
11,2024,20241101,20241130,6,371,50,endpoint 7826 de 11401,6,TRUE,2024,128,NA,NA,NA,NA,87613634000106,MUNICIPIO DE TUPARENDI,N,M,2024-11-18T19:35:31Z,2024-11-18T19:35:31Z,2024-11-18T19:35:31Z,50,Rio Grande do Sul,1,MUNICIPIO DE TUPARENDI/RS,RS,Tuparendi,4322301,1,pregão: modalidade de licitação obrigatória para aquisição de bens e serviços comuns,"Lei 14.133/2021, Art. 28, I",2024-11-19T08:29:00Z,2024-12-02T08:30:00Z,NA,95,AQUISIÇÃO DE MATERIAIS ODONTOLÓGICOS - SRP.,NA,NA,NA,NA,NA,NA,NA,NA,NA,3,87613634000106-1-000128/2024,2024-11-18T19:35:31Z,NA,593547.8,Pregão - Eletrônico,Aberto-Fechado,1,Edital,1,Divulgada no PNCP,Abase Sistemas,https://pncp.gov.br/api/pncp/v1/orgaos/87613634000106/compras/2024/128
11,2024,20241101,20241130,6,449,50,endpoint 7904 de 11401,6,TRUE,2024,170,NA,NA,NA,NA,13845466000130,MUNICIPIO DE TEOFILANDIA,N,M,2024-11-22T08:11:05Z,2024-11-22T08:11:05Z,2024-11-22T08:11:05Z,PE029,Bahia,1,PREFEITURA MUNICIPAL DE TEOFILÂNDIA - BA,BA,Teofilândia,2931509,1,pregão: modalidade de licitação obrigatória para aquisição de bens e serviços comuns,"Lei 14.133/2021, Art. 28, I",2024-11-29T08:00:00Z,2024-12-05T08:00:00Z,NA,0213/2024,"Seleção de proposta apta a gerar contratação mais vantajosa para AQUISIÇÃO DE MEDICAMENTOS CONTROLADOS, através de Registro de Preços a fim de atender as necessidades do Hospital Municipal Valdemar Ferreira de Araújo, através da Secretaria de Saúde do município de Teofilândia Bahia",https://bllcompras.com/Process/ProcessView?param1=[gkz]AKL3RETtjbp8JIjbAJaKQqG1q5k9qaA5lBKyaVYs03V7umAKRtHZKXBp3goKvYHK2tG6q3Yn6ODiMia2F9Y5QEpc39/2AK4AMCQiC0PANvc=,NA,NA,NA,NA,NA,NA,NA,NA,3,13845466000130-1-000170/2024,2024-11-22T08:11:05Z,NA,193217.5,Pregão - Eletrônico,Aberto-Fechado,1,Edital,1,Divulgada no PNCP,BLL Compras,https://pncp.gov.br/api/pncp/v1/orgaos/13845466000130/compras/2024/170
11,2024,20241101,20241130,6,465,50,endpoint 7920 de 11401,6,TRUE,2024,114,NA,NA,NA,NA,71989982000134,MUNICIPIO DE NOVA EUROPA,N,M,2024-11-22T14:50:38Z,2024-11-22T14:50:38Z,2024-11-22T14:50:38Z,74,São Paulo,1,PREFEITURA MUNICIPAL DE NOVA EUROPA SP,SP,Nova Europa,3532900,1,pregão: modalidade de licitação obrigatória para aquisição de bens e serviços comuns,"Lei 14.133/2021, Art. 28, I",2024-11-26T08:00:00Z,2024-12-09T08:30:00Z,NA,144/2024,REGISTRO DE PREÇOS PARA AQUISIÇÃO DE MATERIAIS DE ENFERMAGEM PARA ATENDER AS NECESSIDADES DO DEPARTAMENTO MUNICIPAL DE SAÚDE DE NOVA EUROPA – SP,https://bllcompras.com/Process/ProcessView?param1=[gkz]7v4IwWTifdf6T88pMLjVIxNRWeOpGlE_sXLZ2WUzKTZe1bhK7osIZufOwD20KcuRb47xdIcVEVIQD5B4GpQxujZX06VEIGC5XU1edj7hd8M=,NA,NA,NA,NA,NA,NA,NA,NA,1,71989982000134-1-000114/2024,2024-11-22T14:50:37Z,NA,3094088.7,Pregão - Eletrônico,Aberto,1,Edital,1,Divulgada no PNCP,BLL Compras,https://pncp.gov.br/api/pncp/v1/orgaos/71989982000134/compras/2024/114
11,2024,20241101,20241130,6,474,50,endpoint 7929 de 11401,6,FALSE,2024,9913,NA,NA,NA,NA,46374500000194,SECRETARIA DE ESTADO DA SAUDE,E,E,2024-11-25T08:35:07Z,2024-11-25T08:35:07Z,2024-11-25T08:35:07Z,90160,São Paulo,090133,ESP-DEPTO.REG.SAUDE - DRS-XIV SJBOA VISTA,SP,São João da Boa Vista,3549102,1,pregão: modalidade de licitação obrigatória para aquisição de bens e serviços comuns,"Lei 14.133/2021, Art. 28, I",2024-11-25T08:00:00Z,2024-12-16T14:00:00Z,Para as respostas de esclarecimentos e impugnações deste edital acesse o link: https://cnetmobile.estaleiro.serpro.gov.br/comprasnet-web/public/landing?destino=quadro-informativo&compra=09013305901602024,024.00169001/2024,Medicamentos Judicial Ampla Cota,https://cnetmobile.estaleiro.serpro.gov.br/comprasnet-web/public/landing?destino=acompanhamento-compra&compra=09013305901602024,NA,NA,NA,NA,NA,NA,NA,94092,1,46374500000194-1-009913/2024,2024-12-27T10:57:22Z,NA,118598.88,Pregão - Eletrônico,Aberto,1,Edital,1,Divulgada no PNCP,Compras.gov.br,https://pncp.gov.br/api/pncp/v1/orgaos/46374500000194/compras/2024/9913
11,2024,20241101,20241130,6,510,50,endpoint 7965 de 11401,6,TRUE,2024,123,NA,NA,NA,NA,26981455000129,AGENCIA MUNICIPAL DE REGULACAO DE SERVICOS DELEGADOS- ARSER,E,M,2024-11-26T07:05:21Z,2024-11-26T07:05:21Z,2024-11-26T07:05:21Z,90120,Alagoas,926703,"AG. DE LICIT., CONT. E CONV. DE MACEIO",AL,Maceió,2704302,1,pregão: modalidade de licitação obrigatória para aquisição de bens e serviços comuns,"Lei 14.133/2021, Art. 28, I",2024-11-26T08:00:00Z,2024-12-12T08:30:00Z,"No momento do cadastro ou registro da proposta comercial eletrônica, o licitante deverá atentar para o fato de que, por razões de limitações técnicas das especificações dos materiais constantes no CATMAT/CATSERV (COMPRASNET), as ESPECIFICAÇÕES TÉCNICAS COMPLETAS DO OBJETO LICITADO, para efeito de cotação do preço e formulação da proposta, serão sempre aquelas constantes do termo de referência (ANEXO I) Para as respostas de esclarecimentos e impugnações deste edital acesse o link: https://cnetmobile.estaleiro.serpro.gov.br/comprasnet-web/public/landing?destino=quadro-informativo&compra=92670305901202024",12500.130398/2024,"Registro de preços para fornecimento de medicamentos (itens fracassados dos PE’s nºs 44/2024, 50/2024 E 84/2024)",https://cnetmobile.estaleiro.serpro.gov.br/comprasnet-web/public/landing?destino=acompanhamento-compra&compra=92670305901202024,NA,NA,NA,NA,NA,NA,NA,251578.97,1,26981455000129-1-000123/2024,2024-12-20T12:40:00Z,NA,1184539.55,Pregão - Eletrônico,Aberto,1,Edital,1,Divulgada no PNCP,Compras.gov.br,https://pncp.gov.br/api/pncp/v1/orgaos/26981455000129/compras/2024/123
11,2024,20241101,20241130,6,548,50,endpoint 8003 de 11401,6,FALSE,2024,781,NA,NA,NA,NA,78640489000153,UNIVERSIDADE ESTADUAL DE LONDRINA,E,E,2024-11-27T07:07:09Z,2024-11-27T07:07:09Z,2024-11-27T07:07:09Z,90100,Paraná,926769,EPR - UNIVERSIDADE ESTADUAL DE LONDRINA,PR,Londrina,4113700,1,pregão: modalidade de licitação obrigatória para aquisição de bens e serviços comuns,"Lei 14.133/2021, Art. 28, I",2024-11-27T09:00:00Z,2024-12-12T09:00:00Z,"Devido a incompatibilidade dos descritivos deste sistema, favor considerar o descritivo do(s) item(ns) conforme Anexo I do edital. Para as respostas de esclarecimentos e impugnações deste edital acesse o link: https://cnetmobile.estaleiro.serpro.gov.br/comprasnet-web/public/landing?destino=quadro-informativo&compra=92676905901002024",22.074.816-2,"Contratação para o fornecimento parcelado de medicamentos diversos (hemostático absorvível, insulina glargina, insulina lispro, entre outros), para atender o Hospital Veterinário – UEL e Hospital Universitário de Londrina.",https://cnetmobile.estaleiro.serpro.gov.br/comprasnet-web/public/landing?destino=acompanhamento-compra&compra=92676905901002024,NA,NA,NA,NA,NA,NA,NA,NA,3,78640489000153-1-000781/2024,2024-11-27T07:07:07Z,NA,3708460.55,Pregão - Eletrônico,Aberto-Fechado,1,Edital,1,Divulgada no PNCP,Compras.gov.br,https://pncp.gov.br/api/pncp/v1/orgaos/78640489000153/compras/2024/781
11,2024,20241101,20241130,6,584,50,endpoint 8039 de 11401,6,TRUE,2024,10208,NA,NA,NA,NA,46374500000194,SECRETARIA DE ESTADO DA SAUDE,E,E,2024-11-28T07:07:30Z,2024-11-28T07:07:30Z,2024-11-28T07:07:30Z,90135,São Paulo,090201,ESP-GABINETE DO COORDENADOR SEC. SAUDE 5,SP,São Paulo,3550308,1,pregão: modalidade de licitação obrigatória para aquisição de bens e serviços comuns,"Lei 14.133/2021, Art. 28, I",2024-11-29T08:00:00Z,2024-12-11T10:00:00Z,Para as respostas de esclarecimentos e impugnações deste edital acesse o link: https://cnetmobile.estaleiro.serpro.gov.br/comprasnet-web/public/landing?destino=quadro-informativo&compra=09020105901352024,02400114107202432,Registro de preços para aquisição de medicamentos PERP 135/2024,https://cnetmobile.estaleiro.serpro.gov.br/comprasnet-web/public/landing?destino=acompanhamento-compra&compra=09020105901352024,NA,NA,NA,NA,NA,NA,NA,106406129.53,1,46374500000194-1-010208/2024,2024-11-28T07:07:30Z,NA,209860373.77,Pregão - Eletrônico,Aberto,1,Edital,1,Divulgada no PNCP,Compras.gov.br,https://pncp.gov.br/api/pncp/v1/orgaos/46374500000194/compras/2024/10208
11,2024,20241101,20241130,8,180,50,endpoint 8296 de 11401,8,FALSE,2024,907,NA,NA,NA,NA,46363933000144,MUNICIPIO DE LOUVEIRA,N,M,2024-11-06T11:12:33Z,2024-11-06T11:12:33Z,2024-11-06T11:12:33Z,CD - 1102,São Paulo,010801,FUNDO MUNICIPAL DE SAÚDE,SP,Louveira,3527306,19,"Dispensa de Licitação: para contratação que envolva valores inferiores a R$ 50.000,00 (cinquenta mil reais), no caso de outros serviços e compras","Lei 14.133/2021, Art. 75, II",NA,NA,NA,CD - 1102/2024,AQUISIÇÃO DE LEITOR PARA MONITORAMENTO DE GLICEMIA  E SENSORES DE GLICEMIA  PARA ATENDER A PACIENTE RILLARY JAMILLY FERREIRA SILVA PELO PERIODO DE 01 ANO.,NA,NA,NA,NA,NA,NA,NA,NA,9247.5,5,46363933000144-1-000907/2024,NA,NA,10195.89,Dispensa,Não se aplica,3,Ato que autoriza a Contratação Direta,1,Divulgada no PNCP,SONNER SISTEMAS DE INFORMATICA LTDA,https://pncp.gov.br/api/pncp/v1/orgaos/46363933000144/compras/2024/907
11,2024,20241101,20241130,8,854,50,endpoint 8970 de 11401,8,FALSE,2024,95,40817926000199,AUTARQUIA TERRITORIAL DISTRITO ESTADUAL DE FERNANDO DE NORONHA,E,E,40817926000199,AUTARQUIA TERRITORIAL DISTRITO ESTADUAL DE FERNANDO DE NORONHA,E,E,2024-11-25T11:09:48Z,2024-11-25T11:09:48Z,2024-12-13T16:36:42Z,3225,Pernambuco,3615,SUPER DE SAUDE,PE,Recife,2611606,38,"Dispensa de Licitação: nos casos de emergência ou de calamidade pública, quando caracterizada urgência de atendimento de situação que possa ocasionar prejuízo ou comprometer a continuidade dos serviços públicos ou a segurança de pessoas, obras, serviços, equipamentos e outros bens, públicos ou particulares, e somente para aquisição dos bens necessários ao atendimento da situação emergencial ou calamitosa e para as parcelas de obras e serviços que possam ser concluídas no prazo máximo de 1 (um) ano, contado da data de ocorrência da emergência ou da calamidade, vedadas a prorrogação dos respectivos contratos e a recontratação de empresa já contratada com base no disposto neste inciso","Lei 14.133/2021, Art. 75, VIII",2024-11-25T11:06:00Z,2024-11-28T17:00:00Z,NA,3225.2024.CCD-DEFN.CD.0014.DEFN,"CHAMAMENTO PÚBLICO COM O OBJETIVO DE CONTRATAR O FORNECIMENTO DE MEDICAMENTOS PARA ATENDER ÀS NECESSIDADES DA AUTARQUIA TERRITORIAL DISTRITO DE FERNANDO DE NORONHA, CONFORME AS CONDIÇÕES, ESPECIFICAÇÕ",https://www.peintegrado.pe.gov.br/,NA,Pernambuco,3615,SUPER DE SAUDE,PE,Recife,2611606,26550.55,4,40817926000199-1-000095/2024,2024-11-25T11:09:47Z,NA,39495.57,Dispensa,Dispensa Com Disputa,2,Aviso de Contratação Direta,1,Divulgada no PNCP,Secretaria de Administração do Estado de Pernambuco,https://pncp.gov.br/api/pncp/v1/orgaos/40817926000199/compras/2024/95
11,2024,20241101,20241130,8,965,50,endpoint 9081 de 11401,8,FALSE,2024,1394,NA,NA,NA,NA,46634564000187,MUNICIPIO DE TATUI,N,M,2024-11-26T19:40:31Z,2024-11-26T19:40:31Z,2024-11-26T19:40:31Z,1148,São Paulo,5.2024,SECRETARIA MUNIC DE SAÚDE,SP,Tatuí,3554003,19,"Dispensa de Licitação: para contratação que envolva valores inferiores a R$ 50.000,00 (cinquenta mil reais), no caso de outros serviços e compras","Lei 14.133/2021, Art. 75, II",NA,NA,REQ 12961,51148/2024,AQUISIÇÃO DE MEDICAMENTO JUDICIAL,NA,NA,NA,NA,NA,NA,NA,NA,9961.35,5,46634564000187-1-001394/2024,2024-11-26T19:40:30Z,NA,12273.54,Dispensa,Não se aplica,3,Ato que autoriza a Contratação Direta,1,Divulgada no PNCP,JL Alves Gestão,https://pncp.gov.br/api/pncp/v1/orgaos/46634564000187/compras/2024/1394
11,2024,20241101,20241130,8,1098,50,endpoint 9214 de 11401,8,FALSE,2024,297,NA,NA,NA,NA,46578514000120,MUNICIPIO DE PERUIBE,N,M,2024-11-28T18:41:17Z,2024-11-28T18:41:17Z,2024-11-28T18:41:17Z,119,São Paulo,210,Prefeitura Municipal da Estância Balneária de Peruibe - SP,SP,Peruíbe,3537602,20,Dispensa de Licitação: não surgiram licitantes interessados ou não foram apresentadas propostas válidas,"Lei 14.133/2021, Art. 75, III, a",2024-11-20T17:00:00Z,2024-11-26T14:00:00Z,"1) CASO O FORNECEDOR NÃO TENHA EM SEU CNAE AUTORIZAÇÃO PARA COMERCIALIZAÇÃO DO SOLICITADO, NÃO O FAÇA, O QUE ACARRETARIA ATRASO NOS TRÂMITES DE COMPRA.
2) OS PRODUTOS SOLICITADOS DEVEM ESTAR DE ACORDO COM O ANEXO I, TERMO DE REFERÊNCIA, ENCAMINHADO PELA PASTA REQUISITANTE.
3) AUTORIZAÇÃO DA ANVISA PARA COMERCIALIZAÇÃO DO MEDICAMENTO",19605/2024,"AQUISIÇÃO DE INSUMOS  PROVENIENTES DE MANDADOS JUDICIAIS EM FACE DE: BIANCA DA ROCHA FARIAS  BOTELHO, PROCESSO Nº 0004406-22.2011.8.26.0441 e LETHICIA DINIZ PEREIRA,  PROCESSO Nº 0004691-10.2014.8.26.044",NA,NA,NA,NA,NA,NA,NA,NA,6596,4,46578514000120-1-000297/2024,2024-11-28T18:41:16Z,NA,13732.18,Dispensa,Dispensa Com Disputa,2,Aviso de Contratação Direta,1,Divulgada no PNCP,AZ INFORMATICA LTDA,https://pncp.gov.br/api/pncp/v1/orgaos/46578514000120/compras/2024/297
12,2024,20241201,20241231,6,10,50,endpoint 9642 de 11401,6,FALSE,2024,7344,NA,NA,NA,NA,96291141000180,SAO PAULO SECRETARIA DA ADMINISTRACAO PENITENCIARIA,E,E,2024-12-02T07:13:44Z,2024-12-02T07:13:44Z,2024-12-02T07:13:44Z,90029,São Paulo,380193,ESP-DEPARTAMENTO DE ADMINISTRACAO  ADM.PENIT4,SP,São Paulo,3550308,1,pregão: modalidade de licitação obrigatória para aquisição de bens e serviços comuns,"Lei 14.133/2021, Art. 28, I",2024-12-02T08:00:00Z,2024-12-12T10:00:00Z,Para as respostas de esclarecimentos e impugnações deste edital acesse o link: https://cnetmobile.estaleiro.serpro.gov.br/comprasnet-web/public/landing?destino=quadro-informativo&compra=38019305900292024,006.00443775/2024,Processo de aquisição imediata de medicamentos,https://cnetmobile.estaleiro.serpro.gov.br/comprasnet-web/public/landing?destino=acompanhamento-compra&compra=38019305900292024,NA,NA,NA,NA,NA,NA,NA,419801.03,1,96291141000180-1-007344/2024,2024-12-27T17:26:02Z,NA,577996,Pregão - Eletrônico,Aberto,1,Edital,1,Divulgada no PNCP,Compras.gov.br,https://pncp.gov.br/api/pncp/v1/orgaos/96291141000180/compras/2024/7344
12,2024,20241201,20241231,6,53,50,endpoint 9685 de 11401,6,TRUE,2024,254,NA,NA,NA,NA,08087561000181,MUNICIPIO DE PARELHAS,N,M,2024-12-03T09:29:15Z,2024-12-03T09:29:15Z,2024-12-03T12:35:37Z,65,Rio Grande do Norte,08087561000181,Prefeitura,RN,Parelhas,2408904,1,pregão: modalidade de licitação obrigatória para aquisição de bens e serviços comuns,"Lei 14.133/2021, Art. 28, I",2024-12-16T08:00:00Z,2024-12-16T08:00:00Z,NA,5784,AQUISIÇÃO MEDICAMENTOS PARA A FARMÁCIA BÁSICA E FARMÁCIA DO HOSPITALDR JOSE AUGUSTO DANTAS,NA,NA,NA,NA,NA,NA,NA,NA,719954,1,08087561000181-1-000254/2024,2025-01-13T12:32:48Z,NA,899774.4,Pregão - Eletrônico,Aberto,1,Edital,1,Divulgada no PNCP,TOP DOWN CONSULTORIA LTDA,https://pncp.gov.br/api/pncp/v1/orgaos/08087561000181/compras/2024/254
12,2024,20241201,20241231,6,114,50,endpoint 9746 de 11401,6,FALSE,2024,10,NA,NA,NA,NA,05995766000177,MUNICIPIO DE MACAPA,N,M,2024-12-05T07:08:44Z,2024-12-05T07:08:44Z,2024-12-18T08:53:17Z,90057,Amapá,980605,PMAP - PREFEITURA MUNICIPAL DE MACAPÁ,AP,Macapá,1600303,1,pregão: modalidade de licitação obrigatória para aquisição de bens e serviços comuns,"Lei 14.133/2021, Art. 28, I",2024-12-05T08:00:00Z,2024-12-18T09:00:00Z,Para as respostas de esclarecimentos e impugnações deste edital acesse o link: https://cnetmobile.estaleiro.serpro.gov.br/comprasnet-web/public/landing?destino=quadro-informativo&compra=98060505900572024,5.638/2024,"Aquisição de MATERIAIS DE CONSUMO (LIMPEZA, HIGIENE E DESCARTÁVIES) SOB DEMANDA, visando atender as necessidades das Unidades Escolares da Rede Municipal de Ensino de Macapá, pertencentes a SECRETARIA MUNICIPAL DE EDUCAÇÃO - SEMED.",https://cnetmobile.estaleiro.serpro.gov.br/comprasnet-web/public/landing?destino=acompanhamento-compra&compra=98060505900572024,NA,NA,NA,NA,NA,NA,NA,NA,1,05995766000177-1-000010/2024,2024-12-18T08:55:47Z,NA,0,Pregão - Eletrônico,Aberto,1,Edital,2,Revogada,Compras.gov.br,https://pncp.gov.br/api/pncp/v1/orgaos/05995766000177/compras/2024/10
12,2024,20241201,20241231,6,173,50,endpoint 9805 de 11401,6,FALSE,2024,10738,NA,NA,NA,NA,46374500000194,SECRETARIA DE ESTADO DA SAUDE,E,E,2024-12-09T07:06:09Z,2024-12-09T07:06:09Z,2024-12-09T07:06:09Z,90344,São Paulo,090183,ESP-INST. INFECTOLOGIA EMILIO RIBAS,SP,São Paulo,3550308,1,pregão: modalidade de licitação obrigatória para aquisição de bens e serviços comuns,"Lei 14.133/2021, Art. 28, I",2024-12-09T08:00:00Z,2024-12-19T09:00:00Z,Para as respostas de esclarecimentos e impugnações deste edital acesse o link: https://cnetmobile.estaleiro.serpro.gov.br/comprasnet-web/public/landing?destino=quadro-informativo&compra=09018305903442024,024.00161492/2024,Aquisição de Medicamento (Alopurinol 100mg à escopolamina + dipirona cp),https://cnetmobile.estaleiro.serpro.gov.br/comprasnet-web/public/landing?destino=acompanhamento-compra&compra=09018305903442024,NA,NA,NA,NA,NA,NA,NA,40552.56,1,46374500000194-1-010738/2024,2024-12-27T10:57:42Z,NA,149415,Pregão - Eletrônico,Aberto,1,Edital,1,Divulgada no PNCP,Compras.gov.br,https://pncp.gov.br/api/pncp/v1/orgaos/46374500000194/compras/2024/10738
12,2024,20241201,20241231,6,282,50,endpoint 9914 de 11401,6,FALSE,2024,34,NA,NA,NA,NA,17893567000137,Fundação da Area de Saúde de Campinas,L,M,2024-12-13T10:49:26Z,2024-12-13T10:49:26Z,2024-12-13T10:49:26Z,030/2024,São Paulo,1069,Fascamp,SP,Campinas,3509502,1,pregão: modalidade de licitação obrigatória para aquisição de bens e serviços comuns,"Lei 14.133/2021, Art. 28, I",2024-12-16T08:00:00Z,2025-01-07T09:00:00Z,NA,1929/2024,"Contratação de fornecimento com entrega parcela de insumos farmacêuticos, soros, diluentes, drogas e medicamentos - Classe C, destinados ao CONVÊNIO N° 02 – Secretaria de Saúde/UNICAMP/FASCAMP/Hospital Regional de Piracicaba, atendendo as necessidades do Hospital Regional de Piracicaba Dra. Zilda Arns – HRP.",NA,NA,NA,NA,NA,NA,NA,NA,NA,1,17893567000137-1-000034/2024,2025-01-07T09:01:26Z,NA,459097.2,Pregão - Eletrônico,Aberto,1,Edital,1,Divulgada no PNCP,Novo BBMNET Licitações,https://pncp.gov.br/api/pncp/v1/orgaos/17893567000137/compras/2024/34
12,2024,20241201,20241231,6,307,50,endpoint 9939 de 11401,6,TRUE,2024,1613,NA,NA,NA,NA,45780103000150,MUNICIPIO DE JUNDIAI,N,M,2024-12-16T13:14:32Z,2024-12-16T13:14:32Z,2024-12-16T13:14:32Z,PMJ-2024-268-14,São Paulo,14,UGPS - Unidade de Gestão de Promoção da Saúde,SP,Jundiaí,3525904,1,pregão: modalidade de licitação obrigatória para aquisição de bens e serviços comuns,"Lei 14.133/2021, Art. 28, I",2024-12-13T18:00:00Z,2025-01-09T09:30:00Z,NA,2024-42487-0,"GINKGO BILOBA 80MG, DIACEREINA 50 MG E OUTROS - MJ - RP",https://compraaberta.jundiai.sp.gov.br/licitacoes/,NA,NA,NA,NA,NA,NA,NA,NA,1,45780103000150-1-001613/2024,2024-12-16T13:14:30Z,NA,87640.9,Pregão - Eletrônico,Aberto,1,Edital,1,Divulgada no PNCP,Cijun - Cia. de Informatica de Jundiai,https://pncp.gov.br/api/pncp/v1/orgaos/45780103000150/compras/2024/1613
12,2024,20241201,20241231,8,112,50,endpoint 10237 de 11401,8,FALSE,2024,167,NA,NA,NA,NA,22980999000115,MUNICIPIO DE PARAUAPEBAS,N,M,2024-12-03T15:10:24Z,2024-12-03T15:10:24Z,2024-12-03T15:10:24Z,251,Pará,2,PREFEITURA MUNICIPAL DE PARAUAPEBAS,PA,Parauapebas,1505536,19,"Dispensa de Licitação: para contratação que envolva valores inferiores a R$ 50.000,00 (cinquenta mil reais), no caso de outros serviços e compras","Lei 14.133/2021, Art. 75, II",NA,NA,NA,7.2024-FMS35312024,"Contratação de empresa especializada em fornecimento de medicamentos em regime de urgência, para atender demanda judicial.",https://www.governotransparente.com.br/transparencia/45079490/consultarlicitacao?datainfo=MTIwMjMxMDIzMTkyNFBQUA==&clean=false,NA,NA,NA,NA,NA,NA,NA,NA,5,22980999000115-1-000167/2024,2024-12-03T15:10:23Z,NA,28311.3,Dispensa,Não se aplica,3,Ato que autoriza a Contratação Direta,1,Divulgada no PNCP,ASP - Automação Serviços e Produtos de Informática - LTDA,https://pncp.gov.br/api/pncp/v1/orgaos/22980999000115/compras/2024/167
10,2024,20241001,20241031,6,100,50,endpoint 5153 de 11401,6,FALSE,2024,5079,NA,NA,NA,NA,96291141000180,SAO PAULO SECRETARIA DA ADMINISTRACAO PENITENCIARIA,E,E,2024-10-04T07:37:21Z,2024-10-04T07:37:21Z,2024-10-07T07:21:45Z,90043,São Paulo,380123,ESP-PENIT. P.PRUDENTE WELLINGTON R.SEGURA,SP,Presidente Prudente,3541406,1,pregão: modalidade de licitação obrigatória para aquisição de bens e serviços comuns,"Lei 14.133/2021, Art. 28, I",2024-10-07T08:00:00Z,2024-10-17T09:00:00Z,Para as respostas de esclarecimentos e impugnações deste edital acesse o link: https://cnetmobile.estaleiro.serpro.gov.br/comprasnet-web/public/landing?destino=quadro-informativo&compra=38012305900432024,006.00363603/2024,"Aquisição de Gêneros Alimentícios Perecíveis – in natura, para uso no preparo de refeições nesta Unidade Prisional e Centro de Ressocialização ASP Gláucio Reinaldo Mendes Pereira de Pres. Prudente, no período de outubro a dezembro de 2024.",https://cnetmobile.estaleiro.serpro.gov.br/comprasnet-web/public/landing?destino=acompanhamento-compra&compra=38012305900432024,NA,NA,NA,NA,NA,NA,NA,187303.5,3,96291141000180-1-005079/2024,NA,NA,318860.1,Pregão - Eletrônico,Aberto-Fechado,1,Edital,1,Divulgada no PNCP,Compras.gov.br,https://pncp.gov.br/api/pncp/v1/orgaos/96291141000180/compras/2024/5079
12,2024,20241201,20241231,9,258,50,endpoint 11357 de 11401,9,FALSE,2024,440,NA,NA,NA,NA,01336261000140,CONSORCIO INTERMUNICIPAL DE SAUDE DO OESTE DE SC,E,N,2024-12-27T13:04:56Z,2024-12-27T13:04:56Z,2024-12-27T13:04:56Z,252 | Processo 347,Santa Catarina,0000,Consórcio Intermunicipal de Saúde (CIS-A,SC,Chapecó,4204202,16,Inexigibilidade de Licitação: objetos que devam ou possam ser contratados por meio de credenciamento,"Lei 14.133/2021, Art. 74, IV",NA,NA,NA,252,CREDENCIAMENTO DE PESSOAS JURIDICAS PARA PRESTACAO DE SERVICOS DE SAUDE NAS AREAS DE ASSISTENCIA E ATENDIMENTO MEDICO EM REGIME AMBULATORIAL OU HOSPITALAR  DE SERVICOS AUXILIARES DE DIAGNOSTICO E TERAPIA  SERVICOS ODONTOLOGICOS  EXCLUIDOS OS SERVICOS DE URGENCIA E EMERGENCIA  E FORNECIMENTO DE ORTESES  PROTESES E MATERIAIS ESPECIAIS  OPM S   COMPLEMENTANDO SERVICOS DE SAUDE OFERTADOS PELA REDE DE SAUDE PUBLICA AOS USUARIOS DO SISTEMA UNICO DE SAUDE   SUS.,NA,NA,NA,NA,NA,NA,NA,NA,60180,5,01336261000140-1-000440/2024,2024-12-27T13:08:39Z,NA,60180,Inexigibilidade,Não se aplica,3,Ato que autoriza a Contratação Direta,1,Divulgada no PNCP,Governançabrasil Tecnologia e Gestão em Serviços,https://pncp.gov.br/api/pncp/v1/orgaos/01336261000140/compras/2024/440
12,2024,20241201,20241231,6,30,50,endpoint 9662 de 11401,6,FALSE,2024,118,NA,NA,NA,NA,87711503000153,MUNICIPIO DE RONDA ALTA,N,M,2024-12-02T16:22:20Z,2024-12-02T16:22:20Z,2024-12-02T16:22:20Z,Pregão Lei 14.133 Eletronico 17,Rio Grande do Sul,1,MUNICÍPIO DE RONDA ALTA,RS,Ronda Alta,4316105,1,pregão: modalidade de licitação obrigatória para aquisição de bens e serviços comuns,"Lei 14.133/2021, Art. 28, I",2024-05-16T08:30:00Z,2024-05-16T08:30:00Z,NA,82,"Aquisição de 01 (um) veículo automotor SEDAN novo (zero km) com 05 (cinco lugares) na cor branca, conforme especificações e condições constantes no Projeto Básico/Termo de Referência – Anexo I, deste Edital.",NA,NA,NA,NA,NA,NA,NA,NA,101350,1,87711503000153-1-000118/2024,2024-12-02T16:22:19Z,NA,99916,Pregão - Eletrônico,Aberto,1,Edital,1,Divulgada no PNCP,Tchê Informática Ltda,https://pncp.gov.br/api/pncp/v1/orgaos/87711503000153/compras/2024/118
10,2024,20241001,20241031,8,184,50,endpoint 5940 de 11401,8,FALSE,2024,43,NA,NA,NA,NA,17254509000163,CONSELHO REGIONAL DE ENGENHARIA E AGRONOMIA DE MINAS GERAIS,E,F,2024-10-04T09:46:19Z,2024-10-04T09:46:19Z,2024-10-04T09:46:19Z,90018,Minas Gerais,389089,CONSELHO REG. DE ENG. AGRONOMIA DE MG,MG,Belo Horizonte,3106200,19,"Dispensa de Licitação: para contratação que envolva valores inferiores a R$ 50.000,00 (cinquenta mil reais), no caso de outros serviços e compras","Lei 14.133/2021, Art. 75, II",2024-10-04T09:46:18Z,2024-10-10T07:59:59Z,Eficiência e celeridade.,0048/2024,Aquisição de crachás e carteirinhas de identificação.,NA,NA,NA,NA,NA,NA,NA,NA,27960,4,17254509000163-1-000043/2024,NA,NA,28560,Dispensa,Dispensa Com Disputa,2,Aviso de Contratação Direta,1,Divulgada no PNCP,Compras.gov.br,https://pncp.gov.br/api/pncp/v1/orgaos/17254509000163/compras/2024/43
8,2024,20240801,20240831,9,197,50,endpoint 2466 de 11401,9,FALSE,2024,275,NA,NA,NA,NA,77857183000190,MUNICIPIO DE GUAIRA,N,M,2024-08-16T09:35:27Z,2024-08-16T09:35:27Z,2024-08-16T09:35:27Z,PRI 60,Paraná,09001,Fundo Municipal de Saude,PR,Guaíra,4108809,50,Inexigibilidade de Licitação: Todas as formas de inexigibilidade não previstas no art. 74,"Lei 14.133/2021, Art. 74, caput",NA,NA,NA,289/2024,"REPASSE, pelo CONTRATANTE, referente ao Incremento Temporário ao Custeio dos Serviços de Assistência Hospitalar e Ambulatorial para Cumprimento das Metas Nacional - MAC, garantindo o acesso aos serviços de assistência hospitalar à população da área de abrangência, respeitando critérios da pactuação ambulatorial e hospitalar, de acordo com a legislações vigentes.",NA,NA,NA,NA,NA,NA,NA,NA,1047780,5,77857183000190-1-000275/2024,NA,NA,1047780,Inexigibilidade,Não se aplica,3,Ato que autoriza a Contratação Direta,1,Divulgada no PNCP,IPM Sistemas,https://pncp.gov.br/api/pncp/v1/orgaos/77857183000190/compras/2024/275
10,2024,20241001,20241031,8,837,50,endpoint 6593 de 11401,8,FALSE,2024,16,NA,NA,NA,NA,19649853000187,INSTITUTO DE PREVIDENCIA SOCIAL DO MUNICIPIO DE GOIANINHA - IPREVGOIANINHA,E,M,2024-10-21T14:05:23Z,2024-10-21T14:05:23Z,2024-10-25T11:51:42Z,12,Rio Grande do Norte,19649853000187,Instituto de Prev.Social Munic.de Goianinha,RN,Goianinha,2404200,19,"Dispensa de Licitação: para contratação que envolva valores inferiores a R$ 50.000,00 (cinquenta mil reais), no caso de outros serviços e compras","Lei 14.133/2021, Art. 75, II",2024-10-22T08:00:00Z,2024-10-24T14:00:00Z,NA,16,"Aquisição de passagens aéreas para 03 pessoas, ida e volta, conforme características abaixo para 03 servidores participar do 12º Congresso Brasileiro de Conselheiros de RPPS, que se realizará nos dias 06 a 08 de novembro do corrente ano.",NA,NA,NA,NA,NA,NA,NA,NA,4647,4,19649853000187-1-000016/2024,NA,NA,5677.98,Dispensa,Dispensa Com Disputa,2,Aviso de Contratação Direta,1,Divulgada no PNCP,TOP DOWN CONSULTORIA LTDA,https://pncp.gov.br/api/pncp/v1/orgaos/19649853000187/compras/2024/16
12,2024,20241201,20241231,6,33,50,endpoint 9665 de 11401,6,FALSE,2024,294,NA,NA,NA,NA,24039073000155,FUNDACAO ESTATAL DE ATENCAO EM SAUDE DO ESTADO DO PARANA - FUNEAS-PARANA,E,E,2024-12-02T17:34:21Z,2024-12-02T17:34:21Z,2024-12-02T17:34:21Z,PR111,Paraná,1,FUNDAÇÃO ESTATAL DE ATENÇÃO EM SAÚDE DO PARANÁ – FUNEAS CURITIBA PR,PR,Curitiba,4106902,1,pregão: modalidade de licitação obrigatória para aquisição de bens e serviços comuns,"Lei 14.133/2021, Art. 28, I",2024-12-02T17:50:00Z,2024-12-17T13:30:00Z,NA,22.484.890-0,A presente licitação te como objeto a prestação de serviços de controle de pragas e vetores para atender à demanda do Hospital Infantil Waldemar Monastier (HIWM) pelo período de 12 (doze) meses.,https://bllcompras.com/Process/ProcessView?param1=[gkz]DqORedP7AsH4DU99gJQjxMa/AuJReneEU3sWgC14S/VLkXg1jX_EDbfPXq6X5RvzMLtQ6Gr0xFjyrQ/YE9fK1xvSInqFr4K1fLyl8NijxG8=,NA,NA,NA,NA,NA,NA,NA,NA,1,24039073000155-1-000294/2024,2024-12-02T17:34:20Z,NA,409200,Pregão - Eletrônico,Aberto,1,Edital,1,Divulgada no PNCP,BLL Compras,https://pncp.gov.br/api/pncp/v1/orgaos/24039073000155/compras/2024/294
9,2024,20240901,20240930,9,295,50,endpoint 4945 de 11401,9,FALSE,2024,88,NA,NA,NA,NA,09188376000146,DEPARTAMENTO ESTADUAL DE TRANSITO,E,E,2024-09-30T08:49:19Z,2024-09-30T08:49:19Z,2024-10-02T13:47:06Z,26201-060,Paraíba,26201,DEPARTAMENTO ESTADUAL DE TRÂNSITO DO ESTADO DA PARAÍBA,PB,João Pessoa,2507507,16,Inexigibilidade de Licitação: objetos que devam ou possam ser contratados por meio de credenciamento,"Lei 14.133/2021, Art. 74, IV",NA,NA,CREDENCIAMENTO VISTORIA VEICULAR - FRANCE VISTORIAS - JOAO PESSOA,26.201.035475.2024,CREDENCIAMENTO VISTORIA VEICULAR - FRANCE VISTORIAS - JOAO PESSOA,https://www.centraldecompras.pb.gov.br/appls/sgc/edital.nsf/Web?OpenAgent&pageClassName=EditalPage&action=abrir&unid=70697F4B1175E0E003258BA5004E476A,NA,NA,NA,NA,NA,NA,NA,0.01,5,09188376000146-1-000088/2024,NA,NA,0.01,Inexigibilidade,Não se aplica,3,Ato que autoriza a Contratação Direta,1,Divulgada no PNCP,Central de Compras da Paraíba/PB,https://pncp.gov.br/api/pncp/v1/orgaos/09188376000146/compras/2024/88
10,2024,20241001,20241031,8,279,50,endpoint 6035 de 11401,8,FALSE,2025,29,NA,NA,NA,NA,18338178000102,MUNICIPIO DE JUIZ DE FORA,N,M,2024-10-07T16:39:35Z,2024-10-07T16:39:35Z,2024-10-14T14:57:11Z,42,Minas Gerais,984733,PREFEITURA MUNICIPAL DE JUIZ DE FORA - MG,MG,Juiz de Fora,3136702,38,"Dispensa de Licitação: nos casos de emergência ou de calamidade pública, quando caracterizada urgência de atendimento de situação que possa ocasionar prejuízo ou comprometer a continuidade dos serviços públicos ou a segurança de pessoas, obras, serviços, equipamentos e outros bens, públicos ou particulares, e somente para aquisição dos bens necessários ao atendimento da situação emergencial ou calamitosa e para as parcelas de obras e serviços que possam ser concluídas no prazo máximo de 1 (um) ano, contado da data de ocorrência da emergência ou da calamidade, vedadas a prorrogação dos respectivos contratos e a recontratação de empresa já contratada com base no disposto neste inciso","Lei 14.133/2021, Art. 75, VIII",NA,NA,Cumpre salientar que o processo foi encaminhado a esta Agente de Contratação apenas para dar publicidade no Portal Nacional de Compras Públicas (PNCP). Informo que os itens e suas descrições estão relacionados no TR em anexo a este sistema.,11.668/2024,"Dispensa nº 078/2024. Proc. Administrativo 11.668/2024. Aquisição de Medicamento ANTINEOPLÁSICO para o Tratamento de Mieloma Múltiplo para atender a paciente MARIA DE OLIVEIRA BORGES HERMISDORF nos autos do processo nº 6005125-41.2024.4.06.3801, amparada exclusivamente por ordem judicial.",NA,NA,NA,NA,NA,NA,NA,NA,192786.84,5,18338178000102-1-000029/2025,NA,NA,192786.84,Dispensa,Não se aplica,3,Ato que autoriza a Contratação Direta,1,Divulgada no PNCP,Compras.gov.br,https://pncp.gov.br/api/pncp/v1/orgaos/18338178000102/compras/2025/29
11,2024,20241101,20241130,8,663,50,endpoint 8779 de 11401,8,FALSE,2025,14,NA,NA,NA,NA,48031918000124,UNIVERSIDADE ESTADUAL PAULISTA JULIO DE MESQUITA FILHO,E,E,2024-11-19T11:20:52Z,2024-11-19T11:20:52Z,2024-11-19T11:20:52Z,150,São Paulo,102306,ESP-UNESP-INSTITUTO DE QUIMICA-C. ARARAQUARA,SP,Araraquara,3503208,18,"Dispensa de Licitação: para contratação que envolva valores inferiores a R$ 100.000,00 (cem mil reais), no caso de obras e serviços de engenharia ou de serviços de manutenção de veículos automotores","Lei 14.133/2021, Art. 75, I",NA,NA,NA,457/2024,Serviços de alvenaria e reforma para sala colaborativa do IQAr,NA,NA,NA,NA,NA,NA,NA,NA,119800,5,48031918000124-1-000014/2025,2024-11-19T11:20:51Z,NA,119800,Dispensa,Não se aplica,3,Ato que autoriza a Contratação Direta,1,Divulgada no PNCP,Compras.gov.br,https://pncp.gov.br/api/pncp/v1/orgaos/48031918000124/compras/2025/14
8,2024,20240801,20240831,8,395,50,endpoint 1225 de 11401,8,FALSE,2024,304,NA,NA,NA,NA,18677591000100,MUNICIPIO DE EXTREMA,N,M,2024-08-09T16:35:49Z,2024-08-09T16:35:49Z,2024-08-09T16:35:49Z,000086,Minas Gerais,18677591000100-001,Prefeitura Municipal de Extrema,MG,Extrema,3125101,19,"Dispensa de Licitação: para contratação que envolva valores inferiores a R$ 50.000,00 (cinquenta mil reais), no caso de outros serviços e compras","Lei 14.133/2021, Art. 75, II",NA,NA,"7.1. A fundamentação para a compra de coletes para a Defesa Civil pode ser baseada em vários aspectos relacionados à segurança, eficiência e conformidade com a legislação. Aqui estão alguns postos-chave que podem ser considerados:Visibilidade: Coletes refletivos aumentam a visibilidade dos agentes, especialmente em condições de baixa luminosidade ou em emergênciasIdentificação: Coletes personalizados com logotipos ou identificações da Defesa Civil ajudam na rápida identificação dos agentes por parte da população e outros profissionais de emergência.Mobilidade: Coletes projetados para uso em emergências permitem que os agentes se movam livremente e realizem suas tarefas com maior eficiência.Equipamento Integrado: Muitos coletes possuem bolsos e suportes para carregar equipamentos essenciais, facilitando o acesso rápido a ferramentas e suprimentos.Normas e Regulamentações: A aquisição de coletes pode estar alinhada com normas e regulamentações de segurança do trabalho e defesa civil, como as estabelecidas pelo Ministério do Trabalho e Emprego e outras autoridades competentes.Esses pontos ajudam a construir uma argumentação sólida para a compra de coletes para a Defesa Civil, destacando a importância da segurança, eficiência operacional, conformidade legal e justificativa econômica.",000241/2024,AQUISIÇÃO DE COLETES PARA DEFESA CIVIL,NA,Conforme Processo,NA,NA,NA,NA,NA,NA,48000,5,18677591000100-1-000304/2024,NA,NA,48000,Dispensa,Não se aplica,3,Ato que autoriza a Contratação Direta,1,Divulgada no PNCP,E & L PRODUCOES DE SOFTWARE LTDA,https://pncp.gov.br/api/pncp/v1/orgaos/18677591000100/compras/2024/304
12,2024,20241201,20241231,6,465,50,endpoint 10097 de 11401,6,FALSE,2024,80,NA,NA,NA,NA,22256879000170,CONSELHO REGIONAL DE MEDICINA DO ESTADO DE MINAS GERAIS,E,F,2024-12-30T07:00:56Z,2024-12-30T07:00:56Z,2025-01-21T08:05:47Z,90035,Minas Gerais,389172,CONSELHO REGIONAL DE MEDICINA - MG,MG,Belo Horizonte,3106200,1,pregão: modalidade de licitação obrigatória para aquisição de bens e serviços comuns,"Lei 14.133/2021, Art. 28, I",2024-12-30T08:00:00Z,2025-01-20T14:01:00Z,Para as respostas de esclarecimentos e impugnações deste edital acesse o link: https://cnetmobile.estaleiro.serpro.gov.br/comprasnet-web/public/landing?destino=quadro-informativo&compra=38917205900352024,24.13.000009192-7,"Contratação de serviços de clipping, por meio de pesquisa, coleta e digitalização  diária de notícias do interesse do CRM-MG publicadas e veiculadas na mídia; nos termos  da tabela abaixo, conforme condições e exigências estabelecidas neste instrumento.",https://cnetmobile.estaleiro.serpro.gov.br/comprasnet-web/public/landing?destino=acompanhamento-compra&compra=38917205900352024,NA,NA,NA,NA,NA,NA,NA,NA,1,22256879000170-1-000080/2024,2025-01-21T08:05:47Z,NA,30000,Pregão - Eletrônico,Aberto,1,Edital,4,Suspensa,Compras.gov.br,https://pncp.gov.br/api/pncp/v1/orgaos/22256879000170/compras/2024/80
12,2024,20241201,20241231,8,622,50,endpoint 10747 de 11401,8,FALSE,2024,5000,NA,NA,NA,NA,45709920000111,MUNICIPIO DE BEBEDOURO,N,M,2024-12-16T14:54:35Z,2024-12-16T14:54:35Z,2024-12-16T14:54:35Z,04869,São Paulo,1,Prefeitura Municipal de Bebedouro,SP,Bebedouro,3506102,19,"Dispensa de Licitação: para contratação que envolva valores inferiores a R$ 50.000,00 (cinquenta mil reais), no caso de outros serviços e compras","Lei 14.133/2021, Art. 75, II",NA,NA,NA,S04869,"SERVICOS DE MANUTENCAO EM MAQUINAS, EQUI PAMENTOS E VEICULOS EM GERAL",NA,CONFORME JUSTIFICATIVA INTERNA!,NA,NA,NA,NA,NA,NA,1060,5,45709920000111-1-005000/2024,2024-12-16T14:54:33Z,NA,1060,Dispensa,Não se aplica,3,Ato que autoriza a Contratação Direta,1,Divulgada no PNCP,CONAM Consultoria em Administração Municipal,https://pncp.gov.br/api/pncp/v1/orgaos/45709920000111/compras/2024/5000
8,2024,20240801,20240831,8,786,50,endpoint 1616 de 11401,8,FALSE,2024,12687,NA,NA,NA,NA,07954480000179,ESTADO DO CEARA,N,E,2024-08-20T07:49:22Z,2024-08-20T07:49:22Z,2024-08-20T07:49:22Z,202419617,Ceará,228458,EEEP PROFESSORA MARIA CÉLIA PINHEIRO FALCÃO,CE,Pereiro,2310803,19,"Dispensa de Licitação: para contratação que envolva valores inferiores a R$ 50.000,00 (cinquenta mil reais), no caso de outros serviços e compras","Lei 14.133/2021, Art. 75, II",2024-08-20T12:00:00Z,2024-08-26T08:00:00Z,Material de consumo - Material de proteção e segurança.,22001092086202405,Material de consumo - Material de proteção e segurança.,NA,Forma de aquisição não presencial,NA,NA,NA,NA,NA,NA,NA,4,07954480000179-1-012687/2024,NA,NA,6512.96,Dispensa,Dispensa Com Disputa,2,Aviso de Contratação Direta,1,Divulgada no PNCP,Secretaria do Planejamento e Gestão do Ceará,https://pncp.gov.br/api/pncp/v1/orgaos/07954480000179/compras/2024/12687
10,2024,20241001,20241031,8,479,50,endpoint 6235 de 11401,8,FALSE,2024,480,NA,NA,NA,NA,78640489000153,UNIVERSIDADE ESTADUAL DE LONDRINA,E,E,2024-10-11T11:10:11Z,2024-10-11T11:10:11Z,2024-10-11T11:10:11Z,42341,Paraná,28,UEL - Universidade Estadual de Londrina,PR,Londrina,4113700,38,"Dispensa de Licitação: nos casos de emergência ou de calamidade pública, quando caracterizada urgência de atendimento de situação que possa ocasionar prejuízo ou comprometer a continuidade dos serviços públicos ou a segurança de pessoas, obras, serviços, equipamentos e outros bens, públicos ou particulares, e somente para aquisição dos bens necessários ao atendimento da situação emergencial ou calamitosa e para as parcelas de obras e serviços que possam ser concluídas no prazo máximo de 1 (um) ano, contado da data de ocorrência da emergência ou da calamidade, vedadas a prorrogação dos respectivos contratos e a recontratação de empresa já contratada com base no disposto neste inciso","Lei 14.133/2021, Art. 75, VIII",NA,NA,NA,42341/2024,AQUISIÇÃO DE MEDICAMENTOS DIVERSOS PARA ATENDER O HOSPITAL UNIVERSITÁRIO DE LONDRINA.,http://www.transparencia.pr.gov.br/,NA,NA,NA,NA,NA,NA,NA,1976.4,5,78640489000153-1-000480/2024,NA,NA,1976.4,Dispensa,Não se aplica,3,Ato que autoriza a Contratação Direta,1,Divulgada no PNCP,Secretaria de Estado da Administração e da Previdência do Estado do Paraná - SEAP-PR,https://pncp.gov.br/api/pncp/v1/orgaos/78640489000153/compras/2024/480
11,2024,20241101,20241130,8,244,50,endpoint 8360 de 11401,8,FALSE,2024,16,11022597000353,FUNDACAO UNIVERSIDADE DE PERNAMBUCO,E,E,11022597000353,FUNDACAO UNIVERSIDADE DE PERNAMBUCO,E,E,2024-11-07T12:45:48Z,2024-11-07T12:45:48Z,2024-11-18T10:42:18Z,3180,Pernambuco,5741,[P]-FACULDADE DE ODONTOLOGIA DE PERNAMBUCO,PE,Camaragibe,2603454,19,"Dispensa de Licitação: para contratação que envolva valores inferiores a R$ 50.000,00 (cinquenta mil reais), no caso de outros serviços e compras","Lei 14.133/2021, Art. 75, II",2024-11-07T12:00:00Z,2024-11-13T10:00:00Z,NA,3180.2024.CCD.DL.0016.FOP-UPE,INSTALAÇÃO DE AR- CONDICIONADO - Contratação direta 14133,https://www.peintegrado.pe.gov.br/,NA,Pernambuco,5741,[P]-FACULDADE DE ODONTOLOGIA DE PERNAMBUCO,PE,Camaragibe,2603454,34649.23,4,11022597000353-1-000016/2024,NA,NA,52864.87,Dispensa,Dispensa Com Disputa,2,Aviso de Contratação Direta,1,Divulgada no PNCP,Secretaria de Administração do Estado de Pernambuco,https://pncp.gov.br/api/pncp/v1/orgaos/11022597000353/compras/2024/16
12,2024,20241201,20241231,8,266,50,endpoint 10391 de 11401,8,FALSE,2025,213,NA,NA,NA,NA,00394502000144,COMANDO DA MARINHA,E,F,2024-12-06T11:48:40Z,2024-12-06T11:48:40Z,2024-12-06T11:48:40Z,2,Rio Grande do Sul,785510,SERVICO DE SINALIZACAO NAUTICA DO SUL/RS,RS,Porto Alegre,4314902,158,"Dispensa de Licitação: aquisição de bens, a contratação de obras e de serviços, inclusive de engenharia, observado o disposto no Capítulo III.","Lei 14.981/2024,  art. 2º, I (Calamidade pública)",NA,NA,"A contratação sem disputa está sendo realizada em decorrência do fracasso do Processo nº 90024/2024, em que não foi possível obter propostas válidas para atender à necessidade.",63101.001076/2024-10,Contratação de empresa especializada para serviço de reparo geral do guindaste do Aviso Balizador “Rigel” em reparo a avaria ocorrida no contexto da Operação Taquari II,NA,NA,NA,NA,NA,NA,NA,NA,182300,5,00394502000144-1-000213/2025,2024-12-06T11:48:39Z,NA,182300,Dispensa,Não se aplica,3,Ato que autoriza a Contratação Direta,1,Divulgada no PNCP,Compras.gov.br,https://pncp.gov.br/api/pncp/v1/orgaos/00394502000144/compras/2025/213
10,2024,20241001,20241031,9,215,50,endpoint 7272 de 11401,9,FALSE,2024,19449,NA,NA,NA,NA,00394452000103,COMANDO DO EXERCITO,E,F,2024-10-22T16:43:09Z,2024-10-22T16:43:09Z,2024-10-23T10:07:26Z,4,Rio de Janeiro,160242,BASE ADMINISTRATIVA DO COMPLEXO DE SAÚDE RJ,RJ,Rio de Janeiro,3304557,6,"Inexigibilidade de Licitação: aquisição de materiais, de equipamentos ou de gêneros ou contratação de serviços que só possam ser fornecidos por produtor, empresa ou representante comercial exclusivos","Lei 14.133/2021, Art. 74, I",NA,NA,NA,01/2024,Aquisição de equipamentos médicos (Monitor de Glicose).,NA,NA,NA,NA,NA,NA,NA,NA,54186,5,00394452000103-1-019449/2024,NA,NA,0,Inexigibilidade,Não se aplica,3,Ato que autoriza a Contratação Direta,2,Revogada,Compras.gov.br,https://pncp.gov.br/api/pncp/v1/orgaos/00394452000103/compras/2024/19449
8,2024,20240801,20240831,6,515,50,endpoint 613 de 11401,6,FALSE,2024,169,NA,NA,NA,NA,46634457000159,MUNICIPIO DE PIEDADE,N,M,2024-08-23T08:35:47Z,2024-08-23T08:35:47Z,2025-01-08T16:09:58Z,042,São Paulo,1,PREFEITURA MUNICIPAL DE PIEDADE - SP,SP,Piedade,3537800,1,pregão: modalidade de licitação obrigatória para aquisição de bens e serviços comuns,"Lei 14.133/2021, Art. 28, I",2024-09-04T11:00:00Z,2024-09-16T09:20:00Z,NA,5112/2024,"AQUISIÇÃO DE 01 (UM) VEÍCULO ""SUV"", PARA ATENDER A DEMANDA DA GUARDA MUNICIPAL, ATRAVÉS DE TRANSFERÊNCIA ESPECIAL POR INTERMÉDIO DO GOVERNO FEDERAL - DEP. DELEGADO PALUMBO, NOS TERMOS DA EMENDA 2024.434.90014, CONFORME CONDIÇÕES E EXIGÊNCIAS ESTABELECIDAS NESTE INSTRUMENTO.",https://bllcompras.com/Process/ProcessView?param1=[gkz]Q/IwKDCmVZGe7CIM4wn31CtYSqXMl0x1mxLsIHZDXBFtOu7BcTBPJZLCvFX4h0ZGLT8seHe/Gu_WnJErrxFN9oUO/vAAmKwiqCXn_eixMjI=,NA,NA,NA,NA,NA,NA,NA,198300,3,46634457000159-1-000169/2024,2025-01-08T16:10:01Z,NA,218556.67,Pregão - Eletrônico,Aberto-Fechado,1,Edital,1,Divulgada no PNCP,BLL Compras,https://pncp.gov.br/api/pncp/v1/orgaos/46634457000159/compras/2024/169
9,2024,20240901,20240930,6,48,50,endpoint 2794 de 11401,6,TRUE,2024,95,NA,NA,NA,NA,95640124000148,MUNICIPIO DE FAROL,N,M,2024-09-03T11:31:00Z,2024-09-03T11:31:00Z,2024-09-03T11:31:00Z,71,Paraná,1,PREFEITURA MUNICIPAL DE FAROL - PR,PR,Farol,4107553,1,pregão: modalidade de licitação obrigatória para aquisição de bens e serviços comuns,"Lei 14.133/2021, Art. 28, I",2024-09-04T08:00:00Z,2024-09-16T08:55:00Z,NA,133/2024,"FORNECIMENTO DE PAVIMENTO INTERTRAVADO DE CONCRETO - PAVER - RETANGULAR, MEIO-FIO EM CONCRETO, BLOCO DE VEDAÇÃO E COBOG",https://bllcompras.com/Process/ProcessView?param1=[gkz]NVfcact/0OVhh3mnQwGS6TSEfUMS0R/wNzbWVf6lEXmulb08ZvSGYPkptx3hW54s0gUaoz38k7PMsyqiaHu2bjjEDU/V41dLnMI_tqQouvk=,NA,NA,NA,NA,NA,NA,NA,NA,3,95640124000148-1-000095/2024,NA,NA,295110,Pregão - Eletrônico,Aberto-Fechado,1,Edital,1,Divulgada no PNCP,BLL Compras,https://pncp.gov.br/api/pncp/v1/orgaos/95640124000148/compras/2024/95
10,2024,20241001,20241031,8,413,50,endpoint 6169 de 11401,8,FALSE,2024,6416,NA,NA,NA,NA,05816630000152,FUNDO ESTADUAL DE SAUDE DO ESTADO DA BAHIA,E,E,2024-10-10T09:24:44Z,2024-10-10T09:24:44Z,2024-10-10T09:24:44Z,PCE1900420240309,Bahia,19004,FUNDO ESTADUAL DE SAUDE - DIRETORIA GERAL,BA,Salvador,2927408,19,"Dispensa de Licitação: para contratação que envolva valores inferiores a R$ 50.000,00 (cinquenta mil reais), no caso de outros serviços e compras","Lei 14.133/2021, Art. 75, II",2024-10-16T14:30:00Z,2024-10-16T16:30:00Z,NA,019132252024017536417,TUBO DE 40 MM E 75 MM PARA ÁGUA FRIA E 75 MM PARA ESGOTO,NA,NA,NA,NA,NA,NA,NA,NA,NA,4,05816630000152-1-006416/2024,NA,NA,145.96,Dispensa,Dispensa Com Disputa,2,Aviso de Contratação Direta,1,Divulgada no PNCP,BAHIA SECRETARIA DA ADMINISTRACAO,https://pncp.gov.br/api/pncp/v1/orgaos/05816630000152/compras/2024/6416
9,2024,20240901,20240930,8,656,50,endpoint 4070 de 11401,8,FALSE,2024,258,NA,NA,NA,NA,11633598000172,FUNDO MUNICIPAL DE SAUDE DE BARRO ALTO,E,M,2024-09-17T09:54:59Z,2024-09-17T09:54:59Z,2024-09-17T09:54:59Z,(17958) | 7878-0,Goiás,7,BARRO ALTO - FUNDO MUNICIPAL DE SAUDE,GO,Barro Alto,5203203,19,"Dispensa de Licitação: para contratação que envolva valores inferiores a R$ 50.000,00 (cinquenta mil reais), no caso de outros serviços e compras","Lei 14.133/2021, Art. 75, II",NA,NA,NA,7878/2024,"PRESTAÇÃO DE SERVIÇOS EM FORNECIMENTO DE INTERNET PARA ATENDER AS NECESSIDADES DO POSTO DO DISTRITO DE SOUZALANDIA, PARA SERVIÇOS ADMINISTRATIVOS, REFERENTE AO MES DE JULHO DE 2024.",NA,NA,NA,NA,NA,NA,NA,NA,128.33,5,11633598000172-1-000258/2024,NA,NA,128.33,Dispensa,Não se aplica,3,Ato que autoriza a Contratação Direta,1,Divulgada no PNCP,Megasoft Informática,https://pncp.gov.br/api/pncp/v1/orgaos/11633598000172/compras/2024/258
11,2024,20241101,20241130,8,8,50,endpoint 8124 de 11401,8,FALSE,2024,3776,NA,NA,NA,NA,46223699000150,MUNICIPIO DE PIRAJU,N,M,2024-11-01T09:29:14Z,2024-11-01T09:29:14Z,2024-11-01T09:29:14Z,43406,São Paulo,3,PREF MUN DA ESTANCIA TURISTICA DE PIRAJU,SP,Piraju,3538808,19,"Dispensa de Licitação: para contratação que envolva valores inferiores a R$ 50.000,00 (cinquenta mil reais), no caso de outros serviços e compras","Lei 14.133/2021, Art. 75, II",NA,NA,NA,43406/2024,TRANSPORTE DE PACIENTES PARA OUTROS MUNICIPIOS DO DEPARTAMENTO DE SAUDE.,http://pncpmap.jelastic.saveincloud.net,NA,NA,NA,NA,NA,NA,NA,1728.93,5,46223699000150-1-003776/2024,NA,NA,1728.93,Dispensa,Não se aplica,3,Ato que autoriza a Contratação Direta,1,Divulgada no PNCP,GEMMAP SISTEMAS LTDA EPP,https://pncp.gov.br/api/pncp/v1/orgaos/46223699000150/compras/2024/3776
11,2024,20241101,20241130,8,232,50,endpoint 8348 de 11401,8,FALSE,2024,175,NA,NA,NA,NA,02296325000199,MUNICIPIO DE BRITANIA,N,M,2024-11-07T10:30:53Z,2024-11-07T10:30:53Z,2024-11-07T10:30:53Z,(7680) | 550-0,Goiás,3,MUNICIPIO DE BRITANIA,GO,Britânia,5203807,19,"Dispensa de Licitação: para contratação que envolva valores inferiores a R$ 50.000,00 (cinquenta mil reais), no caso de outros serviços e compras","Lei 14.133/2021, Art. 75, II",NA,NA,NA,7954/2024,SOLICITAÇÃO DE COMPRA DE AR CONDICIONADO E VENTILADORES DE PAREDE PARA SEREM INSTALADOS NO CMEI GABRIEL MARCHESI. PARA MANUTENÇÃO DA SECRETARIA MUNICIPAL DE EDUCAÇÃO.,NA,NA,NA,NA,NA,NA,NA,NA,4891.95,5,02296325000199-1-000175/2024,NA,NA,5412.65,Dispensa,Não se aplica,3,Ato que autoriza a Contratação Direta,1,Divulgada no PNCP,Megasoft Informática,https://pncp.gov.br/api/pncp/v1/orgaos/02296325000199/compras/2024/175
12,2024,20241201,20241231,8,464,50,endpoint 10589 de 11401,8,FALSE,2024,2618,NA,NA,NA,NA,83102459000123,MUNICIPIO DE JARAGUA DO SUL,N,M,2024-12-12T07:33:35Z,2024-12-12T07:33:35Z,2024-12-12T07:33:35Z,28292,Santa Catarina,31408,Prefeitura Municipal de Jaraguá do Sul,SC,Jaraguá do Sul,4208906,19,"Dispensa de Licitação: para contratação que envolva valores inferiores a R$ 50.000,00 (cinquenta mil reais), no caso de outros serviços e compras","Lei 14.133/2021, Art. 75, II",NA,NA,NA,28292,"CONTRATAÇÃO DA BANDA XODÓ NACIONAL (KAUÃ E KAUÊ) ATRAVÉS DA AMUSPE - ASSOCIAÇÃO DOS MÚSICOS PROFISSIONAIS DE POMERODE. A APRESENTAÇÃO ACONTECERÁ NO DIA 09 DE DEZEMBRO DE 2024, COM ÍNICIO ÀS 13:30 HORAS E TÉRMINO PREVISTO PARA ÀS 17 HORAS, COM  3 HORAS E 30 MINUTOS DE DURAÇÃO, DURANTE O EVENTO DE ENCERRAMENTO DAS OFICINAS DO CENTRO DE CONVIVÊNCIA ARNOLDO LEONARDO SCHMITT QUE ACONTECERÁ NAS DEPENDÊNCIAS DO CENTRO DE CONVIVÊNCIA ARNOLDO LEONARDO SCHMITT.",NA,NA,NA,NA,NA,NA,NA,NA,5500,5,83102459000123-1-002618/2024,2024-12-12T07:33:33Z,NA,5500,Dispensa,Não se aplica,3,Ato que autoriza a Contratação Direta,1,Divulgada no PNCP,Betha Sistemas,https://pncp.gov.br/api/pncp/v1/orgaos/83102459000123/compras/2024/2618
11,2024,20241101,20241130,8,784,50,endpoint 8900 de 11401,8,FALSE,2024,1281,NA,NA,NA,NA,16695025000197,POLICIA MILITAR DO ESTADO DE MINAS GERAIS,E,E,2024-11-22T09:45:49Z,2024-11-22T09:45:49Z,2024-11-22T09:45:49Z,62,Minas Gerais,1259970,EM15RPM/15 RPM,MG,Teófilo Otoni,3168606,19,"Dispensa de Licitação: para contratação que envolva valores inferiores a R$ 50.000,00 (cinquenta mil reais), no caso de outros serviços e compras","Lei 14.133/2021, Art. 75, II",2024-11-22T09:45:48Z,2024-11-29T08:00:04Z,NA,1259970 000062/2024,"Aquisição de ar condicionado, viabilizada por recursos provenientes de transferência especial do Deputado Federal Júnio Amaral, destinada ao Destacamento da Polícia Militar de Santa.",https://www1.compras.mg.gov.br/n/procedimentolei14133/consulta/eletronico/visualizar/2024/62/1259970,NA,NA,NA,NA,NA,NA,NA,NA,4,16695025000197-1-001281/2024,2024-11-22T09:45:48Z,NA,6217.33,Dispensa,Dispensa Com Disputa,2,Aviso de Contratação Direta,1,Divulgada no PNCP,Portal de Compras do Estado de Minas Gerais,https://pncp.gov.br/api/pncp/v1/orgaos/16695025000197/compras/2024/1281
8,2024,20240801,20240831,8,80,50,endpoint 910 de 11401,8,FALSE,2024,808,NA,NA,NA,NA,87482535000124,MUNICIPIO DE DOM PEDRITO,N,M,2024-08-02T12:37:07Z,2024-08-02T12:37:07Z,2024-08-02T12:37:07Z,659 | Processo 807,Rio Grande do Sul,0000,PREFEITURA MUNICIPAL,RS,Dom Pedrito,4306601,18,"Dispensa de Licitação: para contratação que envolva valores inferiores a R$ 100.000,00 (cem mil reais), no caso de obras e serviços de engenharia ou de serviços de manutenção de veículos automotores","Lei 14.133/2021, Art. 75, I",NA,NA,NA,659,Mao de obra para manutencao da van placa JBV7B54.,NA,NA,NA,NA,NA,NA,NA,NA,1899,5,87482535000124-1-000808/2024,NA,NA,1899,Dispensa,Não se aplica,3,Ato que autoriza a Contratação Direta,1,Divulgada no PNCP,Governançabrasil Tecnologia e Gestão em Serviços,https://pncp.gov.br/api/pncp/v1/orgaos/87482535000124/compras/2024/808
8,2024,20240801,20240831,6,486,50,endpoint 584 de 11401,6,FALSE,2024,2390,NA,NA,NA,NA,46377800000127,SAO PAULO SECRETARIA DA SEGURANCA PUBLICA,E,E,2024-08-22T07:09:22Z,2024-08-22T07:09:22Z,2024-08-22T07:09:22Z,90020,São Paulo,180216,ESP-ADMINISTRACAO DA SUP,SP,São Paulo,3550308,1,pregão: modalidade de licitação obrigatória para aquisição de bens e serviços comuns,"Lei 14.133/2021, Art. 28, I",2024-08-22T08:00:00Z,2024-09-05T10:30:00Z,Para as respostas de esclarecimentos e impugnações deste edital acesse o link: https://cnetmobile.estaleiro.serpro.gov.br/comprasnet-web/public/landing?destino=quadro-informativo&compra=18021605900202024,060.00021430/2024,Serviço de Manutenção de Viaturas da frota da Supeerintendência da Polícia Técnico-Científica,https://cnetmobile.estaleiro.serpro.gov.br/comprasnet-web/public/landing?destino=acompanhamento-compra&compra=18021605900202024,NA,NA,NA,NA,NA,NA,NA,148826,3,46377800000127-1-002390/2024,NA,NA,352712.89,Pregão - Eletrônico,Aberto-Fechado,1,Edital,1,Divulgada no PNCP,Compras.gov.br,https://pncp.gov.br/api/pncp/v1/orgaos/46377800000127/compras/2024/2390
10,2024,20241001,20241031,8,95,50,endpoint 5851 de 11401,8,FALSE,2024,1985,NA,NA,NA,NA,63025530000104,UNIVERSIDADE DE SAO PAULO,E,E,2024-10-02T15:55:20Z,2024-10-02T15:55:20Z,2024-10-02T15:55:20Z,92034,São Paulo,102143,ESP-PREFEITURA DO CAMPUS USP DE RIB.PRETO-USP,SP,Ribeirão Preto,3543402,19,"Dispensa de Licitação: para contratação que envolva valores inferiores a R$ 50.000,00 (cinquenta mil reais), no caso de outros serviços e compras","Lei 14.133/2021, Art. 75, II",2024-10-02T15:55:18Z,2024-10-08T07:59:59Z,Valor dentro do limite para dispensa.,154.00003727/2024,"Serviço de produção cultural, OFICINA DE DANÇA.",NA,NA,NA,NA,NA,NA,NA,NA,10499.99,4,63025530000104-1-001985/2024,NA,NA,13633.33,Dispensa,Dispensa Com Disputa,2,Aviso de Contratação Direta,1,Divulgada no PNCP,Compras.gov.br,https://pncp.gov.br/api/pncp/v1/orgaos/63025530000104/compras/2024/1985
9,2024,20240901,20240930,9,294,50,endpoint 4944 de 11401,9,FALSE,2024,51,NA,NA,NA,NA,08810350000125,MUNICIPIO DE INGA,N,M,2024-09-30T07:59:29Z,2024-09-30T07:59:29Z,2024-09-30T07:59:29Z,9,Paraíba,1,PREFEITURA MUNICIPAL DE INGÁ,PB,Ingá,2506806,7,"Inexigibilidade de Licitação: contratação de profissional do setor artístico, diretamente ou por meio de empresário exclusivo, desde que consagrado pela crítica especializada ou pela opinião pública","Lei 14.133/2021, Art. 74, II",NA,NA,NA,240528IN00009,Contratação de profissional do setor artístico - Luka Bass - uma apresentação artística em praça pública - Festejos Juninos,NA,NA,NA,NA,NA,NA,NA,NA,50000,5,08810350000125-1-000051/2024,NA,NA,50000,Inexigibilidade,Não se aplica,3,Ato que autoriza a Contratação Direta,1,Divulgada no PNCP,Elmar Tecnologia,https://pncp.gov.br/api/pncp/v1/orgaos/08810350000125/compras/2024/51
8,2024,20240801,20240831,8,747,50,endpoint 1577 de 11401,8,FALSE,2024,1057,NA,NA,NA,NA,46634564000187,MUNICIPIO DE TATUI,N,M,2024-08-19T12:00:56Z,2024-08-19T12:00:56Z,2024-08-19T12:00:56Z,936,São Paulo,5.2024,SECRETARIA MUNIC DE SAÚDE,SP,Tatuí,3554003,19,"Dispensa de Licitação: para contratação que envolva valores inferiores a R$ 50.000,00 (cinquenta mil reais), no caso de outros serviços e compras","Lei 14.133/2021, Art. 75, II",NA,NA,SOLICITADO EM OFÍCIO Nº 115/2024 SAMU,50936/2024,SOLICITAÇÃO DE AQUISIÇÃO DE COMPRA/DISPENSA EM RAZÃO DO VALOR DE PEÇAS PARA MANUTENÇÃO DA VIATURA CGD-5009 BASE SAMU TATUI,NA,NA,NA,NA,NA,NA,NA,NA,1736,5,46634564000187-1-001057/2024,NA,NA,1799.67,Dispensa,Não se aplica,3,Ato que autoriza a Contratação Direta,1,Divulgada no PNCP,JL Alves Gestão,https://pncp.gov.br/api/pncp/v1/orgaos/46634564000187/compras/2024/1057
8,2024,20240801,20240831,6,244,50,endpoint 342 de 11401,6,TRUE,2024,56,NA,NA,NA,NA,12200333000143,MUNICIPIO DE SATUBA,N,M,2024-08-12T14:02:31Z,2024-08-12T14:02:31Z,2024-08-12T14:02:31Z,18,Alagoas,1,PREFEITURA MUNICIPAL DE SATUBA,AL,Satuba,2708907,1,pregão: modalidade de licitação obrigatória para aquisição de bens e serviços comuns,"Lei 14.133/2021, Art. 28, I",2024-08-12T17:00:00Z,2024-08-26T08:30:00Z,NA,2813/2014,"Registro de Preços para futura e eventual aquisição de Água mineral, destinados a atender as demandas setoriais das Secretarias Municipais do Poder Executivo do Município de Satuba/AL",https://bnccompras.com/Process/ProcessView?param1=[gkz]mMVUfCL8lPtFtXhEEZt1scJPwkW1XSpmKgHZNs7ymRbT7FFAEioGJCqmYASsnz0kHlhB19pBF4wrsQzJqfmCR1u8qRPsvjGaVToAfSO0ZC4=,NA,NA,NA,NA,NA,NA,NA,NA,1,12200333000143-1-000056/2024,NA,NA,90608,Pregão - Eletrônico,Aberto,1,Edital,1,Divulgada no PNCP,Bolsa Nacional De Compras - BNC,https://pncp.gov.br/api/pncp/v1/orgaos/12200333000143/compras/2024/56
10,2024,20241001,20241031,8,372,50,endpoint 6128 de 11401,8,FALSE,2024,908,NA,NA,NA,NA,17884412000134,MUNICIPIO DE ANDRADAS,N,M,2024-10-09T12:57:10Z,2024-10-09T12:57:10Z,2024-10-09T12:57:10Z,CD - 1426,Minas Gerais,020801,FUNDO MUNICIPAL DE SAUDE - RECURSO PRÓPRIO,MG,Andradas,3102605,19,"Dispensa de Licitação: para contratação que envolva valores inferiores a R$ 50.000,00 (cinquenta mil reais), no caso de outros serviços e compras","Lei 14.133/2021, Art. 75, II",NA,NA,NA,CD - 1426/2024,AQUISIÇÃO DE MEDICAMENTOS - MIOSAN 10 MG - DESTINADOS AOS USUARIOS DE SAUDE BASICA DO MUNICIPIO COM SENTENÇA JUDICIAL.,NA,NA,NA,NA,NA,NA,NA,NA,460.8,5,17884412000134-1-000908/2024,NA,NA,484.8,Dispensa,Não se aplica,3,Ato que autoriza a Contratação Direta,1,Divulgada no PNCP,GOVTEC SISTEMAS DE INFORMATICA LTDA,https://pncp.gov.br/api/pncp/v1/orgaos/17884412000134/compras/2024/908
9,2024,20240901,20240930,8,521,50,endpoint 3935 de 11401,8,FALSE,2024,102,NA,NA,NA,NA,87613006000112,MUNICIPIO DE CAIBATE,N,M,2024-09-12T15:51:10Z,2024-09-12T15:51:10Z,2024-09-12T19:35:21Z,94,Rio Grande do Sul,2,MUNICIPIO DE CAIBATE/RS,RS,Caibaté,4303301,19,"Dispensa de Licitação: para contratação que envolva valores inferiores a R$ 50.000,00 (cinquenta mil reais), no caso de outros serviços e compras","Lei 14.133/2021, Art. 75, II",NA,NA,NA,141,"Aquisição de refis para manutenção do filtro de agua dos bebedouros do ESF1, ESF2, Clinica Municipal de Fisioterapia e Secretaria de Saude",NA,NA,NA,NA,NA,NA,NA,NA,NA,5,87613006000112-1-000102/2024,NA,NA,1760,Dispensa,Não se aplica,3,Ato que autoriza a Contratação Direta,1,Divulgada no PNCP,Abase Sistemas,https://pncp.gov.br/api/pncp/v1/orgaos/87613006000112/compras/2024/102
12,2024,20241201,20241231,8,377,50,endpoint 10502 de 11401,8,FALSE,2024,406,NA,NA,NA,NA,46476131000140,MUNICIPIO DE PRESIDENTE VENCESLAU,N,M,2024-12-10T11:53:06Z,2024-12-10T11:53:06Z,2024-12-10T11:53:06Z,1214,São Paulo,2,Prefeitura Municipal de Presidente Venceslau,SP,Presidente Venceslau,3541505,21,Dispensa de Licitação: as propostas apresentadas consignaram preços manifestamente superiores aos praticados no mercado ou incompatíveis com os fixados pelos órgãos oficiais competentes,"Lei 14.133/2021, Art. 75, III, b",NA,NA,NA,1214,"DESPESA COM AQUISIÇÃO DE EQUIPAMENTO DE PROTEÇÃO E SEGURANÇA, ITENS DESERTOS/FRACASSADOS NO PREGÃO 47/2024",NA,Legisla..o: LEI FEDERAL-14133/2021 Inciso: 75-II,NA,NA,NA,NA,NA,NA,NA,5,46476131000140-1-000406/2024,2024-12-10T11:53:06Z,NA,4124.75,Dispensa,Não se aplica,3,Ato que autoriza a Contratação Direta,1,Divulgada no PNCP,Grupo Assessor,https://pncp.gov.br/api/pncp/v1/orgaos/46476131000140/compras/2024/406
8,2024,20240801,20240831,8,324,50,endpoint 1154 de 11401,8,FALSE,2024,11795,NA,NA,NA,NA,07954480000179,ESTADO DO CEARA,N,E,2024-08-08T15:10:12Z,2024-08-08T15:10:12Z,2024-08-08T15:10:12Z,202419352,Ceará,241291,HOSPITAL DR CARLOS ALBERTO STUDART GOMES - MESSEJANA,CE,Fortaleza,2304400,19,"Dispensa de Licitação: para contratação que envolva valores inferiores a R$ 50.000,00 (cinquenta mil reais), no caso de outros serviços e compras","Lei 14.133/2021, Art. 75, II",2024-08-08T15:15:00Z,2024-08-15T16:00:00Z,"NECESSIDADE DA AQUISIÇÃO, MATERIAL EM FALTA ALMOXARIFADO",24001055037202417,"AQUISIÇÃO DE APARELHO DE BARBEAR, PILHA ALCALINA AA, AAA THO.",NA,Forma de aquisição não presencial,NA,NA,NA,NA,NA,NA,NA,4,07954480000179-1-011795/2024,NA,NA,12438.35,Dispensa,Dispensa Com Disputa,2,Aviso de Contratação Direta,1,Divulgada no PNCP,Secretaria do Planejamento e Gestão do Ceará,https://pncp.gov.br/api/pncp/v1/orgaos/07954480000179/compras/2024/11795
9,2024,20240901,20240930,8,853,50,endpoint 4267 de 11401,8,FALSE,2024,269,NA,NA,NA,NA,18187815000197,MUNICIPIO DE BOM JESUS DA PENHA,N,M,2024-09-20T13:22:05Z,2024-09-20T13:22:05Z,2024-09-20T13:22:05Z,000061,Minas Gerais,18187815000197-001,PREFEITURA MUNICIPAL DE BOM J DA PENHA,MG,Bom Jesus da Penha,3107604,19,"Dispensa de Licitação: para contratação que envolva valores inferiores a R$ 50.000,00 (cinquenta mil reais), no caso de outros serviços e compras","Lei 14.133/2021, Art. 75, II",NA,NA,Justifica-se o presente procedimento a necessidade de garantir a segurança e a saúde dos funcionários responsáveis pela operação do aparelho de Raio-X no Pronto Atendimento do município de Bom Jesus da Penha/MG. O serviço em questão envolve a contratação,000226/2024,CONTRATAÇÃO DE EMPRESA ESPECIALIZADA EM SERVIÇO DE TESTE DE CONSTÂNCIA E QUALIDADE NO APARELHO DE RAIO X PARA ATENDER AS NECESSIDADES DA SECRETARIA MUNICIPAL DE SAÚDE DO MUNICÍPIO DE BOM JESUS DA PENHA/MG,NA,Conforme Processo,NA,NA,NA,NA,NA,NA,2490,5,18187815000197-1-000269/2024,NA,NA,2500,Dispensa,Não se aplica,3,Ato que autoriza a Contratação Direta,1,Divulgada no PNCP,E & L PRODUCOES DE SOFTWARE LTDA,https://pncp.gov.br/api/pncp/v1/orgaos/18187815000197/compras/2024/269
8,2024,20240801,20240831,8,218,50,endpoint 1048 de 11401,8,FALSE,2024,27,NA,NA,NA,NA,54683818000185,CAMARA MUNICIPAL DE VARGEM GRANDE DO SUL,L,M,2024-08-06T15:31:11Z,2024-08-06T15:31:11Z,2024-08-06T15:31:11Z,DL6,São Paulo,00,Câmara Municipal de Vargem Grande do Sul,SP,Vargem Grande do Sul,3556404,19,"Dispensa de Licitação: para contratação que envolva valores inferiores a R$ 50.000,00 (cinquenta mil reais), no caso de outros serviços e compras","Lei 14.133/2021, Art. 75, II",NA,NA,NA,10/2024,"Contratação de serviços de tradução simultanea da Lingua Portuguesa para Libras - Lingua Brasileira de Sinais e vice-versa, na modalidade presencial, sob demanda durante as transmissões da TV Câmara Vargem Grande do Sul",NA,"A Contratação de intérpretes de LIBRAS justifica-se pela necessidade de tradução e interpretação da língua de sinais nas sessões da Câmara Municipal de Vargem Grande do Sul, permitindo a interação das pessoas com deficiência auditiva, visando a diversidade e acessibilidade das sessões legislativas.1.2.	Conforme a LEI N.º 4.764, DE 09 DE DEZEMBRO DE 2022, foi assegurado aos surdos e deficientes auditivos o direito à inclusão, à comunicação e a informação através da tradução simultânea, por intérpretes do sistema LIBRAS, dos trabalhos parlamentares da Câmara Municipal de Vargem Grande do Sul.",NA,NA,NA,NA,NA,NA,23312,5,54683818000185-1-000027/2024,NA,NA,24168.84,Dispensa,Não se aplica,3,Ato que autoriza a Contratação Direta,1,Divulgada no PNCP,Betha Sistemas,https://pncp.gov.br/api/pncp/v1/orgaos/54683818000185/compras/2024/27
10,2024,20241001,20241031,8,95,50,endpoint 5851 de 11401,8,FALSE,2024,678,NA,NA,NA,NA,17884412000134,MUNICIPIO DE ANDRADAS,N,M,2024-10-02T15:58:02Z,2024-10-02T15:58:02Z,2024-10-02T15:58:02Z,CD - 1912,Minas Gerais,020801,FUNDO MUNICIPAL DE SAUDE - RECURSO PRÓPRIO,MG,Andradas,3102605,19,"Dispensa de Licitação: para contratação que envolva valores inferiores a R$ 50.000,00 (cinquenta mil reais), no caso de outros serviços e compras","Lei 14.133/2021, Art. 75, II",NA,NA,NA,CD - 1912/2024,"AQUISIÇÃO DE HASTE BLOQUEADA UMERAL EM AÇO COM TAMPÃO E PARAFUSO DE BLOQUEIO  PROXIMAL EM AÇO. DESTINADO AO PACIENTE (M.N.G.), PARA REALIZAÇÃO DE PROCEDIMENTO CIRURGICO.",NA,NA,NA,NA,NA,NA,NA,NA,2000,5,17884412000134-1-000678/2024,NA,NA,2000,Dispensa,Não se aplica,3,Ato que autoriza a Contratação Direta,1,Divulgada no PNCP,GOVTEC SISTEMAS DE INFORMATICA LTDA,https://pncp.gov.br/api/pncp/v1/orgaos/17884412000134/compras/2024/678
12,2024,20241201,20241231,6,353,50,endpoint 9985 de 11401,6,TRUE,2024,18,NA,NA,NA,NA,87612966000168,MUNICIPIO DE SAO NICOLAU,N,M,2024-12-18T12:05:35Z,2024-12-18T12:05:35Z,2024-12-18T19:34:59Z,29,Rio Grande do Sul,2,MUNICIPIO DE SAO NICOLAU/RS,RS,São Nicolau,4319208,1,pregão: modalidade de licitação obrigatória para aquisição de bens e serviços comuns,"Lei 14.133/2021, Art. 28, I",2024-09-16T08:00:00Z,2024-09-27T08:00:00Z,NA,135,"CONSTITUI O REGISTRO DE PREÇOS PARA AQUISIÇÃO DE GENEROS ALIMENTÍCIOS (PÃES) PARA SECRETARIAS MUNICIPAIS, CUJAS DESCRIÇÕES E CONDIÇÕES DE ENTREGA ESTÃO DETALHADAS NO ETP E TR ANEXO I E II.",NA,NA,NA,NA,NA,NA,NA,NA,NA,1,87612966000168-1-000018/2024,2024-12-18T19:34:59Z,NA,17480,Pregão - Eletrônico,Aberto,1,Edital,1,Divulgada no PNCP,Abase Sistemas,https://pncp.gov.br/api/pncp/v1/orgaos/87612966000168/compras/2024/18
10,2024,20241001,20241031,8,1245,50,endpoint 7001 de 11401,8,FALSE,2024,111,NA,NA,NA,NA,15024029000180,MUNICIPIO DE SAO JOSE DOS QUATRO MARCOS,N,M,2024-10-30T17:20:58Z,2024-10-30T17:20:58Z,2024-10-30T17:20:58Z,56,Mato Grosso,1,PREFEITURA MUNICIPAL DE SAO JOSE DOS QUATRO MARCOS,MT,São José dos Quatro Marcos,5107107,19,"Dispensa de Licitação: para contratação que envolva valores inferiores a R$ 50.000,00 (cinquenta mil reais), no caso de outros serviços e compras","Lei 14.133/2021, Art. 75, II",NA,NA,NA,56,AQUISIÇÃO DE JANELA DE VIDRO TEMPERADO.,https://saojosedosquatromarcos.mt.gov.br,NA,NA,NA,NA,NA,NA,NA,NA,5,15024029000180-1-000111/2024,NA,NA,1060,Dispensa,Não se aplica,3,Ato que autoriza a Contratação Direta,1,Divulgada no PNCP,Fiorilli Software,https://pncp.gov.br/api/pncp/v1/orgaos/15024029000180/compras/2024/111
10,2024,20241001,20241031,8,717,50,endpoint 6473 de 11401,8,FALSE,2024,50,NA,NA,NA,NA,89378251000118,CACAPAVA DO SUL CAMARA DE VEREADORES,L,M,2024-10-17T13:16:29Z,2024-10-17T13:16:29Z,2024-10-17T13:16:29Z,59,Rio Grande do Sul,1,Camara Municipal de Vereadores de cacapava do Sul,RS,Caçapava do Sul,4302808,18,"Dispensa de Licitação: para contratação que envolva valores inferiores a R$ 100.000,00 (cem mil reais), no caso de obras e serviços de engenharia ou de serviços de manutenção de veículos automotores","Lei 14.133/2021, Art. 75, I",NA,NA,NA,43,"Contratação de Serviços Multimídia – SCM, através de provimento de acesso a Internet, por conexão de rede de dados via fibra óptica e o gerenciamento de rede através do controle de tráfego de cada equipamento interligado a rede local da Contratada através de IP fixo, de no mínimo 100mbps de download e 50 mbps de upload com tráfego mensal ilimitado. No valor de R$189,90 (cento e oitenta e nove reais com noventa centavos) por mês. Anual de R$2278,80 (dois mil e duzentos e setenta e oito com oitenta), CNPJ: 51.807.087/0001-44 – Shulte e Pohlmann Serviços de telecomunicações Ltda.","https://portal.tce.rs.gov.br/aplicprod/f?p=50500:10:::NO:10:P10_ID_LICITACAO,P10_PAG_RETORNO,F50500_CD_ORGAO:1266244,14,42801&cs=1bV62IoK0KZZ2VCXYx2o6k8KcLPI",NA,NA,NA,NA,NA,NA,NA,2278.8,5,89378251000118-1-000050/2024,NA,NA,2278.8,Dispensa,Não se aplica,3,Ato que autoriza a Contratação Direta,1,Divulgada no PNCP,LicitaCon - TCE-RS,https://pncp.gov.br/api/pncp/v1/orgaos/89378251000118/compras/2024/50
10,2024,20241001,20241031,8,742,50,endpoint 6498 de 11401,8,FALSE,2024,101,NA,NA,NA,NA,01178573000172,MUNICIPIO DE PALMINOPOLIS,N,M,2024-10-17T16:32:14Z,2024-10-17T16:32:14Z,2024-10-17T16:32:14Z,021,Goiás,1,Prefeitura Municipal de Palminópolis,GO,Palminópolis,5215900,18,"Dispensa de Licitação: para contratação que envolva valores inferiores a R$ 100.000,00 (cem mil reais), no caso de obras e serviços de engenharia ou de serviços de manutenção de veículos automotores","Lei 14.133/2021, Art. 75, I",2024-10-18T08:00:00Z,2024-10-22T18:00:00Z,NA,6532,"[Portal de Compras Públicas] - AQUISIÇÃO DE FLORES NATURAIS (CRISÂNTEMO) PARA MANUTENÇÃO, ORNAMENTAÇÃO E EMBELEZAMENTO DE CANTEIROS E ESPAÇOS PÚBLICOS DO MUNICÍPIO DE PALMINÓPOLIS ATRAVÉS DA SECRETARIA DE ASSISTÊNCIA SOCIAL.",https://portaldecompraspublicas.com.br/processos/GO/Prefeitura-Municipal-de-Palminopolis-2292/DE-021-2024-2024-343213,NA,NA,NA,NA,NA,NA,NA,20400,4,01178573000172-1-000101/2024,NA,NA,31908,Dispensa,Dispensa Com Disputa,2,Aviso de Contratação Direta,1,Divulgada no PNCP,ECustomize Consultoria em Software S.A,https://pncp.gov.br/api/pncp/v1/orgaos/01178573000172/compras/2024/101
10,2024,20241001,20241031,7,14,50,endpoint 5754 de 11401,7,TRUE,2024,82,NA,NA,NA,NA,92411099000132,MUNICIPIO DE PINHEIRINHO DO VALE,N,M,2024-10-25T12:28:00Z,2024-10-25T12:28:00Z,2024-10-25T12:28:00Z,PR 29,Rio Grande do Sul,985975,PREFEITURA MUN. DE PINHEIRINHO DO VALE,RS,Pinheirinho do Vale,4314498,1,pregão: modalidade de licitação obrigatória para aquisição de bens e serviços comuns,"Lei 14.133/2021, Art. 28, I",2024-10-08T07:30:00Z,2024-10-08T08:30:00Z,NA,97/2024,"O presente processo tem por objeto, Registro de Preços para a aquisição de gasolina comum para a manutenção das atividades dos veículos da frota municipal.",NA,"O presente processo tem por objeto, Registro de Preços para a aquisição de gasolina comum para a manutenção das atividades dos veículos da frota municipal.",NA,NA,NA,NA,NA,NA,NA,1,92411099000132-1-000082/2024,NA,NA,508800,Pregão - Presencial,Aberto,1,Edital,1,Divulgada no PNCP,Betha Sistemas,https://pncp.gov.br/api/pncp/v1/orgaos/92411099000132/compras/2024/82
11,2024,20241101,20241130,8,808,50,endpoint 8924 de 11401,8,FALSE,2024,3011,NA,NA,NA,NA,63025530000104,UNIVERSIDADE DE SAO PAULO,E,E,2024-11-22T14:25:18Z,2024-11-22T14:25:18Z,2024-11-22T14:25:18Z,91192,São Paulo,102152,ESP-CENTRO DE ENERGIA NUCLEAR NA AGRIC-USP,SP,Piracicaba,3538709,19,"Dispensa de Licitação: para contratação que envolva valores inferiores a R$ 50.000,00 (cinquenta mil reais), no caso de outros serviços e compras","Lei 14.133/2021, Art. 75, II",2024-11-22T14:25:15Z,2024-11-29T07:59:59Z,"Valor estimado inferior ao limite do Art. 75º, Inciso II da Lei nº 14.133 de 1º/04/2021.",15400008071202409,Aquisição de lâmpadas tubulares de led,NA,NA,NA,NA,NA,NA,NA,NA,2605,4,63025530000104-1-003011/2024,2024-11-22T14:25:17Z,NA,0,Dispensa,Dispensa Com Disputa,2,Aviso de Contratação Direta,1,Divulgada no PNCP,Compras.gov.br,https://pncp.gov.br/api/pncp/v1/orgaos/63025530000104/compras/2024/3011
8,2024,20240801,20240831,8,688,50,endpoint 1518 de 11401,8,FALSE,2024,1231,NA,NA,NA,NA,63025530000104,UNIVERSIDADE DE SAO PAULO,E,E,2024-08-16T11:27:16Z,2024-08-16T11:27:16Z,2024-08-16T11:27:16Z,90016,São Paulo,102147,ESP-FACULDADE FILOS.CIEN.LETRAS RIB.PRETO-USP,SP,Ribeirão Preto,3543402,19,"Dispensa de Licitação: para contratação que envolva valores inferiores a R$ 50.000,00 (cinquenta mil reais), no caso de outros serviços e compras","Lei 14.133/2021, Art. 75, II",2024-08-16T11:27:14Z,2024-08-22T07:59:59Z,Dispensa por valor.,15400002781202417,Utensílios para refeitório,NA,NA,NA,NA,NA,NA,NA,NA,2892.3,4,63025530000104-1-001231/2024,NA,NA,0,Dispensa,Dispensa Com Disputa,2,Aviso de Contratação Direta,1,Divulgada no PNCP,Compras.gov.br,https://pncp.gov.br/api/pncp/v1/orgaos/63025530000104/compras/2024/1231
8,2024,20240801,20240831,6,260,50,endpoint 358 de 11401,6,TRUE,2024,46,NA,NA,NA,NA,21572243000174,COMPANHIA DE SANEAMENTO MUNICIPAL - CESAMA,N,N,2024-08-13T07:10:28Z,2024-08-13T07:10:28Z,2024-08-13T07:10:28Z,90060,Minas Gerais,925894,COMPANHIA DE SANEAMENTO MUNICIPAL JUIZ FORA,MG,Juiz de Fora,3136702,1,pregão: modalidade de licitação obrigatória para aquisição de bens e serviços comuns,"Lei 14.133/2021, Art. 28, I",2024-08-13T08:00:00Z,2024-08-30T09:00:00Z,"Informações também disponíveis em www.cesama.com.br. Antes de cadastrar a proposta, favor atentar para o Anexo I do Edital, Termo de Referência, que contém especificação completa do material ora licitado Para as respostas de esclarecimentos e impugnações deste edital acesse o link: https://cnetmobile.estaleiro.serpro.gov.br/comprasnet-web/public/landing?destino=quadro-informativo&compra=92589405900602024",900602024,"Implantação do Sistema de Registro de Preços, pelo prazo de 12 meses, para eventual aquisição de ferramentas e ferragens diversas (alicates, arame, balde p/ concreto, prego, lâmina de serra...), para uso da CESAMA",https://cnetmobile.estaleiro.serpro.gov.br/comprasnet-web/public/landing?destino=acompanhamento-compra&compra=92589405900602024,NA,NA,NA,NA,NA,NA,NA,30918.2,1,21572243000174-1-000046/2024,NA,NA,51512.91,Pregão - Eletrônico,Aberto,1,Edital,1,Divulgada no PNCP,Compras.gov.br,https://pncp.gov.br/api/pncp/v1/orgaos/21572243000174/compras/2024/46
8,2024,20240801,20240831,9,24,50,endpoint 2293 de 11401,9,FALSE,2024,14925,NA,NA,NA,NA,00394452000103,COMANDO DO EXERCITO,E,F,2024-08-02T10:52:12Z,2024-08-02T10:52:12Z,2024-08-02T10:52:12Z,21,Rio de Janeiro,160301,COMISSAO REGIONAL DE OBRAS/1-RJ,RJ,Rio de Janeiro,3304557,50,Inexigibilidade de Licitação: Todas as formas de inexigibilidade não previstas no art. 74,"Lei 14.133/2021, Art. 74, caput",NA,NA,NA,64325001606202468,"Elaboração de Laudo de Vistoria Técnica das Obras realizadas na Encosta da Vila Militar de Copacabana, situada nos fundos do Condomínio do Edifício Senador Oiticica, na Rua Barata Ribeiro n° 90, Copacabana/RJ.",NA,NA,NA,NA,NA,NA,NA,NA,7300,5,00394452000103-1-014925/2024,NA,NA,7300,Inexigibilidade,Não se aplica,3,Ato que autoriza a Contratação Direta,1,Divulgada no PNCP,Compras.gov.br,https://pncp.gov.br/api/pncp/v1/orgaos/00394452000103/compras/2024/14925
8,2024,20240801,20240831,8,458,50,endpoint 1288 de 11401,8,FALSE,2024,2213,NA,NA,NA,NA,46377800000127,SAO PAULO SECRETARIA DA SEGURANCA PUBLICA,E,E,2024-08-12T17:01:22Z,2024-08-12T17:01:22Z,2024-08-12T17:01:22Z,90013,São Paulo,180390,ESP-COMANDO DE BOMBEIROS DO INTER - 1 (CBI-1),SP,Campinas,3509502,19,"Dispensa de Licitação: para contratação que envolva valores inferiores a R$ 50.000,00 (cinquenta mil reais), no caso de outros serviços e compras","Lei 14.133/2021, Art. 75, II",2024-08-12T17:01:21Z,2024-08-28T08:59:59Z,Dispensa com Disputa.,20240796594,Aquisição material salvamento para o 7GB.,NA,NA,NA,NA,NA,NA,NA,NA,31963.23,4,46377800000127-1-002213/2024,NA,NA,33919.07,Dispensa,Dispensa Com Disputa,2,Aviso de Contratação Direta,1,Divulgada no PNCP,Compras.gov.br,https://pncp.gov.br/api/pncp/v1/orgaos/46377800000127/compras/2024/2213
12,2024,20241201,20241231,6,146,50,endpoint 9778 de 11401,6,TRUE,2024,299,NA,NA,NA,NA,12474705000120,HOSPITAL DAS CLINICAS DA FACULDADE DE MEDICINA DE BOTUCATU,E,E,2024-12-06T07:05:12Z,2024-12-06T07:05:12Z,2024-12-06T07:05:12Z,90271,São Paulo,092501,ESP-HOSPITAL DAS CLINICAS DE BOTUCATU,SP,Botucatu,3507506,1,pregão: modalidade de licitação obrigatória para aquisição de bens e serviços comuns,"Lei 14.133/2021, Art. 28, I",2024-12-09T08:00:00Z,2024-12-20T09:00:00Z,Para as respostas de esclarecimentos e impugnações deste edital acesse o link: https://cnetmobile.estaleiro.serpro.gov.br/comprasnet-web/public/landing?destino=quadro-informativo&compra=09250105902712024,143.00023760/2024,"Constituição de sistema de registro de preços para aquisição futura de hidratante para pele, para atender as necessidades da seção técnica de farmácia",https://cnetmobile.estaleiro.serpro.gov.br/comprasnet-web/public/landing?destino=acompanhamento-compra&compra=09250105902712024,NA,NA,NA,NA,NA,NA,NA,111510,3,12474705000120-1-000299/2024,2024-12-30T09:01:10Z,NA,337516.2,Pregão - Eletrônico,Aberto-Fechado,1,Edital,1,Divulgada no PNCP,Compras.gov.br,https://pncp.gov.br/api/pncp/v1/orgaos/12474705000120/compras/2024/299
8,2024,20240801,20240831,8,1032,50,endpoint 1862 de 11401,8,FALSE,2024,1589,NA,NA,NA,NA,33781055000135,FUNDACAO OSWALDO CRUZ,E,F,2024-08-22T10:21:03Z,2024-08-22T10:21:03Z,2024-08-22T10:21:03Z,350,Rio de Janeiro,254445,INSTITUTO DE TECNOLOGIA EM IMUNOBIOLOGICOS,RJ,Rio de Janeiro,3304557,19,"Dispensa de Licitação: para contratação que envolva valores inferiores a R$ 50.000,00 (cinquenta mil reais), no caso de outros serviços e compras","Lei 14.133/2021, Art. 75, II",NA,NA,NA,25386.001220/2024-80,Pipetas e estação de carregamento de pipetas  da marca INTEGRA BIOSC,NA,NA,NA,NA,NA,NA,NA,NA,58106.82,5,33781055000135-1-001589/2024,NA,NA,58106.82,Dispensa,Não se aplica,3,Ato que autoriza a Contratação Direta,1,Divulgada no PNCP,Compras.gov.br,https://pncp.gov.br/api/pncp/v1/orgaos/33781055000135/compras/2024/1589
10,2024,20241001,20241031,8,713,50,endpoint 6469 de 11401,8,FALSE,2024,19197,NA,NA,NA,NA,00394452000103,COMANDO DO EXERCITO,E,F,2024-10-17T11:49:02Z,2024-10-17T11:49:02Z,2024-10-17T11:49:02Z,90011,Paraná,160524,15 BATALHAO LOGISTICO,PR,Cascavel,4104808,78,"Dispensa de Licitação: O Poder Executivo federal, estadual, distrital e municipal poderá adquirir, dispensada a licitação, os alimentos produzidos pelos beneficiários fornecedores de que trata o art. 5º desta Lei.","Lei 14.628/2023, Art. 4º",NA,NA,Em atendimento ao Art. 4º da Lei nº 14.628 de 20/07/2023.,64133009117202410,Aquisição de gêneros alimentícios,NA,NA,NA,NA,NA,NA,NA,NA,60992.95,5,00394452000103-1-019197/2024,NA,NA,60992.95,Dispensa,Não se aplica,3,Ato que autoriza a Contratação Direta,1,Divulgada no PNCP,Compras.gov.br,https://pncp.gov.br/api/pncp/v1/orgaos/00394452000103/compras/2024/19197
11,2024,20241101,20241130,6,260,50,endpoint 7715 de 11401,6,FALSE,2024,247,NA,NA,NA,NA,18338178000102,MUNICIPIO DE JUIZ DE FORA,N,M,2024-11-12T16:11:37Z,2024-11-12T16:11:37Z,2024-11-12T16:11:37Z,119,Minas Gerais,001,Subsecretaria de Licitações e Compras,MG,Juiz de Fora,3136702,1,pregão: modalidade de licitação obrigatória para aquisição de bens e serviços comuns,"Lei 14.133/2021, Art. 28, I",2024-11-13T08:00:00Z,2024-11-27T08:50:00Z,NA,12.488/2024,[Portal de Compras Públicas] - SRP- Aquisição de gêneros alimentícios estocáveis- SEAPA.,https://portaldecompraspublicas.com.br/processos/MG/Prefeitura-Municipal-de-Juiz-de-Fora-13/PE-119-2024-2024-347962,NA,NA,NA,NA,NA,NA,NA,NA,1,18338178000102-1-000247/2024,2025-01-08T15:50:07Z,NA,26842792,Pregão - Eletrônico,Aberto,1,Edital,1,Divulgada no PNCP,ECustomize Consultoria em Software S.A,https://pncp.gov.br/api/pncp/v1/orgaos/18338178000102/compras/2024/247
9,2024,20240901,20240930,8,866,50,endpoint 4280 de 11401,8,FALSE,2024,1010,NA,NA,NA,NA,46068425000133,UNIVERSIDADE ESTADUAL DE CAMPINAS,E,E,2024-09-20T15:45:30Z,2024-09-20T15:45:30Z,2024-09-20T15:45:30Z,91114,São Paulo,450161,ESP-UNIVERSIDADE ESTADUAL DE CAMPINAS,SP,Campinas,3509502,19,"Dispensa de Licitação: para contratação que envolva valores inferiores a R$ 50.000,00 (cinquenta mil reais), no caso de outros serviços e compras","Lei 14.133/2021, Art. 75, II",2024-09-20T15:45:27Z,2024-10-03T07:59:59Z,Conforme consta no aviso de contratação direta Nº91114/2024,15P-39873/2023,Aquisição de substituição de lona em toldo,NA,NA,NA,NA,NA,NA,NA,NA,23252.43,4,46068425000133-1-001010/2024,NA,NA,35778.2,Dispensa,Dispensa Com Disputa,2,Aviso de Contratação Direta,1,Divulgada no PNCP,Compras.gov.br,https://pncp.gov.br/api/pncp/v1/orgaos/46068425000133/compras/2024/1010
9,2024,20240901,20240930,4,49,50,endpoint 2710 de 11401,4,FALSE,2024,1003,NA,NA,NA,NA,90738196000109,MUNICIPIO DE IJUI,N,M,2024-09-18T13:51:29Z,2024-09-18T13:51:29Z,2024-09-18T13:51:29Z,57,Rio Grande do Sul,0,MUNICÍPIO DE IJUÍ - PODER EXECUTIVO,RS,Ijuí,4310207,2,concorrência: modalidade de licitação para contratação de bens e serviços especiais e de obras e serviços comuns e especiais de engenharia,"Lei 14.133/2021, Art. 28, II",2024-09-18T14:00:00Z,2024-10-03T09:00:00Z,NA,897,"[Portal de Compras Públicas] - Execução global para recapeamento asfáltico do tipo CBUQ Na Rua Ernesto Alves, trecho entre a Rua 13 de Maio e Rua Dr. Pestana e Rua Barão do Rio Branco, trecho entre a Rua Ernesto Alves e a Av Coronel Dico, e reperfilamento asfáltico do tipo CBUQ nas Ruas: Rua Tobias Barreto, trecho entre a Rua Afrânio Peixoto e a Rua Antônio Bonamigo, bairro Luiz Fogliatto; Rua Raul Lorenzoni, trecho entre a Rua Maria I. Dobler e a Av Nelson Lucchese, bairro Modelo; e a Rua Dari Reimann trecho entre a Rua Alfredo Jos e a Av Alfredo Steglich, bairro Ferroviário.",https://portaldecompraspublicas.com.br/processos/RS/Municipio-de-Ijui-Poder-Executivo-1164/CPMP-57-2024-2024-336824,NA,NA,NA,NA,NA,NA,NA,NA,3,90738196000109-1-001003/2024,NA,NA,754928.22,Concorrência - Eletrônica,Aberto-Fechado,1,Edital,1,Divulgada no PNCP,ECustomize Consultoria em Software S.A,https://pncp.gov.br/api/pncp/v1/orgaos/90738196000109/compras/2024/1003
9,2024,20240901,20240930,6,589,50,endpoint 3335 de 11401,6,FALSE,2024,690,NA,NA,NA,NA,46523239000147,MUNICIPIO DE SAO BERNARDO DO CAMPO,N,M,2024-09-26T16:42:14Z,2024-09-26T16:42:14Z,2024-09-26T16:42:14Z,PE 352,São Paulo,3,Município de São Bernardo do Campo,SP,São Bernardo do Campo,3548708,1,pregão: modalidade de licitação obrigatória para aquisição de bens e serviços comuns,"Lei 14.133/2021, Art. 28, I",2024-07-05T12:00:00Z,2024-07-29T09:00:00Z,NA,01176/2024 - PE 352,ULTRASSOM OFTALMOLÓGICO E CAMPIMETRO,https://compras.saobernardo.sp.gov.br/,NA,NA,NA,NA,NA,NA,NA,243880,1,46523239000147-1-000690/2024,NA,NA,424772,Pregão - Eletrônico,Aberto,1,Edital,1,Divulgada no PNCP,MUNICIPIO DE SÃO BERNARDO DO CAMPO/MUNICIPIO DE SAO BERNARDO DO CAMPO,https://pncp.gov.br/api/pncp/v1/orgaos/46523239000147/compras/2024/690
10,2024,20241001,20241031,4,6,50,endpoint 4982 de 11401,4,FALSE,2024,1026,NA,NA,NA,NA,90738196000109,MUNICIPIO DE IJUI,N,M,2024-10-02T16:22:08Z,2024-10-02T16:22:08Z,2024-10-02T16:22:08Z,61,Rio Grande do Sul,0,MUNICÍPIO DE IJUÍ - PODER EXECUTIVO,RS,Ijuí,4310207,2,concorrência: modalidade de licitação para contratação de bens e serviços especiais e de obras e serviços comuns e especiais de engenharia,"Lei 14.133/2021, Art. 28, II",2024-10-02T16:30:00Z,2024-10-16T14:00:00Z,NA,933,"[Portal de Compras Públicas] - Execução global para instalação de cobertura metálica na Escola Municipal Infantil Casa da Criança, conforme memorial descritivo em anexo.",https://portaldecompraspublicas.com.br/processos/RS/Municipio-de-Ijui-Poder-Executivo-1164/CPMP-61-2024-2024-340154,NA,NA,NA,NA,NA,NA,NA,NA,3,90738196000109-1-001026/2024,NA,NA,35653.01,Concorrência - Eletrônica,Aberto-Fechado,1,Edital,1,Divulgada no PNCP,ECustomize Consultoria em Software S.A,https://pncp.gov.br/api/pncp/v1/orgaos/90738196000109/compras/2024/1026
10,2024,20241001,20241031,9,112,50,endpoint 7169 de 11401,9,FALSE,2024,217,NA,NA,NA,NA,13701966000106,MUNICIPIO DE ITAGIBA,N,M,2024-10-11T10:26:54Z,2024-10-11T10:26:54Z,2024-10-11T10:26:54Z,135,Bahia,1692,Prefeitura Municipal de Itagibá,BA,Itagibá,2915205,13,Inexigibilidade de Licitação: f) treinamento e aperfeiçoamento de pessoal,"Lei 14.133/2021, Art. 74, III, f",NA,NA,NA,125/2024,"Contratação de empresa especializada em serviços técnicos especializados de assessoria e consultoria técnica sobre gestão, acompanhamento, aplicação e prestação de contas dos recursos provenientes da lei nº 14.399 de 08 de julho de 2022 (Lei Aldir Blanc), junto a Secretaria de Educação e Cultura do Município de Itagibá.",sai.io.org.br/site/PublicadoPncp/117891?localConsulta=2&title=2&cod=1692,NA,NA,NA,NA,NA,NA,NA,NA,5,13701966000106-1-000217/2024,NA,NA,6767.6,Inexigibilidade,Não se aplica,3,Ato que autoriza a Contratação Direta,1,Divulgada no PNCP,Instituto Municipal de Administração Pública - IMAP,https://pncp.gov.br/api/pncp/v1/orgaos/13701966000106/compras/2024/217
11,2024,20241101,20241130,8,558,50,endpoint 8674 de 11401,8,FALSE,2024,267,NA,NA,NA,NA,11152150000137,FUNDO MUNICIPAL DE SAUDE - GOIAS,E,M,2024-11-14T14:36:07Z,2024-11-14T14:36:07Z,2024-11-14T14:36:07Z,(15233) | 253-0,Goiás,7,FMS FUNDO MUNICIPAL DE SAUDE,GO,Goiás,5208905,38,"Dispensa de Licitação: nos casos de emergência ou de calamidade pública, quando caracterizada urgência de atendimento de situação que possa ocasionar prejuízo ou comprometer a continuidade dos serviços públicos ou a segurança de pessoas, obras, serviços, equipamentos e outros bens, públicos ou particulares, e somente para aquisição dos bens necessários ao atendimento da situação emergencial ou calamitosa e para as parcelas de obras e serviços que possam ser concluídas no prazo máximo de 1 (um) ano, contado da data de ocorrência da emergência ou da calamidade, vedadas a prorrogação dos respectivos contratos e a recontratação de empresa já contratada com base no disposto neste inciso","Lei 14.133/2021, Art. 75, VIII",NA,NA,NA,14764/2024,DESPESA PROVENIENTE PARA AQUISIÇÃO DE MEDICAMENTOS NECESSÁRIO PARA O ABSTECIMENTO DA CAF ATENDENDO AS SOLICITAÇÃO DO SAD E SAMU PARA OS ATENDIMENTOS DIÁRIOS REALIZADOS NO MUNICIPIO.,NA,NA,NA,NA,NA,NA,NA,NA,4584.33,5,11152150000137-1-000267/2024,2024-11-14T14:36:06Z,NA,5001.7,Dispensa,Não se aplica,3,Ato que autoriza a Contratação Direta,1,Divulgada no PNCP,Megasoft Informática,https://pncp.gov.br/api/pncp/v1/orgaos/11152150000137/compras/2024/267
10,2024,20241001,20241031,6,574,50,endpoint 5627 de 11401,6,FALSE,2024,179,NA,NA,NA,NA,00394445000101,MINISTERIO DA EDUCACAO,E,F,2024-10-25T14:42:49Z,2024-10-25T14:42:49Z,2024-10-25T14:42:49Z,90014,Rio de Janeiro,152005,MEC-INES-INST.NAC.DE EDUCACAO DE SURDOS/RJ,RJ,Rio de Janeiro,3304557,1,pregão: modalidade de licitação obrigatória para aquisição de bens e serviços comuns,"Lei 14.133/2021, Art. 28, I",2024-10-25T09:00:00Z,2024-11-11T10:30:00Z,Para as respostas de esclarecimentos e impugnações deste edital acesse o link: https://cnetmobile.estaleiro.serpro.gov.br/comprasnet-web/public/landing?destino=quadro-informativo&compra=15200505900142024,23121000784202481,"Contratação de prestação de serviço de empresa especializada em serviços de alimentação (Almoxarifes, Aux. de Almoxarife, Aux. de Cozinha e Cozinheiros), para o fornecimento de alimentação escolar, atuando no recebimento, armazenamento, pré-preparo, preparo, distribuição, guarda de alimentos,  limpeza da cozinha e outros serviços, sob o regime de dedicação exclusiva de mão de obra, conforme condições, quantidades e exigências estabelecidas neste Edital e seus Anexos.",https://cnetmobile.estaleiro.serpro.gov.br/comprasnet-web/public/landing?destino=acompanhamento-compra&compra=15200505900142024,NA,NA,NA,NA,NA,NA,NA,1180000,1,00394445000101-1-000179/2024,2024-12-27T11:34:01Z,NA,1439392.2,Pregão - Eletrônico,Aberto,1,Edital,1,Divulgada no PNCP,Compras.gov.br,https://pncp.gov.br/api/pncp/v1/orgaos/00394445000101/compras/2024/179
8,2024,20240801,20240831,6,677,50,endpoint 775 de 11401,6,TRUE,2024,99,NA,NA,NA,NA,15359201000157,MUNICIPIO DE JUINA,N,M,2024-08-29T18:02:42Z,2024-08-29T18:02:42Z,2024-08-29T18:07:54Z,57,Mato Grosso,1,PREFEITURA MUNICIPAL DE JUINA - MT,MT,Juína,5105150,1,pregão: modalidade de licitação obrigatória para aquisição de bens e serviços comuns,"Lei 14.133/2021, Art. 28, I",2024-08-29T19:00:00Z,2024-09-11T08:30:00Z,NA,312,"AQUISIÇÃO DE PRODUTOS E INSUMOS PARA A MANUTENÇÃO E CONSERVAÇÃO DA PISCINA DO CENTRO DE CONVIVÊNCIA VÓ PAIXÃO, ATENDENDO ÀS NECESSIDADES DA SECRETARIA DE ASSISTÊNCIA SOCIAL DO MUNICÍPIO DE JUÍNA, ESTADO DE MATO GROSSO.",https://transparencia.juina.mt.gov.br/prefjuinamt/licitacoes/licitacao?id=4322,"AQUISIÇÃO DE PRODUTOS E INSUMOS PARA A MANUTENÇÃO E CONSERVAÇÃO DA PISCINA DO CENTRO DE CONVIVÊNCIA VÓ PAIXÃO, ATENDENDO ÀS NECESSIDADES DA SECRETARIA DE ASSISTÊNCIA SOCIAL DO MUNICÍPIO DE JUÍNA, ESTADO DE MATO GROSSO.",NA,NA,NA,NA,NA,NA,NA,6,15359201000157-1-000099/2024,NA,NA,19185,Pregão - Eletrônico,Fechado-Aberto,1,Edital,1,Divulgada no PNCP,Agili Software Brasil Ltda,https://pncp.gov.br/api/pncp/v1/orgaos/15359201000157/compras/2024/99
10,2024,20241001,20241031,8,580,50,endpoint 6336 de 11401,8,FALSE,2024,13764,NA,NA,NA,NA,00394502000144,COMANDO DA MARINHA,E,F,2024-10-15T09:23:51Z,2024-10-15T09:23:51Z,2024-10-15T09:23:51Z,90131,Rio de Janeiro,744021,CENTRO DE MANUTENÇÃO DE SISTEMA DA MARINHA,RJ,Rio de Janeiro,3304557,19,"Dispensa de Licitação: para contratação que envolva valores inferiores a R$ 50.000,00 (cinquenta mil reais), no caso de outros serviços e compras","Lei 14.133/2021, Art. 75, II",2024-10-15T09:23:49Z,2024-10-18T07:59:59Z,"Art. 75º, Inciso II da Lei nº 14.133 de 1º/04/2021.",63075004302202489,"O objeto da presente dispensa é a escolha da proposta mais vantajosa para a aquisição, por dispensa de licitação, de garrafa térmica, conforme condições, quantidades e exigências estabelecidas neste Aviso de Contratação Direta e seus anexos.",NA,NA,NA,NA,NA,NA,NA,NA,430,4,00394502000144-1-013764/2024,NA,NA,681.9,Dispensa,Dispensa Com Disputa,2,Aviso de Contratação Direta,1,Divulgada no PNCP,Compras.gov.br,https://pncp.gov.br/api/pncp/v1/orgaos/00394502000144/compras/2024/13764
8,2024,20240801,20240831,8,1074,50,endpoint 1904 de 11401,8,FALSE,2024,453,NA,NA,NA,NA,05012896000142,UNIVERSIDADE ESTADUAL DO PARANA,E,E,2024-08-22T23:10:01Z,2024-08-22T23:10:01Z,2024-08-22T23:10:01Z,32301,Paraná,130,UNESPAR - Universidade Estadual do Paraná,PR,Campo Mourão,4104303,39,"Dispensa de Licitação: para a aquisição, por pessoa jurídica de direito público interno, de bens produzidos ou serviços prestados por órgão ou entidade que integrem a Administração Pública e que tenham sido criados para esse fim específico, desde que o preço contratado seja compatível com o praticado no mercado","Lei 14.133/2021, Art. 75, IX",NA,NA,NA,32301/2024,Serviço de impressão de provas para o vestibular 2024/2025,http://www.transparencia.pr.gov.br/,NA,NA,NA,NA,NA,NA,NA,35000,5,05012896000142-1-000453/2024,NA,NA,35000,Dispensa,Não se aplica,3,Ato que autoriza a Contratação Direta,1,Divulgada no PNCP,Secretaria de Estado da Administração e da Previdência do Estado do Paraná - SEAP-PR,https://pncp.gov.br/api/pncp/v1/orgaos/05012896000142/compras/2024/453
10,2024,20241001,20241031,8,971,50,endpoint 6727 de 11401,8,FALSE,2024,14507,NA,NA,NA,NA,00394502000144,COMANDO DA MARINHA,E,F,2024-10-23T16:40:08Z,2024-10-23T16:40:08Z,2024-10-23T16:40:08Z,90158,São Paulo,742050,CENTRO DE INTENDÊNCIA TECNO.DA MARINHA SP,SP,São Paulo,3550308,19,"Dispensa de Licitação: para contratação que envolva valores inferiores a R$ 50.000,00 (cinquenta mil reais), no caso de outros serviços e compras","Lei 14.133/2021, Art. 75, II",2024-10-23T16:40:07Z,2024-10-29T07:59:59Z,O valor contempla o limite de compra direta.,63229002306202421,"Contratação de serviços de VAN executva (banco de couro e reclináveis, ar-condicionado, cortina, cinto de  segurança, porta lateral com abertura automátca), com capacidade para 15 passageiros excluindo o motorista, com no máximo 5 (cinco) anos de fabricação, para atender eventos do Centro Industrial Nuclear de ARAMAR (CINA)",NA,NA,NA,NA,NA,NA,NA,NA,7800,4,00394502000144-1-014507/2024,NA,NA,24256.8,Dispensa,Dispensa Com Disputa,2,Aviso de Contratação Direta,1,Divulgada no PNCP,Compras.gov.br,https://pncp.gov.br/api/pncp/v1/orgaos/00394502000144/compras/2024/14507
9,2024,20240901,20240930,6,599,50,endpoint 3345 de 11401,6,TRUE,2024,100,NA,NA,NA,NA,59949362000176,TRIBUNAL REGIONAL FEDERAL 3 REGIAO,J,F,2024-09-27T07:28:53Z,2024-09-27T07:28:53Z,2024-10-30T08:50:49Z,90014,São Paulo,090029,TRIBUNAL REGIONAL FEDERAL DA 3A.REGIAO,SP,São Paulo,3550308,1,pregão: modalidade de licitação obrigatória para aquisição de bens e serviços comuns,"Lei 14.133/2021, Art. 28, I",2024-10-30T08:00:00Z,2024-11-19T13:00:00Z,Para as respostas de esclarecimentos e impugnações deste edital acesse o link: https://cnetmobile.estaleiro.serpro.gov.br/comprasnet-web/public/landing?destino=quadro-informativo&compra=09002905900142024,0004565-04.2024.4,"Contratação de empresa especializada para fornecimento de solução firewall NGFW (Next Generation Firewall) composta por aquisição de equipamentos principais e de contingência, licenciamento de funcionalidades, serviço de implantação, serviço de garantia estendida de serviço e bens, pelo período de 60 (sessenta) meses, e serviço de operação e sustentação de ambiente.",https://cnetmobile.estaleiro.serpro.gov.br/comprasnet-web/public/landing?destino=acompanhamento-compra&compra=09002905900142024,NA,NA,NA,NA,NA,NA,NA,33155693.83,1,59949362000176-1-000100/2024,NA,NA,113045088.72,Pregão - Eletrônico,Aberto,1,Edital,1,Divulgada no PNCP,Compras.gov.br,https://pncp.gov.br/api/pncp/v1/orgaos/59949362000176/compras/2024/100
8,2024,20240801,20240831,8,652,50,endpoint 1482 de 11401,8,FALSE,2023,220,NA,NA,NA,NA,10572048000128,SECRETARIA DE SAUDE,E,E,2024-08-15T22:54:56Z,2024-08-15T22:54:56Z,2024-08-15T22:54:56Z,1580,Pernambuco,8459,GER DA VIII GERES PETROLINA,PE,Afogados da Ingazeira,2600104,19,"Dispensa de Licitação: para contratação que envolva valores inferiores a R$ 50.000,00 (cinquenta mil reais), no caso de outros serviços e compras","Lei 14.133/2021, Art. 75, II",2023-10-26T11:05:36Z,2023-10-26T11:06:36Z,NA,1580.2023.CCD-VIIIGE.DL.1413.SES,VIII GERES - AQUISIÇÃO DE MATERIAL ELÉTRICO,https://www.peintegrado.pe.gov.br/,NA,NA,NA,NA,NA,NA,NA,4259.16,4,10572048000128-1-000220/2023,NA,NA,4934.11,Dispensa,Dispensa Com Disputa,2,Aviso de Contratação Direta,1,Divulgada no PNCP,Secretaria de Administração do Estado de Pernambuco,https://pncp.gov.br/api/pncp/v1/orgaos/10572048000128/compras/2023/220
8,2024,20240801,20240831,8,53,50,endpoint 883 de 11401,8,FALSE,2024,130,NA,NA,NA,NA,02585924000122,SECRETARIA DE ESTADO DE EDUCACAO DE MATO GROSSO DO SUL,E,E,2024-08-01T16:59:25Z,2024-08-01T16:59:25Z,2024-09-06T17:12:35Z,822,Mato Grosso do Sul,50005880,APM EE PROF HENRIQUE CIRYLLO CORREA,MS,Campo Grande,5002704,138,"Dispensa de Licitação: aquisição de gêneros alimentícios diretamente da agricultura familiar e do empreendedor familiar rural ou de suas organizações, priorizando-se os assentamentos da reforma agrária, as comunidades tradicionais indígenas, as comunidades quilombolas e os grupos formais e informais de mulheres.","Lei 11.947/2009, Art. 14, 1º",2024-08-01T16:58:33Z,2024-08-23T15:00:00Z,NA,29.059.471-2024,"A chamada pública tem por objeto a aquisição de gêneros alimentícios da Agricultura Familiar e do Empreendedor Familiar Rural, especificados no ANEXO I – ESPECIFICAÇÃO DOS GÊNEROS ALIMENTÍCIOS, para atendimento ao PNAE.",NA,NA,NA,NA,NA,NA,NA,NA,53397.48,5,02585924000122-1-000130/2024,NA,NA,74294.22,Dispensa,Não se aplica,4,Edital de Chamamento Público,1,Divulgada no PNCP,DígithoBrasil Soluções em Software Ltda,https://pncp.gov.br/api/pncp/v1/orgaos/02585924000122/compras/2024/130
9,2024,20240901,20240930,8,553,50,endpoint 3967 de 11401,8,FALSE,2024,25,NA,NA,NA,NA,92963776000125,CONSELHO REGIONAL DOS REPRESENTANTES COMERCIAIS NO ESTADO DO RIO GRANDE DO SUL,E,F,2024-09-13T10:47:44Z,2024-09-13T10:47:44Z,2024-09-13T10:47:44Z,90057,Rio Grande do Sul,926560,CONS. REG. DE REPRESENTANTES DO ESTADO DO RS,RS,Porto Alegre,4314902,19,"Dispensa de Licitação: para contratação que envolva valores inferiores a R$ 50.000,00 (cinquenta mil reais), no caso de outros serviços e compras","Lei 14.133/2021, Art. 75, II",2024-09-13T10:47:43Z,2024-09-19T08:59:59Z,Dentro dos limites da dispensa.,049,"Contratação de serviços de seguro predial, conforme condições e exigências estabelecidas no Termo de Referência.",NA,NA,NA,NA,NA,NA,NA,NA,NA,4,92963776000125-1-000025/2024,NA,NA,17967.32,Dispensa,Dispensa Com Disputa,2,Aviso de Contratação Direta,1,Divulgada no PNCP,Compras.gov.br,https://pncp.gov.br/api/pncp/v1/orgaos/92963776000125/compras/2024/25
10,2024,20241001,20241031,6,7,50,endpoint 5060 de 11401,6,TRUE,2024,695,NA,NA,NA,NA,56024581000156,MUNICIPIO DE RIBEIRAO PRETO,N,M,2024-10-01T07:25:10Z,2024-10-01T07:25:10Z,2024-10-01T07:25:10Z,90372,São Paulo,986969,PREFEITURA MUNICIPAL DE RIBEIRAO PRETO - SP,SP,Ribeirão Preto,3543402,1,pregão: modalidade de licitação obrigatória para aquisição de bens e serviços comuns,"Lei 14.133/2021, Art. 28, I",2024-10-01T08:00:00Z,2024-10-11T09:00:00Z,"Em caso de discordância existente entre as especificações deste objeto descritas no Portal de Compras do   Governo Federal e as especificações constantes deste Edital, prevalecerão as últimas.  Para as respostas de esclarecimentos e impugnações deste edital acesse o link: https://cnetmobile.estaleiro.serpro.gov.br/comprasnet-web/public/landing?destino=quadro-informativo&compra=98696905903722024",146284/2024,"Registro de preços para aquisição de Material de Enfermagem, conforme edital e seus anexos.",https://cnetmobile.estaleiro.serpro.gov.br/comprasnet-web/public/landing?destino=acompanhamento-compra&compra=98696905903722024,NA,NA,NA,NA,NA,NA,NA,NA,3,56024581000156-1-000695/2024,NA,NA,548038.4,Pregão - Eletrônico,Aberto-Fechado,1,Edital,1,Divulgada no PNCP,Compras.gov.br,https://pncp.gov.br/api/pncp/v1/orgaos/56024581000156/compras/2024/695
9,2024,20240901,20240930,9,221,50,endpoint 4871 de 11401,9,FALSE,2024,63,NA,NA,NA,NA,60746179000152,CONS REG DOS REPRES COMERCIAIS DO ESTADO DE SAO PAULO,E,F,2024-09-20T15:37:06Z,2024-09-20T15:37:06Z,2024-09-20T15:37:06Z,25,São Paulo,926753,CONSELHO REG. DOS REP.COMERCIAIS ESTADO DE SP,SP,São Paulo,3550308,6,"Inexigibilidade de Licitação: aquisição de materiais, de equipamentos ou de gêneros ou contratação de serviços que só possam ser fornecidos por produtor, empresa ou representante comercial exclusivos","Lei 14.133/2021, Art. 74, I",NA,NA,NA,060/2024,"Contratação Direta por Inexigibilidade da empresa SERVIÇO DE APOIO ÀS MICRO E PEQUENAS EMPRESAS DO ESTADO DE SÃO PAULO – SEBRAE-SP, inscrita no CNPJ: 43.728.245/0012-03, responsável pela Feira do Empreendedor 2024 – Criando Conexões, o qual compreende a locação do espaço de 12m² de área, montagem e desmontagem de stand, personalização, locação de mobiliário e equipamentos necessários para participação do Core-SP.",NA,NA,NA,NA,NA,NA,NA,NA,15440,5,60746179000152-1-000063/2024,NA,NA,15440,Inexigibilidade,Não se aplica,3,Ato que autoriza a Contratação Direta,1,Divulgada no PNCP,Compras.gov.br,https://pncp.gov.br/api/pncp/v1/orgaos/60746179000152/compras/2024/63
12,2024,20241201,20241231,8,495,50,endpoint 10620 de 11401,8,FALSE,2024,761,NA,NA,NA,NA,61914891000186,FUND PE ANCHIETA CENTRO PAULISTA RADIO E TV EDUCATIVAS,E,E,2024-12-12T13:48:57Z,2024-12-12T13:48:57Z,2024-12-12T13:48:57Z,121,São Paulo,121101,ESP-FUND. PE. ANCHI - CTO.PTA.RADIO TV.EDUC.,SP,São Paulo,3550308,19,"Dispensa de Licitação: para contratação que envolva valores inferiores a R$ 50.000,00 (cinquenta mil reais), no caso de outros serviços e compras","Lei 14.133/2021, Art. 75, II",NA,NA,NA,0247/2024,Aquisição de carpete.,NA,NA,NA,NA,NA,NA,NA,NA,680,5,61914891000186-1-000761/2024,2024-12-12T13:48:56Z,NA,680,Dispensa,Não se aplica,3,Ato que autoriza a Contratação Direta,1,Divulgada no PNCP,Compras.gov.br,https://pncp.gov.br/api/pncp/v1/orgaos/61914891000186/compras/2024/761
12,2024,20241201,20241231,6,84,50,endpoint 9716 de 11401,6,FALSE,2024,47,NA,NA,NA,NA,39467292000102,SECRETARIA DE GESTAO E GOVERNO DIGITAL,E,E,2024-12-04T07:17:00Z,2024-12-04T07:17:00Z,2024-12-04T07:17:00Z,90014,São Paulo,530102,ESP-COORDENADORIA DE GESTAO ADMINISTRATIVA,SP,São Paulo,3550308,1,pregão: modalidade de licitação obrigatória para aquisição de bens e serviços comuns,"Lei 14.133/2021, Art. 28, I",2024-12-04T08:00:00Z,2024-12-17T10:00:00Z,Para as respostas de esclarecimentos e impugnações deste edital acesse o link: https://cnetmobile.estaleiro.serpro.gov.br/comprasnet-web/public/landing?destino=quadro-informativo&compra=53010205900142024,0180002551120246,Aquisição dos Servidores com Suporte a AI generativa,https://cnetmobile.estaleiro.serpro.gov.br/comprasnet-web/public/landing?destino=acompanhamento-compra&compra=53010205900142024,NA,NA,NA,NA,NA,NA,NA,490000,1,39467292000102-1-000047/2024,2024-12-31T11:06:01Z,NA,492299.26,Pregão - Eletrônico,Aberto,1,Edital,1,Divulgada no PNCP,Compras.gov.br,https://pncp.gov.br/api/pncp/v1/orgaos/39467292000102/compras/2024/47
12,2024,20241201,20241231,6,418,50,endpoint 10050 de 11401,6,FALSE,2024,11212,NA,NA,NA,NA,46374500000194,SECRETARIA DE ESTADO DA SAUDE,E,E,2024-12-23T07:13:40Z,2024-12-23T07:13:40Z,2024-12-23T07:13:40Z,90090,São Paulo,090135,ESP-DEPTO.REG.SAUDE DE TAUBATE - DRS-XVII,SP,Taubaté,3554102,1,pregão: modalidade de licitação obrigatória para aquisição de bens e serviços comuns,"Lei 14.133/2021, Art. 28, I",2024-12-23T08:00:00Z,2025-01-07T10:00:00Z,Para as respostas de esclarecimentos e impugnações deste edital acesse o link: https://cnetmobile.estaleiro.serpro.gov.br/comprasnet-web/public/landing?destino=quadro-informativo&compra=09013505900902024,02400189567/2024,Aquisição de Medicamentos para atender Ação Judicial,https://cnetmobile.estaleiro.serpro.gov.br/comprasnet-web/public/landing?destino=acompanhamento-compra&compra=09013505900902024,NA,NA,NA,NA,NA,NA,NA,NA,1,46374500000194-1-011212/2024,2025-01-08T14:13:16Z,NA,0,Pregão - Eletrônico,Aberto,1,Edital,1,Divulgada no PNCP,Compras.gov.br,https://pncp.gov.br/api/pncp/v1/orgaos/46374500000194/compras/2024/11212
9,2024,20240901,20240930,6,416,50,endpoint 3162 de 11401,6,FALSE,2024,361,NA,NA,NA,NA,60747318000162,INSTITUTO DE ASSISTENCIA MEDICA AO SERVIDOR PUBLICO ESTADUAL,E,E,2024-09-19T07:20:37Z,2024-09-19T07:20:37Z,2024-09-19T07:20:37Z,90292,São Paulo,532101,ESP-INST. ASSIST. MEDICA SERV. PUB. ESTADUAL,SP,São Paulo,3550308,1,pregão: modalidade de licitação obrigatória para aquisição de bens e serviços comuns,"Lei 14.133/2021, Art. 28, I",2024-09-19T08:00:00Z,2024-10-04T09:00:00Z,Para as respostas de esclarecimentos e impugnações deste edital acesse o link: https://cnetmobile.estaleiro.serpro.gov.br/comprasnet-web/public/landing?destino=quadro-informativo&compra=53210105902922024,14700028261202497,Contratação de prestação de serviços de saúde para atenção domiciliar – Home Care – em favor do usuário: G. S. G. N. - na Cidade de SÃO PAULO/SP.,https://cnetmobile.estaleiro.serpro.gov.br/comprasnet-web/public/landing?destino=acompanhamento-compra&compra=53210105902922024,NA,NA,NA,NA,NA,NA,NA,375000,3,60747318000162-1-000361/2024,NA,NA,585459.15,Pregão - Eletrônico,Aberto-Fechado,1,Edital,1,Divulgada no PNCP,Compras.gov.br,https://pncp.gov.br/api/pncp/v1/orgaos/60747318000162/compras/2024/361
11,2024,20241101,20241130,6,129,50,endpoint 7584 de 11401,6,FALSE,2024,2332,NA,NA,NA,NA,01409580000138,ESTADO DE GOIAS,N,E,2024-11-06T18:05:03Z,2024-11-06T18:05:03Z,2024-11-21T11:43:32Z,103970,Goiás,451505,AGENCIA GOIANA DE INFRAEST.E TRANSPORTES/GO,GO,Goiânia,5208707,1,pregão: modalidade de licitação obrigatória para aquisição de bens e serviços comuns,"Lei 14.133/2021, Art. 28, I",2024-11-19T08:00:00Z,2024-12-06T09:00:00Z,NA,202400005003724,"Aquisição de 06 Relógios Ponto Eletrônico com registro através de reconhecimento facial, sem emissão de comprovante físico, homologado pelo Ministério do Trabalho e Emprego e de acordo com as exigências da Portaria 671/2021 e de software de gestão e controle de ponto via web, compreendendo a instalação e o fornecimento de equipamentos, software, serviços gerais, treinamento e suporte técnico.",NA,NA,NA,NA,NA,NA,NA,NA,NA,1,01409580000138-1-002332/2024,NA,NA,29981.22,Pregão - Eletrônico,Aberto,1,Edital,1,Divulgada no PNCP,SISLOG - Sistema de Logística de Goiás,https://pncp.gov.br/api/pncp/v1/orgaos/01409580000138/compras/2024/2332
10,2024,20241001,20241031,6,304,50,endpoint 5357 de 11401,6,TRUE,2024,21,NA,NA,NA,NA,59052316000170,ITAPEVI CAMARA MUNICIPAL,L,M,2024-10-15T09:17:33Z,2024-10-15T09:17:33Z,2024-10-15T09:17:33Z,5,São Paulo,1,CAMARA MUNICIPAL DE ITAPEVI,SP,Itapevi,3522505,1,pregão: modalidade de licitação obrigatória para aquisição de bens e serviços comuns,"Lei 14.133/2021, Art. 28, I",2024-09-26T08:59:00Z,2024-09-26T09:00:00Z,NA,01/2024,"Contratação de empresa para o fornecimento e distribuição de kit lanches em atendimento ao programa Escola no Legislativo e ao programa Vereador Mirim, em conformidade com as especificações constantes no Termo de Referência (Anexo I), integrante deste Edital.",NA,NA,NA,NA,NA,NA,NA,NA,6994.8,1,59052316000170-1-000021/2024,NA,NA,9787.5,Pregão - Eletrônico,Aberto,1,Edital,1,Divulgada no PNCP,"CECAM - Consultoria Econômica, Contábil e Administrativa Municipal",https://pncp.gov.br/api/pncp/v1/orgaos/59052316000170/compras/2024/21
8,2024,20240801,20240831,8,1324,50,endpoint 2154 de 11401,8,FALSE,2024,424,NA,NA,NA,NA,01179647000195,MUNICIPIO DE PIRACANJUBA,N,M,2024-08-29T08:54:39Z,2024-08-29T08:54:39Z,2024-08-29T08:54:39Z,154561,Goiás,55,PIRACANJUBA - F M S,GO,Piracanjuba,5217104,19,"Dispensa de Licitação: para contratação que envolva valores inferiores a R$ 50.000,00 (cinquenta mil reais), no caso de outros serviços e compras","Lei 14.133/2021, Art. 75, II",2024-08-14T13:39:13Z,2024-08-28T13:39:14Z,"A SECRETARIA MUNICIPAL DE SAÚDE SOLICITA A COMPRA DE CAMISETAS PARA CAMPANHA OUTUBRO ROSA E NOVEMBRO AZUL, PARA REALIZAÇÃO DE AÇÕES EM PROL A SAÚDE DA MULHER E DA SAÚDE DO HOMEM, PAGOS COM RECURSOS DO PAB | COMPRAS AGRUPADAS DOS PEDIDOS: 10986",154561,"A SECRETARIA MUNICIPAL DE SAÚDE SOLICITA A COMPRA DE CAMISETAS PARA CAMPANHA OUTUBRO ROSA E NOVEMBRO AZUL, PARA REALIZAÇÃO DE AÇÕES EM PROL A SAÚDE DA MULHER E DA SAÚDE DO HOMEM, PAGOS COM RECURSOS DO",NA,NA,NA,NA,NA,NA,NA,NA,22064,4,01179647000195-1-000424/2024,NA,NA,22064,Dispensa,Dispensa Com Disputa,2,Aviso de Contratação Direta,1,Divulgada no PNCP,CENTI,https://pncp.gov.br/api/pncp/v1/orgaos/01179647000195/compras/2024/424
8,2024,20240801,20240831,4,44,50,endpoint 46 de 11401,4,FALSE,2024,181,NA,NA,NA,NA,83039842000184,MUNICIPIO DE VIDEIRA,N,M,2024-08-15T14:46:23Z,2024-08-15T14:46:23Z,2024-08-16T16:17:42Z,CCE 35,Santa Catarina,05001,PLANEJAMENTO E PROJETOS,SC,Videira,4219309,2,concorrência: modalidade de licitação para contratação de bens e serviços especiais e de obras e serviços comuns e especiais de engenharia,"Lei 14.133/2021, Art. 28, II",2024-08-16T21:00:00Z,2024-08-30T13:59:00Z,NA,197/2024,"CONTRATAÇÃO DE EMPRESA PARA EXECUTAR A PAVIMENTAÇÃO ASFÁLTICA DA RUA SEVERINO FÁVERO, LOCALIZADA NO BAIRRO DOIS PINHEIROS, EM VIDEIRA-SC, COM ÁREA DE INTERVENÇÃO DE 2.782,74M² E EXTENSÃO DE 544,00M, CONFORME PROJETO BÁSICO.",NA,NA,NA,NA,NA,NA,NA,NA,379518.05,1,83039842000184-1-000181/2024,NA,NA,379518.05,Concorrência - Eletrônica,Aberto,1,Edital,1,Divulgada no PNCP,IPM Sistemas,https://pncp.gov.br/api/pncp/v1/orgaos/83039842000184/compras/2024/181
10,2024,20241001,20241031,8,369,50,endpoint 6125 de 11401,8,FALSE,2024,814,NA,NA,NA,NA,46410866000171,MUNICIPIO DE JAGUARIUNA,N,M,2024-10-09T12:00:24Z,2024-10-09T12:00:24Z,2024-10-09T12:00:24Z,PL-438,São Paulo,02,PREFEITURA MUNICIPAL DE JAGUARIÚNA,SP,Jaguariúna,3524709,19,"Dispensa de Licitação: para contratação que envolva valores inferiores a R$ 50.000,00 (cinquenta mil reais), no caso de outros serviços e compras","Lei 14.133/2021, Art. 75, II",2024-05-28T08:00:00Z,2024-06-11T14:00:00Z,NA,PL-438/2024 - DE - 363,AQUISIÇÃO DE LONGARINAS E ESTANTES PARA USO NO NOVO ENDEREÇO DA SECRETARIA DE SEGURANÇA PUBLICA  E O CENTRO DE OPERAÇÕES E INTELIGÊNCIA - COI,NA,NA,NA,NA,NA,NA,NA,NA,4200,4,46410866000171-1-000814/2024,NA,NA,9758.5,Dispensa,Dispensa Com Disputa,2,Aviso de Contratação Direta,1,Divulgada no PNCP,SONNER SISTEMAS DE INFORMATICA LTDA,https://pncp.gov.br/api/pncp/v1/orgaos/46410866000171/compras/2024/814
8,2024,20240801,20240831,9,298,50,endpoint 2567 de 11401,9,FALSE,2024,42,NA,NA,NA,NA,90893439000183,SAO JERONIMO CAMARA MUNICIPAL,L,M,2024-08-26T13:50:45Z,2024-08-26T13:50:45Z,2024-08-26T13:50:45Z,114,Rio Grande do Sul,929911,CAMARA MUNICIPAL DE SÃO JERÔNIMO - RS,RS,São Jerônimo,4318408,13,Inexigibilidade de Licitação: f) treinamento e aperfeiçoamento de pessoal,"Lei 14.133/2021, Art. 74, III, f",NA,NA,NA,Solicitação 98/2024,"1 (Uma) Inscrição no Curso: OFICINA PRÁTICA AVANÇADA PARA NOVA LEI DE LICITAÇÕES E CONTRATOS ADMINISTRATIVOS (Lei nº 14.133/2021): Alterações, Procedimentos, Aspectos Práticos e Regulamentação (Com simulação de licitação e elaboração de documentos durante o curso, entrega de modelos) Módulo Específico– A se realizar na Inlegis Consultoria – Porto Alegre/RS dos dias 27 a 30 de Agosto de 2024, para o Servidor Luis Felipe Costa Krug.",NA,NA,NA,NA,NA,NA,NA,NA,1290,5,90893439000183-1-000042/2024,NA,NA,1290,Inexigibilidade,Não se aplica,3,Ato que autoriza a Contratação Direta,1,Divulgada no PNCP,Compras.gov.br,https://pncp.gov.br/api/pncp/v1/orgaos/90893439000183/compras/2024/42
9,2024,20240901,20240930,8,197,50,endpoint 3611 de 11401,8,FALSE,2024,42,NA,NA,NA,NA,08715618000140,FUNDO MUNICIPAL DE SAUDE,E,M,2024-09-05T12:27:32Z,2024-09-05T12:27:32Z,2024-09-05T12:27:32Z,51,Paraíba,930213,FUNDO MUNICIPAL DE SAÚDE DE JOÃO PESSOA - PB,PB,João Pessoa,2507507,38,"Dispensa de Licitação: nos casos de emergência ou de calamidade pública, quando caracterizada urgência de atendimento de situação que possa ocasionar prejuízo ou comprometer a continuidade dos serviços públicos ou a segurança de pessoas, obras, serviços, equipamentos e outros bens, públicos ou particulares, e somente para aquisição dos bens necessários ao atendimento da situação emergencial ou calamitosa e para as parcelas de obras e serviços que possam ser concluídas no prazo máximo de 1 (um) ano, contado da data de ocorrência da emergência ou da calamidade, vedadas a prorrogação dos respectivos contratos e a recontratação de empresa já contratada com base no disposto neste inciso","Lei 14.133/2021, Art. 75, VIII",NA,NA,NA,13.032/2024,"AQUISIÇÃO DE MEDICAMENTOS 
",NA,NA,NA,NA,NA,NA,NA,NA,82080,5,08715618000140-1-000042/2024,NA,NA,82080,Dispensa,Não se aplica,3,Ato que autoriza a Contratação Direta,1,Divulgada no PNCP,Compras.gov.br,https://pncp.gov.br/api/pncp/v1/orgaos/08715618000140/compras/2024/42
10,2024,20241001,20241031,8,1240,50,endpoint 6996 de 11401,8,FALSE,2024,9,NA,NA,NA,NA,23798621000168,IPRESIO - INSTITUTO DE PREVIDENCIA DO MUNICIPIO DE SANTA IZABEL DO OESTE,E,M,2024-10-30T16:17:52Z,2024-10-30T16:17:52Z,2024-10-30T16:17:52Z,PRD 8,Paraná,11001,Ipresio - Insituto de Previdência,PR,Santa Izabel do Oeste,4123808,19,"Dispensa de Licitação: para contratação que envolva valores inferiores a R$ 50.000,00 (cinquenta mil reais), no caso de outros serviços e compras","Lei 14.133/2021, Art. 75, II",NA,NA,NA,8/2024,"Contratação de Serviços de Assessoria Jurídica, para representar judicial e extrajudicial o Instituto de Previdência do Município de Santa Izabel do Oeste/PR - IPRESIO em processo previdenciário de correção monetária",NA,NA,NA,NA,NA,NA,NA,NA,5700,5,23798621000168-1-000009/2024,NA,NA,5700,Dispensa,Não se aplica,3,Ato que autoriza a Contratação Direta,1,Divulgada no PNCP,IPM Sistemas,https://pncp.gov.br/api/pncp/v1/orgaos/23798621000168/compras/2024/9
11,2024,20241101,20241130,8,1132,50,endpoint 9248 de 11401,8,FALSE,2025,5,NA,NA,NA,NA,75095679000149,UNIVERSIDADE FEDERAL DO PARANA,E,F,2024-11-29T13:25:43Z,2024-11-29T13:25:43Z,2024-11-29T13:25:43Z,274,Paraná,153079,UNIVERSIDADE FEDERAL DO PARANA,PR,Curitiba,4106902,45,"Dispensa de Licitação: para contratação de instituição brasileira que tenha por finalidade estatutária apoiar, captar e executar atividades de ensino, pesquisa, extensão, desenvolvimento institucional, científico e tecnológico e estímulo à inovação, inclusive para gerir administrativa e financeiramente essas atividades, ou para contratação de instituição dedicada à recuperação social da pessoa presa, desde que o contratado tenha inquestionável reputação ética e profissional e não tenha fins lucrativos","Lei 14.133/2021, Art. 75, XV",NA,NA,Apoio à gestão financeira e operacionalização das atividades do Curso de Especialização em GESTÃO EM ENGENHARIA 2024/,23075.043920/2024-20,Apoio à gestão financeira e operacionalização das atividades do Curso de Especialização em GESTÃO EM ENGENHARIA 2024/,NA,NA,NA,NA,NA,NA,NA,NA,58752,5,75095679000149-1-000005/2025,2024-11-29T13:25:42Z,NA,58752,Dispensa,Não se aplica,3,Ato que autoriza a Contratação Direta,1,Divulgada no PNCP,Compras.gov.br,https://pncp.gov.br/api/pncp/v1/orgaos/75095679000149/compras/2025/5
9,2024,20240901,20240930,8,702,50,endpoint 4116 de 11401,8,FALSE,2024,5739,NA,NA,NA,NA,46200846000176,MUNICIPIO DE LENCOIS PAULISTA,N,M,2024-09-17T16:21:03Z,2024-09-17T16:21:03Z,2024-09-17T16:21:03Z,16295,São Paulo,1,Prefeitura Municipal de Lençóis Paulista,SP,Lençóis Paulista,3526803,19,"Dispensa de Licitação: para contratação que envolva valores inferiores a R$ 50.000,00 (cinquenta mil reais), no caso de outros serviços e compras","Lei 14.133/2021, Art. 75, II",NA,NA,NA,S16295,AQUISICAO DE MEDICAMENTOS.,NA,CONFORME JUSTIFICATIVA INTERNA!,NA,NA,NA,NA,NA,NA,2600,5,46200846000176-1-005739/2024,NA,NA,2600,Dispensa,Não se aplica,3,Ato que autoriza a Contratação Direta,1,Divulgada no PNCP,CONAM Consultoria em Administração Municipal,https://pncp.gov.br/api/pncp/v1/orgaos/46200846000176/compras/2024/5739
12,2024,20241201,20241231,4,44,50,endpoint 9621 de 11401,4,FALSE,2024,25,NA,NA,NA,NA,34849691000114,SECRETARIA DE ESTADO DO DESENVOLVIMENTO ECONOMICO E DA CIENCIA E TECNOLOGIA,E,E,2024-12-23T07:11:06Z,2024-12-23T07:11:06Z,2024-12-23T07:11:06Z,90009,Piauí,450436,EPI-SECRETARIA DO DESENVOLVIMENTO ECONOMICO,PI,Teresina,2211001,2,concorrência: modalidade de licitação para contratação de bens e serviços especiais e de obras e serviços comuns e especiais de engenharia,"Lei 14.133/2021, Art. 28, II",2024-12-23T08:00:00Z,2025-01-20T09:00:00Z,Para as respostas de esclarecimentos e impugnações deste edital acesse o link: https://cnetmobile.estaleiro.serpro.gov.br/comprasnet-web/public/landing?destino=quadro-informativo&compra=45043603900092024,00152.000698/2023,"Contratação de empresa de engenharia para a Execução da obra de ADEQUAÇÃO DE 58,33KM DE VIAS COM REVESTIMENTO PRIMARIO NO MUNICIPIO DE JACOBINA (PI).",https://cnetmobile.estaleiro.serpro.gov.br/comprasnet-web/public/landing?destino=acompanhamento-compra&compra=45043603900092024,NA,NA,NA,NA,NA,NA,NA,NA,3,34849691000114-1-000025/2024,2024-12-26T14:19:48Z,NA,2599914.9,Concorrência - Eletrônica,Aberto-Fechado,1,Edital,1,Divulgada no PNCP,Compras.gov.br,https://pncp.gov.br/api/pncp/v1/orgaos/34849691000114/compras/2024/25
11,2024,20241101,20241130,6,423,50,endpoint 7878 de 11401,6,FALSE,2024,56,NA,NA,NA,NA,18625129000150,MUNICIPIO DE CALDAS,N,M,2024-11-21T10:23:42Z,2024-11-21T10:23:42Z,2024-12-18T11:28:45Z,42,Minas Gerais,319,Unidade Única,MG,Caldas,3110301,1,pregão: modalidade de licitação obrigatória para aquisição de bens e serviços comuns,"Lei 14.133/2021, Art. 28, I",2024-11-21T10:23:42Z,2024-12-04T09:00:00Z,NA,285/2024,IMPLANTAÇÃO DE REGISTRO DE PREÇOS PARA AQUISIÇÃO DE MATERIAL ESPORTIVO PARA A MANUTENCAO DAS ATIVIDADES DESPORTIVAS DO MUNICÍPIO DE CALDASMG.,app2.ammlicita.org.br/pesquisa/47825,NA,NA,NA,NA,NA,NA,NA,NA,1,18625129000150-1-000056/2024,2024-12-18T11:28:45Z,NA,1600035.76,Pregão - Eletrônico,Aberto,1,Edital,1,Divulgada no PNCP,Licitar Digital - Plataforma de Licitações Online,https://pncp.gov.br/api/pncp/v1/orgaos/18625129000150/compras/2024/56
8,2024,20240801,20240831,8,14,50,endpoint 844 de 11401,8,FALSE,2024,2750,NA,NA,NA,NA,45709920000111,MUNICIPIO DE BEBEDOURO,N,M,2024-08-01T10:19:36Z,2024-08-01T10:19:36Z,2024-08-01T10:19:36Z,01216,São Paulo,1,Prefeitura Municipal de Bebedouro,SP,Bebedouro,3506102,19,"Dispensa de Licitação: para contratação que envolva valores inferiores a R$ 50.000,00 (cinquenta mil reais), no caso de outros serviços e compras","Lei 14.133/2021, Art. 75, II",NA,NA,NA,S01216,AQUISICAO DE MATERIAIS DIVERSOS,NA,CONFORME JUSTIFICATIVA INTERNA!,NA,NA,NA,NA,NA,NA,26900,5,45709920000111-1-002750/2024,NA,NA,26900,Dispensa,Não se aplica,3,Ato que autoriza a Contratação Direta,1,Divulgada no PNCP,CONAM Consultoria em Administração Municipal,https://pncp.gov.br/api/pncp/v1/orgaos/45709920000111/compras/2024/2750
10,2024,20241001,20241031,6,549,50,endpoint 5602 de 11401,6,FALSE,2024,1029,NA,NA,NA,NA,08241739000105,ESTADO DO RIO GRANDE DO NORTE,N,E,2024-10-25T07:04:55Z,2024-10-25T07:04:55Z,2024-10-25T07:04:55Z,90162,Rio Grande do Norte,925777,COMPANHIA DE ÁGUAS E ESGOTOS DO RN,RN,Natal,2408102,1,pregão: modalidade de licitação obrigatória para aquisição de bens e serviços comuns,"Lei 14.133/2021, Art. 28, I",2024-10-25T08:00:00Z,2024-11-11T09:00:00Z,"Caso haja alguma divergência na especificação do produto entre a relação deitens do sistema Compras.gov e a tabela de especificações do Termo de Referência, prevalecerá a do Termo de Referência anexo ao Edital.   Para as respostas de esclarecimentos e impugnações deste edital acesse o link: https://cnetmobile.estaleiro.serpro.gov.br/comprasnet-web/public/landing?destino=quadro-informativo&compra=92577705901622024",03210327.000337,"Registro de preços para eventual aquisição de lençol deborracha natural lonada, conforme condições, quantidades e exigências estabelecidas neste Edital e no Termo de Referência (Ordem de Licitação nº 12109/2024 – DA).",https://cnetmobile.estaleiro.serpro.gov.br/comprasnet-web/public/landing?destino=acompanhamento-compra&compra=92577705901622024,NA,NA,NA,NA,NA,NA,NA,50060,1,08241739000105-1-001029/2024,NA,NA,85483.62,Pregão - Eletrônico,Aberto,1,Edital,1,Divulgada no PNCP,Compras.gov.br,https://pncp.gov.br/api/pncp/v1/orgaos/08241739000105/compras/2024/1029
8,2024,20240801,20240831,9,67,50,endpoint 2336 de 11401,9,FALSE,2024,19,NA,NA,NA,NA,40514168000130,CONSELHO REG DE MEDICINA VETERINARIA DO ESTADO DA BAHIA,E,F,2024-08-07T09:26:57Z,2024-08-07T09:26:57Z,2024-08-07T09:26:57Z,2,Bahia,389194,CONSELHO REG. DE MEDICINA VETERINARIA,BA,Salvador,2927408,6,"Inexigibilidade de Licitação: aquisição de materiais, de equipamentos ou de gêneros ou contratação de serviços que só possam ser fornecidos por produtor, empresa ou representante comercial exclusivos","Lei 14.133/2021, Art. 74, I",NA,NA,NA,0320016.00000034/2024-28,"Contratação de serviços de consulta à base de dados de Pendências Financeiras, registros de títulos ou dívidas vencidos e não pagos, relativamente a pessoas naturais e jurídicas, prestado pelo Serasa S/A.",NA,NA,NA,NA,NA,NA,NA,NA,11413.44,5,40514168000130-1-000019/2024,NA,NA,11413.44,Inexigibilidade,Não se aplica,3,Ato que autoriza a Contratação Direta,1,Divulgada no PNCP,Compras.gov.br,https://pncp.gov.br/api/pncp/v1/orgaos/40514168000130/compras/2024/19
11,2024,20241101,20241130,6,149,50,endpoint 7604 de 11401,6,TRUE,2024,255,NA,NA,NA,NA,25107525000151,MUNICIPIO DE SENADOR CANEDO,N,M,2024-11-07T10:39:19Z,2024-11-07T10:39:19Z,2024-11-07T10:39:19Z,77,Goiás,0001,FUNDO MUNICIPAL DE SAÚDE,GO,Senador Canedo,5220454,1,pregão: modalidade de licitação obrigatória para aquisição de bens e serviços comuns,"Lei 14.133/2021, Art. 28, I",2024-11-07T17:00:00Z,2024-11-25T08:30:00Z,NA,020422/24,"[Portal de Compras Públicas] - REGISTRO DE PREÇOS PARA FUTURA E EVENTUAL CONTRATAÇÃO DE EMPRESA PARA LOCAÇÃO DE VEÍCULO AUTOMOTORES COM MOTORISTA, ABRANGENDO O SEGURO VEICULAR COMPLETO, MANUTENÇÃO PREVENTIVA E CORRETIVA, LIMPEZA E HIGIENIZAÇÃO, MONITORAMENTO E RASTREAMENTO, PARA ATENDER AS DEMANDAS ESPECÍFICAS DA SECRETÁRIA MUNICIPAL DE SAÚDE DO MUNICÍPIO DE SENADOR CANEDO.",https://portaldecompraspublicas.com.br/processos/GO/Prefeitura-Municipal-de-Senador-Canedo-992/RPE-77-2024-2024-347376,NA,NA,NA,NA,NA,NA,NA,7103799.96,1,25107525000151-1-000255/2024,2025-01-20T11:17:45Z,NA,12505719.96,Pregão - Eletrônico,Aberto,1,Edital,1,Divulgada no PNCP,ECustomize Consultoria em Software S.A,https://pncp.gov.br/api/pncp/v1/orgaos/25107525000151/compras/2024/255
10,2024,20241001,20241031,8,1123,50,endpoint 6879 de 11401,8,FALSE,2024,1662,NA,NA,NA,NA,83021873000108,MUNICIPIO DE SAO LOURENCO D'OESTE,N,M,2024-10-28T15:02:59Z,2024-10-28T15:02:59Z,2024-10-28T15:02:59Z,10735,Santa Catarina,1,PREFEITURA MUNICIPAL DE SÃO LOURENÇO DO OESTE,SC,São Lourenço do Oeste,4216909,19,"Dispensa de Licitação: para contratação que envolva valores inferiores a R$ 50.000,00 (cinquenta mil reais), no caso de outros serviços e compras","Lei 14.133/2021, Art. 75, II",NA,NA,NA,10735,"PAGAMENTO DE TAXAS DO ECAD, REFERENTE À REALIZAÇÃO DO 51° FLIC (FESTIVAL LOURENCIANO DE INTERPRETAÇÃO DA CANÇÃO), REALIZADO NO PERÍODO DE 24 A 27 DE JULHO DE 2024, NO CENTRO DE EVENTOS GOVERNADOR LUIZ HENRIQUE DA SILVEIRA DE SÃO LOURENÇO DO OESTE – SC.",NA,NA,NA,NA,NA,NA,NA,NA,NA,5,83021873000108-1-001662/2024,NA,NA,23622.95,Dispensa,Não se aplica,3,Ato que autoriza a Contratação Direta,1,Divulgada no PNCP,Betha Sistemas,https://pncp.gov.br/api/pncp/v1/orgaos/83021873000108/compras/2024/1662
10,2024,20241001,20241031,6,4,50,endpoint 5057 de 11401,6,FALSE,2024,39,NA,NA,NA,NA,00394429018824,COMANDO DA AERONAUTICA,E,F,2024-10-01T07:20:54Z,2024-10-01T07:20:54Z,2024-11-14T07:50:10Z,90050,Amazonas,120630,GRUPAMENTO DE APOIO DE MANAUS,AM,Manaus,1302603,1,pregão: modalidade de licitação obrigatória para aquisição de bens e serviços comuns,"Lei 14.133/2021, Art. 28, I",2024-11-14T08:00:00Z,2024-12-03T11:00:00Z,Para as respostas de esclarecimentos e impugnações deste edital acesse o link: https://cnetmobile.estaleiro.serpro.gov.br/comprasnet-web/public/landing?destino=quadro-informativo&compra=12063005900502024,67615006113202447,"Contratação de empresa especializada na prestação de serviços de administração e gerenciamento de frota para a manutenção preventiva e corretiva de veículos e equipamentos, de forma continuada, junto à rede de estabelecimentos credenciados por meio de sistema informatizado, incluindo o fornecimento de peças e serviços, para atender os veículos oficiais dos Destacamentos subordinados ao Quarto Centro Integrado de Defesa Aérea e Controle de Tráfego Aéreo",https://cnetmobile.estaleiro.serpro.gov.br/comprasnet-web/public/landing?destino=acompanhamento-compra&compra=12063005900502024,NA,NA,NA,NA,NA,NA,NA,NA,3,00394429018824-1-000039/2024,NA,NA,0,Pregão - Eletrônico,Aberto-Fechado,1,Edital,1,Divulgada no PNCP,Compras.gov.br,https://pncp.gov.br/api/pncp/v1/orgaos/00394429018824/compras/2024/39
10,2024,20241001,20241031,8,781,50,endpoint 6537 de 11401,8,FALSE,2024,12,NA,NA,NA,NA,10943973000118,AGENCIA DO MEIO AMBIENTE DE RESENDE - AMAR,E,M,2024-10-18T12:59:10Z,2024-10-18T12:59:10Z,2024-10-18T12:59:10Z,DE 23,Rio de Janeiro,0905,AGÊNCIA MUNICIPAL MEIO AMBIENTE RESENDE - FUNCAM,RJ,Resende,3304201,19,"Dispensa de Licitação: para contratação que envolva valores inferiores a R$ 50.000,00 (cinquenta mil reais), no caso de outros serviços e compras","Lei 14.133/2021, Art. 75, II",2024-10-21T08:00:00Z,2024-10-25T08:59:00Z,NA,0016468,"AQUISIÇÃO DE LIXEIRA CONTAINER, para atender às necessidades Da Agência do Meio Ambiente do Município de Resende.",https://bnccompras.com/Process/ProcessView?param1=[gkz]4KINi72ibtQpIkYB5VEUx8pDFwf2OmvO8GxvMqb5s9ZnuAO20o_JsUAzbsXK28QaEU47md2Q8E/5JHu/Whp7xzkBXnsfAUDK5cWT2XR_FmI=,NA,NA,NA,NA,NA,NA,NA,NA,4,10943973000118-1-000012/2024,NA,NA,2398,Dispensa,Dispensa Com Disputa,2,Aviso de Contratação Direta,1,Divulgada no PNCP,Bolsa Nacional De Compras - BNC,https://pncp.gov.br/api/pncp/v1/orgaos/10943973000118/compras/2024/12
11,2024,20241101,20241130,8,932,50,endpoint 9048 de 11401,8,FALSE,2024,1017,NA,NA,NA,NA,01613067000164,MUNICIPIO DE TURUCU,N,M,2024-11-26T13:28:54Z,2024-11-26T13:28:54Z,2024-11-26T13:28:54Z,1617 | Processo 1674,Rio Grande do Sul,0000,EXECUTIVO MUNICIPAL,RS,Turuçu,4322327,19,"Dispensa de Licitação: para contratação que envolva valores inferiores a R$ 50.000,00 (cinquenta mil reais), no caso de outros serviços e compras","Lei 14.133/2021, Art. 75, II",NA,NA,NA,1617,PELA DESPESA EMPENHADA REFERENTE A EQUIPAMENTO PARA MANUTENCAO DO SISTEMA DE INTERNET DA UNIDADE DE SAUDE CENTRAL.,NA,NA,NA,NA,NA,NA,NA,NA,248,5,01613067000164-1-001017/2024,2024-11-26T13:28:53Z,NA,500,Dispensa,Não se aplica,3,Ato que autoriza a Contratação Direta,1,Divulgada no PNCP,Governançabrasil Tecnologia e Gestão em Serviços,https://pncp.gov.br/api/pncp/v1/orgaos/01613067000164/compras/2024/1017
12,2024,20241201,20241231,6,369,50,endpoint 10001 de 11401,6,FALSE,2024,529,NA,NA,NA,NA,27165554000103,MUNICIPIO DE VILA VELHA,N,M,2024-12-19T07:19:33Z,2024-12-19T07:19:33Z,2025-01-09T07:21:47Z,90183,Espírito Santo,985703,PREFEITURA MUNICIPAL DE VILA VELHA - ES,ES,Vila Velha,3205200,1,pregão: modalidade de licitação obrigatória para aquisição de bens e serviços comuns,"Lei 14.133/2021, Art. 28, I",2024-12-19T09:00:00Z,2025-01-09T10:00:00Z,"Os Itens Descritos São Apenas Para Fins De Cadastro No Sistema. Deverá O Licitante, Observar As Características Dos Itens Dispostas No Edital E No Termo De Referência. Para as respostas de esclarecimentos e impugnações deste edital acesse o link: https://cnetmobile.estaleiro.serpro.gov.br/comprasnet-web/public/landing?destino=quadro-informativo&compra=98570305901832024",73150/2024,Aquisição De Equipamentos Para Atender As Necessidades Do Programa De Fortalecimento Emergencial Do Atendimento Do Cadastro Único No Sistema Único Da Assistência Social - Procad-Suas.,https://cnetmobile.estaleiro.serpro.gov.br/comprasnet-web/public/landing?destino=acompanhamento-compra&compra=98570305901832024,NA,NA,NA,NA,NA,NA,NA,NA,3,27165554000103-1-000529/2024,2025-01-09T07:21:47Z,NA,117148.5,Pregão - Eletrônico,Aberto-Fechado,1,Edital,4,Suspensa,Compras.gov.br,https://pncp.gov.br/api/pncp/v1/orgaos/27165554000103/compras/2024/529
11,2024,20241101,20241130,6,250,50,endpoint 7705 de 11401,6,FALSE,2024,114,NA,NA,NA,NA,18715474000185,MUNICIPIO DE IGARAPE,N,M,2024-11-12T10:45:33Z,2024-11-12T10:45:33Z,2024-12-18T12:47:17Z,72,Minas Gerais,1132,Unidade Única,MG,Igarapé,3130101,1,pregão: modalidade de licitação obrigatória para aquisição de bens e serviços comuns,"Lei 14.133/2021, Art. 28, I",2024-11-12T10:45:33Z,2024-11-27T10:00:00Z,NA,134/2024,"Aquisição de 01 (um) veículo tipo Pick-up, cabine simples, 0 (ZERO) KM, novo de 
fábrica, em atendimento ao termo do Convênio de Saída nº 1491001995/2023/SEGOV/PADEM, que entre si celebram o estado de Minas Gerais e 
a Prefeitura Municipal de Igarapé.",app2.licitardigital.com.br/pesquisa/47214,NA,NA,NA,NA,NA,NA,NA,102900,3,18715474000185-1-000114/2024,2024-12-18T12:47:17Z,NA,119330,Pregão - Eletrônico,Aberto-Fechado,1,Edital,1,Divulgada no PNCP,Licitar Digital - Plataforma de Licitações Online,https://pncp.gov.br/api/pncp/v1/orgaos/18715474000185/compras/2024/114
9,2024,20240901,20240930,8,1032,50,endpoint 4446 de 11401,8,FALSE,2024,712,NA,NA,NA,NA,34621748000123,UNIVERSIDADE FEDERAL DO PARA,E,F,2024-09-25T12:21:15Z,2024-09-25T12:21:15Z,2024-09-25T12:21:15Z,90455,Pará,153063,UNIVERSIDADE FEDERAL DO PARA/PA,PA,Belém,1501402,19,"Dispensa de Licitação: para contratação que envolva valores inferiores a R$ 50.000,00 (cinquenta mil reais), no caso de outros serviços e compras","Lei 14.133/2021, Art. 75, II",2024-09-25T12:21:11Z,2024-09-30T07:59:59Z,Valor da compra abaixo do limite legal.,061718/2024-08,"Aquisição de material de consumo, solicitada pelo professor Denio Ramam Carvalho de Oliveira, para atender a demanda do  Programa de Pós-Graduação em Engenharia Civil do ITEC/UFPA.",NA,NA,NA,NA,NA,NA,NA,NA,NA,4,34621748000123-1-000712/2024,NA,NA,6432.5,Dispensa,Dispensa Com Disputa,2,Aviso de Contratação Direta,1,Divulgada no PNCP,Compras.gov.br,https://pncp.gov.br/api/pncp/v1/orgaos/34621748000123/compras/2024/712
12,2024,20241201,20241231,12,6,50,endpoint 11388 de 11401,12,FALSE,2024,23,NA,NA,NA,NA,34918342000107,CONSELHO REGIONAL DE NUTRICIONISTAS DA 7 REGIAO,E,F,2024-12-09T10:22:11Z,2024-12-09T10:22:11Z,2024-12-09T10:22:11Z,15,Pará,389223,CONSELHO REGIONAL DE NUTRICIONISTAS/7A REGIAO,PA,Belém,1501402,141,Credenciamento: na hipótese de contratação com seleção a critério de terceiros: caso em que a seleção do contratado está a cargo do beneficiário direto da prestação.,"Lei 14.133/2021, Art. 79, II",2024-12-10T08:00:00Z,2025-12-10T18:00:00Z,"Para mais informações, acessar o site crn7.org ou através dos endereços de e-mail: contato@crn7.org.br/licitacao@crn7.org",070715.000078/2024-39,"CREDENCIAMENTO para realização de parcerias com pessoas jurídicas, com fins lucrativos ou não, que atuem em áreas diversas para CONCESSÃO DE DESCONTOS REAIS de, no mínimo, 15% (quinze por cento) sobre seus serviços e/ou produtos, beneficiando a classe dos Técnicos em Nutrição e Dietética (TND), Nutricionistas, e os servidores que possuem vínculo empregatício com o órgão dos Estados que abrangem a jurisdição do CRN-7.",NA,NA,NA,NA,NA,NA,NA,NA,NA,5,34918342000107-1-000023/2024,2024-12-09T10:22:11Z,NA,0,Credenciamento,Não se aplica,4,Edital de Chamamento Público,1,Divulgada no PNCP,Compras.gov.br,https://pncp.gov.br/api/pncp/v1/orgaos/34918342000107/compras/2024/23
10,2024,20241001,20241031,9,101,50,endpoint 7158 de 11401,9,FALSE,2024,548,NA,NA,NA,NA,06060917000168,ESTADO DO MARANHAO - SECRETARIA DE ESTADO DA CULTURA,E,E,2024-10-10T13:51:22Z,2024-10-10T13:51:22Z,2024-10-10T13:51:22Z,SECMA/00613/2024,Maranhão,2251,SECRETARIA DE ESTADO DA CULTURA,MA,São Luís,2111300,7,"Inexigibilidade de Licitação: contratação de profissional do setor artístico, diretamente ou por meio de empresário exclusivo, desde que consagrado pela crítica especializada ou pela opinião pública","Lei 14.133/2021, Art. 74, II",NA,NA,NA,SECMA/00613/2024,contratação de serviços artísticos da atração BOI DA LUA para fins de apresentação em evento oficial ou apoiado por esta Secretaria,NA,NA,NA,NA,NA,NA,NA,NA,28000,5,06060917000168-1-000548/2024,NA,NA,28000,Inexigibilidade,Não se aplica,3,Ato que autoriza a Contratação Direta,1,Divulgada no PNCP,AZ INFORMATICA LTDA,https://pncp.gov.br/api/pncp/v1/orgaos/06060917000168/compras/2024/548
8,2024,20240801,20240831,8,190,50,endpoint 1020 de 11401,8,FALSE,2024,425,NA,NA,NA,NA,48344022000103,DEPARTAMENTO DE ESGOTO E AGUA DE GUAIRA,E,M,2024-08-06T10:40:30Z,2024-08-06T10:40:30Z,2024-08-06T10:40:30Z,1115,São Paulo,1,DEPARTAMENTO DE ESGOTO E AGUA DE GUAIRA,SP,Guaíra,3517406,19,"Dispensa de Licitação: para contratação que envolva valores inferiores a R$ 50.000,00 (cinquenta mil reais), no caso de outros serviços e compras","Lei 14.133/2021, Art. 75, II",NA,NA,NA,319/2024,CONTRATAÇÃO DE EMPRESA PARA FORNECIMENTO E INSTALAÇÃO DE PLACAS DE OBRA,https://licitamaisbrasil.com.br/detalhes-do-edital/yMasHNK6o7RMYPvj,NA,NA,NA,NA,NA,NA,NA,28800,5,48344022000103-1-000425/2024,NA,NA,41600,Dispensa,Não se aplica,3,Ato que autoriza a Contratação Direta,1,Divulgada no PNCP,Licita + Brasil,https://pncp.gov.br/api/pncp/v1/orgaos/48344022000103/compras/2024/425
