codigo_pdm,nome_pdm,codigo_br,nome_item
348,Cimetidina,354314,"354314 - Cimetidina, Concentração:400 MG"
348,Cimetidina,340167,"340167 - Cimetidina, Concentração:150 MG/ML, Forma Farmaceutica:Solução Injetável"
348,Cimetidina,267627,"267627 - Cimetidina, Dosagem:200 MG"
349,Ampicilina,448843,"448843 - Ampicilina, Concentração:50 MG/ML, Forma Farmaceutica:Suspensão Oral"
349,Ampicilina,442727,"442727 - Ampicilina, Concentração:500 MG, Forma Farmaceutica:Pó P/ Solução Injetável"
349,Ampicilina,442689,"442689 - Ampicilina, Composição:Associada Ao Sulbactam, Concentração:2 G + 1 G, Forma Farmaceutica:Pó P/ Solução Injetável"
349,Ampicilina,270556,"270556 - Ampicilina, Apresentação:Associada Com Sulbactam, Dosagem:1g + 500mg, Tipo Uso:Injetável"
349,Ampicilina,269359,"269359 - Ampicilina, Dosagem:250 MG"
349,Ampicilina,268207,"268207 - Ampicilina, Dosagem:1 G, Tipo Uso:Injetável"
349,Ampicilina,267515,"267515 - Ampicilina, Dosagem:500 MG"
351,Aminofilina,296272,"296272 - Aminofilina, Dosagem:240 MG/ML, Forma Farmacêutica:Solução Oral-Gotas"
351,Aminofilina,292402,"292402 - Aminofilina, Dosagem:24 MG/ML, Forma Farmacêutica:Solução Injetável"
351,Aminofilina,269810,"269810 - Aminofilina, Dosagem:200 MG"
351,Aminofilina,267511,"267511 - Aminofilina, Dosagem:100 MG"
352,Butoconazol,448693,"448693 - Butoconazol, Concentração:20 MG/G, Forma Farmacêutica:Creme Vaginal, Adicional:Com Aplicadores"
358,Vildagliptina,397649,"397649 - Vildagliptina, Concentração:100 MG"
358,Vildagliptina,362802,"362802 - Vildagliptina, Concentração:50 MG"
359,Zanamivir,393313,"393313 - Zanamivir, Concentração:5 MG, Forma Farmacêutica:Cápsula Pó Inalante, Característica Adicional:Com Aplicador"
359,Zanamivir,377008,"377008 - Zanamivir, Concentração:5 MG, Forma Farmacêutica:Pó Inalante, Característica Adicional:Com Aplicador"
360,Oxacilina,268513,"268513 - Oxacilina, Dosagem:500 MG, Composição:Injetável"
362,Hidromorfona,396562,"396562 - Hidromorfona, Composição:Cloridrato, Concentração:32 MG, Forma Farmacêutica:Liberação Gradual"
362,Hidromorfona,396561,"396561 - Hidromorfona, Composição:Cloridrato, Concentração:16 MG, Forma Farmacêutica:Liberação Gradual"
362,Hidromorfona,396560,"396560 - Hidromorfona, Composição:Cloridrato, Concentração:8 MG, Forma Farmacêutica:Liberação Gradual"
363,Aciclovir,628716,"628716 - Aciclovir, Concentração:40 MG/ML, Forma Farmaceutica:Suspensão Oral"
363,Aciclovir,438418,"438418 - Aciclovir, Concentração:40 MG/ML, Forma Farmaceutica:Solução Oral, Adicional:Formulação Especialmente Manipulada"
363,Aciclovir,268375,"268375 - Aciclovir, Dosagem:50 MG/G, Uso:Creme"
363,Aciclovir,268374,"268374 - Aciclovir, Dosagem:250 MG, Uso:Injetável"
363,Aciclovir,268373,"268373 - Aciclovir, Dosagem:30 MG/G, Uso:Pomada Oftálmica"
363,Aciclovir,268372,"268372 - Aciclovir, Dosagem:400 MG"
363,Aciclovir,268370,"268370 - Aciclovir, Dosagem:200 MG"
365,Benzilpenicilina,365543,"365543 - Benzilpenicilina, Composição:Benzatina, Concentração:150.000 UI/ML, Forma Farmaceutica:Suspensão Injetável"
365,Benzilpenicilina,365542,"365542 - Benzilpenicilina, Composição:Benzatina, Concentração:300.000 UI/ML, Forma Farmaceutica:Suspensão Injetável"
365,Benzilpenicilina,270617,"270617 - Benzilpenicilina, Apresentação:Potássica, Dosagem:10.000.000ui, Uso:Injetável"
365,Benzilpenicilina,270616,"270616 - Benzilpenicilina, Apresentação:Potássica, Dosagem:5.000.000ui, Uso:Injetável"
365,Benzilpenicilina,270615,"270615 - Benzilpenicilina, Apresentação:Potássica, Dosagem:1.000.000ui, Uso:Injetável"
365,Benzilpenicilina,270614,"270614 - Benzilpenicilina, Apresentação:Potássica, Composição:Associada À Penicilina Procainada, Dosagem:100.000ui + 300.000ui, Uso:Injetável"
365,Benzilpenicilina,270613,"270613 - Benzilpenicilina, Apresentação:Benzatina, Dosagem:600.000ui, Uso:Injetável"
365,Benzilpenicilina,270612,"270612 - Benzilpenicilina, Apresentação:Benzatina, Dosagem:1.200.000ui, Uso:Injetável"
353,Ácido Acetilsalicílico,627554,"627554 - Ácido Acetilsalicílico, Composição:Associado À Sinvastatina, Concentração:100 Mg + 10 MG"
353,Ácido Acetilsalicílico,627553,"627553 - Ácido Acetilsalicílico, Composição:Cafeína, Fenilefrina E Dexclorfeniramina, Concentração:400 Mg + 30 Mg + 10 Mg + 1 MG"
353,Ácido Acetilsalicílico,627552,"627552 - Ácido Acetilsalicílico, Composição:Associado À Cafeína E Clorfeniramina, Concentração:324 Mg + 32,4 Mg + 2 MG"
353,Ácido Acetilsalicílico,627551,"627551 - Ácido Acetilsalicílico, Composição:Associado À Cafeína, Concentração:500 Mg + 50 MG"
353,Ácido Acetilsalicílico,627549,"627549 - Ácido Acetilsalicílico, Concentração:500 MG, Forma Farmaceutica:Comprimido Efervescente"
353,Ácido Acetilsalicílico,627548,"627548 - Ácido Acetilsalicílico, Composição:Associado Ao Ácido Ascórbico, Concentração:400 Mg + 200 MG, Forma Farmaceutica:Comprimido Mastigável"
353,Ácido Acetilsalicílico,627547,"627547 - Ácido Acetilsalicílico, Concentração:100 MG, Forma Farmaceutica:Comprimido Mastigável"
353,Ácido Acetilsalicílico,624643,"624643 - Ácido Acetilsalicílico, Concentração:10 MG/ML, Forma Farmaceutica:Solução Oral, Adicional:Formulação Especialmente Manipulada"
353,Ácido Acetilsalicílico,608134,"608134 - Ácido Acetilsalicílico, Composição:Assoc. Ác.Cítrico,Bicarbonato E Carbonato De Sódio, Concentração:325 Mg + 1413 Mg + 1854 Mg + 400 MG, Forma Farmaceutica:Comprimido Efervescente"
353,Ácido Acetilsalicílico,605856,"605856 - Ácido Acetilsalicílico, Composição:Associado À Cafeína, Concentração:400 Mg + 50 MG"
353,Ácido Acetilsalicílico,604583,"604583 - Ácido Acetilsalicílico, Composição:Associado Ao Clopidogrel, Concentração:100 Mg + 75 MG"
353,Ácido Acetilsalicílico,601419,"601419 - Ácido Acetilsalicílico, Composição:Associado À Cafeína, Concentração:500 Mg + 30 MG"
353,Ácido Acetilsalicílico,480351,"480351 - Ácido Acetilsalicílico, Composição:Associado À Cafeína, Concentração:650 Mg + 65 MG"
353,Ácido Acetilsalicílico,434955,"434955 - Ácido Acetilsalicílico, Composição:Assoc. À Mepiramina + Hidróxido Alumínio+ Cafeína, Concentração:150 Mg + 15 Mg + 150 Mg + 50 MG"
353,Ácido Acetilsalicílico,381165,"381165 - Ácido Acetilsalicílico, Concentração:85 MG"
353,Ácido Acetilsalicílico,381069,"381069 - Ácido Acetilsalicílico, Concentração:162 MG, Forma Farmaceutica:Tamponado"
353,Ácido Acetilsalicílico,357060,"357060 - Ácido Acetilsalicílico, Composição:Associado À Sinvastatina, Concentração:100 Mg + 40 MG"
353,Ácido Acetilsalicílico,343877,"343877 - Ácido Acetilsalicílico, Concentração:200 MG, Forma Farmaceutica:Tamponado"
353,Ácido Acetilsalicílico,337679,"337679 - Ácido Acetilsalicílico, Concentração:300 MG, Forma Farmaceutica:Liberação Entérica"
353,Ácido Acetilsalicílico,337678,"337678 - Ácido Acetilsalicílico, Concentração:100 MG, Forma Farmaceutica:Liberação Entérica"
353,Ácido Acetilsalicílico,333801,"333801 - Ácido Acetilsalicílico, Apresentação:Associado Ao Dextropropoxifeno, Dosagem:325 Mg + 50 MG"
353,Ácido Acetilsalicílico,295042,"295042 - Ácido Acetilsalicílico, Dosagem:500 MG, Tipo Uso:Tamponado"
353,Ácido Acetilsalicílico,293333,"293333 - Ácido Acetilsalicílico, Apresentação:Associado Com Sinvastatina, Dosagem:100mg + 20 MG"
353,Ácido Acetilsalicílico,290848,"290848 - Ácido Acetilsalicílico, Dosagem:300 MG"
353,Ácido Acetilsalicílico,285055,"285055 - Ácido Acetilsalicílico, Dosagem:81 Mg, Tipo Uso:Tamponado"
353,Ácido Acetilsalicílico,285007,"285007 - Ácido Acetilsalicílico, Apresentação:Associado Com Isossorbida Mononitrato, Dosagem:100mg + 40mg"
353,Ácido Acetilsalicílico,270968,"270968 - Ácido Acetilsalicílico, Apresentação:Assoc. Ác.Cítrico,Bicarbonato E Carbonato De Sódio, Dosagem:325mg + 1,575g + 1,7g + 400mg, Tipo Uso:Efervescente"
353,Ácido Acetilsalicílico,270965,"270965 - Ácido Acetilsalicílico, Dosagem:100 MG, Tipo Uso:Tamponado"
353,Ácido Acetilsalicílico,270550,"270550 - Ácido Acetilsalicílico, Apresentação:Associado Com Isossorbida Mononitrato, Dosagem:100mg + 60mg"
353,Ácido Acetilsalicílico,270548,"270548 - Ácido Acetilsalicílico, Apresentação:Tamponado, Dosagem:325mg"
353,Ácido Acetilsalicílico,270546,"270546 - Ácido Acetilsalicílico, Apresentação:Associado Com Ácido Ascórbico, Dosagem:400mg + 240mg, Tipo Uso:Efervescente"
353,Ácido Acetilsalicílico,267502,"267502 - Ácido Acetilsalicílico, Dosagem:100 MG"
353,Ácido Acetilsalicílico,267501,"267501 - Ácido Acetilsalicílico, Dosagem:500 MG"
361,Medroxiprogesterona Acetato,416731,"416731 - Medroxiprogesterona Acetato, Composição:Associada Ao Estradiol Cipionato, Concentração:50 Mg + 10 MG/ML, Forma Farmaceutica:Suspensão Injetável"
361,Medroxiprogesterona Acetato,398703,"398703 - Medroxiprogesterona Acetato, Concentração:50 MG/ML, Forma Farmaceutica:Suspensão Injetável"
361,Medroxiprogesterona Acetato,398702,"398702 - Medroxiprogesterona Acetato, Concentração:150 MG/ML, Forma Farmaceutica:Suspensão Injetável"
361,Medroxiprogesterona Acetato,306147,"306147 - Medroxiprogesterona Acetato, Apresentação:Associada Com Estradiol Valerato, Dosagem:10 Mg + 2 MG"
361,Medroxiprogesterona Acetato,292228,"292228 - Medroxiprogesterona Acetato, Dosagem:150 MG/ML, Forma Farmacêutica:Solução Injetável"
361,Medroxiprogesterona Acetato,292227,"292227 - Medroxiprogesterona Acetato, Dosagem:50 MG/ML, Forma Farmacêutica:Solução Injetável"
361,Medroxiprogesterona Acetato,271445,"271445 - Medroxiprogesterona Acetato, Dosagem:10 MG"
361,Medroxiprogesterona Acetato,271444,"271444 - Medroxiprogesterona Acetato, Dosagem:2,5 MG"
361,Medroxiprogesterona Acetato,267309,"267309 - Medroxiprogesterona Acetato, Dosagem:5 MG"
361,Medroxiprogesterona Acetato,625539,"625539 - Medroxiprogesterona Acetato, Concentração:160 MG/ML, Forma Farmaceutica:Suspensão Injetável, Adicional:Seringa Preenchida"
355,Atropina Sulfato,618986,"618986 - Atropina Sulfato, Concentração:0,025%, Forma Farmaceutica:Solução Oftálmica, Adicional:Formulação Especialmente Manipulada"
355,Atropina Sulfato,478760,"478760 - Atropina Sulfato, Concentração:1 MG/ML, Forma Farmaceutica:Solução Injetável"
355,Atropina Sulfato,433795,"433795 - Atropina Sulfato, Concentração:2 MG/ML, Forma Farmaceutica:Solução Injetável"
355,Atropina Sulfato,277934,"277934 - Atropina Sulfato, Dosagem:0,50 MG/ML, Uso:Solução Injetável"
355,Atropina Sulfato,271051,"271051 - Atropina Sulfato, Dosagem:10 MG/ML, Uso:Solução Oftálmica"
355,Atropina Sulfato,271050,"271050 - Atropina Sulfato, Dosagem:5 MG/ML, Uso:Solução Oftálmica"
355,Atropina Sulfato,268214,"268214 - Atropina Sulfato, Dosagem:0,25 MG/ML, Uso:Solução Injetável"
356,Benzoato De Benzila,311143,"311143 - Benzoato De Benzila, Dosagem:100 MG/G, Forma Farmacêutica:Sabonete"
356,Benzoato De Benzila,308726,"308726 - Benzoato De Benzila, Dosagem:25%, Forma Farmacêutica:Emulsão Tópica"
350,Albendazol,618326,"618326 - Albendazol, Concentração:200 MG, Forma Farmaceutica:Comprimido Mastigável"
350,Albendazol,459822,"459822 - Albendazol, Concentração:400 MG, Forma Farmaceutica:Comprimido Mastigável"
350,Albendazol,269628,"269628 - Albendazol, Dosagem:200 MG"
350,Albendazol,267507,"267507 - Albendazol, Dosagem:40 MG/ML, Uso:Suspensão Oral"
350,Albendazol,267506,"267506 - Albendazol, Dosagem:400 MG"
354,Ácido Fólico,626936,"626936 - Ácido Fólico, Concentração:50 MCG/ML, Forma Farmaceutica:Solução Oral, Característica Adicional:Formulação Especialmente Manipulada"
354,Ácido Fólico,621834,"621834 - Ácido Fólico, Concentração:Cerca De 7 MG/ML, Forma Farmaceutica:Solução Oral - Gotas"
354,Ácido Fólico,607789,"607789 - Ácido Fólico, Composição:Associado Ao Inositol, Concentração:200 Mcg + 2 G, Forma Farmaceutica:Pó Oral"
354,Ácido Fólico,486859,"486859 - Ácido Fólico, Composição:Associado Ao Ferro E Vit. B12, Concentração:5 Mg + 41,66 Mg + 15 MCG"
354,Ácido Fólico,480359,"480359 - Ácido Fólico, Composição:Associado Ao Ferro Aminoácido Quelato, Concentração:0,5 Mg + 15 MG/ML, Forma Farmaceutica:Solução Oral"
354,Ácido Fólico,467580,"467580 - Ácido Fólico, Concentração:1 MG, Característica Adicional:Formulação Especialmente Manipulada"
354,Ácido Fólico,466952,"466952 - Ácido Fólico, Concentração:1 MG/ML, Forma Farmaceutica:Solução Oral, Característica Adicional:Formulação Especialmente Manipulada"
354,Ácido Fólico,448601,"448601 - Ácido Fólico, Composição:Associado Ao Ferro, Concentração:5 Mg + 30 MG"
354,Ácido Fólico,436731,"436731 - Ácido Fólico, Concentração:2 MG"
354,Ácido Fólico,435720,"435720 - Ácido Fólico, Composição:Associado Ao Acetato De Dextroalfatocoferol, Concentração:400 Mcg + 10 MG"
354,Ácido Fólico,434128,"434128 - Ácido Fólico, Composição:Associado Ao Acetato De Racealfatocoferol, Concentração:800 Mcg + 20 MG"
354,Ácido Fólico,421665,"421665 - Ácido Fólico, Composição:Associado Ao Ferro Aminoácido Quelato, Concentração:0,2mg + 30 MG/ML, Forma Farmaceutica:Solução Oral - Gotas"
354,Ácido Fólico,393804,"393804 - Ácido Fólico, Composição:Associado Ao Ferro Aminoácido Quelato, Concentração:0,2mg + 250 MG/ML, Forma Farmaceutica:Suspensão Oral - Gotas"
354,Ácido Fólico,393803,"393803 - Ácido Fólico, Concentração:5 MG/ML, Forma Farmaceutica:Solução Oral - Gotas"
354,Ácido Fólico,393800,"393800 - Ácido Fólico, Concentração:0,4 MG/ML, Forma Farmaceutica:Solução Oral"
354,Ácido Fólico,278489,"278489 - Ácido Fólico, Dosagem:0,2 MG/ML, Uso:Solução Oral - Gotas"
354,Ácido Fólico,267503,"267503 - Ácido Fólico, Dosagem:5 MG"
460,Peróxido De Hidrogênio (Água Oxigenada),402117,"402117 - Peróxido De Hidrogênio (Água Oxigenada), Concentração:40 Volumes"
460,Peróxido De Hidrogênio (Água Oxigenada),317007,"317007 - Peróxido De Hidrogênio (Água Oxigenada), Concentração:200 Volumes"
460,Peróxido De Hidrogênio (Água Oxigenada),301594,"301594 - Peróxido De Hidrogênio (Água Oxigenada), Concentração:90 Volumes"
460,Peróxido De Hidrogênio (Água Oxigenada),278441,"278441 - Peróxido De Hidrogênio (Água Oxigenada), Tipo:30 Volumes"
460,Peróxido De Hidrogênio (Água Oxigenada),278440,"278440 - Peróxido De Hidrogênio (Água Oxigenada), Tipo:20 Volumes"
460,Peróxido De Hidrogênio (Água Oxigenada),277319,"277319 - Peróxido De Hidrogênio (Água Oxigenada), Tipo:10 Volumes"
1248,Benciclano,271748,"271748 - Benciclano, Dosagem:200 MG"
1248,Benciclano,271747,"271747 - Benciclano, Dosagem:100 MG"
1252,Benznidazol,409539,"409539 - Benznidazol, Concentração:12,5 MG"
1252,Benznidazol,268953,"268953 - Benznidazol, Dosagem:100 MG"
1254,Bezafibrato,308729,"308729 - Bezafibrato, Dosagem:400 MG, Forma Farmacêutica:Desintegração Lenta"
1254,Bezafibrato,267077,"267077 - Bezafibrato, Dosagem:200 MG"
1249,Bicarbonato De Sódio,628717,"628717 - Bicarbonato De Sódio, Composição:Associado Com Ácido Cítrico E Carbonato De Sódio, Concentração:2,15 G + 2,15 G + 0,50 G, Forma Farmacêutica:Pó Efervescente"
1249,Bicarbonato De Sódio,617051,"617051 - Bicarbonato De Sódio, Concentração:650 G, Forma Farmacêutica:Em Pó"
1249,Bicarbonato De Sódio,617050,"617050 - Bicarbonato De Sódio, Concentração:900 G, Forma Farmacêutica:Em Pó"
1249,Bicarbonato De Sódio,469047,"469047 - Bicarbonato De Sódio, Concentração:250 MG, Característica Adicional:Especialmente Manipulado"
1249,Bicarbonato De Sódio,465021,"465021 - Bicarbonato De Sódio, Concentração:500 MG, Característica Adicional:Especialmente Manipulado"
1249,Bicarbonato De Sódio,461111,"461111 - Bicarbonato De Sódio, Concentração:8,40%, Forma Farmacêutica:Uso Oral, Característica Adicional:Especialmente Manipulado"
1249,Bicarbonato De Sódio,458253,"458253 - Bicarbonato De Sódio, Concentração:5%, Forma Farmacêutica:Solução Injetável"
1249,Bicarbonato De Sódio,456799,"456799 - Bicarbonato De Sódio, Concentração:40%, Forma Farmacêutica:Solução Tópica, Característica Adicional:Especialmente Manipulado"
1249,Bicarbonato De Sódio,394088,"394088 - Bicarbonato De Sódio, Concentração:8,40%, Forma Farmacêutica:Solução Injetável, Característica Adicional:Em Sistema Fechado"
1249,Bicarbonato De Sódio,347980,"347980 - Bicarbonato De Sódio, Concentração:2%, Forma Farmacêutica:Solução Aquosa Tópica, Característica Adicional:Especialmente Manipulado"
1249,Bicarbonato De Sódio,343575,"343575 - Bicarbonato De Sódio, Composição:Associado Com Ácido Cítrico E Carbonato De Sódio, Concentração:462 Mg + 90 Mg + 438 Mg/G, Forma Farmacêutica:Pó Efervescente"
1249,Bicarbonato De Sódio,340347,"340347 - Bicarbonato De Sódio, Composição:Associado Com Ácido Cítrico E Carbonato De Sódio, Concentração:2,30 G + 2,20 G + 0,50 G, Forma Farmacêutica:Pó Efervescente"
1249,Bicarbonato De Sódio,334369,"334369 - Bicarbonato De Sódio, Dosagem:1 G, Características Adicionais:Especialmente Manipulado"
1249,Bicarbonato De Sódio,300253,"300253 - Bicarbonato De Sódio, Composição:Associado Com Ácido Cítrico E Sulfato De Magnésio, Dosagem:456 Mg + 367 Mg + 176,5 Mg/G, Forma Farmacêutica:Pó Efervescente"
1249,Bicarbonato De Sódio,276097,"276097 - Bicarbonato De Sódio, Dosagem:10%, Uso:Solução Injetável"
1249,Bicarbonato De Sódio,271052,"271052 - Bicarbonato De Sódio, Apresentação:Pó"
1249,Bicarbonato De Sódio,268222,"268222 - Bicarbonato De Sódio, Dosagem:8,4%, Uso:Solução Injetável"
1253,Betametasona,465010,"465010 - Betametasona, Composição:Valerato, Associado À Uréia E Ácido Salicílico, Concentração:0,1% + 10% + 3%, Forma Farmaceutica:Loção, Características Adicionais:Formulação Especialemente Manipulada"
1253,Betametasona,465009,"465009 - Betametasona, Composição:Valerato, Associado À Uréia, Concentração:0,1% + 10%, Forma Farmaceutica:Loção, Características Adicionais:Formulação Especialemente Manipulada"
1253,Betametasona,449186,"449186 - Betametasona, Composição:Dipropionato, Associada Ao Cetoconazol E Neomicina, Concentração:0,5 Mg/G + 20 Mg/G + 1,5 MG/G, Forma Farmaceutica:Pomada"
1253,Betametasona,449185,"449185 - Betametasona, Composição:Dipropionato, Associada Ao Cetoconazol E Neomicina, Concentração:0,5 Mg/G + 20 Mg/G + 1,5 MG/G, Forma Farmaceutica:Creme"
1253,Betametasona,448606,"448606 - Betametasona, Composição:Valerato, Concentração:1 MG/G, Forma Farmaceutica:Loção"
1253,Betametasona,448605,"448605 - Betametasona, Composição:Valerato, Concentração:1 MG/G, Forma Farmaceutica:Loção Capilar"
1253,Betametasona,448604,"448604 - Betametasona, Composição:Valerato, Concentração:1 MG/G, Forma Farmaceutica:Pomada"
1253,Betametasona,448603,"448603 - Betametasona, Composição:Valerato, Concentração:1 MG/G, Forma Farmaceutica:Creme"
1253,Betametasona,448602,"448602 - Betametasona, Composição:Fosfato Dissódico, Associada À Gentamicina Sulfato, Concentração:1 Mg/Ml + 3 MG/ML, Forma Farmaceutica:Solução Oto-Oftálmica"
1253,Betametasona,403991,"403991 - Betametasona, Composição:Sal Dipropionato, Associada Ao Ácido Salicílico, Concentração:0,64 Mg + 20 MG/ML, Forma Farmaceutica:Solução Tópica"
1253,Betametasona,396555,"396555 - Betametasona, Concentração:0,1 MG/ML, Forma Farmaceutica:Elixir"
1253,Betametasona,393956,"393956 - Betametasona, Composição:Sal Valerato, Associada À Neomicina Sulfato, Concentração:1 Mg + 5 MG/G, Forma Farmaceutica:Pomada"
1253,Betametasona,385446,"385446 - Betametasona, Concentração:0,5 MG/ML, Forma Farmaceutica:Solução Oral - Gotas"
1253,Betametasona,385436,"385436 - Betametasona, Concentração:2 MG"
1253,Betametasona,385435,"385435 - Betametasona, Concentração:0,5 MG"
1253,Betametasona,318309,"318309 - Betametasona, Composição:Dipropionato, Apresentação:Associada Com Ácido Salicílico, Dosagem:0,5mg + 30mg/G, Forma Farmacêutica:Pomada"
1253,Betametasona,308072,"308072 - Betametasona, Composição:Valerato, Apresentação:Associada Com Neomicina Sulfato, Dosagem:1 Mg + 5 Mg/G, Forma Farmacêutica:Creme"
1253,Betametasona,284114,"284114 - Betametasona, Composição:Dipropionato, Apresentação:Associada Com Cetoconazol, Dosagem:0,5mg + 20mg/G, Uso:Pomada"
1253,Betametasona,284113,"284113 - Betametasona, Composição:Dipropionato, Apresentação:Associada Com Cetoconazol, Dosagem:0,5mg + 20mg/G, Uso:Creme"
1253,Betametasona,282149,"282149 - Betametasona, Composição:Fosfato, Dosagem:4 MG/ML, Uso:Injetável"
1253,Betametasona,272898,"272898 - Betametasona, Apresentação:Associada Com Dexclorfeniramina Maleato, Dosagem:0,25mg + 2mg"
1253,Betametasona,270603,"270603 - Betametasona, Composição:Valerato, Apresentação:Associada Com Gentamicina, Clioquinol E Tolnaftato, Dosagem:0,5mg + 1mg + 10mg + 10mg/G, Uso:Pomada"
1253,Betametasona,270602,"270602 - Betametasona, Composição:Valerato, Apresentação:Associada Com Gentamicina, Clioquinol E Tolnaftato, Dosagem:0,5mg + 1mg + 10mg + 10mg/G, Uso:Creme"
1253,Betametasona,270597,"270597 - Betametasona, Composição:Acetato, Apresentação:Associada Com Betametasona Fosfato, Dosagem:3mg + 3mg/Ml, Uso:Injetável"
1253,Betametasona,270596,"270596 - Betametasona, Composição:Dipropionato, Apresentação:Associada Com Gentamicina Sulfato, Dosagem:0,5mg + 1mg/G, Uso:Pomada"
1253,Betametasona,270591,"270591 - Betametasona, Composição:Dipropionato, Apresentação:Associada Com Gentamicina Sulfato, Dosagem:0,5mg + 1mg/G, Uso:Creme"
1253,Betametasona,270590,"270590 - Betametasona, Composição:Dipropionato, Apresentação:Associada Com Betametasona Fosfato, Dosagem:5mg + 2mg, Uso:Injetável"
1253,Betametasona,270589,"270589 - Betametasona, Composição:Dipropionato, Dosagem:0,64mg/G, Uso:Loção"
1253,Betametasona,270588,"270588 - Betametasona, Composição:Dipropionato, Dosagem:0,64mg/G, Uso:Pomada"
1253,Betametasona,270587,"270587 - Betametasona, Composição:Dipropionato, Dosagem:0,64mg/G, Uso:Creme"
1276,Iodofórmio,632036,"632036 - Iodofórmio, Concentração:Puro, Forma Farmacêutica:Em Cristais"
1276,Iodofórmio,428147,"428147 - Iodofórmio, Composição:Em Éter Etílico, Concentração:2%, Forma Farmacêutica:Solução Tópica, Características Adicionais:Formulação Especialmente Manipulada"
1289,Soro,405901,"405901 - Soro, Tipo:Anti-Rábico, Características Adicionais:Imunoglobulina Eqüina + Imunoglobulina Humana, Concentração:200 UI/ML, Forma Farmacêutica:Solução Injetável"
1289,Soro,400312,"400312 - Soro, Tipo:Antiaracnídico (Loxosceles E Phoneutria), Características Adicionais:E Antiescorpiônico, Forma Farmacêutica:Solução Injetável"
1289,Soro,394876,"394876 - Soro, Tipo:Antiloxoscélico, Forma Farmacêutica:Solução Injetável"
1289,Soro,394875,"394875 - Soro, Tipo:Antilatrodéctico, Forma Farmacêutica:Solução Injetável"
1289,Soro,394814,"394814 - Soro, Tipo:Antiaracnídico, Forma Farmacêutica:Solução Injetável"
1289,Soro,394811,"394811 - Soro, Tipo:Antibotrópico-Laquético, Concentração:5 Mg + 3 MG/ML, Forma Farmacêutica:Solução Injetável"
1289,Soro,394810,"394810 - Soro, Tipo:Antibotrópico-Crotálico, Concentração:5 Mg + 1,5 MG/ML, Forma Farmacêutica:Solução Injetável"
1289,Soro,394809,"394809 - Soro, Tipo:Antilonômico, Concentração:3,5 MG/ML, Forma Farmacêutica:Solução Injetável"
1289,Soro,394807,"394807 - Soro, Tipo:Antiescorpiônico, Concentração:1 MG/ML, Forma Farmacêutica:Solução Injetável"
1289,Soro,365018,"365018 - Soro, Tipo:Anti-Botulínico Ab, Concentração:375 Ui + 275 UI/ML, Forma Farmacêutica:Solução Injetável"
1289,Soro,348672,"348672 - Soro, Tipo:Anti-Botrópico, Concentração:5 MG/ML, Forma Farmacêutica:Solução Injetável"
1289,Soro,348670,"348670 - Soro, Tipo:Anti-Crotálico, Concentração:1,5 MG/ML, Forma Farmacêutica:Solução Injetável"
1289,Soro,348669,"348669 - Soro, Tipo:Anti-Elapídico, Concentração:1,5 MG/ML, Forma Farmacêutica:Solução Injetável"
1289,Soro,348659,"348659 - Soro, Tipo:Anti-Diftérico, Concentração:1.000 UI/ML, Forma Farmacêutica:Solução Injetável"
1289,Soro,348654,"348654 - Soro, Tipo:Anti-Tetânico, Concentração:1.000 UI/ML, Forma Farmacêutica:Solução Injetável"
1383,Ciprofibrato,308738,"308738 - Ciprofibrato, Dosagem:100 MG"
30337,Pralidoxima,628562,"628562 - Pralidoxima, Composição:Cloridrato, Concentração:1 G, Forma Farmacêutica:Injetável"
1385,Silimarina,393705,"393705 - Silimarina, Concentração:140 MG"
1385,Silimarina,276456,"276456 - Silimarina, Apresentação:Associada Com Metionina, Dosagem:70mg + 100mg"
1385,Silimarina,276455,"276455 - Silimarina, Dosagem:10 MG/ML, Aplicação:Suspensão Oral"
1385,Silimarina,276452,"276452 - Silimarina, Dosagem:70 MG"
1392,Golimumabe,480859,"480859 - Golimumabe, Concentração:100 MG/ML, Forma Farmacêutica:Solução Injetável, Característica Adicional:Em Seringa Preenchida,Acoplada Á Caneta Aplicadora"
1392,Golimumabe,414431,"414431 - Golimumabe, Concentração:50 MG, Forma Farmacêutica:Solução Injetável, Característica Adicional:Em Seringa Preenchida,Acoplada Á Caneta Aplicadora"
1392,Golimumabe,414430,"414430 - Golimumabe, Concentração:50 MG, Forma Farmacêutica:Solução Injetável, Característica Adicional:Em Seringa Preenchida"
1474,Betanecol,639646,"639646 - Betanecol, Dosagem:20 MG, Adicional:Formulação Especialmente Manipulada"
1474,Betanecol,271760,"271760 - Betanecol, Dosagem:5 Mg/Ml, Aplicação:Injetável"
1474,Betanecol,271759,"271759 - Betanecol, Dosagem:25 Mg"
1474,Betanecol,271758,"271758 - Betanecol, Dosagem:10 Mg"
1474,Betanecol,271757,"271757 - Betanecol, Dosagem:5 Mg"
1503,Selegilina Cloridrato,268073,"268073 - Selegilina Cloridrato, Dosagem:10 MG"
1503,Selegilina Cloridrato,268072,"268072 - Selegilina Cloridrato, Dosagem:5 MG"
1600,Levomefolato De Cálcio,421131,"421131 - Levomefolato De Cálcio, Concentração:15 MG"
1601,Abacavir Sulfato,268317,"268317 - Abacavir Sulfato, Dosagem:20 MG/ML, Apresentação:Solução Oral"
1601,Abacavir Sulfato,268315,"268315 - Abacavir Sulfato, Dosagem:300 MG"
1605,Abatacepte,434765,"434765 - Abatacepte, Concentração:125 MG/ML, Forma Farmacêutica:Solução Injetável, Característica Adicional:Seringa Preenchida"
1605,Abatacepte,365451,"365451 - Abatacepte, Concentração:250 MG, Forma Farmacêutica:Pó Liófilo P/ Injetável, Característica Adicional:C/ Seringa Descartável"
30339,Ácido Desoxicólico,628776,"628776 - Ácido Desoxicólico, Concentração:10 MG/ML, Forma Farmacêutica:Solução Injetável"
1612,Rivaroxabana,476822,"476822 - Rivaroxabana, Concentração:2,5 MG"
1612,Rivaroxabana,412092,"412092 - Rivaroxabana, Concentração:15 MG"
1612,Rivaroxabana,412091,"412091 - Rivaroxabana, Concentração:20 MG"
1612,Rivaroxabana,394103,"394103 - Rivaroxabana, Concentração:10 MG"
1615,Acarbose,354317,"354317 - Acarbose, Concentração:100 MG"
1615,Acarbose,268202,"268202 - Acarbose, Dosagem:50 MG"
1617,Bendamustina,450760,"450760 - Bendamustina, Concentração:25 MG, Forma Farmacêutica:Pó Liófilo P/ Injetável"
1617,Bendamustina,428804,"428804 - Bendamustina, Concentração:100 MG, Forma Farmacêutica:Pó Liófilo P/ Injetável"
1621,Ciproeptadina Cloridrato,440313,"440313 - Ciproeptadina Cloridrato, Composição:Associada À Cobamamida, Concentração:4 Mg + 1 MG"
1621,Ciproeptadina Cloridrato,407039,"407039 - Ciproeptadina Cloridrato, Composição:Associada À Cobamamida, Concentração:0,8 Mg/Ml + 4 MG/G, Forma Farmacêutica:Xarope Diluente + Pó P/ Preparação Extemporânea, Característica Adicional:Apresentação C/ Fr 98 Ml + Sachê 5 G"
1621,Ciproeptadina Cloridrato,402927,"402927 - Ciproeptadina Cloridrato, Composição:Associado Às Vitaminas B1, B2, B3, B6, C, Concentração:0,8 + 0,12 + 0,15 + 1,334 + 0,134 + 4,334 MG/ML, Forma Farmacêutica:Solução Oral"
1622,Aceclofenaco,271669,"271669 - Aceclofenaco, Dosagem:1,5%, Aplicação:Creme"
1622,Aceclofenaco,271667,"271667 - Aceclofenaco, Dosagem:150 MG, Aplicação:Injetável"
1622,Aceclofenaco,271666,"271666 - Aceclofenaco, Dosagem:100 MG"
1647,Solifenacina,439129,"439129 - Solifenacina, Composição:Associado À Tansulosina, Concentração:6 Mg + 0,4 MG, Adicional:Liberação Prolongada"
1647,Solifenacina,406231,"406231 - Solifenacina, Composição:Sal Succinato, Concentração:10 MG"
1647,Solifenacina,406230,"406230 - Solifenacina, Composição:Sal Succinato, Concentração:5 MG"
1648,Lornoxicam,406082,"406082 - Lornoxicam, Concentração:4 MG"
1648,Lornoxicam,406081,"406081 - Lornoxicam, Concentração:8 MG"
1649,Solução Para Criopreservação,410053,"410053 - Solução Para Criopreservação, Composição:Hetamido,Glicose,Sais De Sódio,Potássio E Magnésio, Concentração:16,67% + 0,139% , 322 Mosm/L, Forma Farmacêutica:Solução Estéril, Apirogênica, Característica Adicional:Formulação Especialmente Manipulada"
1649,Solução Para Criopreservação,407624,"407624 - Solução Para Criopreservação, Composição:Dmso + Dextrana 50 Em Solução Fisiológica, Concentração:50% + 50%, Forma Farmacêutica:Solução Estéril, Apirogênica, Característica Adicional:Formulação Especialmente Manipulada"
1649,Solução Para Criopreservação,407623,"407623 - Solução Para Criopreservação, Composição:Dmso + Dextrana 40, Em Água Para Injetável, Concentração:55% + 5%, Forma Farmacêutica:Solução Estéril, Apirogênica"
1650,Denosumabe,421223,"421223 - Denosumabe, Concentração:60 MG/ML, Forma Farmacêutica:Solução Injetável"
1650,Denosumabe,406358,"406358 - Denosumabe, Concentração:70 MG/ML, Forma Farmacêutica:Solução Injetável"
1652,Linagliptina,407214,"407214 - Linagliptina, Concentração:5 MG"
1653,Prasugrel Cloridrato,407705,"407705 - Prasugrel Cloridrato, Concentração:10 MG"
1653,Prasugrel Cloridrato,407704,"407704 - Prasugrel Cloridrato, Concentração:5 MG"
1651,Levocetirizina,611977,"611977 - Levocetirizina, Composição:Sal Dipropionato, Concentração:5 MG, Adicional:Orodispersível"
1651,Levocetirizina,485276,"485276 - Levocetirizina, Composição:Associado Ao Montelucaste, Concentração:5 Mg + 10 MG"
1651,Levocetirizina,434796,"434796 - Levocetirizina, Composição:Sal Dipropionato, Concentração:5 MG/ML, Forma Farmacêutica:Solução Oral"
1651,Levocetirizina,406487,"406487 - Levocetirizina, Composição:Sal Dipropionato, Concentração:5 MG"
1729,Alisquireno Hemifumarato,415780,"415780 - Alisquireno Hemifumarato, Composição:Associado À Hidroclorotiazida, Concentração:300 Mg + 25 MG"
1729,Alisquireno Hemifumarato,415779,"415779 - Alisquireno Hemifumarato, Composição:Associado À Hidroclorotiazida, Concentração:150 Mg + 25 MG"
1729,Alisquireno Hemifumarato,415778,"415778 - Alisquireno Hemifumarato, Composição:Associado À Hidroclorotiazida, Concentração:150 Mg + 12,5 MG"
1729,Alisquireno Hemifumarato,406602,"406602 - Alisquireno Hemifumarato, Composição:Associado À Hidroclorotiazida, Concentração:300 Mg + 12,5 MG"
1729,Alisquireno Hemifumarato,404611,"404611 - Alisquireno Hemifumarato, Composição:Associado Com Anlodipino Besilato, Concentração:300 Mg + 10 MG"
1729,Alisquireno Hemifumarato,366884,"366884 - Alisquireno Hemifumarato, Concentração:300 MG"
1729,Alisquireno Hemifumarato,366883,"366883 - Alisquireno Hemifumarato, Concentração:150 MG"
1730,Acetato De Sódio,276774,"276774 - Acetato De Sódio, Concentração:2 Meq/Ml, Apresentação:Solução Injetável"
1731,Acetato De Zinco,481786,"481786 - Acetato De Zinco, Concentração:10 MG/ML, Forma Farmaceutica:Xarope, Característica Adicional:Formulação Especialmente Manipulada"
1731,Acetato De Zinco,389062,"389062 - Acetato De Zinco, Concentração:300 MG, Característica Adicional:Formulação Especialmente Manipulada"
1731,Acetato De Zinco,389061,"389061 - Acetato De Zinco, Concentração:50 MG, Característica Adicional:Formulação Especialmente Manipulada"
1733,Acetato De Cálcio,386044,"386044 - Acetato De Cálcio, Concentração:500 MG, Característica Adicional:Especialmente Manipulado"
1733,Acetato De Cálcio,334381,"334381 - Acetato De Cálcio, Concentração:667 MG, Característica Adicional:Especialmente Manipulado"
1737,Olopatadina Cloridrato,354633,"354633 - Olopatadina Cloridrato, Concentração:2 MG/ML, Forma Farmacêutica:Solução Oftálmica"
1737,Olopatadina Cloridrato,354632,"354632 - Olopatadina Cloridrato, Concentração:1 MG/ML, Forma Farmacêutica:Solução Oftálmica"
1738,Cloreto Férrico,639964,"639964 - Cloreto Férrico, Concentração:48%, Forma Farmacêutica:Pomada, Característica Adicional:Formulação Especialmente Manipulada"
1738,Cloreto Férrico,465040,"465040 - Cloreto Férrico, Concentração:80%, Forma Farmacêutica:Gel, Característica Adicional:Formulação Especialmente Manipulada"
1738,Cloreto Férrico,460566,"460566 - Cloreto Férrico, Concentração:30%, Forma Farmacêutica:Gel, Característica Adicional:Formulação Especialmente Manipulada"
1738,Cloreto Férrico,422125,"422125 - Cloreto Férrico, Concentração:50%, Forma Farmacêutica:Gel, Característica Adicional:Formulação Especialmente Manipulada"
1742,Metoxisaleno,435187,"435187 - Metoxisaleno, Concentração:0,2%, Forma Farmacêutica:Creme, Características Adicionais:Formulação Especialmente Manipulada"
1742,Metoxisaleno,435186,"435186 - Metoxisaleno, Concentração:0,1%, Forma Farmacêutica:Creme, Características Adicionais:Formulação Especialmente Manipulada"
1742,Metoxisaleno,354242,"354242 - Metoxisaleno, Concentração:10 MG"
1744,Caspofungina Acetato,271657,"271657 - Caspofungina Acetato, Concentração:50 MG, Apresentação:Injetável"
1744,Caspofungina Acetato,271656,"271656 - Caspofungina Acetato, Concentração:70 MG, Apresentação:Injetável"
1747,Ciproterona Acetato,331980,"331980 - Ciproterona Acetato, Concentração:100 MG"
1747,Ciproterona Acetato,271110,"271110 - Ciproterona Acetato, Apresentação:Associada À Etinilestradiol, Dosagem:2mg + 0,035mg"
1747,Ciproterona Acetato,268077,"268077 - Ciproterona Acetato, Dosagem:50 MG"
1751,Clostebol Acetato,314367,"314367 - Clostebol Acetato, Princípio Ativo:Associado Com Neomicina Sulfato, Concentração:5 Mg + 5 MG/G, Forma Farmacêutica:Creme, Característica Adicional:Com Aplicadores"
1751,Clostebol Acetato,275428,"275428 - Clostebol Acetato, Princípio Ativo:Associado Com Neomicina Sulfato, Concentração:0,5% + 0,5%, Tipo Medicamento:Creme"
1726,Lisdexanfetamina Dimesilato,622368,"622368 - Lisdexanfetamina Dimesilato, Concentração:40 MG/ML, Forma Farmacêutica:Solução Oral - Gotas"
1726,Lisdexanfetamina Dimesilato,407328,"407328 - Lisdexanfetamina Dimesilato, Concentração:30 MG"
1726,Lisdexanfetamina Dimesilato,407327,"407327 - Lisdexanfetamina Dimesilato, Concentração:50 MG"
1726,Lisdexanfetamina Dimesilato,407326,"407326 - Lisdexanfetamina Dimesilato, Concentração:70 MG"
1767,Fludrocortisona Acetato,624533,"624533 - Fludrocortisona Acetato, Concentração:300 MCG, Adicional:Formulação Especialmente Manipulada"
1767,Fludrocortisona Acetato,624532,"624532 - Fludrocortisona Acetato, Concentração:50 MCG, Adicional:Formulação Especialmente Manipulada"
1767,Fludrocortisona Acetato,624531,"624531 - Fludrocortisona Acetato, Concentração:25 MCG, Adicional:Formulação Especialmente Manipulada"
1767,Fludrocortisona Acetato,417393,"417393 - Fludrocortisona Acetato, Concentração:0,1 MG/ML, Forma Farmacêutica:Solução Oral, Formulação Especialmente Manipulada"
1767,Fludrocortisona Acetato,272793,"272793 - Fludrocortisona Acetato, Dosagem:0,1 MG"
1769,Alfa-Alglicosidase,359903,"359903 - Alfa-Alglicosidase, Concentração:50 MG, Forma Farmacêutica:Pó Liófilo P/ Injetável"
1775,Ticagrelor,478283,"478283 - Ticagrelor, Concentração:60 MG"
1775,Ticagrelor,400852,"400852 - Ticagrelor, Concentração:90 MG"
1782,Leuprorrelina Acetato,432915,"432915 - Leuprorrelina Acetato, Concentraçao:45 MG, Forma Farmaceutica:Pó Liófilo P/Injetável, Característica Adicional:C/ Sistema De Aplicação"
1782,Leuprorrelina Acetato,305261,"305261 - Leuprorrelina Acetato, Concentração:5 MG/ML, Forma Farmacêutica:Solução Injetável"
1782,Leuprorrelina Acetato,305260,"305260 - Leuprorrelina Acetato, Concentração:11,25 MG, Forma Farmacêutica:Pó Liófilo P/Injetável"
1782,Leuprorrelina Acetato,305259,"305259 - Leuprorrelina Acetato, Concentração:22,5 MG, Forma Farmacêutica:Pó Liófilo P/Injetável"
1782,Leuprorrelina Acetato,305258,"305258 - Leuprorrelina Acetato, Concentração:7,5 MG, Forma Farmacêutica:Pó Liófilo P/Injetável"
1782,Leuprorrelina Acetato,305257,"305257 - Leuprorrelina Acetato, Concentração:3,75 MG, Forma Farmacêutica:Pó Liófilo P/Injetável"
1786,Aprepitanto,362268,"362268 - Aprepitanto, Concentração:125 MG"
1786,Aprepitanto,362267,"362267 - Aprepitanto, Concentração:80 MG"
1786,Aprepitanto,362266,"362266 - Aprepitanto, Concentração:80 Mg E 125 MG, Característica Adicional:Embalagem Única"
1787,Megestrol Acetato,352237,"352237 - Megestrol Acetato, Concentração:40 MG/ML, Forma Farmacêutica:Suspensão Oral"
1787,Megestrol Acetato,273558,"273558 - Megestrol Acetato, Dosagem:40 MG"
1787,Megestrol Acetato,271654,"271654 - Megestrol Acetato, Dosagem:160 MG"
1795,Ivermectina,471763,"471763 - Ivermectina, Concentração:18 MG, Características Adicionais:Formulação Especialmente Manipulada"
1795,Ivermectina,376767,"376767 - Ivermectina, Concentração:6 MG"
1810,Rasburicase,380679,"380679 - Rasburicase, Concentração:1,5 MG, Forma Farmacêutica:Pó Liófilo P/ Injetável"
1815,Racealfatocoferol,613834,"613834 - Racealfatocoferol, Concentração:800 MG"
1815,Racealfatocoferol,437695,"437695 - Racealfatocoferol, Concentração:400 UI"
1815,Racealfatocoferol,416268,"416268 - Racealfatocoferol, Composição:Sal Acetato, Concentração:15 UI/ML, Forma Farmacêutica:Suspensão Oral, Característica Adicional:Formulação Especialmente Manipulada"
1815,Racealfatocoferol,386294,"386294 - Racealfatocoferol, Composição:Sal Acetato, Concentração:1.000 UI"
1815,Racealfatocoferol,329610,"329610 - Racealfatocoferol, Concentração:400 MG"
1779,Hidroxocobalamina  Cloridrato,630757,"630757 - Hidroxocobalamina  Cloridrato, Concentração:2000 MCG/ML, Forma Farmaceutica:Solução Oral"
1779,Hidroxocobalamina  Cloridrato,615568,"615568 - Hidroxocobalamina  Cloridrato, Concentração:5 MG/ML, Forma Farmaceutica:Solução Injetável"
1779,Hidroxocobalamina  Cloridrato,427443,"427443 - Hidroxocobalamina  Cloridrato, Concentração:5 G, Forma Farmaceutica:Pó Liófilo Para Injetável, Característica Adicional:C/ Kit P/ Infusão, 2 Ampolas De 2,5g"
1779,Hidroxocobalamina  Cloridrato,427442,"427442 - Hidroxocobalamina  Cloridrato, Concentração:5 G, Forma Farmaceutica:Pó Liófilo Para Injetável, Característica Adicional:C/ Kit P/ Infusão"
1779,Hidroxocobalamina  Cloridrato,411757,"411757 - Hidroxocobalamina  Cloridrato, Concentração:1 MG/ML, Forma Farmaceutica:Solução Oral, Característica Adicional:Especialmente Manipulado"
1779,Hidroxocobalamina  Cloridrato,271652,"271652 - Hidroxocobalamina  Cloridrato, Dosagem:7,5 MG/ML, Indicação:Injetável"
1779,Hidroxocobalamina  Cloridrato,271651,"271651 - Hidroxocobalamina  Cloridrato, Dosagem:2,5 MG/ML, Indicação:Injetável"
1820,Acetazolamida,456909,"456909 - Acetazolamida, Concentração:25 MG/ML, Forma Farmaceutica:Xarope, Característica Adicional:Formulação Especialmente Manipulada"
1820,Acetazolamida,367329,"367329 - Acetazolamida, Concentração:50 MG/ML, Forma Farmaceutica:Xarope, Característica Adicional:Formulação Especialmente Manipulada"
1820,Acetazolamida,348000,"348000 - Acetazolamida, Concentração:62,5 MG, Forma Farmaceutica:Oral, Característica Adicional:Formulação Especialmente Manipulada"
1820,Acetazolamida,278283,"278283 - Acetazolamida, Dosagem:250 MG"
1851,Queratina,428148,"428148 - Queratina, Composição:Cassia Acutifolia, Enxofre, Bitartarato, Concentração:200 Mg + 20 Mg + 20 Mg + 20 Mg"
1852,Quelato De Cobre,428149,"428149 - Quelato De Cobre, Concentração:1 MG/ML, Forma Farmacêutica:Solução Oral"
1869,Ácido Aminocapróico,309046,"309046 - Ácido Aminocapróico, Dosagem:100 MG/ML, Forma Farmacêutica:Xarope"
1869,Ácido Aminocapróico,309045,"309045 - Ácido Aminocapróico, Dosagem:200 MG/ML, Forma Farmacêutica:Solução Injetável"
1869,Ácido Aminocapróico,278646,"278646 - Ácido Aminocapróico, Dosagem:50 MG/ML, Indicação:Solução Injetável"
1869,Ácido Aminocapróico,277311,"277311 - Ácido Aminocapróico, Dosagem:500 MG"
1874,Ácido Azeláico,480352,"480352 - Ácido Azeláico, Concentração:150 MG/G, Forma Farmaceutica:Gel"
1874,Ácido Azeláico,269464,"269464 - Ácido Azeláico, Dosagem:200mg/G, Apresentação:Creme"
1824,Acetilcisteína,480350,"480350 - Acetilcisteína, Concentraçao:200 MG, Forma Farmaceutica:Comprimido Efervescente"
1824,Acetilcisteína,480349,"480349 - Acetilcisteína, Concentraçao:600 MG, Forma Farmaceutica:Comprimido Efervescente"
1824,Acetilcisteína,462821,"462821 - Acetilcisteína, Concentraçao:100 MG, Forma Farmaceutica:Granulado Para Solução Oral"
1824,Acetilcisteína,434110,"434110 - Acetilcisteína, Concentraçao:600 MG, Forma Farmaceutica:Granulado Para Solução Oral"
1824,Acetilcisteína,432679,"432679 - Acetilcisteína, Concentraçao:200 MG, Forma Farmaceutica:Granulado Para Solução Oral"
1824,Acetilcisteína,419545,"419545 - Acetilcisteína, Composição:N-Acetilcisteína, Concentraçao:100 MG/ML, Forma Farmaceutica:Solução Oral, Característica Adicional:Formulação Especialmente Manipulada"
1824,Acetilcisteína,393494,"393494 - Acetilcisteína, Concentraçao:11,5 MG/ML, Forma Farmaceutica:Solução Nasal"
1824,Acetilcisteína,393493,"393493 - Acetilcisteína, Composição:Associada Ao Sulfato De Tuaminoeptano, Concentraçao:10 Mg + 5 MG/ML, Forma Farmaceutica:Solução Nasal"
1824,Acetilcisteína,393492,"393492 - Acetilcisteína, Composição:Associada Ao Sulfato De Tuaminoeptano, Concentraçao:10 Mg + 5 MG/ML, Forma Farmaceutica:Solução Nasal, Característica Adicional:Com Aplicador"
1824,Acetilcisteína,356952,"356952 - Acetilcisteína, Concentraçao:600 MG, Característica Adicional:Medicamento Especialmente Manipulado"
1824,Acetilcisteína,355786,"355786 - Acetilcisteína, Concentraçao:40 MG/ML, Forma Farmaceutica:Xarope"
1824,Acetilcisteína,335091,"335091 - Acetilcisteína, Dosagem:100 MG/ML, Forma Farmacêutica:Solução Injetável"
1824,Acetilcisteína,286864,"286864 - Acetilcisteína, Dosagem:100 MG, Indicação:Pó Para Solução Oral"
1824,Acetilcisteína,274806,"274806 - Acetilcisteína, Dosagem:600 MG, Indicação:Pó Para Solução Oral"
1824,Acetilcisteína,270558,"270558 - Acetilcisteína, Dosagem:20 MG/ML, Indicação:Xarope"
1824,Acetilcisteína,270557,"270557 - Acetilcisteína, Dosagem:200 MG, Indicação:Pó Para Solução Oral"
1872,Ácido Ascórbico,627556,"627556 - Ácido Ascórbico, Concentração:500 MG, Forma Farmaceutica:Comprimido Mastigável"
1872,Ácido Ascórbico,627555,"627555 - Ácido Ascórbico, Concentração:1 G, Forma Farmaceutica:Pó Oral"
1872,Ácido Ascórbico,618474,"618474 - Ácido Ascórbico, Composição:Associado Ao Aspartato De Arginina, Concentração:250 Mg +  250 MG, Forma Farmaceutica:Pó Efervescente"
1872,Ácido Ascórbico,618241,"618241 - Ácido Ascórbico, Composição:Biotina E Associações, Concentração:Cerca De 40 Mcg + 30 MCG"
1872,Ácido Ascórbico,611532,"611532 - Ácido Ascórbico, Composição:Associado Ao Ferro, Concentração:70 Mg + 30 MG"
1872,Ácido Ascórbico,601417,"601417 - Ácido Ascórbico, Concentração:250 MG, Forma Farmaceutica:Comprimido Vaginal"
1872,Ácido Ascórbico,479666,"479666 - Ácido Ascórbico, Concentração:1,5 G, Adicional:Formulação Especialmente Manipulada"
1872,Ácido Ascórbico,474742,"474742 - Ácido Ascórbico, Concentração:1 G"
1872,Ácido Ascórbico,474741,"474741 - Ácido Ascórbico, Concentração:500 MG, Forma Farmaceutica:Liberação Prolongada"
1872,Ácido Ascórbico,468946,"468946 - Ácido Ascórbico, Concentração:500 MG, Forma Farmaceutica:Comprimido Efervescente"
1872,Ácido Ascórbico,459809,"459809 - Ácido Ascórbico, Composição:Associado Ao Ferro, Concentração:45 Mg + 14 MG"
1872,Ácido Ascórbico,450561,"450561 - Ácido Ascórbico, Composição:Associado Ao Aspartato De Arginina, Concentração:1 G + 1 G, Forma Farmaceutica:Comprimido Efervescente"
1872,Ácido Ascórbico,448663,"448663 - Ácido Ascórbico, Concentração:200 MG/ML, Forma Farmaceutica:Solução Injetável"
1872,Ácido Ascórbico,395609,"395609 - Ácido Ascórbico, Composição:Associado À Citrato De Zinco, Concentração:1 G + 10 MG, Forma Farmaceutica:Comprimido Efervescente"
1872,Ácido Ascórbico,346317,"346317 - Ácido Ascórbico, Composição:Associado Com Aspartato De Arginina, Concentração:500mg + 500mg, Forma Farmaceutica:Comprimido Efervescente"
1872,Ácido Ascórbico,271691,"271691 - Ácido Ascórbico, Dosagem:500 MG"
1872,Ácido Ascórbico,271689,"271689 - Ácido Ascórbico, Dosagem:200 MG/ML, Tipo Uso:Solução Oral"
1872,Ácido Ascórbico,271687,"271687 - Ácido Ascórbico, Dosagem:100 MG/ML, Tipo Uso:Injetável"
1872,Ácido Ascórbico,271686,"271686 - Ácido Ascórbico, Dosagem:2 G, Tipo Uso:Comprimido Efervescente"
1872,Ácido Ascórbico,271685,"271685 - Ácido Ascórbico, Dosagem:1 G, Tipo Uso:Comprimido Efervescente"
1894,Carfilzomib,429724,"429724 - Carfilzomib, Concentração:60 MG, Forma Farmaceutica:Pó Liófilo P/ Injetável"
1913,Fenol,478707,"478707 - Fenol, Concentração:5%, Forma Farmacêutica:Em Solução Aquosa Injetável, Característica Adicional:Formulação Especialmente Manipulada"
1913,Fenol,434052,"434052 - Fenol, Concentração:88%, Forma Farmacêutica:Em Solução Aquosa Tópica, Característica Adicional:Formulação Especialmente Manipulada"
1913,Fenol,373036,"373036 - Fenol, Composição:Glicerinado, Concentração:100 MG/ML, Forma Farmacêutica:Em Solução Aquosa Tópica, Característica Adicional:Formulação Especialmente Manipulada"
1915,Capreomicina,373165,"373165 - Capreomicina, Concentração:1 G, Forma Farmacêutica:Pó Liófilo P/ Injetável"
1916,Ácido Paraminossalicílico,374313,"374313 - Ácido Paraminossalicílico, Concentração:4 G, Forma Farmacêutica:Granulado Para Uso Oral"
1927,Daptomicina,373416,"373416 - Daptomicina, Concentração:350 MG, Forma Farmacêutica:Pó Liófilo P/ Injetável"
1927,Daptomicina,373415,"373415 - Daptomicina, Concentração:500 MG, Forma Farmacêutica:Pó Liófilo P/ Injetável"
1930,Folinato De Cálcio,465096,"465096 - Folinato De Cálcio, Concentração:1 MG/ML, Forma Farmaceutica:Solução Oral, Característica Adicional:Medicamento Especialmente Manipulado"
1930,Folinato De Cálcio,434091,"434091 - Folinato De Cálcio, Concentração:7,5 MG/ML, Forma Farmaceutica:Solução Oral, Característica Adicional:Medicamento Especialmente Manipulado"
1930,Folinato De Cálcio,411756,"411756 - Folinato De Cálcio, Concentração:9 MG/ML, Forma Farmaceutica:Solução Oral, Característica Adicional:Medicamento Especialmente Manipulado"
1930,Folinato De Cálcio,386026,"386026 - Folinato De Cálcio, Concentração:5 MG/ML, Forma Farmaceutica:Solução Oral, Característica Adicional:Medicamento Especialmente Manipulado"
1930,Folinato De Cálcio,367361,"367361 - Folinato De Cálcio, Concentração:15 MG/ML, Forma Farmaceutica:Solução Oral, Característica Adicional:Medicamento Especialmente Manipulado"
1930,Folinato De Cálcio,367330,"367330 - Folinato De Cálcio, Concentração:3 MG/ML, Forma Farmaceutica:Xarope, Característica Adicional:Medicamento Especialmente Manipulado"
1930,Folinato De Cálcio,309044,"309044 - Folinato De Cálcio, Dosagem:3 MG/ML, Forma Farmacêutica:Solução Injetável"
1930,Folinato De Cálcio,309042,"309042 - Folinato De Cálcio, Dosagem:50 MG, Forma Farmacêutica:Pó Liófilo P/ Injetável"
1930,Folinato De Cálcio,309041,"309041 - Folinato De Cálcio, Dosagem:10 MG/ML, Forma Farmacêutica:Solução Injetável"
1930,Folinato De Cálcio,268292,"268292 - Folinato De Cálcio, Dosagem:15 MG"
1960,Ranelato De Estrôncio,376502,"376502 - Ranelato De Estrôncio, Concentração:2 G, Forma Farmacêutica:Pó Granulado P/ Suspensão Oral"
1972,Everolimo,427409,"427409 - Everolimo, Concentração:2,5 MG"
1972,Everolimo,393139,"393139 - Everolimo, Concentração:10 MG"
1972,Everolimo,393138,"393138 - Everolimo, Concentração:5 MG"
1972,Everolimo,369181,"369181 - Everolimo, Concentração:0,25 MG, Forma Farmacêutica:Comprimido Dispersível"
1972,Everolimo,369180,"369180 - Everolimo, Concentração:0,10 MG, Forma Farmacêutica:Comprimido Dispersível"
1972,Everolimo,369179,"369179 - Everolimo, Concentração:1 MG"
1972,Everolimo,369178,"369178 - Everolimo, Concentração:0,75 MG"
1972,Everolimo,369177,"369177 - Everolimo, Concentração:0,25 MG"
1972,Everolimo,369176,"369176 - Everolimo, Concentração:0,50 MG"
1938,Ácido Fusídico,606823,"606823 - Ácido Fusídico, Concentraçao:20 MG/G, Forma Farmaceutica:Pomada"
1938,Ácido Fusídico,377422,"377422 - Ácido Fusídico, Composição:Associado À Betametasona Valerato, Concentraçao:20 Mg + 1 MG/G, Forma Farmaceutica:Creme"
1938,Ácido Fusídico,295624,"295624 - Ácido Fusídico, Concentração:20 MG/G, Forma Farmacêutica:Creme"
2000,Ácido Mefenâmico,271670,"271670 - Ácido Mefenâmico, Dosagem:500 MG"
2008,Ácido Nalidíxico,268296,"268296 - Ácido Nalidíxico, Dosagem:50 MG/ML, Apresentação:Suspensão Oral"
2008,Ácido Nalidíxico,268295,"268295 - Ácido Nalidíxico, Dosagem:500 MG"
2010,Ácido Nicotínico,395601,"395601 - Ácido Nicotínico, Concentração:250 MG, Forma Farmacêutica:Liberação Prolongada"
2010,Ácido Nicotínico,395465,"395465 - Ácido Nicotínico, Concentração:1000 MG, Forma Farmacêutica:Liberação Prolongada"
2010,Ácido Nicotínico,367693,"367693 - Ácido Nicotínico, Concentração:750 MG, Forma Farmacêutica:Liberação Prolongada"
2010,Ácido Nicotínico,367692,"367692 - Ácido Nicotínico, Concentração:500 MG, Forma Farmacêutica:Liberação Prolongada"
2031,Daratumumabe,475967,"475967 - Daratumumabe, Concentração:120 MG/ML, Forma Farmacêutica:Solução Injetável"
2031,Daratumumabe,441461,"441461 - Daratumumabe, Concentração:20 MG/ML, Forma Farmacêutica:Solução Injetável"
2032,Ácido Tranexâmico,384830,"384830 - Ácido Tranexâmico, Concentração:500 MG"
2032,Ácido Tranexâmico,327566,"327566 - Ácido Tranexâmico, Dosagem:50 MG/ML, Forma Farmacêutica:Solução Injetável"
2032,Ácido Tranexâmico,278338,"278338 - Ácido Tranexâmico, Dosagem:250 MG"
2034,Vimpocetina,369106,"369106 - Vimpocetina, Concentração:5 MG"
2035,Ácido Ursodesoxicólico,456920,"456920 - Ácido Ursodesoxicólico, Concentraçao:20 MG/ML, Forma Farmacêutica:Xarope, Adicional:Formulação Especialmente Manipulada"
2035,Ácido Ursodesoxicólico,438423,"438423 - Ácido Ursodesoxicólico, Concentraçao:30 MG/ML, Forma Farmacêutica:Solução Oral, Adicional:Formulação Especialmente Manipulada"
2035,Ácido Ursodesoxicólico,309040,"309040 - Ácido Ursodesoxicólico, Concentração:300 MG"
2035,Ácido Ursodesoxicólico,277519,"277519 - Ácido Ursodesoxicólico, Concentração:50 MG"
2035,Ácido Ursodesoxicólico,269460,"269460 - Ácido Ursodesoxicólico, Concentração:150 MG"
2036,Ácido Valpróico,480625,"480625 - Ácido Valpróico, Concentração:500 MG, Forma Farmaceutica:Liberação Entérica"
2036,Ácido Valpróico,322233,"322233 - Ácido Valpróico, Dosagem:576 MG"
2036,Ácido Valpróico,308732,"308732 - Ácido Valpróico, Dosagem:50 MG/ML, Forma Farmacêutica:Xarope"
2036,Ácido Valpróico,272912,"272912 - Ácido Valpróico, Dosagem:300 MG, Indicação:Liberação Entérica"
2036,Ácido Valpróico,267505,"267505 - Ácido Valpróico, Dosagem:500 MG"
2036,Ácido Valpróico,267504,"267504 - Ácido Valpróico, Dosagem:250 MG"
2025,Ácido Salicílico,627863,"627863 - Ácido Salicílico, Composição Básica:Associado Ao Ácido Lático, Concentração:20% + 0,015%, Forma Farmacêutica:Solução Tópica"
2025,Ácido Salicílico,482023,"482023 - Ácido Salicílico, Concentração:3%, Forma Farmacêutica:Pomada, Característica Adicional:Formulação Especialmente Manipulada"
2025,Ácido Salicílico,465076,"465076 - Ácido Salicílico, Concentração:1%, Forma Farmacêutica:Solução Tópica, Característica Adicional:Formulação Especialmente Manipulada"
2025,Ácido Salicílico,465005,"465005 - Ácido Salicílico, Concentração:6%, Forma Farmacêutica:Pomada, Característica Adicional:Formulação Especialmente Manipulada"
2025,Ácido Salicílico,450410,"450410 - Ácido Salicílico, Composição Básica:Associado Ao Carb. De Magnésio + Glic. De Alumínio, Concentração:325 Mg + 107,50 Mg + 48,75 MG"
2025,Ácido Salicílico,450409,"450409 - Ácido Salicílico, Composição Básica:Associado Ao Carb. De Magnésio + Glic. De Alumínio, Concentração:81 Mg + 24,30 Mg + 12,15 MG"
2025,Ácido Salicílico,434066,"434066 - Ácido Salicílico, Composição Básica:Associado Ao Resorcinol + Ácido Lático, Concentração:14% + 14% + 14%, Forma Farmacêutica:Solução Alcoólica Tópica, Característica Adicional:Formulação Especialmente Manipulada"
2025,Ácido Salicílico,422070,"422070 - Ácido Salicílico, Composição Básica:Associado À Uréia, Concentração:3% + 20%, Forma Farmacêutica:Creme, Característica Adicional:Formulação Especialmente Manipulada"
2025,Ácido Salicílico,420856,"420856 - Ácido Salicílico, Concentração:300 MG/ML, Forma Farmacêutica:Solução Aquosa Tópica, Característica Adicional:Formulação Especialmente Manipulada"
2025,Ácido Salicílico,395558,"395558 - Ácido Salicílico, Concentração:5%, Forma Farmacêutica:Pomada, Característica Adicional:Especialmente Manipulado"
2025,Ácido Salicílico,352932,"352932 - Ácido Salicílico, Composição Básica:Em Colódio Lacto-Salicilado, Concentração:270 MG/G, Forma Farmacêutica:Gel Alcoólico, Característica Adicional:C/ Aplicador"
2025,Ácido Salicílico,321897,"321897 - Ácido Salicílico, Concentração:100 MG/G, Forma Farmacêutica:Pomada"
2025,Ácido Salicílico,320278,"320278 - Ácido Salicílico, Composição Básica:Associado Com Flumetasona Pivalato, Concentração:30 Mg + 0,2 MG/G, Forma Farmacêutica:Pomada"
2025,Ácido Salicílico,318305,"318305 - Ácido Salicílico, Composição Básica:Associado Ao Ácido Lático, Concentração:170 Mg + 150 MG/ML, Forma Farmacêutica:Solução Tópica"
2025,Ácido Salicílico,318291,"318291 - Ácido Salicílico, Concentração:100 MG/ML, Forma Farmacêutica:Solução Tópica"
2025,Ácido Salicílico,318290,"318290 - Ácido Salicílico, Concentração:280 MG/G, Forma Farmacêutica:Pasta"
2100,Adenosina,428257,"428257 - Adenosina, Concentração:2,7 MG/ML, Forma Farmaceutica:Solução Injetável, Características Adicionais:Formulação Especialmente Manipulada"
2100,Adenosina,278281,"278281 - Adenosina, Dosagem:3 MG/ML, Indicação:Solução Injetável"
2110,Hipossulfito De Sódio,465484,"465484 - Hipossulfito De Sódio, Concentração:10%, Forma Farmacêutica:Solução Tópica, Características Adicionais:Especialmente Manipulado"
2110,Hipossulfito De Sódio,455589,"455589 - Hipossulfito De Sódio, Concentração:2%, Forma Farmacêutica:Solução Tópica, Características Adicionais:Especialmente Manipulado"
2110,Hipossulfito De Sódio,423781,"423781 - Hipossulfito De Sódio, Concentração:50 MG/ML, Forma Farmacêutica:Solução Tópica, Características Adicionais:Especialmente Manipulado"
2118,Nimotuzumabe,405962,"405962 - Nimotuzumabe, Concentração:5 MG/ML, Forma Farmacêutica:Solução Injetável"
2120,Alfagalsidase,349794,"349794 - Alfagalsidase, Concentração:1 MG/ML, Forma Farmacêutica:Solução P/ Infusão"
2147,Erlosamida,433974,"433974 - Erlosamida, Concentração:100 MG"
2147,Erlosamida,398871,"398871 - Erlosamida, Concentração:50 MG"
2148,Dinoprostona,389657,"389657 - Dinoprostona, Concentração:10 MG, Forma Farmaceutica:Vaginal, Característica Adicional:Com Pessário"
2149,Betacaroteno,416617,"416617 - Betacaroteno, Concentração:5 MG, Característica Adicional:Especialmente Manipulado"
2149,Betacaroteno,412122,"412122 - Betacaroteno, Concentração:15 MG"
2150,Pegaspargase,624504,"624504 - Pegaspargase, Concentração:3.750 U, Forma Farmacêutica:Pó Liófilo P/ Injetável"
2150,Pegaspargase,443435,"443435 - Pegaspargase, Concentração:750 U/ML, Forma Farmacêutica:Solução Injetável"
2209,Beta-Agalsidase,357119,"357119 - Beta-Agalsidase, Concentração:35 MG, Forma Farmacêutica:Pó Liófilo P/ Injetável"
2209,Beta-Agalsidase,357118,"357118 - Beta-Agalsidase, Concentração:5 MG, Forma Farmacêutica:Pó Liófilo P/ Injetável"
2239,Albumina Humana,428786,"428786 - Albumina Humana, Concentração:10%, Forma Farmacêutica:Solução Injetável"
2239,Albumina Humana,268376,"268376 - Albumina Humana, Concentração:20%, Uso:Injetável"
2252,Álcool Polivinílico,331154,"331154 - Álcool Polivinílico, Concentração:14 MG/ML, Forma Farmacêutica:Solução Oftálmica"
2252,Álcool Polivinílico,331153,"331153 - Álcool Polivinílico, Composição:Associado À Povidona, Concentração:14 Mg + 6 MG/ML, Forma Farmacêutica:Solução Oftálmica"
2272,Fosaprepitanto Dimeglumina,440396,"440396 - Fosaprepitanto Dimeglumina, Concentração:150 MG, Forma Farmacêutica:Pó Liófilo P/ Injetável"
2273,Alendronato De Sódio,448791,"448791 - Alendronato De Sódio, Composição:Associado Ao Carbonato De Cálcio E Vitamina D, Concentração:70 Mg + 500 Mg + 200 UI, Características Adicionais:Comprimido 1 + Comprimido 2"
2273,Alendronato De Sódio,413882,"413882 - Alendronato De Sódio, Composição:Associado À Vitamina D3, Concentração:70 Mg + 5.600 Ui"
2273,Alendronato De Sódio,383791,"383791 - Alendronato De Sódio, Composição:Associado À Vitamina D3, Concentração:70 Mg + 2.800 Ui"
2273,Alendronato De Sódio,308721,"308721 - Alendronato De Sódio, Dosagem:10 MG"
2273,Alendronato De Sódio,269462,"269462 - Alendronato De Sódio, Dosagem:70 MG"
2275,Alfacalcidol,292401,"292401 - Alfacalcidol, Dosagem:1 MCG"
2275,Alfacalcidol,292400,"292400 - Alfacalcidol, Dosagem:0,25 MCG"
2277,Alfentanila Cloridrato,268378,"268378 - Alfentanila Cloridrato, Concentração:0,544 MG/ML, Indicação:Solução Injetável"
2259,Álcool Etílico,637884,"637884 - Álcool Etílico, Teor Alcoólico:70% V/V, Características Adicionais:Estéril, Apirogênica, Forma Farmacêutica:Solução Tópica, Adicional:Especialmente Manipulado"
2259,Álcool Etílico,618744,"618744 - Álcool Etílico, Teor Alcoólico:Absoluto, Mínimo De 99,5%, Forma Farmacêutica:Solução Injetável, Adicional:Especialmente Manipulado"
2259,Álcool Etílico,610972,"610972 - Álcool Etílico, Teor Alcoólico:70% V/V, Composição Básica:Com Emoliente, Forma Farmacêutica:Espuma"
2259,Álcool Etílico,445578,"445578 - Álcool Etílico, Teor Alcoólico:Absoluto, Mínimo De 95%, Forma Farmacêutica:Solução Injetável"
2259,Álcool Etílico,443454,"443454 - Álcool Etílico, Teor Alcoólico:70% P/P (70 °Gl), Composição Básica:Glicerinado, Características Adicionais:Com Bico Dosador"
2259,Álcool Etílico,433277,"433277 - Álcool Etílico, Teor Alcoólico:80% V/V, Características Adicionais:Formulação Especialmente Manipulada"
2259,Álcool Etílico,428582,"428582 - Álcool Etílico, Composição Básica:Associado Com N-Propílico, Características Adicionais:Com Emolientes, Concentração:45% + 18%, Forma Farmacêutica:Solução Tópica"
2259,Álcool Etílico,386857,"386857 - Álcool Etílico, Teor Alcoólico:70% V/V, Composição Básica:Com Emoliente, Forma Farmacêutica:Em Lenço Umidecido"
2259,Álcool Etílico,380018,"380018 - Álcool Etílico, Teor Alcoólico:70% V/V, Composição Básica:Com Emoliente, Forma Farmacêutica:Gel"
2259,Álcool Etílico,348377,"348377 - Álcool Etílico, Teor Alcoólico:50% V/V, Características Adicionais:Formulação Especialmente Manipulada"
2259,Álcool Etílico,328596,"328596 - Álcool Etílico, Teor Alcoólico:Absoluto, 800 Mg/Ml, Forma Farmacêutica:Solução Injetável"
2259,Álcool Etílico,277541,"277541 - Álcool Etílico, Tipo:Hidratado, Teor Alcoólico:70% ( 70°Gl), Apresentação:Glicerinado, Líquido"
2259,Álcool Etílico,273231,"273231 - Álcool Etílico, Tipo:Hidratado, Teor Alcoólico:70% ( 70°Gl), Composição Básica:Com Carbopol E Glicerina, Características Adicionais:Bag In Box, Com Bico Dosador, Refil"
2259,Álcool Etílico,269943,"269943 - Álcool Etílico, Tipo:Hidratado, Teor Alcoólico:70%_(70°Gl), Apresentação:Gel"
2259,Álcool Etílico,269941,"269941 - Álcool Etílico, Tipo:Hidratado, Teor Alcoólico:70%_(70°Gl), Apresentação:Líquido"
2340,Almitrina Bismesilato,311640,"311640 - Almitrina Bismesilato, Concentração:50 MG"
2360,Alopurinol,469041,"469041 - Alopurinol, Concentração:50 MG, Característica Adicional:Medicamento Especialmente Manipulado"
2360,Alopurinol,367574,"367574 - Alopurinol, Concentração:30 MG/ML, Forma Farmacêutica:Suspensão Oral Em Base De Xarope Simples, Característica Adicional:Medicamento Especialmente Manipulado"
2360,Alopurinol,267509,"267509 - Alopurinol, Dosagem:300 Mg"
2360,Alopurinol,267508,"267508 - Alopurinol, Dosagem:100 Mg"
2363,Alprostadil,482540,"482540 - Alprostadil, Concentraçao:10 MCG, Forma Farmaceutica:Injetável"
2363,Alprostadil,466978,"466978 - Alprostadil, Concentraçao:50 MCG/ML, Forma Farmaceutica:Solução Injetável, Característica Adicional:Formulação Especialmente Manipulada"
2363,Alprostadil,408617,"408617 - Alprostadil, Concentraçao:250 MCG, Forma Farmaceutica:Pó Liófilo P/Injetável, Característica Adicional:Formulação Especialmente Manipulada"
2363,Alprostadil,333142,"333142 - Alprostadil, Dosagem:500 MCG/ML, Forma Farmacêutica:Solução Injetável"
2363,Alprostadil,268380,"268380 - Alprostadil, Dosagem:20 MCG, Indicação:Injetável"
2365,Alteplase,436418,"436418 - Alteplase, Concentração:50 MG, Forma Farmacêutica:Pó Liófilo P/ Injetável + Diluente"
2365,Alteplase,436417,"436417 - Alteplase, Concentração:20 MG, Forma Farmacêutica:Pó Liófilo P/ Injetável + Diluente"
2365,Alteplase,436416,"436416 - Alteplase, Concentração:10 MG, Forma Farmacêutica:Pó Liófilo P/ Injetável + Diluente"
2365,Alteplase,333494,"333494 - Alteplase, Concentração:75 MCG, Forma Farmacêutica:Pó Liófilo P/ Injetável, Intra-Ocular, Característica Adicional:Especialmente Manipulado"
2405,Amissulprida,401321,"401321 - Amissulprida, Concentração:200 MG"
2405,Amissulprida,396081,"396081 - Amissulprida, Concentração:50 MG"
2406,Lapatinibe,361174,"361174 - Lapatinibe, Composição:Sal Ditosilato, Concentração:250 MG"
2408,Hetamido,433293,"433293 - Hetamido, Concentração:Solução À 6%, 130/0,4, Forma Farmacêutica:Solução Injetável, Característica Adicional:Em Sistema Fechado"
2408,Hetamido,400681,"400681 - Hetamido, Composição:Poli(0-2 Hidroxietil) Amido + Cloreto De Sódio, Concentração:Solução À 10%, 450/0,7, Forma Farmacêutica:Solução Injetável, Característica Adicional:Em Sistema Fechado"
2408,Hetamido,393847,"393847 - Hetamido, Composição:Poli(0-2 Hidroxietil) Amido + Cloreto De Sódio, Concentração:Solução À 6%, 200/0,5, Forma Farmacêutica:Solução Injetável, Característica Adicional:Em Sistema Fechado"
2408,Hetamido,393846,"393846 - Hetamido, Composição:Poli(0-2 Hidroxietil) Amido + Cloreto De Sódio, Concentração:Solução À 6%, 130/0,4, Forma Farmacêutica:Solução Injetável, Característica Adicional:Em Sistema Fechado"
2408,Hetamido,393845,"393845 - Hetamido, Composição:Poli(0-2 Hidroxietil) Amido + Cloreto De Sódio, Concentração:Solução À 10%, 200/0,5, Forma Farmacêutica:Solução Injetável, Característica Adicional:Em Sistema Fechado"
2408,Hetamido,393844,"393844 - Hetamido, Composição:Poli(0-2 Hidroxietil) Amido + Cloreto De Sódio, Concentração:Solução A 6%, 450/0,7, Forma Farmacêutica:Solução Injetável, Característica Adicional:Em Sistema Fechado"
2362,Alprazolam,607922,"607922 - Alprazolam, Concentração:0,50 MG, Adicional:Sublingual"
2362,Alprazolam,470478,"470478 - Alprazolam, Concentração:2 MG, Adicional:Liberação Lenta"
2362,Alprazolam,448159,"448159 - Alprazolam, Concentração:1 MG, Adicional:Liberação Lenta"
2362,Alprazolam,440771,"440771 - Alprazolam, Concentração:0,50 MG, Adicional:Liberação Lenta"
2362,Alprazolam,284465,"284465 - Alprazolam, Dosagem:2 MG"
2362,Alprazolam,271358,"271358 - Alprazolam, Dosagem:0,25 MG"
2362,Alprazolam,271357,"271357 - Alprazolam, Dosagem:0,50 MG"
2362,Alprazolam,271356,"271356 - Alprazolam, Dosagem:1 MG"
2411,Anlodipino Besilato,611998,"611998 - Anlodipino Besilato, Composição:Associado Ao Perindopril Arginina, Concentraçao:5 Mg + 7 MG"
2411,Anlodipino Besilato,611997,"611997 - Anlodipino Besilato, Composição:Associado Ao Perindopril Arginina, Concentraçao:2,5 Mg + 3,5 MG"
2411,Anlodipino Besilato,479357,"479357 - Anlodipino Besilato, Composição:Associado À Valsartana, Concentraçao:5 Mg + 320 MG"
2411,Anlodipino Besilato,476553,"476553 - Anlodipino Besilato, Composição:Associado Ao Perindopril Arginina, Concentraçao:10 Mg + 14 MG"
2411,Anlodipino Besilato,438419,"438419 - Anlodipino Besilato, Concentraçao:1 MG/ML, Forma Farmaceutica:Solução Oral, Adicional:Formulação Especialmente Manipulada"
2411,Anlodipino Besilato,434255,"434255 - Anlodipino Besilato, Composição:Associado À Telmisartana, Concentraçao:10 Mg + 80 MG"
2411,Anlodipino Besilato,400091,"400091 - Anlodipino Besilato, Composição:Associado À Atorvastatina Cálcica, Concentraçao:5 Mg + 10 MG"
2411,Anlodipino Besilato,398268,"398268 - Anlodipino Besilato, Composição:Associado À Valsartana, Concentraçao:10 Mg + 320 MG"
2411,Anlodipino Besilato,395908,"395908 - Anlodipino Besilato, Composição:Associado À Losartana Potássica, Concentraçao:5 Mg + 50 MG"
2411,Anlodipino Besilato,394917,"394917 - Anlodipino Besilato, Composição:Associado À Benazeprila Cloridrato, Concentraçao:5 Mg + 20 MG"
2411,Anlodipino Besilato,394916,"394916 - Anlodipino Besilato, Composição:Associado À Benazeprila Cloridrato, Concentraçao:5 Mg + 10 MG"
2411,Anlodipino Besilato,394915,"394915 - Anlodipino Besilato, Composição:Associado À Benazeprila Cloridrato, Concentraçao:2,5 Mg + 10 MG"
2411,Anlodipino Besilato,393808,"393808 - Anlodipino Besilato, Composição:Associado Ao Valsartano, Concentraçao:10 Mg + 160 MG"
2411,Anlodipino Besilato,357063,"357063 - Anlodipino Besilato, Composição:Associado Ao Valsartano, Concentraçao:5 Mg + 320 MG"
2411,Anlodipino Besilato,357062,"357062 - Anlodipino Besilato, Composição:Associado Ao Valsartano, Concentraçao:5 Mg + 160 MG"
2411,Anlodipino Besilato,357061,"357061 - Anlodipino Besilato, Composição:Associado Ao Valsartano, Concentraçao:5 Mg + 80 MG"
2411,Anlodipino Besilato,343126,"343126 - Anlodipino Besilato, Composição:Associado À Losartana Potássica, Concentraçao:5 Mg + 100 MG"
2411,Anlodipino Besilato,343125,"343125 - Anlodipino Besilato, Composição:Associado À Losartana Potássica, Concentraçao:2,5 Mg + 50 MG"
2411,Anlodipino Besilato,331309,"331309 - Anlodipino Besilato, Composição:Associado Ao Atenolol, Concentração:5 Mg + 25 MG"
2411,Anlodipino Besilato,331308,"331308 - Anlodipino Besilato, Composição:Associado Ao Atenolol, Concentração:5 Mg + 50 MG"
2411,Anlodipino Besilato,272435,"272435 - Anlodipino Besilato, Dosagem:2,5 MG"
2411,Anlodipino Besilato,272434,"272434 - Anlodipino Besilato, Dosagem:5 MG"
2411,Anlodipino Besilato,270879,"270879 - Anlodipino Besilato, Composição:Associada Ao Enalapril, Concentração:5mg + 20mg"
2411,Anlodipino Besilato,270878,"270878 - Anlodipino Besilato, Composição:Associada Ao Enalapril, Concentração:5mg + 10mg"
2411,Anlodipino Besilato,270877,"270877 - Anlodipino Besilato, Composição:Associada Ao Enalapril, Concentração:2,5mg + 10mg"
2411,Anlodipino Besilato,268896,"268896 - Anlodipino Besilato, Dosagem:10 MG"
2417,Aminobenzoato De Potássio,401654,"401654 - Aminobenzoato De Potássio, Concentração:500 MG, Forma Farmacêutica:Oral, Característica Adicional:Formulação Especialmente Manipulada"
2419,Aminolevulinato De Metila,335313,"335313 - Aminolevulinato De Metila, Composição:Cloridrato, Concentração:160 MG/G, Forma Farmacêutica:Creme"
2428,Amorolfina,299693,"299693 - Amorolfina, Concentração:2,5 MG/G, Forma Farmacêutica:Creme"
2428,Amorolfina,299692,"299692 - Amorolfina, Concentração:50 MG/ML, Forma Farmacêutica:Esmalte P/Unhas, Características Adicionais:Com Kit P/ Aplicação"
2462,Amprenavir,268322,"268322 - Amprenavir, Dosagem:15 MG/ML, Apresentação:Solução Oral"
2462,Amprenavir,268320,"268320 - Amprenavir, Dosagem:150 MG"
2462,Amprenavir,268319,"268319 - Amprenavir, Dosagem:50 MG"
2463,Saxagliptina,402991,"402991 - Saxagliptina, Concentração:2,5 MG"
2463,Saxagliptina,393034,"393034 - Saxagliptina, Concentração:5 MG"
2420,Amiodarona,617917,"617917 - Amiodarona, Concentração:20 MG/ML, Forma Farmaceutica:Solução Oral, Característica Adicional:Formulação Especialmente Manipulada"
2420,Amiodarona,465049,"465049 - Amiodarona, Concentração:10 MG/ML, Forma Farmaceutica:Solução Oral, Característica Adicional:Formulação Especialmente Manipulada"
2420,Amiodarona,442656,"442656 - Amiodarona, Concentração:200 MG/ML, Forma Farmaceutica:Suspensão Oral - Gotas"
2420,Amiodarona,398100,"398100 - Amiodarona, Concentração:50 MG/ML, Forma Farmaceutica:Suspensão Oral, Característica Adicional:Formulação Especialmente Manipulada"
2420,Amiodarona,386316,"386316 - Amiodarona, Concentração:200 MG/ML, Forma Farmaceutica:Suspensão Oral - Gotas, Característica Adicional:Formulação Especialmente Manipulada"
2420,Amiodarona,386315,"386315 - Amiodarona, Concentração:5 MG/ML, Forma Farmaceutica:Suspensão Oral, Característica Adicional:Formulação Especialmente Manipulada"
2420,Amiodarona,271710,"271710 - Amiodarona, Dosagem:50mg/Ml, Indicação:Injetável"
2420,Amiodarona,271709,"271709 - Amiodarona, Dosagem:100mg"
2420,Amiodarona,267510,"267510 - Amiodarona, Dosagem:200 Mg"
2418,Aminoácidos,637215,"637215 - Aminoácidos, Composição De Aminoácidos:Asp, Glu, Ala, Arg, Phe, Gly, His, Ile, Leu, Composição De Aminoácidos 1:Lys, Met, Pro, Ser, Tyr, Thr, Trp, Val, Adicional:C/ Glicose E Emulsão Lipídica, Concentração 1:Cerca De 5% + 20% + 10%, Teor Energético:Cerca De 2000 KCAL, Forma Farmacêutica 1:Emulsão Injetável, Características Adicionais 1:Em Bolsa De Câmara Tripla"
2418,Aminoácidos,631825,"631825 - Aminoácidos, Composição De Aminoácidos:Ala, Arg, Phe, Gly, His, Ile, Leu, Lys, Met, Composição De Aminoácidos 1:Lys, Met, Pro, Ser, Tyr, Thr, Trp, Val, Composição De Aminoácidos 2:Taurina, Adicional:C/ Glicose E Emulsão Lipídica, Concentração 1:Cerca De 10% + 40% + 20%, Teor Energético:Cerca De 1300 KCAL, Forma Farmacêutica 1:Emulsão Injetável, Características Adicionais 1:Em Bolsa De Câmara Tripla"
2418,Aminoácidos,626745,"626745 - Aminoácidos, Composição De Aminoácidos:Asp, Glu, Ala, Arg, Phe, Gly, His, Ile, Leu, Composição De Aminoácidos 1:Lys, Met, Pro, Ser, Tyr, Thr, Trp, Val, Adicional:C/ Glicose E Emulsão Lipídica, Concentração 1:Cerca De 15% + 30% + 20%, Teor Energético:Cerca De 600 KCAL, Forma Farmacêutica 1:Emulsão Injetável, Características Adicionais 1:Em Bolsa De Câmara Tripla"
2418,Aminoácidos,621035,"621035 - Aminoácidos, Composição De Aminoácidos:Asp, Glu, Ala, Arg, Phe, Gly, His, Ile, Leu, Composição De Aminoácidos 1:Lys, Met, Pro, Ser, Tyr, Thr, Trp, Val, Adicional:C/ Glicose E Emulsão Lipídica, Concentração 1:Cerca De 10% + 35% + 20%, Teor Energético:Cerca De 1000 KCAL, Forma Farmacêutica 1:Emulsão Injetável, Características Adicionais 1:Em Bolsa De Câmara Tripla"
2418,Aminoácidos,618231,"618231 - Aminoácidos, Composição De Aminoácidos:Asp, Glu, Ala, Arg, Cys, Phe, Gly, His, Ile, Leu, Composição De Aminoácidos 1:Lys, Met, Pro, Ser, Tyr, Thr, Trp, Val, Composição De Aminoácidos 2:Ornitina, Taurina, Adicional:C/ Glicose E Emulsão Lipídica, Concentração 1:Cerca De 5% + 50% + 15%, Teor Energético:Cerca De 300 KCAL, Forma Farmacêutica 1:Emulsão Injetável, Características Adicionais 1:Em Bolsa De Câmara Tripla"
2418,Aminoácidos,616076,"616076 - Aminoácidos, Composição De Aminoácidos:Ala, Arg, Phe, Gly, His, Ile, Leu, Lys, Met, Composição De Aminoácidos 1:Lys, Met, Pro, Ser, Tyr, Thr, Trp, Val, Composição De Aminoácidos 2:Taurina, Adicional:C/ Glicose E Emulsão Lipídica, Concentração 1:Cerca De 10% + 40% + 20%, Teor Energético:Cerca De 2500 KCAL, Forma Farmacêutica 1:Emulsão Injetável, Características Adicionais 1:Em Bolsa De Câmara Tripla"
2418,Aminoácidos,602634,"602634 - Aminoácidos, Composição De Aminoácidos:Asp, Glu, Ala, Arg, Phe, Gly, His, Ile, Leu, Composição De Aminoácidos 1:Lys, Met, Pro, Ser, Tyr, Thr, Trp, Val, Adicional:C/ Glicose E Emulsão Lipídica, Concentração 1:Cerca De 15% + 30% + 20%, Teor Energético:Cerca De 2000 KCAL, Forma Farmacêutica 1:Emulsão Injetável, Características Adicionais 1:Em Bolsa De Câmara Tripla"
2418,Aminoácidos,601418,"601418 - Aminoácidos, Composição De Aminoácidos 2:Colina, Betaína E Metionina, Concentração 3:53 Mg/Ml + 50 Mg/Ml + 40 MG/ML, Forma Farmacêutica 1:Solução Oral"
2418,Aminoácidos,486323,"486323 - Aminoácidos, Composição De Aminoácidos:Asp, Glu, Ala, Arg, Phe, Gly, His, Ile, Leu, Composição De Aminoácidos 1:Lys, Met, Pro, Ser, Tyr, Thr, Trp, Val, Concentração 1:A 10%, Teor Energético:Cerca De 400 KCAL, Forma Farmacêutica 1:Solução Injetável"
2418,Aminoácidos,462539,"462539 - Aminoácidos, Composição De Aminoácidos:Asp, Glu, Ala, Arg, Phe, Gly, His, Ile, Leu, Composição De Aminoácidos 1:Lys, Met, Pro, Ser, Tyr, Thr, Trp, Val, Adicional:C/ Glicose E Emulsão Lipídica, Concentração 1:Cerca De 10% + 35% + 20%, Teor Energético:Cerca De 2200 KCAL, Forma Farmacêutica 1:Emulsão Injetável, Características Adicionais 1:Em Bolsa De Câmara Tripla"
2418,Aminoácidos,462538,"462538 - Aminoácidos, Composição De Aminoácidos:Asp, Glu, Ala, Arg, Phe, Gly, His, Ile, Leu, Composição De Aminoácidos 1:Lys, Met, Pro, Ser, Tyr, Thr, Trp, Val, Adicional:C/ Glicose E Emulsão Lipídica, Concentração 1:Cerca De 5% + 10% + 5%, Teor Energético:Cerca De 2000 KCAL, Forma Farmacêutica 1:Emulsão Injetável, Características Adicionais 1:Em Bolsa De Câmara Tripla"
2418,Aminoácidos,462537,"462537 - Aminoácidos, Composição De Aminoácidos:Asp, Glu, Ala, Arg, Phe, Gly, His, Ile, Leu, Composição De Aminoácidos 1:Lys, Met, Pro, Ser, Thr, Trp, Val, Adicional:C/ Glicose E Emulsão Lipídica, Concentração 1:Cerca De 5% + 20% + 5%, Teor Energético:Cerca De 2000 KCAL, Forma Farmacêutica 1:Emulsão Injetável, Características Adicionais 1:Em Bolsa De Câmara Tripla"
2418,Aminoácidos,462525,"462525 - Aminoácidos, Composição De Aminoácidos:Ala, Arg, Phe, Gly, His, Ile, Leu, Lys, Met, Pro, Composição De Aminoácidos 1:Lys, Met, Pro, Ser, Thr, Trp, Val, Adicional:C/ Glicose E Emulsão Lipídica, Concentração 1:Cerca De 5% + 15% + 5%, Teor Energético:Cerca De 1500 KCAL, Forma Farmacêutica 1:Emulsão Injetável, Características Adicionais 1:Em Bolsa De Câmara Tripla"
2418,Aminoácidos,462524,"462524 - Aminoácidos, Composição De Aminoácidos:Asp, Glu, Ala, Arg, Phe, Gly, His, Ile, Leu, Composição De Aminoácidos 1:Lys, Met, Pro, Ser, Thr, Trp, Val, Adicional:C/ Glicose E Emulsão Lipídica, Concentração 1:Cerca De 5% + 10% + 5%, Teor Energético:Cerca De 1500 KCAL, Forma Farmacêutica 1:Emulsão Injetável, Características Adicionais 1:Em Bolsa De Câmara Tripla"
2418,Aminoácidos,459684,"459684 - Aminoácidos, Composição De Aminoácidos:Ala, Arg, Phe, Gly, His, Ile, Leu, Lys, Met, Pro, Composição De Aminoácidos 1:Ser, Tyr, Thr, Trp, Val, Composição De Aminoácidos 2:Taurina, Adicional 1:Isenta De Eletrólitos E Carboidratos, Concentração 1:A 10%, Teor Energético:Cerca De 400 KCAL, Forma Farmacêutica 1:Solução Injetável"
2418,Aminoácidos,458247,"458247 - Aminoácidos, Composição De Aminoácidos:Asp, Glu, Ala, Arg, Phe, Gly, His, Ile, Leu, Composição De Aminoácidos 1:Lys, Met, Pro, Ser, Thr, Trp, Adicional:C/ Glicose E Emulsão Lipídica, Concentração 1:Cerca De 5% + 10% + 25%, Teor Energético:Cerca De 800 KCAL, Forma Farmacêutica 1:Emulsão Injetável, Características Adicionais 1:Em Bolsa De Câmara Tripla"
2418,Aminoácidos,458216,"458216 - Aminoácidos, Composição De Aminoácidos:Ala, Arg, Phe, Gly, His, Ile, Leu, Lys, Met, Pro, Composição De Aminoácidos 1:Ser, Tyr, Thr, Trp, Val, Composição De Aminoácidos 2:Taurina, Adicional:C/ Glicose E Emulsão Lipídica, Concentração 1:Cerca De 10% + 40% + 20%, Teor Energético:Cerca De 2000 KCAL, Forma Farmacêutica 1:Emulsão Injetável, Características Adicionais 1:Em Bolsa De Câmara Tripla"
2418,Aminoácidos,451722,"451722 - Aminoácidos, Composição De Aminoácidos:Arg, Gln, Ser, Thr, Trp, Adicional:Vit: B12a, Concentração 3:10 Mg + 6 Mg + 4 Mg + 1 Mg + 4 Mg + 48,7 MCG, Forma Farmacêutica 1:Pó P/ Preparação Extemporânea Com Diluente"
2418,Aminoácidos,449368,"449368 - Aminoácidos, Composição De Aminoácidos:Asp, Glu, Ala, Arg, Phe, Gly, His, Ile, Leu, Composição De Aminoácidos 1:Lys, Met, Pro, Ser, Tyr, Thr, Trp, Val, Adicional:C/ Glicose E Emulsão Lipídica, Concentração 1:Cerca De 5% + 20% + 15%, Teor Energético:Cerca De 800 KCAL, Forma Farmacêutica 1:Emulsão Injetável, Características Adicionais 1:Em Bolsa De Câmara Tripla"
2418,Aminoácidos,449365,"449365 - Aminoácidos, Composição De Aminoácidos:Phe, His, Ile, Leu, Lys, Met, Tyr, Thr, Trp, Val, Concentração 1:68 Mg + 38 Mg + 67 Mg + 101 Mg + 105 Mg + 59 MG, Concentração 3:30 Mg + 53 Mg + 23 Mg + 86 MG"
2418,Aminoácidos,449347,"449347 - Aminoácidos, Composição De Aminoácidos:Ala, Arg, Phe, Gly, His, Ile, Leu, Lys, Met, Pro, Composição De Aminoácidos 1:Ser, Tyr, Thr, Trp, Val, Composição De Aminoácidos 2:C/ Acetilcisteína, Acetiltirosina, Taurina, Adicional:Ácido Málico, Adicional 1:Isenta De Eletrólitos E Carboidratos, Concentração 1:A 15%, Teor Energético:Cerca De 600 KCAL, Forma Farmacêutica 1:Solução Injetável"
2418,Aminoácidos,449346,"449346 - Aminoácidos, Composição De Aminoácidos 2:Colina, Betaína E Metionina, Concentração 3:100 Mg/Ml + 50 Mg/Ml + 10 MG/ML, Forma Farmacêutica 1:Solução Oral"
2418,Aminoácidos,449345,"449345 - Aminoácidos, Composição De Aminoácidos:Asp, Glu, Ala, Arg, Phe, Gly, His, Ile, Leu, Composição De Aminoácidos 1:Lys, Met, Pro, Ser, Tyr, Thr, Trp, Val, Adicional:C/ Glicose E Emulsão Lipídica, Concentração 1:Cerca De 10% + 30% + 20%, Teor Energético:Cerca De 2000 KCAL, Forma Farmacêutica 1:Emulsão Injetável, Características Adicionais 1:Em Bolsa De Câmara Tripla"
2418,Aminoácidos,449344,"449344 - Aminoácidos, Composição De Aminoácidos 2:Arginina, Ornitina E Citrulina, Concentração 3:185 Mg + 60 Mg + 5 MG"
2418,Aminoácidos,449343,"449343 - Aminoácidos, Composição De Aminoácidos:Ala, Arg, Gly, His, Ile, Leu, Lys, Met, Pro, Composição De Aminoácidos 1:Ser, Tyr, Thr, Trp, Val, Composição De Aminoácidos 2:C/ Acetilcisteína E Gliciltirosina, Concentração 1:A 10%, Teor Energético:Cerca De 1500 KCAL, Forma Farmacêutica 1:Solução Injetável"
2418,Aminoácidos,449342,"449342 - Aminoácidos, Composição De Aminoácidos:Asp, Glu, Ala, Arg, Phe, Gly, His, Ile, Leu, Composição De Aminoácidos 1:Lys, Met, Pro, Ser, Tyr, Thr, Trp, Val, Adicional:C/ Glicose E Emulsão Lipídica, Concentração 1:Cerca De 5% + 10% + 5%, Teor Energético:Cerca De 1000 KCAL, Forma Farmacêutica 1:Emulsão Injetável, Características Adicionais 1:Em Bolsa De Câmara Tripla"
2418,Aminoácidos,449341,"449341 - Aminoácidos, Composição De Aminoácidos:Ala, Arg, Phe, Gly, His, Ile, Leu, Lys, Met, Pro, Composição De Aminoácidos 1:Ser, Tyr, Thr, Trp, Val, Composição De Aminoácidos 2:Taurina, Adicional:C/ Glicose E Emulsão Lipídica, Concentração 1:Cerca De 10% + 40% + 20%, Teor Energético:Cerca De 1000 KCAL, Forma Farmacêutica 1:Emulsão Injetável, Características Adicionais 1:Em Bolsa De Câmara Tripla"
2418,Aminoácidos,449340,"449340 - Aminoácidos, Composição De Aminoácidos:Ala, Arg, Phe, Gly, His, Ile, Leu, Lys, Met, Pro, Composição De Aminoácidos 1:Ser, Tyr, Thr, Trp, Val, Composição De Aminoácidos 2:C/ Acetilcisteína, Acetiltirosina, Taurina, Adicional:Ácido Málico, Adicional 1:Isenta De Eletrólitos E Carboidratos, Concentração 1:A 10%, Teor Energético:Cerca De 400 KCAL, Forma Farmacêutica 1:Solução Injetável"
2418,Aminoácidos,449339,"449339 - Aminoácidos, Composição De Aminoácidos:Asp, Glu, Ala, Arg, Phe, Gly, His, Ile, Leu, Composição De Aminoácidos 1:Lys, Met, Pro, Ser, Thr, Trp, Val, Adicional:C/ Glicose E Minerais, Concentração 1:Cerca De 5% + 15%, Teor Energético:Cerca De 800 KCAL, Forma Farmacêutica 1:Solução Injetável, Características Adicionais 1:Em Bolsa De Câmara Dupla"
2418,Aminoácidos,449338,"449338 - Aminoácidos, Composição De Aminoácidos:Asp, Glu, Ala, Arg, Phe, Gly, His, Ile, Leu, Composição De Aminoácidos 1:Lys, Met, Pro, Ser, Tyr, Thr, Trp, Val, Adicional:C/ Glicose E Emulsão Lipídica, Concentração 1:Cerca De 5% + 10% + 5%, Teor Energético:Cerca De 4000 KCAL, Forma Farmacêutica 1:Emulsão Injetável, Características Adicionais 1:Em Bolsa De Câmara Tripla"
2418,Aminoácidos,449337,"449337 - Aminoácidos, Composição De Aminoácidos:Asp, Glu, Ala, Arg, Phe, Gly, His, Ile, Leu, Composição De Aminoácidos 1:Lys, Met, Pro, Ser, Tyr, Thr, Trp, Val, Adicional:C/ Glicose E Emulsão Lipídica, Concentração 1:Cerca De 15% + 30% + 20%, Teor Energético:Cerca De 1000 KCAL, Forma Farmacêutica 1:Emulsão Injetável, Características Adicionais 1:Em Bolsa De Câmara Tripla"
2418,Aminoácidos,449335,"449335 - Aminoácidos, Composição De Aminoácidos:Asp, Glu, Ala, Arg, Phe, Gly, His, Ile, Leu, Composição De Aminoácidos 1:Lys, Met, Pro, Ser, Tyr, Thr, Trp, Val, Adicional:C/ Glicose E Emulsão Lipídica, Concentração 1:Cerca De 5% + 20% + 15%, Teor Energético:Cerca De 1500 KCAL, Forma Farmacêutica 1:Emulsão Injetável, Características Adicionais 1:Em Bolsa De Câmara Tripla"
2418,Aminoácidos,449333,"449333 - Aminoácidos, Composição De Aminoácidos:Ala, Arg, Phe, Gly, His, Ile, Leu, Lys, Met, Pro, Composição De Aminoácidos 1:Ser, Thr, Trp, Val, Composição De Aminoácidos 2:C/ Acetilcisteína, Adicional 1:Isenta De Eletrólitos E Carboidratos, Concentração 1:A 8%, Forma Farmacêutica 1:Solução Injetável"
2436,Amoxicilina,448842,"448842 - Amoxicilina, Princípio Ativo:Associada Com Sulbactam, Concentração:200 Mg/Ml + 50 MG/ML, Forma Farmacêutica:Suspensão Oral"
2436,Amoxicilina,448841,"448841 - Amoxicilina, Princípio Ativo:Associada Com Clavulanato De Potássio, Concentração:50 Mg/Ml + 12,5 MG/ML, Forma Farmacêutica:Suspensão Oral"
2436,Amoxicilina,448840,"448840 - Amoxicilina, Princípio Ativo:Associada Com Clavulanato De Potássio, Concentração:25 Mg/Ml + 6,25 MG/ML, Forma Farmacêutica:Suspensão Oral"
2436,Amoxicilina,439938,"439938 - Amoxicilina, Princípio Ativo:Associado À Claritromicina E Esomeprazol, Concentração:500 Mg + 500 Mg + 20 MG"
2436,Amoxicilina,390439,"390439 - Amoxicilina, Princípio Ativo:Associada Com Clavulanato De Potássio, Concentração:500mg + 100mg, Forma Farmacêutica:Pó Liófilo P/ Injetável"
2436,Amoxicilina,386396,"386396 - Amoxicilina, Princípio Ativo:Associada Com Clavulanato De Potássio, Concentração:80 Mg + 11,5 Mg/Ml, Forma Farmacêutica:Pó P/ Suspensão Oral"
2436,Amoxicilina,354315,"354315 - Amoxicilina, Concentração:875mg"
2436,Amoxicilina,353333,"353333 - Amoxicilina, Princípio Ativo:Associada Com Clavulanato De Potássio, Concentração:875mg + 125mg"
2436,Amoxicilina,293803,"293803 - Amoxicilina, Princípio Ativo:Associada Com Sulbactam, Concentração:875mg + 125mg"
2436,Amoxicilina,274031,"274031 - Amoxicilina, Princípio Ativo:Associada Com Sulbactam, Concentração:250mg + 250mg"
2436,Amoxicilina,271217,"271217 - Amoxicilina, Princípio Ativo:Associada Com Clavulanato De Potássio, Concentração:500mg + 125mg"
2436,Amoxicilina,271113,"271113 - Amoxicilina, Concentração:100 MG/ML, Apresentação:Pó Para Suspensão Oral"
2436,Amoxicilina,271112,"271112 - Amoxicilina, Princípio Ativo:Associada Com Sulbactam, Concentração:500mg + 250mg, Apresentação:Injetável"
2436,Amoxicilina,271111,"271111 - Amoxicilina, Concentração:50mg/Ml, Apresentação:Pó Para Suspensão Oral"
2436,Amoxicilina,271100,"271100 - Amoxicilina, Princípio Ativo:Associada Com Clavulanato De Potássio, Concentração:1g + 200mg, Apresentação:Injetável"
2436,Amoxicilina,271096,"271096 - Amoxicilina, Princípio Ativo:Associada Com Sulbactam, Concentração:50mg + 50mg/Ml, Apresentação:Pó Para Suspensão Oral"
2436,Amoxicilina,271095,"271095 - Amoxicilina, Princípio Ativo:Associada Com Sulbactam, Concentração:25mg + 25mg/Ml, Apresentação:Pó Para Suspensão Oral"
2436,Amoxicilina,271094,"271094 - Amoxicilina, Princípio Ativo:Associada Com Sulbactam, Concentração:1g + 500mg, Apresentação:Injetável"
2436,Amoxicilina,271093,"271093 - Amoxicilina, Princípio Ativo:Associada Com Sulbactam, Concentração:500mg + 500mg"
2436,Amoxicilina,271092,"271092 - Amoxicilina, Concentração:80mg/Ml, Apresentação:Pó Para Suspensão Oral"
2436,Amoxicilina,271091,"271091 - Amoxicilina, Concentração:25mg/Ml, Apresentação:Pó Para Suspensão Oral"
2436,Amoxicilina,271090,"271090 - Amoxicilina, Concentração:250mg"
2436,Amoxicilina,271089,"271089 - Amoxicilina, Concentração:500mg"
2482,Anastrozol,278348,"278348 - Anastrozol, Dosagem:1 Mg"
2515,Cetrimida,396302,"396302 - Cetrimida, Composição:Associada À Óleos Vegetais, Concentração:2 MG/G, Forma Farmacêutica:Loção Hidratante"
2517,Anfotericina B,637529,"637529 - Anfotericina B, Concentração:2,5 MG/ML, Forma Farmaceutica:Solução Oftálmica, Adicional:Formulação Especialmente Manipulada"
2517,Anfotericina B,481782,"481782 - Anfotericina B, Concentração:0,05 MG/ML, Forma Farmaceutica:Solução Oftálmica, Adicional:Formulação Especialmente Manipulada"
2517,Anfotericina B,466951,"466951 - Anfotericina B, Concentração:5 MG/ML, Forma Farmaceutica:Solução Oftálmica, Adicional:Formulação Especialmente Manipulada"
2517,Anfotericina B,332888,"332888 - Anfotericina B, Dosagem:100 MG, Características Adicionais:Coloidal, Forma Farmacêutica:Pó Liófilo P/ Injetável"
2517,Anfotericina B,332887,"332887 - Anfotericina B, Dosagem:50 MG, Características Adicionais:Coloidal, Forma Farmacêutica:Pó Liófilo P/ Injetável"
2517,Anfotericina B,324358,"324358 - Anfotericina B, Dosagem:5 MG/ML, Forma Farmacêutica:Suspensão Injetável"
2517,Anfotericina B,268395,"268395 - Anfotericina B, Dosagem:50 MG, Aplicação:Injetável"
2517,Anfotericina B,268394,"268394 - Anfotericina B, Dosagem:50 MG, Características Adicionais:Liposomal, Aplicação:Injetável"
2554,Eculizumabe,368694,"368694 - Eculizumabe, Concentração:10 MG/ML, Forma Farmacêutica:Solução Injetável"
2558,Pirenoxina Sódica,434130,"434130 - Pirenoxina Sódica, Concentração:0,85 MG, Forma Farmacêutica:Comprimido Para Preparação Extemporânea, Característica Adicional:Com Diluente"
2560,Lixisenatida,435158,"435158 - Lixisenatida, Concentração:20 Mcg/Dose, Forma Farmacêutica:Solução Injetável, Característica Adicional:Com Caneta Aplicadora"
2560,Lixisenatida,435063,"435063 - Lixisenatida, Concentração:10 Mcg/Dose + 20 Mcg/Dose, Forma Farmacêutica:Solução Injetável, Característica Adicional:Com Canetas Aplicadoras"
2560,Lixisenatida,435062,"435062 - Lixisenatida, Concentração:10 Mcg/Dose, Forma Farmacêutica:Solução Injetável, Característica Adicional:Com Caneta Aplicadora"
2563,Alginato De Sódio,435176,"435176 - Alginato De Sódio, Composição:Associado Ao Bicarbonato De Potássio, Concentração:100 Mg/Ml + 20 MG/ML, Forma Farmacêutica:Suspensão Oral"
2563,Alginato De Sódio,435175,"435175 - Alginato De Sódio, Composição:Assoc. Bicarbonato De Sódio + Carbonato De Cálcio, Concentração:50 Mg/Ml + 26,7 Mg/Ml + 16 MG/ML, Forma Farmacêutica:Suspensão Oral"
2564,Fidaxomicina,424664,"424664 - Fidaxomicina, Concentração:200 MG"
2565,Macitentano,434378,"434378 - Macitentano, Concentração:10 MG"
2567,Degarelix,435231,"435231 - Degarelix, Composição:Sal Acetato, Concentração:80 MG, Forma Farmacêutica:Pó Liófilo P/ Injetável, Características Adicionais:Com Sistema De Aplicação"
2567,Degarelix,435230,"435230 - Degarelix, Composição:Sal Acetato, Concentração:120 MG, Forma Farmacêutica:Pó Liófilo P/ Injetável, Características Adicionais:Com Sistema De Aplicação"
2568,Canagliflozina,438038,"438038 - Canagliflozina, Concentração:100 MG"
2568,Canagliflozina,434254,"434254 - Canagliflozina, Concentração:300 MG"
2569,Empagliflozina,479975,"479975 - Empagliflozina, Composição:Associado À Linagliptina, Concentração:10 Mg + 5 MG"
2569,Empagliflozina,462392,"462392 - Empagliflozina, Composição:Associado À Linagliptina, Concentração:25 Mg + 5 MG"
2569,Empagliflozina,437078,"437078 - Empagliflozina, Concentração:10 MG"
2569,Empagliflozina,434874,"434874 - Empagliflozina, Concentração:25 MG"
2571,Felbamato,435335,"435335 - Felbamato, Concentração:600 MG"
2572,Lipegfilgrastim,438349,"438349 - Lipegfilgrastim, Concentração*:10 MG/ML, Forma Farmacêutica:Solução Injetável, Adicional:Seringa Preenchida"
2566,Metreleptina,611983,"611983 - Metreleptina, Concentração:5,8 MG, Forma Farmacêutica:Pó Liófilo P/ Injetável"
2566,Metreleptina,611982,"611982 - Metreleptina, Concentração:3,0 MG, Forma Farmacêutica:Pó Liófilo P/ Injetável"
2566,Metreleptina,433973,"433973 - Metreleptina, Concentração:11,3 MG, Forma Farmacêutica:Pó Liófilo P/ Injetável"
2562,Triancinolona,436536,"436536 - Triancinolona, Composição:Sal Acetonida, Concentração*:40 MG/ML, Forma Farmacêutica*:Suspensão Injetável"
2562,Triancinolona,434474,"434474 - Triancinolona, Composição:Sal Acetonida, Concentração*:0,5 MG/ML, Forma Farmacêutica*:Solução Nasal Spray"
2562,Triancinolona,434473,"434473 - Triancinolona, Composição:Sal Acetonida, Concentração*:1 MG/G, Forma Farmacêutica*:Pasta Oral"
2562,Triancinolona,434472,"434472 - Triancinolona, Composição:Sal Acetonida, Concentração*:550 MCG/ML, Forma Farmacêutica*:Suspensão Nasal Spray"
2562,Triancinolona,434471,"434471 - Triancinolona, Composição:Sal Acetonida, Componentes Adicionais:Associada À Neomicina + Gramicidina + Nistatina, Concentração*:1 Mg/G + 2,5 Mg/G + 0,25 Mg/G + 100.000 UI/G, Forma Farmacêutica*:Pomada"
2562,Triancinolona,434470,"434470 - Triancinolona, Composição:Sal Acetonida, Componentes Adicionais:Associada À Neomicina + Gramicidina + Nistatina, Concentração*:1 Mg/G + 2,5 Mg/G + 0,25 Mg/G + 100.000 UI/G, Forma Farmacêutica*:Creme"
2562,Triancinolona,434445,"434445 - Triancinolona, Composição:Sal Hexacetonida, Concentração:20 MG/ML, Forma Farmacêutica:Suspensão Injetável"
2570,Indigo Carmim,628374,"628374 - Indigo Carmim, Concentração:0,4%, Forma Farmacêutica:Solução Tópica, Adicional:Formulação Especialmente Manipulada"
2570,Indigo Carmim,618724,"618724 - Indigo Carmim, Concentração:0,8%, Forma Farmacêutica:Solução Injetável, Adicional:Formulação Especialmente Manipulada"
2570,Indigo Carmim,614917,"614917 - Indigo Carmim, Concentração:0,5%, Forma Farmacêutica:Solução Injetável, Adicional:Formulação Especialmente Manipulada"
2570,Indigo Carmim,438321,"438321 - Indigo Carmim, Concentração:0,2%, Forma Farmacêutica:Solução Injetável, Adicional:Formulação Especialmente Manipulada"
2574,Nintedanibe,439610,"439610 - Nintedanibe, Composição:Sal Esilato, Concentração:100 MG"
2574,Nintedanibe,436345,"436345 - Nintedanibe, Composição:Sal Esilato, Concentração:150 MG"
2577,Nitisinona,460722,"460722 - Nitisinona, Concentração:20 MG"
2577,Nitisinona,439023,"439023 - Nitisinona, Concentração:4 MG/ML, Forma Farmacêutica:Suspensão Oral"
2577,Nitisinona,437660,"437660 - Nitisinona, Concentração:2 MG"
2577,Nitisinona,426046,"426046 - Nitisinona, Concentração:10 MG"
2577,Nitisinona,426045,"426045 - Nitisinona, Concentração:5 MG"
2578,Vandetanibe,427485,"427485 - Vandetanibe, Concentração:100 MG"
2578,Vandetanibe,426091,"426091 - Vandetanibe, Concentração:300 MG"
2579,Olodaterol,434938,"434938 - Olodaterol, Composição:Sal Cloridrato, Concentração:2,5 Mcg/Dose, Forma Farmacêutica:Solução P/ Inalação"
2580,Idebenona,631863,"631863 - Idebenona, Concentração:150 MG"
2580,Idebenona,435442,"435442 - Idebenona, Concentração:150 MG, Característica Adicional:Formulação Especialmente Manipulada"
2580,Idebenona,433986,"433986 - Idebenona, Concentração:45 MG"
2581,Vortioxetina,485177,"485177 - Vortioxetina, Concentração:20 MG"
2581,Vortioxetina,465428,"465428 - Vortioxetina, Concentração:15 MG"
2581,Vortioxetina,442230,"442230 - Vortioxetina, Concentração:5 MG"
2581,Vortioxetina,436769,"436769 - Vortioxetina, Composição:Sal Bromidrato, Concentração:10 MG"
2582,Acetato De Alumínio,433999,"433999 - Acetato De Alumínio, Concentração:5%, Forma Farmacêutica:Solução Tópica, Característica Adicional:Formulação Especialmente Manipulada"
2583,Rotigotina,439612,"439612 - Rotigotina, Concentração:4,5 MG, Forma Farmacêutica:Adesivo Transdérmico"
2583,Rotigotina,439611,"439611 - Rotigotina, Concentração:18 MG, Forma Farmacêutica:Adesivo Transdérmico"
2583,Rotigotina,437970,"437970 - Rotigotina, Concentração:9 MG, Forma Farmacêutica:Adesivo Transdérmico"
2583,Rotigotina,437357,"437357 - Rotigotina, Concentração:13,5 MG, Forma Farmacêutica:Adesivo Transdérmico"
2584,Ruxolitinibe,462300,"462300 - Ruxolitinibe, Concentração:10 MG"
2584,Ruxolitinibe,438741,"438741 - Ruxolitinibe, Concentração:15 MG"
2584,Ruxolitinibe,433685,"433685 - Ruxolitinibe, Concentração:20 MG"
2584,Ruxolitinibe,422156,"422156 - Ruxolitinibe, Concentração:5 MG"
2586,Umeclidínio Brometo,465749,"465749 - Umeclidínio Brometo, Concentração:62,5 Mcg/Dose, Forma Farmacêutica:Pó Inalante, Adicional:Com Inalador"
2586,Umeclidínio Brometo,437993,"437993 - Umeclidínio Brometo, Composição:Associado Ao Trifenatato De Vilanterol, Concentração:62,5 Mcg/Dose + 25 Mcg/Dose, Forma Farmacêutica:Pó Inalante, Adicional:Com Inalador"
2587,Lacosamida,454740,"454740 - Lacosamida, Concentração:10 MG/ML, Forma Farmacêutica:Solução Injetável"
2587,Lacosamida,437994,"437994 - Lacosamida, Concentração:150 MG"
2587,Lacosamida,437051,"437051 - Lacosamida, Concentração:10 MG/ML, Forma Farmacêutica:Solução Oral"
2587,Lacosamida,435540,"435540 - Lacosamida, Concentração:200 MG"
2587,Lacosamida,435539,"435539 - Lacosamida, Concentração:50 MG"
2587,Lacosamida,434406,"434406 - Lacosamida, Concentração:100 MG"
2588,Dulaglutida,442521,"442521 - Dulaglutida, Concentração:1,5 MG/ML, Forma Farmacêutica:Solução Injetável, Características Adicionais:Em Seringa Preenchida, Adicional:C/ Sistema De Aplicação"
2588,Dulaglutida,437839,"437839 - Dulaglutida, Concentração:3 MG/ML, Forma Farmacêutica:Solução Injetável, Características Adicionais:Em Seringa Preenchida, Adicional:C/ Sistema De Aplicação"
2590,Trametinibe,444809,"444809 - Trametinibe, Concentração:0,5 MG"
2590,Trametinibe,436771,"436771 - Trametinibe, Concentração:2 MG"
2591,Lugol,438102,"438102 - Lugol, Concentração:2%, Forma Farmacêutica:Solução Oral, Adicional:Formulação Especialmente Manipulada"
2592,Triiodotironina,438087,"438087 - Triiodotironina, Concentração:8 MCG, Adicional:Formulação Especialmente Manipulada"
2593,Alogliptina,445955,"445955 - Alogliptina, Composição:Associada À Pioglitazona, Concentração:25 Mg + 45 MG"
2593,Alogliptina,445954,"445954 - Alogliptina, Composição:Associada À Pioglitazona, Concentração:25 Mg + 30 MG"
2593,Alogliptina,445952,"445952 - Alogliptina, Composição:Associada À Pioglitazona, Concentração:25 Mg + 15 MG"
2593,Alogliptina,438041,"438041 - Alogliptina, Concentração:6,25 MG"
2593,Alogliptina,438039,"438039 - Alogliptina, Concentração:12,5 MG"
2593,Alogliptina,436169,"436169 - Alogliptina, Concentração:25 MG"
2594,Eltrombopag Olamina,410020,"410020 - Eltrombopag Olamina, Concentração:50 MG"
2594,Eltrombopag Olamina,410019,"410019 - Eltrombopag Olamina, Concentração:25 MG"
2597,Ponatinibe,448289,"448289 - Ponatinibe, Concentração:15 MG"
2597,Ponatinibe,426444,"426444 - Ponatinibe, Concentração:45 MG"
2601,Eribulina Mesilato,440310,"440310 - Eribulina Mesilato, Concentração:0,5 MG/ML, Forma Farmacêutica:Solução Injetável"
2602,Alfadarbepoetina,440459,"440459 - Alfadarbepoetina, Concentração:200 MCG/ML, Forma Farmacêutica:Solução Injetável, Adicional:Seringa Preenchida"
2602,Alfadarbepoetina,440458,"440458 - Alfadarbepoetina, Concentração:100 MCG/ML, Forma Farmacêutica:Solução Injetável, Adicional:Seringa Preenchida"
2602,Alfadarbepoetina,440456,"440456 - Alfadarbepoetina, Concentração:40 MCG/ML, Forma Farmacêutica:Solução Injetável, Adicional:Seringa Preenchida"
2602,Alfadarbepoetina,440455,"440455 - Alfadarbepoetina, Concentração:25 MCG/ML, Forma Farmacêutica:Solução Injetável, Adicional:Seringa Preenchida"
2602,Alfadarbepoetina,440312,"440312 - Alfadarbepoetina, Concentração:500 MCG/ML, Forma Farmacêutica:Solução Injetável, Adicional:Seringa Preenchida"
2603,Bisglicinato Ferroso,449783,"449783 - Bisglicinato Ferroso, Concentração:14 MG, Forma Farmacêutica:Comprimido Efervescente"
2604,Nabilona,437659,"437659 - Nabilona, Concentração:1 MG"
2606,Ofatumumabe,480507,"480507 - Ofatumumabe, Concentração:50 MG/ML, Forma Farmacêutica:Solução Injetável, Adicional:Seringa Preenchida Acoplada À Caneta Aplicadora"
2606,Ofatumumabe,438351,"438351 - Ofatumumabe, Concentração:20 MG/ML, Forma Farmacêutica:Solução Injetável"
2611,Lurasidona,452625,"452625 - Lurasidona, Concentração:80 MG"
2611,Lurasidona,452624,"452624 - Lurasidona, Concentração:20 MG"
2611,Lurasidona,450166,"450166 - Lurasidona, Concentração:40 MG"
2612,Ocrelizumabe,637854,"637854 - Ocrelizumabe, Composição:Associado À Hialuronidase, Concentração:40 Mg/Ml + 1.000 U/ML, Forma Farmacêutica:Solução Injetável"
2612,Ocrelizumabe,450888,"450888 - Ocrelizumabe, Concentração:30 MG/ML, Forma Farmacêutica:Solução P/ Infusão"
2616,Venetoclax,450785,"450785 - Venetoclax, Concentração:100 MG"
2616,Venetoclax,450784,"450784 - Venetoclax, Concentração:50 MG"
2616,Venetoclax,450783,"450783 - Venetoclax, Concentração:10 MG"
2616,Venetoclax,450782,"450782 - Venetoclax, Concentração:10 Mg + 50 Mg + 100 MG, Adicional:Comprimidos A + B + C"
2617,Ixazomibe,450766,"450766 - Ixazomibe, Concentração:3 MG"
2617,Ixazomibe,450765,"450765 - Ixazomibe, Concentração:2,3 MG"
2617,Ixazomibe,450762,"450762 - Ixazomibe, Concentração:4 MG"
2618,Elotuzumabe,450768,"450768 - Elotuzumabe, Concentração:300 MG, Forma Farmacêutica:Pó Liófilo P/ Injetável"
2618,Elotuzumabe,450767,"450767 - Elotuzumabe, Concentração:400 MG, Forma Farmacêutica:Pó Liófilo P/ Injetável"
2619,Hormônio Paratireóide,442646,"442646 - Hormônio Paratireóide, Composição:Pth, Concentração:50 MCG, Forma Farmacêutica:Pó Liófilo P/ Injetável + Diluente, Características Adicionais:C/ Sistema De Preparo"
2619,Hormônio Paratireóide,442644,"442644 - Hormônio Paratireóide, Composição:Pth, Concentração:50 MCG, Forma Farmacêutica:Pó Liófilo P/ Injetável + Diluente, Características Adicionais:C/ Sistema De Preparo, Adicional:C/ Caneta Aplicadora"
2620,Alfa-1 Antitripsina (Aat),429165,"429165 - Alfa-1 Antitripsina (Aat), Concentração:1000 MG, Forma Farmacêutica:Pó Liófilo P/ Injetável"
2620,Alfa-1 Antitripsina (Aat),370560,"370560 - Alfa-1 Antitripsina (Aat), Concentração:20 MG/ML, Forma Farmacêutica:Solução P/ Infusão Injetável"
2595,Antígeno,604210,"604210 - Antígeno, Tipo *:Carne Suína, Aplicação*:P/ Teste De Puntura, Aspecto Físico*:Líquido"
2595,Antígeno,604209,"604209 - Antígeno, Tipo *:Tyrophagus Putrescentiae (Ácaro), Aplicação*:P/ Teste De Puntura, Aspecto Físico*:Líquido"
2595,Antígeno,604208,"604208 - Antígeno, Tipo *:Glycyphagus Domesticus (Ácaro), Aplicação*:P/ Teste De Puntura, Aspecto Físico*:Líquido"
2595,Antígeno,604207,"604207 - Antígeno, Tipo *:Cosméticos, Com Até 10 Antígenos, Aplicação*:P/ Teste De Contato, Características Adicionais*:Conjunto Completo, Aspecto Físico*:Líquido"
2595,Antígeno,480912,"480912 - Antígeno, Tipo:Ácaro(Mix), Aplicação*:Oral, Características Adicionais*:Especialmente Manipulado, Aspecto Físico*:Líquido"
2595,Antígeno,474528,"474528 - Antígeno, Tipo *:Ovoalbumina, Aplicação*:P/ Teste De Puntura, Aspecto Físico*:Líquido"
2595,Antígeno,464189,"464189 - Antígeno, Tipo *:Kiwi, Aplicação*:P/ Teste De Puntura, Aspecto Físico*:Líquido"
2595,Antígeno,434778,"434778 - Antígeno, Tipo *:Lactoalbumina De Leite De Vaca, Aplicação*:P/ Teste De Puntura, Aspecto Físico*:Líquido"
2595,Antígeno,434777,"434777 - Antígeno, Tipo *:Ovomucóide, Aplicação*:P/ Teste De Puntura, Aspecto Físico*:Líquido"
2595,Antígeno,405603,"405603 - Antígeno, Tipo *:Penicillium Notatum (Var. Chrysogenum), Aplicação*:P/ Teste De Puntura, Aspecto Físico*:Líquido"
2595,Antígeno,405461,"405461 - Antígeno, Tipo:Blomia Tropicalis, Aplicação:P/ Teste Intradérmico, Aspecto Físico:Líquido"
2595,Antígeno,405460,"405460 - Antígeno, Tipo:Dermatophagoides Pteronyssinus, Aplicação:P/ Teste Intradérmico, Aspecto Físico:Líquido"
2595,Antígeno,405358,"405358 - Antígeno, Tipo:Candidina, Aplicação:P/ Teste De Puntura, Aspecto Físico:Líquido"
2595,Antígeno,405355,"405355 - Antígeno, Tipo:Alfa-Lactalbumina, Aplicação:P/ Teste De Puntura, Aspecto Físico:Líquido"
2595,Antígeno,405354,"405354 - Antígeno, Tipo:Soja, Aplicação:P/ Teste De Puntura, Aspecto Físico:Líquido"
2595,Antígeno,404922,"404922 - Antígeno, Tipo:Aspergilina, Aplicação:P/ Teste Intradérmico, Aspecto Físico:Líquido"
2595,Antígeno,399057,"399057 - Antígeno, Tipo:Ácaro(Mix), Aplicação:Para Teste Intradérmico, Aspecto Físico:Líquido"
2595,Antígeno,399056,"399056 - Antígeno, Tipo:Antígenos Salivares De Mosquito Culex E Aeds, Aplicação:Para Teste Intradérmico, Aspecto Físico:Líquido"
2595,Antígeno,399055,"399055 - Antígeno, Tipo:Bacteriano, Streptococcus Beta-Hemoliticus, Aplicação:Para Teste Intradérmico, Aspecto Físico:Líquido"
2595,Antígeno,394121,"394121 - Antígeno, Tipo:Bacteriano, Staphylococcus Aureus, Aplicação:Para Teste Intradérmico, Aspecto Físico:Líquido"
2595,Antígeno,394119,"394119 - Antígeno, Tipo:Pólem De Gramíneas ( Mix ), Aplicação:P/ Teste Intradérmico, Aspecto Físico:Líquido"
2595,Antígeno,394118,"394118 - Antígeno, Tipo:Ácaro(Mix), Aplicação:P/ Teste Intradérmico, Aspecto Físico:Líquido"
2595,Antígeno,389967,"389967 - Antígeno, Tipo:Bateria Padrão Com 30 Antígenos, Aplicação:P/ Teste De Contato, Aspecto Físico:Líquido"
2595,Antígeno,389966,"389966 - Antígeno, Tipo:Bateria Padrão Com 06 Antígenos, Aplicação:Para Teste Intradérmico, Aspecto Físico:Líquido"
2595,Antígeno,389965,"389965 - Antígeno, Tipo:Bateria Padrão Com 05 Antígenos, Aplicação:Para Teste Intradérmico, Aspecto Físico:Líquido"
2595,Antígeno,389955,"389955 - Antígeno, Tipo:Bateria Padrão Com 40 Antígenos, Aplicação:P/ Teste De Puntura, Aspecto Físico:Líquido"
2595,Antígeno,388157,"388157 - Antígeno, Tipo:Controle Positivo (Fosfato De Histamina), Características Adicionais:50u/Ml, Dose De 0,1ml -Ppd, Aspecto Físico:Diluição 1/1000"
2595,Antígeno,388156,"388156 - Antígeno, Tipo:Controle Positivo (Fosfato De Histamina), Características Adicionais:50u/Ml, Dose De 0,1ml -Ppd, Aspecto Físico:Diluição 1/10"
2595,Antígeno,388155,"388155 - Antígeno, Tipo:Controle Negativo, Aplicação:P/ Teste De Puntura, Aspecto Físico:Líquido"
2595,Antígeno,388154,"388154 - Antígeno, Tipo:Controle Positivo (Fosfato De Histamina), Aplicação:P/ Teste De Puntura, Características Adicionais:50u/Ml, Aspecto Físico:Líquido"
2595,Antígeno,384815,"384815 - Antígeno, Tipo:Carne De Caranguejo, Aplicação:P/ Teste De Puntura, Aspecto Físico:Líquido"
2595,Antígeno,384814,"384814 - Antígeno, Tipo:Carne De Frango, Aplicação:P/ Teste De Contato, Aspecto Físico:Líquido"
2595,Antígeno,384616,"384616 - Antígeno, Tipo:Bateria Padrão Com 30 Antígenos, Aplicação:P/ Teste De Contato, Características Adicionais:Provas Clássicas, Aspecto Físico:Líquido"
2595,Antígeno,377903,"377903 - Antígeno, Tipo:Blomia Kulaginae, Aplicação:P/ Teste De Contato, Aspecto Físico:Líquido"
2595,Antígeno,377727,"377727 - Antígeno, Tipo:Estreptoquinase, Aplicação:P/ Teste De Contato, Aspecto Físico:Líquido"
2595,Antígeno,377726,"377726 - Antígeno, Tipo:Estreptodornase, Aplicação:P/ Teste De Contato, Aspecto Físico:Líquido"
2595,Antígeno,377725,"377725 - Antígeno, Tipo:Esporotricina, Aplicação:P/ Teste De Contato, Aspecto Físico:Líquido"
2595,Antígeno,377724,"377724 - Antígeno, Tipo:Tricofitina, Aplicação:P/ Teste De Contato, Aspecto Físico:Líquido"
2595,Antígeno,377723,"377723 - Antígeno, Tipo:Candidina, Aplicação:P/ Teste De Contato, Aspecto Físico:Líquido"
2595,Antígeno,377722,"377722 - Antígeno, Tipo:Aspergilina, Aplicação:P/ Teste De Contato, Aspecto Físico:Líquido"
2595,Antígeno,377721,"377721 - Antígeno, Tipo:Carne Bovina, Aplicação:P/ Teste De Contato, Aspecto Físico:Líquido"
2595,Antígeno,377720,"377720 - Antígeno, Tipo:Pólem De Gramíneas ( Mix ), Aplicação:P/ Teste De Puntura, Características Adicionais:50u/Ml, Dose De 0,1ml -Ppd, Aspecto Físico:Líquido"
2595,Antígeno,377719,"377719 - Antígeno, Tipo:De Clara De Ovo, Aplicação:P/ Teste De Puntura, Características Adicionais:50u/Ml, Dose De 0,1ml -Ppd, Aspecto Físico:Líquido"
2595,Antígeno,377718,"377718 - Antígeno, Tipo:De Gema De Ovo, Aplicação:P/ Teste De Puntura, Características Adicionais:50u/Ml, Dose De 0,1ml -Ppd, Aspecto Físico:Líquido"
2595,Antígeno,377717,"377717 - Antígeno, Tipo:Gluten, Aplicação:P/ Teste De Puntura, Características Adicionais:50u/Ml, Dose De 0,1ml -Ppd, Aspecto Físico:Líquido"
2595,Antígeno,377716,"377716 - Antígeno, Tipo:Beta-Globulina De Leite De Vaca, Aplicação:P/ Teste De Puntura, Características Adicionais:50u/Ml, Dose De 0,1ml -Ppd, Aspecto Físico:Líquido"
2595,Antígeno,377715,"377715 - Antígeno, Tipo:Carne Suína, Aplicação:P/ Teste De Puntura, Características Adicionais:50u/Ml, Dose De 0,1ml -Ppd, Aspecto Físico:Líquido"
2595,Antígeno,377714,"377714 - Antígeno, Tipo:Soja, Aplicação:P/ Teste De Puntura, Características Adicionais:50u/Ml, Dose De 0,1ml -Ppd, Aspecto Físico:Líquido"
2595,Antígeno,377710,"377710 - Antígeno, Tipo:Crustáceos, Aplicação:P/ Teste De Puntura, Aspecto Físico:Líquido"
2595,Antígeno,377709,"377709 - Antígeno, Tipo:Alternaria Alternata, Aplicação:P/ Teste De Puntura, Aspecto Físico:Líquido"
2595,Antígeno,377708,"377708 - Antígeno, Tipo:Cacau, Aplicação:P/ Teste De Puntura, Aspecto Físico:Líquido"
2595,Antígeno,377707,"377707 - Antígeno, Tipo:Poeira Domiciliar, Aplicação:P/ Teste De Puntura, Aspecto Físico:Líquido"
2595,Antígeno,377706,"377706 - Antígeno, Tipo:Penas (Mix), Aplicação:P/ Teste De Puntura, Aspecto Físico:Líquido"
2595,Antígeno,377705,"377705 - Antígeno, Tipo:Barata (Mix), Aplicação:P/ Teste De Puntura, Aspecto Físico:Líquido"
2595,Antígeno,377704,"377704 - Antígeno, Tipo:Ácaro(Mix), Aplicação:P/ Teste De Puntura, Aspecto Físico:Líquido"
2595,Antígeno,377703,"377703 - Antígeno, Tipo:Ovo, Aplicação:P/ Teste De Puntura, Aspecto Físico:Líquido"
2595,Antígeno,377702,"377702 - Antígeno, Tipo:Amendoim, Aplicação:P/ Teste De Puntura, Aspecto Físico:Líquido"
2595,Antígeno,377701,"377701 - Antígeno, Tipo:Peixe, Aplicação:P/ Teste De Puntura, Aspecto Físico:Líquido"
2595,Antígeno,377700,"377700 - Antígeno, Tipo:Camarão, Aplicação:P/ Teste De Puntura, Aspecto Físico:Líquido"
2595,Antígeno,377699,"377699 - Antígeno, Tipo:Lã, Aplicação:P/ Teste De Puntura, Aspecto Físico:Líquido"
2595,Antígeno,377698,"377698 - Antígeno, Tipo:Laranja, Aplicação:P/ Teste De Puntura, Aspecto Físico:Líquido"
2595,Antígeno,366343,"366343 - Antígeno, Tipo:Alfa-Lactalbumina De Leite De Vaca, Aplicação:P/ Teste De Puntura, Características Adicionais:50u/Ml, Dose De 0,1ml -Ppd, Aspecto Físico:Líquido"
2595,Antígeno,366149,"366149 - Antígeno, Tipo:Alfa-Lactalbumina, Aplicação:P/ Teste De Puntura, Características Adicionais:50u/Ml, Dose De 0,1ml -Ppd, Aspecto Físico:Líquido"
2595,Antígeno,356900,"356900 - Antígeno, Tipo:Bateria Padrão Com 20 Antígenos, Aplicação:P/ Teste De Puntura, Aspecto Físico:Líquido"
2595,Antígeno,345629,"345629 - Antígeno, Tipo:De Látex, Aplicação:P/ Teste De Puntura, Aspecto Físico:Líquido"
2595,Antígeno,338340,"338340 - Antígeno, Tipo:Carne De Siri, Aplicação:P/ Teste De Puntura, Aspecto Físico:Líquido"
2595,Antígeno,338339,"338339 - Antígeno, Tipo:Mexilhão, Aplicação:P/ Teste De Puntura, Aspecto Físico:Líquido"
2595,Antígeno,338284,"338284 - Antígeno, Tipo:Leite De Cabra, Aplicação:P/ Teste De Puntura, Aspecto Físico:Líquido"
2595,Antígeno,338283,"338283 - Antígeno, Tipo:Melão, Aplicação:P/ Teste De Puntura, Aspecto Físico:Líquido"
2595,Antígeno,338279,"338279 - Antígeno, Tipo:Abacate, Aplicação:P/ Teste De Puntura, Aspecto Físico:Líquido"
2595,Antígeno,338182,"338182 - Antígeno, Tipo:Bateria Padrão Com 40 Antígenos, Aplicação:P/ Teste De Contato, Aspecto Físico:Líquido"
2595,Antígeno,338181,"338181 - Antígeno, Tipo:Mamão, Aplicação:P/ Teste De Puntura, Aspecto Físico:Líquido"
2595,Antígeno,338043,"338043 - Antígeno, Tipo:Cladosporium Herbarum, Aplicação:P/ Teste De Puntura, Aspecto Físico:Líquido"
2595,Antígeno,338042,"338042 - Antígeno, Tipo:Aspergilus Fumigatos, Aplicação:P/ Teste De Puntura, Aspecto Físico:Líquido"
2595,Antígeno,337856,"337856 - Antígeno, Tipo:Dermatophagoides Farinae + Dermatop. Pteronyssinus, Características Adicionais:50% + 50% , P/ Teste De Puntura, Aspecto Físico:Líquido"
2595,Antígeno,326736,"326736 - Antígeno, Tipo:Paracoccidioidina, Características Adicionais:1/100 , Teste Intradérmico"
2595,Antígeno,326134,"326134 - Antígeno, Tipo:Banana, Aplicação:P/ Teste De Puntura, Aspecto Físico:Líquido"
2595,Antígeno,326133,"326133 - Antígeno, Tipo:Insetos A(Abelha), Aplicação:P/ Teste De Puntura, Aspecto Físico:Líquido"
2595,Antígeno,326132,"326132 - Antígeno, Tipo:Insetos(Formiga), Aplicação:P/ Teste De Puntura, Aspecto Físico:Líquido"
2595,Antígeno,326131,"326131 - Antígeno, Tipo:Insetos(Mosquito), Aplicação:P/ Teste De Puntura, Aspecto Físico:Líquido"
2595,Antígeno,326130,"326130 - Antígeno, Tipo:Pimenta, Aplicação:P/ Teste De Puntura, Aspecto Físico:Líquido"
2595,Antígeno,326129,"326129 - Antígeno, Tipo:Coco, Aplicação:P/ Teste De Puntura, Aspecto Físico:Líquido"
2595,Antígeno,326128,"326128 - Antígeno, Tipo:Morango, Aplicação:P/ Teste De Puntura, Aspecto Físico:Líquido"
2595,Antígeno,326124,"326124 - Antígeno, Tipo:Beta-Lactoglobulina, Aplicação:P/ Teste De Puntura, Aspecto Físico:Líquido"
2595,Antígeno,326123,"326123 - Antígeno, Tipo:Caseína, Aplicação:P/ Teste De Puntura, Aspecto Físico:Líquido"
2595,Antígeno,326122,"326122 - Antígeno, Tipo:De Trigo, Aplicação:P/ Teste De Puntura, Aspecto Físico:Líquido"
2595,Antígeno,326121,"326121 - Antígeno, Tipo:Nozes, Aplicação:P/ Teste De Puntura, Aspecto Físico:Líquido"
2595,Antígeno,326120,"326120 - Antígeno, Tipo:Ervilha, Aplicação:P/ Teste De Puntura, Aspecto Físico:Líquido"
2595,Antígeno,326119,"326119 - Antígeno, Tipo:Abacaxi, Aplicação:P/ Teste De Puntura, Aspecto Físico:Líquido"
2595,Antígeno,326118,"326118 - Antígeno, Tipo:Milho, Aplicação:P/ Teste De Puntura, Aspecto Físico:Líquido"
2595,Antígeno,326117,"326117 - Antígeno, Tipo:Tomate, Aplicação:P/ Teste De Puntura, Aspecto Físico:Líquido"
2595,Antígeno,321417,"321417 - Antígeno, Tipo:Dermatophagoides Farinae, Aplicação:P/ Teste De Puntura, Aspecto Físico:Líquido"
2595,Antígeno,321416,"321416 - Antígeno, Tipo:Dermatophagoides Pteronyssinus, Aplicação:P/ Teste De Puntura, Aspecto Físico:Líquido"
2595,Antígeno,321412,"321412 - Antígeno, Tipo:Blomia Tropicalis, Aplicação:P/ Teste De Puntura, Aspecto Físico:Líquido"
2595,Antígeno,321409,"321409 - Antígeno, Tipo:De Barata, Aplicação:P/ Teste De Puntura, Aspecto Físico:Líquido"
2595,Antígeno,321408,"321408 - Antígeno, Tipo:De Fungos Do Ar, Aplicação:P/ Teste De Puntura, Aspecto Físico:Líquido"
2595,Antígeno,306647,"306647 - Antígeno, Tipo:Bateria Padrão C/16 Testes De Inalantes, Características Adicionais:Provas Clássicas"
2595,Antígeno,306646,"306646 - Antígeno, Tipo:Bateria Padrão C/24 Testes De Alimentos, Características Adicionais:Provas Clássicas"
2595,Antígeno,301950,"301950 - Antígeno, Tipo:Parafenilenodiamina, Aplicação:P/ Teste De Contato, Aspecto Físico:Líquido"
2595,Antígeno,301711,"301711 - Antígeno, Tipo:Lanolina, Aplicação:P/ Teste De Contato, Aspecto Físico:Líquido"
2595,Antígeno,301706,"301706 - Antígeno, Tipo:Paraben Mix, Aplicação:P/ Teste De Contato, Aspecto Físico:Líquido"
2595,Antígeno,301705,"301705 - Antígeno, Tipo:Sulfato De Níquel, Aplicação:P/ Teste De Contato, Aspecto Físico:Líquido"
2595,Antígeno,301606,"301606 - Antígeno, Tipo:Prometazina, Aplicação:P/ Teste De Contato, Aspecto Físico:Líquido"
2595,Antígeno,301605,"301605 - Antígeno, Tipo:Timerosal, Aplicação:P/ Teste De Contato, Aspecto Físico:Líquido"
2595,Antígeno,301600,"301600 - Antígeno, Tipo:Tabaco, Aplicação:P/ Teste De Puntura"
2595,Antígeno,295265,"295265 - Antígeno, Tipo:Ácaros,Barata,Fungos,Epitélio,Penas,Pólens,Poeira, Aplicação:P/ Teste Cutaneo Retardado, Características Adicionais:Extratos De Antígenos Precipitados Em Alumen, Aspecto Físico:Solução Mix 1:1"
2595,Antígeno,280851,"280851 - Antígeno, Tipo:De Concentrado De Insetos, Solução Aquosa 1:1"
2595,Antígeno,280850,"280850 - Antígeno, Tipo:De Leite De Vaca (Lactoglobulina), Aplicação:P/ Teste De Puntura"
2595,Antígeno,280848,"280848 - Antígeno, Tipo:De Fungos Do Ar (Mix), Aplicação:P/ Teste De Puntura"
2595,Antígeno,280841,"280841 - Antígeno, Tipo:Epitélio De Cão, Aplicação:P/ Teste De Puntura"
2595,Antígeno,280840,"280840 - Antígeno, Tipo:Epitélio De Gato, Aplicação:P/ Teste De Puntura"
2595,Antígeno,280833,"280833 - Antígeno, Tipo:Fungos Do Ar, Aplicação:Inalável"
2607,Lenvatinibe,448276,"448276 - Lenvatinibe, Concentração:10 MG"
2607,Lenvatinibe,448275,"448275 - Lenvatinibe, Concentração:4 MG"
2625,Idarucizumabe,447193,"447193 - Idarucizumabe, Concentração:50 MG/ML, Forma Física:Solução Injetável"
2623,Melatonina,638266,"638266 - Melatonina, Concentração:210 MCG, Forma Farmacêutica:Comprimido Mastigável"
2623,Melatonina,636508,"636508 - Melatonina, Concentração:2,5 MG/ML, Forma Farmacêutica:Solução Oral, Características Adicionais:Especialmente Manipulado"
2623,Melatonina,633844,"633844 - Melatonina, Concentração:210 MCG/ML, Forma Farmacêutica:Solução Oral - Gotas"
2623,Melatonina,623706,"623706 - Melatonina, Concentração:4 MG, Características Adicionais:Especialmente Manipulado"
2623,Melatonina,621036,"621036 - Melatonina, Concentração:3 MG/ML, Forma Farmacêutica:Solução Oral, Características Adicionais:Especialmente Manipulado"
2623,Melatonina,618983,"618983 - Melatonina, Concentração:7,75 MG/ML, Forma Farmacêutica:Solução Oral - Gotas"
2623,Melatonina,615991,"615991 - Melatonina, Concentração:1.025 MCG/ML, Forma Farmacêutica:Solução Oral - Gotas"
2623,Melatonina,609242,"609242 - Melatonina, Concentração:1 MG/ML, Forma Farmacêutica:Xarope, Características Adicionais:Especialmente Manipulado"
2623,Melatonina,484681,"484681 - Melatonina, Concentração:10 MG, Características Adicionais:Especialmente Manipulado"
2623,Melatonina,480094,"480094 - Melatonina, Concentração:3 MG, Características Adicionais:Especialmente Manipulado"
2623,Melatonina,473195,"473195 - Melatonina, Concentração:300 MCG, Características Adicionais:Especialmente Manipulado"
2623,Melatonina,471379,"471379 - Melatonina, Concentração:5 MG, Características Adicionais:Especialmente Manipulado"
2623,Melatonina,450164,"450164 - Melatonina, Concentração:800 MCG/ML, Forma Farmacêutica:Xarope, Características Adicionais:Especialmente Manipulado"
2615,Etinilestradiol,605857,"605857 - Etinilestradiol, Composição:Associado Ao Clormadinona, Concentração:0,02 Mg + 2 MG, Adicional:Em Blister Calendário"
2615,Etinilestradiol,452408,"452408 - Etinilestradiol, Composição:Associado Ao Clormadinona, Concentração:0,03 Mg + 2 MG, Adicional:Em Blister Calendário"
2596,Bemiparina,607609,"607609 - Bemiparina, Concentração:10.000 UI, Forma Farmacêutica:Solução Injetável, Adicional:Seringa Preenchida"
2596,Bemiparina,607608,"607608 - Bemiparina, Concentração:7.500 UI, Forma Farmacêutica:Solução Injetável, Adicional:Seringa Preenchida"
2596,Bemiparina,607607,"607607 - Bemiparina, Concentração:2.500 UI, Forma Farmacêutica:Solução Injetável, Adicional:Seringa Preenchida"
2596,Bemiparina,440544,"440544 - Bemiparina, Concentração:3.500 UI, Forma Farmacêutica:Solução Injetável, Adicional:Seringa Preenchida"
2596,Bemiparina,440543,"440543 - Bemiparina, Concentração:5.000 UI, Forma Farmacêutica:Solução Injetável, Adicional:Seringa Preenchida"
2596,Bemiparina,438430,"438430 - Bemiparina, Concentração:17.500 UI/ML, Forma Farmacêutica:Solução Injetável, Adicional:Seringa Preenchida"
2596,Bemiparina,438429,"438429 - Bemiparina, Concentração:15.200 UI/ML, Forma Farmacêutica:Solução Injetável, Adicional:Seringa Preenchida"
2596,Bemiparina,438325,"438325 - Bemiparina, Composição:Sal Sódico, Concentração:25.000 UI/ML, Forma Farmacêutica:Solução Injetável, Adicional:Seringa Preenchida"
2585,Ácido Folínico,608781,"608781 - Ácido Folínico, Concentração:10 MG, Adicional:Especialmente Manipulado"
2585,Ácido Folínico,437454,"437454 - Ácido Folínico, Concentração:5 MG/ML, Forma Farmacêutica:Solução Oral, Adicional:Especialmente Manipulado"
2585,Ácido Folínico,437382,"437382 - Ácido Folínico, Concentração:15 MG, Adicional:Especialmente Manipulado"
2589,Betaína,615716,"615716 - Betaína, Concentração:1 G/G, Forma Farmacêutica:Pó Oral"
2589,Betaína,604617,"604617 - Betaína, Concentração:500 MG"
2589,Betaína,438083,"438083 - Betaína, Composição:Sal Cloridrato, Concentração:150 MG, Adicional:Formulação Especialmente Manipulada"
30347,Evinacumabe,629824,"629824 - Evinacumabe, Concentração:150 MG/ML, Forma Farmacêutica:Solução Injetável"
30351,Axicabtageno Ciloleucel,630210,"630210 - Axicabtageno Ciloleucel, Concentração:Até 2 X 10^8 Células T Car Positivas, Forma Farmacêutica:Suspensão Injetável"
2912,Aprotinina,278349,"278349 - Aprotinina, Dosagem:10.000 UI/ML, Aplicação:Solução Injetável"
30352,Donanemabe,630213,"630213 - Donanemabe, Concentração:17,5 MG/ML, Forma Farmacêutica:Solução P/ Diluição P/ Infusão"
30353,Iptacopana,630384,"630384 - Iptacopana, Concentração:200 MG"
3084,Asparaginase,305252,"305252 - Asparaginase, Dosagem:10.000ui, Forma Farmacêutica:Pó Liófilo P/Injetável"
3086,Ácido Ibandrônico,388570,"388570 - Ácido Ibandrônico, Concentração:1 MG/ML, Forma Farmacêutica:Solução Injetável"
3086,Ácido Ibandrônico,388569,"388569 - Ácido Ibandrônico, Concentração:150 MG"
3086,Ácido Ibandrônico,388568,"388568 - Ácido Ibandrônico, Concentração:50 MG"
3106,Atenolol,459250,"459250 - Atenolol, Concentraçao:2 MG/ML, Forma Farmacêutica 1:Xarope, Características Adicionais:Formulação Especialmente Manipulada"
3106,Atenolol,270793,"270793 - Atenolol, Apresentação:Associado À Clortalidona, Concentração:25mg + 12,5mg"
3106,Atenolol,270792,"270792 - Atenolol, Apresentação:Associado À Clortalidona, Concentração:50mg + 12,5mg"
3106,Atenolol,270791,"270791 - Atenolol, Apresentação:Associado À Clortalidona, Concentração:100mg + 25mg"
3106,Atenolol,267518,"267518 - Atenolol, Dosagem:100 MG"
3106,Atenolol,267517,"267517 - Atenolol, Dosagem:50 MG"
3106,Atenolol,267516,"267516 - Atenolol, Dosagem:25 MG"
3119,Atorvastatina Cálcica,291549,"291549 - Atorvastatina Cálcica, Dosagem:80 MG"
3119,Atorvastatina Cálcica,268082,"268082 - Atorvastatina Cálcica, Dosagem:40 MG"
3119,Atorvastatina Cálcica,268081,"268081 - Atorvastatina Cálcica, Dosagem:20 MG"
3119,Atorvastatina Cálcica,268080,"268080 - Atorvastatina Cálcica, Dosagem:10 MG"
3120,Esterase,623813,"623813 - Esterase, Composição:Inibidor De Esterase C1 Humana, Concentração:2000 UI, Forma Farmacêutica*:Pó Liófilo P/ Injetável + Diluente, Adicional:C/ Conjunto De Aplicação"
3120,Esterase,425497,"425497 - Esterase, Composição:Inibidor De Esterase C1 Humana, Concentração:500 UI, Forma Farmacêutica*:Pó Liófilo Para Injetável"
3145,Nifurtimox,448319,"448319 - Nifurtimox, Concentração:120 MG"
3163,Azatioprina,268083,"268083 - Azatioprina, Concentração:50 MG"
3167,Azitromicina,344586,"344586 - Azitromicina, Concentração:125 MG, Característica Adicional:Medicamento Especialmente Manipulado"
3167,Azitromicina,268952,"268952 - Azitromicina, Dosagem:500 MG, Apresentação:Pó Liofilizado Para Solução Injetável"
3167,Azitromicina,268951,"268951 - Azitromicina, Dosagem:1 G"
3167,Azitromicina,268949,"268949 - Azitromicina, Dosagem:40 MG/ML, Apresentação:Suspensão Oral"
3167,Azitromicina,268946,"268946 - Azitromicina, Dosagem:250 MG"
3167,Azitromicina,267140,"267140 - Azitromicina, Dosagem:500 MG"
3169,Aztreonam,451653,"451653 - Aztreonam, Concentração:75 MG, Forma Farmaceutica:Pó Para Inalação + Diluente"
3169,Aztreonam,442690,"442690 - Aztreonam, Concentração:1 G, Forma Farmaceutica:Pó P/ Solução Injetável"
3169,Aztreonam,268398,"268398 - Aztreonam, Dosagem:500 MG, Uso:Injetável"
3182,Metiltionínio Cloreto,640018,"640018 - Metiltionínio Cloreto, Concentração:0,5%, Forma Farmacêutica:Solução Tópica, Característica Adicional:Especialmente Manipulada"
3182,Metiltionínio Cloreto,640017,"640017 - Metiltionínio Cloreto, Concentração:0,005%, Forma Farmacêutica:Gel, Característica Adicional:Especialmente Manipulada"
3182,Metiltionínio Cloreto,476833,"476833 - Metiltionínio Cloreto, Concentração:0,01%, Forma Farmacêutica:Solução Aquosa, Característica Adicional:Seringa Preenchida"
3182,Metiltionínio Cloreto,465162,"465162 - Metiltionínio Cloreto, Concentração:0,5%, Forma Farmacêutica:Solução Injetável, Característica Adicional:Especialmente Manipulada"
3182,Metiltionínio Cloreto,433199,"433199 - Metiltionínio Cloreto, Concentração:4%, Forma Farmacêutica:Solução Injetável, Característica Adicional:Especialmente Manipulada"
3182,Metiltionínio Cloreto,404137,"404137 - Metiltionínio Cloreto, Concentração:2%, Forma Farmacêutica:Solução Tópica, Característica Adicional:Especialmente Manipulada"
3182,Metiltionínio Cloreto,404131,"404131 - Metiltionínio Cloreto, Concentração:2%, Forma Farmacêutica:Solução Injetável, Característica Adicional:Especialmente Manipulada"
3182,Metiltionínio Cloreto,332796,"332796 - Metiltionínio Cloreto, Concentração:1%, Forma Farmacêutica:Solução Tópica"
3182,Metiltionínio Cloreto,277529,"277529 - Metiltionínio Cloreto, Concentração:1%, Indicação:Injetável"
3190,Azul Patente,292408,"292408 - Azul Patente, Concentração:2,5%, Forma Farmacêutica:Solução Injetável"
3195,Baclofeno,627298,"627298 - Baclofeno, Concentraçao:5 MG/ML, Forma Farmacêutica:Solução Oral, Características Adicionais:Medicamento Especialmente Manipulado"
3195,Baclofeno,446793,"446793 - Baclofeno, Concentraçao:2 MG/ML, Forma Farmacêutica:Solução Oral, Características Adicionais:Medicamento Especialmente Manipulado"
3195,Baclofeno,426921,"426921 - Baclofeno, Concentraçao:20 MG, Características Adicionais:Medicamento Especialmente Manipulado"
3195,Baclofeno,271746,"271746 - Baclofeno, Concentração:10 MG"
3196,Etravirina,436711,"436711 - Etravirina, Concentração:200 MG"
3196,Etravirina,357657,"357657 - Etravirina, Concentração:100 MG"
30344,Pegvaliase,629383,"629383 - Pegvaliase, Concentração:20 MG/ML, Forma Farmacêutica:Solução Injetável, Característica Adicional:Seringa Preenchida"
30344,Pegvaliase,629380,"629380 - Pegvaliase, Concentração:5 MG/ML, Forma Farmacêutica:Solução Injetável, Característica Adicional:Seringa Preenchida"
30354,Danicopana,630386,"630386 - Danicopana, Concentração:100 MG"
30354,Danicopana,630385,"630385 - Danicopana, Concentração:50 MG"
3428,Basiliximabe,322078,"322078 - Basiliximabe, Dosagem:10 MG, Forma Farmacêutica:Pó Liófilo P/ Injetável"
3428,Basiliximabe,292409,"292409 - Basiliximabe, Dosagem:20 MG, Forma Farmacêutica:Injetável"
3512,Atracúrio Besilato,268396,"268396 - Atracúrio Besilato, Dosagem:10 MG/ML, Indicação:Solução Injetável"
3514,Lomitapida,425984,"425984 - Lomitapida, Concentração:20 MG"
3514,Lomitapida,421516,"421516 - Lomitapida, Concentração:10 MG"
3514,Lomitapida,421515,"421515 - Lomitapida, Concentração:5 MG"
3506,Benzoilmetronidazol,395836,"395836 - Benzoilmetronidazol, Composição:Associado À Nistatina E Cloreto De Benzalcônio, Concentração:62,5 Mg + 25.000 Ui + 1,25 MG/G, Forma Farmacêutica:Creme Vaginal, Característica Adicional:Com Aplicador (S)"
3506,Benzoilmetronidazol,394856,"394856 - Benzoilmetronidazol, Concentração:40 MG/ML, Forma Farmacêutica:Suspensão Oral"
3503,Benzoato De Sódio,628891,"628891 - Benzoato De Sódio, Concentração:750 MG/ML, Forma Farmacêutica:Solução Oral, Característica Adicional:Formulação Especialmente Manipulada"
3503,Benzoato De Sódio,619626,"619626 - Benzoato De Sódio, Concentração:650 MG/ML, Forma Farmacêutica:Solução Oral, Característica Adicional:Formulação Especialmente Manipulada"
3503,Benzoato De Sódio,619625,"619625 - Benzoato De Sódio, Concentração:3 G, Característica Adicional:Formulação Especialmente Manipulada"
3503,Benzoato De Sódio,449425,"449425 - Benzoato De Sódio, Composição:Cmc, Sorbitol, Glicerol E Xarope Simples, Concentração:2% + 2,5% + 10% + 10% + 10%, Forma Farmacêutica:Spray Oral, Característica Adicional:Formulação Especialmente Manipulada"
3503,Benzoato De Sódio,414456,"414456 - Benzoato De Sódio, Concentração:200 MG/ML, Forma Farmacêutica:Xarope, Característica Adicional:Formulação Especialmente Manipulada"
3503,Benzoato De Sódio,399097,"399097 - Benzoato De Sódio, Concentração:200 MG/ML, Forma Farmacêutica:Solução Oral, Característica Adicional:Formulação Especialmente Manipulada"
3503,Benzoato De Sódio,393999,"393999 - Benzoato De Sódio, Concentração:100 MG/ML, Forma Farmacêutica:Solução Oral, Característica Adicional:Formulação Especialmente Manipulada"
3504,Benzocaína,618533,"618533 - Benzocaína, Composição:Associada Ao Cetilpiridínio E Borato De Sódio, Concentraçao:0,2 Mg/Ml + 1 Mg/Ml + 60 MG/ML, Forma Farmaceutica:Solução Tópica"
3504,Benzocaína,431319,"431319 - Benzocaína, Composição:Associada Com Cetilpiridínio, Concentraçao:4 Mg + 0,5 MG/ML, Forma Farmaceutica:Solução Tópica"
3504,Benzocaína,424199,"424199 - Benzocaína, Composição:Associada À Tirotricina, Concentraçao:5 Mg + 1,035 MG"
3504,Benzocaína,405900,"405900 - Benzocaína, Composição:Associada Com Triclosana E Mentol, Concentraçao:45 Mg + 5 Mg + 5 MG/ML, Forma Farmaceutica:Aerossol"
3504,Benzocaína,404425,"404425 - Benzocaína, Composição:Associada Com Triclosana E Mentol, Concentraçao:45 Mg + 5 Mg + 5 MG/G, Forma Farmaceutica:Creme"
3504,Benzocaína,394760,"394760 - Benzocaína, Composição:Associada Com Cloreto De Dequalínio, Concentraçao:5 Mg + 0,25 MG"
3504,Benzocaína,273260,"273260 - Benzocaína, Apresentação:Associada Com Cetilpiridínio, Concentração:10mg + 1,466mg"
3504,Benzocaína,272913,"272913 - Benzocaína, Concentração:20%, Uso:Gel Tópico"
3504,Benzocaína,272150,"272150 - Benzocaína, Apresentação:Associada Com Benzoxiquina,Cl. Benzetônio E Mentol, Concentração:4,5% + 1,2% + 0,1% + 0,5%, Uso:Aerossol"
3504,Benzocaína,272148,"272148 - Benzocaína, Apresentação:Associada Com Cetilpiridínio, Concentração:4mg + 0,5mg/Ml, Uso:Aerossol"
3551,Bifonazol,346369,"346369 - Bifonazol, Concentração:10 MG/ML, Forma Farmacêutica:Solução Tópica"
3551,Bifonazol,346368,"346368 - Bifonazol, Concentração:10 MG/G, Forma Farmacêutica:Creme"
3567,Biperideno,448634,"448634 - Biperideno, Concentração:4 MG, Características Adicionais:Liberação Prolongada"
3567,Biperideno,396604,"396604 - Biperideno, Composição:Cloridrato, Concentração:5 MG/ML, Forma Farmacêutica:Solução Injetável"
3567,Biperideno,270140,"270140 - Biperideno, Dosagem:2 MG"
3567,Biperideno,270138,"270138 - Biperideno, Apresentação:Lactato, Dosagem:5 MG/ML, Indicação:Solução Injetável"
3519,Bicalutamida,611807,"611807 - Bicalutamida, Concentração:150 MG"
3519,Bicalutamida,271761,"271761 - Bicalutamida, Dosagem:50 MG"
3570,Bisacodil,368903,"368903 - Bisacodil, Composição:Associado À Docusato Sódico, Concentração:5 Mg + 60 MG"
3570,Bisacodil,269604,"269604 - Bisacodil, Dosagem:7,5 MG/ML, Indicação:Gotas"
3570,Bisacodil,269603,"269603 - Bisacodil, Dosagem:5 MG"
3570,Bisacodil,269602,"269602 - Bisacodil, Dosagem:10 MG, Indicação:Uso Retal"
3591,Bleomicina Sulfato,398708,"398708 - Bleomicina Sulfato, Concentração:30 U, Forma Farmaceutica:Pó Liófilo P/ Injetável"
3591,Bleomicina Sulfato,398707,"398707 - Bleomicina Sulfato, Concentração:15 U, Forma Farmaceutica:Pó Liófilo P/ Injetável"
30355,Sotatercepte,630388,"630388 - Sotatercepte, Concentração:60 MG, Forma Farmacêutica:Pó Liófilo P/ Injetável"
30355,Sotatercepte,630387,"630387 - Sotatercepte, Concentração:45 MG, Forma Farmacêutica:Pó Liófilo P/ Injetável"
3627,Pasireotida,639084,"639084 - Pasireotida, Concentração:0,9 MG/ML, Forma Farmacêutica:Solução Injetável"
3627,Pasireotida,615836,"615836 - Pasireotida, Concentração:20 MG, Forma Farmacêutica:Pó Liófilo P/ Injetável + Diluente"
3627,Pasireotida,613709,"613709 - Pasireotida, Concentração:60 MG, Forma Farmacêutica:Pó Liófilo P/ Injetável + Diluente"
3627,Pasireotida,485131,"485131 - Pasireotida, Concentração:40 MG, Forma Farmacêutica:Pó Liófilo P/ Injetável + Diluente"
3627,Pasireotida,454915,"454915 - Pasireotida, Composição:Diaspartato, Concentração:0,6 MG/ML, Forma Farmacêutica:Solução Injetável"
3910,Bromazepam,323096,"323096 - Bromazepam, Dosagem:2,5 Mg/Ml, Forma Farmacêutica:Solução Oral - Gotas"
3910,Bromazepam,323095,"323095 - Bromazepam, Dosagem:6 Mg, Forma Farmacêutica:Liberação Controlada"
3910,Bromazepam,323094,"323094 - Bromazepam, Dosagem:3 Mg, Forma Farmacêutica:Liberação Controlada"
3910,Bromazepam,271774,"271774 - Bromazepam, Dosagem:6 Mg"
3910,Bromazepam,271773,"271773 - Bromazepam, Dosagem:3 Mg"
3915,Pancurônio Brometo,286856,"286856 - Pancurônio Brometo, Dosagem:1 MG/ML, Apresentação:Solução Injetável"
3915,Pancurônio Brometo,269567,"269567 - Pancurônio Brometo, Dosagem:2 MG/ML, Apresentação:Solução Injetável"
3917,Natalizumabe,367664,"367664 - Natalizumabe, Concentração:20 MG/ML, Forma Farmacêutica:Solução Injetável"
3918,Piridostigmina Brometo,271764,"271764 - Piridostigmina Brometo, Dosagem:60 MG"
3920,Rocurônio Brometo,268521,"268521 - Rocurônio Brometo, Dosagem:10 MG/ML, Indicação:Solução Injetável"
3921,Vecurônio Brometo,269569,"269569 - Vecurônio Brometo, Dosagem:10 MG, Indicação:Injetável"
3921,Vecurônio Brometo,269568,"269568 - Vecurônio Brometo, Dosagem:4 MG, Indicação:Injetável"
3922,Roflumilaste,403990,"403990 - Roflumilaste, Concentração:500 MCG"
3924,Fenoterol Bromidrato,428076,"428076 - Fenoterol Bromidrato, Composição:Associado Com Ipratrópio Brometo, Concentração:0,05mg + 0,02mg/Dose, Forma Farmaceutica:Aerossol Oral"
3924,Fenoterol Bromidrato,396471,"396471 - Fenoterol Bromidrato, Concentração:5 MG/ML, Forma Farmaceutica:Solução Oral"
3924,Fenoterol Bromidrato,396470,"396470 - Fenoterol Bromidrato, Concentração:0,25 MG/ML, Forma Farmaceutica:Solução Para Inalação"
3924,Fenoterol Bromidrato,279298,"279298 - Fenoterol Bromidrato, Princípio Ativo:Associado Com Ipratrópio Brometo, Dosagem:0,1mg + 0,04mg / Dose, Uso:Aerossol Oral"
3924,Fenoterol Bromidrato,274034,"274034 - Fenoterol Bromidrato, Dosagem:0,25mg/Ml, Apresentação:Xarope"
3924,Fenoterol Bromidrato,274033,"274033 - Fenoterol Bromidrato, Dosagem:0,5mg/Ml, Apresentação:Xarope"
3924,Fenoterol Bromidrato,270785,"270785 - Fenoterol Bromidrato, Dosagem:0,1mg / Dose, Apresentação:Aerossol, Frasco Dosificador + Aerocâmara"
3924,Fenoterol Bromidrato,266532,"266532 - Fenoterol Bromidrato, Dosagem:0,2mg / Dose, Apresentação:Aerossol, Frasco Dosificador + Aerocâmara"
3929,Bromoprida,269959,"269959 - Bromoprida, Dosagem:8 MG/ML, Apresentação:Gotas"
3929,Bromoprida,269958,"269958 - Bromoprida, Dosagem:5 MG/ML, Apresentação:Injetável"
3929,Bromoprida,269956,"269956 - Bromoprida, Dosagem:4 MG/ML, Apresentação:Gotas"
3929,Bromoprida,269955,"269955 - Bromoprida, Dosagem:1 MG/ML, Apresentação:Solução Oral"
3929,Bromoprida,269954,"269954 - Bromoprida, Dosagem:10 MG"
3932,Grazoprevir,449559,"449559 - Grazoprevir, Composição:Associado Ao Elbasvir, Concentração:100 Mg + 50 MG"
3946,Budesonida,639036,"639036 - Budesonida, Concentração:4 MG, Característica Adicional:Liberação Retardada"
3946,Budesonida,636742,"636742 - Budesonida, Composição:Glicopirrônio E Fumarato De Formoterol, Concentração:160 Mcg/Dose + 7,2 Mcg/Dose + 4,8 Mcg/Dose, Forma Farmacêutica:Suspensão Aerossol, Característica Adicional:Com Inalador"
3946,Budesonida,482347,"482347 - Budesonida, Concentração:9 MG, Característica Adicional:Liberação Prolongada"
3946,Budesonida,452914,"452914 - Budesonida, Concentração:64mcg/Dose, Forma Farmacêutica:Suspensão Spray"
3946,Budesonida,452913,"452913 - Budesonida, Concentração:32mcg/Dose, Forma Farmacêutica:Suspensão Spray"
3946,Budesonida,403131,"403131 - Budesonida, Concentração:50 Mcg/Dose, Forma Farmacêutica:Suspensão Aquosa Nasal, Característica Adicional:Frasco Com Válvula Dosificadora"
3946,Budesonida,352397,"352397 - Budesonida, Concentração:200 Mcg, Forma Farmacêutica:Cápsula Pó Inalante, Característica Adicional:Com Inalador"
3946,Budesonida,352396,"352396 - Budesonida, Concentração:400 Mcg, Forma Farmacêutica:Cápsula Pó Inalante, Característica Adicional:Com Inalador"
3946,Budesonida,352395,"352395 - Budesonida, Concentração:200 Mcg, Forma Farmacêutica:Cápsula Pó Inalante, Característica Adicional:Refil"
3946,Budesonida,352394,"352394 - Budesonida, Concentração:400 Mcg, Forma Farmacêutica:Cápsula Pó Inalante, Característica Adicional:Refil"
3946,Budesonida,296297,"296297 - Budesonida, Concentração:0,02 Mg/Ml, Forma Farmacêutica:Enema"
3946,Budesonida,276384,"276384 - Budesonida, Concentração:3mg, Tipo Medicamento:Liberação Controlada"
3946,Budesonida,273893,"273893 - Budesonida, Concentração:0,25mg/Ml, Tipo Medicamento:Suspensão Para Nebulização"
3946,Budesonida,273892,"273892 - Budesonida, Concentração:0,5mg/Ml, Tipo Medicamento:Suspensão Para Nebulização"
3946,Budesonida,266707,"266707 - Budesonida, Apresentação:Aerossol Nasal, Concentração:64mcg/Dose, Características Adicionais:Frasco Com Válvula Dosificadora"
3946,Budesonida,266706,"266706 - Budesonida, Apresentação:Aerossol Nasal, Concentração:32mcg/Dose, Características Adicionais:Frasco Com Válvula Dosificadora"
3946,Budesonida,266705,"266705 - Budesonida, Apresentação:Aerossol Nasal, Concentração:100mcg/Dose, Características Adicionais:Frasco Com Válvula Dosificadora"
3946,Budesonida,266704,"266704 - Budesonida, Apresentação:Pó Inalante, Concentração:200mcg/Dose, Características Adicionais:Frasco Com Válvula Dosificadora"
3946,Budesonida,266703,"266703 - Budesonida, Apresentação:Pó Inalante, Concentração:100mcg/Dose, Características Adicionais:Frasco Com Válvula Dosificadora"
3946,Budesonida,266701,"266701 - Budesonida, Apresentação:Aerossol Nasal, Concentração:50mcg/Dose, Características Adicionais:Frasco Com Válvula Dosificadora"
3946,Budesonida,266700,"266700 - Budesonida, Apresentação:Aerossol Bucal, Concentração:200mcg/Dose, Características Adicionais:Frasco Com Válvula Dosificadora"
3946,Budesonida,266699,"266699 - Budesonida, Apresentação:Aerossol Bucal, Concentração:50mcg/Dose, Características Adicionais:Frasco Com Válvula Dosificadora"
3949,Buflomedil,274563,"274563 - Buflomedil, Dosagem:10 MG/ML, Apresentaçao:Injetável"
3949,Buflomedil,274510,"274510 - Buflomedil, Dosagem:150 MG"
3949,Buflomedil,322820,"322820 - Buflomedil, Dosagem:300 MG"
3960,Pertuzumabe,628748,"628748 - Pertuzumabe, Composição:Associado Ao Trastruzumabe, Concentração:60 Mg/Ml + 60 MG/ML, Forma Farmacêutica:Solução Injetável"
3960,Pertuzumabe,628747,"628747 - Pertuzumabe, Composição:Associado Ao Trastruzumabe, Concentração:80 Mg/Ml + 40 MG/ML, Forma Farmacêutica:Solução Injetável"
3960,Pertuzumabe,427532,"427532 - Pertuzumabe, Concentração:30 MG/ML, Forma Farmacêutica:Solução Injetável"
3963,Ipilimumabe,427533,"427533 - Ipilimumabe, Concentração:5 MG/ML, Forma Farmacêutica:Solução Injetável"
3968,Bussulfano,412035,"412035 - Bussulfano, Concentraçao:6 MG/ML, Forma Farmacêutica:Solução Injetável"
3968,Bussulfano,270439,"270439 - Bussulfano, Concentração:2 MG"
3991,Cabergolina,268084,"268084 - Cabergolina, Dosagem:0,5 MG"
3959,Bumetanida,425719,"425719 - Bumetanida, Concentração:1 MG"
4104,Cafeína,437940,"437940 - Cafeína, Concentração:20 MG/ML, Forma Farmacêutica:Solução Injetável"
4104,Cafeína,437388,"437388 - Cafeína, Concentração:100 MG, Característica Adicional:Especialmente Manipulada"
4104,Cafeína,410284,"410284 - Cafeína, Composição:Sal Citrato, Concentração:10 MG/ML, Forma Farmacêutica:Solução Injetável, Característica Adicional:Especialmente Manipulada"
4104,Cafeína,410042,"410042 - Cafeína, Composição:Sal Citrato, Concentração:20 MG/ML, Forma Farmacêutica:Solução Injetável, Característica Adicional:Especialmente Manipulada"
4104,Cafeína,387438,"387438 - Cafeína, Composição:Sal Citrato, Concentração:5 MG/ML, Forma Farmacêutica:Solução Oral Em Base De Xarope Simples, Característica Adicional:Especialmente Manipulada"
4104,Cafeína,348347,"348347 - Cafeína, Composição:Sal Citrato, Concentração:20 MG/ML, Forma Farmacêutica:Suspensão Oral, Característica Adicional:Especialmente Manipulada"
4104,Cafeína,344664,"344664 - Cafeína, Concentração:10 MG/ML, Forma Farmacêutica:Solução Oral, Característica Adicional:Especialmente Manipulada"
4104,Cafeína,334370,"334370 - Cafeína, Concentração:7 MG/ML, Forma Farmacêutica:Solução Oral, Característica Adicional:Especialmente Manipulada"
30356,Momelotinibe,630391,"630391 - Momelotinibe, Concentração:200 MG"
30356,Momelotinibe,630390,"630390 - Momelotinibe, Concentração:150 MG"
30356,Momelotinibe,630389,"630389 - Momelotinibe, Concentração:100 MG"
4187,Calamina,273134,"273134 - Calamina, Composição:Associada Com Difenidramina E Cânfora, Concentração:80mg + 10mg + 1mg/G, Apresentação:Creme"
4187,Calamina,273133,"273133 - Calamina, Composição:Associada Com Difenidramina E Cânfora, Concentração:80mg + 10mg + 0,9mg/Ml, Apresentação:Aerossol"
4187,Calamina,273132,"273132 - Calamina, Composição:Associada Com Difenidramina, Cânfora E Glicerol, Concentração:80mg + 10mg + 1mg + 0,02ml/Ml, Apresentação:Loção"
4214,Calcipotriol,434562,"434562 - Calcipotriol, Composição:Associado À Betametasona Dipropionato, Concentração:50 Mcg + 0,5 MG/G, Forma Farmacêutica:Gel"
4214,Calcipotriol,332849,"332849 - Calcipotriol, Dosagem:50 Mcg/G, Uso:Pomada"
4214,Calcipotriol,332848,"332848 - Calcipotriol, Apresentação:Associada Com Betametasona Dipropionato, Dosagem:50mcg/G + 0,5mg/G, Uso:Pomada"
4215,Calcitonina Sintética,338890,"338890 - Calcitonina Sintética, Composição:De Salmão, Concentração:100 Ui, Forma Farmaceutica:Solução Injetável"
4215,Calcitonina Sintética,338888,"338888 - Calcitonina Sintética, Composição:De Salmão, Concentração:50 Ui, Forma Farmaceutica:Solução Injetável"
4215,Calcitonina Sintética,338885,"338885 - Calcitonina Sintética, Composição:Humana, Concentração:0,25 Mg, Forma Farmaceutica:Pó Liófilo P/ Injetável"
4215,Calcitonina Sintética,338884,"338884 - Calcitonina Sintética, Composição:Humana, Concentração:0,5 Mg, Forma Farmaceutica:Pó Liófilo P/ Injetável"
4215,Calcitonina Sintética,338883,"338883 - Calcitonina Sintética, Composição:De Salmão, Concentração:200 Ui/Dose, Forma Farmaceutica:Spray Nasal"
4215,Calcitonina Sintética,338882,"338882 - Calcitonina Sintética, Composição:De Salmão, Concentração:100 Ui/Dose, Forma Farmaceutica:Spray Nasal"
4215,Calcitonina Sintética,338881,"338881 - Calcitonina Sintética, Composição:De Salmão, Concentração:50 Ui/Dose, Forma Farmaceutica:Spray Nasal"
4216,Calcitriol,305189,"305189 - Calcitriol, Concentração:3 MCG/G, Forma Farmacêutica:Pomada"
4216,Calcitriol,292417,"292417 - Calcitriol, Concentração:2 MCG/ML, Forma Farmacêutica:Solução Injetável"
4216,Calcitriol,292416,"292416 - Calcitriol, Concentração:1 MCG/ML, Forma Farmacêutica:Solução Injetável"
4216,Calcitriol,271101,"271101 - Calcitriol, Concentração:0,25 MCG"
4303,Vismodegibe,429826,"429826 - Vismodegibe, Concentração:150 MG"
4399,Ivacaftor,485362,"485362 - Ivacaftor, Composição:Associado Ao Lumacaftor, Concentração:188 Mg + 150 MG, Forma Farmacêutica:Pó Granulado"
4399,Ivacaftor,485361,"485361 - Ivacaftor, Composição:Associado Ao Lumacaftor, Concentração:125 Mg + 100 MG, Forma Farmacêutica:Pó Granulado"
4399,Ivacaftor,482911,"482911 - Ivacaftor, Composição:Associado Ao Tezacaftor, Concentração:150 Mg / 150 Mg + 100 MG"
4399,Ivacaftor,459026,"459026 - Ivacaftor, Concentração:50 MG, Forma Farmacêutica:Pó Granulado"
4399,Ivacaftor,459025,"459025 - Ivacaftor, Concentração:75 MG, Forma Farmacêutica:Pó Granulado"
4399,Ivacaftor,450167,"450167 - Ivacaftor, Concentração:50 MG"
4399,Ivacaftor,450161,"450161 - Ivacaftor, Composição:Associado Ao Lumacaftor, Concentração:125 Mg + 200 MG"
4399,Ivacaftor,449250,"449250 - Ivacaftor, Composição:Associado Ao Lumacaftor, Concentração:125 Mg + 100 MG"
4399,Ivacaftor,448290,"448290 - Ivacaftor, Concentração:150 MG"
4488,Capecitabina,268404,"268404 - Capecitabina, Dosagem:150 MG"
4488,Capecitabina,268403,"268403 - Capecitabina, Dosagem:500 MG"
4492,Capsaicina,383441,"383441 - Capsaicina, Concentração:0,75 MG/ML, Forma Farmacêutica:Loção Tópica"
4492,Capsaicina,383440,"383440 - Capsaicina, Concentração:0,25 MG/ML, Forma Farmacêutica:Loção Tópica"
4492,Capsaicina,383439,"383439 - Capsaicina, Concentração:0,75 MG/G, Forma Farmacêutica:Creme"
4492,Capsaicina,383438,"383438 - Capsaicina, Concentração:0,25 MG/G, Forma Farmacêutica:Creme"
4505,Captopril,479570,"479570 - Captopril, Concentração:20 MG/ML, Forma Farmacêutica:Solução Oral, Característica Adicional:Formulação Especialmente Manipulada"
4505,Captopril,432901,"432901 - Captopril, Concentração:3 MG/ML, Forma Farmacêutica:Solução Oral, Característica Adicional:Formulação Especialmente Manipulada"
4505,Captopril,428261,"428261 - Captopril, Concentração:1,25 MG/ML, Forma Farmacêutica:Solução Oral, Característica Adicional:Formulação Especialmente Manipulada"
4505,Captopril,405149,"405149 - Captopril, Concentração:10 MG/ML, Forma Farmacêutica:Solução Oral, Característica Adicional:Formulação Especialmente Manipulada"
4505,Captopril,367579,"367579 - Captopril, Concentração:5 MG/ML, Forma Farmacêutica:Solução Oral, Característica Adicional:Formulação Especialmente Manipulada"
4505,Captopril,367576,"367576 - Captopril, Concentração:1 MG/ML, Forma Farmacêutica:Xarope, Característica Adicional:Formulação Especialmente Manipulada"
4505,Captopril,367575,"367575 - Captopril, Concentração:5 MG/ML, Forma Farmacêutica:Xarope, Característica Adicional:Formulação Especialmente Manipulada"
4505,Captopril,367572,"367572 - Captopril, Concentração:2,5 MG/ML, Forma Farmacêutica:Solução Oral, Característica Adicional:Formulação Especialmente Manipulada"
4505,Captopril,353574,"353574 - Captopril, Concentração:1 MG/ML, Forma Farmacêutica:Solução Oral, Característica Adicional:Formulação Especialmente Manipulada"
4505,Captopril,296031,"296031 - Captopril, Composição:Associado À Hidroclorotiazida, Concentração:50 Mg + 25 MG"
4505,Captopril,267615,"267615 - Captopril, Concentração:50 MG"
4505,Captopril,267614,"267614 - Captopril, Concentração:12,50 MG"
4505,Captopril,267613,"267613 - Captopril, Concentração:25 MG"
4508,Carbacol,282220,"282220 - Carbacol, Dosagem:0,1 MG/ML, Tipo Uso:Solução Injetável Intra-Ocular"
4517,Carbonato De Lítio,468947,"468947 - Carbonato De Lítio, Concentração:450 MG, Características Adicionais:Liberação Prolongada"
4517,Carbonato De Lítio,271102,"271102 - Carbonato De Lítio, Dosagem:450 MG"
4517,Carbonato De Lítio,267621,"267621 - Carbonato De Lítio, Dosagem:300 MG"
4509,Carbamazepina,392264,"392264 - Carbamazepina, Concentração:20 MG/ML, Forma Farmaceutica:Xarope"
4509,Carbamazepina,272458,"272458 - Carbamazepina, Dosagem:200 MG, Apresentação:Liberação Controlada"
4509,Carbamazepina,272457,"272457 - Carbamazepina, Dosagem:400 MG, Apresentação:Liberação Controlada"
4509,Carbamazepina,272454,"272454 - Carbamazepina, Dosagem:20 MG/ML, Apresentação:Suspensão Oral"
4509,Carbamazepina,267618,"267618 - Carbamazepina, Dosagem:200 MG"
4509,Carbamazepina,267617,"267617 - Carbamazepina, Dosagem:400 MG"
4520,Carboplatina,270411,"270411 - Carboplatina, Dosagem:150 MG, Uso:Injetável"
4520,Carboplatina,270410,"270410 - Carboplatina, Dosagem:50 MG, Uso:Injetável"
4520,Carboplatina,270409,"270409 - Carboplatina, Dosagem:450 MG, Uso:Injetável"
30359,Zolbetuximabe,630567,"630567 - Zolbetuximabe, Concentração:100 MG, Forma Farmacêutica:Pó Liófilo P/ Injetável"
4546,Carisoprodol,278650,"278650 - Carisoprodol, Apresentação:C/Dipirona + Piridoxina+ Tiamina + Cianocobalamina, Dosagem:250mg + 250mg + 100mg + 50mg + 1mg"
4547,Carmustina,270441,"270441 - Carmustina, Dosagem:100 MG, Uso:Injetável"
4562,Carnitina,632412,"632412 - Carnitina, Composição:L-Carnitina, Concentração:150 MG/ML, Forma Farmaceutica:Solução Oral, Característica Adicional:Formulação Especialmente Manipulada"
4562,Carnitina,624547,"624547 - Carnitina, Composição:L-Carnitina, Concentração:500 MG, Característica Adicional:Formulação Especialmente Manipulada"
4562,Carnitina,624546,"624546 - Carnitina, Composição:L-Carnitina, Concentração:2 G, Característica Adicional:Formulação Especialmente Manipulada"
4562,Carnitina,621037,"621037 - Carnitina, Composição:Associada À Vitaminas C/E, Coenzima Q10, Concentração:2 G + 1 G + 400 Mg + 150 MG, Forma Farmaceutica:Pó Oral, Característica Adicional:Formulação Especialmente Manipulada"
4562,Carnitina,444807,"444807 - Carnitina, Composição:L-Carnitina, Concentração:60 MG/ML, Forma Farmaceutica:Solução Oral, Característica Adicional:Formulação Especialmente Manipulada"
4562,Carnitina,419745,"419745 - Carnitina, Composição:L-Acetilcarnitina, Concentração:100 MG/ML, Forma Farmaceutica:Solução Oral, Característica Adicional:Formulação Especialmente Manipulada"
4562,Carnitina,414454,"414454 - Carnitina, Composição:L-Carnitina, Concentração:50 MG/ML, Forma Farmaceutica:Xarope, Característica Adicional:Formulação Especialmente Manipulada"
4562,Carnitina,410735,"410735 - Carnitina, Composição:L-Carnitina, Concentração:500 MG/ML, Forma Farmaceutica:Solução Oral, Característica Adicional:Formulação Especialmente Manipulada"
4562,Carnitina,399155,"399155 - Carnitina, Composição:L-Carnitina, Concentração:50 MG/ML, Forma Farmaceutica:Solução Oral, Característica Adicional:Formulação Especialmente Manipulada"
4562,Carnitina,398176,"398176 - Carnitina, Composição:L-Carnitina, Concentração:100 MG/ML, Forma Farmaceutica:Solução Oral, Característica Adicional:Formulação Especialmente Manipulada"
4562,Carnitina,395720,"395720 - Carnitina, Composição:L-Carnitina, Concentração:1 G, Forma Farmaceutica:Oral, Característica Adicional:Formulação Especialmente Manipulada"
4562,Carnitina,391319,"391319 - Carnitina, Composição:L-Carnitina, Concentração:250 MG/ML, Forma Farmaceutica:Suspensão Oral, Característica Adicional:Formulação Especialmente Manipulada"
4677,Carvedilol,386275,"386275 - Carvedilol, Concentração:1 MG/ML, Forma Farmacêutica:Suspensão Oral, Característica Adicional:Formulação Especialmente Manipulada"
4677,Carvedilol,267567,"267567 - Carvedilol, Dosagem:25 MG"
4677,Carvedilol,267566,"267566 - Carvedilol, Dosagem:3,125 MG"
4677,Carvedilol,267565,"267565 - Carvedilol, Dosagem:6,25 MG"
4677,Carvedilol,267564,"267564 - Carvedilol, Dosagem:12,5 MG"
4719,Cefadroxila,271983,"271983 - Cefadroxila, Dosagem:1 G"
4719,Cefadroxila,271982,"271982 - Cefadroxila, Dosagem:500 MG"
4719,Cefadroxila,271981,"271981 - Cefadroxila, Dosagem:100 MG/ML, Apresentação:Suspensão Oral"
4719,Cefadroxila,271980,"271980 - Cefadroxila, Dosagem:50 MG/ML, Apresentação:Suspensão Oral"
4722,Cefalotina Sódica,637527,"637527 - Cefalotina Sódica, Concentração:30 MG/ML, Forma Farmaceutica:Solução Oftálmica, Adicional:Formulação Especialmente Manipulada"
4722,Cefalotina Sódica,481783,"481783 - Cefalotina Sódica, Concentração:50 MG/ML, Forma Farmaceutica:Solução Oftálmica, Adicional:Formulação Especialmente Manipulada"
4722,Cefalotina Sódica,460699,"460699 - Cefalotina Sódica, Concentração:1 G, Forma Farmaceutica:Pó Liófilo P/ Injetável"
4722,Cefalotina Sódica,445915,"445915 - Cefalotina Sódica, Concentração:1 G, Forma Farmaceutica:Pó Liófilo P/ Injetável + Diluente"
4723,Cefazolina Sódica,481784,"481784 - Cefazolina Sódica, Concentração:50 MG/ML, Forma Farmaceutica:Solução Oftálmica, Adicional:Formulação Especialmente Manipulada"
4723,Cefazolina Sódica,442693,"442693 - Cefazolina Sódica, Concentração:1 G, Forma Farmaceutica:Pó P/ Solução Injetável"
4724,Cefepima Cloridrato,392249,"392249 - Cefepima Cloridrato, Concentração:1 G, Forma Farmaceutica:Pó Liófilo P/ Injetável, Características Adicionais:Sistema Fechado, Diluente Nacl 0,9%"
4724,Cefepima Cloridrato,339848,"339848 - Cefepima Cloridrato, Concentração:2 G, Forma Farmaceutica:Pó Liófilo P/ Injetável, Características Adicionais:Sistema Fechado, Diluente Nacl 0,9%"
4724,Cefepima Cloridrato,339847,"339847 - Cefepima Cloridrato, Concentração:2 G, Forma Farmaceutica:Pó Liófilo P/ Injetável"
4724,Cefepima Cloridrato,339846,"339846 - Cefepima Cloridrato, Concentração:1 G, Forma Farmaceutica:Pó Liófilo P/ Injetável"
4724,Cefepima Cloridrato,339845,"339845 - Cefepima Cloridrato, Concentração:500 MG, Forma Farmaceutica:Pó Liófilo P/ Injetável"
4725,Rupatadina,412431,"412431 - Rupatadina, Composição:Fumarato De Rupatadina, Concentração:10 MG"
4726,Cefotaxima Sódica,268411,"268411 - Cefotaxima Sódica, Dosagem:1 G, Indicação:Injetável"
4726,Cefotaxima Sódica,268410,"268410 - Cefotaxima Sódica, Dosagem:500 MG, Indicação:Injetável"
4720,Cefalexina,417032,"417032 - Cefalexina, Concentração:1 G"
4720,Cefalexina,397566,"397566 - Cefalexina, Concentração:100 MG/ML, Forma Farmaceutica:Pó P/ Suspensão Oral"
4720,Cefalexina,331555,"331555 - Cefalexina, Dosagem:50 MG/ML, Forma Farmacêutica:Pó P/ Suspensão Oral"
4720,Cefalexina,327792,"327792 - Cefalexina, Dosagem:25 MG/ML, Forma Farmacêutica:Pó P/ Suspensão Oral"
4720,Cefalexina,267625,"267625 - Cefalexina, Dosagem:500 MG"
4728,Cefoxitina Sódica,269961,"269961 - Cefoxitina Sódica, Dosagem:2 G, Indicação:Injetável"
4728,Cefoxitina Sódica,269960,"269960 - Cefoxitina Sódica, Dosagem:1 G, Indicação:Injetável"
4730,Ceftazidima,456376,"456376 - Ceftazidima, Composição:Associado Ao Avibactam, Concentração:2000 Mg + 500 MG, Forma Farmaceutica:Injetável"
4730,Ceftazidima,442694,"442694 - Ceftazidima, Concentração:1 G, Forma Farmaceutica:Pó P/ Solução Injetável"
4730,Ceftazidima,268413,"268413 - Ceftazidima, Dosagem:2 G, Aplicação:Injetável"
4731,Ceftriaxona Sódica,470004,"470004 - Ceftriaxona Sódica, Concentração:250 MG, Forma Farmaceutica:Pó P/ Solução Injetável + Lidocaína"
4731,Ceftriaxona Sódica,470003,"470003 - Ceftriaxona Sódica, Concentração:250 MG, Forma Farmaceutica:Pó P/ Solução Injetável + Diluente"
4731,Ceftriaxona Sódica,469930,"469930 - Ceftriaxona Sódica, Concentração:500 MG, Forma Farmaceutica:Pó P/ Solução Injetável + Lidocaína"
4731,Ceftriaxona Sódica,469929,"469929 - Ceftriaxona Sódica, Concentração:500 MG, Forma Farmaceutica:Pó P/ Solução Injetável + Diluente"
4731,Ceftriaxona Sódica,450891,"450891 - Ceftriaxona Sódica, Concentração:1 G, Forma Farmaceutica:Pó P/ Solução Injetável + Lidocaína"
4731,Ceftriaxona Sódica,450890,"450890 - Ceftriaxona Sódica, Concentração:1 G, Forma Farmaceutica:Pó P/ Solução Injetável + Diluente"
4731,Ceftriaxona Sódica,442703,"442703 - Ceftriaxona Sódica, Concentração:500 MG, Forma Farmaceutica:Pó P/ Solução Injetável"
4731,Ceftriaxona Sódica,442702,"442702 - Ceftriaxona Sódica, Concentração:250 MG, Forma Farmaceutica:Pó P/ Solução Injetável"
4731,Ceftriaxona Sódica,442701,"442701 - Ceftriaxona Sódica, Concentração:1 G, Forma Farmaceutica:Pó P/ Solução Injetável"
4732,Cefuroxima,442709,"442709 - Cefuroxima, Concentração:750 MG, Forma Farmaceutica:Pó P/ Solução Injetável"
4732,Cefuroxima,333130,"333130 - Cefuroxima, Dosagem:50 MG/ML, Forma Farmacêutica:Pó P/ Suspensão Oral"
4732,Cefuroxima,271989,"271989 - Cefuroxima, Dosagem:500 MG"
4732,Cefuroxima,271988,"271988 - Cefuroxima, Dosagem:250 MG"
4732,Cefuroxima,271986,"271986 - Cefuroxima, Dosagem:25 MG/ML, Indicação:Suspensão Oral"
30361,Trofinetide,630648,"630648 - Trofinetide, Concentração:200 MG/ML, Forma Farmacêutica:Solução Oral"
30362,Sacarose.,630756,"630756 - Sacarose., Concentração:85%, Forma Farmacêutica:Xarope, Adicional:Formulação Especialmente Manipulada"
4729,Glecaprevir,449556,"449556 - Glecaprevir, Composição:Associado Ao Pibrentasvir, Concentração:100 Mg + 40 MG"
4804,Cetoprofeno,483762,"483762 - Cetoprofeno, Concentraçao:1 MG/ML, Forma Farmaceutica:Solução P/ Infusão"
4804,Cetoprofeno,448845,"448845 - Cetoprofeno, Concentraçao:50 MG/ML, Forma Farmaceutica:Solução Injetável"
4804,Cetoprofeno,448844,"448844 - Cetoprofeno, Concentraçao:100 MG, Forma Farmaceutica:Pó Liófilo P/ Injetável"
4804,Cetoprofeno,448636,"448636 - Cetoprofeno, Concentraçao:200 MG, Forma Farmaceutica:Liberação Prolongada"
4804,Cetoprofeno,448635,"448635 - Cetoprofeno, Concentraçao:150 MG, Forma Farmaceutica:Liberação Prolongada"
4804,Cetoprofeno,446283,"446283 - Cetoprofeno, Composição:Associado Ao Omeprazol, Concentraçao:200 Mg + 20 MG, Adicional:Liberação Prolongada"
4804,Cetoprofeno,393813,"393813 - Cetoprofeno, Concentraçao:100 MG"
4804,Cetoprofeno,392663,"392663 - Cetoprofeno, Composição:Sal Lisinato, Concentraçao:320 MG, Forma Farmaceutica:Liberação Prolongada"
4804,Cetoprofeno,392662,"392662 - Cetoprofeno, Composição:Sal Lisinato, Concentraçao:160 MG, Forma Farmaceutica:Liberação Prolongada"
4804,Cetoprofeno,340107,"340107 - Cetoprofeno, Concentraçao:100 MG, Forma Farmaceutica:P/ Uso Retal"
4804,Cetoprofeno,340105,"340105 - Cetoprofeno, Concentraçao:100 MG, Forma Farmaceutica:Entérico"
4804,Cetoprofeno,296389,"296389 - Cetoprofeno, Dosagem:1 MG/ML, Forma Farmacêutica:Xarope"
4804,Cetoprofeno,268424,"268424 - Cetoprofeno, Dosagem:20 MG/ML, Concentração:Solução Oral/Gotas"
4804,Cetoprofeno,268423,"268423 - Cetoprofeno, Dosagem:25 MG/G, Concentração:Gel"
4804,Cetoprofeno,268422,"268422 - Cetoprofeno, Dosagem:50 MG"
4803,Cetoconazol,461987,"461987 - Cetoconazol, Concentração:5%, Forma Farmaceutica:Solução Oftálmica, Caracteristica Adicional:Formulação Especialmente Manipulada"
4803,Cetoconazol,308736,"308736 - Cetoconazol, Dosagem:20 MG/G, Forma Farmacêutica:Creme Tópico"
4803,Cetoconazol,307372,"307372 - Cetoconazol, Dosagem:5 MG/ML, Forma Farmacêutica:Solução Oftálmica, Característica Adicional:Medicamento Manipulado Especialmente"
4803,Cetoconazol,271103,"271103 - Cetoconazol, Dosagem:2%, Apresentação:Shampoo"
4803,Cetoconazol,267151,"267151 - Cetoconazol, Dosagem:200 MG"
30462,Povidona (Pvp),640671,"640671 - Povidona (Pvp), Composição:Hialuronato De Sódio E Associações, Forma Farmacêutica:Gel Oral Concentrado"
4984,Fampridina,429102,"429102 - Fampridina, Concentração:10 MG"
4985,Ciclofosfamida,625032,"625032 - Ciclofosfamida, Concentração:50 MG, Forma Farmacêutica:Liberação Retardada"
4985,Ciclofosfamida,448846,"448846 - Ciclofosfamida, Concentração:50 MG, Forma Farmacêutica:Liberação Prolongada"
4985,Ciclofosfamida,340149,"340149 - Ciclofosfamida, Concentração:200 MG, Forma Farmacêutica:Pó Liófilo P/ Injetável"
4985,Ciclofosfamida,340148,"340148 - Ciclofosfamida, Concentração:1 G, Forma Farmacêutica:Pó Liófilo P/ Injetável"
4985,Ciclofosfamida,268427,"268427 - Ciclofosfamida, Composição:50 Mg"
4987,Ciclopentolato,272134,"272134 - Ciclopentolato, Concentração:1%, Aplicação:Solução Oftálmica"
4988,Ciclosporina,340165,"340165 - Ciclosporina, Concentraçao:50 MG/ML, Forma Farmaceutica:Solução Injetável"
4988,Ciclosporina,302942,"302942 - Ciclosporina, Concentração:100 MG/ML, Forma Farmacêutica:Solução Oral"
4988,Ciclosporina,298734,"298734 - Ciclosporina, Concentração:0,5 MG/ML, Forma Farmacêutica:Emulsão Oftálmica"
4988,Ciclosporina,271114,"271114 - Ciclosporina, Concentração:100 MG/ML, Indicação:Microemulsão Oral"
4988,Ciclosporina,271107,"271107 - Ciclosporina, Concentração:100 MG"
4988,Ciclosporina,271106,"271106 - Ciclosporina, Concentração:50 MG"
4988,Ciclosporina,271105,"271105 - Ciclosporina, Concentração:10 MG"
4988,Ciclosporina,271104,"271104 - Ciclosporina, Concentração:25 MG"
4990,Cilazapril,309435,"309435 - Cilazapril, Composição:Associado À Hidroclorotiazida, Concentração:5 Mg + 12,5 MG"
4990,Cilazapril,309434,"309434 - Cilazapril, Concentração:5 MG"
4990,Cilazapril,309433,"309433 - Cilazapril, Concentração:2,5 MG"
4990,Cilazapril,309432,"309432 - Cilazapril, Concentração:1 MG"
4981,Cianocobalamina,626175,"626175 - Cianocobalamina, Concentração:25 MG/ML, Forma Farmacêutica:Solução Injetável, Adicional:Formulação Especialmente Manipulada"
4981,Cianocobalamina,619632,"619632 - Cianocobalamina, Concentração:50 MG/ML, Forma Farmacêutica:Solução Injetável, Adicional:Formulação Especialmente Manipulada"
4981,Cianocobalamina,485367,"485367 - Cianocobalamina, Composição:Associada À Diclofenaco Sódio,Piridoxina E Tiamina, Concentração:1 Mg + 100 Mg + 100 Mg + 100 MG, Adicional:Liberação Prolongada"
4981,Cianocobalamina,464984,"464984 - Cianocobalamina, Concentração:1.000 Ui/Gota, Forma Farmacêutica:Solução Oral Gotas, Adicional:Formulação Especialmente Manipulada"
4981,Cianocobalamina,441006,"441006 - Cianocobalamina, Composição:Associada À Diclofenaco Sódio,Piridoxina E Tiamina, Concentração:5 Mg/Ml + 75 Mg/Ml + 100 Mg/Ml + 100 MG/ML, Forma Farmacêutica:Solução Injetável, Tipo Apresentação:Ampola I,Vit. B1/B6, Ampola Ii,Vit. B12 E D.Sódico"
4981,Cianocobalamina,438098,"438098 - Cianocobalamina, Concentração:0,3 Mg/Gota, Forma Farmacêutica:Solução Oral Gotas, Adicional:Formulação Especialmente Manipulada"
4981,Cianocobalamina,436403,"436403 - Cianocobalamina, Composição:Associada Com Dexametasona, Piridoxina E Tiamina, Concentração:2,5 Mg/Ml + 2 Mg/Ml + 100 Mg/Ml + 100 MG/ML, Forma Farmacêutica:Solução Injetável, Tipo Apresentação:Ampola I Com Vitaminas, Ampola Ii Com Dexametasona"
4981,Cianocobalamina,434133,"434133 - Cianocobalamina, Concentração:2000 MCG/ML, Forma Farmacêutica:Solução Injetável"
4981,Cianocobalamina,426098,"426098 - Cianocobalamina, Concentração:1000 MCG/ML, Forma Farmacêutica:Solução Injetável"
4981,Cianocobalamina,401891,"401891 - Cianocobalamina, Composição:Associada Com Piridoxina E Tiamina, Concentração:1 Mg + 100 Mg + 100 MG/ML, Forma Farmacêutica:Solução Injetável"
4981,Cianocobalamina,401890,"401890 - Cianocobalamina, Composição:Associada Com Piridoxina E Tiamina, Concentração:5 Mg + 100 Mg + 100 MG/ML, Forma Farmacêutica:Solução Injetável"
4981,Cianocobalamina,363560,"363560 - Cianocobalamina, Composição:Associada À Diclofenaco Sódio,Piridoxina E Tiamina, Concentração:1 Mg + 50 Mg + 50 Mg + 50 MG"
4981,Cianocobalamina,341882,"341882 - Cianocobalamina, Concentração:0,5 MG/ML, Forma Farmacêutica:Solução Injetável"
4981,Cianocobalamina,337444,"337444 - Cianocobalamina, Concentração:7,5 MG/ML, Forma Farmacêutica:Solução Injetável"
4981,Cianocobalamina,337443,"337443 - Cianocobalamina, Concentração:12,5 MG/ML, Forma Farmacêutica:Solução Injetável"
4981,Cianocobalamina,273314,"273314 - Cianocobalamina, Dosagem:2,5mg/Ml, Indicação:Injetável"
4981,Cianocobalamina,270815,"270815 - Cianocobalamina, Apresentação:Associada Com Dexametasona, Piridoxina E Tiamina, Dosagem:5mg + 0,5mg + 100mg + 100mg"
4981,Cianocobalamina,270814,"270814 - Cianocobalamina, Apresentação:Associada Com Dexametasona, Piridoxina E Tiamina, Dosagem:5mg + 4mg + 100mg + 100mg, Indicação:Injetável, Característica Adicional:Ampola I De Vitaminas E Ampola Ii Com Dexametasona"
4981,Cianocobalamina,270813,"270813 - Cianocobalamina, Apresentação:Associada Com Piridoxina E Tiamina, Dosagem:5mg + 100mg + 100mg"
5012,Cinarizina,267629,"267629 - Cinarizina, Dosagem:75 MG"
5012,Cinarizina,267628,"267628 - Cinarizina, Dosagem:25 MG"
5040,Ciprofloxacino Cloridrato,460884,"460884 - Ciprofloxacino Cloridrato, Composição:Associado À Dexametasona, Concentração:3,5 Mg + 1 MG/ML, Forma Farmaceutica:Suspensão Oftálmica"
5040,Ciprofloxacino Cloridrato,396074,"396074 - Ciprofloxacino Cloridrato, Concentração:1 G, Forma Farmaceutica:Liberação Controlada"
5040,Ciprofloxacino Cloridrato,396073,"396073 - Ciprofloxacino Cloridrato, Composição:Associado À Dexametasona, Concentração:3 Mg + 1 MG/G, Forma Farmaceutica:Pomada Oftálmica"
5040,Ciprofloxacino Cloridrato,393327,"393327 - Ciprofloxacino Cloridrato, Composição:Associado A Hidrocortisona, Concentração:2 Mg + 10 MG/ML, Forma Farmaceutica:Suspensão Otológica"
5040,Ciprofloxacino Cloridrato,355338,"355338 - Ciprofloxacino Cloridrato, Concentração:500 MG, Forma Farmaceutica:Liberação Controlada"
5040,Ciprofloxacino Cloridrato,348344,"348344 - Ciprofloxacino Cloridrato, Concentração:50 MG/ML, Forma Farmaceutica:Suspensão Oral, Característica Adicional:Formulação Especialmente Manipulada"
5040,Ciprofloxacino Cloridrato,340174,"340174 - Ciprofloxacino Cloridrato, Concentração:1 G"
5040,Ciprofloxacino Cloridrato,331159,"331159 - Ciprofloxacino Cloridrato, Dosagem:3,5 MG/G, Forma Farmacêutica:Pomada Oftálmica"
5040,Ciprofloxacino Cloridrato,331158,"331158 - Ciprofloxacino Cloridrato, Dosagem:3,5 MG/ML, Forma Farmacêutica:Solução Oftálmica"
5040,Ciprofloxacino Cloridrato,331157,"331157 - Ciprofloxacino Cloridrato, Dosagem:5,8 MG/ML, Forma Farmacêutica:Solução Otológica"
5040,Ciprofloxacino Cloridrato,327794,"327794 - Ciprofloxacino Cloridrato, Princípio Ativo:Associada Com Dexametasona, Dosagem:3,5 Mg + 1 MG/G, Forma Farmacêutica:Pomada Oftálmica"
5040,Ciprofloxacino Cloridrato,295682,"295682 - Ciprofloxacino Cloridrato, Dosagem:10 MG/ML, Forma Farmacêutica:Solução Injetável"
5040,Ciprofloxacino Cloridrato,295680,"295680 - Ciprofloxacino Cloridrato, Dosagem:100 MG"
5040,Ciprofloxacino Cloridrato,292418,"292418 - Ciprofloxacino Cloridrato, Dosagem:2 MG/ML, Apresentação:Solução Injetável"
5040,Ciprofloxacino Cloridrato,288295,"288295 - Ciprofloxacino Cloridrato, Dosagem:750 MG"
5040,Ciprofloxacino Cloridrato,284102,"284102 - Ciprofloxacino Cloridrato, Princípio Ativo:Associada Com Dexametasona, Dosagem:3,5 Mg + 1 MG/ML, Apresentação:Solução Oftálmica"
5040,Ciprofloxacino Cloridrato,268432,"268432 - Ciprofloxacino Cloridrato, Dosagem:3 MG/G, Indicação:Pomada Oftálmica"
5040,Ciprofloxacino Cloridrato,268431,"268431 - Ciprofloxacino Cloridrato, Dosagem:3 MG/ML, Indicação:Solução Oftálmica"
5040,Ciprofloxacino Cloridrato,267632,"267632 - Ciprofloxacino Cloridrato, Dosagem:500 MG"
5040,Ciprofloxacino Cloridrato,267631,"267631 - Ciprofloxacino Cloridrato, Dosagem:250 MG"
5052,Cisplatina,340186,"340186 - Cisplatina, Concentração:1 MG/ML, Forma Farmaceutica:Solução Injetável"
5052,Cisplatina,340185,"340185 - Cisplatina, Concentração:0,5 MG/ML, Forma Farmaceutica:Solução Injetável"
5052,Cisplatina,340184,"340184 - Cisplatina, Concentração:100 MG, Forma Farmaceutica:Pó Liófilo P/ Injetável"
5052,Cisplatina,340183,"340183 - Cisplatina, Concentração:50 MG, Forma Farmaceutica:Pó Liófilo P/ Injetável"
5052,Cisplatina,340182,"340182 - Cisplatina, Concentração:10 MG, Forma Farmaceutica:Pó Liófilo P/ Injetável"
5052,Cisplatina,340181,"340181 - Cisplatina, Concentração:25 MG, Forma Farmaceutica:Pó Liófilo P/ Injetável"
5056,Citalopram,453062,"453062 - Citalopram, Concentração:10 MG, Adicional:Formulação Especialmente Manipulada"
5056,Citalopram,318945,"318945 - Citalopram, Dosagem:40 MG"
5056,Citalopram,272903,"272903 - Citalopram, Dosagem:20 MG"
5057,Citarabina,443590,"443590 - Citarabina, Concentração:100 MG, Forma Farmaceutica:Pó Liófilo P/ Injetável"
5057,Citarabina,443545,"443545 - Citarabina, Concentração:100 MG/ML, Forma Farmaceutica:Solução Injetável"
5057,Citarabina,442893,"442893 - Citarabina, Concentração:20 MG/ML, Forma Farmaceutica:Solução Injetável"
5057,Citarabina,442892,"442892 - Citarabina, Concentração:10 MG/ML, Forma Farmaceutica:Solução Injetável"
5057,Citarabina,340195,"340195 - Citarabina, Composição:Cloridrato, Concentração:100 MG/ML, Forma Farmaceutica:Solução Injetável"
5057,Citarabina,340194,"340194 - Citarabina, Composição:Cloridrato, Concentração:50 MG/ML, Forma Farmaceutica:Solução Injetável"
5057,Citarabina,340190,"340190 - Citarabina, Composição:Cloridrato, Concentração:500 MG, Forma Farmaceutica:Pó Liófilo P/ Injetável"
5057,Citarabina,340189,"340189 - Citarabina, Composição:Cloridrato, Concentração:2 G, Forma Farmaceutica:Pó Liófilo P/ Injetável"
5057,Citarabina,340188,"340188 - Citarabina, Composição:Cloridrato, Concentração:1 G, Forma Farmaceutica:Pó Liófilo P/ Injetável"
5057,Citarabina,270427,"270427 - Citarabina, Dosagem:500 MG, Apresentação:Injetável"
5058,Citicolina,272005,"272005 - Citicolina, Dosagem:500mg"
5060,Clomifeno Citrato,328106,"328106 - Clomifeno Citrato, Concentração:50 MG"
5066,Tamoxifeno Citrato,420749,"420749 - Tamoxifeno Citrato, Composição:Associado Ao Óleo De Rosa Mosqueta, Concentração:0,1% + 20%, Forma Farmacêutica:Creme, Característica Adicional:Formulação Especialmente Manipulada"
5066,Tamoxifeno Citrato,272023,"272023 - Tamoxifeno Citrato, Dosagem:20 MG"
5066,Tamoxifeno Citrato,272022,"272022 - Tamoxifeno Citrato, Dosagem:10 MG"
5067,Cladribina,483113,"483113 - Cladribina, Concentração:10 MG"
5067,Cladribina,340202,"340202 - Cladribina, Concentração:1 MG/ML, Forma Farmaceutica:Solução Injetável"
5070,Claritromicina,269988,"269988 - Claritromicina, Dosagem:50 MG/ML, Apresentação:Granulado Para Suspensão Oral"
5070,Claritromicina,269987,"269987 - Claritromicina, Dosagem:25 MG/ML, Apresentação:Granulado Para Suspensão Oral"
5070,Claritromicina,269986,"269986 - Claritromicina, Dosagem:250 MG"
5070,Claritromicina,269985,"269985 - Claritromicina, Dosagem:500 MG, Apresentação:Liberação Lenta"
5070,Claritromicina,268440,"268440 - Claritromicina, Dosagem:500 MG, Apresentação:Injetável"
5070,Claritromicina,268439,"268439 - Claritromicina, Dosagem:500 MG"
5075,Clemastina,399161,"399161 - Clemastina, Composição:Sal Fumarato, Associada À Dexametasona, Concentração:1 Mg + 0,5 MG/G, Forma Farmacêutica:Creme"
5075,Clemastina,273141,"273141 - Clemastina, Composição:Sal Fumarato, Concentração:0,05 MG/ML, Apresentação:Xarope"
5083,Clobazam,465037,"465037 - Clobazam, Concentração:1 MG/ML, Forma Farmacêutica:Solução Oral, Característica Adicional:Especialmente Manipulado"
5083,Clobazam,434089,"434089 - Clobazam, Concentração:5 MG, Forma Farmacêutica:Pó Para Solução Oral, Característica Adicional:Especialmente Manipulado"
5083,Clobazam,272902,"272902 - Clobazam, Dosagem:20 MG"
5083,Clobazam,272901,"272901 - Clobazam, Dosagem:10 MG"
5084,Clodronato,333791,"333791 - Clodronato, Composição:Dissódico, Concentração:60 MG/ML, Forma Farmacêutica:Solução Injetável"
5084,Clodronato,333790,"333790 - Clodronato, Composição:Dissódico, Concentração:800 MG"
5084,Clodronato,333789,"333789 - Clodronato, Composição:Dissódico, Concentração:400 MG"
5085,Clofazimina,299129,"299129 - Clofazimina, Dosagem:100 MG"
5085,Clofazimina,299128,"299128 - Clofazimina, Dosagem:50 MG"
5086,Clomipramina,340205,"340205 - Clomipramina, Concentração:12,5 MG/ML, Forma Farmaceutica:Solução Injetável"
5086,Clomipramina,272041,"272041 - Clomipramina, Dosagem:75 MG, Apresentação:Liberação Lenta"
5086,Clomipramina,267523,"267523 - Clomipramina, Dosagem:10 MG"
5086,Clomipramina,267522,"267522 - Clomipramina, Dosagem:25 MG"
5087,Clonazepam,344014,"344014 - Clonazepam, Concentração:0,25 MG, Forma Farmaceutica:Comprimido Sublingual"
5087,Clonazepam,270120,"270120 - Clonazepam, Dosagem:2,5 MG/ML, Apresentação:Solução Oral- Gotas"
5087,Clonazepam,270119,"270119 - Clonazepam, Dosagem:2 MG"
5087,Clonazepam,270118,"270118 - Clonazepam, Dosagem:0,5 MG"
5089,Cloperastina,393866,"393866 - Cloperastina, Composição:Sal Fendizoato, Concentração:7,08 MG/ML, Forma Farmacêutica:Suspensão Oral"
5089,Cloperastina,393865,"393865 - Cloperastina, Composição:Sal Fendizoato, Concentração:2 MG/ML, Forma Farmacêutica:Xarope"
5089,Cloperastina,286740,"286740 - Cloperastina, Composição:Sal Fendizoato, Concentração:3,54 MG/ML, Apresentação:Xarope"
5090,Clopidogrel,408081,"408081 - Clopidogrel, Concentração:300 MG"
5090,Clopidogrel,272045,"272045 - Clopidogrel, Dosagem:75 MG"
5092,Anidulafungina,379002,"379002 - Anidulafungina, Concentração:100 MG, Forma Farmacêutica:Pó Liófilo P/ Injetável"
5094,Clorambucila,270445,"270445 - Clorambucila, Dosagem:2 MG"
5097,Cloranfenicol,484665,"484665 - Cloranfenicol, Composição:Associado À Tetraciclina E Óxido De Zinco, Concentração:1:1:1, Forma Farmacêutica:Pó Para Uso Oral, Característica Adicional:Especialmente Manipulado"
5097,Cloranfenicol,480181,"480181 - Cloranfenicol, Composição:Associado À Tetracaína E Óxido De Zinco, Concentração:2 G + 2 G + 6 G, Forma Farmacêutica:Pó Para Uso Oral, Característica Adicional:Especialmente Manipulado"
5097,Cloranfenicol,416618,"416618 - Cloranfenicol, Concentração:50 MG/ML, Forma Farmacêutica:Suspensão Oral, Característica Adicional:Especialmente Manipulado"
5097,Cloranfenicol,362134,"362134 - Cloranfenicol, Composição:Sal Palmitato, Concentração:54,365 MG/ML, Forma Farmacêutica:Xarope"
5097,Cloranfenicol,345638,"345638 - Cloranfenicol, Concentração:4 MG/ML, Forma Farmacêutica:Solução Oftálmica"
5097,Cloranfenicol,335106,"335106 - Cloranfenicol, Composição:Associado À Lidocaína Cloridrato, Concentração:25 Mg + 30 MG/ML, Forma Farmacêutica:Solução Otológica"
5097,Cloranfenicol,335103,"335103 - Cloranfenicol, Concentração:25 MG/ML, Forma Farmacêutica:Suspensão Oral"
5097,Cloranfenicol,335100,"335100 - Cloranfenicol, Concentração:1 G, Forma Farmacêutica:Pó Liófilo P/ Injetável"
5097,Cloranfenicol,335098,"335098 - Cloranfenicol, Concentração:500 MG"
5097,Cloranfenicol,335097,"335097 - Cloranfenicol, Concentração:250 MG"
5099,Clordiazepóxido,272052,"272052 - Clordiazepóxido, Princípio Ativo:Associado Com Amitriptilina, Composição:5mg + 12,5mg"
5099,Clordiazepóxido,272050,"272050 - Clordiazepóxido, Composição:10mg"
5099,Clordiazepóxido,272049,"272049 - Clordiazepóxido, Composição:25mg"
5061,Citrato De Sódio,617270,"617270 - Citrato De Sódio, Composição:Sal Dihidratado, Concentração:40 MG/ML, Forma Farmacêutica:Solução Estéril, Característica Adicional:Bolsa/Frasco Isento De Pvc E Látex"
5061,Citrato De Sódio,348369,"348369 - Citrato De Sódio, Composição:Sal Dihidratado, Concentração:1meq/Ml Ou 98 MG/ML, Forma Farmacêutica:Solução Oral, Característica Adicional:Formulação Especialmente Manipulada"
5077,Clindamicina,618535,"618535 - Clindamicina, Composição:Associada À Tretinoína, Concentração:12 Mg/G + 0,25 MG/G, Forma Farmaceutica:Gel"
5077,Clindamicina,482013,"482013 - Clindamicina, Concentração:15 MG/ML, Forma Farmaceutica:Solução Oral, Característica Adicional:Formulação Especialmente Manipulada"
5077,Clindamicina,466603,"466603 - Clindamicina, Concentração:10 MG/G, Forma Farmaceutica:Gel"
5077,Clindamicina,458334,"458334 - Clindamicina, Composição:Associada Ao Adapaleno, Concentração:10 Mg/G + 1 MG/G, Forma Farmaceutica:Gel"
5077,Clindamicina,392661,"392661 - Clindamicina, Concentração:20 MG/G, Forma Farmaceutica:Creme Vaginal"
5077,Clindamicina,368899,"368899 - Clindamicina, Composição:Associado À Peróxido De Benzoíla, Concentração:10 Mg + 50 MG/G, Forma Farmaceutica:Gel"
5077,Clindamicina,347992,"347992 - Clindamicina, Concentração:75 MG, Forma Farmaceutica:Oral, Característica Adicional:Formulação Especialmente Manipulada"
5077,Clindamicina,292419,"292419 - Clindamicina, Dosagem:150 MG/ML, Apresentação:Solução Injetável"
5077,Clindamicina,268436,"268436 - Clindamicina, Dosagem:300 MG"
5112,Cloreto De Magnésio,461253,"461253 - Cloreto De Magnésio, Composição:Kscn, Kcl, Nacl, Cacl, Kh2po4, Forma Farmacêutica:Spray Oral"
5112,Cloreto De Magnésio,445704,"445704 - Cloreto De Magnésio, Concentração:500 MG"
5112,Cloreto De Magnésio,341060,"341060 - Cloreto De Magnésio, Composição:Puro, Forma Farmacêutica:Pó P/ Solução Oral"
5119,Furazolidona,393565,"393565 - Furazolidona, Concentração:200 MG"
5129,Alizaprida Cloridrato,278347,"278347 - Alizaprida Cloridrato, Dosagem:50 MG"
5129,Alizaprida Cloridrato,268287,"268287 - Alizaprida Cloridrato, Dosagem:25 MG/ML, Indicação:Solução Injetável"
5131,Amilorida Cloridrato,386062,"386062 - Amilorida Cloridrato, Concentração:1 MG/ML, Forma Farmacêutica:Suspensão Oral, Característica Adicional:Formulação Especialmente Manipulada"
5131,Amilorida Cloridrato,327802,"327802 - Amilorida Cloridrato, Composição:Associada Com Clortalidona, Concentração:5 Mg + 25 MG"
5131,Amilorida Cloridrato,271166,"271166 - Amilorida Cloridrato, Apresentação:Associada Com Furosemida, Composição:10mg + 40mg"
5131,Amilorida Cloridrato,271165,"271165 - Amilorida Cloridrato, Apresentação:Associada Com Hidroclorotiazida, Composição:2,5mg + 25mg"
5131,Amilorida Cloridrato,271164,"271164 - Amilorida Cloridrato, Apresentação:Associada Com Clortalidona, Composição:5mg + 50mg"
5131,Amilorida Cloridrato,271162,"271162 - Amilorida Cloridrato, Apresentação:Associada Com Hidroclorotiazida, Composição:5mg + 50mg"
5134,Amitriptilina Cloridrato,434111,"434111 - Amitriptilina Cloridrato, Concentração:10 MG"
5134,Amitriptilina Cloridrato,276336,"276336 - Amitriptilina Cloridrato, Apresentação:Associada Com Clordiazepóxido, Dosagem:12,5mg + 5mg"
5134,Amitriptilina Cloridrato,276333,"276333 - Amitriptilina Cloridrato, Dosagem:75 MG"
5134,Amitriptilina Cloridrato,267512,"267512 - Amitriptilina Cloridrato, Dosagem:25 MG"
5138,Benzidamina Cloridrato,464034,"464034 - Benzidamina Cloridrato, Concentraçao:5 MG/G, Forma Farmaceutica:Pasta Bucal"
5138,Benzidamina Cloridrato,292789,"292789 - Benzidamina Cloridrato, Dosagem:50 Mg/Ml, Apresentação:Solução Ginecológica, Característica Adicional:Com Aplicador"
5138,Benzidamina Cloridrato,292788,"292788 - Benzidamina Cloridrato, Dosagem:500 Mg, Apresentação:Pó Para Preparações Extemporâneas"
5138,Benzidamina Cloridrato,272176,"272176 - Benzidamina Cloridrato, Dosagem:1,5mg/Ml, Apresentação:Colutório"
5138,Benzidamina Cloridrato,272175,"272175 - Benzidamina Cloridrato, Dosagem:1,5mg/Ml, Apresentação:Aerossol"
5138,Benzidamina Cloridrato,272174,"272174 - Benzidamina Cloridrato, Dosagem:30mg/Ml, Apresentação:Solução Oral - Gotas"
5138,Benzidamina Cloridrato,272173,"272173 - Benzidamina Cloridrato, Dosagem:3mg"
5138,Benzidamina Cloridrato,272172,"272172 - Benzidamina Cloridrato, Dosagem:50 Mg"
5141,Bromexina Cloridrato,269823,"269823 - Bromexina Cloridrato, Dosagem:2 MG/ML, Indicação:Solução Oral - Gotas"
5141,Bromexina Cloridrato,269822,"269822 - Bromexina Cloridrato, Dosagem:0,8 MG/ML, Indicação:Xarope"
5141,Bromexina Cloridrato,269821,"269821 - Bromexina Cloridrato, Dosagem:1,6 MG/ML, Indicação:Xarope"
5144,Bupivacaína Cloridrato,278429,"278429 - Bupivacaína Cloridrato, Apresentação:Associada À Epinefrina, Dosagem:0,25% + 1/200.000ui, Tipo:Solução Injetável"
5144,Bupivacaína Cloridrato,274813,"274813 - Bupivacaína Cloridrato, Apresentação:Associada À Epinefrina, Dosagem:0,75% + 1/200.000ui, Tipo:Embalagem Estéril"
5144,Bupivacaína Cloridrato,270096,"270096 - Bupivacaína Cloridrato, Apresentação:Associada À Epinefrina, Dosagem:0,5% + 1/200.000ui, Tipo:Solução Injetável"
5144,Bupivacaína Cloridrato,270095,"270095 - Bupivacaína Cloridrato, Apresentação:Associada À Glicose, Dosagem:0,5% + 8%, Tipo:Solução Injetável"
5144,Bupivacaína Cloridrato,269575,"269575 - Bupivacaína Cloridrato, Pureza:0,75%, Apresentação:Solução Injetável"
5144,Bupivacaína Cloridrato,269574,"269574 - Bupivacaína Cloridrato, Pureza:0,5%, Apresentação:Solução Injetável"
5144,Bupivacaína Cloridrato,269573,"269573 - Bupivacaína Cloridrato, Pureza:0,25%, Apresentação:Solução Injetável"
5144,Bupivacaína Cloridrato,269572,"269572 - Bupivacaína Cloridrato, Pureza:0,5%, Aplicação:Isobárica, Apresentação:Solução Injetável"
5146,Buspirona Cloridrato,272573,"272573 - Buspirona Cloridrato, Concentração:10 MG"
5146,Buspirona Cloridrato,272572,"272572 - Buspirona Cloridrato, Concentração:5 MG"
5151,Triantereno,379471,"379471 - Triantereno, Composição:Associado À Hidroclorotiazida, Concentração:50 Mg + 50 MG"
5154,Clobutinol Cloridrato,293926,"293926 - Clobutinol Cloridrato, Composição:Associado Com Doxilamina Succinato, Concentração:48 Mg + 9 MG/ML, Forma Farmacêutica:Solução Oral (Gotas)"
5154,Clobutinol Cloridrato,293925,"293925 - Clobutinol Cloridrato, Composição:Associado Com Doxilamina Succinato, Concentração:4 Mg + 0,75 MG/ML, Forma Farmacêutica:Xarope"
5154,Clobutinol Cloridrato,272179,"272179 - Clobutinol Cloridrato, Dosagem:60 MG/ML, Apresentação:Solução Oral - Gotas"
5154,Clobutinol Cloridrato,272178,"272178 - Clobutinol Cloridrato, Dosagem:4 MG/ML, Apresentação:Xarope"
5156,Clonidina Cloridrato,340206,"340206 - Clonidina Cloridrato, Concentraçao:0,15 MG/ML, Forma Farmaceutica:Solução Injetável"
5156,Clonidina Cloridrato,272044,"272044 - Clonidina Cloridrato, Concentração:0,15 MG"
5156,Clonidina Cloridrato,272043,"272043 - Clonidina Cloridrato, Concentração:0,1 MG"
5156,Clonidina Cloridrato,272042,"272042 - Clonidina Cloridrato, Concentração:0,2 MG"
5158,Sulindaco,379937,"379937 - Sulindaco, Concentração:150 MG, Característica Adicional:Formulação Especialmente Manipulada"
5160,Dexmedetomidina Cloridrato,478931,"478931 - Dexmedetomidina Cloridrato, Concentraçao:4 MCG/ML, Forma Farmaceutica:Solução Injetável"
5160,Dexmedetomidina Cloridrato,352204,"352204 - Dexmedetomidina Cloridrato, Concentraçao:100 MCG/ML, Forma Farmaceutica:Solução Injetável"
5130,Ambroxol,446264,"446264 - Ambroxol, Composição:Sal Cloridrato, Concentração:3 MG/ML, Forma Farmacêutica:Xarope"
5130,Ambroxol,446263,"446263 - Ambroxol, Composição:Sal Cloridrato, Concentração:6 MG/ML, Forma Farmacêutica:Xarope"
5130,Ambroxol,318906,"318906 - Ambroxol, Composição:Sal Cloridrato, Concentração:7,5 MG/ML, Forma Farmacêutica:Solução Para Nebulização"
5130,Ambroxol,271661,"271661 - Ambroxol, Composição:Sal Cloridrato, Concentração:7,5 MG/ML, Aplicação:Solução Oral"
5118,Cloreto De Sódio,639342,"639342 - Cloreto De Sódio, Concentraçao:33%, Forma Farmaceutica:Solução Estéril Não Injetável, Características Adicionais 1:Formulação Especialmente Manipulada"
5118,Cloreto De Sódio,637413,"637413 - Cloreto De Sódio, Concentraçao:0,9 %, Forma Farmaceutica:Solução Tópica, Caracteristica Adicional:Sistema Fechado"
5118,Cloreto De Sódio,636612,"636612 - Cloreto De Sódio, Concentraçao:0,9 %, Forma Farmaceutica:Pó Ou Granulado P/ Solução Nasal"
5118,Cloreto De Sódio,619255,"619255 - Cloreto De Sódio, Concentraçao:7%, Forma Farmaceutica:Solução Estéril Não Injetável, Características Adicionais 1:Formulação Especialmente Manipulada"
5118,Cloreto De Sódio,607923,"607923 - Cloreto De Sódio, Concentraçao:0,6%, Forma Farmaceutica:Gel Nasal"
5118,Cloreto De Sódio,469042,"469042 - Cloreto De Sódio, Concentraçao:20%, Forma Farmaceutica:Solução Oral, Características Adicionais 1:Formulação Especialmente Manipulada"
5118,Cloreto De Sódio,465075,"465075 - Cloreto De Sódio, Concentraçao:5%, Forma Farmaceutica:Solução Oftálmica"
5118,Cloreto De Sódio,459247,"459247 - Cloreto De Sódio, Concentraçao:20%, Forma Farmaceutica:Gel, Características Adicionais 1:Formulação Especialmente Manipulada"
5118,Cloreto De Sódio,452796,"452796 - Cloreto De Sódio, Concentraçao:0,9 %, Forma Farmaceutica:Solução Injetável, Caracteristica Adicional:Sistema Fechado, Características Adicionais 1:Bolsa/Frasco Isento De Pvc"
5118,Cloreto De Sódio,448699,"448699 - Cloreto De Sódio, Concentraçao:0,9 %, Forma Farmaceutica:Solução Injetável"
5118,Cloreto De Sódio,437160,"437160 - Cloreto De Sódio, Concentraçao:0,9 %, Forma Farmaceutica:Solução Nasal"
5118,Cloreto De Sódio,437074,"437074 - Cloreto De Sódio, Composição:Assoc. Gliconato Sódio, Acetato Sódio, Kcl, Mgcl2, Concentraçao:5,26 + 5,02 + 36,8 + 0,37 + 0,3 MG/ML, Forma Farmaceutica:Solução Injetável, Caracteristica Adicional:Sistema Fechado"
5118,Cloreto De Sódio,412432,"412432 - Cloreto De Sódio, Concentraçao:17,55%, Forma Farmaceutica:Solução Injetável"
5118,Cloreto De Sódio,394910,"394910 - Cloreto De Sódio, Concentraçao:0,45%, Forma Farmaceutica:Gel Nasal"
5118,Cloreto De Sódio,382563,"382563 - Cloreto De Sódio, Concentraçao:A 10%, Forma Farmaceutica:Solução Injetável"
5118,Cloreto De Sódio,375474,"375474 - Cloreto De Sódio, Concentraçao:0,9 %, Forma Farmaceutica:Spray Nasal"
5118,Cloreto De Sódio,371273,"371273 - Cloreto De Sódio, Concentraçao:0,9 %, Forma Farmaceutica:Solução Estéril Não Injetável"
5118,Cloreto De Sódio,339534,"339534 - Cloreto De Sódio, Concentraçao:30 MG/ML, Forma Farmaceutica:Solução Nasal"
5118,Cloreto De Sódio,318943,"318943 - Cloreto De Sódio, Princípio Ativo:Associado Ao Cloreto De Benzalcônio E Nafazolina, Dosagem:9 Mg + 0,1 Mg + 0,5 MG/ML, Forma Farmacêutica:Solução Nasal"
5118,Cloreto De Sódio,270020,"270020 - Cloreto De Sódio, Princípio Ativo:Associado Com Cloreto De Benzalcônio, Dosagem:0,9% + 0,01%, Uso:Solução Nasal"
5118,Cloreto De Sódio,268237,"268237 - Cloreto De Sódio, Princípio Ativo:0,9%_ Solução Injetável, Aplicação:Frasco Com Abertura Twist Off"
5118,Cloreto De Sódio,268236,"268236 - Cloreto De Sódio, Princípio Ativo:0,9%_ Solução Injetável, Aplicação:Sistema Fechado"
5118,Cloreto De Sódio,267574,"267574 - Cloreto De Sódio, Dosagem:20%, Uso:Solução Injetável"
5137,Azelastina Cloridrato,614332,"614332 - Azelastina Cloridrato, Composição:Associada À Fluticasona, Concentração:137 Mcg/G + 50 MCG/G, Forma Farmacêutica:Suspensão Spray P/ Inalação"
5137,Azelastina Cloridrato,278357,"278357 - Azelastina Cloridrato, Dosagem:1,0 MG/ML, Apresentação:Aerossol Nasal"
5137,Azelastina Cloridrato,278356,"278356 - Azelastina Cloridrato, Dosagem:1,0 MG/ML, Apresentação:Solução Nasal"
5116,Cloreto De Potássio,618242,"618242 - Cloreto De Potássio, Concentração:20%, Forma Farmaceutica:Xarope, Características Adicionais 1:Formulação Especialmente Manipulada"
5116,Cloreto De Potássio,482014,"482014 - Cloreto De Potássio, Concentração:19,1%, Forma Farmaceutica:Xarope, Características Adicionais 1:Formulação Especialmente Manipulada"
5116,Cloreto De Potássio,448637,"448637 - Cloreto De Potássio, Concentração:315 MG, Características Adicionais 1:Liberação Prolongada"
5116,Cloreto De Potássio,393328,"393328 - Cloreto De Potássio, Concentração:60 MG/ML, Forma Farmaceutica:Xarope"
5116,Cloreto De Potássio,268233,"268233 - Cloreto De Potássio, Dosagem:600 MG"
5116,Cloreto De Potássio,268232,"268232 - Cloreto De Potássio, Dosagem:500 MG"
5116,Cloreto De Potássio,267164,"267164 - Cloreto De Potássio, Dosagem:6%, Apresentação:Solução Oral"
5116,Cloreto De Potássio,267163,"267163 - Cloreto De Potássio, Dosagem:20%, Apresentação:Solução Injetável"
5116,Cloreto De Potássio,267162,"267162 - Cloreto De Potássio, Dosagem:19,1%, Apresentação:Solução Injetável"
5116,Cloreto De Potássio,267161,"267161 - Cloreto De Potássio, Dosagem:10%, Apresentação:Solução Injetável"
5116,Cloreto De Potássio,267160,"267160 - Cloreto De Potássio, Dosagem:15%, Apresentação:Solução Injetável"
5116,Cloreto De Potássio,267158,"267158 - Cloreto De Potássio, Dosagem:600 MG, Apresentação:Comprimido Efervescente"
5162,Difenidramina Cloridrato,363563,"363563 - Difenidramina Cloridrato, Composição:Associada À Piridoxina, Guaidenesina E Aminofilina, Concentração:2,5 Mg + 0,132 Mg + 12 Mg + 5,82, Forma Farmacêutica:Xarope"
5162,Difenidramina Cloridrato,333240,"333240 - Difenidramina Cloridrato, Concentração:25 Mg/Ml, Forma Farmacêutica:Solução Injetável, Característica Adicional:Especialmente Manipulado"
5162,Difenidramina Cloridrato,274331,"274331 - Difenidramina Cloridrato, Composição:Com Paracetamol, Pseudoefedrina E Dropropizina, Concentração:3mg + 50mg + 3mg + 3mg"
5162,Difenidramina Cloridrato,273579,"273579 - Difenidramina Cloridrato, Composição:Com Paracetamol, Pseudoefedrina E Dropropizina, Concentração:1,5mg + 12mg + 1,5mg + 1,5mg/Ml, Uso:Xarope"
5162,Difenidramina Cloridrato,272218,"272218 - Difenidramina Cloridrato, Composição:Com Paracetamol, Pseudoefedrina E Dropropizina, Concentração:3mg + 50mg + 3mg + 3mg/Ml, Uso:Xarope"
5162,Difenidramina Cloridrato,272217,"272217 - Difenidramina Cloridrato, Concentração:50mg/Ml, Uso:Solução Injetável"
5162,Difenidramina Cloridrato,272216,"272216 - Difenidramina Cloridrato, Composição:Associada Com Citrato De Sódio E Cloreto De Amônio, Concentração:2,5mg + 11,25mg + 25mg/Ml, Uso:Xarope"
5162,Difenidramina Cloridrato,272215,"272215 - Difenidramina Cloridrato, Composição:Associada Com Citrato De Sódio E Cloreto De Amônio, Concentração:5mg + 10mg + 50mg"
5164,Diltiazem Cloridrato,276375,"276375 - Diltiazem Cloridrato, Dosagem:300 MG, Apresentação:Ação Prolongada"
5164,Diltiazem Cloridrato,276374,"276374 - Diltiazem Cloridrato, Dosagem:240 MG, Apresentação:Ação Prolongada"
5164,Diltiazem Cloridrato,267572,"267572 - Diltiazem Cloridrato, Dosagem:120mg, Indicação:Ação Prolongada"
5164,Diltiazem Cloridrato,267571,"267571 - Diltiazem Cloridrato, Dosagem:90 Mg, Indicação:Ação Prolongada"
5164,Diltiazem Cloridrato,267570,"267570 - Diltiazem Cloridrato, Dosagem:180 Mg, Indicação:Ação Prolongada"
5164,Diltiazem Cloridrato,267569,"267569 - Diltiazem Cloridrato, Dosagem:30 Mg"
5164,Diltiazem Cloridrato,267568,"267568 - Diltiazem Cloridrato, Dosagem:60 Mg"
5165,Micafungina,396568,"396568 - Micafungina, Composição:Sódica, Concentraçao:100 MG, Forma Farmaceutica:Pó Liófilo P/ Injetável"
5165,Micafungina,396567,"396567 - Micafungina, Composição:Sódica, Concentraçao:50 MG, Forma Farmaceutica:Pó Liófilo P/ Injetável"
5166,Dobutamina Cloridrato,424713,"424713 - Dobutamina Cloridrato, Concentração:50 MG/ML, Forma Farmaceutica:Solução Injetável"
5166,Dobutamina Cloridrato,307169,"307169 - Dobutamina Cloridrato, Dosagem:2 MG/ML, Forma Farmacêutica:Solução Injetável"
5166,Dobutamina Cloridrato,293657,"293657 - Dobutamina Cloridrato, Dosagem:1 MG/ML, Apresentação:Solução Injetável"
5166,Dobutamina Cloridrato,272190,"272190 - Dobutamina Cloridrato, Dosagem:25 MG/ML, Apresentação:Solução Injetável"
5166,Dobutamina Cloridrato,268446,"268446 - Dobutamina Cloridrato, Dosagem:12,5 MG/ML, Indicação:Injetável"
5168,Doxorrubicina Cloridrato,429928,"429928 - Doxorrubicina Cloridrato, Concentração:2 MG/ML, Forma Farmacêutica:Solução Injetável"
5168,Doxorrubicina Cloridrato,323260,"323260 - Doxorrubicina Cloridrato, Dosagem:2 MG/ML, Indicação:Injetável, Característica Adicionais:Lipossomal Peguilado"
5168,Doxorrubicina Cloridrato,268451,"268451 - Doxorrubicina Cloridrato, Dosagem:50 MG, Indicação:Injetável"
5168,Doxorrubicina Cloridrato,268450,"268450 - Doxorrubicina Cloridrato, Dosagem:10 MG, Indicação:Injetável"
5172,Esmolol Cloridrato,272194,"272194 - Esmolol Cloridrato, Dosagem:10 MG/ML, Indicação:Injetável"
5172,Esmolol Cloridrato,272193,"272193 - Esmolol Cloridrato, Dosagem:250 MG/ML, Indicação:Injetável"
5174,Etilefrina Cloridrato,272201,"272201 - Etilefrina Cloridrato, Composição:7,5mg/Ml, Apresentação:Solução Oral - Gotas"
5174,Etilefrina Cloridrato,272200,"272200 - Etilefrina Cloridrato, Composição:5mg"
5174,Etilefrina Cloridrato,272198,"272198 - Etilefrina Cloridrato, Composição:10mg/Ml, Apresentação:Injetável"
5178,Fenilefrina Cloridrato,456160,"456160 - Fenilefrina Cloridrato, Composição:Associado À Tropicamida, Concentraçao:2,5% + 0,5%, Forma Farmaceutica:Solução Oftálmica, Característica Adicional:Formulação Especialmente Manipulada"
5178,Fenilefrina Cloridrato,413648,"413648 - Fenilefrina Cloridrato, Concentraçao:25 MG/ML, Forma Farmaceutica:Solução Oftálmica, Característica Adicional:Formulação Especialmente Manipulada"
5178,Fenilefrina Cloridrato,393937,"393937 - Fenilefrina Cloridrato, Composição:Associada À Bronfeniramina, Concentraçao:1 Mg + 0,8 MG/ML, Forma Farmaceutica:Elixir"
5178,Fenilefrina Cloridrato,393936,"393936 - Fenilefrina Cloridrato, Composição:Associada À Bronfeniramina, Concentraçao:2,5mg + 2 MG/ML, Forma Farmaceutica:Solução Oral - Gotas"
5178,Fenilefrina Cloridrato,393935,"393935 - Fenilefrina Cloridrato, Composição:Associada À Bronfeniramina, Concentraçao:15 Mg + 12 MG, Forma Farmaceutica:Liberação Prolongada"
5178,Fenilefrina Cloridrato,319763,"319763 - Fenilefrina Cloridrato, Composição:Associada À Bronfeniramina, Dosagem:1mg + 0,4 MG/ML, Forma Farmacêutica:Xarope"
5178,Fenilefrina Cloridrato,274573,"274573 - Fenilefrina Cloridrato, Concentração:10mg/Ml, Indicação:Injetável"
5178,Fenilefrina Cloridrato,271792,"271792 - Fenilefrina Cloridrato, Apresentação:Associada Com Bronfeniramina, Concentração:5mg + 4mg"
5178,Fenilefrina Cloridrato,271790,"271790 - Fenilefrina Cloridrato, Concentração:10%, Indicação:Solução Oftálmica"
5186,Fexofenadina,389637,"389637 - Fexofenadina, Concentração:6 MG/ML, Forma Farmaceutica:Suspensão Oral"
5186,Fexofenadina,270799,"270799 - Fexofenadina, Dosagem:180mg"
5186,Fexofenadina,270798,"270798 - Fexofenadina, Dosagem:120mg"
5186,Fexofenadina,270796,"270796 - Fexofenadina, Composição:Associada À Pseudoefedrina, Dosagem:60mg + 120mg, Apresentação:Ação Prolongada"
5186,Fexofenadina,270795,"270795 - Fexofenadina, Dosagem:60mg"
5187,Rifabutina,381288,"381288 - Rifabutina, Concentração:150 MG"
5189,Gencitabina Cloridrato,270431,"270431 - Gencitabina Cloridrato, Dosagem:200mg, Tipo Uso:Injetável"
5189,Gencitabina Cloridrato,270430,"270430 - Gencitabina Cloridrato, Dosagem:1g, Tipo Uso:Injetável"
5190,Gonadorrelina,414766,"414766 - Gonadorrelina, Concentração:0,1 MG/ML, Forma Farmaceutica:Solução Injetável"
5191,Lisozima,311423,"311423 - Lisozima, Composição:Lactoferrina, Lactoperoxidase, Glicose Oxidase, Outros Componentes:C/ Xilitol, S/ Álcool E Sacarina, Forma Farmacêutica:Solução Bucal"
5191,Lisozima,310212,"310212 - Lisozima, Composição:+ Lactoferrina + Lactoperoxidase + Glicose Oxidase, Outros Componentes:C/ Xilitol, S/ Álcool E Sacarina, Forma Farmacêutica:Gel Umidificante Oral"
5191,Lisozima,272302,"272302 - Lisozima, Concentração:20mg/G, Uso:Pomada"
5195,Irinotecano Cloridrato,630392,"630392 - Irinotecano Cloridrato, Concentração:4,3 MG/ML, Forma Farmaceutica:Suspensão Injetável, Adicional:Liberação Prolongada"
5195,Irinotecano Cloridrato,294912,"294912 - Irinotecano Cloridrato, Dosagem:20 MG/ML, Forma Farmacêutica:Solução Injetável"
5197,Isotipendil Cloridrato,305238,"305238 - Isotipendil Cloridrato, Dosagem:7,5 MG/G, Forma Farmacêutica:Gel"
5199,Levobupivacaína Cloridrato,394026,"394026 - Levobupivacaína Cloridrato, Composição:Associada Com Epinefrina Bitartarato, Concentração:0,25% + 9,1mcg/Ml, Forma Farmacêutica:Solução Injetável"
5199,Levobupivacaína Cloridrato,305265,"305265 - Levobupivacaína Cloridrato, Composição:Associada Com Epinefrina Bitartarato, Concentração:0,75% + 9,1mcg/Ml, Forma Farmacêutica:Solução Injetável"
5199,Levobupivacaína Cloridrato,305264,"305264 - Levobupivacaína Cloridrato, Composição:Associada Com Epinefrina Bitartarato, Concentração:0,5% + 9,1mcg/Ml, Forma Farmacêutica:Solução Injetável"
5199,Levobupivacaína Cloridrato,288785,"288785 - Levobupivacaína Cloridrato, Dosagem:0,75% Sem Vasoconstritor, Apresentação:Injetável"
5199,Levobupivacaína Cloridrato,280627,"280627 - Levobupivacaína Cloridrato, Dosagem:0,25% S/Vasoconstritor, Apresentação:Injetável"
5199,Levobupivacaína Cloridrato,268472,"268472 - Levobupivacaína Cloridrato, Dosagem:0,5% Isobárica, Apresentação:Injetável"
5199,Levobupivacaína Cloridrato,268471,"268471 - Levobupivacaína Cloridrato, Dosagem:0,5% Sem Vasoconstritor, Apresentação:Injetável"
5200,Levomepromazina,268132,"268132 - Levomepromazina, Dosagem:5 MG/ML, Apresentação:Solução Injetável"
5200,Levomepromazina,268130,"268130 - Levomepromazina, Dosagem:40 MG/ML, Apresentação:Solução Oral"
5200,Levomepromazina,268129,"268129 - Levomepromazina, Dosagem:100 MG"
5200,Levomepromazina,268128,"268128 - Levomepromazina, Dosagem:25 MG"
5207,Desvenlafaxina,405899,"405899 - Desvenlafaxina, Composição:Sal Succinato, Concentração:100 MG, Forma Farmacêutica:Liberação Controlada"
5207,Desvenlafaxina,405898,"405898 - Desvenlafaxina, Composição:Sal Succinato, Concentração:50 MG, Forma Farmacêutica:Liberação Controlada"
5211,Minociclina Cloridrato,268163,"268163 - Minociclina Cloridrato, Dosagem:100 MG"
5212,Mitoxantrona Cloridrato,305293,"305293 - Mitoxantrona Cloridrato, Dosagem:2 Mg/Ml, Forma Farmacêutica:Solução Injetável"
5214,Nafazolina,395438,"395438 - Nafazolina, Composição:Associada À Mepiramina Maleato E D-Pantenol, Concentração:1 Mg + 0,2 Mg + 5 MG/ML, Forma Farmaceutica:Solução Nasal"
5214,Nafazolina,377417,"377417 - Nafazolina, Composição:Associada Ao Fenolssulfonato De Zinco, Concentração:0,525 Mg + 1,050 MG/ML, Forma Farmaceutica:Solução Oftálmica"
5214,Nafazolina,366914,"366914 - Nafazolina, Composição:Sal Cloridrato, Concentração:0,12 MG/ML, Forma Farmaceutica:Solução Oftálmica"
5214,Nafazolina,349403,"349403 - Nafazolina, Composição:Associada Ao Sulfato De Zinco, Ác. Bórico E Bórax, Concentração:0,15 Mg + 0,3 Mg + 15 Mg + 0,7 MG/ML, Forma Farmaceutica:Solução Oftálmica"
5214,Nafazolina,272411,"272411 - Nafazolina, Princípio Ativo:Assoc. Com Fenolsulfonato De Zinco E Berberina, Dosagem:0,5mg + 1mg + 0,025mg/Ml, Apresentação:Solução Oftálmica"
5214,Nafazolina,272410,"272410 - Nafazolina, Princípio Ativo:+ Acetonido De Fluocinolona,Neomicina E Sulf.Zinco, Dosagem:0,5mg + 0,25mg + 7mg + 4mg/Ml, Apresentação:Solução Oftálmica"
5214,Nafazolina,272408,"272408 - Nafazolina, Princípio Ativo:Associada Com Sulfato De Zinco, Dosagem:0,5mg + 2,5mg/Ml, Apresentação:Solução Oftálmica"
5214,Nafazolina,272407,"272407 - Nafazolina, Princípio Ativo:Associada Com Sulfato De Zinco, Dosagem:0,15mg + 0,3mg/Ml, Apresentação:Solução Oftálmica"
5214,Nafazolina,272406,"272406 - Nafazolina, Princípio Ativo:Associada Com Feniramina Maleato, Dosagem:0,25mg + 3mg/Ml, Apresentação:Solução Oftálmica"
5214,Nafazolina,272405,"272405 - Nafazolina, Princípio Ativo:Sal Nitrato, Dosagem:Solução 1:1000, Apresentação:Solução Nasal"
5214,Nafazolina,272402,"272402 - Nafazolina, Princípio Ativo:Associada So Cloreto De Benzalcônio, Dosagem:0,5mg + 0,1mg/Ml, Apresentação:Solução Nasal"
5214,Nafazolina,272401,"272401 - Nafazolina, Princípio Ativo:Associada Com Difenidramina, Dosagem:1mg + 0,5mg/Ml, Apresentação:Solução Nasal"
5214,Nafazolina,272400,"272400 - Nafazolina, Dosagem:0,5 MG/ML, Apresentação:Solução Nasal"
5216,Nalbufina Cloridrato,268501,"268501 - Nalbufina Cloridrato, Dosagem:10 MG/ML, Indicação:Solução Injetável"
5194,Imipramina,620668,"620668 - Imipramina, Composição:Associada À Fluoxetina E Topiramato, Concentração:50 Mg + 50 Mg + 50 MG, Adicional:Formulação Especialmente Manipulada"
5194,Imipramina,619091,"619091 - Imipramina, Concentração:5 MG/ML, Forma Farmacêutica:Solução Oral, Adicional:Formulação Especialmente Manipulada"
5194,Imipramina,396700,"396700 - Imipramina, Composição:Sal Pamoato, Concentração:150 MG"
5194,Imipramina,267294,"267294 - Imipramina, Princípio Ativo:Pamoato, Dosagem:75 MG"
5194,Imipramina,267293,"267293 - Imipramina, Princípio Ativo:Cloridrato, Dosagem:10 MG"
5194,Imipramina,267292,"267292 - Imipramina, Princípio Ativo:Cloridrato, Dosagem:25 MG"
5218,Naloxona Cloridrato,272326,"272326 - Naloxona Cloridrato, Dosagem:0,4 MG/ML, Apresentação:Solução Injetável"
5226,Petidina Cloridrato,272329,"272329 - Petidina Cloridrato, Dosagem:50 MG/ML, Apresentação:Solução Injetável"
5229,Prazosina Cloridrato,311639,"311639 - Prazosina Cloridrato, Dosagem:4 MG, Forma Farmacêutica:Liberação Lenta"
5229,Prazosina Cloridrato,311638,"311638 - Prazosina Cloridrato, Dosagem:2 MG, Forma Farmacêutica:Liberação Lenta"
5229,Prazosina Cloridrato,311637,"311637 - Prazosina Cloridrato, Dosagem:1 MG, Forma Farmacêutica:Liberação Lenta"
5231,Procaína Cloridrato,272358,"272358 - Procaína Cloridrato, Composição:Associada Com Fenol, Concentração:5% + 0,4%, Apresentação:Solução Otológica"
5235,Propranolol Cloridrato,630340,"630340 - Propranolol Cloridrato, Composição:Associado À Nortriptilina E Clonazepam, Concentração:40 Mg + 30 Mg + 2 MG, Característica Adicional:Formulação Especialmente Manipulada"
5235,Propranolol Cloridrato,627009,"627009 - Propranolol Cloridrato, Concentração:0,5 MG/ML, Forma Farmacêutica:Solução Oral, Característica Adicional:Formulação Especialmente Manipulada"
5235,Propranolol Cloridrato,600306,"600306 - Propranolol Cloridrato, Concentração:10 MG/ML, Forma Farmacêutica:Solução Oral, Característica Adicional:Formulação Especialmente Manipulada"
5235,Propranolol Cloridrato,465050,"465050 - Propranolol Cloridrato, Concentração:1 MG/ML, Forma Farmacêutica:Solução Oral, Característica Adicional:Formulação Especialmente Manipulada"
5235,Propranolol Cloridrato,367670,"367670 - Propranolol Cloridrato, Concentração:4 MG/ML, Forma Farmacêutica:Xarope, Característica Adicional:Formulação Especialmente Manipulada"
5235,Propranolol Cloridrato,348343,"348343 - Propranolol Cloridrato, Concentração:5 MG/ML, Forma Farmacêutica:Suspensão Oral, Característica Adicional:Formulação Especialmente Manipulada"
5235,Propranolol Cloridrato,292768,"292768 - Propranolol Cloridrato, Composição:Associado À Hidroclorotiazida, Concentração:80 Mg + 25 MG"
5235,Propranolol Cloridrato,292767,"292767 - Propranolol Cloridrato, Composição:Associado À Hidroclorotiazida, Concentração:80 Mg + 12,5 MG"
5235,Propranolol Cloridrato,292766,"292766 - Propranolol Cloridrato, Composição:Associado À Hidroclorotiazida, Concentração:80 Mg + 6,25 MG"
5235,Propranolol Cloridrato,292765,"292765 - Propranolol Cloridrato, Composição:Associado À Hidroclorotiazida, Concentração:40 Mg + 25 MG"
5235,Propranolol Cloridrato,292764,"292764 - Propranolol Cloridrato, Composição:Associado À Hidroclorotiazida, Concentração:40 Mg + 12,5 MG"
5235,Propranolol Cloridrato,292763,"292763 - Propranolol Cloridrato, Composição:Associado À Hidroclorotiazida, Concentração:40 Mg + 6,25 MG"
5235,Propranolol Cloridrato,273582,"273582 - Propranolol Cloridrato, Dosagem:1 MG/ML, Apresentação:Solução Injetável"
5235,Propranolol Cloridrato,267772,"267772 - Propranolol Cloridrato, Dosagem:40 MG"
5235,Propranolol Cloridrato,267771,"267771 - Propranolol Cloridrato, Dosagem:10 MG"
5235,Propranolol Cloridrato,267770,"267770 - Propranolol Cloridrato, Dosagem:80 MG"
5237,Protamina Cloridrato,272362,"272362 - Protamina Cloridrato, Concentração:1%, Apresentação:Solução Injetável"
5241,Ropivacaína Cloridrato,269470,"269470 - Ropivacaína Cloridrato, Dosagem:0,75%, Apresentação:Solução Injetável"
5241,Ropivacaína Cloridrato,269469,"269469 - Ropivacaína Cloridrato, Dosagem:0,2%, Apresentação:Solução Injetável"
5241,Ropivacaína Cloridrato,269468,"269468 - Ropivacaína Cloridrato, Dosagem:1%, Apresentação:Solução Injetável"
5251,Tioridazina Cloridrato,449028,"449028 - Tioridazina Cloridrato, Concentraçao:30 MG/ML, Forma Farmaceutica:Solução Oral"
5251,Tioridazina Cloridrato,448642,"448642 - Tioridazina Cloridrato, Concentraçao:200 MG, Características Adicionais 1:Liberação Prolongada"
5251,Tioridazina Cloridrato,273598,"273598 - Tioridazina Cloridrato, Concentração:10 MG"
5251,Tioridazina Cloridrato,273597,"273597 - Tioridazina Cloridrato, Concentração:25 MG"
5251,Tioridazina Cloridrato,272367,"272367 - Tioridazina Cloridrato, Concentração:100 MG"
5251,Tioridazina Cloridrato,272366,"272366 - Tioridazina Cloridrato, Concentração:50 MG"
5255,Triexifenidil,399065,"399065 - Triexifenidil, Composição:Sal Cloridrato, Concentração:2 MG"
5255,Triexifenidil,272852,"272852 - Triexifenidil, Dosagem:5 MG"
30364,Tiotepa,631120,"631120 - Tiotepa, Concentração:15 MG, Forma Farmacêutica:Pó Liófilo P/ Injetável"
5223,Oximetazolina Cloridrato,271648,"271648 - Oximetazolina Cloridrato, Dosagem:25 MG/ML, Apresentação:Solução Oftálmica"
5223,Oximetazolina Cloridrato,271647,"271647 - Oximetazolina Cloridrato, Dosagem:0,25 MG/ML, Apresentação:Solução Nasal Pediátrica, Uso:Gotas"
5223,Oximetazolina Cloridrato,271646,"271646 - Oximetazolina Cloridrato, Dosagem:0,50 MG/ML, Apresentação:Solução Nasal Adulto, Uso:Frasco Nebulizador"
5223,Oximetazolina Cloridrato,271645,"271645 - Oximetazolina Cloridrato, Dosagem:0,50 MG/ML, Apresentação:Solução Nasal Adulto, Uso:Gotas"
5254,Tramadol Cloridrato,309443,"309443 - Tramadol Cloridrato, Dosagem:200 MG"
5254,Tramadol Cloridrato,309442,"309442 - Tramadol Cloridrato, Dosagem:150 MG"
5254,Tramadol Cloridrato,309441,"309441 - Tramadol Cloridrato, Dosagem:100 MG"
5254,Tramadol Cloridrato,309440,"309440 - Tramadol Cloridrato, Dosagem:75 MG"
5254,Tramadol Cloridrato,309439,"309439 - Tramadol Cloridrato, Dosagem:200 MG, Forma Farmacêutica:Liberação Lenta"
5254,Tramadol Cloridrato,309438,"309438 - Tramadol Cloridrato, Dosagem:150 MG, Forma Farmacêutica:Liberação Lenta"
5254,Tramadol Cloridrato,309437,"309437 - Tramadol Cloridrato, Dosagem:100 MG, Forma Farmacêutica:Liberação Lenta"
5254,Tramadol Cloridrato,309436,"309436 - Tramadol Cloridrato, Dosagem:50 MG, Forma Farmacêutica:Liberação Lenta"
5254,Tramadol Cloridrato,292382,"292382 - Tramadol Cloridrato, Dosagem:50 MG/ML, Forma Farmacêutica:Solução Injetável"
5254,Tramadol Cloridrato,292380,"292380 - Tramadol Cloridrato, Dosagem:100 MG/ML, Forma Farmacêutica:Solução Oral- Gotas"
5254,Tramadol Cloridrato,292379,"292379 - Tramadol Cloridrato, Dosagem:50 MG/ML, Forma Farmacêutica:Solução Oral- Gotas"
5254,Tramadol Cloridrato,272122,"272122 - Tramadol Cloridrato, Dosagem:100 MG, Uso:Uso Retal"
5254,Tramadol Cloridrato,268534,"268534 - Tramadol Cloridrato, Dosagem:50 MG"
5238,Proximetacaína Cloridrato,269571,"269571 - Proximetacaína Cloridrato, Dosagem:0,5%, Indicação:Colírio"
5222,Oxibutinina Cloridrato,619655,"619655 - Oxibutinina Cloridrato, Concentração:2 MG/ML, Forma Farmaceutica:Solução Injetável Intravesical, Característica Adicional:Formulação Especialmente Manipulada"
5222,Oxibutinina Cloridrato,619633,"619633 - Oxibutinina Cloridrato, Concentração:1 MG/ML, Forma Farmaceutica:Solução Injetável Intravesical, Característica Adicional:Formulação Especialmente Manipulada"
5222,Oxibutinina Cloridrato,406015,"406015 - Oxibutinina Cloridrato, Concentração:1 MG/ML, Forma Farmaceutica:Solução Oral, Característica Adicional:Formulação Especialmente Manipulada"
5222,Oxibutinina Cloridrato,365444,"365444 - Oxibutinina Cloridrato, Concentração:5 MG, Forma Farmaceutica:Uso Retal"
5222,Oxibutinina Cloridrato,365443,"365443 - Oxibutinina Cloridrato, Concentração:1 MG/ML, Forma Farmaceutica:Solução Injetável"
5222,Oxibutinina Cloridrato,365442,"365442 - Oxibutinina Cloridrato, Concentração:0,5 MG/ML, Forma Farmaceutica:Solução Injetável"
5222,Oxibutinina Cloridrato,365441,"365441 - Oxibutinina Cloridrato, Concentração:10 MG, Forma Farmaceutica:Liberação Controlada"
5222,Oxibutinina Cloridrato,365440,"365440 - Oxibutinina Cloridrato, Concentração:5 MG, Forma Farmaceutica:Liberação Controlada"
5222,Oxibutinina Cloridrato,272328,"272328 - Oxibutinina Cloridrato, Dosagem:1 MG/ML, Tipo Medicamento:Xarope"
5222,Oxibutinina Cloridrato,272327,"272327 - Oxibutinina Cloridrato, Dosagem:5 MG"
5264,Panitumumabe,403033,"403033 - Panitumumabe, Concentração:20 MG/ML, Forma Farmacêutica:Solução Injetável"
5272,Cloroquina,630342,"630342 - Cloroquina, Composição:Vit. B1, Aceclofenaco, Akba, Composição Adicional:Esomeprazol, Furosemida, Deflazacorte, Concentração:100 Mg + 100 Mg + 80 MG, Concentração Adicional:50 Mg + 20 Mg + 6 Mg + 3,6 MG, Adicional:Formulação Especialmente Manipulada"
5272,Cloroquina,470254,"470254 - Cloroquina, Concentração:500 MG, Adicional:Formulação Especialmente Manipulada"
5272,Cloroquina,469786,"469786 - Cloroquina, Concentração:450 MG, Adicional:Formulação Especialmente Manipulada"
5272,Cloroquina,272780,"272780 - Cloroquina, Dosagem:150 MG"
5272,Cloroquina,272419,"272419 - Cloroquina, Dosagem:50 MG/ML, Tipo Medicamento:Solução Injetável"
5272,Cloroquina,272417,"272417 - Cloroquina, Dosagem:250 MG"
5275,Clorpromazina,340207,"340207 - Clorpromazina, Concentração:40 MG/ML, Forma Farmaceutica:Solução Oral - Gotas"
5275,Clorpromazina,268069,"268069 - Clorpromazina, Dosagem:5 MG/ML, Apresentação:Solução Injetável"
5275,Clorpromazina,267638,"267638 - Clorpromazina, Dosagem:100 MG"
5275,Clorpromazina,267635,"267635 - Clorpromazina, Dosagem:25 Mg"
5276,Clorpropamida,267641,"267641 - Clorpropamida, Dosagem:250 Mg"
5277,Clortalidona,274808,"274808 - Clortalidona, Dosagem:12,5 MG"
5277,Clortalidona,274497,"274497 - Clortalidona, Dosagem:25 MG"
5277,Clortalidona,272420,"272420 - Clortalidona, Dosagem:50 MG"
5278,Bilastina,485176,"485176 - Bilastina, Concentração:2,5 MG/ML, Forma Farmacêutica:Solução Oral"
5278,Bilastina,412840,"412840 - Bilastina, Concentração:20 MG"
5279,Clotrimazol,313186,"313186 - Clotrimazol, Apresentação:Associado Com Dexametasona Acetato, Dosagem:10 Mg + 0,4 MG/G, Forma Farmacêutica:Creme"
5279,Clotrimazol,272427,"272427 - Clotrimazol, Dosagem:10 MG/ML, Uso:Solução Tópica"
5279,Clotrimazol,272426,"272426 - Clotrimazol, Dosagem:20 MG/G, Uso:Creme Vaginal"
5279,Clotrimazol,272425,"272425 - Clotrimazol, Dosagem:10 MG/ML, Uso:Aerossol Tópico"
5279,Clotrimazol,272424,"272424 - Clotrimazol, Dosagem:10 MG/G, Uso:Creme Vaginal"
5279,Clotrimazol,272423,"272423 - Clotrimazol, Dosagem:10 MG/G, Uso:Creme"
5281,Cloxazolam,286631,"286631 - Cloxazolam, Dosagem:4 MG"
5281,Cloxazolam,267527,"267527 - Cloxazolam, Dosagem:2 MG"
5281,Cloxazolam,267526,"267526 - Cloxazolam, Dosagem:1 MG"
5284,Adapaleno,436603,"436603 - Adapaleno, Concentração:1 MG/G, Forma Farmacêutica:Gel"
5284,Adapaleno,389710,"389710 - Adapaleno, Concentração:3 MG/G, Forma Farmaceutica:Gel"
5331,Colagenase,396667,"396667 - Colagenase, Composição:Associada Ao Cloranfenicol, Concentraçao:0,3 Ui + 50 MG, Forma Farmaceutica:Óvulo Vaginal, Característica Adicional:C/ Dedeiras"
5331,Colagenase,270495,"270495 - Colagenase, Apresentação:Associada Com Cloranfenicol, Concentração:0,6ui + 1%, Uso:Pomada"
5331,Colagenase,270494,"270494 - Colagenase, Apresentação:Associada Com Cloranfenicol, Concentração:0,6ui + 1%, Uso:Pomada Vaginal + Aplicadores"
5331,Colagenase,268959,"268959 - Colagenase, Concentração:1,2ui/G, Uso:Pomada"
5331,Colagenase,268958,"268958 - Colagenase, Concentração:0,6ui/G, Uso:Pomada"
5340,Colchicina,284428,"284428 - Colchicina, Dosagem:1 MG"
5340,Colchicina,267642,"267642 - Colchicina, Dosagem:0,5 MG"
5366,Colódio Elástico,280206,"280206 - Colódio Elástico, Composição:Comp.: Cânfora 2%, Óleo De Rícino 3% E Colódio Qsp"
5402,Complexo Osseína Hidroxiapatita,367700,"367700 - Complexo Osseína Hidroxiapatita, Concentração:100 MG/G, Forma Farmacêutica:Granulado"
5402,Complexo Osseína Hidroxiapatita,367699,"367699 - Complexo Osseína Hidroxiapatita, Concentração:800 MG"
5402,Complexo Osseína Hidroxiapatita,367698,"367698 - Complexo Osseína Hidroxiapatita, Concentração:200 MG"
30463,Treprostinila,640676,"640676 - Treprostinila, Concentração:0,6 MG/ML, Forma Farmacêutica:Solução Inalatória Oral, Adicional:Com Inalador"
30463,Treprostinila,640675,"640675 - Treprostinila, Concentração:0,6 MG/ML, Forma Farmacêutica:Solução Inalatória Oral"
5400,Zinco,637277,"637277 - Zinco, Concentração:4 MG/ML, Forma Farmacêutica:Solução Oral"
5400,Zinco,612738,"612738 - Zinco, Concentração:5 MG/ML, Forma Farmacêutica:Suspensão Oral"
5400,Zinco,472724,"472724 - Zinco, Composição:Acetato, Associado Ao Sulfato De Cobre, Concentração:2 Mg/Ml + 0,2 MG/ML, Forma Farmacêutica:Xarope, Característica Adicional:Formulação Especialmente Manipulada"
5400,Zinco,465088,"465088 - Zinco, Composição:Sob A Forma De Piritionato, Concentração:1%, Forma Farmacêutica:Xampu, Característica Adicional:Formulação Especialmente Manipulada"
5400,Zinco,428674,"428674 - Zinco, Composição:Sob A Forma De Glicina Zinco Quelado, Concentração:5 MG/ML, Forma Farmacêutica:Solução Oral Em Base De Xarope Simples, Característica Adicional:Formulação Especialmente Manipulada"
5400,Zinco,420474,"420474 - Zinco, Composição:Sob A Forma De Glicina Zinco Quelado, Concentração:2 MG/ML, Forma Farmacêutica:Solução Oral Em Base De Xarope Simples, Característica Adicional:Formulação Especialmente Manipulada"
5400,Zinco,387453,"387453 - Zinco, Composição:Sob A Forma De Glicina Zinco Quelado, Concentração:1 MG/ML, Forma Farmacêutica:Solução Oral Em Base De Xarope Simples, Característica Adicional:Formulação Especialmente Manipulada"
5525,Concentrado De Fator De Coagulação,624456,"624456 - Concentrado De Fator De Coagulação, Fator:Fator Ix Recombinante, Forma Farmacêutica:Pó Lóifilo P/ Injetável + Diluente"
5525,Concentrado De Fator De Coagulação,482290,"482290 - Concentrado De Fator De Coagulação, Fator:Fator X, Forma Farmacêutica:Pó Liófilo P/ Injetável"
5525,Concentrado De Fator De Coagulação,450538,"450538 - Concentrado De Fator De Coagulação, Fator:Fator Von Willebrand Associado Ao Fator Viii, Forma Farmacêutica:Pó Liófilo P/ Injetável"
5525,Concentrado De Fator De Coagulação,450529,"450529 - Concentrado De Fator De Coagulação, Fator:Fator Ix, Forma Farmacêutica:Pó Liófilo P/ Injetável"
5525,Concentrado De Fator De Coagulação,450528,"450528 - Concentrado De Fator De Coagulação, Fator:Fator Viii, Forma Farmacêutica:Pó Liófilo P/ Injetável"
5525,Concentrado De Fator De Coagulação,449221,"449221 - Concentrado De Fator De Coagulação, Fator:Fator Xiii, Concentração:250 UI, Forma Farmaceutica:Pó Lóifilo P/ Injetável + Diluente"
5525,Concentrado De Fator De Coagulação,429217,"429217 - Concentrado De Fator De Coagulação, Fator:Fator Viii Associado Ao Fator De Von Willerbrand, Forma Farmacêutica:Pó Liófilo P/ Injetável, Concentração:1000 UI"
5525,Concentrado De Fator De Coagulação,429216,"429216 - Concentrado De Fator De Coagulação, Fator:Fator Viii Associado Ao Fator De Von Willerbrand, Forma Farmacêutica:Pó Liófilo P/ Injetável, Concentração:500 UI"
5525,Concentrado De Fator De Coagulação,429215,"429215 - Concentrado De Fator De Coagulação, Fator:Fator Viii Associado Ao Fator De Von Willerbrand, Forma Farmacêutica:Pó Liófilo P/ Injetável, Concentração:250 UI"
5525,Concentrado De Fator De Coagulação,394682,"394682 - Concentrado De Fator De Coagulação, Fator:Fator I (Fibrinogênio), Concentração:2 G, Forma Farmaceutica:Pó Liófilo P/ Injetável"
5525,Concentrado De Fator De Coagulação,394681,"394681 - Concentrado De Fator De Coagulação, Fator:Fator I (Fibrinogênio), Concentração:1 G, Forma Farmaceutica:Pó Liófilo P/ Injetável"
5525,Concentrado De Fator De Coagulação,390598,"390598 - Concentrado De Fator De Coagulação, Fator:Fator Viii Recombinante, Forma Farmacêutica:Pó Liófilo P/ Injetável"
5525,Concentrado De Fator De Coagulação,308804,"308804 - Concentrado De Fator De Coagulação, Fator:Fator Vii Ativado Recombinante, Forma Farmacêutica:Pó Liófilo P/ Injetável"
5633,Rasagilina,389779,"389779 - Rasagilina, Concentração:1 MG"
5804,Contraste Radiológico,616934,"616934 - Contraste Radiológico, Tipo:Dispersão De Microbolhas, Composição:À Base De Hexafluoreto De Enxofre, Concentração:8 Mcl/Ml, Forma Farmacêutica:Pó Liófilo P/ Injetável + Diluente"
5804,Contraste Radiológico,607829,"607829 - Contraste Radiológico, Composição:À Base De Iomeprol, Concentração:612,4 MG/ML, Forma Farmacêutica:Solução Injetável"
5804,Contraste Radiológico,471296,"471296 - Contraste Radiológico, Tipo:Não Iônico, Composição:À Base De Gadobutrol, Concentração:604,72 Mg/Ml Ou Equivalente A 1 Mmol/Ml, Forma Farmacêutica:Solução Injetável"
5804,Contraste Radiológico,466083,"466083 - Contraste Radiológico, Tipo:Não Iônico, Composição:À Base De Ioversol, Concentração:240 Mg De Iodo/Ml, Forma Farmacêutica:Solução Injetável"
5804,Contraste Radiológico,461986,"461986 - Contraste Radiológico, Tipo:Gasoso, Composição:À Base De Hexafluoreto De Sódio, Concentração:8 Mcl/Ml, Forma Farmacêutica:Pó Liófilo P/ Injetável + Diluente"
5804,Contraste Radiológico,448848,"448848 - Contraste Radiológico, Composição:À Base De Sulfato De Bário, Concentração:100%, Forma Farmacêutica:Suspensão Oral"
5804,Contraste Radiológico,446297,"446297 - Contraste Radiológico, Tipo:Não Iônico, Composição:À Base De Gadolínio, Concentração:0,5 Mmol/Ml, Forma Farmacêutica:Solução Injetável"
5804,Contraste Radiológico,443579,"443579 - Contraste Radiológico, Tipo:Não Iônico, Concentração:300 A 320 Mg De Iodo/Ml, Forma Farmacêutica:Solução Injetável"
5804,Contraste Radiológico,442650,"442650 - Contraste Radiológico, Tipo:Não Iônico, Composição:À Base De Iopamidol, Concentração:612 MG/ML, Forma Farmacêutica:Solução Injetável"
5804,Contraste Radiológico,436384,"436384 - Contraste Radiológico, Composição:À Base De Gadoteridol, Concentração:279,3 MG/ML, Forma Farmacêutica:Solução Injetável"
5804,Contraste Radiológico,434999,"434999 - Contraste Radiológico, Tipo:Não Iônico, Composição:À Base De Ioversol, Concentração:320mg De Iodo/Ml, Forma Farmacêutica:Solução Injetável"
5804,Contraste Radiológico,434998,"434998 - Contraste Radiológico, Tipo:Não Iônico, Composição:À Base De Ioversol, Concentração:350mg De Iodo/Ml, Forma Farmacêutica:Solução Injetável"
5804,Contraste Radiológico,426947,"426947 - Contraste Radiológico, Composição:À Base De Gadoxetato Dissódico, Concentração:0,25 Mmol/Ml, Forma Farmacêutica:Solução Injetável"
5804,Contraste Radiológico,394913,"394913 - Contraste Radiológico, Composição:À Base De Ácido Gadotérico, Concentração:0,5 Mmol/Ml, Forma Farmacêutica:Solução Injetável"
5804,Contraste Radiológico,393389,"393389 - Contraste Radiológico, Tipo:Não Iônico, Composição:À Base De Iopramida, Concentração:623,40 MG/ML, Forma Farmacêutica:Solução Injetável"
5804,Contraste Radiológico,369218,"369218 - Contraste Radiológico, Tipo:Iônico, Alta Osmolaridade, Composição:À Base De Iotalamato De Meglumina, Concentração:60%, Forma Farmacêutica:Solução Injetável"
5804,Contraste Radiológico,369093,"369093 - Contraste Radiológico, Tipo:Não Iônico De Baixa Osmolaridade, Composição:A Base De Gadoversetamida, Concentração:330,9 Mg/Ml, Forma Farmacêutica:Solução Injetável"
5804,Contraste Radiológico,364660,"364660 - Contraste Radiológico, Tipo:Iônico, Alta Osmolaridade, Composição:À Base De Ioxitalamato De Meglumina, Concentração:300mg De Iodo/Ml, Forma Farmacêutica:Solução Injetável"
5804,Contraste Radiológico,356170,"356170 - Contraste Radiológico, Composição:À Base De Sulfato De Bário, Concentração:66,7%, Forma Farmacêutica:Suspensão, Característica Adicional:P/Administração Oral E/Ou Retal"
5804,Contraste Radiológico,342903,"342903 - Contraste Radiológico, Tipo:Não Iônico De Baixa Osmolaridade, Concentração:350 A 370 Mg De Iodo/Ml, Forma Farmacêutica:Solução Injetável"
5804,Contraste Radiológico,339609,"339609 - Contraste Radiológico, Tipo:Iônico, Alta Osmolaridade, Composição:À Base De Meglumina E Sódio, Concentração:Mínimo De 250mg De Iodo/Ml, Forma Farmacêutica:Solução Injetável"
5804,Contraste Radiológico,338265,"338265 - Contraste Radiológico, Tipo:Não Iônico, Composição:À Base De Iodixanol, Concentração:270 Mg/Ml De Iodo, Forma Farmacêutica:Solução Injetável"
5804,Contraste Radiológico,338264,"338264 - Contraste Radiológico, Tipo:Não Iônico, Composição:À Base De Iodixanol, Concentração:320 Mg/Ml De Iodo, Forma Farmacêutica:Solução Injetável"
5804,Contraste Radiológico,328922,"328922 - Contraste Radiológico, Tipo:Não Iônico, Composição:À Base De Iopamidol, Concentração:370mg De Iodo/Ml, Forma Farmacêutica:Solução Injetável"
5804,Contraste Radiológico,316335,"316335 - Contraste Radiológico, Tipo:Não Iônico, Composição:À Base De Iohexol, Concentração:350mg De Iodo/Ml, Forma Farmacêutica:Solução Injetável"
5804,Contraste Radiológico,316334,"316334 - Contraste Radiológico, Tipo:Não Iônico, Composição:À Base De Iohexol, Concentração:300mg De Iodo/Ml, Forma Farmacêutica:Solução Injetável"
5804,Contraste Radiológico,316083,"316083 - Contraste Radiológico, Tipo:Iônico, Alta Osmolaridade, Concentração:Mínimo De 300mg De Iodo/Ml, Forma Farmacêutica:Solução Injetável"
5804,Contraste Radiológico,310452,"310452 - Contraste Radiológico, Composição:À Base De Óleo De Papoula Iodado, Concentração:A 38% P/P, Com 480 Mg/Ml De Iodo, Forma Farmacêutica:Solução Injetável"
5804,Contraste Radiológico,307738,"307738 - Contraste Radiológico, Composição:À Base De Amidotrizoato De Meglumina E Sódio, Concentração:60%, Forma Farmacêutica:Solução Injetável"
5804,Contraste Radiológico,307491,"307491 - Contraste Radiológico, Tipo:Iônico, Composição:À Base De Amidotrizoato Sódico + Meglumínico, Concentração:10% + 66%, Forma Farmacêutica:Solução Injetável"
5804,Contraste Radiológico,306509,"306509 - Contraste Radiológico, Composição:À Base De Ioxitalamato De Meglumina, Concentração:66% + Com 300mg De Iodo/Ml, Forma Farmacêutica:Solução Injetável"
5804,Contraste Radiológico,305236,"305236 - Contraste Radiológico, Composição:À Base De Iopamidol, Concentração:300mg De Iodo/Ml, Forma Farmacêutica:Solução Injetável"
5804,Contraste Radiológico,301609,"301609 - Contraste Radiológico, Composição:À Base De Gadolínio E Meglumina, Concentração:469 Mg/Ml, Forma Farmacêutica:Solução Injetável"
5804,Contraste Radiológico,300906,"300906 - Contraste Radiológico, Tipo:Iônico, Composição:À Base De Diatrizoato De Meglumina, Concentração:60%, Forma Farmacêutica:Solução Injetável"
5804,Contraste Radiológico,298616,"298616 - Contraste Radiológico, Tipo:Iônico, Alta Osmolaridade, Composição:À Base De Meglumina E Sódio, Concentração:350mg De Iodo/Ml, Forma Farmacêutica:Solução Injetável"
5804,Contraste Radiológico,296928,"296928 - Contraste Radiológico, Tipo:Iônico, Composição:À Base De Meglumina E Sódio, Concentração:66% + 10% Com 370mg De Iodo/Ml, Forma Farmacêutica:Solução Injetável"
5804,Contraste Radiológico,291157,"291157 - Contraste Radiológico, Apresentação:À Base De Sulfato De Bário, Dosagem:2,1%, Caracteristicas Adicionais:Administração Via Oral E/Ou Retal, Aplicação:P/ Uso Em Tc"
5804,Contraste Radiológico,291152,"291152 - Contraste Radiológico, Apresentação:À Base De Sulfato De Bário, Caracteristicas Adicionais:Administração Via Oral E/Ou Retal, Tipo:Já Diluído, Aplicação:P/ Uso Em Tc"
5804,Contraste Radiológico,290950,"290950 - Contraste Radiológico, Apresentação:À Base De Ioversol, Dosagem:320 Mg De Iodo/Ml, Tipo:Não Iônico, Aplicação:Solução Injetável"
5804,Contraste Radiológico,276671,"276671 - Contraste Radiológico, Apresentação:A Base De Ioxitalamato De Meglumina + Polividona, Dosagem:55% + 14%, Caracteristicas Adicionais:Injetável"
5804,Contraste Radiológico,276670,"276670 - Contraste Radiológico, Apresentação:À Base De Ioxitalamato De Meglumina E Sódio, Dosagem:350mg De Iodo/Ml, Caracteristicas Adicionais:Injetável"
5804,Contraste Radiológico,276668,"276668 - Contraste Radiológico, Apresentação:À Base De Ioxaglato De Meglumina E Sódio, Dosagem:59% Com 320mg De Iodo/Ml, Caracteristicas Adicionais:Injetável"
5804,Contraste Radiológico,276665,"276665 - Contraste Radiológico, Apresentação:À Base De Iobitridol, Dosagem:76,78% Com 350mg De Iodo/Ml, Caracteristicas Adicionais:Injetável"
5804,Contraste Radiológico,276664,"276664 - Contraste Radiológico, Apresentação:À Base De Iobitridol, Dosagem:65,81% Com 300mg De Iodo/Ml, Caracteristicas Adicionais:Injetável"
5804,Contraste Radiológico,268466,"268466 - Contraste Radiológico, Apresentação:Não Iônico De Baixa Osmolaridade, Dosagem:Mínimo De 300mg/Ml De Iodo, Caracteristicas Adicionais:Injetável"
6006,Cumarina,296647,"296647 - Cumarina, Composição:Associada Com Troxerrutina, Concentração:15 Mg + 90 MG"
6030,Dacarbazina,422363,"422363 - Dacarbazina, Concentração:600 MG, Forma Farmacêutica:Pó Liófilo P/ Injetável"
6030,Dacarbazina,270438,"270438 - Dacarbazina, Concentração:200 MG, Uso:Injetável"
6030,Dacarbazina,270437,"270437 - Dacarbazina, Concentração:100 MG, Uso:Injetável"
6032,Dactinomicina,338413,"338413 - Dactinomicina, Concentração:0,5 MG, Forma Farmaceutica:Pó Liófilo P/ Injetável"
6034,Danazol,272473,"272473 - Danazol, Dosagem:100 MG"
6034,Danazol,272472,"272472 - Danazol, Dosagem:200 MG"
6034,Danazol,272471,"272471 - Danazol, Dosagem:50 MG"
6035,Dapsona ( Dds ),477910,"477910 - Dapsona ( Dds ), Concentração:100 MG, Adicional:Formulação Especialmente Manipulada"
6035,Dapsona ( Dds ),466985,"466985 - Dapsona ( Dds ), Concentração:6 MG/ML, Forma Farmacêutica:Solução Oral, Adicional:Formulação Especialmente Manipulada"
6035,Dapsona ( Dds ),394855,"394855 - Dapsona ( Dds ), Concentração:50 MG"
6035,Dapsona ( Dds ),272476,"272476 - Dapsona ( Dds ), Dosagem:100 MG"
6037,Daunorrubicina,270377,"270377 - Daunorrubicina, Dosagem:20 Mg, Apresentação:Injetável"
6050,Deflazacorte,273272,"273272 - Deflazacorte, Concentração:22,75 MG/ML, Apresentação:Solução Oral - Gotas"
6050,Deflazacorte,273150,"273150 - Deflazacorte, Concentração:30 MG"
6050,Deflazacorte,273149,"273149 - Deflazacorte, Concentração:7,5 MG"
6050,Deflazacorte,273148,"273148 - Deflazacorte, Concentração:6 MG"
6056,Deltametrina,288637,"288637 - Deltametrina, Concentração:0,3 MG/G, Indicação:Sabonete"
6056,Deltametrina,268242,"268242 - Deltametrina, Indicação:0,2mg/Ml Shampoo"
6056,Deltametrina,268241,"268241 - Deltametrina, Indicação:0,2mg/Ml Loção"
6078,Piridoxina,600730,"600730 - Piridoxina, Composição:Associado À Glutamina, Cálcio E Dietilamina, Concentração:20 Mg + 200 Mg + 250 Mg + 6 MG"
6078,Piridoxina,477912,"477912 - Piridoxina, Composição:Cloridrato, Concentração:100 MG, Adicional:Formulação Especialmente Manipulada"
6078,Piridoxina,477911,"477911 - Piridoxina, Composição:Cloridrato, Concentração:40 MG, Adicional:Formulação Especialmente Manipulada"
6078,Piridoxina,448587,"448587 - Piridoxina, Composição:Cloridrato, Associada Ao Ácido Fólico E Vit B12, Concentração:4 Mg + 0,8 Mg + 0,4 MG"
6078,Piridoxina,448586,"448586 - Piridoxina, Composição:Cloridrato, Associada À Tiamina, Concentração:80 Mg + 30 MG"
6078,Piridoxina,448585,"448585 - Piridoxina, Composição:Cloridrato, Concentração:300 MG"
6078,Piridoxina,448584,"448584 - Piridoxina, Composição:Cloridrato, Concentração:100 MG"
6078,Piridoxina,448583,"448583 - Piridoxina, Composição:Cloridrato, Concentração:50 MG"
6078,Piridoxina,448582,"448582 - Piridoxina, Composição:Cloridrato, Concentração:40 MG"
6078,Piridoxina,432140,"432140 - Piridoxina, Composição:Pidolato, Concentração:500 MG"
6057,Desogestrel,606590,"606590 - Desogestrel, Composição:Associado Ao Etinilestradiol + Etinilestradiol, Concentração:150 Mcg + 20 Mcg / 10 MCG"
6057,Desogestrel,442718,"442718 - Desogestrel, Composição:Associado Ao Etinilestradiol, Concentração:150 Mcg + 20 MCG"
6057,Desogestrel,393331,"393331 - Desogestrel, Composição:Associado Ao Etinilestradiol, Concentração:150 Mcg + 30 MCG"
6057,Desogestrel,356701,"356701 - Desogestrel, Concentração:75 MCG"
6102,Deslanósido,276283,"276283 - Deslanósido, Dosagem:0,2 Mg/Ml, Apresentação:Solução Injetável"
6106,Desmopressina Acetato,320796,"320796 - Desmopressina Acetato, Dosagem:15 MCG/ML, Forma Farmacêutica:Solução Injetável"
6106,Desmopressina Acetato,268575,"268575 - Desmopressina Acetato, Dosagem:4 MCG/ML, Apresentação:Solução Injetável"
6106,Desmopressina Acetato,268573,"268573 - Desmopressina Acetato, Dosagem:0,1 MG"
6106,Desmopressina Acetato,268572,"268572 - Desmopressina Acetato, Dosagem:0,2 MG"
6106,Desmopressina Acetato,268074,"268074 - Desmopressina Acetato, Dosagem:0,1 MG/ML, Apresentação:Solução Nasal"
6112,Desoximetasona,396730,"396730 - Desoximetasona, Concentração:2,5 MG/G, Forma Farmacêutica:Pomada"
6112,Desoximetasona,299196,"299196 - Desoximetasona, Composição:Associado Com Neomicina Sulfato, Concentração:2,5 Mg + 7,145 MG/G, Forma Farmacêutica:Pomada"
6145,Ioimbina,431469,"431469 - Ioimbina, Composição:Sal Cloridrato, Concentração:5,4 MG"
6147,Lisina,469556,"469556 - Lisina, Composição:L-Lisina, Concentração:500 MG/ML, Forma Farmacêutica:Solução Injetável, Adicional:Formulação Especialmente Manipulada"
6147,Lisina,452041,"452041 - Lisina, Concentração:400 MG"
6147,Lisina,429151,"429151 - Lisina, Composição:Assoc.Ao Ác.Gamaminobutírico, Vit. B6, Vit. B1, Outros Componentes:Pantotenato De Cálcio, Concentração:50 Mg + 50 Mg + 4 Mg + 2 Mg + 4 MG"
6150,Dextrana,396741,"396741 - Dextrana, Composição:Dextrana 70 Associada À Hipromelose, Concentração:0,1% + 0,3%, Forma Farmaceutica:Solução Oftálmica"
6144,Mercaptamina,613704,"613704 - Mercaptamina, Concentração:3,8 MG/ML, Forma Farmacêutica:Solução Oftálmica"
6144,Mercaptamina,433686,"433686 - Mercaptamina, Concentração:25 MG"
6144,Mercaptamina,433036,"433036 - Mercaptamina, Composição:Sal Bitartarato, Concentração:75 MG"
6144,Mercaptamina,424099,"424099 - Mercaptamina, Concentração:5,5 MG/ML, Forma Farmacêutica:Solução Oftálmica"
6144,Mercaptamina,384297,"384297 - Mercaptamina, Concentração:5 MG/ML, Forma Farmacêutica:Solução Oftálmica, Característica Adicional:Formulação Especialmente Manipulada"
6144,Mercaptamina,381073,"381073 - Mercaptamina, Composição:Sal Bitartarato, Concentração:150 MG"
6144,Mercaptamina,356705,"356705 - Mercaptamina, Composição:Sal Bitartarato, Concentração:50 MG"
6111,Desonida,620110,"620110 - Desonida, Composição:Associado À Aveia Coloidal, Concentração:0,5 Mg/Ml + 50 MG/ML, Forma Farmaceutica:Loção Cremosa, Adicional:Formulação Especialmente Manipulada"
6111,Desonida,287535,"287535 - Desonida, Dosagem:0,1%, Forma Farmacêutica:Loção Capilar"
6111,Desonida,287534,"287534 - Desonida, Dosagem:0,1%, Forma Farmacêutica:Creme"
6111,Desonida,287532,"287532 - Desonida, Dosagem:0,05%, Forma Farmacêutica:Pomada"
6111,Desonida,287531,"287531 - Desonida, Dosagem:0,05%, Forma Farmacêutica:Creme"
6143,Dexametasona,631127,"631127 - Dexametasona, Concentraçao:0,1 MG/ML, Forma Farmaceutica:Elixir"
6143,Dexametasona,446495,"446495 - Dexametasona, Concentraçao:1 MG/G, Forma Farmaceutica:Pomada Oftálmica"
6143,Dexametasona,444337,"444337 - Dexametasona, Concentraçao:1 MG/ML, Forma Farmaceutica:Suspensão Oftálmica"
6143,Dexametasona,431717,"431717 - Dexametasona, Concentraçao:0,7 MG, Forma Farmaceutica:Implante Oftálmico, Características Adicionais:C/ Sistema De Aplicação"
6143,Dexametasona,406477,"406477 - Dexametasona, Composição:Acetato, Associada À Neomicina Sulfato, Concentraçao:1 Mg + 5 MG/G, Forma Farmaceutica:Creme"
6143,Dexametasona,368168,"368168 - Dexametasona, Composição:Sal Acetato + Dexametasona Fosfato, Concentraçao:8 Mg + 2 MG/ML, Forma Farmaceutica:Suspensão Injetável, Características Adicionais:Com Seringa"
6143,Dexametasona,364341,"364341 - Dexametasona, Concentraçao:20 MG, Forma Farmaceutica:Supositório, Características Adicionais:Medicamento Especialmente Manipulado"
6143,Dexametasona,363561,"363561 - Dexametasona, Composição:Associada À Dipirona Sódica E Hidroxicobalamina, Concentraçao:Ampola 1: 1,5 Mg + 500 Mg/Ml, Ampola 2: 5 MG/ML, Forma Farmaceutica:Solução Injetável"
6143,Dexametasona,322136,"322136 - Dexametasona, Concentração:8 Mg/Ml, Forma Farmacêutica:Suspensão Injetável"
6143,Dexametasona,319004,"319004 - Dexametasona, Concentração:0,75 Mg"
6143,Dexametasona,300733,"300733 - Dexametasona, Concentração:2 Mg/Ml, Forma Farmacêutica:Solução Injetável"
6143,Dexametasona,292427,"292427 - Dexametasona, Dosagem:4 MG/ML, Forma Farmacêutica:Solução Injetável"
6143,Dexametasona,288288,"288288 - Dexametasona, Apresentação:Fosfato Dissódico+ Neomicina Sulfato+ Fenilefrina, Concentração:0,5mg + 3,5mg + 5mg/Ml, Uso:Solução Nasal"
6143,Dexametasona,270458,"270458 - Dexametasona, Apresentação:Fosfato Dissódico + Neomicina + Nafazolina, Concentração:0,5mg + 5mg + 0,75mg/Ml, Uso:Solução Inalante, Frasco Nebulizador"
6143,Dexametasona,270457,"270457 - Dexametasona, Apresentação:Fosfato Dissódico + Neomicina_Sulfato, Concentração:0,1% + 0,35%, Uso:Solução Oftálmica"
6143,Dexametasona,270456,"270456 - Dexametasona, Apresentação:Associada Com Cloranfenicol E Tetrazolina, Concentração:0,05mg + 5mg + 0,25mg /Ml, Uso:Solução Oftálmica"
6143,Dexametasona,270455,"270455 - Dexametasona, Apresentação:Associada Com Cloranfenicol, Concentração:0,5mg + 5mg/G, Uso:Pomada Oftálmica"
6143,Dexametasona,270454,"270454 - Dexametasona, Apresentação:Associada Com Cloranfenicol, Concentração:1mg + 5mg/Ml, Uso:Solução Oftálmica"
6143,Dexametasona,269388,"269388 - Dexametasona, Dosagem:4 MG"
6143,Dexametasona,268243,"268243 - Dexametasona, Dosagem:0,1 MG/ML, Apresentação:Elixir"
6143,Dexametasona,267644,"267644 - Dexametasona, Dosagem:0,5 MG"
6143,Dexametasona,267643,"267643 - Dexametasona, Dosagem:0,1%, Apresentação:Creme"
6143,Dexametasona,267187,"267187 - Dexametasona, Dosagem:0,1%, Apresentação:Solução Oftálmica"
6169,Diazóxido,464163,"464163 - Diazóxido, Concentraçao:50 MG"
6169,Diazóxido,425676,"425676 - Diazóxido, Concentraçao:25 MG"
6169,Diazóxido,407485,"407485 - Diazóxido, Concentraçao:100 MG"
6169,Diazóxido,399597,"399597 - Diazóxido, Concentraçao:50 MG/ML, Forma Farmaceutica:Suspensão Oral"
6169,Diazóxido,272586,"272586 - Diazóxido, Dosagem:15 MG/ML, Tipo Medicamento:Solução Injetável"
6177,Flunarizina Dicloridrato,452606,"452606 - Flunarizina Dicloridrato, Concentração:5 MG/ML, Forma Farmaceutica:Solução Oral - Gotas"
6177,Flunarizina Dicloridrato,272478,"272478 - Flunarizina Dicloridrato, Dosagem:10 MG"
6187,Didanosina,394790,"394790 - Didanosina, Concentração:100 MG, Forma Farmaceutica:Comprimido Mastigável"
6187,Didanosina,393884,"393884 - Didanosina, Concentração:25 MG, Forma Farmaceutica:Comprimido Mastigável"
6187,Didanosina,299248,"299248 - Didanosina, Dosagem:4 G, Forma Farmacêutica:Pó P/ Suspensão Oral + Diluente Anti-Ácido"
6187,Didanosina,299247,"299247 - Didanosina, Dosagem:2 G, Forma Farmacêutica:Pó P/ Suspensão Oral + Diluente Anti-Ácido"
6187,Didanosina,299246,"299246 - Didanosina, Dosagem:1 G, Forma Farmacêutica:Pó P/ Suspensão Oral + Diluente Anti-Ácido"
6187,Didanosina,277526,"277526 - Didanosina, Dosagem:400 MG"
6187,Didanosina,277525,"277525 - Didanosina, Dosagem:250 MG"
6191,Dietilcarbamazina Citrato,272489,"272489 - Dietilcarbamazina Citrato, Dosagem:50 MG"
6200,Digoxina,397475,"397475 - Digoxina, Composição:Betametildigoxina, Concentração:0,1 MG"
6200,Digoxina,304875,"304875 - Digoxina, Dosagem:0,125 MG"
6200,Digoxina,304873,"304873 - Digoxina, Dosagem:0,25 MG/ML, Forma Farmacêutica:Solução Injetável"
6200,Digoxina,267648,"267648 - Digoxina, Dosagem:0,05 MG/ML, Apresentação:Elixir"
6200,Digoxina,267647,"267647 - Digoxina, Dosagem:0,25 MG"
6203,Di-Hidroergocristina Mesilato,318969,"318969 - Di-Hidroergocristina Mesilato, Composição:Associada Com Flunarizina Dicloridrato, Concentração:3 Mg + 10 MG"
6203,Di-Hidroergocristina Mesilato,274576,"274576 - Di-Hidroergocristina Mesilato, Dosagem:6 MG"
6168,Diazepam,623299,"623299 - Diazepam, Concentração:2 MG/ML, Forma Farmaceutica:Solução Retal"
6168,Diazepam,618519,"618519 - Diazepam, Concentração:4 MG/ML, Forma Farmaceutica:Solução Retal"
6168,Diazepam,479702,"479702 - Diazepam, Concentração:5 MG/ML, Forma Farmaceutica:Solução Oral, Adicional:Formulação Especialmente Manipulada"
6168,Diazepam,395147,"395147 - Diazepam, Concentração:10 MG/ML, Forma Farmaceutica:Solução Injetável"
6168,Diazepam,267197,"267197 - Diazepam, Dosagem:10 MG"
6168,Diazepam,267196,"267196 - Diazepam, Dosagem:2 MG"
6168,Diazepam,267195,"267195 - Diazepam, Dosagem:5 MG"
6168,Diazepam,267194,"267194 - Diazepam, Dosagem:5 MG/ML, Apresentação:Solução Injetável"
6171,Diclofenaco,607946,"607946 - Diclofenaco, Composição:Sal Dietilamônio, Concentração:20 MG/G, Forma Farmacêutica:Gel"
6171,Diclofenaco,480355,"480355 - Diclofenaco, Concentração:35 MG"
6171,Diclofenaco,449018,"449018 - Diclofenaco, Composição:Colestiramina, Concentração:70 MG"
6171,Diclofenaco,448613,"448613 - Diclofenaco, Composição:Sal Dietilamônio, Concentração:10 MG/G, Forma Farmacêutica:Aerosol Tópico"
6171,Diclofenaco,448612,"448612 - Diclofenaco, Composição:Sal Dietilamônio, Concentração:10 MG/G, Forma Farmacêutica:Gel"
6171,Diclofenaco,396751,"396751 - Diclofenaco, Composição:Sal Sódico, Concentração:100 MG, Forma Farmacêutica:Desintegração Lenta"
6171,Diclofenaco,396749,"396749 - Diclofenaco, Composição:Sal Potássico, Concentração:44,3 MG, Forma Farmacêutica:Comprimido Dispersível"
6171,Diclofenaco,393876,"393876 - Diclofenaco, Composição:Sal Sódico, Concentração:50 MG, Forma Farmacêutica:P/Uso Retal"
6171,Diclofenaco,352319,"352319 - Diclofenaco, Composição:Sal Resinato, Concentração:15 MG/ML, Forma Farmacêutica:Suspensão Oral - Gotas"
6171,Diclofenaco,306355,"306355 - Diclofenaco, Composição:Sal Sódico + Codeína Fosfato, Concentração:50mg + 50 MG"
6171,Diclofenaco,273137,"273137 - Diclofenaco, Apresentação:Sal Sódico, Dosagem:75mg"
6171,Diclofenaco,271008,"271008 - Diclofenaco, Apresentação:Sal Sódico, Dosagem:10mg/G, Uso:Gel"
6171,Diclofenaco,271007,"271007 - Diclofenaco, Apresentação:Sal Sódico, Dosagem:1mg/G, Uso:Pomada Oftálmica"
6171,Diclofenaco,271006,"271006 - Diclofenaco, Apresentação:Sal Sódico, Dosagem:1mg/Ml, Uso:Solução Oftálmica"
6171,Diclofenaco,271003,"271003 - Diclofenaco, Apresentação:Sal Sódico, Dosagem:25mg/Ml, Uso:Solução Injetável"
6171,Diclofenaco,271001,"271001 - Diclofenaco, Apresentação:Sal Sódico, Dosagem:50mg, Uso:Ação Prolongada"
6171,Diclofenaco,271000,"271000 - Diclofenaco, Apresentação:Sal Sódico, Dosagem:50 Mg"
6171,Diclofenaco,270999,"270999 - Diclofenaco, Apresentação:Sal Potássico, Dosagem:25mg/Ml, Uso:Solução Injetável"
6171,Diclofenaco,270998,"270998 - Diclofenaco, Apresentação:Sal Potássico, Dosagem:15mg/Ml, Uso:Solução Oral - Gotas"
6171,Diclofenaco,270996,"270996 - Diclofenaco, Apresentação:Sal Potássico, Dosagem:12,5mg, Uso:Uso Retal"
6171,Diclofenaco,270995,"270995 - Diclofenaco, Apresentação:Sal Potássico, Dosagem:75mg, Uso:Uso Retal"
6171,Diclofenaco,270994,"270994 - Diclofenaco, Apresentação:Sal Potássico, Dosagem:25mg, Uso:Uso Retal"
6171,Diclofenaco,270992,"270992 - Diclofenaco, Apresentação:Sal Potássico, Dosagem:50 Mg"
6213,Dimenidrinato,464130,"464130 - Dimenidrinato, Concentração:50 MG"
6213,Dimenidrinato,464120,"464120 - Dimenidrinato, Concentração:25 MG"
6213,Dimenidrinato,393885,"393885 - Dimenidrinato, Concentração:2,5 MG/ML, Forma Farmacêutica:Solução Oral"
6213,Dimenidrinato,272336,"272336 - Dimenidrinato, Apresentação:Associado Com Piridoxina + Glicose + Frutose, Dosagem:3mg + 5mg + 100mg + 100mg/Ml, Tipo Medicamento:Solução Injetável"
6213,Dimenidrinato,272335,"272335 - Dimenidrinato, Apresentação:Associado Com Piridoxina Cloridrato, Dosagem:25mg + 5mg/Ml, Tipo Medicamento:Solução Oral - Gotas"
6213,Dimenidrinato,272334,"272334 - Dimenidrinato, Apresentação:Associado Com Piridoxina Cloridrato, Dosagem:50mg + 50mg/Ml, Tipo Medicamento:Solução Injetável"
6213,Dimenidrinato,272333,"272333 - Dimenidrinato, Apresentação:Associado Com Piridoxina Cloridrato, Dosagem:50mg + 10mg"
6213,Dimenidrinato,272331,"272331 - Dimenidrinato, Dosagem:100 Mg"
6223,Isossorbida,448638,"448638 - Isossorbida, Composição:Sal Mononitrato, Concentração:50 MG, Características Adicionais 1:Liberação Prolongada"
6223,Isossorbida,394027,"394027 - Isossorbida, Composição:Sal Dinitrato, Concentração:2,5 MG, Forma Farmaceutica:Sub-Lingual"
6223,Isossorbida,393749,"393749 - Isossorbida, Composição:Sal Mononitrato, Concentração:40 MG/ML, Forma Farmaceutica:Solução Oral - Gotas"
6223,Isossorbida,383755,"383755 - Isossorbida, Composição:Sal Mononitrato, Associado Ao Ác. Acetilsalicílico, Concentração:40mg + 100 MG"
6223,Isossorbida,300909,"300909 - Isossorbida, Princípio Ativo:Sal Mononitrato, Dosagem:20 MG/ML, Forma Farmacêutica:Solução Injetável"
6223,Isossorbida,300908,"300908 - Isossorbida, Princípio Ativo:Sal Mononitrato, Dosagem:5 MG/ML, Forma Farmacêutica:Solução Injetável"
6223,Isossorbida,300907,"300907 - Isossorbida, Princípio Ativo:Sal Mononitrato, Dosagem:10 MG"
6223,Isossorbida,273405,"273405 - Isossorbida, Princípio Ativo:Sal Mononitrato, Associado Ao Ác. Acetilsalicílico, Dosagem:60mg + 100mg"
6223,Isossorbida,273404,"273404 - Isossorbida, Princípio Ativo:Sal Mononitrato, Dosagem:10 MG/ML, Tipo Medicamento:Solução Injetável"
6223,Isossorbida,273402,"273402 - Isossorbida, Princípio Ativo:Sal Mononitrato, Dosagem:5 MG, Tipo Medicamento:Sublingual"
6223,Isossorbida,273401,"273401 - Isossorbida, Princípio Ativo:Sal Mononitrato, Dosagem:40 MG"
6223,Isossorbida,273400,"273400 - Isossorbida, Princípio Ativo:Sal Mononitrato, Dosagem:20 MG"
6223,Isossorbida,273397,"273397 - Isossorbida, Princípio Ativo:Sal Dinitrato, Dosagem:20 MG"
6223,Isossorbida,273396,"273396 - Isossorbida, Princípio Ativo:Sal Dinitrato, Dosagem:10 MG"
6223,Isossorbida,273395,"273395 - Isossorbida, Princípio Ativo:Sal Dinitrato, Dosagem:5 MG, Tipo Medicamento:Sublingual"
6226,Diosmina,607980,"607980 - Diosmina, Composição:Associada À Hesperidina, Concentração:900 Mg + 100 MG, Forma Farmacêutica:Granulado"
6226,Diosmina,473342,"473342 - Diosmina, Concentração:600 MG"
6226,Diosmina,434912,"434912 - Diosmina, Composição:Associada À Hesperidina, Concentração:180 Mg/G + 20 MG/G, Forma Farmacêutica:Granulado"
6226,Diosmina,428425,"428425 - Diosmina, Composição:Associada À Hesperidina, Concentração:900 Mg + 100 MG"
6226,Diosmina,400927,"400927 - Diosmina, Composição:Associada À Hesperidina, Concentração:140 Mg + 20 MG/G, Forma Farmacêutica:Granulado"
6226,Diosmina,273818,"273818 - Diosmina, Composição:Associada À Hesperidina, Concentração:450mg + 50mg"
6233,Dipiridamol,318970,"318970 - Dipiridamol, Dosagem:100 MG"
6233,Dipiridamol,272525,"272525 - Dipiridamol, Dosagem:5 MG/ML, Indicação:Solução Injetável"
6233,Dipiridamol,268253,"268253 - Dipiridamol, Dosagem:75 MG"
6241,Betaepoetina,448698,"448698 - Betaepoetina, Concentração:50.000 UI/ML, Forma Farmacêutica:Solução Injetável, Características Adicionais:Seringa Preenchida"
6241,Betaepoetina,448697,"448697 - Betaepoetina, Concentração:333,33 MCG/ML, Forma Farmacêutica:Solução Injetável, Características Adicionais:Seringa Preenchida"
6241,Betaepoetina,448696,"448696 - Betaepoetina, Concentração:166,66 MCG/ML, Forma Farmacêutica:Solução Injetável, Características Adicionais:Seringa Preenchida"
6241,Betaepoetina,448695,"448695 - Betaepoetina, Concentração:400 MCG/ML, Forma Farmacêutica:Solução Injetável, Características Adicionais:Seringa Preenchida"
6241,Betaepoetina,448694,"448694 - Betaepoetina, Concentração:500 MCG/ML, Forma Farmacêutica:Solução Injetável, Características Adicionais:Seringa Preenchida"
6244,Boceprevir,404790,"404790 - Boceprevir, Concentração:200 MG"
6245,Alentuzumabe,388866,"388866 - Alentuzumabe, Concentração:30 MG/ML, Forma Farmacêutica:Solução Injetável"
6245,Alentuzumabe,388865,"388865 - Alentuzumabe, Concentração:10 MG/ML, Forma Farmacêutica:Solução Injetável"
6234,Infliximabe,627536,"627536 - Infliximabe, Concentração:120 MG/ML, Forma Farmaceutica:Solução Injetável, Adicional:Seringa Preenchida C/ Caneta Aplicadora"
6234,Infliximabe,604710,"604710 - Infliximabe, Concentração:120 MG/ML, Forma Farmaceutica:Injetável, Adicional:Seringa Preenchida"
6234,Infliximabe,333447,"333447 - Infliximabe, Dosagem:100 MG, Forma Farmacêutica:Pó Liófilo P/Injetável"
6216,Dimeticona,639437,"639437 - Dimeticona, Concentração:92%, Forma Farmaceutica:Solução Tópica"
6216,Dimeticona,604437,"604437 - Dimeticona, Composição:100 Cst, Concentração:50% (P/P), Forma Farmaceutica:Solução Tópica"
6216,Dimeticona,396783,"396783 - Dimeticona, Concentração:150 MG"
6216,Dimeticona,392118,"392118 - Dimeticona, Concentração:75 MG/ML, Forma Farmaceutica:Emulsão Oral - Gotas"
6216,Dimeticona,352042,"352042 - Dimeticona, Concentração:75 MG/ML, Forma Farmaceutica:Suspensão Oral - Gotas"
6216,Dimeticona,308071,"308071 - Dimeticona, Princípio Ativo:Associada Com Homatropina Metilbrometo, Dosagem:80 Mg + 2,5 MG/ML, Forma Farmacêutica:Solução Oral - Gotas"
6216,Dimeticona,269592,"269592 - Dimeticona, Dosagem:40 MG"
6216,Dimeticona,269591,"269591 - Dimeticona, Dosagem:125 MG"
6216,Dimeticona,269590,"269590 - Dimeticona, Dosagem:80 MG"
6240,Beclometasona Dipropionato,622794,"622794 - Beclometasona Dipropionato, Composição:Associada Ao Formoterol Fumarato, Concentração:200 Mcg/Dose + 6 Mcg/Dose, Forma Farmaceutica:Pó P/ Inalação Oral, Característica Adicional:Com Inalador"
6240,Beclometasona Dipropionato,608060,"608060 - Beclometasona Dipropionato, Composição:Associada Com Formoterol Fumarato, Concentração:200 Mcg/Dose + 6 Mcg/Dose, Forma Farmaceutica:Aerossol Oral, Característica Adicional:Com Inalador"
6240,Beclometasona Dipropionato,470130,"470130 - Beclometasona Dipropionato, Composição:Assoc. C/ Brometo Glicopirrônio E Formoterol, Concentração:100 + 12,5 + 6 Mcg/Dose, Forma Farmaceutica:Aerossol Oral, Característica Adicional:Com Inalador"
6240,Beclometasona Dipropionato,466172,"466172 - Beclometasona Dipropionato, Concentração:250 Mcg/Dose, Forma Farmaceutica:Aerossol Oral, Característica Adicional:Com Inalador"
6240,Beclometasona Dipropionato,459835,"459835 - Beclometasona Dipropionato, Composição:Associada Com Formoterol Fumarato, Concentração:100 Mcg + 6 Mcg /Dose, Forma Farmaceutica:Pó P/ Inalação Oral, Característica Adicional:Frasco Doseador C/ Bocal Aerogador"
6240,Beclometasona Dipropionato,459834,"459834 - Beclometasona Dipropionato, Concentração:100 Mcg/Dose, Forma Farmaceutica:Suspensão P/ Inalação, Característica Adicional:Com Inalador"
6240,Beclometasona Dipropionato,459831,"459831 - Beclometasona Dipropionato, Concentração:100 Mcg/Dose, Forma Farmaceutica:Aerossol Oral, Característica Adicional:Frasco Doseador C/ Bocal Aerogador"
6240,Beclometasona Dipropionato,445797,"445797 - Beclometasona Dipropionato, Concentração:200 Mcg/Dose, Forma Farmaceutica:Aerossol Oral, Característica Adicional:Frasco Doseador C/ Bocal Aerogador"
6240,Beclometasona Dipropionato,407441,"407441 - Beclometasona Dipropionato, Composição:Associada Com Formoterol Fumarato, Concentração:100 Mcg + 6 Mcg /Dose, Forma Farmaceutica:Aerossol Oral"
6240,Beclometasona Dipropionato,352411,"352411 - Beclometasona Dipropionato, Composição:Associada Ao Salbutamol, Concentração:400 Mcg + 800 Mcg/Ml, Forma Farmaceutica:Suspensão P/ Inalação"
6240,Beclometasona Dipropionato,346586,"346586 - Beclometasona Dipropionato, Concentração:50 Mcg/Dose, Forma Farmaceutica:Aerossol Bucal, Característica Adicional:Frasco Doseador C/ Bocal Aerogador"
6240,Beclometasona Dipropionato,284429,"284429 - Beclometasona Dipropionato, Princípio Ativo:Associada Com Salbutamol, Dosagem:50mcg + 100mcg /Dose, Características Adicionais:Frasco Doseador Com Bocal Aerogador"
6240,Beclometasona Dipropionato,267907,"267907 - Beclometasona Dipropionato, Dosagem:400mcg/Ml, Características Adicionais:Suspensão Para Inalação"
6240,Beclometasona Dipropionato,267590,"267590 - Beclometasona Dipropionato, Apresentação:Spray Nasal, Dosagem:250mcg/Dose, Características Adicionais:Frasco Doseador Com Aerogador Nasal"
6240,Beclometasona Dipropionato,267589,"267589 - Beclometasona Dipropionato, Apresentação:Pó Para Inalação Oral, Dosagem:400mcg/Dose, Características Adicionais:Frasco Doseador Com Bocal Aerogador"
6240,Beclometasona Dipropionato,267588,"267588 - Beclometasona Dipropionato, Apresentação:Pó Para Inalação Oral, Dosagem:100mcg/Dose, Características Adicionais:Frasco Doseador Com Bocal Aerogador"
6240,Beclometasona Dipropionato,267587,"267587 - Beclometasona Dipropionato, Apresentação:Pó Para Inalação Oral, Dosagem:200mcg/Dose, Características Adicionais:Frasco Doseador Com Bocal Aerogador"
6240,Beclometasona Dipropionato,267586,"267586 - Beclometasona Dipropionato, Dosagem:200 Mcg, Características Adicionais:Cápsulas Inalatórias, Com Inalador"
6240,Beclometasona Dipropionato,267585,"267585 - Beclometasona Dipropionato, Dosagem:400 Mcg, Características Adicionais:Cápsulas Inalatórias, Com Inalador"
6240,Beclometasona Dipropionato,267582,"267582 - Beclometasona Dipropionato, Apresentação:Spray Nasal, Dosagem:50mcg/Dose, Características Adicionais:Frasco Doseador Com Aerogador Nasal"
6240,Beclometasona Dipropionato,267581,"267581 - Beclometasona Dipropionato, Apresentação:Spray Oral, Dosagem:250mcg/Dose, Características Adicionais:Frasco Doseador Com Bocal Aerogador"
6212,Diluente De Vacina,639235,"639235 - Diluente De Vacina, Composição:Cloreto De Sódio + Fenol, Concentração:0,9% + 0,45%, Forma Farmacêutica:Solução Injetável, Esterilidade:Estéril"
6212,Diluente De Vacina,624425,"624425 - Diluente De Vacina, Composição:Cloreto De Sódio, Fenolato, Concentração:Até 0,9%, Forma Farmacêutica:Solução Injetável, Esterilidade:Estéril"
6212,Diluente De Vacina,624424,"624424 - Diluente De Vacina, Composição:Cloreto De Sódio, Concentração:Até 0,9%, Forma Farmacêutica:Solução Injetável, Esterilidade:Estéril"
6212,Diluente De Vacina,624423,"624423 - Diluente De Vacina, Composição:Cloreto De Sódio, Concentração:Até 0,9%, Forma Farmacêutica:Solução Injetável, Esterilidade:Estéril, Adicional:Tampas Coloridas"
6212,Diluente De Vacina,624422,"624422 - Diluente De Vacina, Composição:Água Para Injeção, Forma Farmacêutica:Líquido, Esterilidade:Estéril, Adicional:Tampas Coloridas"
6292,Disopiramida,400482,"400482 - Disopiramida, Concentração:100 MG"
6292,Disopiramida,370019,"370019 - Disopiramida, Composição:Sal Fosfato, Concentração:250 MG, Forma Farmacêutica:Liberação Prolongada"
6373,L-Metilfolato,430646,"430646 - L-Metilfolato, Concentração:15 MG"
6376,Docetaxel,455884,"455884 - Docetaxel, Concentração:40 MG/ML, Forma Farmaceutica:Injetável"
6376,Docetaxel,455883,"455883 - Docetaxel, Concentração:20 MG/ML, Forma Farmaceutica:Injetável"
6381,Domperidona,483765,"483765 - Domperidona, Concentração:5 MG/ML, Forma Farmaceutica:Suspensão Oral"
6381,Domperidona,269963,"269963 - Domperidona, Dosagem:1 MG/ML, Indicação:Suspensão Oral"
6381,Domperidona,269962,"269962 - Domperidona, Dosagem:10 MG"
6382,Dopamina,268960,"268960 - Dopamina, Dosagem:5 Mg/Ml, Apresentação:Solução Injetável"
6389,Alfadornase,272787,"272787 - Alfadornase, Dosagem:1 MG/ML, Apresentação:Solução Para Inalação"
6397,Doxiciclina,455699,"455699 - Doxiciclina, Concentração:100 MG, Forma Farmacêutica:Comprimido Solúvel"
6397,Doxiciclina,446276,"446276 - Doxiciclina, Concentração:200 MG"
6397,Doxiciclina,271036,"271036 - Doxiciclina, Dosagem:100 Mg"
6408,Droperidol,271953,"271953 - Droperidol, Concentração:2,50 MG/ML, Indicação:Solução Injetável"
6409,Dropropizina,272604,"272604 - Dropropizina, Dosagem:30 MG/ML, Apresentação:Solução Oral - Gotas"
6409,Dropropizina,272603,"272603 - Dropropizina, Dosagem:1,5 MG/ML, Apresentação:Xarope"
6409,Dropropizina,272602,"272602 - Dropropizina, Dosagem:3,0 MG/ML, Apresentação:Xarope"
6425,Efavirenz,427335,"427335 - Efavirenz, Composição:Associado Com Lamivudina E Tenofovir, Concentração:600mg + 300mg + 300 MG"
6425,Efavirenz,268812,"268812 - Efavirenz, Dosagem:600 MG"
6425,Efavirenz,268808,"268808 - Efavirenz, Dosagem:30 MG/ML, Apresentação:Solução Oral"
6425,Efavirenz,268337,"268337 - Efavirenz, Dosagem:200 MG"
6425,Efavirenz,268336,"268336 - Efavirenz, Dosagem:100 MG"
6425,Efavirenz,268335,"268335 - Efavirenz, Dosagem:50 MG"
6487,Elixir Paregorico,278430,"278430 - Elixir Paregorico, Apresentação:Solução Oral, Gotas"
6538,Emulsão De Lipídios,428241,"428241 - Emulsão De Lipídios, Concentração:20%, Forma Farmaceutica:Emulsão Injetável, Característica Adicional:Especialmente Manipulada"
6538,Emulsão De Lipídios,428240,"428240 - Emulsão De Lipídios, Concentração:10%, Forma Farmaceutica:Emulsão Injetável, Característica Adicional:Especialmente Manipulada"
6538,Emulsão De Lipídios,329337,"329337 - Emulsão De Lipídios, Concentração:20%, Forma Farmacêutica:Emulsão Injetável"
6538,Emulsão De Lipídios,329336,"329336 - Emulsão De Lipídios, Concentração:10%, Forma Farmacêutica:Emulsão Injetável"
6538,Emulsão De Lipídios,272624,"272624 - Emulsão De Lipídios, Concentração:20%, Características Adicionais:Mct / Lct, Tipo Medicamento:Injetável"
6538,Emulsão De Lipídios,272623,"272623 - Emulsão De Lipídios, Concentração:10%, Características Adicionais:Mct / Lct, Tipo Medicamento:Injetável"
30434,Belumosudil,638908,"638908 - Belumosudil, Concentração:200 MG"
6562,Enflurano,272636,"272636 - Enflurano, Apresentação:Líquido Inalante"
6613,Epinastina,401323,"401323 - Epinastina, Composição:Sal Cloridrato, Concentração:0,5 MG/ML, Forma Farmacêutica:Solução Oftálmica"
6613,Epinastina,270783,"270783 - Epinastina, Dosagem:20 Mg"
6613,Epinastina,268865,"268865 - Epinastina, Dosagem:10 Mg"
6614,Epinefrina,437587,"437587 - Epinefrina, Concentração:0,5 MG/ML, Forma Farmaceutica:Solução Injetável, Característica Adicional:Com Caneta Aplicadora"
6614,Epinefrina,435523,"435523 - Epinefrina, Concentração:1 MG/ML, Forma Farmaceutica:Solução Injetável, Característica Adicional:Com Caneta Aplicadora"
6614,Epinefrina,268255,"268255 - Epinefrina, Dosagem:1mg/Ml, Uso:Solução Injetável"
6615,Epirrubicina Cloridrato,270366,"270366 - Epirrubicina Cloridrato, Dosagem:50 MG, Apresentação:Injetável"
6615,Epirrubicina Cloridrato,270365,"270365 - Epirrubicina Cloridrato, Dosagem:20 MG, Apresentação:Injetável"
6615,Epirrubicina Cloridrato,270364,"270364 - Epirrubicina Cloridrato, Dosagem:10 MG, Apresentação:Injetável"
30435,Brensocatibe,639035,"639035 - Brensocatibe, Concentração:25 MG"
30435,Brensocatibe,639034,"639034 - Brensocatibe, Concentração:10 MG"
30436,Dordaviprona,639074,"639074 - Dordaviprona, Concentração:125 MG"
6866,Eritromicina,480987,"480987 - Eritromicina, Concentraçao:0,5%, Forma Farmaceutica:Pomada Oftálmica, Adicional:Formulação Especialmente Manipulada"
6866,Eritromicina,440649,"440649 - Eritromicina, Concentraçao:1.000 MG, Forma Farmaceutica:Pó Liófilo P/ Injetável"
6866,Eritromicina,269999,"269999 - Eritromicina, Concentração:20 MG/ML, Uso:Solução Tópica"
6866,Eritromicina,269998,"269998 - Eritromicina, Apresentação:Estolato, Concentração:50 MG/ML, Uso:Suspensão Oral"
6866,Eritromicina,269997,"269997 - Eritromicina, Apresentação:Estolato, Concentração:25 MG/ML, Uso:Suspensão Oral"
6866,Eritromicina,269996,"269996 - Eritromicina, Apresentação:Estolato, Concentração:500 MG"
6866,Eritromicina,269995,"269995 - Eritromicina, Apresentação:Estolato, Concentração:250 MG"
6866,Eritromicina,269990,"269990 - Eritromicina, Concentração:25 MG/ML, Uso:Suspensão Oral"
6866,Eritromicina,267207,"267207 - Eritromicina, Dosagem:250 MG"
6867,Estiripentol,448851,"448851 - Estiripentol, Concentração:500 MG, Forma Farmacêutica:Pó Para Suspensão Oral"
6867,Estiripentol,448850,"448850 - Estiripentol, Concentração:250 MG, Forma Farmacêutica:Pó Para Suspensão Oral"
6867,Estiripentol,381776,"381776 - Estiripentol, Concentração:500 MG"
6867,Estiripentol,381775,"381775 - Estiripentol, Concentração:250 MG"
6869,Alfaepoetina,465320,"465320 - Alfaepoetina, Concentração:10.000 UI, Forma Farmaceutica:Injetável"
6869,Alfaepoetina,465319,"465319 - Alfaepoetina, Concentração:4.000 UI, Forma Farmaceutica:Injetável"
6869,Alfaepoetina,465318,"465318 - Alfaepoetina, Concentração:3.000 UI, Forma Farmaceutica:Injetável"
6869,Alfaepoetina,465317,"465317 - Alfaepoetina, Concentração:2.000 UI, Forma Farmaceutica:Injetável"
6869,Alfaepoetina,465316,"465316 - Alfaepoetina, Concentração:1.000 UI, Forma Farmaceutica:Injetável"
6869,Alfaepoetina,449016,"449016 - Alfaepoetina, Concentração:40.000 UI/ML, Forma Farmaceutica:Solução Injetável"
6869,Alfaepoetina,449015,"449015 - Alfaepoetina, Concentração:10.000 UI/ML, Forma Farmaceutica:Solução Injetável"
6869,Alfaepoetina,449014,"449014 - Alfaepoetina, Concentração:4.000 UI/ML, Forma Farmaceutica:Solução Injetável"
6869,Alfaepoetina,449013,"449013 - Alfaepoetina, Concentração:2.000 UI/ML, Forma Farmaceutica:Solução Injetável"
6869,Alfaepoetina,449012,"449012 - Alfaepoetina, Concentração:1.000 UI/ML, Forma Farmaceutica:Solução Injetável"
6869,Alfaepoetina,436085,"436085 - Alfaepoetina, Concentração:4.000 UI, Forma Farmaceutica:Pó Liófilo P/ Injetável + Diluente"
6869,Alfaepoetina,406520,"406520 - Alfaepoetina, Apresentação:Solução Injetável, Concentração:3.000 UI"
6919,Indacaterol Maleato,437989,"437989 - Indacaterol Maleato, Composição:Associado Ao Glicopirrônio, Concentração:110 Mcg + 50 MCG, Forma Farmacêutica:Cápsula Pó Inalante, Característica Adicional:Com Inalador"
6919,Indacaterol Maleato,404448,"404448 - Indacaterol Maleato, Concentração:300 MCG, Forma Farmacêutica:Cápsula Pó Inalante, Característica Adicional:Com Inalador"
6919,Indacaterol Maleato,404346,"404346 - Indacaterol Maleato, Concentração:150 MCG, Forma Farmacêutica:Cápsula Pó Inalante, Característica Adicional:Com Inalador"
30437,Tildrakizumabe,639076,"639076 - Tildrakizumabe, Concentração:100 MG/ML, Forma Farmacêutica:Solução Injetável, Adicional:Seringa Preenchida"
7021,Espiramicina,343494,"343494 - Espiramicina, Concentração:1.500.000 UI"
7024,Espironolactona,469044,"469044 - Espironolactona, Concentração:3 MG/ML, Forma Farmacêutica:Solução Oral, Característica Adicional:Formulação Especialmente Manipulada"
7024,Espironolactona,469043,"469043 - Espironolactona, Concentração:10 MG, Característica Adicional:Formulação Especialmente Manipulada"
7024,Espironolactona,387435,"387435 - Espironolactona, Concentração:10 MG/ML, Forma Farmacêutica:Suspensão Oral Em Base De Xarope Simples, Característica Adicional:Formulação Especialmente Manipulada"
7024,Espironolactona,382297,"382297 - Espironolactona, Concentração:2 MG/ML, Forma Farmacêutica:Suspensão Oral, Característica Adicional:Formulação Especialmente Manipulada"
7024,Espironolactona,367507,"367507 - Espironolactona, Concentração:5 MG/ML, Forma Farmacêutica:Suspensão Oral Em Base De Xarope Simples, Característica Adicional:Formulação Especialmente Manipulada"
7024,Espironolactona,367506,"367506 - Espironolactona, Concentração:1 MG/ML, Forma Farmacêutica:Suspensão Oral Em Base De Xarope Simples, Característica Adicional:Formulação Especialmente Manipulada"
7024,Espironolactona,348339,"348339 - Espironolactona, Concentração:5 MG/ML, Forma Farmacêutica:Suspensão Oral, Característica Adicional:Formulação Especialmente Manipulada"
7024,Espironolactona,338134,"338134 - Espironolactona, Concentração:50 MG"
7024,Espironolactona,280877,"280877 - Espironolactona, Apresentação:Associada Com Furosemida, Dosagem:100 Mg + 20 MG"
7024,Espironolactona,280876,"280876 - Espironolactona, Apresentação:Associada Com Hidroclorotiazida, Dosagem:50 Mg + 50 MG"
7024,Espironolactona,267654,"267654 - Espironolactona, Dosagem:100 MG"
7024,Espironolactona,267653,"267653 - Espironolactona, Dosagem:25 MG"
7105,Estavudina,287559,"287559 - Estavudina, Dosagem:1 MG/ML, Apresentação:Pó P/ Solução Oral"
7105,Estavudina,268341,"268341 - Estavudina, Dosagem:30 MG"
7105,Estavudina,268340,"268340 - Estavudina, Dosagem:40 MG"
7106,Estazolam,322254,"322254 - Estazolam, Concentração:2 MG"
7106,Estazolam,322253,"322253 - Estazolam, Concentração:1 MG"
30376,Tarlatamabe,632288,"632288 - Tarlatamabe, Concentração:10 MG, Forma Farmacêutica:Pó Liófilo P/ Injetável, Adicional:Solução Estabilizante"
30376,Tarlatamabe,632287,"632287 - Tarlatamabe, Concentração:1 MG, Forma Farmacêutica:Pó Liófilo P/ Injetável, Adicional:Solução Estabilizante"
7183,Estreptoquinase,274443,"274443 - Estreptoquinase, Dosagem:250.000 UI, Indicação:Injetável"
7183,Estreptoquinase,268962,"268962 - Estreptoquinase, Dosagem:750.000 UI, Indicação:Injetável"
7183,Estreptoquinase,268961,"268961 - Estreptoquinase, Dosagem:1.500.000 UI, Indicação:Injetável"
7188,Estrogênios Conjugados,448803,"448803 - Estrogênios Conjugados, Composição:Associados Com Medroxiprogesterona Acetato, Concentração:0,625 Mg + 2,5 MG, Caracteristicas Adicionais:Em Blister Calendário"
7188,Estrogênios Conjugados,356602,"356602 - Estrogênios Conjugados, Concentração:0,3 MG"
7188,Estrogênios Conjugados,297779,"297779 - Estrogênios Conjugados, Dosagem:20 MG, Forma Farmacêutica:Pó Liófilo P/Injetável"
7188,Estrogênios Conjugados,271435,"271435 - Estrogênios Conjugados, Dosagem:0,625 MG/G, Indicação:Creme Vaginal"
7188,Estrogênios Conjugados,271434,"271434 - Estrogênios Conjugados, Dosagem:0,625 MG"
7188,Estrogênios Conjugados,271433,"271433 - Estrogênios Conjugados, Dosagem:2,5 MG"
7188,Estrogênios Conjugados,271432,"271432 - Estrogênios Conjugados, Dosagem:1,25 MG"
7173,Ibrutinibe,606641,"606641 - Ibrutinibe, Concentração:560 MG"
7173,Ibrutinibe,606640,"606640 - Ibrutinibe, Concentração:420 MG"
7173,Ibrutinibe,606639,"606639 - Ibrutinibe, Concentração:280 MG"
7173,Ibrutinibe,430404,"430404 - Ibrutinibe, Concentração:140 MG"
7178,Estradiol,619630,"619630 - Estradiol, Concentração:2 MG, Forma Farmacêutica:Gel, Características Adicionais:Formulação Especialmente Manipulada"
7178,Estradiol,619539,"619539 - Estradiol, Concentração:10 MCG, Forma Farmacêutica:Comprimido Vaginal"
7178,Estradiol,483771,"483771 - Estradiol, Composição:Associado Ao Nomegestrol Acetato, Concentração:1,5 Mg + 2,5 MG, Características Adicionais:Em Blister Calendário"
7178,Estradiol,457213,"457213 - Estradiol, Concentração:1 MG/G, Forma Farmacêutica:Gel"
7178,Estradiol,448802,"448802 - Estradiol, Composição:Associado Ao Levonorgestrel, Concentração:2 Mg / 2 Mg + 0,25 MG, Forma Farmacêutica:Comprimido A + B, Características Adicionais:Em Blister Calendário"
7178,Estradiol,448801,"448801 - Estradiol, Composição:Associado Ao Gestodeno, Concentração:1 Mg / 1 Mg + 0,025 MG, Forma Farmacêutica:Comprimido A + B, Características Adicionais:Em Blister Calendário"
7178,Estradiol,448799,"448799 - Estradiol, Composição:Sal Valerato, Concentração:1 MG, Características Adicionais:Em Blister Calendário"
7178,Estradiol,448798,"448798 - Estradiol, Composição:Associado À Noretisterona Acetato, Concentração:1 Mg + 0,5 MG, Características Adicionais:Em Blister Calendário"
7178,Estradiol,402937,"402937 - Estradiol, Composição:Associado À Trimegestona, Concentração:1 Mg + 0,125 MG"
7178,Estradiol,400480,"400480 - Estradiol, Composição:Associado À Drospirenona, Concentração:1 Mg + 2 MG"
7178,Estradiol,356997,"356997 - Estradiol, Composição:17-Beta Estradiol, Concentração:0,6 MG/G, Forma Farmacêutica:Gel, Característica Adicional:Com Régua Dosadora"
7178,Estradiol,326003,"326003 - Estradiol, Composição:Associado Com Etonogestrel, Concentração:2,7 Mg + 11,7 MG, Forma Farmacêutica:Anel Vaginal"
7178,Estradiol,323437,"323437 - Estradiol, Concentração:1 MG/G, Forma Farmacêutica:Gel Com Frasco Dosador"
7178,Estradiol,307737,"307737 - Estradiol, Apresentação:Tratamento Hormonal Bifásico, Composição:1ªfase:Estradiol + Noretisterona,2ª Fase:Estradiol, Concentração:50 Mcg + 250 Mcg; 50 MCG, Forma Farmacêutica:Adesivo Transdérmico"
7178,Estradiol,305643,"305643 - Estradiol, Apresentação:Tratamento Hormonal Trifásico; 1ª Fase: Estradiol, Composição:2ªfase:Estradiol + Noretisterona,3ª Fase:Estradiol, Concentração:2 Mg; 2 Mg + 1 Mg; 1 MG"
7178,Estradiol,305637,"305637 - Estradiol, Composição:Sal Hemihidratado, Concentração:2,143 MG/ML, Forma Farmacêutica:Solução Nasal Spray"
7178,Estradiol,298530,"298530 - Estradiol, Composição:Associado Com Noretisterona, Concentração:3,2 Mg + 11,2 MG, Forma Farmacêutica:Adesivo Transdérmico"
7178,Estradiol,296940,"296940 - Estradiol, Apresentação:Tratamento Hormonal Bifásico, Composição:1ªfase:Estradiol; 2ªfase: Estradiol+Didrogesterona, Concentração:1 Mg ; 1 Mg + 10 MG"
7178,Estradiol,296676,"296676 - Estradiol, Apresentação:Tratamento Hormonal Bifásico, Composição:1ªfase: Estradiol; 2ªfase: Estradiol + Ciproterona, Concentração:2 Mg ; 2 Mg + 1 MG"
7178,Estradiol,296594,"296594 - Estradiol, Apresentação:Tratamento Hormonal Bifásico, Composição:1ªfase: Estradiol; 2ªfase:Estradiol + Norgestimato, Concentração:1 Mg ; 1 Mg + 90 MCG"
7178,Estradiol,271198,"271198 - Estradiol, Apresentação:Valerato Associado Com Noretisterona, Dosagem:2mg + 0,7mg"
7178,Estradiol,270848,"270848 - Estradiol, Apresentação:Associado Com Noretisterona Acetato, Dosagem:2mg + 1mg"
7178,Estradiol,270846,"270846 - Estradiol, Apresentação:Valerato Associado Com Noretisterona Enantato, Dosagem:5mg + 50mg/1ml, Uso:Injetável"
7178,Estradiol,270844,"270844 - Estradiol, Apresentação:Associado Com Noretisterona Acetato, Dosagem:50mcg + 140mcg, Uso:Adesivo Transdérmico"
7178,Estradiol,270839,"270839 - Estradiol, Dosagem:0,75mg/Dose, Uso:Gel Com Frasco Dosador"
7178,Estradiol,270838,"270838 - Estradiol, Dosagem:25mg, Uso:Implante Com Aplicador E Pinça"
7178,Estradiol,270837,"270837 - Estradiol, Dosagem:100mcg, Uso:Adesivo Transdérmico"
7178,Estradiol,270836,"270836 - Estradiol, Dosagem:25mcg, Uso:Adesivo Transdérmico"
7178,Estradiol,270835,"270835 - Estradiol, Dosagem:50mcg, Uso:Adesivo Transdérmico"
7178,Estradiol,270834,"270834 - Estradiol, Dosagem:1mg"
7178,Estradiol,270833,"270833 - Estradiol, Dosagem:2mg"
7215,Etambutol Dicloridrato,482834,"482834 - Etambutol Dicloridrato, Concentração:50 MG/ML, Forma Farmaceutica:Suspensão Oral, Adicional:Formulação Especialmente Manipulada"
7215,Etambutol Dicloridrato,326902,"326902 - Etambutol Dicloridrato, Dosagem:25 MG/ML, Forma Farmacêutica:Solução Oral"
7215,Etambutol Dicloridrato,299766,"299766 - Etambutol Dicloridrato, Dosagem:400 MG"
7222,Etionamida,272790,"272790 - Etionamida, Dosagem:250 MG"
7229,Etofamida,340765,"340765 - Etofamida, Concentração:500 MG"
7230,Etofenamato,273180,"273180 - Etofenamato, Concentração:50 MG/G, Apresentação:Gel"
7230,Etofenamato,273177,"273177 - Etofenamato, Concentração:100 MG/G, Apresentação:Creme"
7230,Etofenamato,273176,"273176 - Etofenamato, Concentração:500 MG/ML, Apresentação:Solução Injetável"
7231,Etofibrato,268181,"268181 - Etofibrato, Dosagem:500 MG"
7232,Etomidato,270116,"270116 - Etomidato, Dosagem:2 MG/ML, Apresentação:Solução Injetável"
7233,Etopósido,342178,"342178 - Etopósido, Concentração:20 MG/ML, Forma Farmaceutica:Solução Injetável"
7233,Etopósido,270372,"270372 - Etopósido, Dosagem:100 MG"
7233,Etopósido,270371,"270371 - Etopósido, Dosagem:50 MG"
7239,Exenatida,390440,"390440 - Exenatida, Concentração:250 MCG/ML, Forma Farmacêutica:Solução Injetável, Característica Adicional:C/ Sistema Aplicador"
7221,Etonogestrel,608062,"608062 - Etonogestrel, Composição:Associado Com Etinilestradiol, Concentração:11 Mg + 3,474 MG, Forma Farmacêutica:Anel Vaginal"
7221,Etonogestrel,393920,"393920 - Etonogestrel, Concentração:68 MG, Forma Farmacêutica:Implante Subdérmico"
7243,Enxofre,367668,"367668 - Enxofre, Composição:Em Óleo Mineral, Concentração:20 MG/ML, Forma Farmacêutica:Suspensão Oleosa, Característica Adicional:Formulação Especialmente Manipulada"
7337,Felodipino,436601,"436601 - Felodipino, Composição:Associado Ao Metoprolol, Concentração:50 Mg + 5 MG, Forma Farmacêutica:Liberação Prolongada"
7337,Felodipino,285065,"285065 - Felodipino, Concentração:10 MG, Apresentação:Liberação Prolongada"
7337,Felodipino,285064,"285064 - Felodipino, Concentração:2,5 MG, Apresentação:Liberação Prolongada"
7337,Felodipino,285063,"285063 - Felodipino, Concentração:5 MG, Apresentação:Liberação Prolongada"
7342,Femprocumona,274226,"274226 - Femprocumona, Concentração:3 MG"
7345,Fenazopiridina,272980,"272980 - Fenazopiridina, Dosagem:200 MG"
7345,Fenazopiridina,272979,"272979 - Fenazopiridina, Dosagem:100 MG"
7351,Fenitoína Sódica,269391,"269391 - Fenitoína Sódica, Dosagem:20 MG/ML, Apresentação:Suspensão Oral"
7351,Fenitoína Sódica,267657,"267657 - Fenitoína Sódica, Dosagem:100 MG"
7351,Fenitoína Sódica,267107,"267107 - Fenitoína Sódica, Dosagem:50 MG/ML, Apresentação:Solução Injetável"
7360,Fenoprofeno,272962,"272962 - Fenoprofeno, Dosagem:200 MG"
7362,Fenoxazolina,272965,"272965 - Fenoxazolina, Dosagem:1 MG/ML, Aplicação:Solução Nasal"
7362,Fenoxazolina,272964,"272964 - Fenoxazolina, Dosagem:0,5 MG/ML, Aplicação:Solução Nasal"
7363,Fenoximetilpenicilina,272972,"272972 - Fenoximetilpenicilina, Composição:Potássica, Concentração:80.000ui/Ml, Apresentação:Solução Oral"
7363,Fenoximetilpenicilina,272971,"272971 - Fenoximetilpenicilina, Composição:Potássica, Concentração:500.000ui"
7355,Fenobarbital Sódico,300725,"300725 - Fenobarbital Sódico, Dosagem:100 MG/ML, Forma Farmacêutica:Solução Injetável"
7355,Fenobarbital Sódico,300723,"300723 - Fenobarbital Sódico, Dosagem:40 MG/ML, Forma Farmacêutica:Solução Oral - Gotas"
7355,Fenobarbital Sódico,300722,"300722 - Fenobarbital Sódico, Dosagem:200 MG/ML, Forma Farmacêutica:Solução Injetável"
7355,Fenobarbital Sódico,273626,"273626 - Fenobarbital Sódico, Dosagem:50 MG"
7355,Fenobarbital Sódico,267660,"267660 - Fenobarbital Sódico, Dosagem:100 MG"
7364,Fentanila,627366,"627366 - Fentanila, Concentração:0,02 MG/ML, Forma Farmacêutica:Solução P/ Infusão"
7364,Fentanila,480071,"480071 - Fentanila, Concentração:200 MCG, Forma Farmacêutica:Orodispersível"
7364,Fentanila,480070,"480070 - Fentanila, Concentração:100 MCG, Forma Farmacêutica:Orodispersível"
7364,Fentanila,480069,"480069 - Fentanila, Concentração:800 MCG, Forma Farmacêutica:Orodispersível"
7364,Fentanila,480068,"480068 - Fentanila, Concentração:600 MCG, Forma Farmacêutica:Orodispersível"
7364,Fentanila,480067,"480067 - Fentanila, Concentração:400 MCG, Forma Farmacêutica:Orodispersível"
7364,Fentanila,460203,"460203 - Fentanila, Composição:Sal Citrato, Concentração:8,4 MG, Forma Farmacêutica:Adesivo Transdérmico"
7364,Fentanila,438851,"438851 - Fentanila, Composição:Associado Com Droperidol, Concentração:0,0785 Mg/Ml + 2,5 MG/ML, Forma Farmacêutica:Solução Injetável"
7364,Fentanila,424712,"424712 - Fentanila, Composição:Sal Citrato, Concentração:78,5 MG/ML, Forma Farmacêutica:Solução Injetável"
7364,Fentanila,400597,"400597 - Fentanila, Composição:Sal Citrato, Concentração:12,5 MCG, Forma Farmacêutica:Adesivo Transdérmico"
7364,Fentanila,299317,"299317 - Fentanila, Composição:Associado Com Droperidol, Concentração:0,05 Mg + 2,5 MG/ML, Forma Farmacêutica:Solução Injetável"
7364,Fentanila,271950,"271950 - Fentanila, Apresentação:Sal Citrato, Dosagem:0,05 MG/ML, Indicação:Solução Injetável"
7364,Fentanila,271949,"271949 - Fentanila, Apresentação:Sal Citrato, Dosagem:50 MCG, Indicação:Adesivo Transdérmico"
7364,Fentanila,271948,"271948 - Fentanila, Apresentação:Sal Citrato, Dosagem:100 MCG, Indicação:Adesivo Transdérmico"
7364,Fentanila,271947,"271947 - Fentanila, Apresentação:Sal Citrato, Dosagem:75 MCG, Indicação:Adesivo Transdérmico"
7364,Fentanila,271946,"271946 - Fentanila, Apresentação:Sal Citrato, Dosagem:25 MCG, Indicação:Adesivo Transdérmico"
7416,Fibrinolisina,366833,"366833 - Fibrinolisina, Composição:Associada Com Desoxirribonuclease E Gentamicina, Concentração:1 Ul + 666 U + 1 MG/G, Forma Farmaceutica:Ungüento"
7416,Fibrinolisina,270504,"270504 - Fibrinolisina, Composição:Associada Com Desoxirribonuclease E Cloranfenicol, Dosagem:1u + 666u + 1%, Apresentação:Pomada Vaginal + Aplicadores"
7416,Fibrinolisina,270503,"270503 - Fibrinolisina, Composição:Associada Com Desoxirribonuclease E Cloranfenicol, Dosagem:1u + 666u + 1%, Apresentação:Pomada"
7427,Filgrastim,367723,"367723 - Filgrastim, Composição:Peguilado, Concentraçao:6 Mg/0,6 ML, Forma Farmaceutica:Solução Injetável"
7427,Filgrastim,300412,"300412 - Filgrastim, Concentração:300 MCG/ML, Forma Farmacêutica:Solução Injetável"
7427,Filgrastim,268118,"268118 - Filgrastim, Apresentação:300mcg, Tipo Uso:Injetável"
7498,Finasterida,429055,"429055 - Finasterida, Composição:Associada À Doxazosina Mesilato, Concentração:5 Mg + 2 MG"
7498,Finasterida,275964,"275964 - Finasterida, Concentração:1 MG"
7498,Finasterida,275963,"275963 - Finasterida, Concentração:5 MG"
30377,Tirzepatida,636908,"636908 - Tirzepatida, Concentração:30 MG/ML, Forma Farmacêutica:Solução Injetável"
30377,Tirzepatida,636907,"636907 - Tirzepatida, Concentração:25 MG/ML, Forma Farmacêutica:Solução Injetável"
30377,Tirzepatida,636906,"636906 - Tirzepatida, Concentração:20 MG/ML, Forma Farmacêutica:Solução Injetável"
30377,Tirzepatida,636905,"636905 - Tirzepatida, Concentração:15 MG/ML, Forma Farmacêutica:Solução Injetável"
30377,Tirzepatida,636904,"636904 - Tirzepatida, Concentração:10 MG/ML, Forma Farmacêutica:Solução Injetável"
30377,Tirzepatida,636903,"636903 - Tirzepatida, Concentração:5 MG/ML, Forma Farmacêutica:Solução Injetável"
30377,Tirzepatida,636902,"636902 - Tirzepatida, Concentração:30 MG/ML, Forma Farmacêutica:Solução Injetável, Adicional:Seringa Preenchida C/ Caneta Aplicadora"
30377,Tirzepatida,636901,"636901 - Tirzepatida, Concentração:25 MG/ML, Forma Farmacêutica:Solução Injetável, Adicional:Seringa Preenchida C/ Caneta Aplicadora"
30377,Tirzepatida,636900,"636900 - Tirzepatida, Concentração:20 MG/ML, Forma Farmacêutica:Solução Injetável, Adicional:Seringa Preenchida C/ Caneta Aplicadora"
30377,Tirzepatida,636899,"636899 - Tirzepatida, Concentração:15 MG/ML, Forma Farmacêutica:Solução Injetável, Adicional:Seringa Preenchida C/ Caneta Aplicadora"
30377,Tirzepatida,632290,"632290 - Tirzepatida, Concentração:10 MG/ML, Forma Farmacêutica:Solução Injetável, Adicional:Seringa Preenchida C/ Caneta Aplicadora"
30377,Tirzepatida,632289,"632289 - Tirzepatida, Concentração:5 MG/ML, Forma Farmacêutica:Solução Injetável, Adicional:Seringa Preenchida C/ Caneta Aplicadora"
30378,Isoleucina.,632410,"632410 - Isoleucina., Concentração:100 MG/ML, Forma Farmacêutica:Solução Oral, Adicional:Formulação Especialmente Manipulada"
7644,Fluconazol,465033,"465033 - Fluconazol, Concentração:2,5 MG/ML, Forma Farmaceutica:Solução Oral, Característica Adicional:Formulação Especialmente Manipulada"
7644,Fluconazol,448857,"448857 - Fluconazol, Concentração:10 MG/ML, Forma Farmaceutica:Suspensão Oral"
7644,Fluconazol,438421,"438421 - Fluconazol, Concentração:20 MG/ML, Forma Farmaceutica:Solução Oral, Característica Adicional:Formulação Especialmente Manipulada"
7644,Fluconazol,433723,"433723 - Fluconazol, Composição:Associado Com Uréia E Óleo De Amêndoas, Concentração:2 % + 15 % + 10 %, Forma Farmaceutica:Creme, Característica Adicional:Formulação Especialmente Manipulada"
7644,Fluconazol,386336,"386336 - Fluconazol, Concentração:1 MG/ML, Forma Farmaceutica:Solução Oral, Característica Adicional:Formulação Especialmente Manipulada"
7644,Fluconazol,271116,"271116 - Fluconazol, Dosagem:2 MG/ML, Uso:Injetável"
7644,Fluconazol,271115,"271115 - Fluconazol, Dosagem:50 MG"
7644,Fluconazol,267662,"267662 - Fluconazol, Dosagem:150 MG"
7644,Fluconazol,267661,"267661 - Fluconazol, Dosagem:100 MG"
7645,Fludarabina Fosfato,332989,"332989 - Fludarabina Fosfato, Dosagem:10 MG"
7645,Fludarabina Fosfato,268509,"268509 - Fludarabina Fosfato, Dosagem:50 Mg, Tipo Uso:Injetável"
7646,Fludroxicortida,315483,"315483 - Fludroxicortida, Composição:Associada Com Neomicina Sulfato, Concentração:0,125 Mg + 3,5 Mg/G, Forma Farmacêutica:Creme"
7646,Fludroxicortida,283361,"283361 - Fludroxicortida, Composição:Associada Com Clioquinol, Concentração:0,125 Mg + 30 Mg/G, Apresentação:Creme"
7646,Fludroxicortida,283360,"283360 - Fludroxicortida, Concentração:0,5 Mg/Ml, Apresentação:Loção Emulsionada, Frasco Spray"
7646,Fludroxicortida,283359,"283359 - Fludroxicortida, Concentração:0,5 Mg/Ml, Apresentação:Loção Emulsionada, Frasco Gotejador"
7646,Fludroxicortida,283358,"283358 - Fludroxicortida, Concentração:4 Mcg/Cm², Apresentação:Curativo Oclusivo"
7646,Fludroxicortida,283357,"283357 - Fludroxicortida, Concentração:0,125 Mg/G, Apresentação:Pomada"
7646,Fludroxicortida,283356,"283356 - Fludroxicortida, Concentração:0,125 Mg/G, Apresentação:Creme"
7653,Flumazenil,268510,"268510 - Flumazenil, Dosagem:0,1 MG/ML, Indicação:Solução Injetável"
7656,Flunitrazepam,363778,"363778 - Flunitrazepam, Concentração:2 MG"
7656,Flunitrazepam,272931,"272931 - Flunitrazepam, Dosagem:1 MG"
7660,Fluoresceína,448704,"448704 - Fluoresceína, Concentraçao:1 MG, Forma Farmaceutica:Tira, Características Adicionais 1:Estéril"
7660,Fluoresceína,272949,"272949 - Fluoresceína, Concentração:20%, Aplicação:Solução Injetável"
7660,Fluoresceína,272948,"272948 - Fluoresceína, Concentração:10%, Aplicação:Solução Injetável"
7660,Fluoresceína,272947,"272947 - Fluoresceína, Concentração:25%, Aplicação:Solução Injetável"
7660,Fluoresceína,272945,"272945 - Fluoresceína, Concentração:2%, Aplicação:Solução Oftálmica"
7660,Fluoresceína,272944,"272944 - Fluoresceína, Concentração:1%, Aplicação:Solução Oftálmica"
7662,Fluoreto De Sódio,428105,"428105 - Fluoreto De Sódio, Concentração:0,2%, Forma Farmacêutica:Solução Bucal"
7662,Fluoreto De Sódio,428104,"428104 - Fluoreto De Sódio, Concentração:2%, Forma Farmacêutica:Gel Tixotrópico, Característica Adicional:Acidulado"
7662,Fluoreto De Sódio,428103,"428103 - Fluoreto De Sódio, Concentração:2%, Forma Farmacêutica:Gel Tixotrópico, Característica Adicional:Neutro"
7662,Fluoreto De Sódio,428102,"428102 - Fluoreto De Sódio, Concentração:1,23%, Forma Farmacêutica:Gel Tixotrópico, Característica Adicional:Acidulado"
7662,Fluoreto De Sódio,428101,"428101 - Fluoreto De Sódio, Concentração:1,23%, Forma Farmacêutica:Gel Tixotrópico, Característica Adicional:Neutro"
7662,Fluoreto De Sódio,428100,"428100 - Fluoreto De Sódio, Concentração:1,23%, Forma Farmacêutica:Espuma, Característica Adicional:Acidulado"
7662,Fluoreto De Sódio,428099,"428099 - Fluoreto De Sódio, Concentração:1,23%, Forma Farmacêutica:Espuma, Característica Adicional:Neutro"
7662,Fluoreto De Sódio,301906,"301906 - Fluoreto De Sódio, Concentração:0,05%, Forma Farmacêutica:Solução Bucal"
7667,Fluoxetina,395719,"395719 - Fluoxetina, Concentração:60 MG, Forma Farmaceutica:Oral, Característica Adicional:Formulação Especialmente Manipulada"
7667,Fluoxetina,305464,"305464 - Fluoxetina, Dosagem:10 MG"
7667,Fluoxetina,279292,"279292 - Fluoxetina, Dosagem:4 MG/ML, Apresentação:Solução Oral"
7667,Fluoxetina,277513,"277513 - Fluoxetina, Dosagem:20 MG/ML, Apresentação:Solução Oral, Gotas"
7667,Fluoxetina,273009,"273009 - Fluoxetina, Dosagem:20 MG"
7668,Flurazepam,273011,"273011 - Flurazepam, Dosagem:30 Mg"
7670,Flutamida,268177,"268177 - Flutamida, Dosagem:250 Mg"
7669,Flurbiprofeno,602271,"602271 - Flurbiprofeno, Concentração:40 MG, Forma Farmaceutica:Adesivo Transdérmico"
7669,Flurbiprofeno,444167,"444167 - Flurbiprofeno, Concentração:8,75 MG"
7669,Flurbiprofeno,273012,"273012 - Flurbiprofeno, Dosagem:0,3 MG/ML, Aplicação:Solução Oftálmica"
7740,Lanolina,621997,"621997 - Lanolina, Concentração:Pura, Forma Farmacêutica:Pomada"
7740,Lanolina,479219,"479219 - Lanolina, Concentração:A 30%, Forma Farmacêutica:Pomada Oftálmica, Característica Adicional:Formulação Especialmente Manipulada"
7740,Lanolina,416399,"416399 - Lanolina, Concentração:A 2,5%, Forma Farmacêutica:Pomada, Característica Adicional:Formulação Especialmente Manipulada"
7779,Foscarnete Sódico,350109,"350109 - Foscarnete Sódico, Concentração:24 MG/ML, Forma Farmacêutica:Solução Injetável"
7790,Tafluprosta,415509,"415509 - Tafluprosta, Concentração:15 MCG/ML, Forma Farmacêutica:Solução Oftálmica"
7793,Decitabina,382939,"382939 - Decitabina, Concentração:50 MG, Forma Farmacêutica:Pó Liófilo P/ Injetável"
7799,Fosinopril,273024,"273024 - Fosinopril, Princípio Ativo:Associado Com Hidroclorotiazida, Composição:10mg + 12,5mg"
7799,Fosinopril,273023,"273023 - Fosinopril, Dosagem:20 MG"
7799,Fosinopril,268862,"268862 - Fosinopril, Dosagem:10 MG"
30379,Valina.,632413,"632413 - Valina., Concentração:100 MG/ML, Forma Farmacêutica:Solução Oral, Adicional:Formulação Especialmente Manipulada"
30438,Talco,639103,"639103 - Talco, Composição:100%, Forma Farmacêutica:Pó, Granulometria Específica, Estéril, Adicional:Especialmente Manipulado"
7787,Fosfato De Sódio,622318,"622318 - Fosfato De Sódio, Composição:Associado Ao Fosfato De Potássio, Concentração:298 Mg + 45 MG, Característica Adicional:Especialmente Manipulado"
7787,Fosfato De Sódio,620851,"620851 - Fosfato De Sódio, Composição:Monobásico E Dibásico, Fosfato De Potássio, Concentração:130 Mg + 852 Mg + 155 MG, Característica Adicional:Especialmente Manipulado"
7787,Fosfato De Sódio,619631,"619631 - Fosfato De Sódio, Composição:Dibásico, Concentração:0,05 MG/ML, Forma Farmacêutica:Solução Oral, Característica Adicional:Especialmente Manipulado"
7787,Fosfato De Sódio,473623,"473623 - Fosfato De Sódio, Composição:Monobásico E Dibásico, Fosfato De Potássio, Concentração:30 Mg + 852 Mg + 155 MG, Característica Adicional:Especialmente Manipulado"
7787,Fosfato De Sódio,464229,"464229 - Fosfato De Sódio, Composição:Associado Ao Ácido Ortofosfórico, Concentração:135 Mg/Ml + 58,5 MG/ML, Forma Farmacêutica:Solução Oral, Característica Adicional:Especialmente Manipulado"
7787,Fosfato De Sódio,464162,"464162 - Fosfato De Sódio, Composição:Associado Ao Fosfato De Potássio, Concentração:400 Mg + 155 MG, Característica Adicional:Especialmente Manipulado"
7787,Fosfato De Sódio,464157,"464157 - Fosfato De Sódio, Composição:Associado Ao Fosfato De Potássio, Concentração:800 Mg + 310 MG, Característica Adicional:Especialmente Manipulado"
7787,Fosfato De Sódio,445034,"445034 - Fosfato De Sódio, Composição:Dibásico E Monobásico, Concentração:58,6 Mg/Ml + 11,55 MG/ML, Forma Farmacêutica:Solução Oral, Característica Adicional:Especialmente Manipulado"
7787,Fosfato De Sódio,364389,"364389 - Fosfato De Sódio, Composição:Fosfato Monobásico + Fosfato Dibásico, Concentração:48% + 18%, Forma Farmacêutica:Xarope, Característica Adicional:Especialmente Manipulado"
7787,Fosfato De Sódio,335088,"335088 - Fosfato De Sódio, Composição:Dibásico, Associado Ao Ácido Cítrico E Glicerina, Concentração:7% + 12,1% + 14%, Forma Farmacêutica:Solução Oral, Característica Adicional:Especialmente Manipulado"
7787,Fosfato De Sódio,267328,"267328 - Fosfato De Sódio, Apresentação:Enema, Dosagem:Fosfato Monobásico 16% + Fosfato Dibásico 6%"
7858,Cetotifeno,340128,"340128 - Cetotifeno, Composição:Fumarato, Concentração:0,345 MG/ML, Forma Farmaceutica:Solução Oftálmica"
7858,Cetotifeno,271127,"271127 - Cetotifeno, Princípio Ativo:Fumarato Ácido, Dosagem:2 MG, Apresentação:Liberação Lenta"
7858,Cetotifeno,271126,"271126 - Cetotifeno, Princípio Ativo:Fumarato Ácido, Dosagem:1 MG"
7858,Cetotifeno,271125,"271125 - Cetotifeno, Princípio Ativo:Fumarato Ácido, Dosagem:1 MG/ML, Apresentação:Solução Oral - Gotas"
7858,Cetotifeno,271124,"271124 - Cetotifeno, Princípio Ativo:Fumarato Ácido, Dosagem:0,2 MG/ML, Apresentação:Xarope"
7878,Furosemida,479547,"479547 - Furosemida, Concentração:20 MG/ML, Forma Farmaceutica:Solução Oral, Característica Adicional:Formulação Especialmente Manipulada"
7878,Furosemida,464305,"464305 - Furosemida, Concentração:2,5 MG/ML, Forma Farmaceutica:Solução Oral, Característica Adicional:Formulação Especialmente Manipulada"
7878,Furosemida,462252,"462252 - Furosemida, Concentração:10 MG/ML, Forma Farmaceutica:Uso Oral, Característica Adicional:Formulação Especialmente Manipulada"
7878,Furosemida,438434,"438434 - Furosemida, Concentração:4 MG/ML, Forma Farmaceutica:Solução Oral, Característica Adicional:Formulação Especialmente Manipulada"
7878,Furosemida,427589,"427589 - Furosemida, Concentração:2 MG/ML, Forma Farmaceutica:Solução Oral, Característica Adicional:Formulação Especialmente Manipulada"
7878,Furosemida,367666,"367666 - Furosemida, Concentração:10 MG/ML, Forma Farmaceutica:Xarope, Característica Adicional:Formulação Especialmente Manipulada"
7878,Furosemida,367510,"367510 - Furosemida, Concentração:1 MG/ML, Forma Farmaceutica:Xarope, Característica Adicional:Formulação Especialmente Manipulada"
7878,Furosemida,367508,"367508 - Furosemida, Concentração:5 MG/ML, Forma Farmaceutica:Solução Oral, Característica Adicional:Formulação Especialmente Manipulada"
7878,Furosemida,292732,"292732 - Furosemida, Composição:Associada Com Cloreto De Potássio, Dosagem:40 Mg + 100 MG"
7878,Furosemida,269390,"269390 - Furosemida, Composição:10 Mg/Ml, Apresentação:Solução Oral"
7878,Furosemida,267666,"267666 - Furosemida, Composição:10 Mg/Ml, Apresentação:Solução Injetável"
7878,Furosemida,267663,"267663 - Furosemida, Dosagem:40 MG"
7919,Ganciclovir Sódico,330115,"330115 - Ganciclovir Sódico, Dosagem:500 MG, Forma Farmacêutica:Pó Liófilo P/ Injetável"
7919,Ganciclovir Sódico,330114,"330114 - Ganciclovir Sódico, Dosagem:50 MG/ML, Forma Farmacêutica:Solução Injetável"
7919,Ganciclovir Sódico,330113,"330113 - Ganciclovir Sódico, Dosagem:1 MG/ML, Forma Farmacêutica:Solução Injetável"
7919,Ganciclovir Sódico,268458,"268458 - Ganciclovir Sódico, Dosagem:250 MG"
7964,Genfibrozila,267088,"267088 - Genfibrozila, Dosagem:600 MG"
7964,Genfibrozila,267087,"267087 - Genfibrozila, Dosagem:900 MG"
7966,Gentuzumabe Ozogamicina,479356,"479356 - Gentuzumabe Ozogamicina, Concentração:4,5 G, Forma Farmacêutica:Pó Liófilo P/ Injetável"
7996,Gestodeno,389802,"389802 - Gestodeno, Composição:Associado Ao Etinilestradiol, Concentração:0,06 Mg + 0,015 MG"
7996,Gestodeno,332795,"332795 - Gestodeno, Composição:Associado Ao Etinilestradiol, Concentração:0,075 Mg + 0,03 MG"
7996,Gestodeno,332794,"332794 - Gestodeno, Composição:Associado Ao Etinilestradiol, Concentração:0,075 Mg + 0,02 MG"
7998,Gemifloxacino,383754,"383754 - Gemifloxacino, Concentração:320 MG"
8000,Glibenclamida,267671,"267671 - Glibenclamida, Dosagem:5 Mg"
8002,Glicana,399466,"399466 - Glicana, Concentração:2 MG/ML, Forma Farmacêutica:Suspensão Injetável"
8004,Buclizina,400390,"400390 - Buclizina, Composição:Sal Cloridrato, Concentração:25 MG"
8009,Tiopronina,467009,"467009 - Tiopronina, Concentração:100 MG"
8009,Tiopronina,400435,"400435 - Tiopronina, Concentração:250 MG"
8012,Glimepirida,397438,"397438 - Glimepirida, Concentração:6 MG"
8012,Glimepirida,388403,"388403 - Glimepirida, Concentração:3 MG"
8012,Glimepirida,273121,"273121 - Glimepirida, Dosagem:4 Mg"
8012,Glimepirida,273120,"273120 - Glimepirida, Dosagem:1 Mg"
8012,Glimepirida,273119,"273119 - Glimepirida, Dosagem:2 Mg"
8013,Glipizida,354516,"354516 - Glipizida, Concentração:5 MG"
8018,Glucagon,305106,"305106 - Glucagon, Dosagem:1 MG, Forma Farmacêutica:Pó Liófilo P/Injetável"
8019,Gliconato De Cálcio,465074,"465074 - Gliconato De Cálcio, Composição:Associado Ao Fosfato De Cálcio, Concentração:25 Mg/Ml + 26 MG/ML, Forma Farmaceutica:Solução Oral, Características Adicionais 1:Formulação Especialmente Manipulada"
8019,Gliconato De Cálcio,400762,"400762 - Gliconato De Cálcio, Composição:Associado À Lidocaína, Em Base De Petrolato, Concentração:25 Mg + 20 MG/G, Forma Farmaceutica:Pomada, Formulação Especialmente Manipulada"
8019,Gliconato De Cálcio,400761,"400761 - Gliconato De Cálcio, Concentração:50 MG/ML, Forma Farmaceutica:Solução Tópica, Especialmente Manipulada"
8019,Gliconato De Cálcio,400759,"400759 - Gliconato De Cálcio, Concentração:10 MG/ML, Forma Farmaceutica:Solução Tópica, Especialmente Manipulada"
8019,Gliconato De Cálcio,396155,"396155 - Gliconato De Cálcio, Composição:Associado Ao Lactobionato De Cálcio, Concentração:2263 Mg + 1750 MG, Forma Farmaceutica:Efervescente"
8019,Gliconato De Cálcio,270019,"270019 - Gliconato De Cálcio, Dosagem:10%, Apresentação:Solução Injetável"
8034,Gonadotropina,275651,"275651 - Gonadotropina, Composição:Coriônica Alfa Hcg Recomb.,Coriogonadotropina Alfa, Concentração:250 Mcg, Apresentação:Injetável"
8034,Gonadotropina,275649,"275649 - Gonadotropina, Composição:Coriônica Humana, Concentração:5.000 Ui, Apresentação:Injetável"
8034,Gonadotropina,275647,"275647 - Gonadotropina, Composição:Coriônica Humana, Concentração:1.500 Ui, Apresentação:Injetável"
8007,Glicose,604858,"604858 - Glicose, Concentraçao:50%, Forma Farmaceutica:Solução Injetável, Caracteristica Adicional:Sistema Fechado, Bolsa/Frasco Isento De Pvc"
8007,Glicose,603563,"603563 - Glicose, Concentraçao:10%, Forma Farmaceutica:Solução Injetável, Caracteristica Adicional:Sistema Fechado, Bolsa/Frasco Isento De Pvc"
8007,Glicose,603242,"603242 - Glicose, Concentraçao:40%, Forma Farmaceutica:Gel Oral, Caracteristica Adicional:Formulação Especialmente Manipulada"
8007,Glicose,440270,"440270 - Glicose, Concentraçao:75%, Forma Farmaceutica:Solução Injetável"
8007,Glicose,366913,"366913 - Glicose, Composição:Associada Ao Cloreto De Sódio, Concentraçao:5% + 0,9%, Forma Farmaceutica:Solução Injetável, Caracteristica Adicional:Sistema Fechado"
8007,Glicose,357880,"357880 - Glicose, Concentraçao:5%, Forma Farmaceutica:Solução Injetável, Caracteristica Adicional:Sistema Fechado, Embalagem Primária Isenta De Pvc"
8007,Glicose,353564,"353564 - Glicose, Concentraçao:50%, Forma Farmaceutica:Solução Injetável, Caracteristica Adicional:Sistema Fechado"
8007,Glicose,276099,"276099 - Glicose, Concentração:7%, Indicação:Solução Injetável, Características Adicionais:Sistema Twist Off"
8007,Glicose,270092,"270092 - Glicose, Concentração:5%, Indicação:Solução Injetável, Características Adicionais:Sistema Fechado"
8007,Glicose,267544,"267544 - Glicose, Concentração:10%, Indicação:Solução Injetável, Características Adicionais:Sistema Fechado"
8007,Glicose,267541,"267541 - Glicose, Concentração:50%, Indicação:Solução Injetável"
8007,Glicose,267540,"267540 - Glicose, Concentração:25%, Indicação:Solução Injetável"
8083,Granisetrona,606838,"606838 - Granisetrona, Concentração:0,06 MG, Forma Farmaceutica:Solução P/ Infusão, Adicional:Bolsa/Frasco Isento De Pvc"
8083,Granisetrona,352238,"352238 - Granisetrona, Concentração:1 MG/ML, Forma Farmaceutica:Solução Injetável"
8083,Granisetrona,276842,"276842 - Granisetrona, Dosagem:1 MG"
8107,Griseofulvina,273112,"273112 - Griseofulvina, Dosagem:500 MG"
8115,Guaifenesina,483775,"483775 - Guaifenesina, Concentração:6,67 MG/ML, Forma Farmacêutica:Xarope"
8115,Guaifenesina,480083,"480083 - Guaifenesina, Concentração:13,33 MG/ML, Forma Farmacêutica:Xarope"
8115,Guaifenesina,480082,"480082 - Guaifenesina, Concentração:16 MG/ML, Forma Farmacêutica:Xarope"
30380,Fomepizol,632584,"632584 - Fomepizol, Concentração:1 G/ML, Forma Farmacêutica:Solução Injetável"
30439,Palopegteriparatida,639131,"639131 - Palopegteriparatida, Composição:Pth(1-34), Concentração:300 MCG/ML, Forma Farmacêutica:Solução Injetável, Adicional:Seringa Preenchida C/ Caneta Aplicadora"
8164,Haloperidol,640327,"640327 - Haloperidol, Composição:Sal Decanoato, Concentraçao:70,52 MG/ML, Forma Farmaceutica:Solução Injetável"
8164,Haloperidol,342139,"342139 - Haloperidol, Concentraçao:10 MG"
8164,Haloperidol,342138,"342138 - Haloperidol, Concentraçao:2 MG"
8164,Haloperidol,292196,"292196 - Haloperidol, Concentração:5 MG/ML, Tipo Uso:Solução Injetável"
8164,Haloperidol,292195,"292195 - Haloperidol, Concentração:2 MG/ML, Tipo Uso:Solução Oral-Gotas"
8164,Haloperidol,292194,"292194 - Haloperidol, Apresentação:Sal Decanoato, Concentração:50 MG/ML, Tipo Uso:Solução Injetável"
8164,Haloperidol,267670,"267670 - Haloperidol, Dosagem:1 MG"
8164,Haloperidol,267669,"267669 - Haloperidol, Dosagem:5 MG"
8165,Halotano,268462,"268462 - Halotano, Apresentação:Líquido Inalante"
8201,Peróxido De Uréia,433494,"433494 - Peróxido De Uréia, Concentração:100 MG/ML, Forma Farmacêutica:Solução Otológica"
8202,Ceftarolina,433101,"433101 - Ceftarolina, Composição:Fosamila, Concentração:600 MG, Forma Farmacêutica:Pó P/ Preparação Extemporânea"
8205,Hexamidina,270472,"270472 - Hexamidina, Composição:Associada Com Tetracaína Cloridrato, Dosagem:1mg + 0,5mg/Ml, Apresentação:Colutório, Frasco Nebulizador"
8199,Prucaloprida,463626,"463626 - Prucaloprida, Concentração:1 MG"
8199,Prucaloprida,427719,"427719 - Prucaloprida, Concentração:2 MG"
8211,Hidralazina,627300,"627300 - Hidralazina, Concentração:12,5 MG/ML, Forma Farmaceutica:Solução Oral, Adicional:Formulação Especialmente Manipulada"
8211,Hidralazina,268115,"268115 - Hidralazina, Dosagem:20 MG/ML, Indicação:Solução Injetável"
8211,Hidralazina,268112,"268112 - Hidralazina, Dosagem:50 MG"
8211,Hidralazina,268111,"268111 - Hidralazina, Dosagem:25 MG"
8215,Hilano,448711,"448711 - Hilano, Composição:G-F 20, Concentração:8 MG/ML, Forma Farmaceutica:Solução Injetável Intra-Articular, Características Adicionais:Seringa Preenchida"
8220,Hidroclorotiazida,469045,"469045 - Hidroclorotiazida, Concentração:10 MG, Característica Adicional:Formulação Especialmente Manipulada"
8220,Hidroclorotiazida,445107,"445107 - Hidroclorotiazida, Concentração:10 MG/ML, Forma Farmacêutica:Suspensão Oral, Característica Adicional:Formulação Especialmente Manipulada"
8220,Hidroclorotiazida,382298,"382298 - Hidroclorotiazida, Concentração:2 MG/ML, Forma Farmacêutica:Suspensão Oral, Característica Adicional:Formulação Especialmente Manipulada"
8220,Hidroclorotiazida,367511,"367511 - Hidroclorotiazida, Concentração:1 MG/ML, Forma Farmacêutica:Suspensão Oral Em Base De Xarope Simples, Característica Adicional:Formulação Especialmente Manipulada"
8220,Hidroclorotiazida,364324,"364324 - Hidroclorotiazida, Concentração:12,5 MG, Característica Adicional:Formulação Especialmente Manipulada"
8220,Hidroclorotiazida,348349,"348349 - Hidroclorotiazida, Concentração:5 MG/ML, Forma Farmacêutica:Suspensão Oral, Característica Adicional:Formulação Especialmente Manipulada"
8220,Hidroclorotiazida,267675,"267675 - Hidroclorotiazida, Dosagem:50 MG"
8220,Hidroclorotiazida,267674,"267674 - Hidroclorotiazida, Dosagem:25 MG"
8233,Ibandronato De Sódio,448620,"448620 - Ibandronato De Sódio, Composição:Monoidratado, Concentração:1 MG/ML, Forma Farmacêutica:Solução Injetável, Características Adicionais:Seringa Preenchida"
8233,Ibandronato De Sódio,357059,"357059 - Ibandronato De Sódio, Composição:Monohidratado, Equivalente Ao Ácido Ibandrônico, Concentração:150 MG"
8256,Pirfenidona,434252,"434252 - Pirfenidona, Concentração:267 MG"
8256,Pirfenidona,433049,"433049 - Pirfenidona, Concentração:200 MG"
8261,Hexacianoferrato(Ii) De Ferro(Iii),433793,"433793 - Hexacianoferrato(Ii) De Ferro(Iii), Concentração:500 MG"
8262,Hipromelose,443422,"443422 - Hipromelose, Concentração:20 MG/ML, Forma Farmaceutica:Solução Intraocular, Características Adicionais:Em Seringa Preenchida"
8262,Hipromelose,397674,"397674 - Hipromelose, Concentração:500 Mg/Dose, Forma Farmaceutica:Pó Inalante, Spray Nasal"
8262,Hipromelose,394754,"394754 - Hipromelose, Composição:Associada À Cetrimida, Concentração:3,2 Mg + 0,1 MG/ML, Forma Farmaceutica:Solução Oftálmica"
8262,Hipromelose,373910,"373910 - Hipromelose, Concentração:2 MG/ML, Forma Farmaceutica:Solução Oftálmica"
8262,Hipromelose,373909,"373909 - Hipromelose, Concentração:3 MG/ML, Forma Farmaceutica:Solução Oftálmica"
8262,Hipromelose,312390,"312390 - Hipromelose, Composição:Associada Com Dextran 70 E Glicerol, Dosagem:3 Mg + 1 Mg + 2 Mg/Ml, Forma Farmacêutica:Solução Oftálmica"
8262,Hipromelose,270042,"270042 - Hipromelose, Dosagem:0,5%, Apresentação:Solução Oftálmica"
8248,Hidroxiuréia,602487,"602487 - Hidroxiuréia, Concentração:100 MG"
8248,Hidroxiuréia,602486,"602486 - Hidroxiuréia, Concentração:1000 MG"
8248,Hidroxiuréia,268110,"268110 - Hidroxiuréia, Dosagem:500 Mg"
8228,Hidroxicloroquina Sulfato,612506,"612506 - Hidroxicloroquina Sulfato, Composição:Associado À Famotidina, Piroxicam E Prednisona, Concentração:100 Mg + 20 Mg + 8,5 Mg + 3,5 MG, Adicional:Formulação Especialmente Manipulada"
8228,Hidroxicloroquina Sulfato,386041,"386041 - Hidroxicloroquina Sulfato, Concentração:200 MG"
8228,Hidroxicloroquina Sulfato,268119,"268119 - Hidroxicloroquina Sulfato, Dosagem:400 Mg"
8210,Hialuronidase,623457,"623457 - Hialuronidase, Concentraçao:65 UTR, Forma Farmaceutica:Creme, Adicional:Formulação Especialmente Manipulada"
8210,Hialuronidase,396029,"396029 - Hialuronidase, Apresentação:Associado À Betametasona Valerato, Concentração:150 Utr + 2,5 MG/G, Forma Farmacêutica:Pomada"
8210,Hialuronidase,389409,"389409 - Hialuronidase, Concentração:1330 UTR/G, Forma Farmacêutica:Creme"
8210,Hialuronidase,291019,"291019 - Hialuronidase, Apresentação:Associada Com Lidocaína E Neomicina Sulfato, Concentração:100 Utr + 50 Mg + 5 MG/ML, Forma Farmacêutica:Solução Otológica"
8210,Hialuronidase,290992,"290992 - Hialuronidase, Concentração:2000 UTR, Forma Farmacêutica:Injetável"
8210,Hialuronidase,274920,"274920 - Hialuronidase, Concentração:20.000 UTR, Indicação:Injetável"
8249,Hidroxizina Cloridrato,394263,"394263 - Hidroxizina Cloridrato, Concentração:2 MG/ML, Forma Farmaceutica:Solução Oral"
8249,Hidroxizina Cloridrato,273311,"273311 - Hidroxizina Cloridrato, Dosagem:10 MG"
8249,Hidroxizina Cloridrato,273310,"273310 - Hidroxizina Cloridrato, Dosagem:25 MG"
8222,Hidrocortisona,637278,"637278 - Hidrocortisona, Concentração:2 MG/ML, Forma Farmacêutica:Xarope, Adicional:Formulação Especialmente Manipulada"
8222,Hidrocortisona,616690,"616690 - Hidrocortisona, Concentração:20 MG"
8222,Hidrocortisona,467581,"467581 - Hidrocortisona, Concentração*:1 MG, Adicional:Formulação Especialmente Manipulada"
8222,Hidrocortisona,438111,"438111 - Hidrocortisona, Concentração:10 MG, Adicional:Formulação Especialmente Manipulada"
8222,Hidrocortisona,420857,"420857 - Hidrocortisona, Concentração*:1 MG/ML, Forma Farmacêutica*:Solução Oral, Característica Adicional:Formulação Especialmente Manipulada"
8222,Hidrocortisona,420712,"420712 - Hidrocortisona, Concentração:100 MG/ML, Forma Farmacêutica:Solução Oral, Característica Adicional:Formulação Especialmente Manipulada"
8222,Hidrocortisona,400261,"400261 - Hidrocortisona, Composição:Sal Acetato, Associado À Neomicina, Troxerrutina, Outros Componentes:Ácido Ascórbico E Benzocaína, Concentração*:5 Mg + 5 Mg + 20 Mg + 0,50 Mg + 2 MG/G, Forma Farmacêutica*:Pomada Bucal"
8222,Hidrocortisona,384298,"384298 - Hidrocortisona, Concentração:10 MG"
8222,Hidrocortisona,345241,"345241 - Hidrocortisona, Composição:Sal Acetato, Concentração:10 MG/G, Forma Farmacêutica:Pomada"
8222,Hidrocortisona,345240,"345240 - Hidrocortisona, Composição:Sal Acetato, Concentração:10 MG/G, Forma Farmacêutica:Creme"
8222,Hidrocortisona,342135,"342135 - Hidrocortisona, Composição:Sal Succinato Sódico, Concentração:100 MG, Forma Farmacêutica:Pó Liófilo P/ Injetável"
8222,Hidrocortisona,342134,"342134 - Hidrocortisona, Composição:Sal Succinato Sódico, Concentração:500 MG, Forma Farmacêutica:Pó Liófilo P/ Injetável"
8222,Hidrocortisona,342133,"342133 - Hidrocortisona, Composição:Sal Acetato, Concentração:100 MG, Forma Farmacêutica:Pó Liófilo P/ Injetável"
8222,Hidrocortisona,342132,"342132 - Hidrocortisona, Composição:Sal Acetato, Concentração:500 MG, Forma Farmacêutica:Pó Liófilo P/ Injetável"
8222,Hidrocortisona,301493,"301493 - Hidrocortisona, Dosagem:5 MG"
8222,Hidrocortisona,270220,"270220 - Hidrocortisona, Princípio Ativo:100mg, Apresentação:Injetável"
8222,Hidrocortisona,270219,"270219 - Hidrocortisona, Princípio Ativo:500mg, Apresentação:Injetável"
8254,Escopolamina Butilbrometo,637855,"637855 - Escopolamina Butilbrometo, Concentração:1,3 MG, Tipo Forma Farmacêutica:Adesivo Transdérmico"
8254,Escopolamina Butilbrometo,617567,"617567 - Escopolamina Butilbrometo, Concentração:1,5 MG, Tipo Forma Farmacêutica:Adesivo Transdérmico"
8254,Escopolamina Butilbrometo,270971,"270971 - Escopolamina Butilbrometo, Apresentação:Associado Com Paracetamol, Dosagem:10mg + 500mg"
8254,Escopolamina Butilbrometo,270622,"270622 - Escopolamina Butilbrometo, Apresentação:Associada Com Dipirona Sódica, Dosagem:6,67mg + 333mg/Ml, Indicação:Solução Oral"
8254,Escopolamina Butilbrometo,270621,"270621 - Escopolamina Butilbrometo, Apresentação:Associada Com Dipirona Sódica, Dosagem:4mg + 500mg/Ml, Indicação:Solução Injetável"
8254,Escopolamina Butilbrometo,270620,"270620 - Escopolamina Butilbrometo, Apresentação:Associada Com Dipirona Sódica, Dosagem:10mg + 250mg"
8254,Escopolamina Butilbrometo,267283,"267283 - Escopolamina Butilbrometo, Dosagem:10 MG"
8254,Escopolamina Butilbrometo,267282,"267282 - Escopolamina Butilbrometo, Dosagem:20 MG/ML, Indicação:Solução Injetável"
8254,Escopolamina Butilbrometo,267281,"267281 - Escopolamina Butilbrometo, Dosagem:10 MG/ML, Indicação:Solução Oral"
8231,Hidróxido De Alumínio,618335,"618335 - Hidróxido De Alumínio, Composição:Assoc. Ao Hidróxido Magnésio E Carbonato De Cálcio, Concentração:35,6 Mg/Ml + 37 Mg/Ml + 48,4 MG/ML, Forma Farmaceutica:Suspensão Oral"
8231,Hidróxido De Alumínio,604679,"604679 - Hidróxido De Alumínio, Composição:Assoc. Ao Hidróxido Magnésio E Carbonato De Cálcio, Concentração:35,6 Mg/G + 37 Mg/G + 47 MG/G, Forma Farmaceutica:Pó Efervescente"
8231,Hidróxido De Alumínio,604240,"604240 - Hidróxido De Alumínio, Composição:Assoc. Ao Hidróxido Magnésio E Carbonato De Cálcio, Concentração:141,47 Mg + 185 Mg + 230 MG, Forma Farmaceutica:Comprimido Mastigável"
8231,Hidróxido De Alumínio,433257,"433257 - Hidróxido De Alumínio, Concentração:60 MG/ML, Forma Farmaceutica:Suspensão Oral"
8231,Hidróxido De Alumínio,397098,"397098 - Hidróxido De Alumínio, Composição:Associado Ao Hidróxido De Magnésio E Dimeticona, Concentração:200 Mg + 200 Mg + 30 MG"
8231,Hidróxido De Alumínio,397097,"397097 - Hidróxido De Alumínio, Composição:Associado Ao Hidróxido De Magnésio E Dimeticona, Concentração:37 Mg + 40 Mg + 5 MG/ML, Forma Farmaceutica:Suspensão Oral"
8231,Hidróxido De Alumínio,397096,"397096 - Hidróxido De Alumínio, Composição:Associado Ao Hidróxido De Magnésio E Dimeticona, Concentração:40 Mg + 30 Mg + 3 MG/ML, Forma Farmaceutica:Suspensão Oral"
8231,Hidróxido De Alumínio,397089,"397089 - Hidróxido De Alumínio, Composição:Assoc. Hidróx.Magnésio, Trissilicato De Magnésio E, Concentração:Metilcelulose, 240 Mg + 144 Mg + 90 Mg + 50 MG, Forma Farmaceutica:Comprimido Mastigável"
8231,Hidróxido De Alumínio,395730,"395730 - Hidróxido De Alumínio, Composição:Associado Ao Hidróxido De Magnésio, Concentração:60 Mg + 40 MG/ML, Forma Farmaceutica:Suspensão Oral"
8231,Hidróxido De Alumínio,393757,"393757 - Hidróxido De Alumínio, Composição:Associado Ao Hidróxido De Magnésio E Dimeticona, Concentração:400 Mg + 400 Mg + 30 MG, Forma Farmaceutica:Comprimido Mastigável"
8231,Hidróxido De Alumínio,393756,"393756 - Hidróxido De Alumínio, Composição:Associado Com Carbonato De Magnésio, Concentração:160 Mg + 50 MG, Forma Farmaceutica:Comprimido Mastigável"
8231,Hidróxido De Alumínio,392595,"392595 - Hidróxido De Alumínio, Composição:Assoc. Ao Hidróxido Magnésio E Carbonato De Cálcio, Concentração:178 Mg + 185 Mg + 230 MG, Forma Farmaceutica:Comprimido Mastigável"
8231,Hidróxido De Alumínio,392593,"392593 - Hidróxido De Alumínio, Composição:Assoc. Ao Hidróxido Magnésio E Carbonato De Cálcio, Concentração:178 Mg + 185 Mg + 231,5 MG"
8231,Hidróxido De Alumínio,367788,"367788 - Hidróxido De Alumínio, Composição:Associado Ao Hidróxido De Magnésio E Dimeticona, Concentração:184 Mg + 116 Mg + 25 MG, Forma Farmaceutica:Comprimido Mastigável"
8231,Hidróxido De Alumínio,367514,"367514 - Hidróxido De Alumínio, Concentração:230 MG, Forma Farmaceutica:Comprimido Mastigável"
8231,Hidróxido De Alumínio,355031,"355031 - Hidróxido De Alumínio, Composição:Associado Ao Hidróxido De Magnésio E Dimeticona, Concentração:40 Mg + 40 Mg + 4 MG/ML, Forma Farmaceutica:Suspensão Oral"
8231,Hidróxido De Alumínio,343954,"343954 - Hidróxido De Alumínio, Composição:Associado Ao Hidróxido De Magnésio E Dimeticona, Concentração:80 Mg + 80 Mg + 6 MG/ML, Forma Farmaceutica:Suspensão Oral"
8231,Hidróxido De Alumínio,340783,"340783 - Hidróxido De Alumínio, Concentração:61,5 MG/ML, Forma Farmaceutica:Suspensão Oral"
8231,Hidróxido De Alumínio,337948,"337948 - Hidróxido De Alumínio, Composição:Associado Ao Hidróxido De Magnésio E Dimeticona, Concentração:130 Mg + 70 Mg + 6 MG/ML, Forma Farmaceutica:Suspensão Oral"
8231,Hidróxido De Alumínio,306515,"306515 - Hidróxido De Alumínio, Apresentação:Associado Com Hidróxido De Magnésio E Oxetacaína, Dosagem:60mg + 20mg + 2mg/Ml, Forma Farmacêutica:Suspensão Oral"
8231,Hidróxido De Alumínio,278897,"278897 - Hidróxido De Alumínio, Apresentação:Associado Com Hidróxido De Magnésio E Dimeticona, Dosagem:120mg + 60mg + 7mg/Ml, Aplicação:Suspensão Oral"
8231,Hidróxido De Alumínio,271070,"271070 - Hidróxido De Alumínio, Apresentação:Associado Com Carbonato De Magnésio, Dosagem:40mg + 40mg/Ml, Aplicação:Suspensão Oral"
8231,Hidróxido De Alumínio,271065,"271065 - Hidróxido De Alumínio, Apresentação:Associado Com Hidróxido De Magnésio E Dimeticona, Dosagem:333mg +160mg + 25mg"
8231,Hidróxido De Alumínio,271064,"271064 - Hidróxido De Alumínio, Apresentação:Associado Com Hidróxido De Magnésio E Dimeticona, Dosagem:40mg + 30mg + 5mg/Ml, Aplicação:Suspensão Oral"
8231,Hidróxido De Alumínio,267271,"267271 - Hidróxido De Alumínio, Indicação:300mg"
8231,Hidróxido De Alumínio,267270,"267270 - Hidróxido De Alumínio, Indicação:62mg/Ml, Apresentação:Suspensão Oral"
8266,Homatropina,273316,"273316 - Homatropina, Composição:Metilbrometo, Concentração:2 MG/ML, Apresentação:Solução Oral"
8267,Olaratumabe,445427,"445427 - Olaratumabe, Concentração:500 MG, Forma Farmacêutica:Pó Liófilo P/ Injetável"
8271,Atalureno,433341,"433341 - Atalureno, Concentração:1000 MG, Forma Farmacêutica:Granulado Para Suspensão Oral"
8271,Atalureno,433074,"433074 - Atalureno, Concentração:125 MG, Forma Farmacêutica:Granulado Para Suspensão Oral"
8271,Atalureno,433073,"433073 - Atalureno, Concentração:250 MG, Forma Farmacêutica:Granulado Para Suspensão Oral"
8276,Idarrubicina Cloridrato,270408,"270408 - Idarrubicina Cloridrato, Dosagem:10 MG, Indicação:Injetável"
8276,Idarrubicina Cloridrato,270407,"270407 - Idarrubicina Cloridrato, Dosagem:5 MG, Indicação:Injetável"
8276,Idarrubicina Cloridrato,270404,"270404 - Idarrubicina Cloridrato, Dosagem:5 MG"
8276,Idarrubicina Cloridrato,270403,"270403 - Idarrubicina Cloridrato, Dosagem:25 MG"
8278,Ifosfamida,270444,"270444 - Ifosfamida, Dosagem:2 G, Aplicação:Injetável"
8278,Ifosfamida,270443,"270443 - Ifosfamida, Dosagem:1 G, Aplicação:Injetável"
8278,Ifosfamida,270442,"270442 - Ifosfamida, Dosagem:0,5 G, Aplicação:Injetável"
8287,Imipenem,627864,"627864 - Imipenem, Composição:Associado À Cilastatina E Relebactam, Concentração:500 Mg + 500 Mg + 250 MG, Forma Farmaceutica:Pó Liófilo P/ Injetável"
8287,Imipenem,342259,"342259 - Imipenem, Composição:Associado À Cilastatina Sódica, Concentração:500 MG, Forma Farmaceutica:Pó Liófilo P/ Injetável, Caracteristica Adicional:Com Bolsa Diluente Nacl 0,9%  100ml"
8287,Imipenem,342258,"342258 - Imipenem, Composição:Associado À Cilastatina Sódica, Concentração:500 MG, Forma Farmaceutica:Pó Liófilo P/ Injetável"
8291,Azul Brilhante G,466981,"466981 - Azul Brilhante G, Concentração:0,025%, Forma Farmacêutica:Solução Estéril, Corante Intraocular, Adicional:Formulação Especialmente Manipulada"
8291,Azul Brilhante G,397396,"397396 - Azul Brilhante G, Concentração:0,05%, Forma Farmacêutica:Solução Estéril, Corante Intraocular"
8275,Ibuprofeno,629265,"629265 - Ibuprofeno, Composição:Levolisinato De Ibuprofeno, Concentração:10 MG/ML, Forma Farmaceutica:Solução Injetável"
8275,Ibuprofeno,602632,"602632 - Ibuprofeno, Concentração:10 MG, Forma Farmaceutica:Injetável"
8275,Ibuprofeno,486304,"486304 - Ibuprofeno, Concentração:6 MG/ML, Forma Farmaceutica:Solução Injetável"
8275,Ibuprofeno,486303,"486303 - Ibuprofeno, Concentração:4 MG/ML, Forma Farmaceutica:Solução Injetável"
8275,Ibuprofeno,485311,"485311 - Ibuprofeno, Composição:Associado Com Arginina, Concentração:600 Mg + 555 MG, Forma Farmaceutica:Granulado"
8275,Ibuprofeno,485310,"485310 - Ibuprofeno, Concentração:600 MG, Adicional:Liberação Prolongada"
8275,Ibuprofeno,483774,"483774 - Ibuprofeno, Concentração:30 MG/ML, Forma Farmaceutica:Suspensão Oral"
8275,Ibuprofeno,483773,"483773 - Ibuprofeno, Concentração:200 MG/ML, Forma Farmaceutica:Suspensão Oral Gotas"
8275,Ibuprofeno,463979,"463979 - Ibuprofeno, Concentração:5 MG/ML, Forma Farmaceutica:Solução Injetável"
8275,Ibuprofeno,373793,"373793 - Ibuprofeno, Composição:Associado Com Arginina, Concentração:600 Mg + 370 MG, Forma Farmaceutica:Granulado"
8275,Ibuprofeno,373792,"373792 - Ibuprofeno, Composição:Associado Com Arginina, Concentração:400 Mg + 370 MG, Forma Farmaceutica:Granulado"
8275,Ibuprofeno,332755,"332755 - Ibuprofeno, Dosagem:100 MG/ML, Forma Farmacêutica:Suspensão Oral"
8275,Ibuprofeno,294648,"294648 - Ibuprofeno, Dosagem:200 MG"
8275,Ibuprofeno,294644,"294644 - Ibuprofeno, Dosagem:200 MG/ML, Forma Farmacêutica:Solução Oral"
8275,Ibuprofeno,294643,"294643 - Ibuprofeno, Dosagem:50 MG/ML, Forma Farmacêutica:Suspensão Oral"
8275,Ibuprofeno,271134,"271134 - Ibuprofeno, Dosagem:20 MG/ML, Indicação:Suspensão Oral"
8275,Ibuprofeno,267677,"267677 - Ibuprofeno, Dosagem:300 MG"
8275,Ibuprofeno,267676,"267676 - Ibuprofeno, Dosagem:600 MG"
8275,Ibuprofeno,267395,"267395 - Ibuprofeno, Dosagem:400 MG"
8324,Otilônio Brometo,397333,"397333 - Otilônio Brometo, Concentração:40 MG"
8325,Imunoglobulina Humana,455199,"455199 - Imunoglobulina Humana, Concentração:5 G, Forma Farmaceutica:Injetável"
8325,Imunoglobulina Humana,450109,"450109 - Imunoglobulina Humana, Concentração:600 MG, Forma Farmaceutica:Pó Liófilo P/ Injetável + Diluente"
8325,Imunoglobulina Humana,450108,"450108 - Imunoglobulina Humana, Concentração:500 MG, Forma Farmaceutica:Pó Liófilo P/ Injetável + Diluente"
8325,Imunoglobulina Humana,450107,"450107 - Imunoglobulina Humana, Concentração:50 MG/ML, Forma Farmaceutica:Solução Injetável, Características Adicionais:Com Sistema De Aplicação"
8325,Imunoglobulina Humana,450106,"450106 - Imunoglobulina Humana, Concentração:160 MG/ML, Forma Farmaceutica:Solução Injetável"
8325,Imunoglobulina Humana,450104,"450104 - Imunoglobulina Humana, Concentração:10 G, Forma Farmaceutica:Pó Liófilo P/ Injetável + Diluente"
8325,Imunoglobulina Humana,450103,"450103 - Imunoglobulina Humana, Concentração:3 G, Forma Farmaceutica:Pó Liófilo P/ Injetável + Diluente"
8325,Imunoglobulina Humana,450102,"450102 - Imunoglobulina Humana, Concentração:2,5 G, Forma Farmaceutica:Pó Liófilo P/ Injetável + Diluente"
8325,Imunoglobulina Humana,450101,"450101 - Imunoglobulina Humana, Concentração:6 G, Forma Farmaceutica:Pó Liófilo P/ Injetável + Diluente"
8325,Imunoglobulina Humana,450100,"450100 - Imunoglobulina Humana, Concentração:5 G, Forma Farmaceutica:Pó Liófilo P/ Injetável + Diluente"
8325,Imunoglobulina Humana,448985,"448985 - Imunoglobulina Humana, Tipo:Antitetânica, Concentração:250 UI/ML, Forma Farmaceutica:Solução Injetável, Características Adicionais:Seringa Preenchida"
8325,Imunoglobulina Humana,448984,"448984 - Imunoglobulina Humana, Tipo:Anti Rho(D), Concentração:150 MCG/ML, Forma Farmaceutica:Solução Injetável"
8325,Imunoglobulina Humana,446197,"446197 - Imunoglobulina Humana, Concentração:200 MG/ML, Forma Farmaceutica:Solução Injetável"
8325,Imunoglobulina Humana,443644,"443644 - Imunoglobulina Humana, Tipo:Normal, Concentração:50 MG/ML, Forma Farmaceutica:Solução Injetável"
8325,Imunoglobulina Humana,433816,"433816 - Imunoglobulina Humana, Concentração:100 MG/ML, Forma Farmaceutica:Solução Injetável"
8325,Imunoglobulina Humana,433105,"433105 - Imunoglobulina Humana, Tipo:Hiperimune Para Hepatite B, Concentração:200 UI/ML, Forma Farmaceutica:Solução Injetável, Característica Adicional:Com Sistema De Aplicação"
8325,Imunoglobulina Humana,405903,"405903 - Imunoglobulina Humana, Tipo:Anti-Rábica, Concentração:2,5 UI, Forma Farmaceutica:Pó Liófilo P/ Injetável"
8325,Imunoglobulina Humana,318388,"318388 - Imunoglobulina Humana, Tipo:Anti Varicela Zoster, Dosagem:250 UI, Forma Farmacêutica:Pó Liófilo P/ Injetável"
8325,Imunoglobulina Humana,273567,"273567 - Imunoglobulina Humana, Tipo:Hiper Imuni Para Hepatite B, Dosagem:200 UI/ML, Apresentação:Solução Injetável"
8325,Imunoglobulina Humana,268490,"268490 - Imunoglobulina Humana, Tipo:Anti Rho(D), Dosagem:250 MCG, Apresentação:Solução Injetável"
8325,Imunoglobulina Humana,266833,"266833 - Imunoglobulina Humana, Tipo:Anti Varicela Zoster, Dosagem:100 UI/ML, Apresentação:Solução Injetável"
8325,Imunoglobulina Humana,260160,"260160 - Imunoglobulina Humana, Tipo:Hiper Imuni Para Hepatite B, Dosagem:50 Ui/Ml, Apresentação:Solução Injetável"
8326,Modafinila,397451,"397451 - Modafinila, Concentração:200 MG"
8326,Modafinila,397450,"397450 - Modafinila, Concentração:100 MG"
8327,Carbômer,407558,"407558 - Carbômer, Composição:Associado Ao Glicerol, Ác. Bórico E Óleo De Rícino, Forma Farmacêutica:Emulsão Oftálmica"
8327,Carbômer,397462,"397462 - Carbômer, Composição:Associado Ao Sorbitol, Concentração:2 Mg + 48,5 MG/G, Forma Farmacêutica:Gel Oftálmico"
8334,Indapamida,462822,"462822 - Indapamida, Concentração:1,5 MG, Características Adicionais:Liberação Prolongada"
8334,Indapamida,352301,"352301 - Indapamida, Concentração:1,5 MG"
8334,Indapamida,267531,"267531 - Indapamida, Dosagem:2,5 MG"
8362,Indometacina,469046,"469046 - Indometacina, Concentração:10 MG, Características Adicionais:Formulação Especialmente Manipulada"
8362,Indometacina,458944,"458944 - Indometacina, Concentração:0,25 MG/ML, Forma Farmaceutica:Xarope, Características Adicionais:Formulação Especialmente Manipulada"
8362,Indometacina,432903,"432903 - Indometacina, Concentração:0,2 MG/ML, Forma Farmaceutica:Solução Oral, Características Adicionais:Formulação Especialmente Manipulada"
8362,Indometacina,398177,"398177 - Indometacina, Concentração:5 MG/ML, Forma Farmaceutica:Suspensão Oral, Características Adicionais:Formulação Especialmente Manipulada"
8362,Indometacina,367673,"367673 - Indometacina, Concentração:1 MG/ML, Forma Farmaceutica:Suspensão Oral Em Base De Xarope Simples, Características Adicionais:Formulação Especialmente Manipulada"
8362,Indometacina,350768,"350768 - Indometacina, Concentração:1 MG/ML, Forma Farmaceutica:Solução Oral, Características Adicionais:Formulação Especialmente Manipulada"
8362,Indometacina,342254,"342254 - Indometacina, Composição:Sal Sódico Trihidratado, Concentração:1 MG, Forma Farmaceutica:Pó Liófilo P/ Injetável"
8362,Indometacina,296565,"296565 - Indometacina, Dosagem:8 MG/ML, Forma Farmacêutica:Solução Tópica, Característica Adicional:Spray"
8362,Indometacina,273321,"273321 - Indometacina, Dosagem:100 MG, Tipo Medicamento:Uso Retal"
8362,Indometacina,273320,"273320 - Indometacina, Dosagem:50 MG"
8362,Indometacina,273319,"273319 - Indometacina, Dosagem:25 MG"
8322,Óleo De Silicone,397392,"397392 - Óleo De Silicone, Viscosidade:5.000 Cps, Forma Farmacêutica:P/ Uso Intraocular, Característica Adicional:C/ Seringa Aplicadora"
8322,Óleo De Silicone,397391,"397391 - Óleo De Silicone, Viscosidade:1.000 Cps, Forma Farmacêutica:P/ Uso Intraocular, Característica Adicional:C/ Seringa Aplicadora"
8370,Indocianina Verde,390653,"390653 - Indocianina Verde, Concentração:50 MG, Forma Farmacêutica:Pó P/ Solução Oftálmica, Característica Adicional:Com Ampola Diluente"
8370,Indocianina Verde,390652,"390652 - Indocianina Verde, Concentração:5 MG, Forma Farmacêutica:Pó P/ Solução Oftálmica, Característica Adicional:Com Ampola Diluente"
8370,Indocianina Verde,354414,"354414 - Indocianina Verde, Concentração:25 MG, Forma Farmacêutica:Pó P/ Solução Oftálmica, Característica Adicional:Com Ampola Diluente"
30382,Entricitabina,632705,"632705 - Entricitabina, Composição:Associada Ao Bictegravir E Tenofovir Alafenamida, Concentração:200 Mg + 50 Mg + 25 MG"
30383,Triptofano.,632848,"632848 - Triptofano., Composição:5-Hidroxitriptofano, Concentração:120 MG/ML, Forma Farmacêutica:Xarope, Adicional:Formulação Especialmente Manipulada"
8469,Iodeto De Potássio,462483,"462483 - Iodeto De Potássio, Concentração:20 MG/ML, Forma Farmaceutica:Xarope"
8469,Iodeto De Potássio,445013,"445013 - Iodeto De Potássio, Concentração:25%, Forma Farmaceutica:Solução Oral, Características Adicionais:Formulação Especialmente Manipulada"
8469,Iodeto De Potássio,433482,"433482 - Iodeto De Potássio, Concentração:10 MG/ML, Forma Farmaceutica:Xarope"
8469,Iodeto De Potássio,396855,"396855 - Iodeto De Potássio, Concentração:130 MG"
8469,Iodeto De Potássio,268265,"268265 - Iodeto De Potássio, Dosagem:20 MG/ML, Apresentação:Solução Oral"
8482,Ipratrópio Brometo,445108,"445108 - Ipratrópio Brometo, Concentração:0,4 Mg/Ml, Forma Farmacêutica:Aerossol, Característica Adicional:C/ Frasco Dosificador"
8482,Ipratrópio Brometo,274393,"274393 - Ipratrópio Brometo, Dosagem:0,02mg/Dose, Indicação:+ Salbutamol 0,12mg/Dose, Uso:Aerossol + Frasco Dosificador"
8482,Ipratrópio Brometo,268332,"268332 - Ipratrópio Brometo, Dosagem:0,02mg/Dose, Uso:Aerossol + Frasco Dosificador"
8482,Ipratrópio Brometo,268331,"268331 - Ipratrópio Brometo, Dosagem:0,25 MG/ML, Uso:Solução Para Inalação"
8486,Mipomersen,428792,"428792 - Mipomersen, Composição:Sódico, Concentração:200 MG/ML, Forma Farmacêutica:Solução Injetável"
8487,Isoflurano,268469,"268469 - Isoflurano, Apresentação:Anestésico Inalatório"
8501,Isoniazida,387488,"387488 - Isoniazida, Concentração:300 MG"
8501,Isoniazida,292205,"292205 - Isoniazida, Dosagem:100 MG"
8502,Elosulfase Alfa,428790,"428790 - Elosulfase Alfa, Concentração:1 MG/ML, Forma Farmacêutica:Solução Injetável"
8506,Isoprenalina,401887,"401887 - Isoprenalina, Concentração:0,2 MG/ML, Forma Farmacêutica:Solução Injetável, Característica Adicional:Formulação Especialmente Manipulada"
8511,Isotretinoína,364789,"364789 - Isotretinoína, Concentração:0,5 MG/G, Forma Farmacêutica:Gel"
8511,Isotretinoína,272808,"272808 - Isotretinoína, Dosagem:20 MG"
8511,Isotretinoína,272807,"272807 - Isotretinoína, Dosagem:10 MG"
8512,Isoxsuprina Cloridrato,323004,"323004 - Isoxsuprina Cloridrato, Dosagem:5 MG/ML, Forma Farmacêutica:Solução Injetável"
8512,Isoxsuprina Cloridrato,274482,"274482 - Isoxsuprina Cloridrato, Dosagem:10 MG"
8514,Itraconazol,482836,"482836 - Itraconazol, Concentração:40 MG/ML, Forma Farmaceutica:Suspensão Oral, Característica Adicional:Especialmente Manipulado"
8514,Itraconazol,431314,"431314 - Itraconazol, Concentração:20 MG/ML, Forma Farmaceutica:Suspensão Oral, Característica Adicional:Especialmente Manipulado"
8514,Itraconazol,394789,"394789 - Itraconazol, Concentração:10 MG/ML, Forma Farmaceutica:Solução Oral"
8514,Itraconazol,268861,"268861 - Itraconazol, Dosagem:100 MG"
8593,Lacidipino,294521,"294521 - Lacidipino, Concentração:4 MG"
8593,Lacidipino,294520,"294520 - Lacidipino, Concentração:2 MG"
8605,Lactulose,383750,"383750 - Lactulose, Concentração:667 MG/ML, Forma Farmaceutica:Xarope"
8605,Lactulose,332372,"332372 - Lactulose, Dosagem:990 MG/G, Forma Farmacêutica:Pó P/ Preparação Extemporânea"
8640,Lamotrigina,602454,"602454 - Lamotrigina, Concentração:5 MG, Forma Farmacêutica:Comprimido Dispersível"
8640,Lamotrigina,602453,"602453 - Lamotrigina, Concentração:200 MG, Forma Farmacêutica:Comprimido Dispersível"
8640,Lamotrigina,602452,"602452 - Lamotrigina, Concentração:25 MG, Forma Farmacêutica:Comprimido Dispersível"
8640,Lamotrigina,602451,"602451 - Lamotrigina, Concentração:50 MG, Forma Farmacêutica:Comprimido Dispersível"
8640,Lamotrigina,602450,"602450 - Lamotrigina, Concentração:100 MG, Forma Farmacêutica:Comprimido Dispersível"
8640,Lamotrigina,425582,"425582 - Lamotrigina, Concentração:200 MG"
8640,Lamotrigina,324414,"324414 - Lamotrigina, Dosagem:50 MG"
8640,Lamotrigina,295040,"295040 - Lamotrigina, Dosagem:25 MG"
8640,Lamotrigina,272809,"272809 - Lamotrigina, Dosagem:100 MG"
8710,Lansoprazol,480345,"480345 - Lansoprazol, Concentração:15 MG, Características Adicionais 1:Liberação Prolongada"
8710,Lansoprazol,480127,"480127 - Lansoprazol, Composição:Associada À Amoxicilina E Levofloxacino, Concentração:30 Mg + 500 Mg + 500 MG"
8710,Lansoprazol,479927,"479927 - Lansoprazol, Composição:Associada À Levofloxacino E Claritromicina, Concentração:30 Mg + 500 Mg + 500 MG"
8710,Lansoprazol,448639,"448639 - Lansoprazol, Concentração:30 MG, Características Adicionais 1:Liberação Prolongada"
8710,Lansoprazol,270711,"270711 - Lansoprazol, Composição:Associada À Amoxicilina E Claritromicina, Dosagem:30mg + 500mg + 500mg"
8710,Lansoprazol,269969,"269969 - Lansoprazol, Composição:Associado À Claritromicina, Dosagem:30mg + 500mg"
8710,Lansoprazol,269965,"269965 - Lansoprazol, Dosagem:30mg"
8710,Lansoprazol,269964,"269964 - Lansoprazol, Dosagem:15mg"
8752,Lenalidomida,480405,"480405 - Lenalidomida, Concentração:20 MG"
8752,Lenalidomida,450756,"450756 - Lenalidomida, Concentração:2,5 MG"
8752,Lenalidomida,365049,"365049 - Lenalidomida, Concentração:15 MG"
8752,Lenalidomida,365048,"365048 - Lenalidomida, Concentração:10 MG"
8752,Lenalidomida,365047,"365047 - Lenalidomida, Concentração:5 MG"
8752,Lenalidomida,364816,"364816 - Lenalidomida, Concentração:25 MG"
8776,Lenograstim,305253,"305253 - Lenograstim, Dosagem:263 MCG, Característica Adicional:33,6mui, Forma Farmacêutica:Pó Liófilo P/Injetável"
8794,Plerixafor,413041,"413041 - Plerixafor, Concentração:20 MG/ML, Forma Farmacêutica:Solução Injetável"
8799,Letrozol,273407,"273407 - Letrozol, Concentração:2,5 MG"
8802,Levamisol,269630,"269630 - Levamisol, Dosagem:150 MG"
8802,Levamisol,269629,"269629 - Levamisol, Dosagem:80 MG"
8806,Levodropropizina,393738,"393738 - Levodropropizina, Concentração:60 MG/ML, Forma Farmaceutica:Solução Oral - Gotas"
8806,Levodropropizina,300259,"300259 - Levodropropizina, Dosagem:30 MG/ML, Forma Farmacêutica:Solução Oral"
8806,Levodropropizina,300257,"300257 - Levodropropizina, Dosagem:6 MG/ML, Forma Farmacêutica:Xarope"
8807,Levofloxacino,437283,"437283 - Levofloxacino, Concentração:750 MG"
8807,Levofloxacino,332987,"332987 - Levofloxacino, Dosagem:250 MG"
8807,Levofloxacino,332986,"332986 - Levofloxacino, Dosagem:25 MG/ML, Forma Farmacêutica:Solução Injetável"
8807,Levofloxacino,332985,"332985 - Levofloxacino, Dosagem:5 MG/ML, Forma Farmacêutica:Solução Injetável"
8807,Levofloxacino,305270,"305270 - Levofloxacino, Dosagem:500 MG"
8808,Oxomemazina Cloridrato,399160,"399160 - Oxomemazina Cloridrato, Composição:Associado Ao Iodeto Potássio, Benzoato De Sódio, Componente Adicional:Guaifenesina, Concentração:0,4 Mg + 20 Mg + 4 Mg + 6 MG/ML, Forma Farmacêutica:Xarope"
8811,Aldesleucina,400885,"400885 - Aldesleucina, Concentração:18 MUI, Forma Farmacêutica:Pó Liófilo P/ Injetável"
8812,Levotiroxina Sódica,632443,"632443 - Levotiroxina Sódica, Concentração:20 MCG/ML, Forma Farmaceutica:Solução Injetável"
8812,Levotiroxina Sódica,465154,"465154 - Levotiroxina Sódica, Concentração:12,5 MCG"
8812,Levotiroxina Sódica,438280,"438280 - Levotiroxina Sódica, Concentração:62,5 MCG"
8812,Levotiroxina Sódica,437374,"437374 - Levotiroxina Sódica, Concentração:37,5 MCG"
8812,Levotiroxina Sódica,431312,"431312 - Levotiroxina Sódica, Concentração:137 MCG"
8812,Levotiroxina Sódica,393161,"393161 - Levotiroxina Sódica, Concentração:38 MCG"
8812,Levotiroxina Sódica,296650,"296650 - Levotiroxina Sódica, Dosagem:112 Mcg"
8812,Levotiroxina Sódica,296649,"296649 - Levotiroxina Sódica, Dosagem:88 Mcg"
8812,Levotiroxina Sódica,276095,"276095 - Levotiroxina Sódica, Dosagem:200mcg"
8812,Levotiroxina Sódica,276094,"276094 - Levotiroxina Sódica, Dosagem:300mcg"
8812,Levotiroxina Sódica,270768,"270768 - Levotiroxina Sódica, Dosagem:175mcg"
8812,Levotiroxina Sódica,268860,"268860 - Levotiroxina Sódica, Dosagem:125 Mcg"
8812,Levotiroxina Sódica,268859,"268859 - Levotiroxina Sódica, Dosagem:75 Mcg"
8812,Levotiroxina Sódica,268126,"268126 - Levotiroxina Sódica, Dosagem:150 Mcg"
8812,Levotiroxina Sódica,268125,"268125 - Levotiroxina Sódica, Dosagem:100 Mcg"
8812,Levotiroxina Sódica,268124,"268124 - Levotiroxina Sódica, Dosagem:25 Mcg"
8812,Levotiroxina Sódica,268123,"268123 - Levotiroxina Sódica, Dosagem:50 Mcg"
8820,Ácido Acético,473155,"473155 - Ácido Acético, Concentração:3%, Forma Farmacêutica:Solução Tópica, Característica Adicional:Formulação Especialmente Manipulada"
8820,Ácido Acético,428793,"428793 - Ácido Acético, Concentração:5%, Forma Farmacêutica:Solução Tópica, Característica Adicional:Formulação Especialmente Manipulada"
8820,Ácido Acético,377891,"377891 - Ácido Acético, Composição:Associado À Lidocaína Cloridrato, Concentração:5% + 2%, Forma Farmacêutica:Solução Tópica, Característica Adicional:Formulação Especialmente Manipulada"
8810,Levonorgestrel,476284,"476284 - Levonorgestrel, Concentração:19,5 MG, Características Adicionais:Sistema Intra-Uterino, Com Insertor"
8810,Levonorgestrel,448805,"448805 - Levonorgestrel, Composição:Associado Ao Etinilestradiol, Concentração:50 Mcg + 30 Mcg / 75 Mcg + 40 Mcg / 125 Mcg + 30 MCG, Forma Farmacêutica:Drágea A + B + C, Características Adicionais:Em Blister Calendário"
8810,Levonorgestrel,448804,"448804 - Levonorgestrel, Composição:Associado Ao Etinilestradiol, Concentração:0,15 Mg + 0,03 MG, Características Adicionais:Em Blister Calendário"
8810,Levonorgestrel,442925,"442925 - Levonorgestrel, Composição:Associado À Etinilestradiol E Piridoxina, Concentração:50 Mcg + 30mcg + 10mg / 75 Mcg + 40 Mcg + 10 MG, Forma Farmacêutica:124 Mcg + 30 Mcg + 10 Mg / 10 Mg, Características Adicionais:Comprimidos A + B + C + D"
8810,Levonorgestrel,393740,"393740 - Levonorgestrel, Composição:Associado À Etinilestradiol, Concentração:100 Mcg + 20 MCG"
8810,Levonorgestrel,295856,"295856 - Levonorgestrel, Concentração:52 MG, Características Adicionais:Sistema Intra-Uterino, Com Insertor"
8810,Levonorgestrel,295855,"295855 - Levonorgestrel, Concentração:52 MG, Características Adicionais:Sistema Intra-Uterino, Haste Embolo E Suporte"
8810,Levonorgestrel,295854,"295854 - Levonorgestrel, Composição:Associado À Etinilestradiol, Concentração:20 Mcg + 100 MCG"
8810,Levonorgestrel,295853,"295853 - Levonorgestrel, Concentração:1,5 MG"
8810,Levonorgestrel,271109,"271109 - Levonorgestrel, Apresentação:Associado À Etinilestradiol, Dosagem:0,25mg + 0,05mg"
8810,Levonorgestrel,268957,"268957 - Levonorgestrel, Dosagem:0,03 MG"
8810,Levonorgestrel,268956,"268956 - Levonorgestrel, Dosagem:0,75 MG"
8805,Arginina,626219,"626219 - Arginina, Composição:Glutamina, Taurina, Carnitina, Composição 1:Carbonato De Cálcio,  Vit. E, Concentração:3 G + 1 G + 1 G + 500 Mg + 2 G + 400 UI, Forma Farmacêutica:Pó Oral, Característica Adicional:Formulação Especialmente Manipulada"
8805,Arginina,624538,"624538 - Arginina, Composição:L-Arginina, Concentração:375 MG/ML, Forma Farmacêutica:Solução Oral, Característica Adicional:Formulação Especialmente Manipulada"
8805,Arginina,619627,"619627 - Arginina, Concentração:2 G, Característica Adicional:Formulação Especialmente Manipulada"
8805,Arginina,469553,"469553 - Arginina, Composição:L-Arginina, Concentração:500 MG/ML, Forma Farmacêutica:Solução Injetável, Característica Adicional:Formulação Especialmente Manipulada"
8805,Arginina,437411,"437411 - Arginina, Concentração:0,25 MG/ML, Forma Farmacêutica:Xarope, Característica Adicional:Formulação Especialmente Manipulada"
8805,Arginina,430050,"430050 - Arginina, Concentração:250 MG/ML, Forma Farmacêutica:Xarope, Característica Adicional:Formulação Especialmente Manipulada"
8805,Arginina,414458,"414458 - Arginina, Composição:Aspartato De Arginina, Concentração:1,5 G, Forma Farmacêutica:Comprimido Efervescente"
8805,Arginina,414457,"414457 - Arginina, Composição:Aspartato De Arginina, Concentração:250 MG"
8805,Arginina,414455,"414455 - Arginina, Composição:L-Arginina, Concentração:400 MG/ML, Forma Farmacêutica:Xarope, Característica Adicional:Formulação Especialmente Manipulada"
8805,Arginina,399156,"399156 - Arginina, Composição:L-Arginina, Concentração:400 MG/ML, Forma Farmacêutica:Solução Oral, Característica Adicional:Formulação Especialmente Manipulada"
8855,Lincomicina Cloridrato,268492,"268492 - Lincomicina Cloridrato, Dosagem:300 MG/ML, Apresentação:Solução Injetável"
8857,Linezolida,273413,"273413 - Linezolida, Dosagem:2 MG/ML, Tipo Medicamento:Solução Injetável"
8857,Linezolida,273412,"273412 - Linezolida, Dosagem:600 MG"
8872,Levanlodipino Besilato,424170,"424170 - Levanlodipino Besilato, Concentração:2,5 MG"
8872,Levanlodipino Besilato,424169,"424169 - Levanlodipino Besilato, Concentração:5 MG"
8881,Lisinopril,437903,"437903 - Lisinopril, Composição:Associado À Hidroclorotiazida E Anlodipino, Concentraçao:20 Mg + 12,5 Mg + 7,5 MG, Característica Adicional:Especialmente Manipulado"
8881,Lisinopril,431099,"431099 - Lisinopril, Composição:Associado À Hidroclorotiazida E Anlodipino, Concentraçao:15 Mg + 12,5 Mg + 7,5 MG, Característica Adicional:Especialmente Manipulado"
8881,Lisinopril,426207,"426207 - Lisinopril, Composição:Associado Com Hidroclorotiazida, Concentraçao:10mg + 12,5 MG"
8881,Lisinopril,271170,"271170 - Lisinopril, Apresentação:Associado Com Hidroclorotiazida, Princípio Ativo:20mg + 12,5mg"
8881,Lisinopril,271169,"271169 - Lisinopril, Dosagem:20 MG"
8881,Lisinopril,271168,"271168 - Lisinopril, Dosagem:10 MG"
8881,Lisinopril,271167,"271167 - Lisinopril, Dosagem:5 MG"
8913,Lomustina,268486,"268486 - Lomustina, Dosagem:40 MG"
8913,Lomustina,268485,"268485 - Lomustina, Dosagem:10 MG"
8918,Loperamida Cloridrato,393737,"393737 - Loperamida Cloridrato, Composição:Associada Com Dimeticona, Concentração:2mg + 125 MG, Forma Farmacêutica:Comprimido Mastigável"
8918,Loperamida Cloridrato,347997,"347997 - Loperamida Cloridrato, Concentração:0,2 MG, Forma Farmacêutica:Oral, Característica Adicional:Formulação Especialmente Manipulada"
8918,Loperamida Cloridrato,273264,"273264 - Loperamida Cloridrato, Concentração:2mg"
8919,Loratadina,273471,"273471 - Loratadina, Composição:Associada Com Pseudoefedrina, Concentração:1mg + 12mg/Ml, Tipo Medicamento:Xarope"
8919,Loratadina,273470,"273470 - Loratadina, Composição:Associada Com Pseudoefedrina, Concentração:5mg + 120mg"
8919,Loratadina,273469,"273469 - Loratadina, Composição:Associada Com Pseudoefedrina, Concentração:10mg + 240mg"
8919,Loratadina,273467,"273467 - Loratadina, Concentração:1mg/Ml, Tipo Medicamento:Xarope"
8919,Loratadina,273466,"273466 - Loratadina, Concentração:10mg"
8920,Midodrina,413608,"413608 - Midodrina, Composição:Cloridrato, Concentração:10 MG"
8920,Midodrina,413607,"413607 - Midodrina, Composição:Cloridrato, Concentração:2,5 MG"
8920,Midodrina,413606,"413606 - Midodrina, Composição:Cloridrato, Concentração:5 MG"
8921,Lorazepam,627007,"627007 - Lorazepam, Concentraçao:0,5 MG/ML, Forma Farmacêutica:Xarope, Característica Adicional:Especialmente Manipulado"
8921,Lorazepam,465039,"465039 - Lorazepam, Concentraçao:0,2 MG/ML, Forma Farmacêutica:Solução Oral, Característica Adicional:Especialmente Manipulado"
8921,Lorazepam,434085,"434085 - Lorazepam, Concentraçao:1 MG, Forma Farmacêutica:Pó Para Solução Oral, Característica Adicional:Especialmente Manipulado"
8921,Lorazepam,428601,"428601 - Lorazepam, Composição:Especialmente Manipulada, Concentraçao:1 MG/ML, Forma Farmacêutica:Solução Oral"
8921,Lorazepam,273473,"273473 - Lorazepam, Concentração:2 MG"
8921,Lorazepam,273472,"273472 - Lorazepam, Concentração:1 MG"
8922,Losartana Potássica,384258,"384258 - Losartana Potássica, Composição:Assoc. À Furosemida,Amiodarona E Espironolactona, Concentração:50 Mg + 60 Mg + 150 Mg + 25 MG, Característica Adicional:Formulação Especialmente Manipulada"
8922,Losartana Potássica,384257,"384257 - Losartana Potássica, Composição:Associada À Furosemida E Sinvastatina, Concentração:50 Mg + 60 Mg + 20 MG, Característica Adicional:Formulação Especialmente Manipulada"
8922,Losartana Potássica,287473,"287473 - Losartana Potássica, Dosagem:100 MG"
8922,Losartana Potássica,287471,"287471 - Losartana Potássica, Apresentação:Associado À Hidroclorotiazida, Dosagem:100 Mg + 25 Mg"
8922,Losartana Potássica,270788,"270788 - Losartana Potássica, Apresentação:Associado À Hidroclorotiazida, Dosagem:50mg + 12,5mg"
8922,Losartana Potássica,270787,"270787 - Losartana Potássica, Dosagem:12,5 MG"
8922,Losartana Potássica,270786,"270786 - Losartana Potássica, Dosagem:25 MG"
8922,Losartana Potássica,268856,"268856 - Losartana Potássica, Dosagem:50 MG"
8929,Lovastatina,268038,"268038 - Lovastatina, Dosagem:20 MG"
8929,Lovastatina,268037,"268037 - Lovastatina, Dosagem:10 MG"
8929,Lovastatina,267092,"267092 - Lovastatina, Dosagem:40 MG"
9031,Maraviroque,363934,"363934 - Maraviroque, Concentração:300 MG"
9031,Maraviroque,363933,"363933 - Maraviroque, Concentração:150 MG"
9038,Enalapril Maleato,626935,"626935 - Enalapril Maleato, Concentração:1 MG/ML, Forma Farmacêutica:Solução Oral, Características Adicionais 1:Formulação Especialmente Manipulada"
9038,Enalapril Maleato,459249,"459249 - Enalapril Maleato, Concentração:10 MG/ML, Forma Farmacêutica:Xarope, Características Adicionais 1:Formulação Especialmente Manipulada"
9038,Enalapril Maleato,275107,"275107 - Enalapril Maleato, Dosagem:2,5 MG"
9038,Enalapril Maleato,272633,"272633 - Enalapril Maleato, Dosagem:1 MG/ML, Apresentação:Solução Injetável"
9038,Enalapril Maleato,271172,"271172 - Enalapril Maleato, Apresentação:Associado Com Hidroclorotiazida, Características Adicionais:10mg + 25mg"
9038,Enalapril Maleato,271171,"271171 - Enalapril Maleato, Apresentação:Associado Com Hidroclorotiazida, Características Adicionais:20mg + 12,5mg"
9038,Enalapril Maleato,267652,"267652 - Enalapril Maleato, Dosagem:20 MG"
9038,Enalapril Maleato,267651,"267651 - Enalapril Maleato, Dosagem:10 MG"
9038,Enalapril Maleato,267650,"267650 - Enalapril Maleato, Dosagem:5 MG"
9040,Metilergometrina Maleato,268264,"268264 - Metilergometrina Maleato, Dosagem:0,2 MG/ML, Indicação:Solução Injetável"
9040,Metilergometrina Maleato,268263,"268263 - Metilergometrina Maleato, Dosagem:0,125 MG"
9035,Dexclorfeniramina Maleato,436741,"436741 - Dexclorfeniramina Maleato, Composição:Associada À Betametasona, Concentração:2 Mg/Ml + 0,25 MG/ML, Forma Farmacêutica:Solução Oral Gotas"
9035,Dexclorfeniramina Maleato,419964,"419964 - Dexclorfeniramina Maleato, Concentração:10 MG/G, Forma Farmacêutica:Creme"
9035,Dexclorfeniramina Maleato,393870,"393870 - Dexclorfeniramina Maleato, Composição:Associada À Betametasona, Concentração:0,4 Mg + 0,05 MG/ML, Forma Farmacêutica:Xarope"
9035,Dexclorfeniramina Maleato,393867,"393867 - Dexclorfeniramina Maleato, Composição:Assoc. À Fenilefrina,Cafeína E Ác.Acetilsalicílico, Concentração:1 Mg + 10 Mg + 30 Mg + 400 MG"
9035,Dexclorfeniramina Maleato,352129,"352129 - Dexclorfeniramina Maleato, Concentração:6 MG"
9035,Dexclorfeniramina Maleato,298454,"298454 - Dexclorfeniramina Maleato, Concentração:0,4 MG/ML, Apresentação Farmacêutica:Xarope"
9035,Dexclorfeniramina Maleato,267646,"267646 - Dexclorfeniramina Maleato, Dosagem:0,4 Mg/Ml, Apresentação:Solução Oral"
9035,Dexclorfeniramina Maleato,267645,"267645 - Dexclorfeniramina Maleato, Dosagem:2 Mg"
9125,Telaprevir,412470,"412470 - Telaprevir, Concentração:375 MG"
30386,Tetrahidrocanabinol,634774,"634774 - Tetrahidrocanabinol, Tipo:Delta-9-Thc, Composição:Associado Ao Canabidiol (Cbd), Concentração:27 Mg/Ml + 25 MG/ML, Forma Farmacêutica:Solução Oral - Gotas"
30386,Tetrahidrocanabinol,633133,"633133 - Tetrahidrocanabinol, Concentração:25 MG/ML, Forma Farmacêutica:Solução Oral - Gotas"
30386,Tetrahidrocanabinol,632934,"632934 - Tetrahidrocanabinol, Concentração:20 MG, Forma Farmacêutica:Goma"
30441,Nipocalimabe,639249,"639249 - Nipocalimabe, Concentração:185 MG/ML, Forma Farmacêutica:Solução P/ Diluição P/ Infusão"
30442,Remimazolam,639248,"639248 - Remimazolam, Concentração:50 MG, Forma Farmacêutica:Pó Liófilo P/ Injetável"
30442,Remimazolam,639247,"639247 - Remimazolam, Concentração:20 MG, Forma Farmacêutica:Pó Liófilo P/ Injetável"
9511,Mebutato De Ingenol,449864,"449864 - Mebutato De Ingenol, Concentração:150 MCG/G, Forma Farmacêutica:Gel"
9511,Mebutato De Ingenol,449863,"449863 - Mebutato De Ingenol, Concentração:500 MCG/G, Forma Farmacêutica:Gel"
9515,Metenamina,438895,"438895 - Metenamina, Composição:Associado Ao Metiltionínio, Acriflavina E Beladona, Concentração:250 Mg + 20 Mg + 15 Mg + 15 MG"
9515,Metenamina,417156,"417156 - Metenamina, Composição:Associada Ao Cloreto De Metiltionínio, Concentração:120 Mg + 20 MG"
9514,Mebendazol,618476,"618476 - Mebendazol, Composição:Associado Ao Cambendazol, Concentração:200 Mg + 75 MG"
9514,Mebendazol,483729,"483729 - Mebendazol, Concentração:500 MG"
9514,Mebendazol,396239,"396239 - Mebendazol, Composição:Associado Ao Tiabendazol, Concentração:20 Mg + 33,2 MG/ML, Forma Farmacêutica:Suspensão Oral"
9514,Mebendazol,270606,"270606 - Mebendazol, Apresentação:Associado Com Tiabendazol, Teor:100mg + 166mg"
9514,Mebendazol,267694,"267694 - Mebendazol, Dosagem:20 MG/ML, Apresentação:Suspensão Oral"
9514,Mebendazol,267692,"267692 - Mebendazol, Dosagem:100 MG"
9525,Atezolizumabe,638778,"638778 - Atezolizumabe, Concentração:125 MG/ML, Forma Farmacêutica:Solução Injetável"
9525,Atezolizumabe,449866,"449866 - Atezolizumabe, Concentração:60 MG/ML, Forma Farmacêutica:Solução P/ Infusão"
9526,Medicamento Homeopático,614527,"614527 - Medicamento Homeopático, Composição:À Base De Melissa Officinalis, Escala:1 Dh, Forma Farmaceutica:Solução Oral - Gotas"
9526,Medicamento Homeopático,608097,"608097 - Medicamento Homeopático, Composição:À Base De Aloe Socotrina E Associações, Escala:5 Dh, Forma Farmaceutica:Suspensão Oral"
9526,Medicamento Homeopático,474380,"474380 - Medicamento Homeopático, Composição:À Base De Hyoscyamus Niger, Escala:30 Ch"
9526,Medicamento Homeopático,471889,"471889 - Medicamento Homeopático, Composição:À Base De Phosphorus, Antimonium Tartaricum, Apresentação:Carbo Vegetabilis, Arsenicum Album, Bryonia Alba, Características Adicionais:Veratum Álbum, Escala:30 + 30 + 30 + 30 + 30 + 30 Ch, Forma Farmaceutica:Solução Oral - Gotas"
9526,Medicamento Homeopático,471888,"471888 - Medicamento Homeopático, Composição:À Base De Camphora, Escala:1 Mfc"
9526,Medicamento Homeopático,471887,"471887 - Medicamento Homeopático, Composição:À Base De Camphora, Escala:10 Mfc"
9526,Medicamento Homeopático,471886,"471886 - Medicamento Homeopático, Composição:À Base De Phosphorus, Escala:30 Ch"
9526,Medicamento Homeopático,471885,"471885 - Medicamento Homeopático, Composição:À Base De Antimonium Tartaricum, Escala:30 Ch"
9526,Medicamento Homeopático,471884,"471884 - Medicamento Homeopático, Composição:À Base De Carbo Vegetabilis, Escala:30 Ch"
9526,Medicamento Homeopático,471883,"471883 - Medicamento Homeopático, Composição:À Base De Bryonia Alba, Escala:30 Ch"
9526,Medicamento Homeopático,471882,"471882 - Medicamento Homeopático, Composição:À Base De Veratum Álbum, Escala:30 Ch"
9526,Medicamento Homeopático,471881,"471881 - Medicamento Homeopático, Composição:À Base De Arsenicum Álbum, Escala:30 Ch"
9526,Medicamento Homeopático,471880,"471880 - Medicamento Homeopático, Composição:À Base De Camphora, Escala:1 Mfc, Forma Farmaceutica:Solução Oral - Gotas"
9526,Medicamento Homeopático,435333,"435333 - Medicamento Homeopático, Composição:D3 + D4 + D6 + D8, Escala:30 Mg + 210 Mg + 30 Mg + 30 MG, Forma Farmaceutica:Comprimido Sublingual"
9526,Medicamento Homeopático,432846,"432846 - Medicamento Homeopático, Composição:À Base De Bryophyllum Calycinum, Escala:D2, Forma Farmaceutica:Solução Oral - Gotas"
9526,Medicamento Homeopático,392447,"392447 - Medicamento Homeopático, Composição:À Base De Lycopodium Clavatum, Escala:500 Mfc, Forma Farmaceutica:Solução Oral - Gotas"
9526,Medicamento Homeopático,392446,"392446 - Medicamento Homeopático, Composição:À Base De Lycopodium Clavatum, Escala:400 Mfc, Forma Farmaceutica:Solução Oral - Gotas"
9526,Medicamento Homeopático,373998,"373998 - Medicamento Homeopático, Composição:À Base De Cactus Grand, Escala:6 Ch, Alcoolatura:Alcoolatura 70%, Forma Farmaceutica:Aerossol"
9526,Medicamento Homeopático,337042,"337042 - Medicamento Homeopático, Composição:À Base De Kalium Bichromicum, Escala:6 Ch, Alcoolatura:Alcoolatura 70%, Forma Farmaceutica:Solução Oral - Gotas"
9526,Medicamento Homeopático,336743,"336743 - Medicamento Homeopático, Composição:À Base De Nux Vômica ( Uva Urci), Escala:12 Ch, Alcoolatura:Alcoolatura 70%, Forma Farmaceutica:Solução Oral - Gotas"
9526,Medicamento Homeopático,336742,"336742 - Medicamento Homeopático, Composição:À Base De Mercurius Sol., Escala:12 Ch, Alcoolatura:Alcoolatura 70%, Forma Farmaceutica:Solução Oral - Gotas"
9526,Medicamento Homeopático,336740,"336740 - Medicamento Homeopático, Composição:À Base De Bryonia, Escala:6 Ch, Alcoolatura:Alcoolatura 70%, Forma Farmaceutica:Solução Oral - Gotas"
9526,Medicamento Homeopático,336739,"336739 - Medicamento Homeopático, Composição:À Base De Arnica Montana, Escala:6 Ch, Alcoolatura:Alcoolatura 70%, Forma Farmaceutica:Solução Oral - Gotas"
9526,Medicamento Homeopático,336738,"336738 - Medicamento Homeopático, Composição:À Base De Apis Melífica, Escala:6 Ch, Alcoolatura:Alcoolatura 70%, Forma Farmaceutica:Solução Oral - Gotas"
9526,Medicamento Homeopático,336732,"336732 - Medicamento Homeopático, Composição:À Base De Venus Mercenária, Escala:12 Ch, Alcoolatura:Alcoolatura 70%, Forma Farmaceutica:Solução Oral - Gotas"
9526,Medicamento Homeopático,336731,"336731 - Medicamento Homeopático, Composição:À Base De Staphysagria, Escala:6 Ch, Alcoolatura:Alcoolatura 70%, Forma Farmaceutica:Solução Oral - Gotas"
9526,Medicamento Homeopático,336727,"336727 - Medicamento Homeopático, Composição:À Base De Veratum Álbum, Escala:6 Ch, Alcoolatura:Alcoolatura 70%, Forma Farmaceutica:Solução Oral - Gotas"
9526,Medicamento Homeopático,336726,"336726 - Medicamento Homeopático, Composição:À Base De Arsenicum Álbum, Escala:6 Ch, Alcoolatura:Alcoolatura 70%, Forma Farmaceutica:Solução Oral - Gotas"
9526,Medicamento Homeopático,336722,"336722 - Medicamento Homeopático, Composição:À Base De Coffea, Escala:6 Ch, Alcoolatura:Alcoolatura 70%, Forma Farmaceutica:Solução Oral - Gotas"
9526,Medicamento Homeopático,336721,"336721 - Medicamento Homeopático, Composição:À Base De Cactus Grand, Escala:6 Ch, Alcoolatura:Alcoolatura 70%, Forma Farmaceutica:Solução Oral - Gotas"
9526,Medicamento Homeopático,308701,"308701 - Medicamento Homeopático, Composição:À Base De Bexiga, Concentração:5 Ch"
9526,Medicamento Homeopático,308700,"308700 - Medicamento Homeopático, Composição:À Base De Berberis Vulgaris + Cantharis, Concentração:D3 + D4, Forma Farmacêutica:Solução Oral - Gotas"
9526,Medicamento Homeopático,308390,"308390 - Medicamento Homeopático, Composição:À Base De Populus Tremulóides, Concentração:2 Ch"
9572,Dolutegravir,480862,"480862 - Dolutegravir, Concentração:5 MG, Forma Farmacêutica:P/ Suspensão Oral"
9572,Dolutegravir,455926,"455926 - Dolutegravir, Concentração:10 MG"
9572,Dolutegravir,455925,"455925 - Dolutegravir, Concentração:25 MG"
9572,Dolutegravir,433687,"433687 - Dolutegravir, Concentração:50 MG"
9573,Mefloquina,272810,"272810 - Mefloquina, Dosagem:250 MG"
9589,Melfalana,272692,"272692 - Melfalana, Dosagem:50 MG, Tipo Medicamento:Injetável"
9589,Melfalana,270440,"270440 - Melfalana, Dosagem:2 MG"
9601,Mercaptopurina,270423,"270423 - Mercaptopurina, Dosagem:50 MG"
9604,Meropenem,419942,"419942 - Meropenem, Concentração:2 G, Forma Farmaceutica:Pó Liófilo P/ Injetável"
9604,Meropenem,288298,"288298 - Meropenem, Dosagem:1 G, Apresentação:Diluente Cloreto De Sódio 0,9%, Sistema Fechado, Indicação:Injetável"
9604,Meropenem,288297,"288297 - Meropenem, Dosagem:500 Mg, Apresentação:Diluente Cloreto De Sódio 0,9%, Sistema Fechado, Indicação:Injetável"
9604,Meropenem,268488,"268488 - Meropenem, Dosagem:1 G, Apresentação:Injetável"
9604,Meropenem,268487,"268487 - Meropenem, Dosagem:500 Mg, Apresentação:Injetável"
9613,Mesterolona,382224,"382224 - Mesterolona, Concentração:25 MG"
9590,Meloxicam,607985,"607985 - Meloxicam, Concentraçao:15 MG, Forma Farmaceutica:Comprimido Orodispersível"
9590,Meloxicam,273555,"273555 - Meloxicam, Concentração:10 MG/ML, Apresentação:Solução Injetável"
9590,Meloxicam,273554,"273554 - Meloxicam, Concentração:15 MG"
9590,Meloxicam,273553,"273553 - Meloxicam, Concentração:7,5 MG"
9670,Bromocriptina Mesilato,270143,"270143 - Bromocriptina Mesilato, Dosagem:2,5 MG"
9671,Codergocrina Mesilato,396668,"396668 - Codergocrina Mesilato, Concentração:6 MG, Forma Farmaceutica:Liberação Prolongada"
9671,Codergocrina Mesilato,341110,"341110 - Codergocrina Mesilato, Concentração:3 MG/ML, Forma Farmaceutica:Solução Oral"
9671,Codergocrina Mesilato,341109,"341109 - Codergocrina Mesilato, Concentração:0,3 MG/ML, Forma Farmaceutica:Solução Injetável"
9671,Codergocrina Mesilato,328205,"328205 - Codergocrina Mesilato, Dosagem:1 MG/ML, Forma Farmacêutica:Solução Oral"
9671,Codergocrina Mesilato,274922,"274922 - Codergocrina Mesilato, Dosagem:1 MG"
9671,Codergocrina Mesilato,273667,"273667 - Codergocrina Mesilato, Dosagem:4,5 Mg"
9672,Desferroxamina Mesilato,266736,"266736 - Desferroxamina Mesilato, Dosagem:500 MG, Apresentação:Injetável"
9673,Delapril Cloridrato,404403,"404403 - Delapril Cloridrato, Composição:Associado Com Manidipino Dicloridrato, Concentração:30 Mg + 10 MG"
9675,Doxazosina Mesilato,429962,"429962 - Doxazosina Mesilato, Concentração:1 MG/ML, Forma Farmacêutica:Xarope, Característica Adicional:Formulação Especialmente Manipulada"
9675,Doxazosina Mesilato,355132,"355132 - Doxazosina Mesilato, Concentração:4 MG, Forma Farmacêutica:Liberação Controlada"
9675,Doxazosina Mesilato,268495,"268495 - Doxazosina Mesilato, Composição:4 Mg"
9675,Doxazosina Mesilato,268494,"268494 - Doxazosina Mesilato, Composição:1 Mg"
9675,Doxazosina Mesilato,268493,"268493 - Doxazosina Mesilato, Composição:2 Mg"
9676,Glicinato De Magnésio,631864,"631864 - Glicinato De Magnésio, Composição:Bisglicinato, Concentração:125 MG, Adicional:Formulação Especialmente Manipulada"
9676,Glicinato De Magnésio,627862,"627862 - Glicinato De Magnésio, Composição:Bisglicinato, Concentração:100 MG, Adicional:Formulação Especialmente Manipulada"
9676,Glicinato De Magnésio,404429,"404429 - Glicinato De Magnésio, Composição:Associado À Piridoxina Cloridrato, Concentração:722,22 Mg + 1 MG"
9678,Mesna,273665,"273665 - Mesna, Concentração:600 MG"
9678,Mesna,273664,"273664 - Mesna, Concentração:400 MG"
9678,Mesna,273659,"273659 - Mesna, Concentração:100 MG/ML, Tipo Medicamento:Solução Injetável"
9680,Metipranolol,382945,"382945 - Metipranolol, Composição:Sal Cloridrato, Concentração:3 MG/ML, Forma Farmacêutica:Solução Oftálmica"
9682,Metadona,367702,"367702 - Metadona, Composição:Sal Cloridrato, Concentração:1 MG/ML, Forma Farmaceutica:Solução Oral, Característica Adicional:Formulação Especialmente Manipulada"
9682,Metadona,268094,"268094 - Metadona, Dosagem:10 MG/ML, Uso:Solução Injetável"
9682,Metadona,268093,"268093 - Metadona, Dosagem:10 MG"
9682,Metadona,268092,"268092 - Metadona, Dosagem:5 MG"
9697,Metildopa,267689,"267689 - Metildopa, Dosagem:250 Mg"
9697,Metildopa,267688,"267688 - Metildopa, Dosagem:500 Mg"
9699,Metilprednisolona,458417,"458417 - Metilprednisolona, Concentração:1 MG/ML, Forma Farmaceutica:Solução"
9699,Metilprednisolona,315058,"315058 - Metilprednisolona, Princípio Ativo:Sal Succinato, Dosagem:40 MG, Forma Farmacêutica:Pó Liófilo P/ Injetável"
9699,Metilprednisolona,299690,"299690 - Metilprednisolona, Princípio Ativo:Sal Acetato, Dosagem:40 MG/ML, Forma Farmacêutica:Suspensão Injetável"
9699,Metilprednisolona,271604,"271604 - Metilprednisolona, Princípio Ativo:Sal Aceponato, Dosagem:1 MG/G, Apresentação:Creme"
9699,Metilprednisolona,271603,"271603 - Metilprednisolona, Princípio Ativo:Sal Aceponato, Dosagem:1 MG/ML, Apresentação:Solução Oral - Gotas"
9699,Metilprednisolona,271602,"271602 - Metilprednisolona, Dosagem:4 MG"
9699,Metilprednisolona,271601,"271601 - Metilprednisolona, Princípio Ativo:Sal Succinato, Dosagem:1 G, Apresentação:Pó Liofilizado + Diluente, Injetável"
9699,Metilprednisolona,271600,"271600 - Metilprednisolona, Princípio Ativo:Sal Succinato, Dosagem:125 MG, Apresentação:Pó Liofilizado + Diluente, Injetável"
9699,Metilprednisolona,271599,"271599 - Metilprednisolona, Princípio Ativo:Sal Succinato, Dosagem:500 MG, Apresentação:Pó Liofilizado + Diluente, Injetável"
9699,Metilprednisolona,625535,"625535 - Metilprednisolona, Composição:Sal Aceponato, Concentração:1 MG/G, Forma Farmaceutica:Loção"
9700,Tiamazol,287824,"287824 - Tiamazol, Dosagem:10 MG"
9700,Tiamazol,273700,"273700 - Tiamazol, Dosagem:5 MG"
9701,Clofarabina,404138,"404138 - Clofarabina, Concentração:1 MG/ML, Forma Farmacêutica:Solução Injetável"
9702,Metoclopramida Cloridrato,357213,"357213 - Metoclopramida Cloridrato, Composição:Associada À Dimeticona E Pepsina, Concentração:7 Mg + 40 Mg + 50 MG"
9702,Metoclopramida Cloridrato,320219,"320219 - Metoclopramida Cloridrato, Dosagem:1mg/Ml, Forma Farmacêutica:Solução Oral"
9702,Metoclopramida Cloridrato,267312,"267312 - Metoclopramida Cloridrato, Dosagem:10 Mg"
9702,Metoclopramida Cloridrato,267311,"267311 - Metoclopramida Cloridrato, Dosagem:4 Mg/Ml, Apresentação:Solução Oral"
9702,Metoclopramida Cloridrato,267310,"267310 - Metoclopramida Cloridrato, Dosagem:5 Mg/Ml, Apresentação:Solução Injetável"
9703,Metoprolol,432638,"432638 - Metoprolol, Concentração:10 MG/ML, Forma Farmaceutica:Solução Oral, Característica Adicional:Medicamento Especialmente Manipulado"
9703,Metoprolol,421127,"421127 - Metoprolol, Composição:Sal Succinato, Associado À Hidroclorotiazida, Concentração:95 Mg + 12,5 MG, Forma Farmaceutica:Liberação Controlada"
9703,Metoprolol,397601,"397601 - Metoprolol, Composição:Sal Tartarato, Concentração:200 MG"
9703,Metoprolol,394650,"394650 - Metoprolol, Composição:Sal Tartarato, Concentração:100 MG"
9703,Metoprolol,365701,"365701 - Metoprolol, Composição:Sal Tartarato, Concentração:12,5 MG, Característica Adicional:Medicamento Especialmente Manipulado"
9703,Metoprolol,345259,"345259 - Metoprolol, Concentração:1 MG/ML, Forma Farmaceutica:Solução Injetável"
9703,Metoprolol,292779,"292779 - Metoprolol, Princípio Ativo:Tartarato, Associado À Hidroclorotiazida, Dosagem:95 Mg + 12,5 MG, Apresentação:Liberação Controlada"
9703,Metoprolol,292778,"292778 - Metoprolol, Princípio Ativo:Tartarato, Associado À Hidroclorotiazida, Dosagem:100 Mg + 12,5 MG"
9703,Metoprolol,276658,"276658 - Metoprolol, Princípio Ativo:Sal Succinato, Dosagem:100 MG, Apresentação:Liberação Controlada"
9703,Metoprolol,276657,"276657 - Metoprolol, Princípio Ativo:Sal Succinato, Dosagem:50 MG, Apresentação:Liberação Controlada"
9703,Metoprolol,276656,"276656 - Metoprolol, Princípio Ativo:Sal Succinato, Dosagem:25 MG, Apresentação:Liberação Controlada"
9705,Metotrexato,478710,"478710 - Metotrexato, Concentração:10 MG, Adicional:Formulação Especialmente Manipulada"
9705,Metotrexato,478709,"478709 - Metotrexato, Concentração:5 MG, Adicional:Formulação Especialmente Manipulada"
9705,Metotrexato,322081,"322081 - Metotrexato, Dosagem:100 MG/ML, Forma Farmacêutica:Solução Injetável"
9705,Metotrexato,322080,"322080 - Metotrexato, Dosagem:500 MG, Forma Farmacêutica:Pó Liófilo P/ Injetável"
9705,Metotrexato,322079,"322079 - Metotrexato, Dosagem:50 MG, Forma Farmacêutica:Pó Liófilo P/ Injetável"
9705,Metotrexato,292249,"292249 - Metotrexato, Dosagem:25 MG/ML, Forma Farmacêutica:Solução Injetável"
9705,Metotrexato,270436,"270436 - Metotrexato, Dosagem:2,5 MG"
9712,Metronidazol,427376,"427376 - Metronidazol, Concentraçao:0,8%, Forma Farmaceutica:Gel Tópico, Característica Adicional:Especialmente Manipulado"
9712,Metronidazol,398870,"398870 - Metronidazol, Concentraçao:7,5 MG/G, Forma Farmaceutica:Gel"
9712,Metronidazol,372335,"372335 - Metronidazol, Concentraçao:100 MG/G, Forma Farmaceutica:Gel Vaginal, Característica Adicional:Com Aplicador"
9712,Metronidazol,345300,"345300 - Metronidazol, Concentraçao:100 MG/G, Forma Farmaceutica:Creme Vaginal, Característica Adicional:Com Aplicador"
9712,Metronidazol,288636,"288636 - Metronidazol, Dosagem:500 Mg"
9712,Metronidazol,271355,"271355 - Metronidazol, Apresentação:Associado Com Nistatina, Concentração:100mg + 20.000ui/G, Forma Farmacêutica:Creme Vaginal"
9712,Metronidazol,268499,"268499 - Metronidazol, Dosagem:400 Mg"
9712,Metronidazol,268498,"268498 - Metronidazol, Dosagem:5mg/Ml, Apresentação:Solução Injetável"
9712,Metronidazol,267717,"267717 - Metronidazol, Dosagem:250 Mg"
9712,Metronidazol,266863,"266863 - Metronidazol, Dosagem:40 MG/ML, Apresentação:Suspensão Oral"
9716,Micofenolato,448579,"448579 - Micofenolato, Composição:Mofetila, Concentração:500 MG"
9716,Micofenolato,448578,"448578 - Micofenolato, Composição:Mofetila, Concentração:500 MG, Forma Farmacêutica:Pó Liófilo P/ Injetável"
9716,Micofenolato,448577,"448577 - Micofenolato, Composição:De Sódio, Concentração:360 MG"
9716,Micofenolato,448576,"448576 - Micofenolato, Composição:De Sódio, Concentração:180 MG"
9717,Miconazol Nitrato,268286,"268286 - Miconazol Nitrato, Dosagem:20 MG/G, Apresentação:Creme"
9717,Miconazol Nitrato,268269,"268269 - Miconazol Nitrato, Dosagem:20 MG/G, Apresentação:Gel Oral"
9717,Miconazol Nitrato,268268,"268268 - Miconazol Nitrato, Dosagem:20 MG/G, Apresentação:Pó Para Uso Tópico"
9717,Miconazol Nitrato,268267,"268267 - Miconazol Nitrato, Dosagem:20 MG/G, Apresentação:Loção"
9717,Miconazol Nitrato,268162,"268162 - Miconazol Nitrato, Dosagem:2%, Apresentação:Creme Vaginal"
9696,Metilcelulose,358570,"358570 - Metilcelulose, Concentraçao:6%, Forma Farmaceutica:Solução Intra-Ocular"
9696,Metilcelulose,358569,"358569 - Metilcelulose, Concentraçao:4%, Forma Farmaceutica:Solução Intra-Ocular"
9696,Metilcelulose,273694,"273694 - Metilcelulose, Concentração:2%, Tipo Medicamento:Solução Intra-Ocular"
9696,Metilcelulose,273690,"273690 - Metilcelulose, Concentração:2%, Tipo Medicamento:Solução Oftálmica"
9762,Midazolam,272817,"272817 - Midazolam, Dosagem:15 MG"
9762,Midazolam,271556,"271556 - Midazolam, Dosagem:2 MG/ML, Aplicação:Solução Oral"
9762,Midazolam,268482,"268482 - Midazolam, Dosagem:1 MG/ML, Aplicação:Injetável"
9762,Midazolam,268481,"268481 - Midazolam, Dosagem:5 MG/ML, Aplicação:Injetável"
9762,Midazolam,267376,"267376 - Midazolam, Dosagem:7,5 MG"
9765,Milrinona,273474,"273474 - Milrinona, Dosagem:1 MG/ML, Tipo Medicamento:Solução Injetável"
9785,Misoprostol,358755,"358755 - Misoprostol, Concentraçao:200 MCG, Forma Farmacêutica:Comprimido Vaginal"
9785,Misoprostol,358754,"358754 - Misoprostol, Concentraçao:100 MCG, Forma Farmacêutica:Comprimido Vaginal"
9785,Misoprostol,358753,"358753 - Misoprostol, Concentraçao:25 MCG, Forma Farmacêutica:Comprimido Vaginal"
9776,Minoxidil,637528,"637528 - Minoxidil, Concentração:3 MG, Característica Adicional:Formulação Especialmente Manipulada"
9776,Minoxidil,631862,"631862 - Minoxidil, Concentração:1,25 MG, Característica Adicional:Formulação Especialmente Manipulada"
9776,Minoxidil,620109,"620109 - Minoxidil, Composição:Associado À Vitamina B5, Concentração:50 Mg/Ml + 5 MG/ML, Forma Farmacêutica:Solução Tópica, Característica Adicional:Formulação Especialmente Manipulada"
9776,Minoxidil,603681,"603681 - Minoxidil, Concentração:5 MG, Característica Adicional:Formulação Especialmente Manipulada"
9776,Minoxidil,386023,"386023 - Minoxidil, Concentração:20 MG/ML, Forma Farmacêutica:Solução Tópica"
9776,Minoxidil,386022,"386022 - Minoxidil, Concentração:50 MG/ML, Forma Farmacêutica:Solução Tópica"
9776,Minoxidil,273479,"273479 - Minoxidil, Dosagem:10 MG"
9802,Mitomicina,466980,"466980 - Mitomicina, Concentração:0,03%, Forma Farmaceutica:Pó P/ Solução Oftálmica, Características Adicionais:Especialmente Manipulado"
9802,Mitomicina,438294,"438294 - Mitomicina, Concentração:0,04%, Forma Farmaceutica:Solução Oftalmológica, Características Adicionais:Especialmente Manipulado"
9802,Mitomicina,427991,"427991 - Mitomicina, Concentração:0,02%, Forma Farmaceutica:Solução Oftalmológica, Características Adicionais:Especialmente Manipulado"
9802,Mitomicina,270398,"270398 - Mitomicina, Dosagem:5 MG, Indicação:Injetável"
9803,Mitotano,273483,"273483 - Mitotano, Concentração:500 MG"
9878,Mometasona Furoato,432995,"432995 - Mometasona Furoato, Composição:Associado Ao Fumarato De Formoterol Di-Hidratado, Concentração*:200 Mcg/Dose + 5 Mcg/Dose, Forma Farmacêutica*:Aerossol Bucal, Características Adicionais:Frasco Doseador Com Bocal Aerogador"
9878,Mometasona Furoato,432926,"432926 - Mometasona Furoato, Composição:Associado Ao Fumarato De Formoterol Di-Hidratado, Concentração*:100 Mcg/Dose + 5 Mcg/Dose, Forma Farmacêutica*:Aerossol Bucal, Características Adicionais:Frasco Doseador Com Bocal Aerogador"
9878,Mometasona Furoato,432447,"432447 - Mometasona Furoato, Concentração:200 MCG, Forma Farmacêutica:Cápsula Pó P/ Inalação"
9878,Mometasona Furoato,395616,"395616 - Mometasona Furoato, Concentração:400 MCG, Forma Farmacêutica:Cápsula Pó P/ Inalação"
9878,Mometasona Furoato,337457,"337457 - Mometasona Furoato, Concentração:0,05%, Forma Farmacêutica:Suspensão Nasal Spray"
9878,Mometasona Furoato,273485,"273485 - Mometasona Furoato, Concentração:0,1%, Apresentação:Pomada"
9878,Mometasona Furoato,273484,"273484 - Mometasona Furoato, Concentração:0,1%, Apresentação:Creme"
9896,Monossulfiram,319022,"319022 - Monossulfiram, Concentração:50 MG/G, Forma Farmacêutica:Sabonete"
9896,Monossulfiram,268270,"268270 - Monossulfiram, Concentração:250 MG/ML, Indicação:Solução Para Uso Tópico"
9903,Montelucaste Sódico,394656,"394656 - Montelucaste Sódico, Concentração:4 MG, Forma Farmacêutica:Comprimido Mastigável"
9903,Montelucaste Sódico,394655,"394655 - Montelucaste Sódico, Concentração:5 MG, Forma Farmacêutica:Comprimido Mastigável"
9903,Montelucaste Sódico,392836,"392836 - Montelucaste Sódico, Concentração:4 MG, Forma Farmacêutica:Granulado"
9903,Montelucaste Sódico,276271,"276271 - Montelucaste Sódico, Dosagem:10 MG"
9907,Morfina,627367,"627367 - Morfina, Apresentação:Sulfato, Concentração:1mg/Ml, Forma Farmacêutica:Solução P/ Infusão"
9907,Morfina,420599,"420599 - Morfina, Apresentação:Sulfato, Concentração:0,1 Mg/Ml, Forma Farmacêutica:Solução Injetável"
9907,Morfina,304872,"304872 - Morfina, Apresentação:Sulfato, Concentração:0,2mg/Ml, Forma Farmacêutica:Solução Injetável"
9907,Morfina,304871,"304871 - Morfina, Apresentação:Sulfato, Concentração:10mg/Ml, Forma Farmacêutica:Solução Injetável"
9907,Morfina,304870,"304870 - Morfina, Apresentação:Sulfato, Concentração:1mg/Ml, Forma Farmacêutica:Solução Injetável"
9907,Morfina,292264,"292264 - Morfina, Apresentação:Sulfato, Concentração:60mg, Forma Farmacêutica:Liberação Cronogramada"
9907,Morfina,292263,"292263 - Morfina, Apresentação:Sulfato, Concentração:30mg, Forma Farmacêutica:Liberação Cronogramada"
9907,Morfina,292262,"292262 - Morfina, Apresentação:Sulfato, Concentração:100mg, Forma Farmacêutica:Liberação Cronogramada"
9907,Morfina,271394,"271394 - Morfina, Apresentação:Sulfato, Concentração:10mg/Ml, Tipo Forma:Solução Oral"
9907,Morfina,271392,"271392 - Morfina, Apresentação:Sulfato, Concentração:10mg"
9907,Morfina,271391,"271391 - Morfina, Apresentação:Sulfato, Concentração:30mg"
10002,Moxonidina,273453,"273453 - Moxonidina, Dosagem:0,20 MG"
10002,Moxonidina,273452,"273452 - Moxonidina, Dosagem:0,40 MG"
10005,Mucilóide Hidrofílico De Psyllium,305346,"305346 - Mucilóide Hidrofílico De Psyllium, Composição:Plantago Ovata, Concentração:268,9 MG/G, Forma Farmacêutica:Pó P/ Preparação Extemporânea"
10005,Mucilóide Hidrofílico De Psyllium,305344,"305344 - Mucilóide Hidrofílico De Psyllium, Composição:Plantago Ovata, Concentração:492 MG/G, Forma Farmacêutica:Pó P/ Preparação Extemporânea"
10005,Mucilóide Hidrofílico De Psyllium,305343,"305343 - Mucilóide Hidrofílico De Psyllium, Composição:Plantago Ovata, Concentração:562 MG/G, Forma Farmacêutica:Pó P/ Preparação Extemporânea"
10005,Mucilóide Hidrofílico De Psyllium,305340,"305340 - Mucilóide Hidrofílico De Psyllium, Composição:Plantago Ovata, Concentração:525 MG"
10023,Mupirocina,273455,"273455 - Mupirocina, Concentração:20 MG/G, Uso:Creme"
10033,Nadroparina,449008,"449008 - Nadroparina, Composição:Cálcica, Concentração:9.500 Ui Axa/Ml, Forma Farmaceutica:Solução Injetável, Características Adicionais:Seringa Preenchida"
10035,Biotina,477467,"477467 - Biotina, Concentração:5 MG, Forma Farmacêutica:Na Forma Oral Sólida, Característica Adicional:Formulação Especialmente Manipulada"
10035,Biotina,439450,"439450 - Biotina, Concentração:2,5 MG"
10035,Biotina,429352,"429352 - Biotina, Composição:Zinco, Betacaroteno, Vitamina C, Concentração:1 Mg, 20 Mg, 20 Mg, 100 MG, Característica Adicional:Formulação Especialmente Manipulada"
10035,Biotina,419549,"419549 - Biotina, Concentração:10 MG, Forma Farmacêutica:Na Forma Oral Sólida, Característica Adicional:Formulação Especialmente Manipulada"
10035,Biotina,411752,"411752 - Biotina, Concentração:40 MG/ML, Forma Farmacêutica:Solução Oral, Característica Adicional:Formulação Especialmente Manipulada"
10035,Biotina,410552,"410552 - Biotina, Concentração:20 MG/ML, Forma Farmacêutica:Solução Oral, Característica Adicional:Formulação Especialmente Manipulada"
10038,Nandrolona,272690,"272690 - Nandrolona, Composição:Sal Decanoato, Concentração:50 MG/ML, Apresentação:Solução Injetável"
10038,Nandrolona,272689,"272689 - Nandrolona, Composição:Sal Decanoato, Concentração:25 MG/ML, Apresentação:Solução Injetável"
10040,Daclatasvir,435334,"435334 - Daclatasvir, Concentração:30 MG"
10040,Daclatasvir,431732,"431732 - Daclatasvir, Concentração:60 MG"
10043,Natamicina,412416,"412416 - Natamicina, Concentração:50 MG/G, Forma Farmacêutica:Pomada Oftálmica, Característica Adicional:Formulação Especialmente Manipulada"
10043,Natamicina,412415,"412415 - Natamicina, Concentração:50 MG/ML, Forma Farmacêutica:Solução Oftálmica, Característica Adicional:Formulação Especialmente Manipulada"
10041,Naproxeno,607364,"607364 - Naproxeno, Composição:Associado À Sumatriptana, Concentração:500 Mg + 85 MG"
10041,Naproxeno,486407,"486407 - Naproxeno, Concentração:660 MG, Forma Farmaceutica:Liberação Prolongada"
10041,Naproxeno,436156,"436156 - Naproxeno, Composição:Associado À Sumatriptana, Concentração:500 Mg + 50 MG"
10041,Naproxeno,431716,"431716 - Naproxeno, Composição:Associado Ao Esomeprazol, Concentração:500 Mg + 20 MG"
10041,Naproxeno,273705,"273705 - Naproxeno, Dosagem:550 MG"
10041,Naproxeno,273704,"273704 - Naproxeno, Dosagem:275 MG"
10041,Naproxeno,273703,"273703 - Naproxeno, Dosagem:500 MG"
10041,Naproxeno,273702,"273702 - Naproxeno, Dosagem:250 MG"
10041,Naproxeno,267446,"267446 - Naproxeno, Dosagem:25 MG/ML, Apresentação:Suspensão Oral"
10032,Nadolol,620852,"620852 - Nadolol, Concentração:60 MG, Adicional:Formulação Especialmente Manipulada"
10032,Nadolol,306143,"306143 - Nadolol, Dosagem:40 MG"
10072,Nelfinavir Mesilato,268350,"268350 - Nelfinavir Mesilato, Dosagem:50 Mg/G, Apresentação:Pó Para Solução Oral"
10072,Nelfinavir Mesilato,268349,"268349 - Nelfinavir Mesilato, Dosagem:250 Mg"
10076,Neostigmina Metilsulfato,273457,"273457 - Neostigmina Metilsulfato, Dosagem:0,5 MG/ML, Apresentação:Solução Injetável"
10077,Alanilglutamina,347527,"347527 - Alanilglutamina, Composição:Associada Com L-Alanina, Concentração:200 MG/ML, Forma Farmacêutica:Solução Injetável"
10079,Nevirapina,268816,"268816 - Nevirapina, Dosagem:10 MG/ML, Apresentação:Suspensão Oral"
10079,Nevirapina,268353,"268353 - Nevirapina, Dosagem:200 MG"
10080,Nilotinibe,448649,"448649 - Nilotinibe, Concentração:150 MG"
10080,Nilotinibe,374967,"374967 - Nilotinibe, Concentração:200 MG"
10084,Nimodipino,305699,"305699 - Nimodipino, Dosagem:40 MG/ML, Forma Farmacêutica:Solução Oral - Gotas"
10084,Nimodipino,305698,"305698 - Nimodipino, Dosagem:0,2 MG/ML, Forma Farmacêutica:Solução Injetável"
10084,Nimodipino,270007,"270007 - Nimodipino, Dosagem:30 Mg"
10085,Nimorazol,304295,"304295 - Nimorazol, Princípio Ativo:Associado Com Cloranfenicol E Nistatina, Dosagem:250 Mg + 250 Mg + 100.000 UI, Forma Farmacêutica:Comprimido Vaginal"
10085,Nimorazol,273708,"273708 - Nimorazol, Dosagem:500 MG"
10094,Nistatina,479966,"479966 - Nistatina, Apresentação:Associada À Dexametasona, Neomicina, Tirotricina, Composição:Propionato De Sódio E Ácido Bórico, Concentraçao:20.000 Ui + 64 Mcg + 2 Mg + 0,4 Mg + 10 Mg + 30 MG/G, Forma Farmaceutica:Creme Vaginal, Característica Adicional:Com Aplicadores"
10094,Nistatina,433553,"433553 - Nistatina, Composição:Associada À Neomicina, Tirotricina, Dexametasona, Concentraçao:20.000 Ui + 2 Mg/G + 400 Mcg/G + 64 MCG/G, Forma Farmaceutica:Creme Vaginal, Característica Adicional:Com Aplicadores"
10094,Nistatina,430313,"430313 - Nistatina, Composição:Associada À Polimixina B, Neomicina E Tinidazol, Concentraçao:25.000 Ui + 8.750 Ui + 8.750 Ui + 37,25 MG/G, Forma Farmaceutica:Creme Vaginal, Característica Adicional:Com Aplicadores"
10094,Nistatina,428028,"428028 - Nistatina, Composição:Associada À Lidocaína, Concentraçao:100.000 Ui/Ml + 2%, Forma Farmaceutica:Suspensão Oral, Característica Adicional:Especialmente Manipulado"
10094,Nistatina,428012,"428012 - Nistatina, Composição:Associada Com Óxido De Zinco, Concentraçao:100.000ui + 200 MG/G, Forma Farmaceutica:Creme, Característica Adicional:Especialmente Manipulado"
10094,Nistatina,305708,"305708 - Nistatina, Concentração:500.000 UI"
10094,Nistatina,305707,"305707 - Nistatina, Concentração:200.000 UI"
10094,Nistatina,279297,"279297 - Nistatina, Apresentação:Associada Com Óxido De Zinco, Concentração:100.000ui + 200mg/G, Tipo Medicamento:Creme"
10094,Nistatina,267378,"267378 - Nistatina, Dosagem:100.000 Ui/Ml, Apresentação:Suspensão Oral"
10094,Nistatina,266788,"266788 - Nistatina, Dosagem:25.000 Ui/G, Apresentação:Creme Vaginal"
10083,Nimesulida,620873,"620873 - Nimesulida, Concentração:50 MG/ML, Forma Farmaceutica:Suspensão Oral"
10083,Nimesulida,604265,"604265 - Nimesulida, Composição:Associada Ao Pantoprazol, Concentração:100 Mg  + 20 MG"
10083,Nimesulida,406992,"406992 - Nimesulida, Concentração:200 MG, Forma Farmaceutica:Ação Prolongada"
10083,Nimesulida,396703,"396703 - Nimesulida, Composição:Nimesulida Betaciclodextrina, Concentração:400 MG"
10083,Nimesulida,362573,"362573 - Nimesulida, Concentração:20 MG/G, Forma Farmaceutica:Gel"
10083,Nimesulida,326489,"326489 - Nimesulida, Dosagem:50 Mg, Forma Farmacêutica:Para Uso Retal"
10083,Nimesulida,273712,"273712 - Nimesulida, Dosagem:10mg/Ml, Apresentação:Suspensão Oral"
10083,Nimesulida,273711,"273711 - Nimesulida, Dosagem:50 Mg/Ml, Apresentação:Solução Oral - Gotas"
10083,Nimesulida,273710,"273710 - Nimesulida, Dosagem:100 Mg"
10101,Isoconazol Nitrato,448712,"448712 - Isoconazol Nitrato, Concentração:10 MG/G, Forma Farmaceutica:Creme Vaginal, Caracteristica Adicional:Com Aplicadores"
10101,Isoconazol Nitrato,270772,"270772 - Isoconazol Nitrato, Dosagem:10 MG/ML, Apresentação:Solução Tópica"
10101,Isoconazol Nitrato,270771,"270771 - Isoconazol Nitrato, Dosagem:10 MG/ML, Apresentação:Spray"
10101,Isoconazol Nitrato,270769,"270769 - Isoconazol Nitrato, Dosagem:600 MG, Apresentação:Óvulo Vaginal Com Dedeiras"
10101,Isoconazol Nitrato,267355,"267355 - Isoconazol Nitrato, Dosagem:10 MG/G, Apresentação:Creme"
10073,Neomicina,638079,"638079 - Neomicina, Composição:Sulfato, Concentração:250 MG, Característica Adicional:Medicamento Especialmente Manipulado"
10073,Neomicina,429798,"429798 - Neomicina, Composição:Tartarato De Bismuto De Sódio, Procaína, Mentol, Concentração:(15 + 25 + 15 + 1) MG/G, Forma Farmacêutica:Suspensão Oral"
10073,Neomicina,427586,"427586 - Neomicina, Composição:Tartarato De Bismuto E Sódio, Procaína, Concentração:15 Mg, 25 Mg, 15 MG, Forma Farmacêutica:Suspensão Oral"
10073,Neomicina,394662,"394662 - Neomicina, Concentração:5 MG/G, Forma Farmacêutica:Pomada"
10073,Neomicina,392558,"392558 - Neomicina, Concentração:500mg, Característica Adicional:Medicamento Especialmente Manipulado"
10073,Neomicina,333661,"333661 - Neomicina, Concentração:1 G, Característica Adicional:Medicamento Especialmente Manipulado"
10073,Neomicina,321780,"321780 - Neomicina, Composição:Sulfato, Concentração:33 Mg/Ml, Forma Farmacêutica:Xarope, Característica Adicional:Medicamento Especialmente Manipulado"
10073,Neomicina,321779,"321779 - Neomicina, Composição:Sulfato, Concentração:33 Mg/Ml, Forma Farmacêutica:Solução Oral, Característica Adicional:Medicamento Especialmente Manipulado"
10073,Neomicina,273167,"273167 - Neomicina, Composição:Associada Com Bacitracina, Concentração:5mg + 250ui/G, Tipo Medicamento:Pomada"
10073,Neomicina,273166,"273166 - Neomicina, Concentração:3,5mg/G, Tipo Medicamento:Pomada"
10073,Neomicina,273164,"273164 - Neomicina, Dosagem:500 MG"
10082,Nifedipino,617565,"617565 - Nifedipino, Concentração:40 MG, Características Adicionais 1:Liberação Prolongada"
10082,Nifedipino,474615,"474615 - Nifedipino, Concentração:0,2%, Forma Farmacêutica:Pomada, Característica Adicional:Formulação Especialmente Manipulada"
10082,Nifedipino,448641,"448641 - Nifedipino, Concentração:20 MG, Características Adicionais 1:Liberação Prolongada"
10082,Nifedipino,448640,"448640 - Nifedipino, Concentração:10 MG, Características Adicionais 1:Liberação Prolongada"
10082,Nifedipino,394667,"394667 - Nifedipino, Concentração:60 MG, Forma Farmacêutica:Liberação Prolongada"
10082,Nifedipino,386056,"386056 - Nifedipino, Concentração:1 MG/ML, Forma Farmacêutica:Solução Oral, Característica Adicional:Formulação Especialmente Manipulada"
10082,Nifedipino,307158,"307158 - Nifedipino, Princípio Ativo:Associado Com Ácido Acetilsalicílico, Dosagem:60 Mg + 100 MG"
10082,Nifedipino,307157,"307157 - Nifedipino, Princípio Ativo:Associado Com Ácido Acetilsalicílico, Dosagem:30 Mg + 100 MG"
10082,Nifedipino,307156,"307156 - Nifedipino, Princípio Ativo:Associado Com Ácido Acetilsalicílico, Dosagem:20 Mg + 100 MG"
10082,Nifedipino,306142,"306142 - Nifedipino, Dosagem:60 MG"
10082,Nifedipino,296644,"296644 - Nifedipino, Dosagem:30 Mg, Características Adicionais:Liberação Lenta"
10082,Nifedipino,274150,"274150 - Nifedipino, Dosagem:30 Mg"
10082,Nifedipino,270779,"270779 - Nifedipino, Princípio Ativo:Associada Ao Atenolol, Dosagem:20mg + 50mg"
10082,Nifedipino,270778,"270778 - Nifedipino, Princípio Ativo:Associada Ao Atenolol, Dosagem:10mg + 25mg"
10082,Nifedipino,267729,"267729 - Nifedipino, Dosagem:20 MG"
10082,Nifedipino,267728,"267728 - Nifedipino, Dosagem:10 MG"
10105,Nitrazepam,268285,"268285 - Nitrazepam, Dosagem:5 MG"
10106,Nitrendipino,275117,"275117 - Nitrendipino, Concentração:20 MG"
10106,Nitrendipino,275116,"275116 - Nitrendipino, Concentração:10 MG"
10109,Nitrofurantoína,367667,"367667 - Nitrofurantoína, Concentração:10 MG/ML, Forma Farmaceutica:Suspensão Oral Em Base De Xarope Simples, Característica Adicional:Formulação Especialmente Manipulada"
10109,Nitrofurantoína,347993,"347993 - Nitrofurantoína, Concentração:30 MG, Forma Farmaceutica:Oral, Característica Adicional:Formulação Especialmente Manipulada"
10109,Nitrofurantoína,305714,"305714 - Nitrofurantoína, Dosagem:5 MG/ML, Forma Farmacêutica:Suspensão Oral"
10109,Nitrofurantoína,305713,"305713 - Nitrofurantoína, Dosagem:50 MG"
10109,Nitrofurantoína,268273,"268273 - Nitrofurantoína, Dosagem:100 MG"
10110,Nitrofural,274527,"274527 - Nitrofural, Dosagem:2 MG/ML, Apresentação:Solução"
10110,Nitrofural,268274,"268274 - Nitrofural, Dosagem:2 MG/G, Apresentação:Pomada"
10112,Nitroglicerina,345754,"345754 - Nitroglicerina, Concentração:0,4 Mg/Dose, Forma Farmaceutica:Líquido Pulverizável"
10112,Nitroglicerina,304845,"304845 - Nitroglicerina, Dosagem:50 MG, Forma Farmacêutica:Disco Adesivo, Liberação:10 Mg/24hs"
10112,Nitroglicerina,304844,"304844 - Nitroglicerina, Dosagem:25 MG, Forma Farmacêutica:Disco Adesivo, Liberação:5 Mg/24hs"
10112,Nitroglicerina,268970,"268970 - Nitroglicerina, Dosagem:5 MG/ML, Aplicação:Injetável"
10113,Nitroprusseto De Sódio,453501,"453501 - Nitroprusseto De Sódio, Concentração:25 MG/ML, Forma Farmaceutica:Solução Injetável"
10113,Nitroprusseto De Sódio,273719,"273719 - Nitroprusseto De Sódio, Dosagem:50 MG, Tipo Medicamento:Injetável"
10119,Norelgestromina,396112,"396112 - Norelgestromina, Composição:Associada Ao Etinilestradiol, Concentração:6 Mg + 0,6 MG, Forma Farmaceutica:Adesivo Transdérmico"
10120,Noretisterona,448808,"448808 - Noretisterona, Concentraçao:0,35 MG, Características Adicionais:Em Blister Calendário"
10120,Noretisterona,423946,"423946 - Noretisterona, Composição:Sob Forma De Acetato, Associada Ao Etinilestradiol, Concentraçao:2 Mg + 0,01 MG"
10120,Noretisterona,276856,"276856 - Noretisterona, Concentração:10mg"
10128,Nortriptilina Cloridrato,271610,"271610 - Nortriptilina Cloridrato, Dosagem:50 MG"
10128,Nortriptilina Cloridrato,271609,"271609 - Nortriptilina Cloridrato, Dosagem:10 MG"
10128,Nortriptilina Cloridrato,271608,"271608 - Nortriptilina Cloridrato, Dosagem:2 MG/ML, Uso:Solução Oral"
10128,Nortriptilina Cloridrato,271607,"271607 - Nortriptilina Cloridrato, Dosagem:75 MG"
10128,Nortriptilina Cloridrato,271606,"271606 - Nortriptilina Cloridrato, Dosagem:25 MG"
10140,Ocitocina,343212,"343212 - Ocitocina, Concentração:40 UI/ML, Forma Farmaceutica:Solução Nasal - Spray"
10140,Ocitocina,268277,"268277 - Ocitocina, Dosagem:5 UI/ML, Indicação:Solução Injetável"
10144,Octreotida,342981,"342981 - Octreotida, Composição:Sal Acetato, Concentração:30 MG, Forma Farmaceutica:Pó Liófilo P/ Injetável, Característica Adicional:C/ Sistema De Aplicação"
10144,Octreotida,342980,"342980 - Octreotida, Composição:Sal Acetato, Concentração:20 MG, Forma Farmaceutica:Pó Liófilo P/ Injetável, Característica Adicional:C/ Sistema De Aplicação"
10144,Octreotida,342979,"342979 - Octreotida, Composição:Sal Acetato, Concentração:10 MG, Forma Farmaceutica:Pó Liófilo P/ Injetável, Característica Adicional:C/ Sistema De Aplicação"
10144,Octreotida,305727,"305727 - Octreotida, Dosagem:0,05 MG/ML, Forma Farmacêutica:Solução Injetável"
10144,Octreotida,305726,"305726 - Octreotida, Dosagem:0,5 MG/ML, Forma Farmacêutica:Solução Injetável"
10144,Octreotida,305725,"305725 - Octreotida, Dosagem:0,1 MG/ML, Forma Farmacêutica:Solução Injetável"
10156,Ofloxacino,280947,"280947 - Ofloxacino, Dosagem:200 MG"
10156,Ofloxacino,275477,"275477 - Ofloxacino, Dosagem:3 MG/ML, Apresentação:Solução Oftálmica"
10156,Ofloxacino,268297,"268297 - Ofloxacino, Dosagem:400 MG"
10163,Etanolamina Oleato,282580,"282580 - Etanolamina Oleato, Concentração:5%, Tipo Uso:Solução Injetável"
10173,Óleo De Amêndoas,273902,"273902 - Óleo De Amêndoas, Tipo:Doce, Tipo Uso:Uso Tópico"
10174,Picibanil,403757,"403757 - Picibanil, Composição:Ok-432, Concentração:5 Uc, Forma Farmacêutica:Pó Liófilo P/ Injetável"
10174,Picibanil,403756,"403756 - Picibanil, Composição:Ok-432, Concentração:1 Uc, Forma Farmacêutica:Pó Liófilo P/ Injetável"
10174,Picibanil,403755,"403755 - Picibanil, Composição:Ok-432, Concentração:0,5 Uc, Forma Farmacêutica:Pó Liófilo P/ Injetável"
10174,Picibanil,403754,"403754 - Picibanil, Composição:Ok-432, Concentração:0,1 Uc, Forma Farmacêutica:Pó Liófilo P/ Injetável"
10189,Óleo De Rícino,271637,"271637 - Óleo De Rícino, Composição:Puro"
10161,Olanzapina,611999,"611999 - Olanzapina, Concentração:5 MG, Adicional:Orodispersível"
10161,Olanzapina,442651,"442651 - Olanzapina, Concentração:10 MG, Adicional:Orodispersível"
10161,Olanzapina,336431,"336431 - Olanzapina, Concentração:10 MG, Forma Farmacêutica:Pó Liófilo P/ Injetável"
10161,Olanzapina,273810,"273810 - Olanzapina, Dosagem:2,5 MG"
10161,Olanzapina,271621,"271621 - Olanzapina, Dosagem:10 MG"
10161,Olanzapina,271620,"271620 - Olanzapina, Dosagem:5 MG"
10217,Ondansetrona Cloridrato,419017,"419017 - Ondansetrona Cloridrato, Concentração:0,8 MG/ML, Forma Farmacêutica:Solução Oral"
10217,Ondansetrona Cloridrato,419016,"419016 - Ondansetrona Cloridrato, Concentração:4 MG, Forma Farmacêutica:Comprimido Orodispersível"
10217,Ondansetrona Cloridrato,419015,"419015 - Ondansetrona Cloridrato, Concentração:8 MG, Forma Farmacêutica:Comprimido Orodispersível"
10217,Ondansetrona Cloridrato,305751,"305751 - Ondansetrona Cloridrato, Concentração:8 MG/ML, Forma Farmacêutica:Solução Injetável"
10217,Ondansetrona Cloridrato,268507,"268507 - Ondansetrona Cloridrato, Dosagem:4 MG/ML, Indicação:Injetável"
10217,Ondansetrona Cloridrato,268506,"268506 - Ondansetrona Cloridrato, Dosagem:4 MG"
10217,Ondansetrona Cloridrato,268505,"268505 - Ondansetrona Cloridrato, Dosagem:8 MG"
10217,Ondansetrona Cloridrato,268504,"268504 - Ondansetrona Cloridrato, Dosagem:2 MG/ML, Indicação:Injetável"
10223,Orlistate,273931,"273931 - Orlistate, Dosagem:120 MG"
10241,Oxamniquina,290891,"290891 - Oxamniquina, Dosagem:50 MG/ML, Apresentação:Suspensão Oral"
10241,Oxamniquina,272813,"272813 - Oxamniquina, Dosagem:250 MG"
10243,Oxicodona Cloridrato,483770,"483770 - Oxicodona Cloridrato, Composição:Associado Ao Cloridrato De Naloxona, Concentração:40 Mg + 20 MG, Forma Farmacêutica:Liberação Controlada"
10243,Oxicodona Cloridrato,483769,"483769 - Oxicodona Cloridrato, Composição:Associado Ao Cloridrato De Naloxona, Concentração:20 Mg + 10 MG, Forma Farmacêutica:Liberação Controlada"
10243,Oxicodona Cloridrato,483764,"483764 - Oxicodona Cloridrato, Composição:Associado Ao Cloridrato De Naloxona, Concentração:5 Mg + 2,5 MG, Forma Farmacêutica:Liberação Controlada"
10243,Oxicodona Cloridrato,483763,"483763 - Oxicodona Cloridrato, Composição:Associado Ao Cloridrato De Naloxona, Concentração:10 Mg + 5 MG, Forma Farmacêutica:Liberação Controlada"
10243,Oxicodona Cloridrato,482178,"482178 - Oxicodona Cloridrato, Concentração:10 MG/ML, Forma Farmacêutica:Injetável"
10243,Oxicodona Cloridrato,393731,"393731 - Oxicodona Cloridrato, Concentração:40 MG, Forma Farmacêutica:Liberação Controlada"
10243,Oxicodona Cloridrato,393730,"393730 - Oxicodona Cloridrato, Concentração:20 MG, Forma Farmacêutica:Liberação Controlada"
10243,Oxicodona Cloridrato,393729,"393729 - Oxicodona Cloridrato, Concentração:10 MG, Forma Farmacêutica:Liberação Controlada"
10244,Oxiconazol,287470,"287470 - Oxiconazol, Composição:Nitrato, Concentração:10 MG/ML, Apresentação:Solução Tópica"
10244,Oxiconazol,287469,"287469 - Oxiconazol, Composição:Nitrato, Concentração:10 MG/G, Apresentação:Creme"
10258,Oxandrolona,422474,"422474 - Oxandrolona, Concentração:10 MG, Forma Farmacêutica:P/ Uso Oral, Característica Adicional:Formulação Especialmente Manipulada"
10259,Oximetolona,271644,"271644 - Oximetolona, Dosagem:50 MG"
10216,Omeprazol,464725,"464725 - Omeprazol, Concentração:5 MG/ML, Forma Farmacêutica:Suspensão Oral, Característica Adicional:Formulação Especialmente Manipulada"
10216,Omeprazol,460951,"460951 - Omeprazol, Concentração:40 MG, Característica Adicional:Liberação Prolongada"
10216,Omeprazol,460950,"460950 - Omeprazol, Concentração:20 MG, Característica Adicional:Liberação Prolongada"
10216,Omeprazol,460949,"460949 - Omeprazol, Concentração:10 MG, Característica Adicional:Liberação Prolongada"
10216,Omeprazol,432904,"432904 - Omeprazol, Concentração:3 MG/ML, Forma Farmacêutica:Solução Oral, Característica Adicional:Formulação Especialmente Manipulada"
10216,Omeprazol,381881,"381881 - Omeprazol, Composição:Omeprazol Magnésico, Concentração:41,3 MG"
10216,Omeprazol,381880,"381880 - Omeprazol, Composição:Omeprazol Magnésico, Concentração:20,6 MG"
10216,Omeprazol,381879,"381879 - Omeprazol, Composição:Omeprazol Magnésico, Concentração:10,3 MG"
10216,Omeprazol,367669,"367669 - Omeprazol, Concentração:4 MG/ML, Forma Farmacêutica:Xarope, Característica Adicional:Formulação Especialmente Manipulada"
10216,Omeprazol,348352,"348352 - Omeprazol, Concentração:2 MG/ML, Forma Farmacêutica:Suspensão Oral, Característica Adicional:Formulação Especialmente Manipulada"
10216,Omeprazol,269977,"269977 - Omeprazol, Composição:Associado À Amoxicilina E Claritromicina, Concentração:20mg + 500mg + 500mg"
10216,Omeprazol,268160,"268160 - Omeprazol, Concentração:40 MG, Uso:Injetável"
10216,Omeprazol,267713,"267713 - Omeprazol, Concentração:40 MG"
10216,Omeprazol,267712,"267712 - Omeprazol, Concentração:20 MG"
10216,Omeprazol,267711,"267711 - Omeprazol, Concentração:10 MG"
10242,Oxcarbazepina,273257,"273257 - Oxcarbazepina, Dosagem:300 MG"
10242,Oxcarbazepina,273256,"273256 - Oxcarbazepina, Dosagem:600 MG"
10242,Oxcarbazepina,273255,"273255 - Oxcarbazepina, Dosagem:60 MG/ML, Apresentação:Suspensão Oral"
10263,Ornitina,618982,"618982 - Ornitina, Concentração:800 MG, Característica Adicional:Formulação Especialmente Manipulada"
10263,Ornitina,604578,"604578 - Ornitina, Composição:Sal Aspartato, Concentração:600 MG/G, Forma Farmacêutica:Pó Granulado"
10263,Ornitina,483361,"483361 - Ornitina, Concentração:600 MG, Forma Farmacêutica:Pó Granulado, Característica Adicional:Formulação Especialmente Manipulada"
10263,Ornitina,388556,"388556 - Ornitina, Composição:Sal Aspartato, Concentração:3 G, Forma Farmacêutica:Pó Granulado"
10263,Ornitina,388555,"388555 - Ornitina, Composição:Sal Aspartato, Concentração:500 MG/ML, Forma Farmacêutica:Solução Injetável"
10279,Paclitaxel,444211,"444211 - Paclitaxel, Concentração:100 MG, Forma Farmaceutica:Pó Liófilo P/ Injetável"
10279,Paclitaxel,394804,"394804 - Paclitaxel, Concentração:6 MG/ML, Forma Farmaceutica:Solução Injetável"
10328,Pamidronato Sódico,455890,"455890 - Pamidronato Sódico, Concentração:9 MG/ML, Forma Farmaceutica:Injetável"
10328,Pamidronato Sódico,433901,"433901 - Pamidronato Sódico, Concentração:60 MG, Forma Farmaceutica:Pó Liófilo P/ Injetável"
10331,Benfotiamina,410989,"410989 - Benfotiamina, Concentração:150 MG"
10348,Pantoprazol,466983,"466983 - Pantoprazol, Composição:Magnésico Di-Hidratado, Concentração:40 MG, Adicional:Liberação Controlada"
10348,Pantoprazol,466566,"466566 - Pantoprazol, Composição:Sódico Sesqui-Hidratado, Concentração:20 MG, Adicional:Liberação Controlada"
10348,Pantoprazol,442259,"442259 - Pantoprazol, Composição:Sódico Sesqui-Hidratado, Concentração:40 MG, Adicional:Liberação Controlada"
10348,Pantoprazol,439093,"439093 - Pantoprazol, Composição:Sódico Sesqui-Hidratado, Concentração:20 MG"
10348,Pantoprazol,432783,"432783 - Pantoprazol, Composição:Magnésico Di-Hidratado, Concentração:40 MG"
10348,Pantoprazol,412117,"412117 - Pantoprazol, Concentração:40 MG, Forma Farmaceutica:Granulado"
10348,Pantoprazol,352314,"352314 - Pantoprazol, Concentração:40 MG, Forma Farmaceutica:Pó Liófilo P/ Injetável"
10348,Pantoprazol,268848,"268848 - Pantoprazol, Dosagem:20 MG"
10348,Pantoprazol,267892,"267892 - Pantoprazol, Dosagem:40 MG"
10352,Papaverina,270875,"270875 - Papaverina, Dosagem:50 MG/ML, Indicação:Injetável"
10352,Papaverina,270873,"270873 - Papaverina, Apresentação:Associada Com Dipirona, Extrato De Belladona Linné, Composição:Extrato Hyoscyamus Niger Linné E Extrato De Boldus, Concentração:10mg + 333mg + 6mg + 6mg + 12mg/Ml, Uso:Solução Oral-Gotas"
10422,Paracetamol,606642,"606642 - Paracetamol, Composição:Associado À Clorfeniramina E Fenilefrina, Concentração:400 Mg + 4 Mg + 4 MG, Forma Farmaceutica:Pó Para Solução Oral"
10422,Paracetamol,605854,"605854 - Paracetamol, Princípio Ativo:Associado Com Ác.Acetilsalicílico E Cafeína, Concentração:250 Mg + 250 Mg + 65 MG"
10422,Paracetamol,602639,"602639 - Paracetamol, Composição:Associado Ao Ibuprofeno, Concentração:500 Mg + 200 MG"
10422,Paracetamol,485275,"485275 - Paracetamol, Concentração:140 MG/ML, Forma Farmaceutica:Suspensão Oral"
10422,Paracetamol,483776,"483776 - Paracetamol, Concentração:10 MG/ML, Forma Farmaceutica:Injetável"
10422,Paracetamol,480861,"480861 - Paracetamol, Composição:Associado À Cafeína, Concentração:100 MG/G, Forma Farmaceutica:Pó P/ Preparação Extemporânea"
10422,Paracetamol,480860,"480860 - Paracetamol, Composição:Associado À Cafeína, Concentração:500 Mg + 65 MG, Forma Farmaceutica:Efervescente"
10422,Paracetamol,472785,"472785 - Paracetamol, Concentração:10 MG/ML, Forma Farmaceutica:Injetável, Característica Adicional:Em Bolsa De Câmara Tripla"
10422,Paracetamol,436303,"436303 - Paracetamol, Composição:Associado À Codeína + Meloxicam + Ranitidina, Concentração:500 Mg + 400 Mg + 7,5 Mg + 150 MG, Característica Adicional:Formulação Especialmente Manipulada"
10422,Paracetamol,436237,"436237 - Paracetamol, Composição:Associado Ao Carisoprodol, Concentração:1 G + 300 MG, Característica Adicional:Formulação Especialmente Manipulada"
10422,Paracetamol,435189,"435189 - Paracetamol, Composição:Associado Ao Meloxicam + Ciclobenzaprina, Concentração:500 Mg + 15 Mg + 5 MG, Característica Adicional:Formulação Especialmente Manipulada"
10422,Paracetamol,435102,"435102 - Paracetamol, Composição:Assoc. Amitriptilina + Ciclobenzaprina + Meloxicam, Concentração:500 Mg + 25 Mg + 5 Mg + 7,5 MG, Característica Adicional:Formulação Especialmente Manipulada"
10422,Paracetamol,435101,"435101 - Paracetamol, Composição:Associado À Amitriptilina + Meloxicam, Concentração:500 Mg + 25 Mg + 7,5 MG, Característica Adicional:Formulação Especialmente Manipulada"
10422,Paracetamol,435044,"435044 - Paracetamol, Composição:Associado À Clorferinamina + Fenilefrina, Concentração:40 Mg/Ml + 0,6 Mg/Ml + 0,6 MG/ML, Forma Farmaceutica:Solução Oral"
10422,Paracetamol,431160,"431160 - Paracetamol, Composição:Associado À Famotidina E Tramadol, Concentração:400 Mg + 20 Mg + 20 MG, Característica Adicional:Formulação Especialmente Manipulada"
10422,Paracetamol,410297,"410297 - Paracetamol, Concentração:500 MG, Forma Farmaceutica:Comprimido Efervescente"
10422,Paracetamol,407008,"407008 - Paracetamol, Princípio Ativo:Associado Ao Carisoprodol, Nimesulida, Tizanidina, Composição:Famotidina E Ciclobenzaprina, Concentração:350 Mg + 150 Mg + 200 Mg + 2 Mg + 40 Mg + 10 MG, Característica Adicional:Formulação Especialmente Manipulada"
10422,Paracetamol,407007,"407007 - Paracetamol, Princípio Ativo:Associado Ao Carisoprodol, Nimesulida, Tizanidina, Composição:Famotidina E Cafeína, Concentração:350 Mg + 150 Mg + 200 Mg + 2 Mg + 40 Mg + 50 MG, Característica Adicional:Formulação Especialmente Manipulada"
10422,Paracetamol,396368,"396368 - Paracetamol, Composição:Associado À Fenilefrina E Carbinoxamina, Concentração:(400 Mg + 20 Mg) + (400 Mg + 4 Mg) + 400 MG"
10422,Paracetamol,395726,"395726 - Paracetamol, Composição:Assoc. À Oxomemazina, Guaifenesina, Benzoato Sódio, Concentração:6,66 Mg + 0,332 Mg + 6,66 Mg + 6,66 MG/ML, Forma Farmaceutica:Xarope"
10422,Paracetamol,395725,"395725 - Paracetamol, Composição:Assoc. À Oxomemazina, Guaifenesina, Benzoato Sódio, Concentração:2 Mg + 0,165 Mg + 5 Mg + 5 MG/ML, Forma Farmaceutica:Xarope"
10422,Paracetamol,395519,"395519 - Paracetamol, Composição:Associado A Ibuprofeno, Carisoprodol E Piridoxina, Concentração:400 Mg + 400 Mg + 200 Mg + 50 MG, Característica Adicional:Especialmente Manipulado"
10422,Paracetamol,395518,"395518 - Paracetamol, Composição:Associado À Codeína, Concentração:500 Mg + 15 MG, Característica Adicional:Especialmente Manipulado"
10422,Paracetamol,395152,"395152 - Paracetamol, Composição:Associado À Oxomemazina Cloridrato E Guaifenesina, Concentração:2 Mg + 0,184 Mg + 5 MG/ML, Forma Farmaceutica:Xarope"
10422,Paracetamol,395151,"395151 - Paracetamol, Composição:Associado À Oxomemazina Cloridrato E Guaifenesina, Concentração:6,66 Mg + 0,367 Mg + 6,66 MG/ML, Forma Farmaceutica:Xarope"
10422,Paracetamol,394024,"394024 - Paracetamol, Composição:Associado À Fenilefrina, Concentração:400 Mg / 400 Mg + 20 MG"
10422,Paracetamol,386961,"386961 - Paracetamol, Concentração:100 MG/ML, Forma Farmaceutica:Suspensão Oral"
10422,Paracetamol,386959,"386959 - Paracetamol, Concentração:32 MG/ML, Forma Farmaceutica:Suspensão Oral"
10422,Paracetamol,378572,"378572 - Paracetamol, Composição:Associado À Clorfeniramina E Fenilefrina, Concentração:400 Mg + 4 Mg + 4 MG"
10422,Paracetamol,367808,"367808 - Paracetamol, Composição:Associado À Pseudoefedrina, Concentração:500 Mg + 30 MG"
10422,Paracetamol,303153,"303153 - Paracetamol, Dosagem:650 MG"
10422,Paracetamol,301748,"301748 - Paracetamol, Princípio Ativo:Assoc. A Carbinoxamina, Associado À Fenilefrina, Dosagem:400 Mg + 4 Mg E  400 Mg + 20 MG"
10422,Paracetamol,294631,"294631 - Paracetamol, Apresentação:Assoc. À Pentoxiverina,Fenilefrina E Carbinoxamina, Dosagem:40mg + 1mg + 1mg + 0,4mg/Ml, Forma Farmacêutica:Elixir"
10422,Paracetamol,294629,"294629 - Paracetamol, Apresentação:Assoc. À Pentoxiverina,Fenilefrina E Carbinoxamina, Dosagem:400mg + 10mg + 10mg + 2mg"
10422,Paracetamol,285015,"285015 - Paracetamol, Apresentação:Associado Com Tramadol Cloridrato, Dosagem:325mg + 37,5mg"
10422,Paracetamol,275534,"275534 - Paracetamol, Apresentação:Assoc.À Cafeína, Metoclopramida E Diidroergotamina, Dosagem:450mg + 75mg + 10mg + 1mg"
10422,Paracetamol,273570,"273570 - Paracetamol, Apresentação:Associado À Fenilefrina E Carbinoxamina, Dosagem:40mg + 1mg + 0,4mg/Ml, Uso:Solução Oral"
10422,Paracetamol,270980,"270980 - Paracetamol, Apresentação:Associado Com Carbinoxamina, Dosagem:120mg + 2mg/Ml, Uso:Solução Oral-Gotas"
10422,Paracetamol,270974,"270974 - Paracetamol, Apresentação:Associado Com Clorzoxazona, Dosagem:300mg + 200mg"
10422,Paracetamol,270929,"270929 - Paracetamol, Apresentação:Associado Ao Dimetindeno,Hidroxietil Rutosídeos, Características Adicionais:Ácido Ascórbico E Fenilefrina, Dosagem:500mg + 0,5mg + 15mg + 40mg + 2mg"
10422,Paracetamol,270924,"270924 - Paracetamol, Apresentação:Associado Com Oxifembutazona, Dosagem:300mg + 75mg"
10422,Paracetamol,270923,"270923 - Paracetamol, Apresentação:Associado Com Cafeína E Propifenazona, Dosagem:250mg + 50mg + 150mg"
10422,Paracetamol,270922,"270922 - Paracetamol, Apresentação:Associado Com Diidroergotamina E Cafeína, Dosagem:450mg + 1mg + 40mg"
10422,Paracetamol,270918,"270918 - Paracetamol, Apresentação:Associado Com Ác.Acetilsalicílico E Cafeína, Dosagem:150mg + 200mg + 50mg"
10422,Paracetamol,270917,"270917 - Paracetamol, Apresentação:Associado Com Diclofenaco, Carisoprodol E Cafeína, Dosagem:300mg + 50mg + 125mg + 30mg"
10422,Paracetamol,270916,"270916 - Paracetamol, Apresentação:Associado Com Fenilbutazona E Carisoprodol, Dosagem:300mg + 75mg + 150mg"
10422,Paracetamol,270911,"270911 - Paracetamol, Apresentação:Associado Com Cafeína E Carisoprodol, Dosagem:350mg + 50mg + 150mg"
10422,Paracetamol,270909,"270909 - Paracetamol, Apresentação:Associado Com Cafeína, Dosagem:500mg + 65mg"
10422,Paracetamol,270908,"270908 - Paracetamol, Apresentação:Associado Com Cafeína, Dosagem:500mg + 25mg"
10422,Paracetamol,270907,"270907 - Paracetamol, Apresentação:Associado Com Codeína, Dosagem:500mg + 30mg"
10422,Paracetamol,270906,"270906 - Paracetamol, Apresentação:Associado Com Codeína, Dosagem:500mg + 7,5mg"
10422,Paracetamol,267779,"267779 - Paracetamol, Dosagem Comprimido:750 MG"
10422,Paracetamol,267778,"267778 - Paracetamol, Dosagem Comprimido:500 MG"
10422,Paracetamol,267777,"267777 - Paracetamol, Dosagem Solução Oral:200 MG/ML, Apresentação:Solução Oral"
10422,Paracetamol,267776,"267776 - Paracetamol, Dosagem Solução Oral:100 MG/ML, Apresentação:Solução Oral"
30389,Lazertinibe,633475,"633475 - Lazertinibe, Concentração:80 MG"
10461,Paroxetina Cloridrato,466489,"466489 - Paroxetina Cloridrato, Concentraçao:25 MG"
10461,Paroxetina Cloridrato,436202,"436202 - Paroxetina Cloridrato, Concentraçao:60 MG, Adicional:Especialmente Manipulado"
10461,Paroxetina Cloridrato,357058,"357058 - Paroxetina Cloridrato, Concentraçao:15 MG"
10461,Paroxetina Cloridrato,298769,"298769 - Paroxetina Cloridrato, Dosagem:40 MG"
10461,Paroxetina Cloridrato,298768,"298768 - Paroxetina Cloridrato, Dosagem:10 MG"
10461,Paroxetina Cloridrato,296303,"296303 - Paroxetina Cloridrato, Dosagem:12,5 MG, Forma Farmacêutica:Liberação Controlada"
10461,Paroxetina Cloridrato,296302,"296302 - Paroxetina Cloridrato, Dosagem:25 MG, Forma Farmacêutica:Liberação Controlada"
10461,Paroxetina Cloridrato,273941,"273941 - Paroxetina Cloridrato, Dosagem:30 MG"
10461,Paroxetina Cloridrato,273940,"273940 - Paroxetina Cloridrato, Dosagem:20 MG"
10487,Magaldrato,439144,"439144 - Magaldrato, Concentração:80 MG/ML, Forma Farmacêutica:Suspensão Oral"
10487,Magaldrato,432742,"432742 - Magaldrato, Composição:Associado À Dimeticona, Concentração:80 Mg/Ml + 10 MG/ML, Forma Farmacêutica:Suspensão Oral"
10497,Romiplostim,433019,"433019 - Romiplostim, Concentração:250 MCG, Forma Farmacêutica:Pó Liófilo P/ Injetável"
10621,Penicilamina,272815,"272815 - Penicilamina, Dosagem:250 MG"
10627,Pentamidina Isetionato,308874,"308874 - Pentamidina Isetionato, Dosagem:300 MG, Forma Farmacêutica:Pó Liófilo P/ Injetável"
10633,Pentoxifilina,335112,"335112 - Pentoxifilina, Dosagem:20 MG/ML, Forma Farmacêutica:Solução Injetável"
10633,Pentoxifilina,319144,"319144 - Pentoxifilina, Dosagem:600 MG"
10633,Pentoxifilina,268159,"268159 - Pentoxifilina, Dosagem:400 MG"
10633,Pentoxifilina,267902,"267902 - Pentoxifilina, Dosagem:400 MG, Indicação:Liberação Prolongada"
10671,Periciazina,300989,"300989 - Periciazina, Dosagem:40 MG/ML, Forma Farmacêutica:Solução Oral - Gotas"
10671,Periciazina,300988,"300988 - Periciazina, Dosagem:10 MG/ML, Forma Farmacêutica:Solução Oral - Gotas"
10671,Periciazina,275478,"275478 - Periciazina, Dosagem:10 MG"
10676,Permetrina,363597,"363597 - Permetrina, Concentração:50 MG/ML, Forma Farmaceutica:Loção"
10676,Permetrina,312388,"312388 - Permetrina, Dosagem:10 MG/ML, Forma Farmacêutica:Shampoo"
10676,Permetrina,287891,"287891 - Permetrina, Dosagem:10 MG/G, Indicação:Sabonete"
10676,Permetrina,268284,"268284 - Permetrina, Dosagem:10 MG/ML, Indicação:Creme Capilar"
10676,Permetrina,267773,"267773 - Permetrina, Dosagem:10 MG/ML, Indicação:Loção"
10672,Perindopril,611909,"611909 - Perindopril, Composição:Associado À Indapamida, Concentração:10 Mg + 2,5 MG"
10672,Perindopril,483778,"483778 - Perindopril, Composição:Associado À Indapamida E Anlodipino, Concentração:6,79 Mg + 2,44 Mg + 10 MG"
10672,Perindopril,480409,"480409 - Perindopril, Composição:Associado À Indapamida, Concentração:5 Mg + 1,25 MG"
10672,Perindopril,479974,"479974 - Perindopril, Composição:Associado À Indapamida E Anlodipino, Concentração:6,79 Mg + 2,44 Mg + 5 MG"
10672,Perindopril,458863,"458863 - Perindopril, Concentração:5 MG"
10672,Perindopril,436600,"436600 - Perindopril, Composição:Arginina, Concentração:10 MG"
10672,Perindopril,399407,"399407 - Perindopril, Composição:Associado À Indapamida, Concentração:2 Mg + 0,625 MG"
10672,Perindopril,399406,"399406 - Perindopril, Composição:Associado À Indapamida, Concentração:4 Mg + 1,25 MG"
10672,Perindopril,399405,"399405 - Perindopril, Concentração:8 MG"
10672,Perindopril,273944,"273944 - Perindopril, Dosagem:4 MG"
10704,Picossulfato Sódico,638551,"638551 - Picossulfato Sódico, Composição:Associado Ao Óxido De Magnésio E Ácido Cítrico, Concentração:10 Mg + 3,5 G + 12 G, Forma Farmacêutica:Pó Para Solução Oral"
10704,Picossulfato Sódico,276332,"276332 - Picossulfato Sódico, Apresentação:Associado Com Óleo Mineral Leve + Agar-Agar, Dosagem:0,334mg + 282,25mg + 2,72mg/Ml, Indicação:Emulsão Oral, Com Sabor"
10704,Picossulfato Sódico,269596,"269596 - Picossulfato Sódico, Dosagem:7,5 MG/ML, Indicação:Gotas"
10704,Picossulfato Sódico,269594,"269594 - Picossulfato Sódico, Dosagem:2,5 MG"
10705,Pidolato De Magnésio,445014,"445014 - Pidolato De Magnésio, Composição:Associado À Vitamina B3, Concentração:260 Mg + 16 MG"
10705,Pidolato De Magnésio,271077,"271077 - Pidolato De Magnésio, Dosagem:150 MG/ML, Aplicação:Solução Oral"
10714,Pipotiazina Palmitato,352848,"352848 - Pipotiazina Palmitato, Concentração:10 MG"
10714,Pipotiazina Palmitato,352847,"352847 - Pipotiazina Palmitato, Concentração:25 MG/ML, Forma Farmacêutica:Solução Injetável"
10718,Pimozida,286247,"286247 - Pimozida, Concentração:4 MG"
10718,Pimozida,286246,"286246 - Pimozida, Concentração:1 MG"
10737,Pindolol,373949,"373949 - Pindolol, Concentração:10 MG"
10737,Pindolol,274921,"274921 - Pindolol, Dosagem:5mg"
10737,Pindolol,271197,"271197 - Pindolol, Composição:Associado À Clopamida, Dosagem:10mg + 5mg"
10719,Palbociclibe,452628,"452628 - Palbociclibe, Concentração:100 MG"
10719,Palbociclibe,452627,"452627 - Palbociclibe, Concentração:75 MG"
10719,Palbociclibe,446772,"446772 - Palbociclibe, Concentração:125 MG"
10711,Pilocarpina Cloridrato,612586,"612586 - Pilocarpina Cloridrato, Concentraçao:5 MG"
10711,Pilocarpina Cloridrato,271354,"271354 - Pilocarpina Cloridrato, Concentração:4%, Indicação:Solução Oftálmica"
10711,Pilocarpina Cloridrato,271353,"271353 - Pilocarpina Cloridrato, Concentração:2%, Indicação:Solução Oftálmica"
10711,Pilocarpina Cloridrato,271352,"271352 - Pilocarpina Cloridrato, Concentração:1%, Indicação:Solução Oftálmica"
10753,Piperacilina,271725,"271725 - Piperacilina, Composição:Associada Com Tazobactama, Concentração:4g + 500mg, Aplicação:Injetável"
10753,Piperacilina,271724,"271724 - Piperacilina, Composição:Associada Com Tazobactama, Concentração:2g + 250mg, Aplicação:Injetável"
10759,Piracetam,446091,"446091 - Piracetam, Composição:Associado À Cinarizina, Concentração:400 Mg + 25 MG"
10759,Piracetam,393718,"393718 - Piracetam, Composição:Associado Com Diidroergotamina Mesilato, Concentração:400 Mg + 1 MG"
10759,Piracetam,275124,"275124 - Piracetam, Concentração:800 MG"
10759,Piracetam,275123,"275123 - Piracetam, Concentração:400 MG"
10759,Piracetam,275122,"275122 - Piracetam, Concentração:60 MG/ML, Apresentação:Solução Oral"
10759,Piracetam,275121,"275121 - Piracetam, Concentração:200 MG/ML, Apresentação:Solução Injetável"
10761,Pirazinamida,466430,"466430 - Pirazinamida, Concentração:150 MG, Forma Farmaceutica:Comprimido Dispersível"
10761,Pirazinamida,302748,"302748 - Pirazinamida, Dosagem:30 MG/ML, Forma Farmacêutica:Suspensão Oral"
10761,Pirazinamida,272822,"272822 - Pirazinamida, Dosagem:500 MG"
10763,Piretanida,306141,"306141 - Piretanida, Dosagem:6 MG"
10768,Pirimetamina,629625,"629625 - Pirimetamina, Concentração:2,5 MG/ML, Forma Farmacêutica:Suspensão Oral, Característica Adicional:Formulação Especialmente Manipulada"
10768,Pirimetamina,466950,"466950 - Pirimetamina, Concentração:4 MG, Característica Adicional:Formulação Especialmente Manipulada"
10768,Pirimetamina,466949,"466949 - Pirimetamina, Concentração:1 MG, Característica Adicional:Formulação Especialmente Manipulada"
10768,Pirimetamina,438435,"438435 - Pirimetamina, Concentração:2,5 MG/ML, Forma Farmacêutica:Solução Oral, Característica Adicional:Formulação Especialmente Manipulada"
10768,Pirimetamina,432905,"432905 - Pirimetamina, Concentração:3 MG/ML, Forma Farmacêutica:Suspensão Oral, Característica Adicional:Formulação Especialmente Manipulada"
10768,Pirimetamina,386027,"386027 - Pirimetamina, Concentração:1 MG/ML, Forma Farmacêutica:Suspensão Oral Em Base De Xarope Simples, Característica Adicional:Formulação Especialmente Manipulada"
10768,Pirimetamina,367512,"367512 - Pirimetamina, Concentração:5 MG/ML, Forma Farmacêutica:Suspensão Oral Em Base De Xarope Simples, Característica Adicional:Formulação Especialmente Manipulada"
10768,Pirimetamina,348362,"348362 - Pirimetamina, Concentração:2 MG/ML, Forma Farmacêutica:Suspensão Oral, Característica Adicional:Formulação Especialmente Manipulada"
10768,Pirimetamina,268158,"268158 - Pirimetamina, Dosagem:25 MG"
10776,Piroxicam,393719,"393719 - Piroxicam, Concentração:20 MG, Forma Farmacêutica:P/ Uso Retal"
10776,Piroxicam,294554,"294554 - Piroxicam, Concentração:20 MG/ML, Apresentação:Solução Injetável"
10776,Piroxicam,274044,"274044 - Piroxicam, Composição:Complexado Com Beta-Ciclodextrina, Concentração:10 MG/ML, Apresentação:Gotas"
10776,Piroxicam,274042,"274042 - Piroxicam, Composição:Complexado Com Beta-Ciclodextrina, Concentração:20 MG"
10776,Piroxicam,274041,"274041 - Piroxicam, Concentração:5 MG/G, Apresentação:Gel Tópico"
10776,Piroxicam,274039,"274039 - Piroxicam, Concentração:10 MG/ML, Apresentação:Gotas"
10776,Piroxicam,274037,"274037 - Piroxicam, Concentração:20 MG, Apresentação:Dissolução Instantânea"
10776,Piroxicam,274036,"274036 - Piroxicam, Concentração:20 MG"
10776,Piroxicam,274035,"274035 - Piroxicam, Concentração:10 MG"
30392,Revumenibe,633818,"633818 - Revumenibe, Concentração:160 MG"
30392,Revumenibe,633817,"633817 - Revumenibe, Concentração:110 MG"
30392,Revumenibe,633816,"633816 - Revumenibe, Concentração:25 MG"
10956,Policarbofila Cálcica,386846,"386846 - Policarbofila Cálcica, Concentração:500 MG"
10962,Poliestirenossulfonato,448769,"448769 - Poliestirenossulfonato, Composição:De Cálcio, Concentração:900 MG/G, Forma Farmaceutica:Pó P/ Suspensão Oral"
10967,Gelatina Fluida Modificada (Succinilgelatina),367765,"367765 - Gelatina Fluida Modificada (Succinilgelatina), Concentração:3,5%, Forma Farmacêutica:Solução Injetável, Característica Adicional:Em Sistema Fechado"
10967,Gelatina Fluida Modificada (Succinilgelatina),352312,"352312 - Gelatina Fluida Modificada (Succinilgelatina), Concentração:4 %, Forma Farmacêutica:Solução Injetável, Característica Adicional:Em Sistema Fechado"
10967,Gelatina Fluida Modificada (Succinilgelatina),274115,"274115 - Gelatina Fluida Modificada (Succinilgelatina), Concentração:3,5%, Tipo Medicamento:Solução Injetável"
10976,Abiraterona  Acetato,463156,"463156 - Abiraterona  Acetato, Concentração:500 MG"
10976,Abiraterona  Acetato,412776,"412776 - Abiraterona  Acetato, Concentração:250 MG"
10977,Polihexanida,638476,"638476 - Polihexanida, Composição:Associada À Cocoamidopropil Betaína E Edta, Concentração:0,1% + 0,1% + 0,1%, Forma Farmacêutica:Solução Aquosa"
10977,Polihexanida,615878,"615878 - Polihexanida, Composição:Associada Ao Alfa-Bisabolol, Concentração:0,2%, Forma Farmacêutica:Loção Cremosa Hidratante"
10977,Polihexanida,615615,"615615 - Polihexanida, Composição:Associada Ao Alfa-Bisabolol E Dimeticona, Concentração:0,2%, Forma Farmacêutica:Espuma"
10977,Polihexanida,615404,"615404 - Polihexanida, Composição:Associada Ao Alfa-Bisabolol, Concentração:0,2%, Forma Farmacêutica:Solução Aquosa"
10977,Polihexanida,615403,"615403 - Polihexanida, Composição:Associada À Cocoamidopropil Betaína, Concentração:0,1% + 0,1%, Forma Farmacêutica:Solução Aquosa"
10977,Polihexanida,473579,"473579 - Polihexanida, Concentração:0,1%, Forma Farmacêutica:Gel"
10977,Polihexanida,473253,"473253 - Polihexanida, Composição:Associada Ao Alfa-Bisabolol, Forma Farmacêutica:Gel"
10977,Polihexanida,396711,"396711 - Polihexanida, Composição:Associada À Undecilaminopropil Betaína, Concentração:0,1% + 0,1%, Forma Farmacêutica:Gel"
10977,Polihexanida,390804,"390804 - Polihexanida, Composição:Associada À Undecilaminopropil Betaína, Concentração:0,1% + 0,1%, Forma Farmacêutica:Solução Aquosa"
10977,Polihexanida,389090,"389090 - Polihexanida, Concentração:0,1%, Forma Farmacêutica:Solução Hidroalcoólica"
10977,Polihexanida,389089,"389089 - Polihexanida, Concentração:0,1%, Forma Farmacêutica:Hidrogel"
10977,Polihexanida,389088,"389088 - Polihexanida, Concentração:0,1%, Forma Farmacêutica:Sabonete Líquido"
10977,Polihexanida,389087,"389087 - Polihexanida, Concentração:0,1%, Forma Farmacêutica:Solução Aquosa"
30393,Vorasidenibe,634304,"634304 - Vorasidenibe, Concentração:40 MG"
30393,Vorasidenibe,634303,"634303 - Vorasidenibe, Concentração:10 MG"
11144,Pravastatina,271727,"271727 - Pravastatina, Dosagem:40mg"
11144,Pravastatina,268148,"268148 - Pravastatina, Dosagem:20 Mg"
11144,Pravastatina,268147,"268147 - Pravastatina, Dosagem:10 Mg"
11146,Praziquantel,269634,"269634 - Praziquantel, Dosagem:150 MG"
11146,Praziquantel,268954,"268954 - Praziquantel, Dosagem:600 MG"
11146,Praziquantel,268298,"268298 - Praziquantel, Dosagem:500 MG"
11154,Prednisona,267743,"267743 - Prednisona, Dosagem:20 Mg"
11154,Prednisona,267742,"267742 - Prednisona, Dosagem:50 Mg"
11154,Prednisona,267741,"267741 - Prednisona, Dosagem:5 Mg"
11153,Prednisolona,607984,"607984 - Prednisolona, Concentração:10 MG"
11153,Prednisolona,473679,"473679 - Prednisolona, Concentração:40 MG"
11153,Prednisolona,448597,"448597 - Prednisolona, Composição:Fosfato Sódico, Concentração:20 MG"
11153,Prednisolona,448596,"448596 - Prednisolona, Composição:Fosfato Sódico, Concentração:5 MG"
11153,Prednisolona,448595,"448595 - Prednisolona, Composição:Fosfato Sódico, Concentração:3 MG/ML, Forma Farmaceutica:Solução Oral"
11153,Prednisolona,448594,"448594 - Prednisolona, Composição:Fosfato Sódico, Concentração:1 MG/ML, Forma Farmaceutica:Solução Oral"
11153,Prednisolona,448593,"448593 - Prednisolona, Composição:Fosfato Sódico, Concentração:11 MG/ML, Forma Farmaceutica:Solução Oral - Gotas"
11153,Prednisolona,448592,"448592 - Prednisolona, Composição:Acetato, Associado Ao Gatifloxacino Sesquiidratado, Concentração:10 Mg/Ml + 3 MG/ML, Forma Farmaceutica:Solução Oftálmica"
11153,Prednisolona,448591,"448591 - Prednisolona, Composição:Acetato, Concentração:10 MG/ML, Forma Farmaceutica:Suspensão Oftálmica"
11153,Prednisolona,448590,"448590 - Prednisolona, Composição:Acetato, Concentração:1,2 MG/ML, Forma Farmaceutica:Suspensão Oftálmica"
11156,Pregabalina,618333,"618333 - Pregabalina, Concentração:20 MG/ML, Forma Farmacêutica:Solução Oral"
11156,Pregabalina,486408,"486408 - Pregabalina, Concentração:25 MG/ML, Forma Farmacêutica:Solução Oral"
11156,Pregabalina,485309,"485309 - Pregabalina, Concentração:35 MG"
11156,Pregabalina,392112,"392112 - Pregabalina, Concentração:300 MG"
11156,Pregabalina,392111,"392111 - Pregabalina, Concentração:150 MG"
11156,Pregabalina,388714,"388714 - Pregabalina, Concentração:100 MG"
11156,Pregabalina,388713,"388713 - Pregabalina, Concentração:50 MG"
11156,Pregabalina,388712,"388712 - Pregabalina, Concentração:75 MG"
11156,Pregabalina,388711,"388711 - Pregabalina, Concentração:25 MG"
11210,Primaquina Difosfato,272828,"272828 - Primaquina Difosfato, Dosagem:15 MG"
11210,Primaquina Difosfato,272827,"272827 - Primaquina Difosfato, Dosagem:5 MG"
11213,Primidona,319128,"319128 - Primidona, Dosagem:100 MG"
11213,Primidona,278482,"278482 - Primidona, Dosagem:250 MG"
11220,Procarbazina Cloridrato,340208,"340208 - Procarbazina Cloridrato, Concentração:50 MG"
11259,Osimertinibe,442724,"442724 - Osimertinibe, Concentração:40 MG"
11259,Osimertinibe,442723,"442723 - Osimertinibe, Concentração:80 MG"
11261,Promestrieno,296749,"296749 - Promestrieno, Concentração:10 MG, Forma Farmacêutica:Cápsula Vaginal"
11261,Promestrieno,294927,"294927 - Promestrieno, Concentração:10 MG/G, Forma Farmacêutica:Creme Vaginal"
11265,Propatilnitrato,273135,"273135 - Propatilnitrato, Dosagem:10 MG"
11274,Propiltiouracil,273589,"273589 - Propiltiouracil, Dosagem:100 MG"
11276,Propofol,448762,"448762 - Propofol, Concentraçao:20 MG/ML, Forma Farmaceutica:Emulsão Injetável, Caracteristica Adicional:Seringa Preenchida"
11276,Propofol,448761,"448761 - Propofol, Concentraçao:10 MG/ML, Forma Farmaceutica:Emulsão Injetável, Caracteristica Adicional:Seringa Preenchida"
11276,Propofol,305936,"305936 - Propofol, Dosagem:20 MG/ML, Forma Farmacêutica:Emulsão Injetável"
11276,Propofol,305935,"305935 - Propofol, Dosagem:10 MG/ML, Forma Farmacêutica:Emulsão Injetável"
11236,Riboflavina,626748,"626748 - Riboflavina, Concentração:150 MG/ML, Forma Farmacêutica:Solução Oral, Característica Adicional:Formulação Especialmente Manipulada"
11236,Riboflavina,600203,"600203 - Riboflavina, Concentração:400 MG, Característica Adicional:Formulação Especialmente Manipulada"
11236,Riboflavina,600202,"600202 - Riboflavina, Concentração:50 MG, Característica Adicional:Formulação Especialmente Manipulada"
11236,Riboflavina,440541,"440541 - Riboflavina, Concentração:0,1%, Forma Farmacêutica:Solução Oftálmica, Características Adicionais:Especialmente Manipulado"
11236,Riboflavina,419548,"419548 - Riboflavina, Concentração:30 MG, Forma Farmacêutica:Na Forma Oral Sólida, Característica Adicional:Formulação Especialmente Manipulada"
11236,Riboflavina,411759,"411759 - Riboflavina, Composição:Associado À Ubidecarenona, Concentração:100 + 100 MG/ML, Forma Farmacêutica:Suspensão Oral, Característica Adicional:Formulação Especialmente Manipulada"
11236,Riboflavina,411754,"411754 - Riboflavina, Concentração:250 MG/ML, Forma Farmacêutica:Solução Oral, Característica Adicional:Formulação Especialmente Manipulada"
11236,Riboflavina,393341,"393341 - Riboflavina, Concentração:200 MG, Forma Farmacêutica:Na Forma Oral Sólida, Característica Adicional:Formulação Especialmente Manipulada"
11275,Fluticasona,601407,"601407 - Fluticasona, Composição:Propionato, Concentração:250 MCG, Forma Farmacêutica:Cápsula Pó Inalante"
11275,Fluticasona,477861,"477861 - Fluticasona, Composição:Associada Ao Umeclidínio E Vilanterol, Concentração:100 Mcg/Dose + 62,5 Mcg/Dose + 25 Mcg/Dose, Forma Farmacêutica:Pó Para Inalação, Adicional:Com Inalador"
11275,Fluticasona,448572,"448572 - Fluticasona, Composição:Propionato, Concentração:50mcg/Dose, Forma Farmacêutica:Aerossol Oral - Spray"
11275,Fluticasona,448571,"448571 - Fluticasona, Composição:Propionato, Concentração:50mcg/Dose, Forma Farmacêutica:Aerossol Nasal - Spray"
11275,Fluticasona,448570,"448570 - Fluticasona, Composição:Propionato, Concentração:50 Mcg, Forma Farmacêutica:Cápsula Pó Inalante"
11275,Fluticasona,448569,"448569 - Fluticasona, Composição:Propionato, Concentração:250mcg/Dose, Forma Farmacêutica:Disco Pó Inalante"
11275,Fluticasona,448568,"448568 - Fluticasona, Composição:Propionato, Concentração:0,05%, Forma Farmacêutica:Creme"
11275,Fluticasona,448567,"448567 - Fluticasona, Composição:Propionato, Concentração:250mcg/Dose, Forma Farmacêutica:Aerossol Oral - Spray"
11275,Fluticasona,448566,"448566 - Fluticasona, Composição:Propionato, Concentração:0,005%, Forma Farmacêutica:Pomada"
11275,Fluticasona,448565,"448565 - Fluticasona, Composição:Fuorato, Associado Ao Vilanterol, Concentração:200 Mcg/Dose + 25 Mcg/Dose, Forma Farmacêutica:Pó Para Inalação"
11275,Fluticasona,448564,"448564 - Fluticasona, Composição:Fuorato, Associado Ao Vilanterol, Concentração:100 Mcg/Dose + 25 Mcg/Dose, Forma Farmacêutica:Pó Para Inalação"
11275,Fluticasona,448563,"448563 - Fluticasona, Composição:Fuorato, Concentração:27,5 Mcg/Dose, Forma Farmacêutica:Spray Nasal"
30394,Pabinafuspe,634311,"634311 - Pabinafuspe, Composição:Alfa, Concentração:10 MG, Forma Farmacêutica:Injetável"
11378,Quinidina Sulfato,267767,"267767 - Quinidina Sulfato, Dosagem:200 MG"
11407,Raltitrexede,270447,"270447 - Raltitrexede, Dosagem:2 MG, Apresentação:Injetável"
11408,Ramipril,436500,"436500 - Ramipril, Composição:Associado Com Anlodipino, Concentração:10 Mg + 10 MG"
11408,Ramipril,381066,"381066 - Ramipril, Composição:Associado Com Anlodipino, Concentração:10 Mg + 5 Mg"
11408,Ramipril,276264,"276264 - Ramipril, Composição:Associado Com Anlodipino, Concentração:5mg + 5mg"
11408,Ramipril,276263,"276263 - Ramipril, Composição:Associado Com Anlodipino, Concentração:2,5mg + 5mg"
11408,Ramipril,276262,"276262 - Ramipril, Composição:Associado Com Hidroclorotiazida, Concentração:5mg + 25mg"
11408,Ramipril,276261,"276261 - Ramipril, Composição:Associado Com Hidroclorotiazida, Concentração:5mg + 12,5mg"
11408,Ramipril,276260,"276260 - Ramipril, Concentração:2,5mg"
11408,Ramipril,276259,"276259 - Ramipril, Concentração:10mg"
11408,Ramipril,276258,"276258 - Ramipril, Concentração:5mg"
11411,Ranitidina Cloridrato,442585,"442585 - Ranitidina Cloridrato, Concentração:40 MG/ML, Forma Farmaceutica:Solução Oral Gotas"
11411,Ranitidina Cloridrato,398701,"398701 - Ranitidina Cloridrato, Concentração:15 MG/ML, Forma Farmaceutica:Xarope"
11411,Ranitidina Cloridrato,267737,"267737 - Ranitidina Cloridrato, Dosagem:300 MG"
11411,Ranitidina Cloridrato,267736,"267736 - Ranitidina Cloridrato, Dosagem:150 MG"
11411,Ranitidina Cloridrato,267735,"267735 - Ranitidina Cloridrato, Dosagem:25 MG/ML, Tipo:Solução Injetável"
11630,Remifentanila Cloridrato,270115,"270115 - Remifentanila Cloridrato, Dosagem:1 MG, Apresentação:Injetável"
11630,Remifentanila Cloridrato,268973,"268973 - Remifentanila Cloridrato, Dosagem:2 MG, Apresentação:Injetável"
11630,Remifentanila Cloridrato,268972,"268972 - Remifentanila Cloridrato, Dosagem:5 MG, Apresentação:Injetável"
11641,Repaglinida,291692,"291692 - Repaglinida, Concentração:2 MG"
11641,Repaglinida,291691,"291691 - Repaglinida, Concentração:1 MG"
11641,Repaglinida,291690,"291690 - Repaglinida, Concentração:0,5 MG"
11661,Dienogeste,448792,"448792 - Dienogeste, Composição:Associado Ao Valerato De Estradiol, Concentração:0 Mg + 3mg / 2mg + 2mg / 3mg + 2mg / 0 Mg + 1 MG, Forma Farmacêutica:Comprimido A + B + C + D + Placebo"
11661,Dienogeste,429549,"429549 - Dienogeste, Concentração:2 MG"
11743,Ribavirina,407989,"407989 - Ribavirina, Concentração:200 MG"
11743,Ribavirina,332716,"332716 - Ribavirina, Dosagem:6 G, Forma Farmacêutica:Pó Liófilo P/ Sol. Inalação"
11743,Ribavirina,272835,"272835 - Ribavirina, Dosagem:250 MG"
11744,Rifamicina,271140,"271140 - Rifamicina, Dosagem:10 MG/ML, Indicação:Spray"
11744,Rifamicina,270226,"270226 - Rifamicina, Apresentação:Associado Com Prednisolona, Dosagem:1,5mg + 5mg/G, Indicação:Pomada"
11745,Ramucirumabe,440264,"440264 - Ramucirumabe, Concentração:10 MG/ML, Forma Farmaceutica:Solução Injetável"
11746,Rifampicina,461236,"461236 - Rifampicina, Composição:Associada À Isoniazida, Concentração:75 Mg + 50 MG, Forma Farmaceutica:Comprimido Dispersível, Característica Adicional:Dose Fixa Combinada 2x1"
11746,Rifampicina,461235,"461235 - Rifampicina, Composição:Associada À Isoniazida E Pirazinamida, Concentração:75 Mg + 50 Mg + 150 MG, Forma Farmaceutica:Comprimido Dispersível, Característica Adicional:Dose Fixa Combinada 3x1"
11746,Rifampicina,446631,"446631 - Rifampicina, Composição:Associada À Isoniazida, Concentração:300 Mg + 150 MG"
11746,Rifampicina,374155,"374155 - Rifampicina, Composição:Associada À Isoniazida, Concentração:150 Mg + 75 MG, Característica Adicional:Dose Fixa Combinada 2x1"
11746,Rifampicina,364037,"364037 - Rifampicina, Composição:Associada À Isoniazida, Pirazinamida E Etambutol, Concentração:150 Mg + 75 Mg + 400 Mg + 275 MG, Característica Adicional:Dose Fixa Combinada 4x1"
11746,Rifampicina,328364,"328364 - Rifampicina, Composição:Associada À Dapsona, Concentração:(300 Mg + 300 Mg) + 100 MG, Característica Adicional:Blister Calendário, Hansen Paucibacilar, Adulto"
11746,Rifampicina,328363,"328363 - Rifampicina, Composição:Associada À Dapsona, Concentração:(300 Mg + 150 Mg) + 50 MG, Característica Adicional:Blister Calendário, Hansen Paucibacilar,Infantil"
11746,Rifampicina,328362,"328362 - Rifampicina, Composição:Associada À Clofazimina E Dapsona, Concentração:(300 Mg + 150 Mg) + 50 Mg + 50 MG, Característica Adicional:Blister Calendário, Hansen Multibacilar, Infantil"
11746,Rifampicina,328361,"328361 - Rifampicina, Composição:Associada À Clofazimina E Dapsona, Concentração:(300 Mg + 300 Mg) + 50 Mg + 100 MG, Característica Adicional:Blister Calendário, Hansen Multibacilar, Adulto"
11746,Rifampicina,292208,"292208 - Rifampicina, Dosagem:20 MG/ML, Forma Farmacêutica:Suspensão Oral"
11746,Rifampicina,272837,"272837 - Rifampicina, Dosagem:300 MG"
11746,Rifampicina,271139,"271139 - Rifampicina, Apresentação:Associada Com Isoniazida, Dosagem:150mg + 100mg"
11746,Rifampicina,271138,"271138 - Rifampicina, Apresentação:Associada Com Isoniazida, Dosagem:300mg + 200mg"
11750,Ringer,352192,"352192 - Ringer, Composição:Simples, Forma Farmacêutica:Solução Injetável, Característica Adicional:Sistema Fechado"
11750,Ringer,303292,"303292 - Ringer, Composição:Associado Com Lactato De Sódio, Forma Farmacêutica:Solução Injetável, Característica Adicional:Sistema Fechado"
11758,Risedronato Sódico,473683,"473683 - Risedronato Sódico, Concentração:35 MG, Adicional:Liberação Controlada"
11758,Risedronato Sódico,395949,"395949 - Risedronato Sódico, Concentração:150 MG"
11758,Risedronato Sódico,296717,"296717 - Risedronato Sódico, Concentração:35 MG"
11758,Risedronato Sódico,296716,"296716 - Risedronato Sódico, Concentração:30 MG"
11758,Risedronato Sódico,296715,"296715 - Risedronato Sódico, Concentração:5 MG"
11759,Risperidona,448660,"448660 - Risperidona, Concentração:50 MG, Forma Farmaceutica:Pó Liófilo P/ Injetável + Diluente, Características Adicionais:C/ Conjunto De Aplicação"
11759,Risperidona,448659,"448659 - Risperidona, Concentração:37,5 MG, Forma Farmaceutica:Pó Liófilo P/ Injetável + Diluente, Características Adicionais:C/ Conjunto De Aplicação"
11759,Risperidona,448658,"448658 - Risperidona, Concentração:25 MG, Forma Farmaceutica:Pó Liófilo P/ Injetável + Diluente, Características Adicionais:C/ Conjunto De Aplicação"
11759,Risperidona,392114,"392114 - Risperidona, Concentração:500 MCG"
11759,Risperidona,392113,"392113 - Risperidona, Concentração:250 MCG"
11759,Risperidona,284106,"284106 - Risperidona, Dosagem:1 MG/ML, Uso:Solução Oral, Com Pipeta Dosadora"
11759,Risperidona,284105,"284105 - Risperidona, Dosagem:3 MG"
11759,Risperidona,272839,"272839 - Risperidona, Dosagem:1 MG"
11759,Risperidona,268149,"268149 - Risperidona, Dosagem:2 MG"
11760,Ritonavir,449803,"449803 - Ritonavir, Concentração:100 MG, Forma Farmaceutica:Pó Para Suspensão Oral"
11760,Ritonavir,448809,"448809 - Ritonavir, Composição:Associado Ao Ombitasvir, Veruprevir E Dasabuvir, Concentração:50 Mg + 12,5 Mg + 75 Mg /  250 MG, Forma Farmaceutica:Comprimido A + B"
11760,Ritonavir,427509,"427509 - Ritonavir, Concentração:100 MG"
11760,Ritonavir,268356,"268356 - Ritonavir, Dosagem:80 MG/ML, Apresentação:Solução Oral"
11761,Rituximabe,448630,"448630 - Rituximabe, Concentração:119,65 MG/ML, Forma Farmacêutica:Solução Injetável"
11761,Rituximabe,268520,"268520 - Rituximabe, Dosagem:10mg/Ml, Indicação:Solução Injetável"
11834,Apixabana,429847,"429847 - Apixabana, Concentração:2,5 MG"
11834,Apixabana,429846,"429846 - Apixabana, Concentração:5 MG"
30396,Tislelizumabe,634512,"634512 - Tislelizumabe, Concentração:10 MG/ML, Forma Farmacêutica:Solução P/ Diluição P/ Infusão"
11854,Roxitromicina,270005,"270005 - Roxitromicina, Dosagem:300 MG"
30397,Lebriquizumabe,634751,"634751 - Lebriquizumabe, Concentração:125 MG/ML, Forma Farmacêutica:Solução Injetável, Adicional:Seringa Preenchida C/ Caneta Aplicadora"
11912,Sais Para Reidratação Oral,634755,"634755 - Sais Para Reidratação Oral, Composição:Sódio, Potássio, Cloreto, Citrato E Glicose, Concentração:50 Meq/L + 20 Meq/L + 50 Meq/L + 20 Meq/L + 134 MMOL/L, Forma Farmacêutica:Pó P/ Solução Oral"
11912,Sais Para Reidratação Oral,479701,"479701 - Sais Para Reidratação Oral, Composição:Sódio, Potássio, Cloreto, Citrato E Glicose, Concentração:45 Mmol/L + 40 Mmol/L + 70 Mmol/L + 7 Mmol/L + 125 MMOL/L, Forma Farmacêutica:Solução Oral, Características Adicionais:Formulação Especialmente Manipulada"
11912,Sais Para Reidratação Oral,446105,"446105 - Sais Para Reidratação Oral, Composição:Sódio, Potássio, Cloreto, Citrato E Glicose, Concentração:90 Meq/L + 20 Meq/L + 80 Meq/L + 30 Meq/L + 111 MMOL/L, Forma Farmacêutica:Pó P/ Solução Oral"
11912,Sais Para Reidratação Oral,446104,"446104 - Sais Para Reidratação Oral, Composição:Sódio, Potássio, Cloreto, Citrato E Glicose, Concentração:60 Meq/L + 20 Meq/L + 60 Meq/L + 20 Meq/L + 110 MMOL/L, Forma Farmacêutica:Solução Oral"
11912,Sais Para Reidratação Oral,446103,"446103 - Sais Para Reidratação Oral, Composição:Sódio, Potássio, Cloreto, Citrato E Glicose, Concentração:45 Meq/L + 20 Meq/L + 35 Meq/L + 30 Meq/L + 126 MMOL/L, Forma Farmacêutica:Solução Oral"
11926,Salmeterol Xinafoato,436780,"436780 - Salmeterol Xinafoato, Composição:Associado Com Propionato De Fluticasona, Concentração:50 Mcg + 100 Mcg/Dose, Forma Farmacêutica:Pó Para Inalação"
11926,Salmeterol Xinafoato,436779,"436779 - Salmeterol Xinafoato, Composição:Associado Com Propionato De Fluticasona, Concentração:50 Mcg + 250 Mcg/Dose, Forma Farmacêutica:Pó Para Inalação"
11926,Salmeterol Xinafoato,436777,"436777 - Salmeterol Xinafoato, Composição:Associado Com Propionato De Fluticasona, Concentração:50 Mcg + 500 Mcg/Dose, Forma Farmacêutica:Pó Para Inalação"
11926,Salmeterol Xinafoato,398712,"398712 - Salmeterol Xinafoato, Composição:Associado Com Propionato De Fluticasona, Concentração:25 Mcg + 50 Mcg/Dose, Forma Farmacêutica:Suspensão Oral Em Aerossol"
11926,Salmeterol Xinafoato,398711,"398711 - Salmeterol Xinafoato, Composição:Associado Com Propionato De Fluticasona, Concentração:25 Mcg + 125 Mcg/Dose, Forma Farmacêutica:Suspensão Oral Em Aerossol"
11926,Salmeterol Xinafoato,398710,"398710 - Salmeterol Xinafoato, Composição:Associado Com Propionato De Fluticasona, Concentração:25mcg + 250mcg /Dose, Forma Farmacêutica:Suspensão Oral Em Aerossol"
11926,Salmeterol Xinafoato,375977,"375977 - Salmeterol Xinafoato, Concentração:25 Mcg/Dose, Forma Farmacêutica:Suspensão Aerosol P/ Inalação, Característica Adicional:Com Aplicador"
11926,Salmeterol Xinafoato,337478,"337478 - Salmeterol Xinafoato, Composição:Associado Com Propionato De Fluticasona, Concentração:50 Mcg + 100 Mcg/Dose, Forma Farmacêutica:Disco Com 60 Doses"
11926,Salmeterol Xinafoato,332789,"332789 - Salmeterol Xinafoato, Composição:Associado Com Propionato De Fluticasona, Concentração:25 Mcg + 50 Mcg/Dose, Forma Farmacêutica:Spray Oral"
11926,Salmeterol Xinafoato,332788,"332788 - Salmeterol Xinafoato, Composição:Associado Com Propionato De Fluticasona, Concentração:25 Mcg + 125 Mcg/Dose, Forma Farmacêutica:Spray Oral"
11926,Salmeterol Xinafoato,296792,"296792 - Salmeterol Xinafoato, Composição:Associado Com Propionato De Fluticasona, Concentração:50 Mcg + 250 Mcg/Dose, Tipo De Apresentação:Discos Com 60 Doses"
11926,Salmeterol Xinafoato,280881,"280881 - Salmeterol Xinafoato, Composição:Associado Com Propionato De Fluticasona, Concentração:25mcg + 250mcg /Dose, Tipo De Apresentação:Spray"
11926,Salmeterol Xinafoato,266809,"266809 - Salmeterol Xinafoato, Dosagem:50mcg / Dose, Apresentação:Pó Para Inalação"
11944,Sapropterina Dicloridrato,396086,"396086 - Sapropterina Dicloridrato, Concentração:100 MG, Forma Farmacêutica:Comprimido Solúvel"
11948,Saquinavir,448862,"448862 - Saquinavir, Composição:Sal Mesilato, Concentração:200 MG"
11917,Salbutamol,404658,"404658 - Salbutamol, Concentração:4 MG"
11917,Salbutamol,403023,"403023 - Salbutamol, Concentração:1 MG/ML, Forma Farmaceutica:Solução Para Nebulização"
11917,Salbutamol,396500,"396500 - Salbutamol, Composição:Associado Com Guaifenesina, Concentração:0,4 Mg + 20 MG/ML, Forma Farmaceutica:Solução Oral"
11917,Salbutamol,294887,"294887 - Salbutamol, Dosagem:100mcg/Dose, Forma Farmacêutica:Aerosol Oral"
11917,Salbutamol,292331,"292331 - Salbutamol, Dosagem:0,4 Mg/Ml, Forma Farmacêutica:Xarope"
11917,Salbutamol,288044,"288044 - Salbutamol, Dosagem:200mcg/Dose, Uso:Pó P/ Inalação"
11917,Salbutamol,268523,"268523 - Salbutamol, Dosagem:0,5mg/Ml, Uso:Solução Injetável"
11917,Salbutamol,268303,"268303 - Salbutamol, Dosagem:5 MG/ML, Uso:Solução Para Nebulização"
11917,Salbutamol,268302,"268302 - Salbutamol, Dosagem:2 MG"
11922,Salicilato De Metila,617564,"617564 - Salicilato De Metila, Composição:Associado Ao Mentol, Concentração:0,25 G/G + 0,25 G/G, Forma Farmacêutica:Pomada"
11922,Salicilato De Metila,607656,"607656 - Salicilato De Metila, Composição:Associado Ao Mentol, Concentração:0,15 G/G + 0,07 G/G, Forma Farmacêutica:Gel"
11922,Salicilato De Metila,465438,"465438 - Salicilato De Metila, Composição:Associado Ao Mentol E Cânfora, Concentração:144 Mg + 131 Mg + 28,4 MG, Forma Farmacêutica:Adesivo Transdérmico"
11922,Salicilato De Metila,465437,"465437 - Salicilato De Metila, Composição:Associado Ao Mentol E Cânfora, Concentração:36 Mg + 33 Mg + 7,1 MG, Forma Farmacêutica:Adesivo Transdérmico"
11922,Salicilato De Metila,462391,"462391 - Salicilato De Metila, Composição:Associado Ao Mentol, Concentração:105 Mg + 31,5 MG, Forma Farmacêutica:Adesivo Transdérmico"
11922,Salicilato De Metila,452266,"452266 - Salicilato De Metila, Composição:Associado À Cânfora, Mentol E Arnica, Concentração:2% + 5% + 2% + 10%, Forma Farmacêutica:Gel, Característica Adicional:Medicamento Especialmente Manipulado"
11922,Salicilato De Metila,407013,"407013 - Salicilato De Metila, Composição:Associado Ao Mentol, Cânfora E Óleo De Eucalípto, Concentração:150 Mg + 100 Mg + 80 Mg + 50 MG/G, Forma Farmacêutica:Pomada, Característica Adicional:Medicamento Especialmente Manipulado"
11922,Salicilato De Metila,349475,"349475 - Salicilato De Metila, Composição:Associado À Ess. Terebentina, Cânfora E Mentol, Concentração:0,02 Ml + 0,05 Ml + 30 Mg + 5 MG/G, Forma Farmacêutica:Pomada"
11922,Salicilato De Metila,334733,"334733 - Salicilato De Metila, Composição:Associado Ao Bálsamo Do Perú, Extrato De Beladona, Componentes:Óxido De Zinco E Cânfora, Concentração:2,7% + 4,7% + 1,7% + 10% + 1%, Forma Farmacêutica:Pomada, Característica Adicional:Medicamento Especialmente Manipulado"
11922,Salicilato De Metila,333241,"333241 - Salicilato De Metila, Composição:Associada À Cânfora, Mentol E Salicilato De Glicol, Concentração:30 Mg + 38,5 Mg + 38,5 Mg + 19 MG/ML, Forma Farmacêutica:Aerossol Tópico"
11922,Salicilato De Metila,317787,"317787 - Salicilato De Metila, Composição:Associada À Cânfora, Mentol, E Ess. De Terebentina, Concentração:0,0333 Ml + 0,0333 G + 0,0083 G + 0,0833 Ml/Ml, Forma Farmacêutica:Solução Tópica, Embalagem:Frasco Aerossol"
11922,Salicilato De Metila,311442,"311442 - Salicilato De Metila, Composição:Associado Com Timol, Eucaliptol E Mentol, Concentração:0,06% + 0,064% + 0,092% + 0,042%, Forma Farmacêutica:Solução Bucal"
11969,Secnidazol,268301,"268301 - Secnidazol, Concentração:30 MG/ML, Uso:Suspensão Oral"
11969,Secnidazol,268300,"268300 - Secnidazol, Concentração:500 MG"
11969,Secnidazol,268299,"268299 - Secnidazol, Concentração:1.000 MG"
12049,Sertralina Cloridrato,631323,"631323 - Sertralina Cloridrato, Composição:Nortriptlina, Sulpirida E Carbonato De Lítio, Concentração:250 Mg + 7,5 Mg + 7,5 Mg + 400 MG, Adicional:Especialmente Manipulado"
12049,Sertralina Cloridrato,436201,"436201 - Sertralina Cloridrato, Concentração:150 MG, Adicional:Especialmente Manipulado"
12049,Sertralina Cloridrato,359552,"359552 - Sertralina Cloridrato, Concentração:20 MG/ML, Forma Farmacêutica:Solução Oral - Gotas"
12049,Sertralina Cloridrato,359551,"359551 - Sertralina Cloridrato, Concentração:200 MG"
12049,Sertralina Cloridrato,359550,"359550 - Sertralina Cloridrato, Concentração:75 MG"
12049,Sertralina Cloridrato,272365,"272365 - Sertralina Cloridrato, Dosagem:50mg"
12049,Sertralina Cloridrato,272364,"272364 - Sertralina Cloridrato, Dosagem:25mg"
12049,Sertralina Cloridrato,272363,"272363 - Sertralina Cloridrato, Dosagem:100mg"
12053,Sevoflurano,308877,"308877 - Sevoflurano, Forma Farmacêutica:Líquido Inalante"
12096,Sinvastatina,272843,"272843 - Sinvastatina, Dosagem:5 MG"
12096,Sinvastatina,267747,"267747 - Sinvastatina, Dosagem:20 Mg"
12096,Sinvastatina,267746,"267746 - Sinvastatina, Dosagem:10 Mg"
12096,Sinvastatina,267745,"267745 - Sinvastatina, Dosagem:40 MG"
12096,Sinvastatina,267744,"267744 - Sinvastatina, Dosagem:80 MG"
12171,Olaparibe,458280,"458280 - Olaparibe, Concentração:150 MG"
12171,Olaparibe,458279,"458279 - Olaparibe, Concentração:100 MG"
12171,Olaparibe,442877,"442877 - Olaparibe, Concentração:50 MG"
30398,Elafibranor,635083,"635083 - Elafibranor, Concentração:80 MG"
12207,Aflibercepte,625295,"625295 - Aflibercepte, Concentração:114,3 MG/ML, Forma Farmacêutica:Solução Injetável, Características Adicionais:C/ Sistema De Aplicação"
12207,Aflibercepte,440317,"440317 - Aflibercepte, Concentração:25 MG/ML, Forma Farmacêutica:Solução P/ Infusão Intravenosa"
12207,Aflibercepte,435951,"435951 - Aflibercepte, Concentração:40 MG/ML, Forma Farmacêutica:Solução Injetável, Características Adicionais:C/ Sistema De Aplicação"
12212,Brentuximabe Vedotina,412830,"412830 - Brentuximabe Vedotina, Concentração:50 MG, Forma Farmacêutica:Pó Liófilo P/ Injetável"
12223,Alfataliglicerase,391336,"391336 - Alfataliglicerase, Concentração:200 UI, Forma Farmacêutica:Pó Liófilo P/ Injetável"
12241,Solução Para Diálise Peritoneal,459751,"459751 - Solução Para Diálise Peritoneal, Composição:Glicose, Sódio, Cálcio, Magnésio, Cloreto, Lactato, Concentração 1:Cerca De 4,25% + 135 Meq/L + 3,5 Meq/L + 1 MEQ/L, Concentração 2:100 Meq/L + 40 MEQ/L, Características Adicionais:Em Sistema Fechado"
12241,Solução Para Diálise Peritoneal,459749,"459749 - Solução Para Diálise Peritoneal, Composição:Glicose, Sódio, Cálcio, Magnésio, Cloreto, Lactato, Concentração 1:Cerca De 1,5% + 135 Meq/L + 3,5 Meq/L + 1 MEQ/L, Concentração 2:100 Meq/L + 40 MEQ/L, Características Adicionais:Em Sistema Fechado"
12241,Solução Para Diálise Peritoneal,449593,"449593 - Solução Para Diálise Peritoneal, Composição:Glicose, Sódio, Cálcio, Magnésio, Cloreto, Lactato, Concentração 1:Cerca De 2,5% + 135 Meq/L + 2,5 Meq/L + 1 MEQ/L, Concentração 2:100 Meq/L + 40 MEQ/L, Características Adicionais:Em Sistema Fechado"
12241,Solução Para Diálise Peritoneal,449592,"449592 - Solução Para Diálise Peritoneal, Composição:Glicose, Sódio, Cálcio, Magnésio, Cloreto, Lactato, Concentração 1:Cerca De 1,5% + 135 Meq/L + 2,5 Meq/L + 1 MEQ/L, Concentração 2:100 Meq/L + 40 MEQ/L, Características Adicionais:Em Sistema Fechado"
12241,Solução Para Diálise Peritoneal,449591,"449591 - Solução Para Diálise Peritoneal, Composição:Glicose, Sódio, Cálcio, Magnésio, Cloreto, Lactato, Concentração 1:Cerca De 4,25% + 135 Meq/L + 3,5 Meq/L + 1 MEQ/L, Concentração 2:100 Meq/L + 40 MEQ/L, Características Adicionais:Em Sistema Fechado, C/ Sistema De Aplicação"
12241,Solução Para Diálise Peritoneal,449590,"449590 - Solução Para Diálise Peritoneal, Composição:Glicose, Sódio, Cálcio, Magnésio, Cloreto, Lactato, Concentração 1:Cerca De 2,5% + 135 Meq/L + 3,5 Meq/L + 1 MEQ/L, Concentração 2:100 Meq/L + 40 MEQ/L, Características Adicionais:Em Sistema Fechado, C/ Sistema De Aplicação"
12241,Solução Para Diálise Peritoneal,449589,"449589 - Solução Para Diálise Peritoneal, Composição:Glicose, Sódio, Cálcio, Magnésio, Cloreto, Lactato, Concentração 1:Cerca De 1,5% + 135 Meq/L + 3,5 Meq/L + 1 MEQ/L, Concentração 2:100 Meq/L + 40 MEQ/L, Características Adicionais:Em Sistema Fechado, C/ Sistema De Aplicação"
12241,Solução Para Diálise Peritoneal,449588,"449588 - Solução Para Diálise Peritoneal, Composição:Glicose, Sódio, Cálcio, Magnésio, Cloreto, Lactato, Concentração 1:Cerca De 4,25% + 135 Meq/L + 2,5 Meq/L + 1 MEQ/L, Concentração 2:100 Meq/L + 40 MEQ/L, Características Adicionais:Em Sistema Fechado, C/ Sistema De Aplicação"
12241,Solução Para Diálise Peritoneal,449587,"449587 - Solução Para Diálise Peritoneal, Composição:Glicose, Sódio, Cálcio, Magnésio, Cloreto, Lactato, Concentração 1:Cerca De 2,5% + 135 Meq/L + 2,5 Meq/L + 1 MEQ/L, Concentração 2:100 Meq/L + 40 MEQ/L, Características Adicionais:Em Sistema Fechado, C/ Sistema De Aplicação"
12241,Solução Para Diálise Peritoneal,449586,"449586 - Solução Para Diálise Peritoneal, Composição:Glicose, Sódio, Cálcio, Magnésio, Cloreto, Lactato, Concentração 1:Cerca De 1,5% + 135 Meq/L + 2,5 Meq/L + 1 MEQ/L, Concentração 2:100 Meq/L + 40 MEQ/L, Características Adicionais:Em Sistema Fechado, C/ Sistema De Aplicação"
12241,Solução Para Diálise Peritoneal,459748,"459748 - Solução Para Diálise Peritoneal, Composição:Glicose, Sódio, Cálcio, Magnésio, Cloreto, Lactato, Concentração 1:Cerca De 4,25% + 135 Meq/L + 3,5 Meq/L + 1 MEQ/L, Concentração 2:100 Meq/L + 40 MEQ/L, Características Adicionais:Em Sistema Fechado, Adicional:P/ Automação"
12241,Solução Para Diálise Peritoneal,459747,"459747 - Solução Para Diálise Peritoneal, Composição:Glicose, Sódio, Cálcio, Magnésio, Cloreto, Lactato, Concentração 1:Cerca De 2,5% + 135 Meq/L + 3,5 Meq/L + 1 MEQ/L, Concentração 2:100 Meq/L + 40 MEQ/L, Características Adicionais:Em Sistema Fechado, Adicional:P/ Automação"
12241,Solução Para Diálise Peritoneal,459746,"459746 - Solução Para Diálise Peritoneal, Composição:Glicose, Sódio, Cálcio, Magnésio, Cloreto, Lactato, Concentração 1:Cerca De 1,5% + 135 Meq/L + 3,5 Meq/L + 1 MEQ/L, Concentração 2:100 Meq/L + 40 MEQ/L, Características Adicionais:Em Sistema Fechado, Adicional:P/ Automação"
12255,Fingolimode Cloridrato,412094,"412094 - Fingolimode Cloridrato, Concentração:0,5 MG"
12266,Somatostatina,354953,"354953 - Somatostatina, Concentração:3 MG, Forma Farmaceutica:Pó Liófilo P/ Injetável"
12269,Somatropina,475031,"475031 - Somatropina, Concentração:30 UI, Forma Farmaceutica:Pó Liófilo P/ Injetável + Diluente"
12269,Somatropina,449009,"449009 - Somatropina, Composição:Somatotrofina Humana Recombinante, Concentração:8 UI/ML, Forma Farmaceutica:Solução Injetável"
12269,Somatropina,448765,"448765 - Somatropina, Concentração:6,66 MG/ML, Forma Farmaceutica:Solução Injetável, Característica Adicional:Com Aplicador"
12269,Somatropina,448764,"448764 - Somatropina, Concentração:10 MG/ML, Forma Farmaceutica:Solução Injetável, Característica Adicional:Com Aplicador"
12269,Somatropina,448763,"448763 - Somatropina, Concentração:3,33 MG/ML, Forma Farmaceutica:Solução Injetável, Característica Adicional:Com Aplicador"
12269,Somatropina,446832,"446832 - Somatropina, Composição:Somatotrofina Humana Recombinante, Concentração:4 UI, Forma Farmaceutica:Injetável"
12269,Somatropina,446831,"446831 - Somatropina, Composição:Somatotrofina Humana Recombinante, Concentração:12 A 30 UI, Forma Farmaceutica:Injetável"
12269,Somatropina,443209,"443209 - Somatropina, Composição:Somatotrofina Humana Recombinante, Concentração:5,83 MG/ML, Forma Farmaceutica:Solução Injetável"
12269,Somatropina,443191,"443191 - Somatropina, Composição:Somatotrofina Humana Recombinante, Concentração:15 UI, Forma Farmaceutica:Pó Liófilo P/ Injetável + Diluente"
12269,Somatropina,439369,"439369 - Somatropina, Concentração:20 MG, Forma Farmaceutica:Solução Injetável"
12269,Somatropina,437646,"437646 - Somatropina, Concentração:4 UI, Forma Farmaceutica:Pó Liófilo P/ Injetável + Diluente"
12269,Somatropina,408048,"408048 - Somatropina, Composição:Somatotrofina Humana Recombinante, Concentração:36 UI, Forma Farmaceutica:Pó Liófilo P/ Injetável + Diluente, Característica Adicional:Com Aplicador"
12269,Somatropina,408047,"408047 - Somatropina, Composição:Somatotrofina Humana Recombinante, Concentração:16 UI, Forma Farmaceutica:Pó Liófilo P/ Injetável + Diluente, Característica Adicional:Com Aplicador"
12269,Somatropina,406930,"406930 - Somatropina, Composição:Somatotrofina Humana Recombinante, Concentração:24 UI, Forma Farmaceutica:Pó Liófilo P/ Injetável + Diluente"
12269,Somatropina,404846,"404846 - Somatropina, Composição:Somatotrofina Humana Recombinante, Concentração:12 UI, Forma Farmaceutica:Pó Liófilo P/ Injetável + Diluente"
12269,Somatropina,318990,"318990 - Somatropina, Princípio Ativo:Somatotrofina Humana Recombinante, Dosagem:36 UI, Forma Farmacêutica:Pó Liófilo P/ Injetável + Diluente"
12269,Somatropina,318989,"318989 - Somatropina, Princípio Ativo:Somatotrofina Humana Recombinante, Dosagem:16 UI, Forma Farmacêutica:Pó Liófilo P/ Injetável + Diluente"
12269,Somatropina,318988,"318988 - Somatropina, Princípio Ativo:Somatotrofina Humana Recombinante, Dosagem:8 UI, Forma Farmacêutica:Pó Liófilo P/ Injetável + Diluente"
12278,Sotalol Cloridrato,333496,"333496 - Sotalol Cloridrato, Dosagem:120 MG"
12278,Sotalol Cloridrato,274647,"274647 - Sotalol Cloridrato, Dosagem:160 MG"
12304,Sucralfato,467582,"467582 - Sucralfato, Concentração:500 MG, Características Adicionais:Formulação Especialmente Manipulada"
12304,Sucralfato,300498,"300498 - Sucralfato, Dosagem:200 MG/ML, Forma Farmacêutica:Suspensão Oral"
12304,Sucralfato,275436,"275436 - Sucralfato, Dosagem:1 G"
12306,Sufentanila Citrato,451492,"451492 - Sufentanila Citrato, Concentração:5 MCG/ML, Forma Farmaceutica:Solução Injetável"
12306,Sufentanila Citrato,449401,"449401 - Sufentanila Citrato, Concentração:50 MCG/ML, Forma Farmaceutica:Solução Injetável"
12312,Sulfacetamida,278655,"278655 - Sulfacetamida, Composição:Associada Com Trietanolamina, Dosagem:74 Mg + 21,67 Mg/G, Apresentação:Pomada Tópica"
12318,Sulfassalazina,268153,"268153 - Sulfassalazina, Dosagem:500 MG"
12328,Paliperidona,468963,"468963 - Paliperidona, Composição:Na Forma Palmitato, Concentração:200 MG/ML, Forma Farmacêutica:Suspensão Injetável, Liberação Prolongada"
12328,Paliperidona,411397,"411397 - Paliperidona, Composição:Na Forma Palmitato, Concentração:100 MG/ML, Forma Farmacêutica:Suspensão Injetável, Liberação Prolongada"
12328,Paliperidona,360826,"360826 - Paliperidona, Concentração:9 MG, Forma Farmacêutica:Liberação Prolongada"
12328,Paliperidona,360825,"360825 - Paliperidona, Concentração:12 MG, Forma Farmacêutica:Liberação Prolongada"
12328,Paliperidona,360824,"360824 - Paliperidona, Concentração:3 MG, Forma Farmacêutica:Liberação Prolongada"
12328,Paliperidona,360823,"360823 - Paliperidona, Concentração:6 MG, Forma Farmacêutica:Liberação Prolongada"
12329,Efedrina,287688,"287688 - Efedrina, Apresentação:Cloridr.+ Nafazolina Nitrato+Isoflupredona Acetato, Dosagem:5mg + 1,25mg + 0,03 MG/ML, Aplicação:Solução P/Nebulização, Tipo Apresentação:Frasco Nebulizador"
12329,Efedrina,287687,"287687 - Efedrina, Apresentação:Sulfato, Dosagem:50 MG/ML, Aplicação:Solução Injetável"
12330,Estreptomicina Sulfato,291231,"291231 - Estreptomicina Sulfato, Dosagem:1 G, Apresentação:Pó P/ Suspensão Injetável"
12333,Posaconazol,399995,"399995 - Posaconazol, Concentração:40 MG/ML, Forma Farmacêutica:Suspensão Oral"
12334,Indinavir Sulfato,268344,"268344 - Indinavir Sulfato, Dosagem:400 MG"
12335,Sulfato De Magnésio,445035,"445035 - Sulfato De Magnésio, Concentraçao:20%, Forma Farmaceutica:Solução Oral, Características Adicionais:Formulação Especialmente Manipulada"
12335,Sulfato De Magnésio,407030,"407030 - Sulfato De Magnésio, Concentraçao:Mínimo De 990 MG/G, Forma Farmaceutica:Pó P/ Solução Oral"
12335,Sulfato De Magnésio,381536,"381536 - Sulfato De Magnésio, Concentraçao:1 MEQ/ML, Forma Farmaceutica:Solução Injetável"
12335,Sulfato De Magnésio,268076,"268076 - Sulfato De Magnésio, Concentração:10%, Uso:Solução Injetável"
12335,Sulfato De Magnésio,268075,"268075 - Sulfato De Magnésio, Concentração:50%, Uso:Solução Injetável"
12314,Sulfadiazina,466948,"466948 - Sulfadiazina, Concentração:150 MG, Característica Adicional*:Formulação Especialmente Manipulada"
12314,Sulfadiazina,458945,"458945 - Sulfadiazina, Concentração:200 MG/ML, Forma Farmaceutica:Xarope, Característica Adicional*:Formulação Especialmente Manipulada"
12314,Sulfadiazina,433022,"433022 - Sulfadiazina, Concentração:150 MG/ML, Forma Farmaceutica:Solução Oral, Característica Adicional*:Formulação Especialmente Manipulada"
12314,Sulfadiazina,414614,"414614 - Sulfadiazina, Composição:De Prata, Concentração:10 MG/G, Forma Farmaceutica:Creme, Característica Adicional*:Formulação Especialmente Manipulada Em Sachê"
12314,Sulfadiazina,379986,"379986 - Sulfadiazina, Composição:De Prata, Associada Ao Nitrato De Cério, Concentração:10 Mg + 4 MG/G, Forma Farmaceutica:Gel"
12314,Sulfadiazina,367513,"367513 - Sulfadiazina, Concentração:50 MG/ML, Forma Farmaceutica:Suspensão Oral Em Base De Xarope Simples, Característica Adicional*:Formulação Especialmente Manipulada"
12314,Sulfadiazina,347996,"347996 - Sulfadiazina, Concentração:100 MG, Forma Farmaceutica:Oral, Característica Adicional*:Formulação Especialmente Manipulada"
12314,Sulfadiazina,292343,"292343 - Sulfadiazina, Princípio Ativo:De Prata, Dosagem:1%, Forma Farmacêutica:Creme Vaginal, Característica Adicional:Com Aplicadores"
12314,Sulfadiazina,272089,"272089 - Sulfadiazina, Princípio Ativo:De Prata, Dosagem:1%, Indicação:Creme"
12314,Sulfadiazina,272088,"272088 - Sulfadiazina, Princípio Ativo:De Prata Associada Com Nitrato De Cério, Dosagem:1% + 0,4%, Indicação:Creme"
12314,Sulfadiazina,267765,"267765 - Sulfadiazina, Dosagem:500 MG"
12315,Sulfametoxazol,629308,"629308 - Sulfametoxazol, Composição:Associado À Trimetoprima, Concentração:200 Mg + 40 MG, Forma Farmacêutica:Suspensão Oral"
12315,Sulfametoxazol,318992,"318992 - Sulfametoxazol, Composição:Associado À Trimetoprima, Concentração:80mg + 16mg/Ml, Forma Farmacêutica:Suspensão Oral"
12315,Sulfametoxazol,308885,"308885 - Sulfametoxazol, Composição:Associado À Trimetoprima, Concentração:80mg + 16mg/Ml, Forma Farmacêutica:Solução Injetável"
12315,Sulfametoxazol,308884,"308884 - Sulfametoxazol, Composição:Associado À Trimetoprima, Concentração:40mg + 8mg/Ml, Forma Farmacêutica:Suspensão Oral"
12315,Sulfametoxazol,308883,"308883 - Sulfametoxazol, Composição:Associado À Trimetoprima, Concentração:800mg + 160mg"
12315,Sulfametoxazol,308882,"308882 - Sulfametoxazol, Composição:Associado À Trimetoprima, Concentração:400mg + 80mg"
12320,Amicacina Sulfato,637830,"637830 - Amicacina Sulfato, Concentração:30 MG/ML, Forma Farmaceutica:Solução Oftálmica, Adicional:Formulação Especialmente Manipulada"
12320,Amicacina Sulfato,623341,"623341 - Amicacina Sulfato, Concentração:15 MG/ML, Forma Farmaceutica:Solução Oftálmica, Adicional:Formulação Especialmente Manipulada"
12320,Amicacina Sulfato,268383,"268383 - Amicacina Sulfato, Dosagem:50 MG/ML, Indicação:Solução Injetável"
12320,Amicacina Sulfato,268382,"268382 - Amicacina Sulfato, Dosagem:125 MG/ML, Indicação:Solução Injetável"
12320,Amicacina Sulfato,268381,"268381 - Amicacina Sulfato, Dosagem:250 MG/ML, Indicação:Solução Injetável"
12350,Quinina,363379,"363379 - Quinina, Composição:Sal Cloridrato, Associada Á Papaverina, Concentraçao:100 Mg + 40 MG"
12350,Quinina,305938,"305938 - Quinina, Apresentação:Sal Dicloridrato, Concentração:300 MG/ML, Forma Farmacêutica:Solução Injetável"
12350,Quinina,272131,"272131 - Quinina, Apresentação:Sal Sulfato, Concentração:500 MG"
12357,Sulfato Ferroso,465155,"465155 - Sulfato Ferroso, Concentração:60 Mg De Ferro Elementar"
12357,Sulfato Ferroso,442731,"442731 - Sulfato Ferroso, Concentração:50 MG"
12357,Sulfato Ferroso,406799,"406799 - Sulfato Ferroso, Dosagem Ferro:Cerca De 13,5 Mg/Ml De Ferro Ii, Forma Farmaceutica:Solução Oral - Gotas"
12357,Sulfato Ferroso,396947,"396947 - Sulfato Ferroso, Concentração:10 Mg/Ml De Ferro Elementar, Forma Farmaceutica:Xarope"
12357,Sulfato Ferroso,332468,"332468 - Sulfato Ferroso, Concentração:5 MG/ML, Forma Farmaceutica:Xarope"
12357,Sulfato Ferroso,292345,"292345 - Sulfato Ferroso, Dosagem Ferro:25mg/Ml De Ferro Ii, Forma Farmacêutica:Solução Oral-Gotas"
12357,Sulfato Ferroso,292344,"292344 - Sulfato Ferroso, Dosagem Ferro:40mg De Ferro Ii"
12357,Sulfato Ferroso,273621,"273621 - Sulfato Ferroso, Dosagem Ferro:300 MG"
12360,Sulpirida,323548,"323548 - Sulpirida, Composição:Associado À Bromazepam, Concentração:25mg + 1 MG"
12360,Sulpirida,286632,"286632 - Sulpirida, Concentração:200 MG"
12360,Sulpirida,282299,"282299 - Sulpirida, Concentração:50 MG"
12360,Sulpirida,282298,"282298 - Sulpirida, Concentração:20 MG/ML, Apresentação:Solução Oral/Gotas"
12361,Sumatriptana,448871,"448871 - Sumatriptana, Composição:Succinato, Concentraçao:12 MG/ML, Forma Farmaceutica:Solução Injetável, Caracteristica Adicional:Em Seringa Preenchida"
12361,Sumatriptana,332761,"332761 - Sumatriptana, Concentração:25 Mg"
12361,Sumatriptana,292469,"292469 - Sumatriptana, Concentração:100 Mg"
12361,Sumatriptana,292468,"292468 - Sumatriptana, Concentração:50 Mg"
12343,Polimixina B,624433,"624433 - Polimixina B, Composição:Associada Com Neomicina E Hidrocortisona, Concentração:10.000 Ui/Ml + 5 Mg/Ml + 10 MG/ML, Forma Farmacêutica:Suspensão Otológica"
12343,Polimixina B,449687,"449687 - Polimixina B, Composição:Associada Com Lidocaína, Concentração:12.000 Ui/Ml + 45,4 MG/ML, Forma Farmacêutica:Solução Otológica"
12343,Polimixina B,445947,"445947 - Polimixina B, Composição:Associada À Neomicina E Prednisolona, Concentração:10.000 Ui/Ml + 5 Mg/Ml + 5 MG/ML, Forma Farmacêutica:Suspensão Oftálmica"
12343,Polimixina B,436886,"436886 - Polimixina B, Concentração:1.500.000 UI, Forma Farmacêutica:Pó Liófilo P/ Injetável"
12343,Polimixina B,436885,"436885 - Polimixina B, Concentração:500.000 UI, Forma Farmacêutica:Pó Liófilo P/ Injetável"
12343,Polimixina B,436884,"436884 - Polimixina B, Concentração:1.000.000 UI, Forma Farmacêutica:Pó Liófilo P/ Injetável"
12343,Polimixina B,416183,"416183 - Polimixina B, Composição:Associada À Bacitracina Zíncica, Neomicina Sulfato, Componentes Adicionais:Óxido De Zinco E Peróxido De Zinco, Concentração Adicional:5.000 Ui + 500 Ui + 5 Mg + 635,5 Mg + 200 MG/G, Forma Farmaceutica:Pó Tópico"
12343,Polimixina B,402199,"402199 - Polimixina B, Composição:Associada Com Neomicina E Dexametasona, Concentração:6.000 Ui + 3,5 Mg + 1 MG/G, Forma Farmacêutica:Pomada Oftálmica"
12343,Polimixina B,395627,"395627 - Polimixina B, Composição:Associada À Lidocaína, Neomicina E Fludrocortisona, Concentração:10.000 Ui + 40 Mg/Ml + 10 Mg/Ml + 1 MG/ML, Forma Farmacêutica:Solução Otológica"
12343,Polimixina B,380865,"380865 - Polimixina B, Composição:Associada Com Neomicina, Fluocinolona E Lidocaína, Concentração:10.000 Ui + 3,5 Mg + 0,25 Mg + 20 MG/ML, Forma Farmacêutica:Solução Otológica"
12343,Polimixina B,321234,"321234 - Polimixina B, Composição:Associada Com Neomicina E Dexametasona, Concentração:6.000 Ui + 3,5 Mg + 1 MG/ML, Forma Farmacêutica:Suspensão Oftálmica"
12343,Polimixina B,270231,"270231 - Polimixina B, Composição:Associada Com Neomicina E Dexametasona, Concentração:6.000ui + 0,5% + 0,1%, Uso:Pomada Oftálmica"
12343,Polimixina B,270230,"270230 - Polimixina B, Composição:Associada Com Neomicina E Dexametasona, Concentração:6.000ui + 0,5% + 0,1%, Uso:Solução Oftálmica"
12343,Polimixina B,270229,"270229 - Polimixina B, Composição:Associada Com Neomicina, Fluocinolona E Lidocaína, Concentração:11.000ui + 3,85mg + 0,275mg + 20mg/Ml, Uso:Solução Otológica"
12343,Polimixina B,270227,"270227 - Polimixina B, Composição:Associada Com Oxitetraciclina, Concentração:10.000ui + 5mg/G, Uso:Pomada Oftálmica"
12343,Polimixina B,268971,"268971 - Polimixina B, Dosagem:500.000ui, Apresentação:Injetável"
12439,Icatibanto Acetato,412718,"412718 - Icatibanto Acetato, Concentração:10 MG/ML, Forma Farmacêutica:Solução Injetável"
12437,Surfactante Pulmonar,353398,"353398 - Surfactante Pulmonar, Composição:Fração Fosfolipídica De Pulmão Porcino, Concentração:80 MG/ML, Forma Farmaceutica:Suspensão Para Instilação Endotraqueobrônquica"
12437,Surfactante Pulmonar,353397,"353397 - Surfactante Pulmonar, Composição:Beractanto (Origem Bovino), Concentração:25 MG/ML, Forma Farmaceutica:Suspensão Para Instilação Endotraqueobrônquica"
12450,Suxametônio Cloreto,602215,"602215 - Suxametônio Cloreto, Concentração:200 MG, Forma Farmaceutica:Injetável"
12450,Suxametônio Cloreto,290168,"290168 - Suxametônio Cloreto, Dosagem:500 MG, Indicação:Injetável"
12450,Suxametônio Cloreto,268442,"268442 - Suxametônio Cloreto, Dosagem:100 MG, Indicação:Injetável"
12502,Talidomida,272846,"272846 - Talidomida, Dosagem:100 MG"
12553,Brimonidina Tartarato,392403,"392403 - Brimonidina Tartarato, Concentração:1 MG/ML, Forma Farmaceutica:Solução Oftálmica"
12553,Brimonidina Tartarato,319000,"319000 - Brimonidina Tartarato, Composição:Associada Com Timolol Maleato, Concentração:2 Mg + 5 MG/ML, Forma Farmaceutica:Solução Oftálmica"
12553,Brimonidina Tartarato,274191,"274191 - Brimonidina Tartarato, Dosagem:1,5 MG/ML, Apresentação:Colírio"
12553,Brimonidina Tartarato,274190,"274190 - Brimonidina Tartarato, Dosagem:5 MG/ML, Apresentação:Colírio"
12553,Brimonidina Tartarato,268352,"268352 - Brimonidina Tartarato, Dosagem:2 MG/ML, Apresentação:Colírio"
12587,Teicoplanina,268529,"268529 - Teicoplanina, Dosagem:200 MG, Indicação:Injetável"
12587,Teicoplanina,268528,"268528 - Teicoplanina, Dosagem:400 MG, Indicação:Injetável"
12615,Telmisartana,435950,"435950 - Telmisartana, Composição:Associada Ao Anlodipino, Concentração:40 Mg + 5 MG"
12615,Telmisartana,430314,"430314 - Telmisartana, Composição:Associada À Hidroclorotiazida, Concentração:80 Mg + 25 MG"
12615,Telmisartana,426208,"426208 - Telmisartana, Composição:Associada Com_Anlodipino, Concentração:80mg + 5 MG"
12615,Telmisartana,284427,"284427 - Telmisartana, Princípio Ativo:Associada Com Hidroclorotiazida, Dosagem:80mg + 12,5mg"
12615,Telmisartana,284426,"284426 - Telmisartana, Princípio Ativo:Associada Com Hidroclorotiazida, Dosagem:40mg + 12,5mg"
12615,Telmisartana,276966,"276966 - Telmisartana, Dosagem:80 Mg"
12615,Telmisartana,276965,"276965 - Telmisartana, Dosagem:40 Mg"
12628,Teniposídeo,352239,"352239 - Teniposídeo, Concentração:10 MG/ML, Forma Farmaceutica:Solução Injetável"
12632,Tenoxicam,272126,"272126 - Tenoxicam, Dosagem:20 MG, Tipo Uso:Uso Retal"
12632,Tenoxicam,268533,"268533 - Tenoxicam, Dosagem:40 MG, Indicação:Injetável"
12632,Tenoxicam,268532,"268532 - Tenoxicam, Dosagem:20 MG, Indicação:Injetável"
12632,Tenoxicam,268531,"268531 - Tenoxicam, Dosagem:20 MG"
12638,Teofilina,332183,"332183 - Teofilina, Dosagem:6,67 MG/ML, Forma Farmacêutica:Xarope"
12638,Teofilina,285953,"285953 - Teofilina, Dosagem:300 MG"
12638,Teofilina,267416,"267416 - Teofilina, Dosagem:200 MG"
12638,Teofilina,267415,"267415 - Teofilina, Dosagem:100 MG"
12639,Terbutalina Sulfato,465051,"465051 - Terbutalina Sulfato, Concentração:1,5 MG/ML, Forma Farmaceutica:Xarope, Características Adicionais:Formulação Especialmente Manipulada"
12639,Terbutalina Sulfato,269819,"269819 - Terbutalina Sulfato, Dosagem:10 MG/ML, Apresentação:Solução Para Nebulização"
12639,Terbutalina Sulfato,269818,"269818 - Terbutalina Sulfato, Dosagem:0,5 MG/ML, Apresentação:Injetável"
12639,Terbutalina Sulfato,269817,"269817 - Terbutalina Sulfato, Dosagem:0,3 MG/ML, Apresentação:Xarope"
12639,Terbutalina Sulfato,269816,"269816 - Terbutalina Sulfato, Dosagem:5 MG, Apresentação:Ação Prolongada"
12639,Terbutalina Sulfato,269815,"269815 - Terbutalina Sulfato, Dosagem:2,5 MG"
12703,Vemurafenibe,418793,"418793 - Vemurafenibe, Concentraçao:240 MG"
12704,Tetraciclina,271123,"271123 - Tetraciclina, Dosagem:0,5%, Uso:Pomada Oftálmica"
12704,Tetraciclina,271120,"271120 - Tetraciclina, Apresentação:Associada Com Anfotericina B, Dosagem:25mg + 12,5mg/G, Uso:Creme Vaginal"
12704,Tetraciclina,268101,"268101 - Tetraciclina, Dosagem:250 MG"
12704,Tetraciclina,267393,"267393 - Tetraciclina, Dosagem:500 MG"
12710,Tetracosactida,332894,"332894 - Tetracosactida, Dosagem:0,25 MG/ML, Forma Farmacêutica:Solução Injetável"
12710,Tetracosactida,332893,"332893 - Tetracosactida, Dosagem:1 MG/ML, Forma Farmacêutica:Solução Injetável, Característica Adicional:Liberação Gradual"
12713,Tiabendazol,446255,"446255 - Tiabendazol, Concentraçao:50 MG/ML, Forma Farmaceutica:Loção"
12713,Tiabendazol,402888,"402888 - Tiabendazol, Composição:Associado À Neomicina, Concentraçao:50 Mg + 5 MG/G, Forma Farmaceutica:Pomada"
12713,Tiabendazol,287468,"287468 - Tiabendazol, Dosagem:50 MG/G, Indicação:Sabonete"
12713,Tiabendazol,268155,"268155 - Tiabendazol, Dosagem:500 MG"
12713,Tiabendazol,267419,"267419 - Tiabendazol, Dosagem:50 MG/ML, Indicação:Suspensão Oral"
12713,Tiabendazol,267418,"267418 - Tiabendazol, Dosagem:50 MG/G, Indicação:Pomada"
12715,Tiamina,444804,"444804 - Tiamina, Concentração:10 MG/ML, Forma Farmacêutica:Solução Oral, Característica Adicional:Formulação Especialmente Manipulada"
12715,Tiamina,419608,"419608 - Tiamina, Concentração:100 MG, Característica Adicional:Formulação Especialmente Manipulada"
12715,Tiamina,367701,"367701 - Tiamina, Composição:Sal Cloridrato, Concentração:100 MG/ML, Forma Farmacêutica:Solução Oral, Característica Adicional:Formulação Especialmente Manipulada"
12715,Tiamina,272343,"272343 - Tiamina, Dosagem:100 MG/ML, Tipo Medicamento:Solução Injetável"
12715,Tiamina,272342,"272342 - Tiamina, Dosagem:50 MG/ML, Tipo Medicamento:Solução Injetável"
12715,Tiamina,272341,"272341 - Tiamina, Dosagem:300 MG"
12716,Tianeptina,356453,"356453 - Tianeptina, Composição:Sal Sódico, Concentração:12,5 MG"
12717,Tibolona,292030,"292030 - Tibolona, Concentração:2,5 MG"
12717,Tibolona,292029,"292029 - Tibolona, Concentração:1,25 MG"
12719,Ticarcilina,279118,"279118 - Ticarcilina, Apresentação:Associada Com Clavulanato De Potássio, Concentração:3g + 100mg, Uso:Injetável"
12720,Ticlopidina,268864,"268864 - Ticlopidina, Dosagem:250 Mg"
12726,Timalfasina,352708,"352708 - Timalfasina, Concentração:1,6 MG, Forma Farmacêutica:Pó Liófilo P/ Injetável"
12727,Timolol,477948,"477948 - Timolol, Composição:Associado À Brimonidina E Bimatoprosta, Concentraçao:0,5% + 0,15% + 0,01%, Forma Farmaceutica:Solução Oftálmica"
12727,Timolol,393733,"393733 - Timolol, Concentraçao:0,137%, Forma Farmaceutica:Gel Oftálmico"
12727,Timolol,272582,"272582 - Timolol, Concentração:0,25%, Indicação:Solução Oftálmica"
12727,Timolol,272581,"272581 - Timolol, Concentração:0,5%, Indicação:Solução Oftálmica"
12729,Tinidazol,288275,"288275 - Tinidazol, Apresentação:Associado Com Miconazol, Concentração:3% + 2%, Aplicação:Creme Vaginal"
12729,Tinidazol,278257,"278257 - Tinidazol, Dosagem:500 Mg"
12759,Iodo,440573,"440573 - Iodo, Concentração:0,1 %, Forma Farmacêutica:Em Solução De Álcool Etílico A 50% V/V"
12759,Iodo,411591,"411591 - Iodo, Concentração:A 4%, Forma Farmacêutica:Solução Aquosa"
12759,Iodo,410296,"410296 - Iodo, Concentração:A 0,5%, Forma Farmacêutica:Em Solução De Álcool Etílico A 70%"
12759,Iodo,379726,"379726 - Iodo, Concentração:5%, Forma Farmacêutica:Solução Aquosa"
12759,Iodo,379548,"379548 - Iodo, Concentração:A 3%, Forma Farmacêutica:Solução Aquosa, Característica Adicional:Medicamento Especialmente Manipulado"
12759,Iodo,370515,"370515 - Iodo, Concentração:A 10%, Forma Farmacêutica:Tintura"
12759,Iodo,364582,"364582 - Iodo, Concentração:0,1 %, Forma Farmacêutica:Em Solução De Álcool Etílico A 70%"
12759,Iodo,364581,"364581 - Iodo, Concentração:2%, Forma Farmacêutica:Em Solução De Álcool Etílico A 70%"
12759,Iodo,364580,"364580 - Iodo, Concentração:1%, Forma Farmacêutica:Em Solução De Álcool Etílico A 70%"
12759,Iodo,334737,"334737 - Iodo, Concentração:2%, Forma Farmacêutica:Solução Aquosa"
12759,Iodo,279286,"279286 - Iodo, Apresentação:Tintura À 5%"
12759,Iodo,279285,"279285 - Iodo, Apresentação:Tintura À 2%"
12759,Iodo,279284,"279284 - Iodo, Apresentação:Tintura À 1%"
12761,Tiocolchicosídeo,329359,"329359 - Tiocolchicosídeo, Dosagem:2 MG/ML, Forma Farmacêutica:Solução Injetável"
12761,Tiocolchicosídeo,278259,"278259 - Tiocolchicosídeo, Dosagem:4 MG"
12762,Tioconazol,462485,"462485 - Tioconazol, Composição:Associado Ao Tinidazol, Concentração:20 Mg + 30 MG/G, Forma Farmaceutica:Creme Vaginal + Comprimido, Adicional:Secnidazol 1.000 Mg"
12762,Tioconazol,276867,"276867 - Tioconazol, Princípio Ativo:Associado Com Tinidazol, Dosagem:20mg + 30mg/G, Apresentação:Creme Vaginal"
12762,Tioconazol,276866,"276866 - Tioconazol, Dosagem:10mg/Ml, Apresentação:Loção"
12762,Tioconazol,276865,"276865 - Tioconazol, Dosagem:10mg/G, Apresentação:Pó"
12762,Tioconazol,276864,"276864 - Tioconazol, Dosagem:28%, Apresentação:Solução Para Unhas"
12762,Tioconazol,276863,"276863 - Tioconazol, Dosagem:10mg/G, Apresentação:Creme"
12762,Tioconazol,276862,"276862 - Tioconazol, Dosagem:65mg/G, Apresentação:Pomada Vaginal"
12763,Tioguanina,270424,"270424 - Tioguanina, Dosagem:40 MG"
12766,Tiopental Sódico,278261,"278261 - Tiopental Sódico, Dosagem:1 G, Apresentação:Injetável"
12766,Tiopental Sódico,278260,"278260 - Tiopental Sódico, Dosagem:500 MG, Apresentação:Injetável"
12769,Tocofersolana,414879,"414879 - Tocofersolana, Concentração:50 MG/ML, Forma Farmacêutica:Solução Oral"
12791,Tizanidina,426892,"426892 - Tizanidina, Concentração:4 MG, Característica Adicional:Medicamento Especialmente Manipulado"
12791,Tizanidina,276961,"276961 - Tizanidina, Dosagem:2 Mg"
12800,Tolazolina,288276,"288276 - Tolazolina, Dosagem:25 MG/ML, Apresentação:Solução Injetável"
12795,Tobramicina,460924,"460924 - Tobramicina, Concentraçao:300 MG, Forma Farmaceutica:Solução Para Inalação"
12795,Tobramicina,428966,"428966 - Tobramicina, Concentraçao:28 MG, Forma Farmaceutica:Cápsula Pó Para Inalação, Com Inalador"
12795,Tobramicina,414657,"414657 - Tobramicina, Concentraçao:75 MG/ML, Forma Farmaceutica:Solução Para Inalação"
12795,Tobramicina,389480,"389480 - Tobramicina, Concentraçao:60 MG/ML, Forma Farmaceutica:Solução Para Inalação"
12795,Tobramicina,352193,"352193 - Tobramicina, Composição:Associada A Dexametasona, Concentraçao:3 Mg + 1 MG/ML, Forma Farmaceutica:Suspensão Oftálmica"
12795,Tobramicina,271582,"271582 - Tobramicina, Dosagem:0,3%, Apresentação:Pomada Oftálmica"
12795,Tobramicina,271581,"271581 - Tobramicina, Dosagem:0,3%, Apresentação:Solução Oftálmica"
12795,Tobramicina,271578,"271578 - Tobramicina, Dosagem:50mg/Ml, Apresentação:Injetável"
12795,Tobramicina,271570,"271570 - Tobramicina, Princípio Ativo:Associada Com Dexametasona, Dosagem:0,3% + 0,1%, Apresentação:Pomada Oftálmica"
12815,Topiramato,618334,"618334 - Topiramato, Concentração:100 MG/ML, Forma Farmacêutica:Solução Oral - Gotas"
12815,Topiramato,438436,"438436 - Topiramato, Concentração:10 MG/ML, Forma Farmacêutica:Solução Oral, Adicional:Formulação Especialmente Manipulada"
12815,Topiramato,364796,"364796 - Topiramato, Concentração:15 MG"
12815,Topiramato,272851,"272851 - Topiramato, Dosagem:100 MG"
12815,Topiramato,272850,"272850 - Topiramato, Dosagem:50 MG"
12815,Topiramato,272849,"272849 - Topiramato, Dosagem:25 MG"
12768,Tiossulfato De Sódio,619248,"619248 - Tiossulfato De Sódio, Concentração:100 MG/ML, Forma Farmacêutica:Solução Injetável, Característica Adicional:Especialmente Manipulada"
12768,Tiossulfato De Sódio,438348,"438348 - Tiossulfato De Sódio, Concentração:5%, Forma Farmacêutica:Solução Para Instilação, Estéril, Característica Adicional:Especialmente Manipulada"
12768,Tiossulfato De Sódio,328626,"328626 - Tiossulfato De Sódio, Concentração:250 MG/ML, Forma Farmacêutica:Solução Injetável, Característica Adicional:Especialmente Manipulada"
12852,Toxina Botulínica,480137,"480137 - Toxina Botulínica, Composição:Tipo A, Concentração:150 U, Forma Farmaceutica:Injetável"
12852,Toxina Botulínica,480136,"480136 - Toxina Botulínica, Composição:Tipo A, Concentração:300 U, Forma Farmaceutica:Injetável"
12852,Toxina Botulínica,480135,"480135 - Toxina Botulínica, Composição:Tipo A, Concentração:200 U, Forma Farmaceutica:Injetável"
12852,Toxina Botulínica,399408,"399408 - Toxina Botulínica, Composição:Tipo A, Concentração:50 U, Forma Farmaceutica:Pó Liófilo P/ Injetável"
12852,Toxina Botulínica,292373,"292373 - Toxina Botulínica, Princípio Ativo:Tipo A, Dosagem:500 U, Apresentação:Injetável"
12852,Toxina Botulínica,292372,"292372 - Toxina Botulínica, Princípio Ativo:Tipo A, Dosagem:100 U, Apresentação:Injetável"
12855,Trabectedina,367672,"367672 - Trabectedina, Concentração:1 MG, Forma Farmacêutica:Pó Liófilo P/ Injetável"
12855,Trabectedina,367671,"367671 - Trabectedina, Concentração:0,25 MG, Forma Farmacêutica:Pó Liófilo P/ Injetável"
12861,Trioxisaleno,626749,"626749 - Trioxisaleno, Concentração:20 MG, Característica Adicional:Formulação Especialmente Manipulada"
12861,Trioxisaleno,417571,"417571 - Trioxisaleno, Concentração:10 MG, Característica Adicional:Formulação Especialmente Manipulada"
12865,Tranilcipromina,433812,"433812 - Tranilcipromina, Composição:Sulfato, Concentração:10 MG"
30403,Loncastuximabe Tesirina,635686,"635686 - Loncastuximabe Tesirina, Concentração:10 MG, Forma Farmacêutica:Pó Liófilo P/ Injetável"
30404,Belantamabe Mafodotina,635688,"635688 - Belantamabe Mafodotina, Concentração:100 MG, Forma Farmacêutica:Pó Liófilo P/ Injetável"
30404,Belantamabe Mafodotina,635687,"635687 - Belantamabe Mafodotina, Concentração:70 MG, Forma Farmacêutica:Pó Liófilo P/ Injetável"
12975,Trifluoperazina,445932,"445932 - Trifluoperazina, Concentração:2 MG"
12975,Trifluoperazina,278268,"278268 - Trifluoperazina, Dosagem:5 MG"
12976,Triflusal,318993,"318993 - Triflusal, Concentração:300 MG"
12972,Triclosana,395886,"395886 - Triclosana, Concentração:10 MG/G, Forma Farmacêutica:Sabonete Em Barra"
12972,Triclosana,395885,"395885 - Triclosana, Concentração:10 MG/ML, Forma Farmacêutica:Sabonete Líquido"
12972,Triclosana,388261,"388261 - Triclosana, Concentração:5 MG/ML, Forma Farmacêutica:Sabonete Líquido Cremoso, Característica Adicional:Com Aromatizante"
12972,Triclosana,378897,"378897 - Triclosana, Concentração:7,5 MG/ML, Forma Farmacêutica:Emulsão Tópica, Característica Adicional:Formulação Especialmente Manipulada"
12972,Triclosana,347577,"347577 - Triclosana, Composição:Associada Ao Fluoreto De Sódio, Concentração:0,3 MG/ML, Forma Farmacêutica:Enxaguatório Bucal"
12961,Tretinoína,623181,"623181 - Tretinoína, Composição:Alantoína, Pirrolidona Carboxilato De Sódio, Concentração:0,05% + 1% + 2%, Forma Farmacêutica:Creme, Característica Adicional:Formulação Especialmente Manipulada"
12961,Tretinoína,433828,"433828 - Tretinoína, Concentração:5%, Forma Farmacêutica:Solução Tópica, Característica Adicional:Formulação Especialmente Manipulada"
12961,Tretinoína,278393,"278393 - Tretinoína, Concentração:10mg"
12961,Tretinoína,278379,"278379 - Tretinoína, Concentração:0,1%, Apresentação:Creme"
12961,Tretinoína,278378,"278378 - Tretinoína, Concentração:0,025%, Apresentação:Gel"
12961,Tretinoína,278377,"278377 - Tretinoína, Concentração:0,01%, Apresentação:Gel"
12961,Tretinoína,278376,"278376 - Tretinoína, Concentração:0,05%, Apresentação:Gel"
12961,Tretinoína,278375,"278375 - Tretinoína, Concentração:0,46mg/Ml, Apresentação:Loção"
12961,Tretinoína,278374,"278374 - Tretinoína, Concentração:100mg"
12961,Tretinoína,278373,"278373 - Tretinoína, Concentração:0,025%, Apresentação:Creme"
12961,Tretinoína,278372,"278372 - Tretinoína, Concentração:0,05%, Apresentação:Creme"
12996,Pembrolizumabe,639963,"639963 - Pembrolizumabe, Concentração:165 MG/ML, Forma Farmacêutica:Solução Injetável"
12996,Pembrolizumabe,440269,"440269 - Pembrolizumabe, Concentração:25 MG/ML, Forma Farmacêutica:Solução Injetável"
12998,Triptorrelina,475000,"475000 - Triptorrelina, Composição:Sal Embonato, Concentração:22,5 MG, Forma Farmaceutica:Pó Liófilo P/ Injetável + Diluente, Características Adicionais:Liberação Prolongada"
12998,Triptorrelina,448771,"448771 - Triptorrelina, Composição:Sal Acetato, Concentração:3,75 MG/ML, Forma Farmaceutica:Solução Injetável, Características Adicionais:Seringa Preenchida, Liberação Prolongada"
12998,Triptorrelina,448770,"448770 - Triptorrelina, Composição:Sal Acetato, Concentração:0,1 MG/ML, Forma Farmaceutica:Solução Injetável, Características Adicionais:Seringa Preenchida"
12998,Triptorrelina,400776,"400776 - Triptorrelina, Composição:Sal Embonato, Concentração:11,25 MG, Forma Farmaceutica:Pó Liófilo P/ Injetável"
12998,Triptorrelina,400775,"400775 - Triptorrelina, Composição:Sal Embonato, Concentração:3,75 MG, Forma Farmaceutica:Pó Liófilo P/ Injetável"
13147,Ubidecarenona,632532,"632532 - Ubidecarenona, Concentração:50 MG/ML, Forma Farmacêutica:Xarope, Característica Adicional:Medicamento Especialmente Manipulado"
13147,Ubidecarenona,626747,"626747 - Ubidecarenona, Concentração:120 MG/ML, Forma Farmacêutica:Suspensão Oral, Característica Adicional:Medicamento Especialmente Manipulado"
13147,Ubidecarenona,626161,"626161 - Ubidecarenona, Concentração:400 MG, Característica Adicional:Medicamento Especialmente Manipulado"
13147,Ubidecarenona,626160,"626160 - Ubidecarenona, Concentração:250 MG, Característica Adicional:Medicamento Especialmente Manipulado"
13147,Ubidecarenona,626159,"626159 - Ubidecarenona, Concentração:600 MG, Característica Adicional:Medicamento Especialmente Manipulado"
13147,Ubidecarenona,626158,"626158 - Ubidecarenona, Concentração:150 MG, Característica Adicional:Medicamento Especialmente Manipulado"
13147,Ubidecarenona,478087,"478087 - Ubidecarenona, Concentração:500 MG, Característica Adicional:Medicamento Especialmente Manipulado"
13147,Ubidecarenona,474131,"474131 - Ubidecarenona, Concentração:60 MG/ML, Forma Farmacêutica:Xarope, Característica Adicional:Medicamento Especialmente Manipulado"
13147,Ubidecarenona,443413,"443413 - Ubidecarenona, Concentração:300 MG"
13147,Ubidecarenona,438819,"438819 - Ubidecarenona, Concentração:2000 MG, Característica Adicional:Medicamento Especialmente Manipulado"
13147,Ubidecarenona,437708,"437708 - Ubidecarenona, Concentração:100 MG"
13147,Ubidecarenona,431222,"431222 - Ubidecarenona, Concentração:300 MG, Característica Adicional:Medicamento Especialmente Manipulado"
13147,Ubidecarenona,425824,"425824 - Ubidecarenona, Concentração:200 MG"
13147,Ubidecarenona,419606,"419606 - Ubidecarenona, Concentração:80 MG, Característica Adicional:Medicamento Especialmente Manipulado"
13147,Ubidecarenona,399777,"399777 - Ubidecarenona, Concentração:100 MG, Característica Adicional:Medicamento Especialmente Manipulado"
13147,Ubidecarenona,396881,"396881 - Ubidecarenona, Concentração:45 MG"
13147,Ubidecarenona,368799,"368799 - Ubidecarenona, Concentração:50 MG"
13147,Ubidecarenona,367383,"367383 - Ubidecarenona, Concentração:20 MG/ML, Forma Farmacêutica:Suspensão Oral, Característica Adicional:Medicamento Especialmente Manipulado"
13236,Valaciclovir,272369,"272369 - Valaciclovir, Dosagem:500 MG"
13244,Viminol Hidroxibenzoato,404174,"404174 - Viminol Hidroxibenzoato, Concentração:70 MG"
13243,Valproato De Sódio,407033,"407033 - Valproato De Sódio, Composição:Associado Ao Ácido Valpróico, Concentração:199,8 Mg + 87 MG"
13243,Valproato De Sódio,406975,"406975 - Valproato De Sódio, Concentração:100 MG/ML, Forma Farmacêutica:Solução Injetável"
13243,Valproato De Sódio,400436,"400436 - Valproato De Sódio, Composição:Associado Ao Ácido Valpróico, Concentração:333 Mg + 145 MG, Forma Farmacêutica:Liberação Prolongada"
13243,Valproato De Sódio,328536,"328536 - Valproato De Sódio, Concentração:200 MG"
13243,Valproato De Sódio,328535,"328535 - Valproato De Sódio, Concentração:200 MG/ML, Forma Farmacêutica:Solução Oral"
13243,Valproato De Sódio,328532,"328532 - Valproato De Sódio, Concentração:50 MG/ML, Forma Farmacêutica:Xarope"
13243,Valproato De Sódio,328531,"328531 - Valproato De Sódio, Concentração:300 MG"
13243,Valproato De Sódio,328530,"328530 - Valproato De Sódio, Concentração:500 MG"
13243,Valproato De Sódio,328529,"328529 - Valproato De Sódio, Concentração:250 MG"
13297,Vancomicina Cloridrato,479688,"479688 - Vancomicina Cloridrato, Concentração:50 MG/ML, Forma Farmaceutica:Solução Oftálmica, Característica Adicional:Formulação Especialmente Manipulada"
13297,Vancomicina Cloridrato,467585,"467585 - Vancomicina Cloridrato, Concentração:25 MG/ML, Forma Farmaceutica:Solução Oftálmica, Característica Adicional:Formulação Especialmente Manipulada"
13297,Vancomicina Cloridrato,448772,"448772 - Vancomicina Cloridrato, Concentração:500 MG, Forma Farmaceutica:Pó Liófilo P/ Injetável + Diluente"
13297,Vancomicina Cloridrato,268541,"268541 - Vancomicina Cloridrato, Dosagem:1 G, Apresentação:Injetável"
13297,Vancomicina Cloridrato,268540,"268540 - Vancomicina Cloridrato, Dosagem:500 MG, Apresentação:Injetável"
13323,Ambrisentana,404656,"404656 - Ambrisentana, Concentração:10 MG"
13323,Ambrisentana,404655,"404655 - Ambrisentana, Concentração:5 MG"
13324,Salicilato De Bismuto,404444,"404444 - Salicilato De Bismuto, Composição:Monobásico, Concentração:500 MG, Característica Adicional:Especialmente Manipulado"
13325,Vasopressina,332917,"332917 - Vasopressina, Concentração:20 UI/ML, Forma Farmacêutica:Solução Injetável"
13326,Ácido Quenodesoxicólico,417569,"417569 - Ácido Quenodesoxicólico, Concentração:125 MG"
13326,Ácido Quenodesoxicólico,417568,"417568 - Ácido Quenodesoxicólico, Concentração:250 MG"
13309,Vardenafila,618492,"618492 - Vardenafila, Concentração:5 MG"
13309,Vardenafila,335969,"335969 - Vardenafila, Concentração:20 MG"
13309,Vardenafila,335968,"335968 - Vardenafila, Concentração:10 MG"
13372,Venlafaxina,470429,"470429 - Venlafaxina, Composição:Sal Cloridrato, Concentração:150 MG"
13372,Venlafaxina,356935,"356935 - Venlafaxina, Composição:Sal Cloridrato, Concentração:37,5 MG, Forma Farmacêutica:Liberação Controlada"
13372,Venlafaxina,272383,"272383 - Venlafaxina, Composição:Sal Cloridrato, Concentração:50 MG"
13372,Venlafaxina,272382,"272382 - Venlafaxina, Composição:Sal Cloridrato, Concentração:75 MG"
13372,Venlafaxina,272381,"272381 - Venlafaxina, Composição:Sal Cloridrato, Concentração:37,5 MG"
13372,Venlafaxina,272380,"272380 - Venlafaxina, Composição:Sal Cloridrato, Concentração:150 MG, Apresentação:Liberação Controlada"
13372,Venlafaxina,272379,"272379 - Venlafaxina, Composição:Sal Cloridrato, Concentração:75 MG, Apresentação:Liberação Controlada"
13384,Verapamil Cloridrato,273140,"273140 - Verapamil Cloridrato, Dosagem:240 MG, Indicação:Ação Prolongada"
13384,Verapamil Cloridrato,267573,"267573 - Verapamil Cloridrato, Dosagem:120 MG, Indicação:Ação Prolongada"
13384,Verapamil Cloridrato,267426,"267426 - Verapamil Cloridrato, Dosagem:40 MG"
13384,Verapamil Cloridrato,267425,"267425 - Verapamil Cloridrato, Dosagem:80 MG"
13384,Verapamil Cloridrato,267424,"267424 - Verapamil Cloridrato, Dosagem:2,5 MG/ML, Indicação:Solução Injetável"
13441,Vigabatrina,342334,"342334 - Vigabatrina, Concentração:500 MG, Forma Farmacêutica:Granulado"
13441,Vigabatrina,272853,"272853 - Vigabatrina, Dosagem:500 MG"
13444,Vimblastina,268542,"268542 - Vimblastina, Dosagem:10 MG, Apresentação:Injetável"
13445,Vincristina,270376,"270376 - Vincristina, Dosagem:1 MG, Apresentação:Injetável"
13448,Vinorelbina,383790,"383790 - Vinorelbina, Composição:Sal Tartarato, Concentração:30 MG"
13448,Vinorelbina,383789,"383789 - Vinorelbina, Composição:Sal Tartarato, Concentração:40 MG"
13448,Vinorelbina,383788,"383788 - Vinorelbina, Composição:Sal Tartarato, Concentração:20 MG"
13448,Vinorelbina,383787,"383787 - Vinorelbina, Composição:Sal Tartarato, Concentração:80 MG"
13448,Vinorelbina,383786,"383786 - Vinorelbina, Composição:Sal Tartarato, Concentração:10 MG/ML, Forma Farmaceutica:Solução Injetável"
13450,Violeta De Genciana,638080,"638080 - Violeta De Genciana, Concentração:0,5%, Forma Farmacêutica:Solução Tópica, Características Adicionais:Formulação Especialmente Manipulada"
13450,Violeta De Genciana,435190,"435190 - Violeta De Genciana, Concentração:2%, Forma Farmacêutica:Solução Tópica, Características Adicionais:Formulação Especialmente Manipulada"
13450,Violeta De Genciana,273593,"273593 - Violeta De Genciana, Composição:Solução À 1%, Apresentação:Uso Tópico"
13463,Vinflunina,424391,"424391 - Vinflunina, Concentração:25 MG/ML, Forma Farmacêutica:Solução P/ Infusão Injetável"
13466,Ácido Tióctico,394866,"394866 - Ácido Tióctico, Concentração:25 MG/ML, Forma Farmacêutica:Solução Injetável"
13466,Ácido Tióctico,394865,"394865 - Ácido Tióctico, Concentração:600 MG"
13470,Vitaminas Do Complexo B,466524,"466524 - Vitaminas Do Complexo B, Composição Básica:B1, B2, B3, B5, B6, B12, Forma Farmacêutica:Solução Oral"
13470,Vitaminas Do Complexo B,449138,"449138 - Vitaminas Do Complexo B, Composição Básica:B1,B2,B3,B5,B6, Forma Farmacêutica:Solução Oral - Gotas"
13470,Vitaminas Do Complexo B,449137,"449137 - Vitaminas Do Complexo B, Composição Básica:B1, B2, B3, B6"
13470,Vitaminas Do Complexo B,437109,"437109 - Vitaminas Do Complexo B, Composição Básica:B1, B2, B3, B5, B6, B12"
13470,Vitaminas Do Complexo B,434824,"434824 - Vitaminas Do Complexo B, Composição Básica:B1 + B2, Concentração:10% + 10%, Forma Farmacêutica:Xarope, Característica Adicional:Formulação Especialmente Manipulada"
13470,Vitaminas Do Complexo B,396695,"396695 - Vitaminas Do Complexo B, Composição Básica:Composição Mínima De Vitaminas: B1,B2,B3,B5 E B6, Forma Farmacêutica:Xarope"
13470,Vitaminas Do Complexo B,368499,"368499 - Vitaminas Do Complexo B, Composição Básica:B1,B2,B3,B5,B6"
13470,Vitaminas Do Complexo B,363088,"363088 - Vitaminas Do Complexo B, Composição Básica:B1, B2, B5, B6 E Pp, Forma Farmacêutica:Solução Injetável"
13470,Vitaminas Do Complexo B,278483,"278483 - Vitaminas Do Complexo B, Composição Básica:Vitaminas: B1,B2,B6,B12 E Pp, Uso:Solução Oral"
13470,Vitaminas Do Complexo B,274568,"274568 - Vitaminas Do Complexo B, Composição Básica:B7 + B9 + B12, Uso:Solução Injetável"
13470,Vitaminas Do Complexo B,274567,"274567 - Vitaminas Do Complexo B, Composição Básica:B1 + B6 + B12, Uso:Solução Injetável"
13470,Vitaminas Do Complexo B,272093,"272093 - Vitaminas Do Complexo B, Composição Básica:B1 - 5 Mg, B2 - 2mg, B6 - 2mg, B5 - 3mg, Pp - 20mg"
13470,Vitaminas Do Complexo B,272092,"272092 - Vitaminas Do Complexo B, Composição Básica:Vitaminas: B1,B2,B6,B12 E Pp, Uso:Solução Oral - Gotas"
13470,Vitaminas Do Complexo B,272091,"272091 - Vitaminas Do Complexo B, Composição Básica:Vitaminas: B1,B2,B6,B12 E Pp, Uso:Solução Injetável"
13494,Zidovudina,308890,"308890 - Zidovudina, Concentração:10 MG/ML, Forma Farmacêutica:Xarope"
13494,Zidovudina,272094,"272094 - Zidovudina, Composição:Associada Com Lamivudina, Concentração:300mg + 150mg"
13494,Zidovudina,268361,"268361 - Zidovudina, Dosagem:10 MG/ML, Apresentação:Injetável"
13494,Zidovudina,268360,"268360 - Zidovudina, Dosagem:10 MG/ML, Apresentação:Solução Oral"
13494,Zidovudina,268359,"268359 - Zidovudina, Dosagem:100 MG"
13500,Zopiclona,341829,"341829 - Zopiclona, Concentração:7,5 MG"
13472,Vitelinato De Prata,274484,"274484 - Vitelinato De Prata, Concentração:1 %, Indicação:Solução Oftálmica"
13472,Vitelinato De Prata,267732,"267732 - Vitelinato De Prata, Concentração:10%, Indicação:Solução Oftálmica"
13499,Zolpidem,639075,"639075 - Zolpidem, Concentração:25 MG/ML, Forma Farmacêutica:Spray Oral"
13499,Zolpidem,604743,"604743 - Zolpidem, Concentração:5 MG, Forma Farmacêutica:Comprimido Orodispersível"
13499,Zolpidem,483686,"483686 - Zolpidem, Concentração:10 MG, Adicional:Sublingual"
13499,Zolpidem,478914,"478914 - Zolpidem, Concentração:5 MG, Adicional:Sublingual"
13499,Zolpidem,438655,"438655 - Zolpidem, Concentração:12,5 MG, Adicional:Liberação Prolongada"
13499,Zolpidem,437585,"437585 - Zolpidem, Concentração:6,25 MG, Adicional:Liberação Prolongada"
13499,Zolpidem,425580,"425580 - Zolpidem, Concentração:5 MG"
13499,Zolpidem,278316,"278316 - Zolpidem, Dosagem:10 MG"
13471,Pitavastatina,433172,"433172 - Pitavastatina, Composição:Cálcica, Concentração:4 MG"
13471,Pitavastatina,433171,"433171 - Pitavastatina, Composição:Cálcica, Concentração:2 MG"
13471,Pitavastatina,433170,"433170 - Pitavastatina, Composição:Cálcica, Concentração:1 MG"
13483,Varfarina Sódica,621349,"621349 - Varfarina Sódica, Concentração:1 MG/ML, Forma Farmacêutica:Suspensão Oral, Adicional:Formulação Especialmente Manipulada"
13483,Varfarina Sódica,342328,"342328 - Varfarina Sódica, Concentração:2 MG"
13483,Varfarina Sódica,342327,"342327 - Varfarina Sódica, Concentração:7,5 MG"
13483,Varfarina Sódica,279271,"279271 - Varfarina Sódica, Dosagem:1 MG"
13483,Varfarina Sódica,279270,"279270 - Varfarina Sódica, Dosagem:2,5 MG"
13483,Varfarina Sódica,279269,"279269 - Varfarina Sódica, Dosagem:5 MG"
13679,Ácido Zoledrônico,448692,"448692 - Ácido Zoledrônico, Concentração:0,04 MG/ML, Forma Farmaceutica:Solução Injetável, Características Adicionais 1:C/ Bolsa Nacl 0,9%"
13679,Ácido Zoledrônico,356051,"356051 - Ácido Zoledrônico, Concentração:50 MCG/ML, Forma Farmaceutica:Solução Injetável"
13679,Ácido Zoledrônico,341874,"341874 - Ácido Zoledrônico, Concentração:0,8 MG/ML, Forma Farmaceutica:Solução Injetável"
13679,Ácido Zoledrônico,338411,"338411 - Ácido Zoledrônico, Concentração:4 MG, Forma Farmaceutica:Pó Liófilo P/ Injetável"
13680,Amantadina,268079,"268079 - Amantadina, Concentração:100 MG"
13685,Ziprasidona,448622,"448622 - Ziprasidona, Composição:Sal Cloridrato, Concentração:40 MG"
13685,Ziprasidona,448621,"448621 - Ziprasidona, Composição:Sal Cloridrato, Concentração:80 MG"
13685,Ziprasidona,285028,"285028 - Ziprasidona, Dosagem:10 MG/ML, Apresentação:Suspensão Oral"
13698,Gatifloxacino,446088,"446088 - Gatifloxacino, Concentração:5 MG/ML, Forma Farmaceutica:Solução Oftálmica"
13698,Gatifloxacino,307780,"307780 - Gatifloxacino, Dosagem:3 MG/ML, Forma Farmacêutica:Solução Oftálmica"
13699,Candesartana,460004,"460004 - Candesartana, Concentraçao:32 MG"
13699,Candesartana,405220,"405220 - Candesartana, Composição:Associado Com Felodipino, Concentraçao:16mg + 5 MG"
13699,Candesartana,405219,"405219 - Candesartana, Composição:Associado Com Felodipino, Concentraçao:16mg + 2,5 MG"
13699,Candesartana,296076,"296076 - Candesartana, Concentração:16mg"
13699,Candesartana,296075,"296075 - Candesartana, Concentração:4mg"
13699,Candesartana,281470,"281470 - Candesartana, Apresentação:Associado Com Hidroclorotiazida, Concentração:8mg + 12,5mg"
13699,Candesartana,280873,"280873 - Candesartana, Apresentação:Associado Com Hidroclorotiazida, Concentração:16mg + 12,5mg"
13699,Candesartana,274506,"274506 - Candesartana, Dosagem:8 MG"
13701,Tirotropina Alfa,446296,"446296 - Tirotropina Alfa, Concentração:1,1 MG, Forma Farmaceutica:Pó Liófilo P/ Injetável"
13666,Dantroleno Sódico,632442,"632442 - Dantroleno Sódico, Concentração:20 MG, Forma Farmacêutica:Pó Liófilo P/ Injetável + Diluente"
13666,Dantroleno Sódico,618523,"618523 - Dantroleno Sódico, Concentração:50 MG"
13666,Dantroleno Sódico,328960,"328960 - Dantroleno Sódico, Concentração:100 MG"
13666,Dantroleno Sódico,328959,"328959 - Dantroleno Sódico, Concentração:25 MG"
13742,Dtpa,433794,"433794 - Dtpa, Composição:Sal Cálcio, Concentração:200 MG/ML, Forma Farmacêutica:Solução Injetável"
13749,Fondaparinux,392774,"392774 - Fondaparinux, Composição:Sal Sódico, Concentração:10 MG, Forma Farmacêutica:Solução Injetável, Característica Adicional:Em Seringa Preenchida"
13749,Fondaparinux,392773,"392773 - Fondaparinux, Composição:Sal Sódico, Concentração:7,5 MG, Forma Farmacêutica:Solução Injetável, Característica Adicional:Em Seringa Preenchida"
13749,Fondaparinux,392772,"392772 - Fondaparinux, Composição:Sal Sódico, Concentração:2,5 MG, Forma Farmacêutica:Solução Injetável, Característica Adicional:Em Seringa Preenchida"
13749,Fondaparinux,392771,"392771 - Fondaparinux, Composição:Sal Sódico, Concentração:5 MG, Forma Farmacêutica:Solução Injetável, Característica Adicional:Em Seringa Preenchida"
13788,Imatinibe Mesilato,274704,"274704 - Imatinibe Mesilato, Dosagem:400 MG"
13788,Imatinibe Mesilato,273317,"273317 - Imatinibe Mesilato, Dosagem:100 MG"
13911,Raloxifeno Cloridrato,272834,"272834 - Raloxifeno Cloridrato, Concentração:60 MG"
13913,Teriflunomida,430630,"430630 - Teriflunomida, Concentração:14 MG"
13929,Regorafenibe,422123,"422123 - Regorafenibe, Concentração:40 MG"
13931,Lomefloxacino,273421,"273421 - Lomefloxacino, Dosagem:400 MG"
13933,Famotidina,272996,"272996 - Famotidina, Dosagem:40 MG"
13933,Famotidina,272995,"272995 - Famotidina, Dosagem:20 MG"
13934,Celecoxibe,271992,"271992 - Celecoxibe, Dosagem:100 MG"
13934,Celecoxibe,268866,"268866 - Celecoxibe, Dosagem:200 MG"
13948,Riociguate,437082,"437082 - Riociguate, Concentração:2 MG"
13948,Riociguate,437081,"437081 - Riociguate, Concentração:1 MG"
13948,Riociguate,437080,"437080 - Riociguate, Concentração:2,5 MG"
13948,Riociguate,437079,"437079 - Riociguate, Concentração:1,5 MG"
13948,Riociguate,436625,"436625 - Riociguate, Concentração:0,5 MG"
13955,Polietilenoglicol,638468,"638468 - Polietilenoglicol, Composição:4000, Forma Farmacêutica:Pó Oral, Adicional:Formulação Especialmente Manipulada"
13955,Polietilenoglicol,485326,"485326 - Polietilenoglicol, Composição:4000, Forma Farmacêutica:Pó Oral"
13955,Polietilenoglicol,375387,"375387 - Polietilenoglicol, Composição:400, Propilenoglicol,Hidroxipropil Guar, Ác.Bórico, Forma Farmacêutica:Solução Oftálmica"
14022,Tensirolimo,390643,"390643 - Tensirolimo, Concentração:25 MG/ML, Forma Farmacêutica:Solução Injetável"
14023,Gosserrelina Acetato,268109,"268109 - Gosserrelina Acetato, Dosagem:3,6 Mg, Indicação:Solução Injetável"
14023,Gosserrelina Acetato,268108,"268108 - Gosserrelina Acetato, Dosagem:10,80 Mg, Indicação:Solução Injetável"
14024,Sirolimo,285818,"285818 - Sirolimo, Dosagem:2 MG"
14024,Sirolimo,285817,"285817 - Sirolimo, Dosagem:1 MG"
14024,Sirolimo,268152,"268152 - Sirolimo, Dosagem:1 Mg/Ml, Apresentação:Solução Oral"
14025,Tirofibana Cloridrato,301769,"301769 - Tirofibana Cloridrato, Dosagem:0,25 MG/ML, Forma Farmacêutica:Solução Injetável"
14121,Ciclesonida,426593,"426593 - Ciclesonida, Concentração:160 Mcg/Dose, Forma Farmacêutica:Suspensão Nasal Spray"
14121,Ciclesonida,398382,"398382 - Ciclesonida, Concentração:50 Mcg/Dose, Forma Farmacêutica:Suspensão Nasal Spray"
14121,Ciclesonida,393828,"393828 - Ciclesonida, Concentração:0,1 Mg/Dose, Forma Farmacêutica:Aerossol Nasal, Características Adicionais:Frasco Com Válvula Dosificadora"
14126,Halcinonida,362582,"362582 - Halcinonida, Concentração:1 MG/ML, Forma Farmacêutica:Solução Capilar"
14126,Halcinonida,362581,"362581 - Halcinonida, Concentração:0,025 MG/G, Forma Farmacêutica:Pomada"
14126,Halcinonida,362580,"362580 - Halcinonida, Concentração:0,025 MG/G, Forma Farmacêutica:Creme"
14126,Halcinonida,362579,"362579 - Halcinonida, Concentração:0,1 MG/G, Forma Farmacêutica:Pomada"
14126,Halcinonida,362578,"362578 - Halcinonida, Concentração:0,1 MG/G, Forma Farmacêutica:Creme"
14158,Escina,440199,"440199 - Escina, Composição:Associada Ao Salicilato De Dietilamônio, Concentraçao:10 Mg/G + 50 MG/G, Forma Farmaceutica:Gel Tópico"
14158,Escina,270889,"270889 - Escina, Apresentação:Amorfa, Associada Com Escina Polissulfonada Sódica, Composição:Salicilato De Dietilamina, Concentração:10mg + 10mg + 50mg/G, Aplicação:Gel Tópico"
14170,Racecadotrila,483929,"483929 - Racecadotrila, Concentração:10 MG, Forma Farmaceutica:Pó Oral"
14170,Racecadotrila,367370,"367370 - Racecadotrila, Concentração:9 MG, Característica Adicional:Medicamento Especialmente Manipulado"
14170,Racecadotrila,311799,"311799 - Racecadotrila, Dosagem:30 MG, Forma Farmacêutica:Pó Oral"
14170,Racecadotrila,275937,"275937 - Racecadotrila, Dosagem:100 MG"
14226,Dorzolamida Cloridrato,272580,"272580 - Dorzolamida Cloridrato, Dosagem:2%, Tipo Medicamento:Solução Oftálmica"
14226,Dorzolamida Cloridrato,272579,"272579 - Dorzolamida Cloridrato, Apresentação:Associada Com Timolol, Dosagem:2% + 0,5%, Tipo Medicamento:Solução Oftálmica"
14227,Fluoruracila,276871,"276871 - Fluoruracila, Dosagem:5%, Uso:Creme"
14227,Fluoruracila,268478,"268478 - Fluoruracila, Dosagem:50 MG/ML, Uso:Solução Injetável"
14227,Fluoruracila,268477,"268477 - Fluoruracila, Dosagem:25 MG/ML, Uso:Solução Injetável"
14228,Tirotricina,341106,"341106 - Tirotricina, Composição:Associado Ao Quinosol, Concentração:0,3 Mg  + 10 MG/ML, Forma Farmacêutica:Solução Tópica"
14228,Tirotricina,341105,"341105 - Tirotricina, Composição:Associada Ao Quinosol E Lidocaína, Concentração:0,1 Mg + 2 Mg + 4 MG/ML, Forma Farmacêutica:Solução Oral Spray"
14228,Tirotricina,341104,"341104 - Tirotricina, Composição:Associado Ao Quinosol, Concentração:0,1 Mg + 1 MG/ML, Forma Farmacêutica:Solução Oral"
14228,Tirotricina,341103,"341103 - Tirotricina, Composição:Associada Ao Quinosol E Benzocaína, Concentração:1,0 Mg + 0,7 Mg + 5,0 MG"
14228,Tirotricina,341102,"341102 - Tirotricina, Composição:Associado Ao Quinosol E Fluoreto De Sódio, Concentração:0,25 Mg + 6,2 Mg + 2,2 MG/G, Forma Farmacêutica:Gel"
14229,Terlipressina,445935,"445935 - Terlipressina, Concentração:0,1 MG/ML, Forma Farmaceutica:Solução Injetável"
14229,Terlipressina,332908,"332908 - Terlipressina, Composição:Acetato, Concentração:1 MG, Forma Farmaceutica:Pó Liófilo P/ Injetável"
14230,Muromonabe Cd3,271642,"271642 - Muromonabe Cd3, Dosagem:1 MG/ML, Aplicação:Injetável"
14262,Pranoprofeno,331160,"331160 - Pranoprofeno, Dosagem:1 MG/ML, Forma Farmacêutica:Solução Oftálmica"
14275,Cetirizina Dicloridrato,297793,"297793 - Cetirizina Dicloridrato, Dosagem:10 MG/ML, Forma Farmacêutica:Solução Oral - Gotas"
14275,Cetirizina Dicloridrato,297787,"297787 - Cetirizina Dicloridrato, Dosagem:1 MG/ML, Forma Farmacêutica:Solução Oral"
14275,Cetirizina Dicloridrato,272477,"272477 - Cetirizina Dicloridrato, Dosagem:10 Mg"
14430,Fluvastatina,267084,"267084 - Fluvastatina, Dosagem:40 MG"
14430,Fluvastatina,267083,"267083 - Fluvastatina, Dosagem:20 MG"
14430,Fluvastatina,267082,"267082 - Fluvastatina, Dosagem:80 MG, Características Adicionais:Liberação Prolongada"
30408,Zongertinibe,635847,"635847 - Zongertinibe, Concentração:60 MG"
14456,Acebrofilina,460664,"460664 - Acebrofilina, Concentração:5 MG/ML, Forma Farmaceutica:Gel Oral"
14456,Acebrofilina,448839,"448839 - Acebrofilina, Concentração:10 MG/ML, Forma Farmaceutica:Xarope"
14456,Acebrofilina,448838,"448838 - Acebrofilina, Concentração:5 MG/ML, Forma Farmaceutica:Xarope"
14467,Canaquinumabe,395517,"395517 - Canaquinumabe, Concentração:150 MG, Forma Farmacêutica:Pó Liófilo P/ Injetável"
14469,Citrato De Cálcio,638267,"638267 - Citrato De Cálcio, Composição:Associado Ao Ácido Hialurônico, Vitaminas K, D, Concentração:500 Mg + 157 Mg + 65 Mcg + 50 MCG"
14469,Citrato De Cálcio,628892,"628892 - Citrato De Cálcio, Concentração:500 MG, Característica Adicional:Formulação Especialmente Manipulada"
14469,Citrato De Cálcio,442828,"442828 - Citrato De Cálcio, Composição:Associado Ao Colecalciferol (Vit.D), Concentração:Correspondendo A 250 Mg De Cálcio + 2,5 MCG"
14469,Citrato De Cálcio,433023,"433023 - Citrato De Cálcio, Composição:Associado Ao Colecalciferol (Vit.D), Concentração:Correspondendo A 500 Mg De Cálcio + 200 UI"
14469,Citrato De Cálcio,417829,"417829 - Citrato De Cálcio, Composição:Associado Ao Colecalciferol (Vit.D), Concentração:600 Mg + 800 UI, Característica Adicional:Formulação Especialmente Manipulada"
14469,Citrato De Cálcio,357071,"357071 - Citrato De Cálcio, Composição:Associado Ao Colecalciferol (Vit.D), Concentração:Correspondendo A 500 Mg De Cálcio + 200 UI, Forma Farmacêutica:Pó P/ Suspensão Oral"
14471,Tacrolimo,632414,"632414 - Tacrolimo, Concentração:0,2%, Forma Farmaceutica:Solução Oftálmica, Características Adicionais:Formulação Especialmente Manipulada"
14471,Tacrolimo,619725,"619725 - Tacrolimo, Concentração:0,02%, Forma Farmaceutica:Solução Oftálmica, Características Adicionais:Formulação Especialmente Manipulada"
14471,Tacrolimo,476614,"476614 - Tacrolimo, Concentração:0,03%, Forma Farmaceutica:Colírio, Características Adicionais:Formulação Especialmente Manipulada"
14471,Tacrolimo,462016,"462016 - Tacrolimo, Concentração:1 MG, Características Adicionais:Liberação Prolongada"
14471,Tacrolimo,462015,"462015 - Tacrolimo, Concentração:5 MG, Características Adicionais:Liberação Prolongada"
14471,Tacrolimo,368877,"368877 - Tacrolimo, Concentração:0,5 MG"
14471,Tacrolimo,336708,"336708 - Tacrolimo, Concentração:5 MG/ML, Forma Farmaceutica:Solução Injetável"
14471,Tacrolimo,333569,"333569 - Tacrolimo, Dosagem:1 MG/G, Forma Farmacêutica:Pomada"
14471,Tacrolimo,333568,"333568 - Tacrolimo, Dosagem:0,3 MG/G, Forma Farmacêutica:Pomada"
14471,Tacrolimo,268098,"268098 - Tacrolimo, Dosagem:1 MG"
14471,Tacrolimo,268097,"268097 - Tacrolimo, Dosagem:5 MG"
14505,Femproporex Cloridrato,272220,"272220 - Femproporex Cloridrato, Dosagem:25 Mg"
14506,Rizatriptana Benzoato,271822,"271822 - Rizatriptana Benzoato, Dosagem:5 Mg"
14506,Rizatriptana Benzoato,268869,"268869 - Rizatriptana Benzoato, Dosagem:10 Mg"
14519,Fosfatidilserina,273021,"273021 - Fosfatidilserina, Dosagem:100 Mg"
14520,Bisoprolol Fumarato,630393,"630393 - Bisoprolol Fumarato, Composição:Associado Ao Anlodipino, Concentraçao:5 Mg + 5 MG"
14520,Bisoprolol Fumarato,618568,"618568 - Bisoprolol Fumarato, Composição:Associado Ao Anlodipino, Concentraçao:10 Mg + 10 MG"
14520,Bisoprolol Fumarato,602807,"602807 - Bisoprolol Fumarato, Composição:Associado Ao Anlodipino, Concentraçao:10 Mg + 5 MG"
14520,Bisoprolol Fumarato,436256,"436256 - Bisoprolol Fumarato, Composição:Associado Com Hidroclorotiazida, Concentraçao:5 Mg + 12,5 MG"
14520,Bisoprolol Fumarato,434797,"434797 - Bisoprolol Fumarato, Composição:Associado Com Hidroclorotiazida, Concentraçao:10mg + 25 MG"
14520,Bisoprolol Fumarato,362721,"362721 - Bisoprolol Fumarato, Concentraçao:10 MG"
14520,Bisoprolol Fumarato,362720,"362720 - Bisoprolol Fumarato, Concentraçao:2,5 MG"
14520,Bisoprolol Fumarato,362719,"362719 - Bisoprolol Fumarato, Concentraçao:1,25 MG"
14520,Bisoprolol Fumarato,362718,"362718 - Bisoprolol Fumarato, Concentraçao:5 MG"
14520,Bisoprolol Fumarato,271129,"271129 - Bisoprolol Fumarato, Apresentação:Associado Com Hidroclorotiazida, Concentração:5mg + 6,25mg"
14520,Bisoprolol Fumarato,271128,"271128 - Bisoprolol Fumarato, Apresentação:Associado Com Hidroclorotiazida, Concentração:2,5mg + 6,25mg"
14546,Latanoprosta,480913,"480913 - Latanoprosta, Concentração:0,24 MG/ML, Forma Farmacêutica:Solução Oftálmica"
14546,Latanoprosta,294417,"294417 - Latanoprosta, Concentração:50 MCG/ML, Forma Farmacêutica:Solução Oftálmica"
14546,Latanoprosta,294094,"294094 - Latanoprosta, Composição:Associado Com Timolol, Concentração:50 Mcg + 5 MG/ML, Forma Farmacêutica:Solução Oftálmica"
14547,Leflunomida,268114,"268114 - Leflunomida, Dosagem:20 Mg"
14547,Leflunomida,268113,"268113 - Leflunomida, Dosagem:100 Mg"
14550,Mirtazapina,466976,"466976 - Mirtazapina, Concentração:45 MG, Forma Farmacêutica:Orodispersível"
14550,Mirtazapina,448031,"448031 - Mirtazapina, Concentração:30 MG, Forma Farmacêutica:Orodispersível"
14550,Mirtazapina,426071,"426071 - Mirtazapina, Concentração:60 MG, Caracteristica Adicional:Medicamento Especialmente Manipulado"
14550,Mirtazapina,353813,"353813 - Mirtazapina, Concentração:15 MG, Forma Farmacêutica:Orodispersível"
14550,Mirtazapina,294537,"294537 - Mirtazapina, Dosagem:45 Mg"
14550,Mirtazapina,294536,"294536 - Mirtazapina, Dosagem:30 Mg"
14551,Alcaftadina,449017,"449017 - Alcaftadina, Concentração:2,5 MG/ML, Forma Farmacêutica:Solução Oftálmica"
14552,Rivastigmina,362060,"362060 - Rivastigmina, Concentração:36 Mg Equivalente A 17,4 Mg/Dia, Forma Farmaceutica:Adesivo Transdérmico"
14552,Rivastigmina,362059,"362059 - Rivastigmina, Concentração:27 Mg Equivalente A 13,3 Mg/Dia, Forma Farmaceutica:Adesivo Transdérmico"
14552,Rivastigmina,362058,"362058 - Rivastigmina, Concentração:18 Mg Equivalente A 9,5 Mg/Dia, Forma Farmaceutica:Adesivo Transdérmico"
14552,Rivastigmina,362057,"362057 - Rivastigmina, Concentração:9 Mg Equivalente A 4,6 Mg/Dia, Forma Farmaceutica:Adesivo Transdérmico"
14552,Rivastigmina,267897,"267897 - Rivastigmina, Dosagem:4,5 Mg"
14552,Rivastigmina,267896,"267896 - Rivastigmina, Dosagem:1,5 Mg"
14552,Rivastigmina,267895,"267895 - Rivastigmina, Dosagem:6 Mg"
14552,Rivastigmina,267894,"267894 - Rivastigmina, Dosagem:3 Mg"
14552,Rivastigmina,266750,"266750 - Rivastigmina, Dosagem:2 MG/ML, Apresentação:Solução Oral"
14559,Simeticona,436550,"436550 - Simeticona, Concentração:125 MG"
14559,Simeticona,412966,"412966 - Simeticona, Concentração:75 MG/ML, Forma Farmacêutica:Emulsão Oral - Gotas"
14559,Simeticona,412965,"412965 - Simeticona, Concentração:75 MG/ML, Forma Farmacêutica:Solução Oral - Gotas"
14559,Simeticona,412963,"412963 - Simeticona, Concentração:40 MG"
14594,Nitazoxanida,368640,"368640 - Nitazoxanida, Concentração:20 MG/ML, Forma Farmacêutica:Pó P/ Suspensão Oral"
14594,Nitazoxanida,368612,"368612 - Nitazoxanida, Concentração:500 MG"
14598,Óleo De Fígado De Bacalhau,417831,"417831 - Óleo De Fígado De Bacalhau, Concentração:58,8 Mg/Ml, Forma Farmacêutica:Emulsão Oral"
14609,Propafenona Cloridrato,384894,"384894 - Propafenona Cloridrato, Concentração:150 MG"
14609,Propafenona Cloridrato,272413,"272413 - Propafenona Cloridrato, Dosagem:3,5 Mg/Ml, Apresentação:Solução Injetável"
14609,Propafenona Cloridrato,272412,"272412 - Propafenona Cloridrato, Dosagem:300 MG"
14615,Sulfeto De Selênio,345794,"345794 - Sulfeto De Selênio, Concentração:25 MG/ML, Forma Farmaceutica:Shampoo"
14625,Etilenodiaminotetracético Cálcico,619453,"619453 - Etilenodiaminotetracético Cálcico, Concentração:50 MG/ML, Forma Farmacêutica:Solução Injetável, Característica Adicional:Especialmente Manipulada"
14625,Etilenodiaminotetracético Cálcico,474857,"474857 - Etilenodiaminotetracético Cálcico, Concentração:250 MG, Característica Adicional:Especialmente Manipulada"
14625,Etilenodiaminotetracético Cálcico,466498,"466498 - Etilenodiaminotetracético Cálcico, Concentração:3 MG/ML, Forma Farmacêutica:Solução Oftálmica, Característica Adicional:Especialmente Manipulada"
14625,Etilenodiaminotetracético Cálcico,328623,"328623 - Etilenodiaminotetracético Cálcico, Concentração:200 MG/ML, Forma Farmacêutica:Solução Injetável, Característica Adicional:Especialmente Manipulada"
14586,Ácido Cítrico,627941,"627941 - Ácido Cítrico, Composição:Picossulfato De Sódio E Óxido De Magnésio, Concentração:12 G + 10 Mg + 3,5 G, Forma Farmacêutica:Pó Para Solução Oral"
14586,Ácido Cítrico,623180,"623180 - Ácido Cítrico, Composição:Associado Ao Citrato De Potássio, Concentração:7 G + 9,18 G, Forma Farmacêutica:Pó Para Solução Oral, Característica Adicional:Formulação Especialmente Manipulada"
14586,Ácido Cítrico,482835,"482835 - Ácido Cítrico, Composição:Associado Ao Citrato De Sódio, Concentração:6,68% + 10%, Forma Farmacêutica:Solução Oral, Característica Adicional:Formulação Especialmente Manipulada"
14586,Ácido Cítrico,395947,"395947 - Ácido Cítrico, Composição:Associado Aos Citratos De Sódio E De Potássio, Concentração:7% + 10,8% + 9,8%, Forma Farmacêutica:Xarope, Característica Adicional:Formulação Especialmente Manipulada"
14586,Ácido Cítrico,348385,"348385 - Ácido Cítrico, Composição:Associado Aos Citratos De Sódio E De Potássio, Concentração:14% + 4,6% + 4,6%, Forma Farmacêutica:Solução Oral, Característica Adicional:Formulação Especialmente Manipulada"
14597,Petrolato,638469,"638469 - Petrolato, Composição:Associado Ao Ácido Salicílico, Concentração:2%, Forma Farmacêutica:Pomada, Adicional:Formulação Especialmente Manipulada"
14597,Petrolato,621039,"621039 - Petrolato, Concentração:Puro, Forma Farmacêutica:Líquido Estéril, Adicional:Formulação Especialmente Manipulada"
14597,Petrolato,619634,"619634 - Petrolato, Composição:Associado Ao Ácido Salicílico, Concentração:10%, Forma Farmacêutica:Pomada, Adicional:Formulação Especialmente Manipulada"
14597,Petrolato,618941,"618941 - Petrolato, Concentração:0,1%, Forma Farmacêutica:Líquido Tópico, Adicional:Formulação Especialmente Manipulada"
14597,Petrolato,618601,"618601 - Petrolato, Composição:Associado Ao Óleo De Fígado De Bacalhau, Concentração:30% + 10%, Forma Farmacêutica:Pomada"
14597,Petrolato,482016,"482016 - Petrolato, Composição:Associado À Uréia, Concentração:20% + 10%, Forma Farmacêutica:Pomada, Adicional:Formulação Especialmente Manipulada"
14597,Petrolato,482015,"482015 - Petrolato, Composição:Associado À Uréia, Concentração:10% + 20%, Forma Farmacêutica:Pomada, Adicional:Formulação Especialmente Manipulada"
14597,Petrolato,431301,"431301 - Petrolato, Concentração:Puro, Forma Farmacêutica:Líquido Tópico"
14597,Petrolato,394023,"394023 - Petrolato, Concentração:Puro, Forma Farmacêutica:Pomada"
14597,Petrolato,233632,"233632 - Petrolato, Aspecto Físico:Líquido, Tipo:Laxativo, Uso:Oral"
14671,Glicerol,627115,"627115 - Glicerol, Composição:Fenilbutirato, Concentração:1,1 G/ML, Forma Farmaceutica:Líquido Oral"
14671,Glicerol,460876,"460876 - Glicerol, Concentração:95 %, Forma Farmaceutica:Uso Retal Lactente"
14671,Glicerol,269884,"269884 - Glicerol, Dosagem:Pura E Estéril"
14671,Glicerol,269622,"269622 - Glicerol, Dosagem:12%, Apresentação:Clister"
14671,Glicerol,268186,"268186 - Glicerol, Dosagem:95%, Apresentação:Supositório Adulto"
14671,Glicerol,268185,"268185 - Glicerol, Dosagem:95%, Apresentação:Supositório Infantil"
14689,Selante Cirúrgico,460577,"460577 - Selante Cirúrgico, Composição 1:Fibrinogênio, Aprotinina, Trombina, Composição 2:Cloreto De Cálcio, Forma Farmacêutica 1:Solução Tópica, Características Adicionais:C/ Conjunto De Aplicação, Volume Total:10 ML"
14689,Selante Cirúrgico,460576,"460576 - Selante Cirúrgico, Composição 1:Fibrinogênio, Aprotinina, Trombina, Composição 2:Cloreto De Cálcio, Forma Farmacêutica 1:Solução Tópica, Características Adicionais:C/ Conjunto De Aplicação, Volume Total:4 ML"
14689,Selante Cirúrgico,459067,"459067 - Selante Cirúrgico, Composição 1:Fibrinogênio, Trombina, Composição 2:Cloreto De Cálcio, Forma Farmacêutica 1:Solução Tópica, Características Adicionais:C/ Conjunto De Aplicação, Volume Total:2 ML"
14689,Selante Cirúrgico,459066,"459066 - Selante Cirúrgico, Composição 1:Fibrinogênio, Trombina, Composição 2:Cloreto De Cálcio, Forma Farmacêutica 1:Solução Tópica, Características Adicionais:C/ Conjunto De Aplicação, Volume Total:1 ML"
14689,Selante Cirúrgico,459065,"459065 - Selante Cirúrgico, Composição 1:Fibrinogênio, Trombina, Composição 2:Cloreto De Cálcio, Forma Farmacêutica 1:Solução Tópica, Características Adicionais:C/ Conjunto De Aplicação, Volume Total:5 ML"
14689,Selante Cirúrgico,459064,"459064 - Selante Cirúrgico, Composição 1:Fibrinogênio, Aprotinina, Trombina, Composição 2:Cloreto De Cálcio, Forma Farmacêutica 1:Pó Liófilo Tópico + Diluente, Características Adicionais:C/ Conjunto De Aplicação, Volume Total:2 ML"
14689,Selante Cirúrgico,459063,"459063 - Selante Cirúrgico, Composição 1:Fibrinogênio, Aprotinina, Trombina, Composição 2:Cloreto De Cálcio, Forma Farmacêutica 1:Pó Liófilo Tópico + Diluente, Características Adicionais:C/ Conjunto De Aplicação, Volume Total:1 ML"
14689,Selante Cirúrgico,459062,"459062 - Selante Cirúrgico, Composição 1:Fibrinogênio, Aprotinina, Trombina, Composição 2:Cloreto De Cálcio, Forma Farmacêutica 1:Pó Liófilo Tópico + Diluente, Características Adicionais:C/ Conjunto De Aplicação, Volume Total:5 ML"
14689,Selante Cirúrgico,459061,"459061 - Selante Cirúrgico, Composição 1:Fibrinogênio, Fator Xiii, Aprotinina, Trombina, Composição 2:Cloreto De Cálcio, Forma Farmacêutica 1:Pó Liófilo Tópico + Diluente, Características Adicionais:C/ Conjunto De Aplicação, Volume Total:3 ML"
14689,Selante Cirúrgico,459060,"459060 - Selante Cirúrgico, Composição 1:Fibrinogênio, Fator Xiii, Aprotinina, Trombina, Composição 2:Cloreto De Cálcio, Forma Farmacêutica 1:Pó Liófilo Tópico + Diluente, Características Adicionais:C/ Conjunto De Aplicação, Volume Total:1 ML"
14735,Iodenafila Carbonato,414847,"414847 - Iodenafila Carbonato, Concentração:80 MG"
14707,Gentamicina,618567,"618567 - Gentamicina, Concentração:15 MG/ML, Forma Farmaceutica:Solução Oftálmica, Característica Adicional:Formulação Especialmente Manipulada"
14707,Gentamicina,618536,"618536 - Gentamicina, Composição:Associado À Desonida, Concentração:1 Mg/G + 0,5 MG/G, Forma Farmaceutica:Gel Creme"
14707,Gentamicina,481785,"481785 - Gentamicina, Concentração:1 MG/ML, Forma Farmaceutica:Solução Oftálmica, Característica Adicional:Formulação Especialmente Manipulada"
14707,Gentamicina,465036,"465036 - Gentamicina, Concentração:12 MG/ML, Forma Farmaceutica:Solução Oftálmica, Característica Adicional:Formulação Especialmente Manipulada"
14707,Gentamicina,406309,"406309 - Gentamicina, Composição:Sal Sulfato, Concentração:5 MG/G, Forma Farmaceutica:Pomada Oftálmica"
14707,Gentamicina,406308,"406308 - Gentamicina, Composição:Sal Sulfato, Concentração:5 MG/ML, Forma Farmaceutica:Solução Oftálmica"
14707,Gentamicina,342666,"342666 - Gentamicina, Composição:Sal Sulfato, Concentração:3 MG/G, Forma Farmaceutica:Pomada Oftálmica"
14707,Gentamicina,291172,"291172 - Gentamicina, Dosagem:1 MG/G, Aplicação:Creme"
14707,Gentamicina,269761,"269761 - Gentamicina, Dosagem:20 MG/ML, Aplicação:Solução Injetável"
14707,Gentamicina,269760,"269760 - Gentamicina, Dosagem:140 MG/ML, Aplicação:Solução Injetável"
14707,Gentamicina,269759,"269759 - Gentamicina, Dosagem:80 MG/ML, Aplicação:Solução Injetável"
14707,Gentamicina,268256,"268256 - Gentamicina, Dosagem:40 MG/ML, Aplicação:Solução Injetável"
14707,Gentamicina,267668,"267668 - Gentamicina, Dosagem:10 MG/ML, Aplicação:Solução Injetável"
14749,Agomelatina,397912,"397912 - Agomelatina, Concentração:25 MG"
14793,Nicotina,376107,"376107 - Nicotina, Concentração:Liberação De 21 Mg Em 24 Horas, Forma Farmacêutica:Adesivo Transdérmico"
14793,Nicotina,376106,"376106 - Nicotina, Concentração:Liberação De 14 Mg  Em 24 Horas, Forma Farmacêutica:Adesivo Transdérmico"
14793,Nicotina,376105,"376105 - Nicotina, Concentração:Liberação De 7 Mg Em 24 Horas, Forma Farmacêutica:Adesivo Transdérmico"
14793,Nicotina,305356,"305356 - Nicotina, Concentração:4 MG, Forma Farmacêutica:Goma De Mascar"
14793,Nicotina,287481,"287481 - Nicotina, Dosagem Nicotina:2 MG, Aplicação:Goma De Mascar"
14793,Nicotina,287253,"287253 - Nicotina, Dosagem Nicotina:4 MG"
14793,Nicotina,287252,"287252 - Nicotina, Dosagem Nicotina:2 MG"
14933,Trazodona Cloridrato,478904,"478904 - Trazodona Cloridrato, Concentração:300 MG, Forma Farmacêutica:Liberação Controlada"
14933,Trazodona Cloridrato,362260,"362260 - Trazodona Cloridrato, Concentração:150 MG, Forma Farmacêutica:Liberação Controlada"
14933,Trazodona Cloridrato,362259,"362259 - Trazodona Cloridrato, Concentração:100 MG"
14933,Trazodona Cloridrato,276948,"276948 - Trazodona Cloridrato, Dosagem:50 Mg"
14940,Etoricoxibe,485178,"485178 - Etoricoxibe, Concentração:30 MG"
14940,Etoricoxibe,324415,"324415 - Etoricoxibe, Dosagem:90 MG"
14940,Etoricoxibe,270782,"270782 - Etoricoxibe, Dosagem:60 MG"
15087,Rilmenidina,275944,"275944 - Rilmenidina, Dosagem:1 Mg"
15092,Irbesartana,273390,"273390 - Irbesartana, Apresentação:Associado Com Hidroclorotiazida, Dosagem:300mg + 12,5mg"
15092,Irbesartana,273389,"273389 - Irbesartana, Apresentação:Associado Com Hidroclorotiazida, Dosagem:150mg + 12,5mg"
15092,Irbesartana,273388,"273388 - Irbesartana, Dosagem:300 MG"
15092,Irbesartana,273387,"273387 - Irbesartana, Dosagem:150 MG"
15101,Tegaserode,331296,"331296 - Tegaserode, Concentração:6 MG"
15103,Levobunolol Cloridrato,272234,"272234 - Levobunolol Cloridrato, Composição:5mg/Ml, Apresentação:Solução Oftálmica"
15104,Brinzolamida,455515,"455515 - Brinzolamida, Composição:Associado Ao Tartarato De Brimonidina, Concentração:10 Mg/Ml + 2 MG/ML, Forma Farmaceutica:Suspensão Oftálmica"
15104,Brinzolamida,395807,"395807 - Brinzolamida, Composição:Associada Com Timolol Maleato, Concentração:10 Mg + 5 MG/ML, Forma Farmaceutica:Suspensão Oftálmica"
15104,Brinzolamida,353418,"353418 - Brinzolamida, Concentração:10 MG/ML, Forma Farmaceutica:Suspensão Oftálmica"
15134,Azacitidina,383436,"383436 - Azacitidina, Concentração:100 MG, Forma Farmacêutica:Pó Liófilo P/ Injetável"
15156,Bimatoprosta,405997,"405997 - Bimatoprosta, Concentração:0,1 MG/ML, Forma Farmaceutica:Solução Oftálmica"
15156,Bimatoprosta,380419,"380419 - Bimatoprosta, Composição:Associada Com Timolol Maleato, Concentração:0,3 Mg + 5 MG/ML, Forma Farmaceutica:Solução Oftálmica"
15156,Bimatoprosta,271848,"271848 - Bimatoprosta, Dosagem:0,3 Mg/Ml, Apresentação:Solução Oftálmica"
15122,Tofacitinibe,604705,"604705 - Tofacitinibe, Concentração:11 MG, Características Adicionais:Liberação Prolongada"
15122,Tofacitinibe,604681,"604681 - Tofacitinibe, Concentração:10 MG"
15122,Tofacitinibe,434872,"434872 - Tofacitinibe, Composição*:Sal Citrato, Concentração:5 MG"
15191,Naratriptana Cloridrato,273706,"273706 - Naratriptana Cloridrato, Dosagem:2,5 MG"
15247,Retinol,626937,"626937 - Retinol, Concentração:100.000 UI/ML, Forma Farmacêutica:Solução Oral, Característica Adicional:Formulação Especialmente Manipulada"
15247,Retinol,626422,"626422 - Retinol, Composição:Associada Com Colecalciferol, Concentração:Cerca De 31.000 Ui/Ml + 6.000 UI/ML, Forma Farmacêutica:Solução Oral - Gotas"
15247,Retinol,465011,"465011 - Retinol, Composição:Associada Com Colecalciferol E Óxido De Zinco, Concentração:1.000 Ui/G + 400 Ui/G + 100 MG/G, Forma Farmacêutica:Pomada"
15247,Retinol,444805,"444805 - Retinol, Concentração:120 UI/ML, Forma Farmacêutica:Solução Oral, Característica Adicional:Formulação Especialmente Manipulada"
15247,Retinol,434946,"434946 - Retinol, Composição:Associado Ao Colecalciferol + Racealfatocoferol, Concentração:20.000 Ui/Ml + 1.600 Ui/Ml + 30 MG/ML, Forma Farmacêutica:Solução Oral Gotas"
15247,Retinol,433428,"433428 - Retinol, Composição:Palmitato Associado À Vitamina E + Vitamina B6, Concentração:5000 Ui + 300 Mg + 100 MG"
15247,Retinol,403473,"403473 - Retinol, Composição:Sal Palmitato, Concentração:10 MG/G, Forma Farmacêutica:Gel Oftálmico"
15247,Retinol,399414,"399414 - Retinol, Composição:Associada Com Colecalciferol, Concentração:50.000 Ui + 10.000 UI/ML, Forma Farmacêutica:Solução Oral - Gotas"
15247,Retinol,398187,"398187 - Retinol, Composição:Associada Com Colecalciferol, Concentração:3.000 + 800 UI/ML, Forma Farmacêutica:Solução Oral - Gotas"
15247,Retinol,386246,"386246 - Retinol, Concentração:4.000 Ui/Ml, Forma Farmacêutica:Solução Oral - Gotas, Característica Adicional:Formulação Especialmente Manipulada"
15247,Retinol,329508,"329508 - Retinol, Concentração:200.000 Ui"
15247,Retinol,329507,"329507 - Retinol, Concentração:100.000 Ui"
15247,Retinol,298548,"298548 - Retinol, Composição:Associada Com Colecalciferol E Óxido De Zinco, Concentração:5.000ui + 900ui + 150mg/G, Forma Farmacêutica:Pomada"
15247,Retinol,274918,"274918 - Retinol, Composição:Associado C/Aminoácidos+ Metionina+ Cloranfenicol, Concentração:10.000ui + 25mg + 5mg + 5mg/G, Aplicação:Pomada Oftálmica"
15247,Retinol,272567,"272567 - Retinol, Composição:Associada Com Colecalciferol, Concentração:5.500ui + 2.200ui/Ml, Aplicação:Solução Oral - Gotas"
15247,Retinol,272566,"272566 - Retinol, Concentração:300.000ui/Ml, Aplicação:Injetável"
15247,Retinol,272565,"272565 - Retinol, Concentração:150.000ui/Ml, Aplicação:Solução Oral - Gotas"
15247,Retinol,271913,"271913 - Retinol, Concentração:50.000ui"
15279,Progesterona,342108,"342108 - Progesterona, Concentração:80 MG/G, Forma Farmaceutica:Gel Vaginal, Caracteristica Adicional:Com Aplicador"
15279,Progesterona,273953,"273953 - Progesterona, Dosagem:100mg"
15279,Progesterona,273952,"273952 - Progesterona, Dosagem:200 Mg"
15286,Divalproato De Sódio,433279,"433279 - Divalproato De Sódio, Concentração:250 MG, Forma Farmacêutica:Liberação Prolongada"
15286,Divalproato De Sódio,352912,"352912 - Divalproato De Sódio, Concentração:500 MG, Forma Farmacêutica:Liberação Prolongada"
15286,Divalproato De Sódio,352911,"352911 - Divalproato De Sódio, Concentração:125 MG"
15286,Divalproato De Sódio,272589,"272589 - Divalproato De Sódio, Dosagem:500 MG"
15286,Divalproato De Sódio,272588,"272588 - Divalproato De Sódio, Dosagem:250 MG"
15297,Milnaciprana Cloridrato,273476,"273476 - Milnaciprana Cloridrato, Dosagem:50 MG"
15297,Milnaciprana Cloridrato,273475,"273475 - Milnaciprana Cloridrato, Dosagem:25 MG"
15383,Pazopanibe,399997,"399997 - Pazopanibe, Concentração:200 MG"
15383,Pazopanibe,399996,"399996 - Pazopanibe, Concentração:400 MG"
15388,Certolizumabe Pegol,414435,"414435 - Certolizumabe Pegol, Concentração:200 MG, Forma Farmacêutica:Solução Injetável, Característica Adicional:Seringa Preenchida, Com Lenço Umidecido"
15370,Oligoelementos,486452,"486452 - Oligoelementos, Composição:Cu, Cr, Fe, F, I, K, Mn, Mo, Na, Se, Zn, Forma Farmacêutica:Solução Injetável"
15370,Oligoelementos,367799,"367799 - Oligoelementos, Composição:Zn,Se,Ca,Mg,Fe,Cu,Cr, Forma Farmacêutica:Solução Oral - Gotas, Característica Adicional:Medicamento Especialmente Manipulado"
15370,Oligoelementos,278916,"278916 - Oligoelementos, Composição:Cr, Cu, Mn, Zn, Tipo Uso:Adulto, Apresentação:Solução Injetável"
15370,Oligoelementos,278895,"278895 - Oligoelementos, Composição:Cr, Cu, Mn, Zn, Tipo Uso:Pediátrico, Apresentação:Solução Injetável"
15365,Ciclobenzaprina Cloridrato,607925,"607925 - Ciclobenzaprina Cloridrato, Concentração:5 MG, Adicional:Orodispersível"
15365,Ciclobenzaprina Cloridrato,607924,"607924 - Ciclobenzaprina Cloridrato, Concentração:10 MG, Adicional:Orodispersível"
15365,Ciclobenzaprina Cloridrato,436390,"436390 - Ciclobenzaprina Cloridrato, Concentração:15 MG, Adicional:Liberação Prolongada"
15365,Ciclobenzaprina Cloridrato,433847,"433847 - Ciclobenzaprina Cloridrato, Composição:Associada À Cafeína, Concentração:10 Mg + 60 MG"
15365,Ciclobenzaprina Cloridrato,407075,"407075 - Ciclobenzaprina Cloridrato, Composição:Associada À Cafeína, Concentração:5 Mg + 30 MG"
15365,Ciclobenzaprina Cloridrato,393831,"393831 - Ciclobenzaprina Cloridrato, Composição:Associado Com Lisina Clonixinato, Concentração:5 Mg + 125 MG"
15365,Ciclobenzaprina Cloridrato,282313,"282313 - Ciclobenzaprina Cloridrato, Dosagem:10 MG"
15365,Ciclobenzaprina Cloridrato,272166,"272166 - Ciclobenzaprina Cloridrato, Dosagem:5 MG"
15382,Solução Para Hemodiálise,639286,"639286 - Solução Para Hemodiálise, Componentes:Cálcio, Cloreto, Concentração:100 Mmol/L + 200 MMOL/L, Forma Farmacêutica:Solução Estéril Apirogênica, Adicional:Sistema Fechado"
15382,Solução Para Hemodiálise,638714,"638714 - Solução Para Hemodiálise, Componentes:Sódio, Cloreto, Magnésio, Bicarbonato, Glicose, Concentração:Cerca De 140 Meq/L + 100 Meq/L + 1,5 Meq/L + 40 MEQ/L, Concentração 1:15 G/L, Forma Farmacêutica:Solução Estéril Apirogênica, Sistema Fechado, Adicional:Formulação Especialmente Manipulada"
15382,Solução Para Hemodiálise,638467,"638467 - Solução Para Hemodiálise, Componentes:Sódio, Potássio, Cálcio, Magnésio, Componentes Adicionais:Cloreto, Hidrogenofosfato, Bicarbonato, Concentração:Cerca De 140 Meq/L + 5 Meq/L + 2,5 Meq/L + 1 MEQ/L, Concentração 1:115 Meq/L + 2,5 Meq/L + 30 MEQ/L, Forma Farmacêutica:Solução Estéril Apirogênica, Adicional:Sistema Fechado"
15382,Solução Para Hemodiálise,618602,"618602 - Solução Para Hemodiálise, Componentes:Sódio, Potássio, Cálcio, Magnésio, Componentes Adicionais:Cloreto, Acetato, Bicarbonato, Concentração:138 Meq/L + 2 Meq/L + 3,5 Meq/L + 1 MEQ/L, Concentração 1:109,5 Meq/L + 3  Meq/L +  32 MEQ/L, Forma Farmacêutica:Solução Estéril Apirogênica, Adicional:Ácida"
15382,Solução Para Hemodiálise,614408,"614408 - Solução Para Hemodiálise, Componentes:Sódio, Cloreto, Magnésio, Sulfato, Concentração:105 Meq/L + 105 Meq/L + 1,5 Meq/L + 1,5 MEQ/L, Forma Farmacêutica:Solução Estéril Apirogênica, Adicional:Sistema Fechado"
15382,Solução Para Hemodiálise,614380,"614380 - Solução Para Hemodiálise, Componentes:Sódio, Cloreto, Magnésio, Concentração:140 Mmol/L + 86 Mmol/L + 18 MMOL/L, Forma Farmacêutica:Solução Estéril Apirogênica, Adicional:Sistema Fechado"
15382,Solução Para Hemodiálise,613450,"613450 - Solução Para Hemodiálise, Componentes:Sódio, Potássio, Cálcio, Magnésio, Glicose, Concentração:138 Meq/L + 2 Meq/L + 3 Meq/L + 106 Meq/L + 5,5 MEQ/L, Forma Farmacêutica:Solução Estéril Apirogênica, Adicional:Ácida"
15382,Solução Para Hemodiálise,613449,"613449 - Solução Para Hemodiálise, Componentes:Sódio, Potássio, Cálcio, Magnésio, Glicose, Concentração:138 Meq/L + 2 Meq/L + 3,5 Meq/L + 1 Meq/L + 1 MEQ/L, Forma Farmacêutica:Solução Estéril Apirogênica, Adicional:Ácida"
15382,Solução Para Hemodiálise,613448,"613448 - Solução Para Hemodiálise, Componentes:Sódio, Potássio, Cálcio, Magnésio, Glicose, Concentração:138 Meq/L + 2 Meq/L + 2,5 Meq/L + 1 Meq/L + 1 MEQ/L, Forma Farmacêutica:Solução Estéril Apirogênica, Adicional:Ácida"
15382,Solução Para Hemodiálise,613447,"613447 - Solução Para Hemodiálise, Componentes:Sódio, Potássio, Cálcio, Magnésio, Glicose, Concentração:138 Meq/L + 1 Meq/L + 2,5 Meq/L + 1 Meq/L + 1 MEQ/L, Forma Farmacêutica:Solução Estéril Apirogênica, Adicional:Ácida"
15382,Solução Para Hemodiálise,613067,"613067 - Solução Para Hemodiálise, Componentes:Bicarbonato De Sódio, Concentração 1:8,4%, Forma Farmacêutica:Solução Estéril Apirogênica"
15382,Solução Para Hemodiálise,611908,"611908 - Solução Para Hemodiálise, Componentes:Sódio, Potássio, Cálcio, Magnésio, Componentes Adicionais:Cloreto, Citrato, Concentração:40 + 3 + 2,5 + 1 + 48,5 + 0,25 MEQ/L, Forma Farmacêutica:Solução Estéril Apirogênica"
15382,Solução Para Hemodiálise,611907,"611907 - Solução Para Hemodiálise, Componentes:Sódio, Potássio, Cálcio, Magnésio, Componentes Adicionais:Cloreto, Citrato, Concentração:40 + 2 + 3,5 + 1 + 48,5 + 0,35 MEQ/L, Forma Farmacêutica:Solução Estéril Apirogênica"
15382,Solução Para Hemodiálise,611906,"611906 - Solução Para Hemodiálise, Componentes:Sódio, Potássio, Cálcio, Magnésio, Componentes Adicionais:Cloreto, Citrato, Concentração:40 + 2 + 2,5 + 1 + 47,5 + 0,25 MEQ/L, Forma Farmacêutica:Solução Estéril Apirogênica"
15382,Solução Para Hemodiálise,611905,"611905 - Solução Para Hemodiálise, Componentes:Sódio, Potássio, Cálcio, Magnésio, Componentes Adicionais:Cloreto, Citrato, Concentração:40 + 4 + 1 + 0,5 + 49 + 0,07 MEQ/L, Forma Farmacêutica:Solução Estéril Apirogênica"
15382,Solução Para Hemodiálise,611904,"611904 - Solução Para Hemodiálise, Componentes:Sódio, Potássio, Cálcio, Magnésio, Componentes Adicionais:Cloreto, Bicarbonato, Glicose, Concentração:140 + 2 + 1,5 + 0,5 + 111 + 35 + 5,55 MMOL/L, Forma Farmacêutica:Solução Para Infusão, Adicional:Sistema Fechado"
15382,Solução Para Hemodiálise,611903,"611903 - Solução Para Hemodiálise, Componentes:Sódio, Potássio, Cálcio, Magnésio, Componentes Adicionais:Cloreto, Bicarbonato, Glicose, Concentração:140 + 4 + 1,5 + 0,5 + 113 + 35 + 5,55 MMOL/L, Forma Farmacêutica:Solução Para Infusão, Adicional:Sistema Fechado"
15382,Solução Para Hemodiálise,607672,"607672 - Solução Para Hemodiálise, Componentes:Sódio, Bicarbonato, Cloreto E Glicose, Concentração:95 Meq/L + 30 Meq/L + 65 Meq/L + 1 G/L, Forma Farmacêutica:Pó P/ Solução"
15382,Solução Para Hemodiálise,607671,"607671 - Solução Para Hemodiálise, Componentes:Sódio, Bicarbonato, Cloreto E Glicose, Concentração:98 Meq/L + 35 Meq/L + 63 Meq/L + 1 G/L, Forma Farmacêutica:Pó P/ Solução"
15382,Solução Para Hemodiálise,605572,"605572 - Solução Para Hemodiálise, Componentes:Cloreto, Cálcio, Concentração:Cerca De 0,2 Mmol/L + 0,1 MMOL/L, Forma Farmacêutica:Solução Estéril Apirogênica, Adicional:Sistema Fechado"
15382,Solução Para Hemodiálise,486587,"486587 - Solução Para Hemodiálise, Componentes:Citrato, Sódio, Concentração:Cerca De 135 Mmol/L + 410 MMOL/L, Forma Farmacêutica:Solução Estéril Apirogênica, Adicional:Sistema Fechado"
15382,Solução Para Hemodiálise,484668,"484668 - Solução Para Hemodiálise, Componentes:Citrato, Cloreto, Sódio, Concentração:Cerca De 20 Mmol/L + 85 Mmol/L + 140 MMOL/L, Forma Farmacêutica:Solução Estéril Apirogênica, Adicional:Sistema Fechado"
15382,Solução Para Hemodiálise,442566,"442566 - Solução Para Hemodiálise, Componentes:C/ Cloreto De Sódio, Potássio, Cálcio, Componentes Adicionais:Magnésio E Ácido Acético, Concentração:Em Concentrações Fisiológicas, Forma Farmacêutica:Solução Estéril E Apirogênica"
15415,Miltefosina,402759,"402759 - Miltefosina, Concentração:10 MG"
15415,Miltefosina,399096,"399096 - Miltefosina, Concentração:50 MG"
15443,Tafamidis,608053,"608053 - Tafamidis, Concentração:61 MG"
15443,Tafamidis,417811,"417811 - Tafamidis, Concentração:20 MG"
15407,Propantelina,618243,"618243 - Propantelina, Concentração:10 MG/G, Forma Farmacêutica:Gel, Característica Adicional:Formulação Especialmente Manipulada"
15407,Propantelina,601416,"601416 - Propantelina, Composição:Sal Brometo, Concentração:25 MG/ML, Forma Farmacêutica:Solução Oral, Característica Adicional:Formulação Especialmente Manipulada"
15407,Propantelina,435716,"435716 - Propantelina, Composição:Sal Brometo, Concentração:0,5 MG/G, Forma Farmacêutica:Gel, Característica Adicional:Formulação Especialmente Manipulada"
15407,Propantelina,348359,"348359 - Propantelina, Composição:Sal Brometo, Concentração:5 MG/ML, Forma Farmacêutica:Suspensão Oral, Característica Adicional:Formulação Especialmente Manipulada"
15435,Drospirenona,611528,"611528 - Drospirenona, Composição:Associada Ao Estetrol, Concentração:3 Mg + 15 MG, Forma Farmacêutica:Em Blister Calendário"
15435,Drospirenona,482289,"482289 - Drospirenona, Concentração:4 MG, Forma Farmacêutica:Em Blister Calendário"
15435,Drospirenona,448795,"448795 - Drospirenona, Composição:Associada Ao Etinilestradiol, Concentração:3 Mg + 0,02 MG, Forma Farmacêutica:Em Blister Calendário"
15435,Drospirenona,448794,"448794 - Drospirenona, Composição:Associada Ao Etinilestradiol, Concentração:3 Mg + 0,03 MG, Forma Farmacêutica:Em Blister Calendário"
15548,Ertapenem Sódico,274149,"274149 - Ertapenem Sódico, Dosagem:1 G, Apresentação:Injetável"
15594,Embucrilato,272621,"272621 - Embucrilato, Dosagem:1g/Ml, Apresentação:Solução Injetável"
15640,Tegafur,276963,"276963 - Tegafur, Apresentação:Associado Com Uracilo, Concentração:100mg + 224mg"
15643,Formoterol Fumarato,444570,"444570 - Formoterol Fumarato, Composição:Associado À Fluticasona, Concentração:12 Mcg + 250 MCG, Forma Farmacêutica:Cápsula Pó Inalante, Características Adicionais:Com Frasco Inalador"
15643,Formoterol Fumarato,435444,"435444 - Formoterol Fumarato, Composição:Associado Com Budesonida, Concentração:6 Mcg + 100 Mcg/Dose, Forma Farmacêutica:Suspensão Aerosol P/ Inalação, Características Adicionais:Com Frasco Inalador"
15643,Formoterol Fumarato,435443,"435443 - Formoterol Fumarato, Composição:Associado Com Budesonida, Concentração:6 Mcg + 200 Mcg/Dose, Forma Farmacêutica:Suspensão Aerosol P/ Inalação, Características Adicionais:Com Frasco Inalador"
15643,Formoterol Fumarato,397435,"397435 - Formoterol Fumarato, Composição:Associado Com Budesonida, Concentração:12 Mcg + 200 Mcg/Dose, Forma Farmacêutica:Cápsula Pó Inalante, Características Adicionais:Com Frasco Inalador"
15643,Formoterol Fumarato,397434,"397434 - Formoterol Fumarato, Composição:Associado Com Budesonida, Concentração:12 Mcg + 200 Mcg/Dose, Forma Farmacêutica:Cápsula Pó Inalante, Características Adicionais:Refil"
15643,Formoterol Fumarato,396152,"396152 - Formoterol Fumarato, Composição:Associado Com Budesonida, Concentração:6 Mcg + 200 Mcg/Dose, Forma Farmacêutica:Cápsula Pó Inalante, Características Adicionais:Refil"
15643,Formoterol Fumarato,387341,"387341 - Formoterol Fumarato, Composição:Associado Com Budesonida, Concentração:6 Mcg + 200 Mcg/Dose, Forma Farmacêutica:Cápsula Pó Inalante, Características Adicionais:Com Frasco Inalador"
15643,Formoterol Fumarato,387340,"387340 - Formoterol Fumarato, Composição:Associado Com Budesonida, Concentração:12 Mcg + 400mcg/Dose, Forma Farmacêutica:Cápsula Pó Inalante, Características Adicionais:Com Frasco Inalador"
15643,Formoterol Fumarato,387339,"387339 - Formoterol Fumarato, Composição:Associado Com Budesonida, Concentração:12 Mcg + 400mcg/Dose, Forma Farmacêutica:Cápsula Pó Inalante, Características Adicionais:Refil"
15643,Formoterol Fumarato,352408,"352408 - Formoterol Fumarato, Concentração:12 Mcg, Forma Farmacêutica:Cápsula Pó Inalante, Características Adicionais:Com Frasco Inalador"
15643,Formoterol Fumarato,352407,"352407 - Formoterol Fumarato, Concentração:12 Mcg, Forma Farmacêutica:Cápsula Pó Inalante, Características Adicionais:Refil"
15643,Formoterol Fumarato,309097,"309097 - Formoterol Fumarato, Composição:Associado Com Budesonida, Concentração:6 Mcg + 100 Mcg/Dose, Forma Farmacêutica:Pó Inalante, Características Adicionais:Com Frasco Inalador"
15643,Formoterol Fumarato,309095,"309095 - Formoterol Fumarato, Composição:Associado Com Budesonida, Concentração:6 Mcg + 200 Mcg/Dose, Forma Farmacêutica:Pó Inalante, Características Adicionais:Com Frasco Inalador"
15643,Formoterol Fumarato,309094,"309094 - Formoterol Fumarato, Composição:Associado Com Budesonida, Concentração:12 Mcg + 400mcg/Dose, Forma Farmacêutica:Pó Inalante, Características Adicionais:Com Frasco Inalador"
15645,8-Hidroxiquinolina Borato,278265,"278265 - 8-Hidroxiquinolina Borato, Apresentação:Associada Com Trietanolamina, Concentração:0,4mg + 140mg/Ml, Indicação:Solução Otológica"
15654,Moxifloxacino,355794,"355794 - Moxifloxacino, Composição:Associada À Dexametasona Fosfato Dissódico, Concentração:5 Mg + 1 MG/ML, Forma Farmaceutica:Solução Oftálmica"
15654,Moxifloxacino,305325,"305325 - Moxifloxacino, Dosagem:1,6 MG/ML, Forma Farmacêutica:Solução Injetável"
15654,Moxifloxacino,288300,"288300 - Moxifloxacino, Dosagem:5 MG/ML, Apresentação:Solução Oftálmica"
15654,Moxifloxacino,273450,"273450 - Moxifloxacino, Dosagem:400 MG"
15623,Carbocisteína,449011,"449011 - Carbocisteína, Concentração:50 MG/ML, Forma Farmaceutica:Xarope"
15623,Carbocisteína,449010,"449010 - Carbocisteína, Concentração:20 MG/ML, Forma Farmaceutica:Xarope"
15623,Carbocisteína,282223,"282223 - Carbocisteína, Dosagem:50 MG/ML, Tipo Medicamento:Solução Oral/Gotas"
15796,Alfavelaglicerase,394678,"394678 - Alfavelaglicerase, Concentração:400 U, Forma Farmacêutica:Pó Liófilo P/ Injetável"
15796,Alfavelaglicerase,394677,"394677 - Alfavelaglicerase, Concentração:200 U, Forma Farmacêutica:Pó Liófilo P/ Injetável"
15807,Cambendazol,282213,"282213 - Cambendazol, Dosagem:180 MG"
15846,Tocilizumabe,452620,"452620 - Tocilizumabe, Concentração:180 MG/ML, Forma Farmacêutica:Solução Injetável"
15846,Tocilizumabe,388383,"388383 - Tocilizumabe, Concentração:20 MG/ML, Forma Farmacêutica:Solução Injetável"
15857,Rabeprazol Sódico,351444,"351444 - Rabeprazol Sódico, Concentração:20 MG, Forma Farmacêutica:Liberação Entérica"
15857,Rabeprazol Sódico,351443,"351443 - Rabeprazol Sódico, Concentração:10 MG, Forma Farmacêutica:Liberação Entérica"
15893,Metilfenidato Cloridrato,433691,"433691 - Metilfenidato Cloridrato, Concentração:10 MG, Forma Farmaceutica:Microgrânulos De Liberação Modificada"
15893,Metilfenidato Cloridrato,308226,"308226 - Metilfenidato Cloridrato, Dosagem:36 MG, Forma Farmacêutica:Liberação Controlada"
15893,Metilfenidato Cloridrato,308225,"308225 - Metilfenidato Cloridrato, Dosagem:54 MG, Forma Farmacêutica:Liberação Controlada"
15893,Metilfenidato Cloridrato,308224,"308224 - Metilfenidato Cloridrato, Dosagem:18 MG, Forma Farmacêutica:Liberação Controlada"
15893,Metilfenidato Cloridrato,305490,"305490 - Metilfenidato Cloridrato, Dosagem:30 MG, Forma Farmacêutica:Microgrânulos De Liberação Modificada"
15893,Metilfenidato Cloridrato,305489,"305489 - Metilfenidato Cloridrato, Dosagem:40 MG, Forma Farmacêutica:Microgrânulos De Liberação Modificada"
15893,Metilfenidato Cloridrato,305488,"305488 - Metilfenidato Cloridrato, Dosagem:20 MG, Forma Farmacêutica:Microgrânulos De Liberação Modificada"
15893,Metilfenidato Cloridrato,272320,"272320 - Metilfenidato Cloridrato, Dosagem:10 MG"
15967,Nitrito De Sódio,328627,"328627 - Nitrito De Sódio, Concentração:30 MG/ML, Forma Farmaceutica:Solução Injetável, Característica Adicional:Especialmente Manipulada"
16000,Belimumabe,608495,"608495 - Belimumabe, Concentração*:200 MG/ML, Forma Farmacêutica:Solução Injetável, Adicional:Seringa Preenchida C/ Caneta Aplicadora"
16000,Belimumabe,474745,"474745 - Belimumabe, Concentração*:200 MG/ML, Forma Farmacêutica:Solução Injetável, Adicional:Seringa Preenchida"
16000,Belimumabe,427614,"427614 - Belimumabe, Concentração*:400 MG, Forma Farmacêutica:Pó Liófilo P/ Injetável"
16000,Belimumabe,427613,"427613 - Belimumabe, Concentração*:120 MG, Forma Farmacêutica:Pó Liófilo P/ Injetável"
16006,Abciximabe,268368,"268368 - Abciximabe, Dosagem:2 MG/ML, Tipo Uso:Injetável"
16162,Dissulfiram,272587,"272587 - Dissulfiram, Dosagem:250 MG"
16186,Piperidolato Cloridrato,272330,"272330 - Piperidolato Cloridrato, Composição:Associado Com Hesperidina E Ácido Ascórbico, Concentração:100mg + 50mg + 50mg"
16208,Pirvínio,448042,"448042 - Pirvínio, Composição:Pamoato, Concentração:10 MG/ML, Forma Farmaceutica:Suspensão Oral"
16208,Pirvínio,448041,"448041 - Pirvínio, Composição:Embonato, Concentração:100 MG"
16208,Pirvínio,448040,"448040 - Pirvínio, Composição:Embonato, Concentração:10 MG/ML, Forma Farmaceutica:Suspensão Oral"
16208,Pirvínio,448039,"448039 - Pirvínio, Composição:Pamoato, Concentração:100 MG"
16210,Fenticonazol Nitrato,436433,"436433 - Fenticonazol Nitrato, Concentração:20 MG/ML, Forma Farmaceutica:Solução Tópica Spray"
16210,Fenticonazol Nitrato,273718,"273718 - Fenticonazol Nitrato, Dosagem:600mg, Tipo Medicamento:Óvulo Vaginal + Aplicadores"
16210,Fenticonazol Nitrato,273717,"273717 - Fenticonazol Nitrato, Dosagem:2%, Tipo Medicamento:Creme Vaginal + Aplicadores"
16207,Loxoprofeno Sódico,618390,"618390 - Loxoprofeno Sódico, Concentração:100 MG, Forma Farmacêutica:Adesivo Transdérmico"
16207,Loxoprofeno Sódico,273422,"273422 - Loxoprofeno Sódico, Dosagem:60 MG"
16185,Dexpantenol,619628,"619628 - Dexpantenol, Concentração:50 MG/G, Forma Farmacêutica:Creme, Adicional:Formulação Especialmente Manipulada"
16185,Dexpantenol,479986,"479986 - Dexpantenol, Concentração:250 MG, Adicional:Formulação Especialmente Manipulada"
16185,Dexpantenol,392423,"392423 - Dexpantenol, Concentração:50 MG/G, Forma Farmacêutica:Gel Oftálmico"
16185,Dexpantenol,299236,"299236 - Dexpantenol, Concentração:50 MG/G, Forma Farmacêutica:Pomada"
16185,Dexpantenol,299235,"299235 - Dexpantenol, Concentração:50 MG/ML, Forma Farmacêutica:Solução Tópica"
16360,Piribedil,395161,"395161 - Piribedil, Concentração:50 MG, Forma Farmacêutica:Ação Prolongada"
16291,Carboximaltose Férrica,432635,"432635 - Carboximaltose Férrica, Concentração:50 Mg/Ml De Ferro Iii, Forma Farmacêutica:Solução Injetável"
16303,Lercanidipino,354498,"354498 - Lercanidipino, Concentração:20 MG"
16303,Lercanidipino,272229,"272229 - Lercanidipino, Dosagem:10 MG"
16266,Enzalutamida,615826,"615826 - Enzalutamida, Concentração:80 MG"
16266,Enzalutamida,433690,"433690 - Enzalutamida, Concentração:40 MG"
16323,Simeprevir,431752,"431752 - Simeprevir, Concentração:150 MG"
16332,Asenapina Maleato,417028,"417028 - Asenapina Maleato, Concentração:10 MG, Forma Farmacêutica:Sublingual"
16332,Asenapina Maleato,417026,"417026 - Asenapina Maleato, Concentração:5 MG, Forma Farmacêutica:Sublingual"
16340,Norfloxacino,268851,"268851 - Norfloxacino, Dosagem:400 MG"
16342,Enzimas Pancreáticas,383878,"383878 - Enzimas Pancreáticas, Princípio Ativo:Pancreatina ( Amilase + Lipase + Protease ), Outros Componentes:Associada À Dimeticona, Celulase E Bromoprida, Concentração:100 Mg + 50 Mg + 30 Mg + 5 MG"
16342,Enzimas Pancreáticas,353572,"353572 - Enzimas Pancreáticas, Princípio Ativo:Pancreatina Associada Com Dimeticona, Celulase, Outros Componentes:Metoclopramida, Pepsina E Ácido Desidrocólico, Concentração:40 Mg + 30 Mg + 30 Mg + 7 Mg + 10 Mg + 25 MG"
16342,Enzimas Pancreáticas,300745,"300745 - Enzimas Pancreáticas, Princípio Ativo:Pancreatina ( Amilase + Lipase + Protease ), Concentração:25.000 UI"
16342,Enzimas Pancreáticas,297775,"297775 - Enzimas Pancreáticas, Princípio Ativo:Pancreatina ( Amilase + Lipase + Protease ), Dosagem:10.000 UI"
16342,Enzimas Pancreáticas,275433,"275433 - Enzimas Pancreáticas, Princípio Ativo:Pancreatina Associada Com Dimeticona, Dosagem:170mg + 80mg"
16342,Enzimas Pancreáticas,266713,"266713 - Enzimas Pancreáticas, Princípio Ativo:Pancreatina ( Amilase + Lipase + Protease ), Dosagem:20.000 UI, Uso:Uso Oral"
16342,Enzimas Pancreáticas,266716,"266716 - Enzimas Pancreáticas, Princípio Ativo:Pancreatina ( Amilase + Lipase + Protease ), Dosagem:18.000 UI, Uso:Uso Oral"
16342,Enzimas Pancreáticas,266715,"266715 - Enzimas Pancreáticas, Princípio Ativo:Pancreatina ( Amilase + Lipase + Protease ), Dosagem:12.000 UI, Uso:Uso Oral"
16342,Enzimas Pancreáticas,266714,"266714 - Enzimas Pancreáticas, Princípio Ativo:Pancreatina ( Amilase + Lipase + Protease ), Dosagem:4.500 UI, Uso:Uso Oral"
16350,Ergotamina Tartarato,269799,"269799 - Ergotamina Tartarato, Princípio Ativo:Assoc. Paracetamol +Cafeína +Atropina +Hiosciamina, Dosagem:1mg + 220mg + 100mg + 12,5mcg + 87,5mg"
16352,Rufinamida,485308,"485308 - Rufinamida, Concentração:400 MG"
16352,Rufinamida,418667,"418667 - Rufinamida, Concentração:200 MG"
16353,Trimetazidina Dicloridrato,480080,"480080 - Trimetazidina Dicloridrato, Concentração:35 MG, Adicional:Liberação Prolongada"
16353,Trimetazidina Dicloridrato,480079,"480079 - Trimetazidina Dicloridrato, Concentração:80 MG, Adicional:Liberação Prolongada"
16353,Trimetazidina Dicloridrato,382197,"382197 - Trimetazidina Dicloridrato, Concentração:35 MG"
16353,Trimetazidina Dicloridrato,268843,"268843 - Trimetazidina Dicloridrato, Dosagem:20 MG"
16344,Óxido De Zinco,604751,"604751 - Óxido De Zinco, Princípio Ativo:Assoc. Ao Subgalato De Bismuto E Iodeto De Timol, Concentração:93,33 Mg/G + 3 Mg/G + 1,5 MG/G, Forma Farmacêutica:Pó Para Uso Tópico"
16344,Óxido De Zinco,465006,"465006 - Óxido De Zinco, Princípio Ativo:Associado Ao Enxofre, Concentração:250 Mg + 50 MG/G, Forma Farmacêutica:Pomada, Características Adicionais:Especialemente Manipulado"
16344,Óxido De Zinco,464309,"464309 - Óxido De Zinco, Princípio Ativo:Associado À Cânfora E Cloreto De Benzalcônio, Concentração:200 Mg/G + 50 Mg/G + 5 MG/G, Forma Farmacêutica:Pomada"
16344,Óxido De Zinco,452264,"452264 - Óxido De Zinco, Princípio Ativo:Associado À Gelatina E Glicerol, Concentração:25% + 25% + 25%, Forma Farmacêutica:Pasta, Características Adicionais:Especialemente Manipulado"
16344,Óxido De Zinco,436787,"436787 - Óxido De Zinco, Princípio Ativo:Com Lidocaína, Hidrocortisona, Subgalato Bismuto, Concentração:100 Mg/G + 20 Mg/G + 5 Mg/G + 20 MG/G, Forma Farmacêutica:Pomada, Características Adicionais:Com Aplicador"
16344,Óxido De Zinco,433514,"433514 - Óxido De Zinco, Princípio Ativo:Associado Ao Subgalato De Bismuto, Concentração:45 Mg/G + 1,5 MG/G, Forma Farmacêutica:Gel"
16344,Óxido De Zinco,401527,"401527 - Óxido De Zinco, Concentração:100 MG/G, Forma Farmacêutica:Pomada"
16344,Óxido De Zinco,401411,"401411 - Óxido De Zinco, Princípio Ativo:Associado Com Vitamina A + Vitamina D, Concentração:100 Mg + 1.000 Ui + 400 UI/G, Forma Farmacêutica:Pomada"
16344,Óxido De Zinco,392714,"392714 - Óxido De Zinco, Concentração:200 MG/G, Forma Farmacêutica:Creme"
16344,Óxido De Zinco,367929,"367929 - Óxido De Zinco, Princípio Ativo:Associado Ao Enxofre, Concentração:250 Mg + 20 MG/G, Forma Farmacêutica:Pomada, Característica Adicional:Especialemente Manipulada"
16344,Óxido De Zinco,279493,"279493 - Óxido De Zinco, Princípio Ativo:Associado Com Vitamina A + Vitamina D, Dosagem:150mg + 5.000ui + 900ui /G, Apresentação:Pomada"
16461,Zuclopentixol,387985,"387985 - Zuclopentixol, Concentração:25 MG"
16461,Zuclopentixol,272585,"272585 - Zuclopentixol, Princípio Ativo:Sal Decanoato, Dosagem:200 MG/ML, Apresentação:Injetável"
16461,Zuclopentixol,272484,"272484 - Zuclopentixol, Dosagem:50 MG/ML, Apresentação:Injetável"
16461,Zuclopentixol,272482,"272482 - Zuclopentixol, Dosagem:10 MG"
16476,Dexrazoxano,294202,"294202 - Dexrazoxano, Dosagem:500 MG, Forma Farmacêutica:Injetável"
16486,Mepivacaína Cloridrato,357788,"357788 - Mepivacaína Cloridrato, Concentração:3%, Forma Farmacêutica:Solução Injetável"
16486,Mepivacaína Cloridrato,338136,"338136 - Mepivacaína Cloridrato, Composição:Associada À Levonordefrina, Concentração:20 Mg + 0,05 Mg/Ml, Forma Farmacêutica:Solução Injetável"
16486,Mepivacaína Cloridrato,269890,"269890 - Mepivacaína Cloridrato, Apresentação:Associada Com Norepinefrina, Dosagem:2% + 1:100.000"
16486,Mepivacaína Cloridrato,269888,"269888 - Mepivacaína Cloridrato, Apresentação:Associada Com Epinefrina, Dosagem:2% + 1:100.000"
16511,Metaraminol,442581,"442581 - Metaraminol, Concentraçao:10 MG/ML, Forma Farmaceutica:Solução Injetável"
16536,Dasatinibe,412031,"412031 - Dasatinibe, Concentração:100 MG"
16536,Dasatinibe,412030,"412030 - Dasatinibe, Concentração:140 MG"
16536,Dasatinibe,359136,"359136 - Dasatinibe, Concentração:50 MG"
16536,Dasatinibe,359135,"359135 - Dasatinibe, Concentração:20 MG"
16562,Dabigatrana Etexilato,402259,"402259 - Dabigatrana Etexilato, Concentração:150 MG"
16562,Dabigatrana Etexilato,370118,"370118 - Dabigatrana Etexilato, Concentração:75 MG"
16562,Dabigatrana Etexilato,370117,"370117 - Dabigatrana Etexilato, Concentração:110 MG"
16604,Pimecrolimo,275852,"275852 - Pimecrolimo, Dosagem:1%, Apresentação:Creme"
16625,Voriconazol,338298,"338298 - Voriconazol, Concentração:200 MG, Forma Farmaceutica:Pó Liófilo P/ Injetável"
16625,Voriconazol,338297,"338297 - Voriconazol, Concentração:200 MG"
16625,Voriconazol,294729,"294729 - Voriconazol, Dosagem:50 MG"
16625,Voriconazol,338299,"338299 - Voriconazol, Concentração:40 MG/ML, Forma Farmaceutica:Pó P/ Suspensão Oral"
16631,Bamifilina Cloridrato,272028,"272028 - Bamifilina Cloridrato, Dosagem:300 MG"
16631,Bamifilina Cloridrato,272027,"272027 - Bamifilina Cloridrato, Dosagem:600 MG"
16639,Colistimetato De Sódio,485180,"485180 - Colistimetato De Sódio, Concentração:4.500.000 UI, Forma Farmacêutica:Injetável"
16639,Colistimetato De Sódio,438633,"438633 - Colistimetato De Sódio, Concentração:1.000.000 UI, Forma Farmacêutica:Pó Liófilo P/ Injetável"
16639,Colistimetato De Sódio,433853,"433853 - Colistimetato De Sódio, Concentração:2.000.000 UI, Forma Farmacêutica:Pó Liófilo P/ Injetável"
16639,Colistimetato De Sódio,275888,"275888 - Colistimetato De Sódio, Apresentação:Polimixina E, Dosagem:150mg, Tipo Uso:Pó Liofilizado, Injetável"
17132,Aminaftona,396088,"396088 - Aminaftona, Concentração:50 MG"
17132,Aminaftona,396087,"396087 - Aminaftona, Concentração:75 MG"
17147,Sultiamo,399800,"399800 - Sultiamo, Concentração:200 MG"
17147,Sultiamo,399799,"399799 - Sultiamo, Concentração:50 MG"
30418,Ácido Bempedoico,636602,"636602 - Ácido Bempedoico, Composição:Associado À Ezetimiba, Concentração:180 Mg + 10 MG"
17357,Clorexidina Digluconato,639873,"639873 - Clorexidina Digluconato, Concentração:0,05%, Forma Farmacêutica:Solução Aquosa, Estéril, Componentes Adicionais:Com Aplicador"
17357,Clorexidina Digluconato,637780,"637780 - Clorexidina Digluconato, Concentração:0,2%, Forma Farmacêutica:Gel Oral"
17357,Clorexidina Digluconato,626227,"626227 - Clorexidina Digluconato, Concentração:1%, Forma Farmacêutica:Solução Alcoólica"
17357,Clorexidina Digluconato,457163,"457163 - Clorexidina Digluconato, Composição:Associada Ao Cloreto De Sódio, Concentração:0,05% + 0,9%, Forma Farmacêutica:Solução Aquosa"
17357,Clorexidina Digluconato,444051,"444051 - Clorexidina Digluconato, Concentração:2%, Forma Farmacêutica:Solução Alcoólica"
17357,Clorexidina Digluconato,444050,"444050 - Clorexidina Digluconato, Concentração:0,12%, Forma Farmacêutica:Gel"
17357,Clorexidina Digluconato,433110,"433110 - Clorexidina Digluconato, Concentração:2%, Forma Farmacêutica:Impregnada Em Poliéster, Dimensões:Cerca De 20 X 20 CM, Componentes Adicionais:Com Hidratante"
17357,Clorexidina Digluconato,398566,"398566 - Clorexidina Digluconato, Concentração:2%, Forma Farmacêutica:Gel"
17357,Clorexidina Digluconato,386856,"386856 - Clorexidina Digluconato, Concentração:1%, Forma Farmacêutica:Em Lenço Umidecido"
17357,Clorexidina Digluconato,376407,"376407 - Clorexidina Digluconato, Concentração:4%, Forma Farmacêutica:Solução Tópica"
17357,Clorexidina Digluconato,342579,"342579 - Clorexidina Digluconato, Concentração:1%, Forma Farmacêutica:Gel"
17357,Clorexidina Digluconato,341175,"341175 - Clorexidina Digluconato, Composição:Associada Ao Fluoreto De Sódio, Concentração:0,12% + 0,05%, Forma Farmacêutica:Colutório"
17357,Clorexidina Digluconato,341174,"341174 - Clorexidina Digluconato, Concentração:0,12%, Forma Farmacêutica:Colutório"
17357,Clorexidina Digluconato,341173,"341173 - Clorexidina Digluconato, Concentração:0,2%, Forma Farmacêutica:Colutório"
17357,Clorexidina Digluconato,330829,"330829 - Clorexidina Digluconato, Dosagem:1%, Aplicação:Solução Tópica Spray"
17357,Clorexidina Digluconato,297800,"297800 - Clorexidina Digluconato, Dosagem:0,5%, Aplicação:Solução Tópica"
17357,Clorexidina Digluconato,296990,"296990 - Clorexidina Digluconato, Dosagem:1%, Aplicação:Solução Tópica"
17357,Clorexidina Digluconato,269881,"269881 - Clorexidina Digluconato, Dosagem:0,2%, Aplicação:Solução Tópica"
17357,Clorexidina Digluconato,269880,"269880 - Clorexidina Digluconato, Dosagem:2%, Aplicação:Solução Tópica"
17357,Clorexidina Digluconato,269878,"269878 - Clorexidina Digluconato, Dosagem:0,5%, Aplicação:Solução Alcoólica"
17357,Clorexidina Digluconato,269877,"269877 - Clorexidina Digluconato, Dosagem:4%, Aplicação:Degermante"
17357,Clorexidina Digluconato,269876,"269876 - Clorexidina Digluconato, Dosagem:2%, Aplicação:Degermante"
17393,Dietilestilbestrol,272490,"272490 - Dietilestilbestrol, Dosagem:1 MG"
17393,Dietilestilbestrol,287632,"287632 - Dietilestilbestrol, Dosagem:100 MG"
17393,Dietilestilbestrol,287631,"287631 - Dietilestilbestrol, Dosagem:5 MG"
17393,Dietilestilbestrol,287630,"287630 - Dietilestilbestrol, Dosagem:50 MG/ML, Indicação:Solução Injetável"
17412,Manitol,399922,"399922 - Manitol, Composição:Associado Ao Sorbitol, Concentraçao:5,4 Mg + 27 MG/ML, Forma Farmaceutica:Solução Injetável, Característica Adicional:Sistema Fechado"
17412,Manitol,399921,"399921 - Manitol, Concentraçao:30 MG/ML, Forma Farmaceutica:Solução Injetável, Característica Adicional:Sistema Fechado"
17412,Manitol,299675,"299675 - Manitol, Dosagem:20%, Forma Farmacêutica:Solução Injetável, Características Adicionais:Sistema Fechado"
17433,Darifenacina,358450,"358450 - Darifenacina, Composição:Sal Bromidrato, Concentração:15 MG, Forma Farmacêutica:Liberação Controlada"
17433,Darifenacina,358449,"358449 - Darifenacina, Composição:Sal Bromidrato, Concentração:7,5 MG, Forma Farmacêutica:Liberação Controlada"
17434,Dalteparina,448981,"448981 - Dalteparina, Composição:Sódica, Concentração:12.500 UI/ML, Forma Farmaceutica:Solução Injetável, Características Adicionais:Seringa Preenchida"
17434,Dalteparina,448980,"448980 - Dalteparina, Composição:Sódica, Concentração:25.000 UI/ML, Forma Farmaceutica:Solução Injetável, Características Adicionais:Seringa Preenchida"
17391,Codeína,640016,"640016 - Codeína, Concentração:10 MG/ML, Forma Farmacêutica:Solução Oral, Característica Adicional:Especialmente Manipulado"
17391,Codeína,623185,"623185 - Codeína, Composição:Associada À Famotidina, Amitriptilina E Meloxicam, Concentração:60 Mg + 40 Mg + 20 Mg + 15 MG, Característica Adicional:Especialmente Manipulado"
17391,Codeína,467584,"467584 - Codeína, Concentração:20 MG/ML, Forma Farmacêutica:Solução Oral - Gotas, Característica Adicional:Especialmente Manipulado"
17391,Codeína,431100,"431100 - Codeína, Concentração:45 MG, Característica Adicional:Especialmente Manipulado"
17391,Codeína,272784,"272784 - Codeína, Dosagem:3 MG/ML, Uso:Solução Oral"
17391,Codeína,272782,"272782 - Codeína, Dosagem:30 MG"
17391,Codeína,268443,"268443 - Codeína, Dosagem:30 MG/ML, Indicação:Injetável"
17391,Codeína,268103,"268103 - Codeína, Dosagem:60 MG"
17444,Liraglutida,448754,"448754 - Liraglutida, Concentração:6 MG/ML, Forma Farmaceutica:Solução Injetável, Características Adicionais 1:Em Caneta Aplicadora Preenchida"
17452,Parecoxibe Sódico,273939,"273939 - Parecoxibe Sódico, Dosagem:40 MG, Aplicação:Injetável"
17457,Solução Para Conservação Córnea,429663,"429663 - Solução Para Conservação Córnea, Composição Básica:À Base De Dextrana, Piruvato De Sódio, Glicose, Componentes Adicionais:Aas, Sais Minerais, Vitaminas, Gentamicina, Outros Componentes:Agentes Tamponantes E Indicador De Ph, Adicional:C/ Câmara Plástica, Forma Farmacêutica*:Estéril"
17457,Solução Para Conservação Córnea,278653,"278653 - Solução Para Conservação Córnea, Composição Básica:Condroitina Sulfato/Dextran, Gentamicina Sulfato, Componentes Adicionais:Estreptomicina Sulfato, Concentração:2,5% + 100 Mcg + 200mg/Ml, Uso:Solução Estéril"
17457,Solução Para Conservação Córnea,429664,"429664 - Solução Para Conservação Córnea, Composição Básica:À Base De Dextrana, Piruvato De Sódio, Glicose, Componentes Adicionais:Aas, Sais Minerais, Vitaminas, Gentamicina, Outros Componentes:Agentes Tamponantes E Indicador De Ph, Forma Farmacêutica*:Estéril"
17539,Dutasterida,618496,"618496 - Dutasterida, Composição:Associado À Tansulosina, Concentração:0,5 Mg + 0,4 MG, Forma Farmacêutica:Liberação Prolongada"
17539,Dutasterida,428705,"428705 - Dutasterida, Composição:Associado À Tansulosina, Concentração:0,5 Mg + 0,4 MG"
17539,Dutasterida,372204,"372204 - Dutasterida, Concentração:0,5 MG"
17548,Ivabradina Cloridrato,400854,"400854 - Ivabradina Cloridrato, Concentração:7,5 MG"
17548,Ivabradina Cloridrato,400853,"400853 - Ivabradina Cloridrato, Concentração:5 MG"
17549,Ferro Iii,461745,"461745 - Ferro Iii, Concentração:10 MG/ML, Forma Farmaceutica:Solução Oral - Gotas"
17549,Ferro Iii,448678,"448678 - Ferro Iii, Concentração:100 MG, Forma Farmaceutica:Comprimido Mastigável"
17549,Ferro Iii,448618,"448618 - Ferro Iii, Concentração:10 MG/ML, Forma Farmaceutica:Xarope"
17549,Ferro Iii,448617,"448617 - Ferro Iii, Concentração:50 MG/ML, Forma Farmaceutica:Solução Injetável"
17549,Ferro Iii,448616,"448616 - Ferro Iii, Concentração:20 MG/ML, Forma Farmaceutica:Solução Injetável"
17549,Ferro Iii,448615,"448615 - Ferro Iii, Concentração:100 MG"
17549,Ferro Iii,448614,"448614 - Ferro Iii, Concentração:50 MG/ML, Forma Farmaceutica:Solução Oral - Gotas"
17549,Ferro Iii,399988,"399988 - Ferro Iii, Composição:Complexo Polimaltosado, Associado Ao Ácido Fólico, Concentração:100 Mg + 0,35 MG, Forma Farmaceutica:Comprimido Mastigável"
17596,Desloratadina,602476,"602476 - Desloratadina, Concentração:2,5 MG, Forma Farmacêutica:Comprimido Orodispersível"
17596,Desloratadina,602470,"602470 - Desloratadina, Concentração:5 MG, Forma Farmacêutica:Comprimido Orodispersível"
17596,Desloratadina,602455,"602455 - Desloratadina, Concentração:1,25 MG, Forma Farmacêutica:Solução Oral-Gotas"
17596,Desloratadina,337468,"337468 - Desloratadina, Concentração:0,5 MG/ML, Forma Farmacêutica:Xarope"
17596,Desloratadina,287529,"287529 - Desloratadina, Dosagem:5 MG"
17602,Nepafenaco,384467,"384467 - Nepafenaco, Concentração:1 MG/ML, Forma Farmacêutica:Suspensão Oftálmica"
17604,Escitalopram Oxalato,480858,"480858 - Escitalopram Oxalato, Concentração:15 MG, Forma Farmaceutica:Orodispersível"
17604,Escitalopram Oxalato,480857,"480857 - Escitalopram Oxalato, Concentração:20 MG, Forma Farmaceutica:Orodispersível"
17604,Escitalopram Oxalato,480856,"480856 - Escitalopram Oxalato, Concentração:10 MG, Forma Farmaceutica:Orodispersível"
17604,Escitalopram Oxalato,480855,"480855 - Escitalopram Oxalato, Concentração:5 MG, Forma Farmaceutica:Orodispersível"
17604,Escitalopram Oxalato,436612,"436612 - Escitalopram Oxalato, Concentração:20 MG/ML, Forma Farmaceutica:Solução Oral - Gotas"
17604,Escitalopram Oxalato,393764,"393764 - Escitalopram Oxalato, Concentração:10 MG/ML, Forma Farmaceutica:Solução Oral - Gotas"
17604,Escitalopram Oxalato,291772,"291772 - Escitalopram Oxalato, Dosagem:15 MG"
17604,Escitalopram Oxalato,291771,"291771 - Escitalopram Oxalato, Dosagem:20 MG"
17604,Escitalopram Oxalato,291770,"291770 - Escitalopram Oxalato, Dosagem:10 MG"
17604,Escitalopram Oxalato,291769,"291769 - Escitalopram Oxalato, Dosagem:5 MG"
17607,Terconazol,414848,"414848 - Terconazol, Concentração:8 MG/G, Forma Farmaceutica:Creme Vaginal, Característica Adicional:C/ Aplicador(Es)"
17608,Zolmitriptana,462017,"462017 - Zolmitriptana, Concentração:2,5 MG, Forma Farmaceutica:Dispersível"
17608,Zolmitriptana,268840,"268840 - Zolmitriptana, Dosagem:2,5 MG"
17650,Clorfenamina Maleato,270985,"270985 - Clorfenamina Maleato, Composição:Associada Com Cafeína, Salicilamida E Vitamina C, Concentração:2mg + 15mg + 200mg + 300mg"
17650,Clorfenamina Maleato,270983,"270983 - Clorfenamina Maleato, Composição:Associada Ao Paracetamol E Fenilefrina, Concentração:2mg + 100mg + 2mg/Ml, Uso:Gotas"
17606,Ciclopirox Olamina,617918,"617918 - Ciclopirox Olamina, Concentração:15 MG/ML, Forma Farmaceutica:Shampoo"
17606,Ciclopirox Olamina,448828,"448828 - Ciclopirox Olamina, Composição:Associado Ao Zinco, Concentração:1,5% + 1%, Forma Farmaceutica:Shampoo"
17606,Ciclopirox Olamina,448655,"448655 - Ciclopirox Olamina, Concentração:80 MG/ML, Forma Farmaceutica:Esmalte P/ Unhas, Características Adicionais 1:C/ Conjunto De Aplicação"
17606,Ciclopirox Olamina,340153,"340153 - Ciclopirox Olamina, Concentração:10 MG/ML, Forma Farmaceutica:Solução Tópica"
17606,Ciclopirox Olamina,340152,"340152 - Ciclopirox Olamina, Concentração:10 MG/G, Forma Farmaceutica:Creme Vaginal, Característica Adicional:C/ Aplicadores"
17606,Ciclopirox Olamina,288002,"288002 - Ciclopirox Olamina, Dosagem:10 MG/G, Uso:Creme"
17606,Ciclopirox Olamina,288001,"288001 - Ciclopirox Olamina, Dosagem:80 MG/G, Uso:Esmalte P/ Unhas"
17606,Ciclopirox Olamina,298729,"298729 - Ciclopirox Olamina, Dosagem:7,7 MG/G, Forma Farmacêutica:Gel"
17665,Glatirâmer,452607,"452607 - Glatirâmer, Composição:Acetato, Concentração:40 MG/ML, Forma Farmaceutica:Solução Injetável, Características Adicionais 1:Seringa Preenchida"
17665,Glatirâmer,448709,"448709 - Glatirâmer, Composição:Acetato, Concentração:20 MG/ML, Forma Farmaceutica:Solução Injetável, Características Adicionais 1:Seringa Preenchida"
17666,Lanreotida Acetato,446524,"446524 - Lanreotida Acetato, Concentração:120 MG/ML, Forma Farmaceutica:Solução Injetável, Características Adicionais:Liberação Prolongada"
17666,Lanreotida Acetato,443642,"443642 - Lanreotida Acetato, Concentração:200 MG/ML, Forma Farmaceutica:Solução Injetável, Características Adicionais:Liberação Prolongada"
17666,Lanreotida Acetato,443641,"443641 - Lanreotida Acetato, Concentração:300 MG/ML, Forma Farmaceutica:Solução Injetável, Características Adicionais:Liberação Prolongada"
17666,Lanreotida Acetato,443640,"443640 - Lanreotida Acetato, Concentração:240 MG/ML, Forma Farmaceutica:Solução Injetável, Características Adicionais:Liberação Prolongada"
17666,Lanreotida Acetato,443639,"443639 - Lanreotida Acetato, Concentração:180 MG/ML, Forma Farmaceutica:Solução Injetável, Características Adicionais:Liberação Prolongada"
17667,Arteméter,400565,"400565 - Arteméter, Composição:Associado À Lumefantrina, Concentração:20 Mg + 120 MG, Forma Farmaceutica:Comprimido Dispersível"
17667,Arteméter,400564,"400564 - Arteméter, Composição:Associado À Lumefantrina, Concentração:20 Mg + 120 MG"
17667,Arteméter,266665,"266665 - Arteméter, Dosagem:80 MG/ML, Apresentação:Solução Injetável"
17668,Artesunato De Sódio,370120,"370120 - Artesunato De Sódio, Composição:Associado A Mefloquina Cloridrato, Concentração:100 Mg + 220 MG"
17668,Artesunato De Sódio,370119,"370119 - Artesunato De Sódio, Composição:Associado A Mefloquina Cloridrato, Concentração:25 Mg + 55 MG"
17668,Artesunato De Sódio,328513,"328513 - Artesunato De Sódio, Dosagem:60 MG, Forma Farmacêutica:Pó Liófilo P/ Injetável"
17668,Artesunato De Sódio,328510,"328510 - Artesunato De Sódio, Dosagem:200 MG, Forma Farmacêutica:Uso Retal"
17668,Artesunato De Sódio,292404,"292404 - Artesunato De Sódio, Dosagem:50 MG"
17669,Meglumina Antimoniato,272737,"272737 - Meglumina Antimoniato, Dosagem:300 MG/ML, Apresentação:Solução Injetável"
17677,Clozapina,272431,"272431 - Clozapina, Dosagem:100 MG"
17677,Clozapina,272429,"272429 - Clozapina, Dosagem:25 MG"
17678,Donepezila,479848,"479848 - Donepezila, Composição:Associado À Memantina, Concentração:10 Mg + 5 MG"
17678,Donepezila,479847,"479847 - Donepezila, Composição:Associado À Memantina, Concentração:10 Mg + 15 MG"
17678,Donepezila,440984,"440984 - Donepezila, Composição:Associado À Memantina, Concentração:10 Mg + 10 MG"
17678,Donepezila,439098,"439098 - Donepezila, Composição:Associado À Memantina, Concentração:10 Mg + 20 MG"
17678,Donepezila,272786,"272786 - Donepezila, Dosagem:10 MG"
17678,Donepezila,272785,"272785 - Donepezila, Dosagem:5 MG"
17679,Molgramostim,292256,"292256 - Molgramostim, Dosagem:300 MCG, Forma Farmacêutica:Injetável"
17679,Molgramostim,292254,"292254 - Molgramostim, Dosagem:400 MCG, Forma Farmacêutica:Injetável"
17680,Entacapona,272653,"272653 - Entacapona, Dosagem:200 MG"
17684,Sevelamer,272083,"272083 - Sevelamer, Princípio Ativo:Cloridrato, Dosagem:800 MG"
17684,Sevelamer,272082,"272082 - Sevelamer, Princípio Ativo:Cloridrato, Dosagem:400 MG"
17685,Imiglucerase,383272,"383272 - Imiglucerase, Concentração:400 UI, Forma Farmaceutica:Pó Liófilo P/Injetável"
17685,Imiglucerase,266752,"266752 - Imiglucerase, Dosagem:200 UI, Apresentação:Injetável"
17685,Imiglucerase,395624,"395624 - Imiglucerase, Composição:Ou Alfavelaglicerase, Concentração:200 Ou 400 UI, Forma Farmaceutica:Pó Liófilo P/Injetável"
17687,Pramipexol,409591,"409591 - Pramipexol, Composição:Sal Dicloridrato, Concentração:0,375 MG, Forma Farmacêutica:Liberação Prolongada"
17687,Pramipexol,409590,"409590 - Pramipexol, Composição:Sal Dicloridrato, Concentração:1,5 MG, Forma Farmacêutica:Liberação Prolongada"
17687,Pramipexol,409588,"409588 - Pramipexol, Composição:Sal Dicloridrato, Concentração:0,75 MG, Forma Farmacêutica:Liberação Prolongada"
17687,Pramipexol,404612,"404612 - Pramipexol, Concentração:1,5 MG"
17687,Pramipexol,272826,"272826 - Pramipexol, Dosagem:1 MG"
17687,Pramipexol,272825,"272825 - Pramipexol, Dosagem:0,25 MG"
17687,Pramipexol,272824,"272824 - Pramipexol, Dosagem:0,125 MG"
17687,Pramipexol,409592,"409592 - Pramipexol, Composição:Sal Dicloridrato, Concentração:3 MG, Forma Farmacêutica:Liberação Prolongada"
17687,Pramipexol,409589,"409589 - Pramipexol, Composição:Sal Dicloridrato, Concentração:4,5 MG, Forma Farmacêutica:Liberação Prolongada"
17688,Riluzol,272838,"272838 - Riluzol, Dosagem:50 MG"
17689,Quetiapina,449243,"449243 - Quetiapina, Concentração:300 MG"
17689,Quetiapina,390007,"390007 - Quetiapina, Concentração:200 MG, Forma Farmacêutica:Liberação Prolongada"
17689,Quetiapina,390006,"390006 - Quetiapina, Concentração:300 MG, Forma Farmacêutica:Liberação Prolongada"
17689,Quetiapina,390005,"390005 - Quetiapina, Concentração:50 MG, Forma Farmacêutica:Liberação Prolongada"
17689,Quetiapina,272833,"272833 - Quetiapina, Dosagem:200 MG"
17689,Quetiapina,272832,"272832 - Quetiapina, Dosagem:100 MG"
17689,Quetiapina,272831,"272831 - Quetiapina, Dosagem:25 MG"
17690,Trientina Cloridrato,625129,"625129 - Trientina Cloridrato, Concentração:300 MG"
17690,Trientina Cloridrato,278264,"278264 - Trientina Cloridrato, Dosagem:250 MG"
17692,Tolcapona,272847,"272847 - Tolcapona, Dosagem:100 MG"
17700,Fenofibrato,433077,"433077 - Fenofibrato, Concentração:160 MG"
17700,Fenofibrato,342501,"342501 - Fenofibrato, Concentração:250 MG, Forma Farmacêutica:Liberação Retardada"
17700,Fenofibrato,267081,"267081 - Fenofibrato, Dosagem:200 MG"
17707,Cromoglicato De Sódio,298447,"298447 - Cromoglicato De Sódio, Concentração:10 MG/ML, Forma Farmacêutica:Solução Para Nebulização"
17707,Cromoglicato De Sódio,298446,"298446 - Cromoglicato De Sódio, Concentração:40 MG/ML, Forma Farmacêutica:Solução Oftálmica"
17707,Cromoglicato De Sódio,298445,"298445 - Cromoglicato De Sódio, Concentração:20 MG/ML, Forma Farmacêutica:Solução Oftálmica"
17707,Cromoglicato De Sódio,298444,"298444 - Cromoglicato De Sódio, Concentração:40 MG/ML, Forma Farmacêutica:Solução Nasal"
17707,Cromoglicato De Sódio,330465,"330465 - Cromoglicato De Sódio, Concentração:5 Mg/Dose, Forma Farmacêutica:Aerossol Nasal"
17707,Cromoglicato De Sódio,330455,"330455 - Cromoglicato De Sódio, Concentração:20 MG/ML, Forma Farmacêutica:Solução Nasal Spray"
17707,Cromoglicato De Sódio,298448,"298448 - Cromoglicato De Sódio, Concentração:20 MG"
17709,Estriol,267209,"267209 - Estriol, Dosagem:1 MG"
17709,Estriol,267208,"267208 - Estriol, Dosagem:1 MG/G, Apresentação:Creme Vaginal"
17709,Estriol,267210,"267210 - Estriol, Dosagem:2 MG"
17681,Etossuximida,617855,"617855 - Etossuximida, Concentração:50 MG/ML, Forma Farmaceutica:Solução Oral"
17681,Etossuximida,272792,"272792 - Etossuximida, Dosagem:50 MG/ML, Apresentação:Xarope"
17681,Etossuximida,272791,"272791 - Etossuximida, Dosagem:250 MG"
17664,Acitretina,308719,"308719 - Acitretina, Dosagem:10 MG"
17664,Acitretina,308718,"308718 - Acitretina, Dosagem:25 MG"
17686,Interferona,630435,"630435 - Interferona, Composição:Alfa Peguilado 2b, Concentração:500 MCG/ML, Forma Farmaceutica:Solução Injetável, Características Adicionais:Seringa Preenchida"
17686,Interferona,467007,"467007 - Interferona, Composição:Gama 1b, Concentração:200 MCG/ML, Forma Farmaceutica:Solução Injetável"
17686,Interferona,465161,"465161 - Interferona, Composição:Alfa Peguilado 2b, Concentração:148 MCG, Forma Farmaceutica:Pó Liófilo P/ Injetável"
17686,Interferona,452358,"452358 - Interferona, Composição:Alfa 2a, Concentração:3.000.000 UI, Forma Farmaceutica:Pó Liófilo P/ Injetável"
17686,Interferona,448991,"448991 - Interferona, Composição:Beta 1a, Concentração:88 MCG/ML, Forma Farmaceutica:Solução Injetável, Características Adicionais:Seringa Preenchida"
17686,Interferona,448990,"448990 - Interferona, Composição:Beta 1a, Concentração:44 MCG/ML, Forma Farmaceutica:Solução Injetável, Características Adicionais:Seringa Preenchida"
17686,Interferona,448989,"448989 - Interferona, Composição:Alfa Peguilado 2a, Concentração:360 MCG/ML, Forma Farmaceutica:Solução Injetável, Características Adicionais:Seringa Preenchida"
17686,Interferona,448988,"448988 - Interferona, Composição:Alfa 2a, Concentração:18.000.000 UI/ML, Forma Farmaceutica:Solução Injetável, Características Adicionais:Seringa Preenchida"
17686,Interferona,448987,"448987 - Interferona, Composição:Alfa 2a, Concentração:6.000.000 UI/ML, Forma Farmaceutica:Solução Injetável, Características Adicionais:Seringa Preenchida"
17686,Interferona,448986,"448986 - Interferona, Composição:Alfa 2a, Concentração:9.000.000 UI/ML, Forma Farmaceutica:Solução Injetável, Características Adicionais:Seringa Preenchida"
17686,Interferona,442073,"442073 - Interferona, Composição:Beta 1a, Concentração:60 MCG/ML, Forma Farmaceutica:Solução Injetável, Adicional:Seringa Preenchida C/ Sistema Aplicação"
17686,Interferona,430858,"430858 - Interferona, Composição:Alfa 2b, Concentração:3.000.000 UI, Forma Farmaceutica:Pó Liófilo P/ Injetável"
17686,Interferona,430857,"430857 - Interferona, Composição:Alfa 2b, Concentração:10.000.000 UI, Forma Farmaceutica:Pó Liófilo P/ Injetável"
17686,Interferona,430856,"430856 - Interferona, Composição:Alfa 2b, Concentração:5.000.000 UI, Forma Farmaceutica:Pó Liófilo P/ Injetável"
17686,Interferona,394316,"394316 - Interferona, Composição:Beta 1b, Concentração:9.600.000 UI, Forma Farmaceutica:Pó Liófilo P/ Injetável, C/ Sistema De Aplicação"
17686,Interferona,394314,"394314 - Interferona, Composição:Beta 1a, Concentração:30 MCG, Forma Farmaceutica:Pó Liófilo P/ Injetável, C/ Sistema De Aplicação"
17686,Interferona,394313,"394313 - Interferona, Composição:Beta 1a, Concentração:44 MCG, Forma Farmaceutica:Pó Liófilo P/ Injetável"
17686,Interferona,394312,"394312 - Interferona, Composição:Beta 1a, Concentração:11 MCG, Forma Farmaceutica:Pó Liófilo P/ Injetável"
17686,Interferona,394318,"394318 - Interferona, Composição:Beta 1a, Concentração:3 MUI, Forma Farmaceutica:Pó Liófilo P/ Injetável"
17686,Interferona,394317,"394317 - Interferona, Composição:Beta 1a, Concentração:1 MUI, Forma Farmaceutica:Pó Liófilo P/ Injetável"
17686,Interferona,394315,"394315 - Interferona, Composição:Beta 1a, Concentração:60 MCG, Forma Farmaceutica:Pó Liófilo P/ Injetável, C/ Sistema De Aplicação"
17708,Dipirona Sódica,623182,"623182 - Dipirona Sódica, Composição:Associada Ao Tramadol, Concentração:500 Mg + 50 MG, Adicional:Formulação Especialmente Manipulada"
17708,Dipirona Sódica,606626,"606626 - Dipirona Sódica, Composição:Associada À Cafeína, Concentração:500 Mg + 65 MG"
17708,Dipirona Sódica,601415,"601415 - Dipirona Sódica, Composição:Associado Ao Ácido Ascórbico E Clorfeniramina, Concentração:100 Mg + 50 Mg + 1 MG"
17708,Dipirona Sódica,474749,"474749 - Dipirona Sódica, Concentração:1 G, Forma Farmacêutica:Comprimido Efervescente"
17708,Dipirona Sódica,442743,"442743 - Dipirona Sódica, Composição:Associada À Adifenina E Prometazina, Concentração:333 Mg/Ml + 6,66 Mg/Ml + 3,33 MG/ML, Forma Farmacêutica:Solução Oral - Gotas"
17708,Dipirona Sódica,410023,"410023 - Dipirona Sódica, Concentração:1 G"
17708,Dipirona Sódica,389957,"389957 - Dipirona Sódica, Apresentação:Associada À Escopolamina Butilbrometo, Composição:Homatropina Butilbrometo E Hiosciamina Bromidrato, Concentração:300 Mg + 6,5 Mcg + 1 Mg + 104 MCG"
17708,Dipirona Sódica,389956,"389956 - Dipirona Sódica, Apresentação:Associada À Escopolamina Butilbrometo, Composição:Homatropina Butilbrometo E Hiosciamina Bromidrato, Concentração:300 Mg + 6,5 Mcg + 1 Mg + 104 MCG/ML, Forma Farmacêutica:Solução Oral - Gotas"
17708,Dipirona Sódica,361135,"361135 - Dipirona Sódica, Composição:Associada À Papaverina E Extrato Fluido Beladona, Concentração:250 Mg + 30 Mg + 0,03 ML"
17708,Dipirona Sódica,342943,"342943 - Dipirona Sódica, Composição:Associada À Papaverina, Adifenina E Homatropina, Concentração:500 Mg + 15 Mg + 15 Mg + 1 MG/ML, Forma Farmacêutica:Solução Injetável"
17708,Dipirona Sódica,340758,"340758 - Dipirona Sódica, Composição:Associada À Clorfenamina Maleato E Cafeína, Concentração:250 Mg + 2 Mg E 250mg + 30 MG"
17708,Dipirona Sódica,340419,"340419 - Dipirona Sódica, Composição:Associada À Cafeína E Diidroergotamina, Concentração:350 Mg + 100 Mg + 1 MG"
17708,Dipirona Sódica,286816,"286816 - Dipirona Sódica, Dosagem:1000 MG, Apresentação:Supositório Adulto"
17708,Dipirona Sódica,275476,"275476 - Dipirona Sódica, Composição:Associada À Adifenina E Prometazina, Concentração:375mg + 12,5mg + 12,5mg/Ml, Uso:Solução Injetável"
17708,Dipirona Sódica,275475,"275475 - Dipirona Sódica, Composição:Associada À Adifenina E Prometazina, Concentração:500mg + 10mg + 5mg"
17708,Dipirona Sódica,272576,"272576 - Dipirona Sódica, Composição:Associada À Cafeína E Isometepteno, Concentração:300mg + 30mg + 50mg/Ml, Uso:Solução Oral - Gotas"
17708,Dipirona Sódica,270633,"270633 - Dipirona Sódica, Composição:Associada À Cafeína E Isometepteno, Concentração:300mg + 30mg + 30mg"
17708,Dipirona Sódica,268252,"268252 - Dipirona Sódica, Dosagem:500 MG/ML, Apresentação:Solução Injetável"
17708,Dipirona Sódica,268000,"268000 - Dipirona Sódica, Dosagem:300 MG, Apresentação:Supositório Infantil"
17708,Dipirona Sódica,267206,"267206 - Dipirona Sódica, Dosagem:50 MG/ML, Apresentação:Solução Oral"
17708,Dipirona Sódica,267205,"267205 - Dipirona Sódica, Dosagem:500 MG/ML, Apresentação:Solução Oral (Gotas)"
17708,Dipirona Sódica,267203,"267203 - Dipirona Sódica, Dosagem:500 MG"
17708,Dipirona Sódica,356691,"356691 - Dipirona Sódica, Composição:Associada À Papaverina, Adifenina E Homatropina, Concentração:500 Mg + 30 Mg + 30 Mg + 2,5 MG/ML, Forma Farmacêutica:Solução Oral - Gotas"
17714,Mianserina Cloridrato,267334,"267334 - Mianserina Cloridrato, Dosagem:30 MG"
17727,Tianfenicol,392617,"392617 - Tianfenicol, Concentração:500 MG"
17727,Tianfenicol,267421,"267421 - Tianfenicol, Dosagem:2,5 G, Apresentação:Granulado Para Uso Oral"
17734,Betaistina Dicloridrato,482501,"482501 - Betaistina Dicloridrato, Concentração:32 MG, Adicional:Liberação Prolongada"
17734,Betaistina Dicloridrato,482500,"482500 - Betaistina Dicloridrato, Concentração:48 MG, Adicional:Liberação Prolongada"
17734,Betaistina Dicloridrato,399109,"399109 - Betaistina Dicloridrato, Concentração:8 MG"
17734,Betaistina Dicloridrato,343573,"343573 - Betaistina Dicloridrato, Concentração:24 MG"
17734,Betaistina Dicloridrato,267936,"267936 - Betaistina Dicloridrato, Dosagem:16 MG"
17742,Drotrecogina Alfa,267997,"267997 - Drotrecogina Alfa, Dosagem:20 MG, Apresentação:Pó Liofilizado + Diluente"
17742,Drotrecogina Alfa,267935,"267935 - Drotrecogina Alfa, Dosagem:5 MG, Apresentação:Pó Liofilizado + Diluente"
17746,Travoprosta,356452,"356452 - Travoprosta, Composição:Associada Com Timolol Maleato, Concentração:0,04 Mg + 5 MG/ML, Forma Farmaceutica:Solução Oftálmica"
17746,Travoprosta,268005,"268005 - Travoprosta, Dosagem:0,04 MG/ML, Apresentação:Solução Oftálmica"
17756,Paricalcitol,400476,"400476 - Paricalcitol, Concentração:5 MCG/ML, Forma Farmacêutica:Solução Injetável"
17757,Cabazitaxel,400002,"400002 - Cabazitaxel, Concentração:40 MG/ML, Forma Farmacêutica:Solução Injetável"
17760,Ranibizumabe,479836,"479836 - Ranibizumabe, Concentração:10 MG/ML, Forma Farmacêutica:Solução Injetável, Característica Adicional:Seringa Preenchida"
17760,Ranibizumabe,358123,"358123 - Ranibizumabe, Concentração:10 MG/ML, Forma Farmacêutica:Solução Injetável, Característica Adicional:C/Sistema De Aplicação"
17764,Lopinavir,380545,"380545 - Lopinavir, Composição:Associado Com Ritonavir, Concentração:100 Mg + 25 MG"
17764,Lopinavir,350589,"350589 - Lopinavir, Composição:Associado Com Ritonavir, Concentração:200mg + 50 MG"
17764,Lopinavir,350587,"350587 - Lopinavir, Composição:Associado Com Ritonavir, Concentração:80mg + 20 MG/ML, Forma Farmaceutica:Solução Oral"
17759,Ácido Bórico,477064,"477064 - Ácido Bórico, Concentração:3%, Forma Farmaceutica:Solução, Característica Adicional:Especialmente Manipulado"
17759,Ácido Bórico,435401,"435401 - Ácido Bórico, Composição:Associado Ao Cloreto De Benzalcônio, Concentração:17 Mg/Ml + 0,1 MG/ML, Forma Farmaceutica:Solução Oftálmica"
17759,Ácido Bórico,428029,"428029 - Ácido Bórico, Composição:Antipirina, Salicilato De Fenila, Iodofórmio, Concentração:1,5% + 2,5% + 0,6% + 0,5%, Forma Farmaceutica:Pomada, Característica Adicional:Especialmente Manipulado"
17759,Ácido Bórico,349506,"349506 - Ácido Bórico, Composição:Assoc.Ao Cl.Benzalcônio,Bórax,Camomila E Hamamelis, Concentração:17 Mg + 0,1 Mg + 3 Mg + 0,1 Ml + 0,1 Ml/ ML, Forma Farmaceutica:Solução Oftálmica"
17759,Ácido Bórico,268290,"268290 - Ácido Bórico, Dosagem:Solução A 3%"
17759,Ácido Bórico,268289,"268289 - Ácido Bórico, Dosagem:Solução A 2%"
17769,Levosimendana,268609,"268609 - Levosimendana, Dosagem:2,5 MG/ML, Apresentação:Injetável"
17773,Complexo Protrombínico,450531,"450531 - Complexo Protrombínico, Tipo:Total Humano, Atividade:600 UI, Forma Farmacêutica:Pó Liófilo P/ Injetável + Diluente"
17773,Complexo Protrombínico,450530,"450530 - Complexo Protrombínico, Tipo:Humano, Parcialmente Ativado, Forma Farmacêutica:Pó Liófilo P/ Injetável"
17773,Complexo Protrombínico,450291,"450291 - Complexo Protrombínico, Tipo:Humano, Atividade:500 UI, Forma Farmacêutica:Pó Liófilo P/ Injetável + Diluente"
17773,Complexo Protrombínico,450290,"450290 - Complexo Protrombínico, Tipo:Humano, Atividade:250 UI, Forma Farmacêutica:Pó Liófilo P/ Injetável + Diluente"
17778,Atazanavir Sulfato,363843,"363843 - Atazanavir Sulfato, Concentração:300 MG"
17778,Atazanavir Sulfato,268820,"268820 - Atazanavir Sulfato, Dosagem:200 MG"
17778,Atazanavir Sulfato,268819,"268819 - Atazanavir Sulfato, Dosagem:150 MG"
17779,Tenofovir,439142,"439142 - Tenofovir, Composição:Associada À Entricitabina, Concentração:300 Mg + 200 MG"
17779,Tenofovir,428423,"428423 - Tenofovir, Composição:Associada À Lamivudina, Concentração:300 Mg + 300 MG"
17779,Tenofovir,268825,"268825 - Tenofovir, Dosagem:300 MG"
17780,Terizidona,268829,"268829 - Terizidona, Dosagem:250 MG"
17781,Lisado Bacteriano,635838,"635838 - Lisado Bacteriano, Composição:H. Influenzae, S. Pneumoniae, K.Pneumoniae, Outros Componentes:K. Ozaenae, S. Aureus, S. Pyogenes, S. Sanguinis, Componentes Adicionais:M. Catarrhalis (Branhamella), Concentração*:3,5 MG, Forma Farmacêutica*:Granulado"
17781,Lisado Bacteriano,433151,"433151 - Lisado Bacteriano, Composição:H. Influenzae, D. Pneumoniae, K.Pneumoniae, Outros Componentes:K. Ozaenae, S. Aureus, S. Pyogenes,S. Viridans, Componentes Adicionais:E Moraxella Catarrhalis (Neisseria), Concentração*:3,5 MG, Forma Farmacêutica*:Granulado"
17781,Lisado Bacteriano,433149,"433149 - Lisado Bacteriano, Composição:H. Influenzae, D. Pneumoniae, K.Pneumoniae, Outros Componentes:K. Ozaenae, S. Aureus, S. Pyogenes,S. Viridans, Componentes Adicionais:E Moraxella Catarrhalis (Neisseria), Concentração*:7 MG"
17781,Lisado Bacteriano,433148,"433148 - Lisado Bacteriano, Composição:H. Influenzae, D. Pneumoniae, K.Pneumoniae, Outros Componentes:K. Ozaenae, S. Aureus, S. Pyogenes,S. Viridans, Componentes Adicionais:E Moraxella Catarrhalis (Neisseria), Concentração*:3,5 MG"
17781,Lisado Bacteriano,400470,"400470 - Lisado Bacteriano, Composição:Escherichia Coli, Concentração:6 MG, Forma Farmacêutica:Liofilizado"
17787,Articaína,297697,"297697 - Articaína, Composição:Associada Com Epinefrina, Concentração:4% + 1/100.000, Forma Farmacêutica:Solução Injetável"
17787,Articaína,297696,"297696 - Articaína, Composição:Associada Com Epinefrina, Concentração:4% + 1/200.000, Forma Farmacêutica:Solução Injetável"
17790,Ácido Tricloroacético (Tca),458030,"458030 - Ácido Tricloroacético (Tca), Concentração:20%, Forma Farmaceutica:Pasta, Características Adicionais:Formulação Especialmente Manipulada"
17790,Ácido Tricloroacético (Tca),455588,"455588 - Ácido Tricloroacético (Tca), Concentração:85%, Forma Farmaceutica:Solução Aquosa, Características Adicionais:Formulação Especialmente Manipulada"
17790,Ácido Tricloroacético (Tca),433941,"433941 - Ácido Tricloroacético (Tca), Concentração:95%, Forma Farmaceutica:Solução Aquosa, Características Adicionais:Formulação Especialmente Manipulada"
17790,Ácido Tricloroacético (Tca),420471,"420471 - Ácido Tricloroacético (Tca), Concentração:35%, Forma Farmaceutica:Solução Aquosa"
17790,Ácido Tricloroacético (Tca),420470,"420470 - Ácido Tricloroacético (Tca), Concentração:20%, Forma Farmaceutica:Solução Aquosa"
17790,Ácido Tricloroacético (Tca),420468,"420468 - Ácido Tricloroacético (Tca), Concentração:15%, Forma Farmaceutica:Solução Aquosa"
17790,Ácido Tricloroacético (Tca),420467,"420467 - Ácido Tricloroacético (Tca), Concentração:A 4%, Forma Farmaceutica:Solução Aquosa"
17790,Ácido Tricloroacético (Tca),387078,"387078 - Ácido Tricloroacético (Tca), Concentração:10%, Forma Farmaceutica:Solução Aquosa"
17790,Ácido Tricloroacético (Tca),379725,"379725 - Ácido Tricloroacético (Tca), Concentração:A 70%, Forma Farmaceutica:Solução Aquosa"
17790,Ácido Tricloroacético (Tca),286364,"286364 - Ácido Tricloroacético (Tca), Dosagem:40%, Apresentação:Solução Aquosa"
17790,Ácido Tricloroacético (Tca),286359,"286359 - Ácido Tricloroacético (Tca), Dosagem:60%, Apresentação:Solução Aquosa"
17790,Ácido Tricloroacético (Tca),269073,"269073 - Ácido Tricloroacético (Tca), Dosagem:80%, Apresentação:Solução Aquosa"
17790,Ácido Tricloroacético (Tca),269072,"269072 - Ácido Tricloroacético (Tca), Dosagem:75%, Apresentação:Solução Aquosa"
17790,Ácido Tricloroacético (Tca),269071,"269071 - Ácido Tricloroacético (Tca), Dosagem:33%, Apresentação:Solução Aquosa"
17790,Ácido Tricloroacético (Tca),269070,"269070 - Ácido Tricloroacético (Tca), Dosagem:30%, Apresentação:Solução Aquosa"
17790,Ácido Tricloroacético (Tca),269069,"269069 - Ácido Tricloroacético (Tca), Dosagem:90%, Apresentação:Solução Aquosa"
17790,Ácido Tricloroacético (Tca),269068,"269068 - Ácido Tricloroacético (Tca), Dosagem:50%, Apresentação:Solução Aquosa"
17790,Ácido Tricloroacético (Tca),420472,"420472 - Ácido Tricloroacético (Tca), Concentração:25%, Forma Farmaceutica:Solução Aquosa"
17806,Prilocaína,448760,"448760 - Prilocaína, Composição:Associada Com Lidocaína, Concentração:25 G/G + 25 G/G, Forma Farmaceutica:Creme, Caracteristica Adicional:Com Bandagens"
17806,Prilocaína,269834,"269834 - Prilocaína, Composição:Associada Com Lidocaína, Dosagem:2,5% + 2,5%, Apresentação:Creme"
17806,Prilocaína,269833,"269833 - Prilocaína, Composição:Associada Com Felipressina, Dosagem:3% + 0,03ui/Ml, Apresentação:Injetável"
17813,Levodopa,455682,"455682 - Levodopa, Composição:Associado À Benserazida, Concentração:200mg + 50 MG, Forma Farmaceutica:Liberação Prolongada"
17813,Levodopa,445135,"445135 - Levodopa, Composição:Associado A Carbidopa + Entacapona, Concentração:200 Mg + 50 Mg + 200 MG"
17813,Levodopa,433280,"433280 - Levodopa, Composição:Associado À Benserazida, Concentração:100mg + 25 MG"
17813,Levodopa,398689,"398689 - Levodopa, Composição:Associado À Benserazida, Concentração:100mg + 25 MG, Forma Farmaceutica:Liberação Prolongada"
17813,Levodopa,388387,"388387 - Levodopa, Composição:Associado A Carbidopa + Entacapona, Concentração:50 Mg + 12,5 Mg + 200 MG"
17813,Levodopa,367724,"367724 - Levodopa, Composição:Associado A Carbidopa + Entacapona, Concentração:150 Mg + 37,5 Mg + 200 MG"
17813,Levodopa,345866,"345866 - Levodopa, Composição:Associado A Carbidopa + Entacapona, Concentração:100 Mg + 25 Mg + 200 MG"
17813,Levodopa,292548,"292548 - Levodopa, Composição:Associado À Carbidopa, Dosagem:200mg + 50mg, Apresentação:Liberação Lenta"
17813,Levodopa,270130,"270130 - Levodopa, Composição:Associado À Carbidopa, Dosagem:250mg + 25mg"
17813,Levodopa,270129,"270129 - Levodopa, Composição:Associado À Carbidopa, Dosagem:200mg + 50mg"
17813,Levodopa,270128,"270128 - Levodopa, Composição:Associado À Benserazida, Dosagem:100mg + 25mg, Apresentação:Comprimidos Dispersíveis"
17813,Levodopa,270126,"270126 - Levodopa, Composição:Associado À Benserazida, Dosagem:200mg + 50mg"
17818,Oxaliplatina,270416,"270416 - Oxaliplatina, Dosagem:100 MG, Apresentação:Injetável"
17818,Oxaliplatina,270415,"270415 - Oxaliplatina, Dosagem:50 MG, Apresentação:Injetável"
17807,Lidocaína Cloridrato,628743,"628743 - Lidocaína Cloridrato, Composição:Associada Com Tribenósido, Concentração:20 Mg/G + 50 MG/G, Forma Farmaceutica:Creme"
17807,Lidocaína Cloridrato,627942,"627942 - Lidocaína Cloridrato, Composição:Associada À Tetracaína, Concentração:230 Mg/G + 70 MG/G, Forma Farmaceutica:Pomada, Adicional:Formulação Especialmente Manipulada"
17807,Lidocaína Cloridrato,446087,"446087 - Lidocaína Cloridrato, Composição:Associada À Tetracaína, Concentração:70 Mg/G + 70 MG/G, Forma Farmaceutica:Creme"
17807,Lidocaína Cloridrato,442717,"442717 - Lidocaína Cloridrato, Composição:Associada Ao Fluocortolona, Concentração:20 Mg/G + 1 MG/G, Forma Farmaceutica:Creme, Componentes Adicionais:C/ Aplicadores"
17807,Lidocaína Cloridrato,436549,"436549 - Lidocaína Cloridrato, Composição:Associada Com Norepinefrina, Concentração:30 Mg/Ml + 0,04 Mg/Ml, Forma Farmaceutica:Solução Injetável"
17807,Lidocaína Cloridrato,435219,"435219 - Lidocaína Cloridrato, Composição:Associado Ao Extrato De Hamamelis Virginiana L., Componentes Adicionais:Davilla Rugosa P., Atropa Belladonna L., Mentol, Concentração*:17,33 Mg/G + 6,66 Mg/G + 6,66 Mg/G + 40 Mg/G + 4 MG/G, Forma Farmacêutica*:Pomada"
17807,Lidocaína Cloridrato,434889,"434889 - Lidocaína Cloridrato, Concentração:5%, Forma Farmaceutica:Emplastro"
17807,Lidocaína Cloridrato,432750,"432750 - Lidocaína Cloridrato, Composição:Associada Com Norepinefrina, Concentração:3% + 1:50.000, Forma Farmaceutica:Solução Injetável"
17807,Lidocaína Cloridrato,397428,"397428 - Lidocaína Cloridrato, Composição:Associada Com Epinefrina, Concentração:2% + 1:80.000, Forma Farmaceutica:Solução Injetável"
17807,Lidocaína Cloridrato,397074,"397074 - Lidocaína Cloridrato, Composição:Associada Ao Cloreto De Benzetônio, Concentração:21 Mg + 1,33 MG/ML, Forma Farmaceutica:Spray"
17807,Lidocaína Cloridrato,393373,"393373 - Lidocaína Cloridrato, Concentração:40 MG/G, Forma Farmaceutica:Creme"
17807,Lidocaína Cloridrato,385492,"385492 - Lidocaína Cloridrato, Composição:Associada Com Tribenósido, Concentração:40 Mg + 400 MG, Forma Farmaceutica:Uso Retal"
17807,Lidocaína Cloridrato,342616,"342616 - Lidocaína Cloridrato, Composição:Associada À Fenilefrina, Concentração:20 Mg + 0,4 MG/ML, Forma Farmaceutica:Solução Injetável"
17807,Lidocaína Cloridrato,299656,"299656 - Lidocaína Cloridrato, Composição:Associada Ao Cloreto De Benzalcônio, Dosagem:2% + 0,13%, Forma Farmacêutica:Spray"
17807,Lidocaína Cloridrato,275402,"275402 - Lidocaína Cloridrato, Composição:Associada Com Epinefrina, Dosagem:1% + 1:200.000, Apresentação:Injetável"
17807,Lidocaína Cloridrato,269895,"269895 - Lidocaína Cloridrato, Composição:Associada Com Norepinefrina, Dosagem:2% + 1:50.000, Apresentação:Injetável"
17807,Lidocaína Cloridrato,269872,"269872 - Lidocaína Cloridrato, Composição:C/Hidrocortisona + Subacetato Alumínio + Óx.Zinco, Dosagem:5% + 0,25% + 3,5% + 18%, Apresentação:Pomada"
17807,Lidocaína Cloridrato,269852,"269852 - Lidocaína Cloridrato, Composição:Associada Com Epinefrina, Dosagem:2% + 1:200.000, Apresentação:Injetável"
17807,Lidocaína Cloridrato,269851,"269851 - Lidocaína Cloridrato, Composição:Associada Com Epinefrina, Dosagem:2% + 1:100.000, Apresentação:Injetável"
17807,Lidocaína Cloridrato,269850,"269850 - Lidocaína Cloridrato, Composição:Associada Com Epinefrina, Dosagem:2% + 1:50.000, Apresentação:Injetável"
17807,Lidocaína Cloridrato,269848,"269848 - Lidocaína Cloridrato, Composição:Associada Com Glicose, Dosagem:5% + 7,5%, Apresentação:Injetável"
17807,Lidocaína Cloridrato,269847,"269847 - Lidocaína Cloridrato, Dosagem:5%, Apresentação:Pomada"
17807,Lidocaína Cloridrato,269846,"269846 - Lidocaína Cloridrato, Dosagem:2%, Apresentação:Geléia"
17807,Lidocaína Cloridrato,269845,"269845 - Lidocaína Cloridrato, Dosagem:10%, Apresentação:Spray"
17807,Lidocaína Cloridrato,269843,"269843 - Lidocaína Cloridrato, Dosagem:2%, Apresentação:Injetável"
17807,Lidocaína Cloridrato,269842,"269842 - Lidocaína Cloridrato, Dosagem:1%, Apresentação:Injetável"
17767,Fitomenadiona,621833,"621833 - Fitomenadiona, Concentração:60 MCG"
17767,Fitomenadiona,600219,"600219 - Fitomenadiona, Concentração:10 MG, Adicional:Formulação Especialmente Manipulada"
17767,Fitomenadiona,292399,"292399 - Fitomenadiona, Dosagem:10 MG/ML, Apresentação:Solução Injetável"
17821,Iodopovidona (Pvpi),461988,"461988 - Iodopovidona (Pvpi), Concentração:5%, Forma Farmaceutica:Solução Oftálmica, Características Adicionais:Medicamento Especialmente Manipulado"
17821,Iodopovidona (Pvpi),398706,"398706 - Iodopovidona (Pvpi), Concentração:A 10% ( Teor De Iodo 1% ), Forma Farmaceutica:Solução Tópica Aquosa"
17821,Iodopovidona (Pvpi),398705,"398705 - Iodopovidona (Pvpi), Concentração:A 10% ( Teor De Iodo 1% ), Forma Farmaceutica:Solução Degermante"
17821,Iodopovidona (Pvpi),398704,"398704 - Iodopovidona (Pvpi), Concentração:A 10% ( Teor De Iodo 1% ), Forma Farmaceutica:Solução Alcoólica"
17821,Iodopovidona (Pvpi),372203,"372203 - Iodopovidona (Pvpi), Concentração:5 MG/ML, Forma Farmaceutica:Solução Oftálmica, Características Adicionais:Medicamento Especialmente Manipulado"
17821,Iodopovidona (Pvpi),340482,"340482 - Iodopovidona (Pvpi), Concentração:25 MG/ML, Forma Farmaceutica:Solução Oftálmica, Características Adicionais:Medicamento Especialmente Manipulado"
17827,Colestiramina,347991,"347991 - Colestiramina, Concentração:500 MG, Forma Farmaceutica:Oral, Característica Adicional:Formulação Especialmente Manipulada"
17827,Colestiramina,347990,"347990 - Colestiramina, Concentração:250 MG, Forma Farmaceutica:Oral, Característica Adicional:Formulação Especialmente Manipulada"
17827,Colestiramina,270990,"270990 - Colestiramina, Dosagem:4g, Apresentação:Pó"
17828,Flufenazina,395144,"395144 - Flufenazina, Composição:Sal Cloridrato, Concentração:5 MG"
17828,Flufenazina,271118,"271118 - Flufenazina, Composição:Sal Enantato, Dosagem:25mg/Ml, Apresentação:Injetável"
17834,Daclizumabe,272468,"272468 - Daclizumabe, Dosagem:25 MG, Apresentação:Injetável"
17842,Fenilbutazona,342469,"342469 - Fenilbutazona, Composição:Cálcica, Concentração:200 MG"
17849,Temozolomida,430839,"430839 - Temozolomida, Concentração:100 MG, Forma Farmacêutica:Pó Liófilo P/Injetável"
17849,Temozolomida,393953,"393953 - Temozolomida, Concentração:140 MG"
17849,Temozolomida,389803,"389803 - Temozolomida, Concentração:180 MG"
17849,Temozolomida,273195,"273195 - Temozolomida, Concentração:100 MG"
17849,Temozolomida,273194,"273194 - Temozolomida, Concentração:20 MG"
17849,Temozolomida,273193,"273193 - Temozolomida, Concentração:5 MG"
17849,Temozolomida,273192,"273192 - Temozolomida, Concentração:250 MG"
17852,Naltrexona Cloridrato,273266,"273266 - Naltrexona Cloridrato, Concentração:50 MG"
17861,Terbinafina Cloridrato,273604,"273604 - Terbinafina Cloridrato, Concentração:10 MG/G, Apresentação:Creme"
17861,Terbinafina Cloridrato,273602,"273602 - Terbinafina Cloridrato, Concentração:10 MG/ML, Apresentação:Solução Tópica"
17861,Terbinafina Cloridrato,273599,"273599 - Terbinafina Cloridrato, Concentração:250 MG"
17861,Terbinafina Cloridrato,273603,"273603 - Terbinafina Cloridrato, Concentração:10 MG/ML, Apresentação:Aerossol"
17861,Terbinafina Cloridrato,273600,"273600 - Terbinafina Cloridrato, Concentração:125 MG"
17862,Rosiglitazona,296490,"296490 - Rosiglitazona, Concentração:8 MG"
17862,Rosiglitazona,296489,"296489 - Rosiglitazona, Composição:Associada Com Metformina, Concentração:4 Mg + 500 MG"
17862,Rosiglitazona,296488,"296488 - Rosiglitazona, Composição:Associada Com Metformina, Concentração:2 Mg + 500 MG"
17862,Rosiglitazona,296487,"296487 - Rosiglitazona, Composição:Associada Com Metformina, Concentração:1 Mg + 500 MG"
17862,Rosiglitazona,273608,"273608 - Rosiglitazona, Composição:Sal Maleato, Concentração:4 MG"
17863,Teclozana,273619,"273619 - Teclozana, Dosagem:500 MG"
17863,Teclozana,273620,"273620 - Teclozana, Dosagem:100 MG"
17869,Menotropina,483777,"483777 - Menotropina, Concentração:150 UI, Forma Farmacêutica:Injetável"
17869,Menotropina,445238,"445238 - Menotropina, Concentração:1200 UI, Forma Farmacêutica:Pó Liófilo P/Injetável, Característica Adicional:C/ Seringa Diluente"
17869,Menotropina,397549,"397549 - Menotropina, Concentração:75 UI, Forma Farmacêutica:Pó Liófilo P/Injetável"
17869,Menotropina,397548,"397548 - Menotropina, Concentração:600 UI, Forma Farmacêutica:Pó Liófilo P/Injetável, Característica Adicional:C/ Seringa Diluente"
17869,Menotropina,273811,"273811 - Menotropina, Composição:Alfa, Concentração:75 UI, Apresentação:Injetável"
17870,Nafarrelina,273812,"273812 - Nafarrelina, Composição:Sal Acetato, Concentração:2mg/Dose, Apresentação:Aerossol Nasal"
17872,Sildenafila,465048,"465048 - Sildenafila, Composição:Sal Citrato, Concentração:2,5 MG/ML, Forma Farmacêutica:Solução Oral, Característica Adicional:Formulação Especialmente Manipulada"
17872,Sildenafila,437604,"437604 - Sildenafila, Concentração:20 MG/ML, Forma Farmacêutica:Solução Oral, Característica Adicional:Formulação Especialmente Manipulada"
17872,Sildenafila,391318,"391318 - Sildenafila, Composição:Sal Citrato, Concentração:4 MG/ML, Forma Farmacêutica:Solução Oral, Característica Adicional:Formulação Especialmente Manipulada"
17872,Sildenafila,384328,"384328 - Sildenafila, Concentração:10 MG/ML, Forma Farmacêutica:Solução Oral, Característica Adicional:Formulação Especialmente Manipulada"
17872,Sildenafila,382296,"382296 - Sildenafila, Composição:Sal Citrato, Concentração:1 MG/ML, Forma Farmacêutica:Solução Oral, Característica Adicional:Formulação Especialmente Manipulada"
17872,Sildenafila,367697,"367697 - Sildenafila, Composição:Sal Citrato, Concentração:2 MG/ML, Forma Farmacêutica:Solução Oral, Característica Adicional:Formulação Especialmente Manipulada"
17872,Sildenafila,352245,"352245 - Sildenafila, Concentração:100 MG"
17872,Sildenafila,349682,"349682 - Sildenafila, Concentração:5 MG, Forma Farmacêutica:Oral, Característica Adicional:Formulação Especialmente Manipulada"
17872,Sildenafila,319883,"319883 - Sildenafila, Composição:Sal Citrato, Concentração:20 MG"
17872,Sildenafila,273821,"273821 - Sildenafila, Composição:Sal Citrato, Concentração:50 MG"
17872,Sildenafila,273820,"273820 - Sildenafila, Composição:Sal Citrato, Concentração:25 MG"
17872,Sildenafila,395718,"395718 - Sildenafila, Composição:Sal Citrato, Concentração:12,5 MG, Forma Farmacêutica:Oral, Característica Adicional:Formulação Especialmente Manipulada"
17873,Poliacrilamida,448759,"448759 - Poliacrilamida, Concentração:1,5%, Forma Farmacêutica:Solução Injetável Intra-Ocular, Características Adicionais 1:Seringa Preenchida"
17874,Citidina,273831,"273831 - Citidina, Princípio Ativo:5-Monofosfato, Associada Com Uridina 5-Trifosfato, Composição:E Com Hidroxicobalamina Acetato, Concentração:5mg + 3,Mg + 2mg, Apresentação:Pó Liofilizado Para Injetável + Diluente 2ml"
17874,Citidina,273830,"273830 - Citidina, Princípio Ativo:5-Monofosfato, Associada Com Uridina 5-Trifosfato, Composição:E Com Hidroxicobalamina Acetato, Concentração:2,5mg + 1,5mg + 1mg"
17875,Sibutramina,273839,"273839 - Sibutramina, Concentração:15 MG"
17875,Sibutramina,273838,"273838 - Sibutramina, Concentração:10 MG"
17851,Memantina,602481,"602481 - Memantina, Concentração:20 MG/ML, Forma Farmacêutica:Solução Oral - Gotas"
17851,Memantina,478160,"478160 - Memantina, Composição:Sal Cloridrato, Concentração:10 MG/ML, Forma Farmacêutica:Solução Oral - Gotas"
17851,Memantina,473340,"473340 - Memantina, Concentração:15 MG, Forma Farmacêutica:Orodispersível"
17851,Memantina,473339,"473339 - Memantina, Concentração:20 MG, Forma Farmacêutica:Orodispersível"
17851,Memantina,473338,"473338 - Memantina, Concentração:10 MG, Forma Farmacêutica:Orodispersível"
17851,Memantina,473337,"473337 - Memantina, Concentração:5 MG, Forma Farmacêutica:Orodispersível"
17851,Memantina,443681,"443681 - Memantina, Composição:Sal Cloridrato, Concentração:20 MG"
17851,Memantina,273221,"273221 - Memantina, Composição:Sal Cloridrato, Concentração:10 MG"
17825,Tenecteplase,637876,"637876 - Tenecteplase, Concentração:25 MG, Forma Farmaceutica:Pó Liófilo P/ Injetável"
17825,Tenecteplase,448767,"448767 - Tenecteplase, Concentração:50 MG, Forma Farmaceutica:Pó Liófilo P/ Injetável, Caracteristica Adicional:Seringa Preenchida"
17825,Tenecteplase,448766,"448766 - Tenecteplase, Concentração:40 MG, Forma Farmaceutica:Pó Liófilo P/ Injetável, Caracteristica Adicional:Seringa Preenchida"
17850,Cetilpiridínio Cloreto,618532,"618532 - Cetilpiridínio Cloreto, Concentração:1,34 MG"
17850,Cetilpiridínio Cloreto,465072,"465072 - Cetilpiridínio Cloreto, Concentração:0,2 MG/ML, Forma Farmacêutica:Colutório, Características Adicionais:Formulação Especialmente Manipulada"
17850,Cetilpiridínio Cloreto,430105,"430105 - Cetilpiridínio Cloreto, Concentração:0,5 MG/ML, Forma Farmacêutica:Solução Bucal"
17850,Cetilpiridínio Cloreto,399095,"399095 - Cetilpiridínio Cloreto, Composição:Associado Ao Fluoreto De Sódio, Concentração:0,5 Mg + 0,5 MG/ML, Forma Farmacêutica:Solução Bucal"
17885,Esomeprazol,460948,"460948 - Esomeprazol, Concentração:40 MG, Características Adicionais:Liberação Prolongada"
17885,Esomeprazol,460947,"460947 - Esomeprazol, Concentração:20 MG, Características Adicionais:Liberação Prolongada"
17885,Esomeprazol,354515,"354515 - Esomeprazol, Composição:Sal Sódico, Concentração:40 MG, Forma Farmacêutica:Pó Liófilo P/ Injetável"
17885,Esomeprazol,274187,"274187 - Esomeprazol, Composição:Sal Magnésico, Concentração:40 MG"
17885,Esomeprazol,274186,"274186 - Esomeprazol, Composição:Sal Magnésico, Concentração:20 MG"
17886,Glicosamina,394237,"394237 - Glicosamina, Composição:Associada Com Condroitina, Em Sais Sulfatos, Concentração:1,5 G + 1,2 G, Forma Farmacêutica:Pó Oral"
17886,Glicosamina,322441,"322441 - Glicosamina, Concentração:500 Mg"
17886,Glicosamina,309530,"309530 - Glicosamina, Concentração:1,5 G, Forma Farmacêutica:Pó Oral"
17886,Glicosamina,274227,"274227 - Glicosamina, Composição:Associada Com Condroitina, Em Sais Sulfatos, Concentração:500mg + 400mg"
17886,Glicosamina,401526,"401526 - Glicosamina, Composição:Em Sal Sulfato, Concentração:300 Mg, Característica Adicional:Especialmente Manipulado"
17886,Glicosamina,392306,"392306 - Glicosamina, Concentração:750 Mg, Característica Adicional:Especialmente Manipulado"
17891,Amifostina,274425,"274425 - Amifostina, Concentração:500 MG, Apresentação:Injetável"
17893,Valsartana,473678,"473678 - Valsartana, Composição:Associado Ao Perindopril Arginina, Concentração:14 Mg + 10 MG"
17893,Valsartana,445432,"445432 - Valsartana, Composição:Associado Ao Sacubitril, Concentração:103 Mg + 97 MG"
17893,Valsartana,445431,"445431 - Valsartana, Composição:Associado Ao Sacubitril, Concentração:26 Mg + 24 MG"
17893,Valsartana,445430,"445430 - Valsartana, Composição:Associado Ao Sacubitril, Concentração:51 Mg + 49 MG"
17893,Valsartana,437003,"437003 - Valsartana, Composição:Associado À Hidroclorotiazida, Anlodipino Besilato, Concentração:160 Mg + 12,5 Mg + 10 MG"
17893,Valsartana,433548,"433548 - Valsartana, Composição:Associado À Hidroclorotiazida, Anlodipino Besilato, Concentração:320 Mg + 25 Mg + 10 MG"
17893,Valsartana,396559,"396559 - Valsartana, Composição:Associado À Hidroclorotiazida, Anlodipino Besilato, Concentração:160 Mg + 25 Mg + 10 MG"
17893,Valsartana,396558,"396558 - Valsartana, Composição:Associado À Hidroclorotiazida, Anlodipino Besilato, Concentração:160 Mg + 25 Mg + 5 MG"
17893,Valsartana,396557,"396557 - Valsartana, Composição:Associado À Hidroclorotiazida, Anlodipino Besilato, Concentração:160 Mg + 12,5 Mg + 5 MG"
17893,Valsartana,396556,"396556 - Valsartana, Composição:Associado À Hidroclorotiazida, Anlodipino Besilato, Concentração:80 Mg + 12,5 Mg + 5 MG"
17893,Valsartana,395910,"395910 - Valsartana, Composição:Associado À Hidroclorotiazida, Concentração:320 Mg + 12,5 MG"
17893,Valsartana,395162,"395162 - Valsartana, Composição:Associado À Hidroclorotiazida, Concentração:320 Mg + 25 MG"
17893,Valsartana,376357,"376357 - Valsartana, Concentração:40 MG"
17893,Valsartana,370525,"370525 - Valsartana, Composição:Associado À Hidroclorotiazida, Concentração:160 Mg + 25 MG"
17893,Valsartana,306146,"306146 - Valsartana, Concentração:320 MG"
17893,Valsartana,306145,"306145 - Valsartana, Concentração:160 MG"
17893,Valsartana,292791,"292791 - Valsartana, Composição:Associado À Hidroclorotiazida, Concentração:160 Mg + 12,5 MG"
17893,Valsartana,292790,"292790 - Valsartana, Composição:Associado À Hidroclorotiazida, Concentração:80 Mg + 12,5 MG"
17893,Valsartana,274438,"274438 - Valsartana, Dosagem:80 MG"
17897,Dobesilato De Cálcio,434714,"434714 - Dobesilato De Cálcio, Concentração:500 MG"
17897,Dobesilato De Cálcio,287644,"287644 - Dobesilato De Cálcio, Composição:Associado C/ Lidocaína Cloridrato E Prednisolona, Concentração:40mg + 4mg + 1 MG/G, Forma Farmacêutica:Pomada"
17898,Dextrometorfano,396748,"396748 - Dextrometorfano, Composição:Em Sal Bromidrato, Associado À Guaifenesina, Concentração:1,30 Mg + 13,30 MG/ML, Forma Farmacêutica:Xarope"
17898,Dextrometorfano,338606,"338606 - Dextrometorfano, Composição:Assoc. À Doxilamina,Cetilpiridínio E Citrato Sódio, Concentração:1 Mg + 0,6 Mg + 0,25 Mg + 50 MG/ML, Forma Farmacêutica:Xarope"
17898,Dextrometorfano,294219,"294219 - Dextrometorfano, Composição:Associado À Benzocaína E Cetilpiridínio, Concentração:0,4 Mg + 3,65 Mg + 1 MG"
17900,Butambeno,327076,"327076 - Butambeno, Composição:Sal Picrato, Concentração:10 MG/G, Forma Farmacêutica:Ungüento"
17901,Cefaclor Monoidrato,385423,"385423 - Cefaclor Monoidrato, Concentração:75 MG/ML, Forma Farmaceutica:Suspensão Oral"
17901,Cefaclor Monoidrato,326789,"326789 - Cefaclor Monoidrato, Dosagem:500 MG"
17901,Cefaclor Monoidrato,326788,"326788 - Cefaclor Monoidrato, Dosagem:250 MG"
17901,Cefaclor Monoidrato,274502,"274502 - Cefaclor Monoidrato, Dosagem:50 MG/ML, Apresentação:Suspensão Oral"
17901,Cefaclor Monoidrato,434937,"434937 - Cefaclor Monoidrato, Concentração:750 MG"
17904,Fluocortolona,274538,"274538 - Fluocortolona, Composição:C/Cinchocaína Cloridrato+Undecilenato De Clemizol, Concentração:0,15% + 0,5% + 1%, Apresentação:Pomada"
17906,Tropicamida,413570,"413570 - Tropicamida, Composição:Sal Cloridrato, Concentração:5 MG/ML, Forma Farmaceutica:Solução Oftálmica, Característica Adicional:Formulação Especialmente Manipulada"
17906,Tropicamida,274561,"274561 - Tropicamida, Dosagem:1%, Apresentação:Solução Oftálmica"
17908,Betaxolol Cloridrato,411744,"411744 - Betaxolol Cloridrato, Concentraçao:2,5 MG/ML, Forma Farmaceutica:Suspensão Oftálmica"
17908,Betaxolol Cloridrato,284435,"284435 - Betaxolol Cloridrato, Concentração:0,5%, Apresentação:Solução Oftálmica"
17908,Betaxolol Cloridrato,274577,"274577 - Betaxolol Cloridrato, Concentração:0,25%, Apresentação:Solução Oftálmica"
17910,Frutose,275403,"275403 - Frutose, Concentração:5%, Apresentação:Solução Injetável, Característica Adicional:Sistema Fechado"
17918,Fulvestranto,448707,"448707 - Fulvestranto, Dosagem:50 MG/ML, Forma Farmacêutica:Solução Injetável, Características Adicionais 1:Seringa Preenchida"
17915,Cloreto De Cálcio,363564,"363564 - Cloreto De Cálcio, Concentração:100 MG/ML, Forma Farmacêutica:Solução Injetável, Característica Adicional:Medicamento Especialmente Manipulado"
17915,Cloreto De Cálcio,274839,"274839 - Cloreto De Cálcio, Concentração:50mg/Ml, Uso:Injetável"
17915,Cloreto De Cálcio,274776,"274776 - Cloreto De Cálcio, Concentração:10%, Uso:Injetável"
17916,Lisina Clonixinato,602967,"602967 - Lisina Clonixinato, Concentração:250 MG"
17916,Lisina Clonixinato,335311,"335311 - Lisina Clonixinato, Concentração:50 MG/ML, Forma Farmacêutica:Solução Injetável"
17916,Lisina Clonixinato,274811,"274811 - Lisina Clonixinato, Dosagem:125 MG"
17896,Mexiletina,609133,"609133 - Mexiletina, Dosagem:150 MG"
17896,Mexiletina,287060,"287060 - Mexiletina, Dosagem:100 MG"
17896,Mexiletina,274481,"274481 - Mexiletina, Dosagem:200 MG"
17907,Sulfato De Zinco,618725,"618725 - Sulfato De Zinco, Composição:Associado Ao Sulfato De Manganês, Sulfato De Cobre, Composição Adicional:Fluoreto De Sódio, Iodeto De Sódio, Concentração:Cerca De 2 Mg/Ml + 8 Mg/Ml + 250 MCG/ML, Concentração 1:600 Mcg/Ml + 600 MCG/ML, Forma Farmaceutica:Solução Injetável, Característica Adicional:Formulação Especialmente Manipulada"
17907,Sulfato De Zinco,477456,"477456 - Sulfato De Zinco, Concentração:66 MG, Característica Adicional:Formulação Especialmente Manipulada"
17907,Sulfato De Zinco,475934,"475934 - Sulfato De Zinco, Concentração:50 MG, Característica Adicional:Formulação Especialmente Manipulada"
17907,Sulfato De Zinco,474130,"474130 - Sulfato De Zinco, Concentração:220 MG, Característica Adicional:Formulação Especialmente Manipulada"
17907,Sulfato De Zinco,472836,"472836 - Sulfato De Zinco, Concentração:20 MG, Forma Farmaceutica:Comprimido Dispersível"
17907,Sulfato De Zinco,463220,"463220 - Sulfato De Zinco, Concentração:4 MG/ML, Forma Farmaceutica:Solução Oral"
17907,Sulfato De Zinco,448043,"448043 - Sulfato De Zinco, Concentração:17,60 MG/ML, Forma Farmaceutica:Solução Oral"
17907,Sulfato De Zinco,433249,"433249 - Sulfato De Zinco, Concentração:4 MG/ML, Forma Farmaceutica:Solução Oral, Característica Adicional:Formulação Especialmente Manipulada"
17907,Sulfato De Zinco,400982,"400982 - Sulfato De Zinco, Concentração:2,5 MG/ML, Forma Farmaceutica:Solução Oral, Característica Adicional:Formulação Especialmente Manipulada"
17907,Sulfato De Zinco,386019,"386019 - Sulfato De Zinco, Concentração:10 MG/ML, Forma Farmaceutica:Solução Oral, Característica Adicional:Formulação Especialmente Manipulada"
17907,Sulfato De Zinco,348387,"348387 - Sulfato De Zinco, Composição:Sal Heptahidratado, Concentração:100 MG/ML, Forma Farmaceutica:Solução Oral, Característica Adicional:Formulação Especialmente Manipulada"
17907,Sulfato De Zinco,311465,"311465 - Sulfato De Zinco, Dosagem:200 MCG/ML, Forma Farmacêutica:Solução Injetável"
17957,Teriparatida,331223,"331223 - Teriparatida, Concentração:250 MCG/ML, Forma Farmacêutica:Solução Injetável, Características Adicionais:Com Sistema De Aplicação"
17958,Papaína,465020,"465020 - Papaína, Concentraçao:15%, Forma Farmaceutica:Gel, Caracteristica Adicional:Formulação Especialmente Manipulada"
17958,Papaína,465019,"465019 - Papaína, Concentraçao:12%, Forma Farmaceutica:Gel, Caracteristica Adicional:Formulação Especialmente Manipulada"
17958,Papaína,465018,"465018 - Papaína, Composição:Associada À Uréia, Concentraçao:10% + 2%, Forma Farmaceutica:Creme, Caracteristica Adicional:Formulação Especialmente Manipulada"
17958,Papaína,451600,"451600 - Papaína, Concentraçao:5%, Forma Farmaceutica:Gel, Caracteristica Adicional:Formulação Especialmente Manipulada"
17958,Papaína,451599,"451599 - Papaína, Concentraçao:4%, Forma Farmaceutica:Gel, Caracteristica Adicional:Formulação Especialmente Manipulada"
17958,Papaína,451598,"451598 - Papaína, Concentraçao:3%, Forma Farmaceutica:Gel, Caracteristica Adicional:Formulação Especialmente Manipulada"
17958,Papaína,428015,"428015 - Papaína, Concentraçao:3%, Forma Farmaceutica:Creme, Caracteristica Adicional:Formulação Especialmente Manipulada"
17958,Papaína,426275,"426275 - Papaína, Concentraçao:20%, Forma Farmaceutica:Creme, Caracteristica Adicional:Formulação Especialmente Manipulada"
17958,Papaína,404151,"404151 - Papaína, Concentraçao:6%, Forma Farmaceutica:Gel, Caracteristica Adicional:Formulação Especialmente Manipulada"
17958,Papaína,398304,"398304 - Papaína, Concentraçao:5%, Forma Farmaceutica:Creme, Caracteristica Adicional:Formulação Especialmente Manipulada"
17958,Papaína,398255,"398255 - Papaína, Concentraçao:10%, Forma Farmaceutica:Creme, Caracteristica Adicional:Formulação Especialmente Manipulada"
17958,Papaína,395846,"395846 - Papaína, Concentraçao:2%, Forma Farmaceutica:Creme, Caracteristica Adicional:Formulação Especialmente Manipulada"
17958,Papaína,390680,"390680 - Papaína, Concentraçao:10%, Forma Farmaceutica:Gel, Caracteristica Adicional:Formulação Especialmente Manipulada"
17958,Papaína,387359,"387359 - Papaína, Concentraçao:2%, Forma Farmaceutica:Gel, Caracteristica Adicional:Formulação Especialmente Manipulada"
17958,Papaína,349321,"349321 - Papaína, Concentraçao:10%, Forma Farmaceutica:Em Pasta, Caracteristica Adicional:Formulação Especialmente Manipulada"
17958,Papaína,349320,"349320 - Papaína, Concentraçao:4 %, Forma Farmaceutica:Em Pasta, Caracteristica Adicional:Formulação Especialmente Manipulada"
17958,Papaína,349319,"349319 - Papaína, Concentraçao:2%, Forma Farmaceutica:Em Pasta, Caracteristica Adicional:Formulação Especialmente Manipulada"
17958,Papaína,347116,"347116 - Papaína, Concentraçao:8 %, Forma Farmaceutica:Creme, Caracteristica Adicional:Formulação Especialmente Manipulada"
17958,Papaína,347115,"347115 - Papaína, Concentraçao:4 %, Forma Farmaceutica:Creme, Caracteristica Adicional:Formulação Especialmente Manipulada"
17958,Papaína,333663,"333663 - Papaína, Dosagem:6%, Forma Farmacêutica:Creme, Característica Adicional:Medicamento Especialmente Manipulado"
17988,Cetrorrelix,448653,"448653 - Cetrorrelix, Composição:Sal Acetato, Concentraçao:0,25 MG, Forma Farmacêutica:Pó Liófilo P/ Injetável, Caracteristica Adicional:C/ Conjunto De Aplicação"
17993,Cilostazol,276378,"276378 - Cilostazol, Concentração:100 MG"
17993,Cilostazol,276377,"276377 - Cilostazol, Concentração:50 MG"
17994,Galantamina,463161,"463161 - Galantamina, Concentração:16 MG, Características Adicionais:Liberação Prolongada"
17994,Galantamina,463160,"463160 - Galantamina, Concentração:24 MG, Características Adicionais:Liberação Prolongada"
17994,Galantamina,463159,"463159 - Galantamina, Concentração:8 MG, Características Adicionais:Liberação Prolongada"
17994,Galantamina,315735,"315735 - Galantamina, Composição:Sal Bromidrato, Concentração:16 MG"
17994,Galantamina,315734,"315734 - Galantamina, Composição:Sal Bromidrato, Concentração:24 MG"
17994,Galantamina,276388,"276388 - Galantamina, Composição:Sal Bromidrato, Concentração:8 MG"
17994,Galantamina,399404,"399404 - Galantamina, Composição:Sal Bromidrato, Concentração:12 MG"
17994,Galantamina,399402,"399402 - Galantamina, Composição:Sal Bromidrato, Concentração:4 MG"
17999,Etanercepte,469229,"469229 - Etanercepte, Concentraçao:25 MG, Forma Farmaceutica:Injetável"
17999,Etanercepte,448702,"448702 - Etanercepte, Concentraçao:50 MG/ML, Forma Farmaceutica:Solução Injetável, Características Adicionais:Seringa Preenchida"
17999,Etanercepte,448657,"448657 - Etanercepte, Concentraçao:25 MG, Forma Farmaceutica:Pó Liófilo P/ Injetável + Diluente, Características Adicionais:C/ Conjunto De Aplicação"
18014,Valganciclovir Cloridrato,277184,"277184 - Valganciclovir Cloridrato, Dosagem:450 MG"
18020,Topotecana Cloridrato,321804,"321804 - Topotecana Cloridrato, Dosagem:4 MG, Forma Farmacêutica:Pó Liófilo P/ Injetável"
18022,Fentolamina Mesilato,300407,"300407 - Fentolamina Mesilato, Dosagem:10 MG/ML, Forma Farmacêutica:Solução Injetável"
18022,Fentolamina Mesilato,300409,"300409 - Fentolamina Mesilato, Dosagem:40 MG"
18023,Etodolaco,483772,"483772 - Etodolaco, Concentração:600 MG"
18023,Etodolaco,351481,"351481 - Etodolaco, Concentração:200 MG"
18023,Etodolaco,351480,"351480 - Etodolaco, Concentração:300 MG"
18023,Etodolaco,351479,"351479 - Etodolaco, Concentração:400 MG"
18023,Etodolaco,351478,"351478 - Etodolaco, Concentração:500 MG"
18032,Ergometrina Maleato,277973,"277973 - Ergometrina Maleato, Dosagem:0,2 MG"
18036,Anagrelida Cloridrato,277649,"277649 - Anagrelida Cloridrato, Dosagem:0,5 MG"
17995,Trometamol,602613,"602613 - Trometamol, Composição:Sal Cetorolaco, Concentração:10 MG, Forma Farmacêutica:Granulado Orodispersível"
17995,Trometamol,486301,"486301 - Trometamol, Composição:Sal Fostensavir, Concentração:600 MG, Forma Farmacêutica:Liberação Prolongada"
17995,Trometamol,485261,"485261 - Trometamol, Composição:Sal Cetorolaco, Concentração:0,45%, Forma Farmacêutica:Solução Oftálmica"
17995,Trometamol,449187,"449187 - Trometamol, Composição:Fosfomicina, Concentração:3 G, Forma Farmacêutica:Granulado"
17995,Trometamol,436744,"436744 - Trometamol, Composição:Sal Cetorolaco, Concentração:20 MG/ML, Forma Farmacêutica:Solução Oral Gotas"
17995,Trometamol,420614,"420614 - Trometamol, Composição:Sal Cetorolaco, Concentração:0,4%, Forma Farmacêutica:Solução Oftálmica"
17995,Trometamol,385153,"385153 - Trometamol, Composição:Sal Cetorolaco, Concentração:10mg, Forma Farmacêutica:Sub-Lingual"
17995,Trometamol,306465,"306465 - Trometamol, Composição:Sal Cetorolaco, Concentração:30 Mg/Ml, Forma Farmacêutica:Solução Injetável"
17995,Trometamol,276393,"276393 - Trometamol, Composição:Sal Cetorolaco, Concentração:0,5%, Apresentação:Solução Oftálmica"
18047,Antitrombina Iii Humana,338558,"338558 - Antitrombina Iii Humana, Concentraçao:500 UI, Forma Farmacêutica:Pó Liófilo P/ Injetável, Característica Adicional:C/ Aplicador"
18047,Antitrombina Iii Humana,338557,"338557 - Antitrombina Iii Humana, Concentraçao:1.000 UI, Forma Farmacêutica:Pó Liófilo P/ Injetável, Característica Adicional:C/ Aplicador"
18059,Tetrofosmina,300789,"300789 - Tetrofosmina, Dosagem:0,23 MG, Forma Farmacêutica:Pó Liófilo P/ Injetável"
18062,Nomegestrol,278566,"278566 - Nomegestrol, Composição:Acetato, Concentração:5 MG"
18063,Sorbitol,371998,"371998 - Sorbitol, Concentração:30 MG/ML, Forma Farmacêutica:Solução Estéril P/ Irrigação"
18063,Sorbitol,365454,"365454 - Sorbitol, Composição:Sorbitol 70% + Lauril Sulfato De Sódio, Concentração:714 Mg + 7,70 MG/G, Forma Farmacêutica:Enema"
18076,Ácido Poliacrílico,390441,"390441 - Ácido Poliacrílico, Concentração:3 MG/G, Forma Farmacêutica:Gel Oftálmico"
18076,Ácido Poliacrílico,279338,"279338 - Ácido Poliacrílico, Concentração:2 MG/G, Apresentação:Gel Oftálmico"
18079,Loteprednol,279433,"279433 - Loteprednol, Composição:Sal Etabonato, Concentração:2 MG/ML, Apresentação:Suspensão Oftálmica"
18079,Loteprednol,279432,"279432 - Loteprednol, Composição:Sal Etabonato, Concentração:5 MG/ML, Apresentação:Suspensão Oftálmica"
18086,Desflurano,279766,"279766 - Desflurano, Apresentação:Líquido Inalante"
18092,Bosentana,280116,"280116 - Bosentana, Dosagem:62,5 MG"
18092,Bosentana,280115,"280115 - Bosentana, Dosagem:125 MG"
18093,Pentosano,280193,"280193 - Pentosano, Sal Químico:Polissulfato Sódico, Concentração:100 MG"
18095,Adefovir,280205,"280205 - Adefovir, Composição:Dipivoxil, Concentração:10 MG"
30421,Datopotamabe,637487,"637487 - Datopotamabe, Composição:Deruxtecana, Concentração:100 MG, Forma Farmacêutica:Pó Liofilo Injetável"
18094,Bortezomibe,608121,"608121 - Bortezomibe, Concentração:1,5 MG, Apresentação:Injetável"
18094,Bortezomibe,400486,"400486 - Bortezomibe, Concentração:1 MG, Forma Farmacêutica:Pó Liófilo P/ Injetável"
18094,Bortezomibe,280201,"280201 - Bortezomibe, Concentração:3,5 MG, Apresentação:Injetável"
18123,Solução Cardioplégica,459754,"459754 - Solução Cardioplégica, Tipo:Sanguínea, Manutenção-Reperfusão, Composição:4 Fr Cada, Componentes:1º Ác Cítrico, Glicose, Na3c6h5o7, Kcl, Mgso4, Composição 2º Frasco:2º Glutamato, Aspartato, Composição 3º Frasco:3º Nahco3, Concentração:132 Mg + 441 Mg + 396 Mg + 15-50 Meq + 8 MEQ, Concentração 1:30 Mmol + 30 Mmol + 8-15 MEQ, Características Adicionais:Manipulado"
18123,Solução Cardioplégica,459753,"459753 - Solução Cardioplégica, Tipo:Sanguínea, Indução, Composição:2 Fr Cada, Componentes:1º Ác Cítrico, Glicose, Na3c6h5o7, Kcl, Mgso4, Composição 2º Frasco:2º Glutamato, Aspartato, Composição 3º Frasco:3º Nahco3, Composição 4º Frasco:4º Papaverina, Concentração:132 Mg + 441 Mg + 396 Mg + 15-50 Meq + 8 MEQ, Concentração 1:30 Mmol + 30 Mmol + 8-15 Meq + 4 MG/ML, Características Adicionais:Manipulado"
18123,Solução Cardioplégica,459688,"459688 - Solução Cardioplégica, Tipo:Sanguínea, Composição:Conjunto Completo, Componentes:1º Ác Cítrico, Glicose, Na3c6h5o7, Kcl, Mgso4, Composição 2º Frasco:2º Glutamato, Aspartato, Composição 3º Frasco:3º Nahco3, Composição 4º Frasco:4º Papaverina, Concentração:132 Mg + 441 Mg + 396 Mg + 15-50 Meq + 8 MEQ, Concentração 1:30 Mmol + 30 Mmol + 8-15 Meq + 4 MG/ML, Características Adicionais:Manipulado"
18123,Solução Cardioplégica,449575,"449575 - Solução Cardioplégica, Tipo:Cristaloide, St Thomas Ii, Componentes:Nacl, Kcl, Mgcl, Cacl, Nahco3, Concentração:110 Meq/L + 16 Meq/L + 32 Meq/L + 2,4 Meq/L + 10 MEQ/L, Características Adicionais:Formulação Especialmente Manipulada"
18123,Solução Cardioplégica,449576,"449576 - Solução Cardioplégica, Tipo:Sanguínea, Composição:3 Fr 40 Ml, Componentes:1º Ác Cítrico, Dextrose, Na3c6h5o7, Kcl, Mgso4, Composição 2º Frasco:2º Glutamato, Aspartato, Composição 3º Frasco:3º Nahco3, Composição 4º Frasco:4º Papaverina, Concentração:132 Mg + 441 Mg + 396 Mg + 15-50 Meq + 8 MEQ, Concentração 1:30 Mmol + 30 Mmol + 8-15 Meq + 4 MG/ML, Características Adicionais:Manipulado"
18134,Tecnécio,281526,"281526 - Tecnécio, Nome:Tecnecio 99m Tc - Sestamibi, Composição:Mistura P/ Preparação De Injeção, Apresentação:Liofilizada, Estéril, Apirogênica, Componentes:Tetrafluoroborato De Cobre(1) Tetracis (2-Metroxi-, Componente:Isobutil-Isonitrila) 1mg , Citrato De Sódio 2,6mg, Outros Componentes:Hidrocloreto De L-Cisteína 1mg, Manitol 20mg, Componentes Adicionais:Cloreto Estanoso- Mínimo De 0,025mg/Máximo 0,086mg"
18185,Gefitinibe,282040,"282040 - Gefitinibe, Concentração:250 MG"
18191,Exemestano,282151,"282151 - Exemestano, Concentração:25 MG"
18192,Tiotrópio Brometo,466366,"466366 - Tiotrópio Brometo, Composição:Associado Ao Olodaterol, Concentração:2,5 Mcg/Dose + 2,5 Mcg/Dose, Forma Farmacêutica:Solução P/ Inalação, Característica Adicional:Com Inalador"
18192,Tiotrópio Brometo,383660,"383660 - Tiotrópio Brometo, Composição:Sal Brometo, Concentração:2,5 Mcg/Dose, Forma Farmacêutica:Solução P/ Inalação, Característica Adicional:Com Inalador"
18192,Tiotrópio Brometo,342526,"342526 - Tiotrópio Brometo, Concentração:18 MCG, Forma Farmacêutica:Cápsula Pó P/ Inalação"
18192,Tiotrópio Brometo,282152,"282152 - Tiotrópio Brometo, Concentração:18 MCG, Apresentação:Cápsula Pó P/ Inalação, Com Inalador"
18213,Solução Salina Balanceada,394675,"394675 - Solução Salina Balanceada, Forma Farmacêutica:Solução Injetável Intra-Ocular, Características Adicionais:Em Sistema Fechado"
18221,Oxitetraciclina,282830,"282830 - Oxitetraciclina, Composição:Associada Com Hidrocortisona, Concentração:30mg + 10mg /G, Apresentação:Pomada"
18223,Óleo Vegetal Composto,282827,"282827 - Óleo Vegetal Composto, Composição:Ácido Erúcico + Ácido Oleico, Concentração:Na Proporção De 4:1, Tipo Uso:Uso Oral"
18226,Rosuvastatina,423916,"423916 - Rosuvastatina, Composição:Cálcica, Concentração:5 MG"
18226,Rosuvastatina,388392,"388392 - Rosuvastatina, Composição:Cálcica, Concentração:40 MG"
18226,Rosuvastatina,282882,"282882 - Rosuvastatina, Composição:Cálcica, Concentração:20 MG"
18226,Rosuvastatina,282881,"282881 - Rosuvastatina, Composição:Cálcica, Concentração:10 MG"
18239,Carvão Ativado,477319,"477319 - Carvão Ativado, Forma Farmacêutica:Em Pó, Características Adicionais:Formulação Especialmente Manipulada"
18239,Carvão Ativado,466302,"466302 - Carvão Ativado, Concentração:40 MG/ML, Forma Farmacêutica:Suspensão Injetável, Características Adicionais:Formulação Especialmente Manipulada"
18239,Carvão Ativado,446251,"446251 - Carvão Ativado, Forma Farmacêutica:Em Pó"
18239,Carvão Ativado,434505,"434505 - Carvão Ativado, Concentração:250 MG"
18239,Carvão Ativado,283061,"283061 - Carvão Ativado, Composição:Associado Com Levedo De Cerveja, Concentração:250mg + 250mg, Apresentação:Fórmula Especial Manipulada"
18216,Hidróxido De Magnésio,604747,"604747 - Hidróxido De Magnésio, Composição:Associado Ao Hidróxido De Alumínio E Simeticona, Concentraçao:200 Mg + 153 Mg + 25 MG, Forma Farmaceutica:Comprimido Mastigável"
18216,Hidróxido De Magnésio,431311,"431311 - Hidróxido De Magnésio, Composição:Associado Ao Hidróxido De Alumínio E Simeticona, Concentraçao:40 Mg + 37 Mg + 5 MG/ML, Forma Farmaceutica:Suspensão Oral"
18216,Hidróxido De Magnésio,397872,"397872 - Hidróxido De Magnésio, Concentraçao:85,5 MG/ML, Forma Farmaceutica:Suspensão Oral"
18216,Hidróxido De Magnésio,397871,"397871 - Hidróxido De Magnésio, Concentraçao:330 MG"
18216,Hidróxido De Magnésio,282714,"282714 - Hidróxido De Magnésio, Concentração:80 MG/ML, Apresentação:Suspensão Oral"
18233,Radiofármaco - Reagente,619994,"619994 - Radiofármaco - Reagente, Nome:99mtc, Composição:Pirofosfato Tetrassódico Decaidratado 20,12 Mg, Forma Farmacêutica:Liofilizado, Estéril, Apirogênico"
18233,Radiofármaco - Reagente,451487,"451487 - Radiofármaco - Reagente, Nome:99mtc - Edda, Composição:Hidrazinonicotinamida-Tyr3-Octreotídeo (Hynic-Toc), Componentes Adicionais:Cloreto Estanoso, Tricina, Manitol E Ác. Ascórbico, Forma Farmacêutica:Liofilizado, Estéril, Apirogênico, Características Adicionais:C/ Diluente Tampão"
18233,Radiofármaco - Reagente,417106,"417106 - Radiofármaco - Reagente, Nome:99mtc - Trodat-1, Composição:Sob Atmosfera De Nitrogênio, Forma Farmacêutica:Liofilizado, Estéril, Apirogênico"
18233,Radiofármaco - Reagente,410713,"410713 - Radiofármaco - Reagente, Nome:99mtc - Mibi (Tetrafluorborato De Sódio (I), Composição:Tetracis(2-Metoxi-Isobutil-Isonitrila), Manitol, Componentes Adicionais:Cloreto Estanoso, Citrato Sódio,Clorid. Cisteína, Concentração Radioisótopo:1mg + 20mg + 0,1mg + 5mg + 1 MG, Forma Farmacêutica:Conjunto 05 Frascos C/ Componentes Liofilizados"
18233,Radiofármaco - Reagente,339592,"339592 - Radiofármaco - Reagente, Nome:99mtc - Mdp, Composição:Metilenodifosfonato De Sódio 5 Mg, Sncl2.2h2o 1 Mg, Componentes Adicionais:Ác.Ascórbico 0,1 Mg, Pirofosf.Sódio Decahidratado, Concentração Radioisótopo:20 MG, Forma Farmacêutica:Liofilizado, Estéril, Apirogênico"
18233,Radiofármaco - Reagente,339591,"339591 - Radiofármaco - Reagente, Nome:99mtc - Ec, Composição:L-Etilenodicisteína 0,5 Mg, Sncl2.2h2o  0,3mg, Componentes Adicionais:Fosf.Sódio:Dibásico 10mg,Tribásico Dodecahidratado, Concentração Radioisótopo:0,3 MG, Forma Farmacêutica:Liofilizado, Estéril, Apirogênico, Características Adicionais:C/ Diluente Tampão"
18233,Radiofármaco - Reagente,339587,"339587 - Radiofármaco - Reagente, Nome:99mtc - Dtpa, Composição:Ácido Dietilenotriaminopentacético 10mg, Componentes Adicionais:Sncl2.2h2o 1 Mg E Paba (Ác. Paraminobenzóico) 2 Mg, Forma Farmacêutica:Liofilizado, Estéril, Apirogênico"
18233,Radiofármaco - Reagente,339586,"339586 - Radiofármaco - Reagente, Nome:99mtc - Dmsa, Composição:Ácido Dimercaptosuccínico 1mg, Componentes Adicionais:Ác. Ascórbico 0,7 Mg, Inositol 50 Mg, Sncl2.2h2o, Concentração Radioisótopo:0,44 MG, Forma Farmacêutica:Liofilizado, Estéril, Apirogênico"
18233,Radiofármaco - Reagente,339576,"339576 - Radiofármaco - Reagente, Nome:99mtc - Ecd, Composição:Etilenodicisteina Dietil Éster 1mg, Componentes Adicionais:Sncl2.2h2o 0,125 Mg + Manitol 24 Mg + Edta, Concentração Radioisótopo:0,36 MG, Forma Farmacêutica:Liofilizado, Estéril, Apirogênico, Características Adicionais:C/ Diluente Tampão"
18233,Radiofármaco - Reagente,339575,"339575 - Radiofármaco - Reagente, Nome:99mtc - Maa, Composição:Macroagregado De Soro Albumina Humano 2,2 Mg, Componentes Adicionais:Ác.Ascórbico 4,6mg, Glicose 18,7mg, Nacl 8,1g, Concentração Radioisótopo:Acetato De Sódio 22mg E Sncl2. 2h2o  0,22 MG, Forma Farmacêutica:Liofilizado, Estéril, Apirogênico"
18233,Radiofármaco - Reagente,283047,"283047 - Radiofármaco - Reagente, Nome:99mtc - Fitato, Composição:Fitato De Sódio 20mg, Componentes Adicionais:Sncl2.2h2o, Concentração Radioisótopo:1 MG, Apresentação:Liofilizado, Estéril, Apirógeno"
18233,Radiofármaco - Reagente,283042,"283042 - Radiofármaco - Reagente, Nome:99mtc - Ecd, Composição:Etilenodicisteina Dietil Éster 1mg, Componentes Adicionais:Sncl2.2h2o, Concentração Radioisótopo:0,41 MG, Apresentação:Liofilizado, Estéril, Apirógeno"
18233,Radiofármaco - Reagente,283040,"283040 - Radiofármaco - Reagente, Nome:99mtc - Maa, Composição:Soro Albumina Humana Desnaturada 2,2mg, Componentes Adicionais:Sncl2.2h2o, Concentração Radioisótopo:22 MCG, Apresentação:Liofilizado, Estéril, Apirógeno"
18233,Radiofármaco - Reagente,283039,"283039 - Radiofármaco - Reagente, Nome:99mtc - Estanho Coloidal, Composição:Fluoreto De Estanho 0,125mg, Fluoreo De Sódio 1mg, Componentes Adicionais:Pvp-40, Concentração Radioisótopo:0,5 MG, Apresentação:Liofilizado, Estéril, Apirógeno"
18233,Radiofármaco - Reagente,283038,"283038 - Radiofármaco - Reagente, Nome:99mtc - Dextran 70, Composição:Dextran-70  50mg, Componentes Adicionais:Sncl2.2h2o, Concentração Radioisótopo:0,75 MG, Apresentação:Liofilizado, Estéril, Apirógeno"
18233,Radiofármaco - Reagente,283037,"283037 - Radiofármaco - Reagente, Nome:99mtc - Dextran 500, Composição:Dextran-500  100mg, Componentes Adicionais:Sncl2.2h2o, Concentração Radioisótopo:1,5 MG, Apresentação:Liofilizado, Estéril, Apirógeno"
18233,Radiofármaco - Reagente,283036,"283036 - Radiofármaco - Reagente, Nome:99mtc - Sah, Composição:Soro Albumina Humano 10mg, Componentes Adicionais:Sncl2.2h2o, Concentração Radioisótopo:0,04 MG, Apresentação:Liofilizado, Estéril, Apirógeno"
18233,Radiofármaco - Reagente,283025,"283025 - Radiofármaco - Reagente, Nome:99mtc - Pirofosfato De Sódio, Composição:Pirofosfato De Sódio 10mg, Componentes Adicionais:Sncl2.2h2o, Concentração Radioisótopo:2 MG, Apresentação:Liofilizado, Estéril, Apirógeno"
18233,Radiofármaco - Reagente,283001,"283001 - Radiofármaco - Reagente, Nome:99mtc - Disida, Composição:Ácido Diidopropiliminodiacético 20mg, Componentes Adicionais:Sncl2.2h2o, Concentração Radioisótopo:0,5 MG, Apresentação:Liofilizado, Estéril, Apirógeno"
18233,Radiofármaco - Reagente,283000,"283000 - Radiofármaco - Reagente, Nome:99mtc - Gha, Composição:Glucoheptonato De Cálcio 100mg, Componentes Adicionais:Ascorbato Estanoso, Concentração Radioisótopo:2 MG, Apresentação:Liofilizado, Estéril, Apirógeno"
18233,Radiofármaco - Reagente,282999,"282999 - Radiofármaco - Reagente, Nome:99mtc - Dmsa, Composição:Ácido Dimercaptosuccínico 1mg, Componentes Adicionais:Sncl2.2h2o, Concentração Radioisótopo:0,41 MG, Apresentação:Liofilizado, Estéril, Apirógeno"
18233,Radiofármaco - Reagente,282998,"282998 - Radiofármaco - Reagente, Nome:99mtc - Dtpa, Composição:Ácido Dietilenotriaminopentacético 10mg, Componentes Adicionais:Sncl2.2h2o, Concentração Radioisótopo:1 MG, Apresentação:Liofilizado, Estéril, Apirógeno"
18233,Radiofármaco - Reagente,420483,"420483 - Radiofármaco - Reagente, Nome:99mtc - Besilesomabe, Composição:Sob Atmosfera De Nitrogênio, Forma Farmacêutica:Liofilizado, Estéril, Apirogênico"
18233,Radiofármaco - Reagente,383343,"383343 - Radiofármaco - Reagente, Nome:99mtc - Enxofre Coloidal, Concentração Radioisótopo:2 MG, Forma Farmacêutica:Liofilizado, Estéril, Apirogênico"
18275,Benzbromarona,284109,"284109 - Benzbromarona, Concentração:100 MG"
18279,Clobetasol,284461,"284461 - Clobetasol, Princípio Ativo:Sal Propionato, Concentração:0,05%, Apresentação:Solução Capilar"
18279,Clobetasol,284460,"284460 - Clobetasol, Princípio Ativo:Sal Propionato, Concentração:0,05%, Apresentação:Solução Tópica"
18279,Clobetasol,284459,"284459 - Clobetasol, Princípio Ativo:Sal Propionato, Concentração:0,05%, Apresentação:Pomada"
18279,Clobetasol,284458,"284458 - Clobetasol, Princípio Ativo:Sal Propionato, Concentração:0,05%, Apresentação:Creme"
18279,Clobetasol,410293,"410293 - Clobetasol, Princípio Ativo:Sal Propionato, Concentração:0,05%, Forma Farmacêutica:Xampú"
18283,Dolasetrona Mesilato,285080,"285080 - Dolasetrona Mesilato, Concentração:200 MG"
18283,Dolasetrona Mesilato,285079,"285079 - Dolasetrona Mesilato, Concentração:100 MG"
18283,Dolasetrona Mesilato,285078,"285078 - Dolasetrona Mesilato, Concentração:50 MG"
18283,Dolasetrona Mesilato,285074,"285074 - Dolasetrona Mesilato, Concentração:20 MG/ML, Apresentação:Solução Injetável"
18284,Tansulosina,396211,"396211 - Tansulosina, Concentração:0,4 MG"
18284,Tansulosina,285081,"285081 - Tansulosina, Concentração:0,4 MG, Apresentação:Liberação Prolongada"
18290,Sebelipase,437162,"437162 - Sebelipase, Composição:Alfa, Concentração:2 MG/ML, Forma Farmacêutica:Solução Injetável"
18302,Ezetimiba,485128,"485128 - Ezetimiba, Composição:Associado À Rosuvastatina, Concentração:10 Mg + 5 MG"
18302,Ezetimiba,485127,"485127 - Ezetimiba, Composição:Associado À Rosuvastatina, Concentração:10mg + 10 MG"
18302,Ezetimiba,480413,"480413 - Ezetimiba, Composição:Associado À Rosuvastatina, Concentração:10 Mg + 40 MG"
18302,Ezetimiba,477128,"477128 - Ezetimiba, Composição:Associado À Rosuvastatina, Concentração:10mg + 20 MG"
18302,Ezetimiba,285690,"285690 - Ezetimiba, Composição:Associado À Sinvastatina, Concentração:10mg + 80 MG"
18302,Ezetimiba,285689,"285689 - Ezetimiba, Composição:Associado À Sinvastatina, Concentração:10mg + 40 MG"
18302,Ezetimiba,285688,"285688 - Ezetimiba, Composição:Associado À Sinvastatina, Concentração:10mg + 20 MG"
18302,Ezetimiba,285687,"285687 - Ezetimiba, Composição:Associado À Sinvastatina, Concentração:10mg + 10 MG"
18302,Ezetimiba,285686,"285686 - Ezetimiba, Concentração:10 MG"
18310,Pimetixeno,395156,"395156 - Pimetixeno, Concentração:0,1 MG/ML, Forma Farmacêutica:Xarope"
18310,Pimetixeno,319890,"319890 - Pimetixeno, Composição:Associada À Proxifilina + Cloreto De Amônio, Concentração:0,1 Mg + 2,5 Mg + 20 MG/ML, Forma Farmacêutica:Xarope"
18310,Pimetixeno,285963,"285963 - Pimetixeno, Concentração:1 MG/ML, Apresentação:Solução Oral/Gotas"
18272,Aripiprazol,618985,"618985 - Aripiprazol, Concentração:5 MG, Adicional:Formulação Especialmente Manipulada"
18272,Aripiprazol,476830,"476830 - Aripiprazol, Concentração:20 MG/ML, Forma Farmacêutica:Suspensão Oral - Gotas"
18272,Aripiprazol,472780,"472780 - Aripiprazol, Concentração:1 MG/ML, Forma Farmacêutica:Suspensão Oral"
18272,Aripiprazol,364781,"364781 - Aripiprazol, Concentração:20 MG"
18272,Aripiprazol,364780,"364780 - Aripiprazol, Concentração:10 MG"
18272,Aripiprazol,286278,"286278 - Aripiprazol, Concentração:30 MG"
18272,Aripiprazol,284101,"284101 - Aripiprazol, Concentração:15 MG"
18311,Levetiracetam,615827,"615827 - Levetiracetam, Concentração:100 MG/ML, Forma Farmacêutica:Solução P/ Diluição P/ Infusão"
18311,Levetiracetam,602516,"602516 - Levetiracetam, Concentração:500 MG, Adicionais:Liberação Prolongada"
18311,Levetiracetam,602515,"602515 - Levetiracetam, Concentração:750 MG, Adicionais:Liberação Prolongada"
18311,Levetiracetam,437284,"437284 - Levetiracetam, Concentração:750 MG"
18311,Levetiracetam,429678,"429678 - Levetiracetam, Concentração:1 G"
18311,Levetiracetam,352933,"352933 - Levetiracetam, Concentração:100 MG/ML, Forma Farmacêutica:Solução Oral"
18311,Levetiracetam,285966,"285966 - Levetiracetam, Concentração:500 MG"
18311,Levetiracetam,285965,"285965 - Levetiracetam, Concentração:250 MG"
18323,Oprelvecina,286526,"286526 - Oprelvecina, Dosagem:5 MG, Uso:Injetável"
18325,Reboxetina,286633,"286633 - Reboxetina, Dosagem:4 MG"
18338,Framicetina Sulfato,393947,"393947 - Framicetina Sulfato, Composição:Associada Com Prednisolona, Gramicidina, Outros Componentes:Amilocaína Cloridrato E Procaína Cloridrato, Concentração:5mg + 0,2mg + 0,4mg + 0,2 Mg + 0,6mg"
18338,Framicetina Sulfato,393948,"393948 - Framicetina Sulfato, Composição:Associada Com Prednisolona, Gramicidina, Outros Componentes:Amilocaína Cloridrato E Procaína Cloridrato, Concentração:10mg + 0,2mg + 0,05mg + 0,4mg + 1,2mg/Ml, Forma Farmacêutica:Spray Oral"
18349,Ácido Pipemídico,288299,"288299 - Ácido Pipemídico, Concentração:400 MG"
18388,Ebastina,290675,"290675 - Ebastina, Composição:Associado Com Pseudoefedrina, Concentração:10 Mg + 120 MG"
18388,Ebastina,290674,"290674 - Ebastina, Concentração:1 MG/ML, Apresentação:Solução Oral"
18388,Ebastina,290673,"290673 - Ebastina, Concentração:10 MG"
18377,Adalimumabe,636457,"636457 - Adalimumabe, Concentração:50 MG/ML, Forma Farmacêutica:Solução Injetável, Características Adicionais:Seringa Preenchida"
18377,Adalimumabe,290058,"290058 - Adalimumabe, Concentração:40 MG, Apresentação:Solução Injetável"
18441,Diacereína,291802,"291802 - Diacereína, Concentração:50 MG"
18443,Nitrato De Prata,465080,"465080 - Nitrato De Prata, Concentraçao:200 MG/ML, Forma Farmaceutica:Solução Tópica, Característica Adicional*:Formulação Especialmente Manipulada"
18443,Nitrato De Prata,465079,"465079 - Nitrato De Prata, Concentraçao:300 MG/ML, Forma Farmaceutica:Solução Tópica, Característica Adicional*:Formulação Especialmente Manipulada"
18443,Nitrato De Prata,465078,"465078 - Nitrato De Prata, Concentraçao:400 MG/ML, Forma Farmaceutica:Solução Tópica, Característica Adicional*:Formulação Especialmente Manipulada"
18443,Nitrato De Prata,465077,"465077 - Nitrato De Prata, Concentraçao:500 MG/ML, Forma Farmaceutica:Solução Tópica, Característica Adicional*:Formulação Especialmente Manipulada"
18443,Nitrato De Prata,420910,"420910 - Nitrato De Prata, Concentraçao:100 MG/ML, Forma Farmaceutica:Solução Tópica, Característica Adicional*:Formulação Especialmente Manipulada"
18443,Nitrato De Prata,420858,"420858 - Nitrato De Prata, Concentraçao:20 MG/ML, Forma Farmaceutica:Solução Tópica, Característica Adicional*:Formulação Especialmente Manipulada"
18443,Nitrato De Prata,349666,"349666 - Nitrato De Prata, Concentraçao:5 G, Forma Farmaceutica:Bastão"
18443,Nitrato De Prata,323964,"323964 - Nitrato De Prata, Concentração:30 MG/ML, Forma Farmacêutica:Solução Tópica, Característica Adicional:Medicamento Especialmente Manipulado"
18443,Nitrato De Prata,291951,"291951 - Nitrato De Prata, Concentração:10 MG/ML, Forma Farmacêutica:Solução Oftálmica"
18446,Mesalazina,604259,"604259 - Mesalazina, Concentração:800 MG, Forma Farmacêutica:Liberação Prolongada"
18446,Mesalazina,448860,"448860 - Mesalazina, Concentração:1200 MG, Forma Farmacêutica:Liberação Prolongada"
18446,Mesalazina,448859,"448859 - Mesalazina, Concentração:500 MG, Forma Farmacêutica:Liberação Prolongada"
18446,Mesalazina,448756,"448756 - Mesalazina, Concentração:3 G, Forma Farmacêutica:Pó P/ Enema + Diluente"
18446,Mesalazina,448755,"448755 - Mesalazina, Concentração:10 MG/ML, Forma Farmacêutica:Enema Retal"
18446,Mesalazina,436889,"436889 - Mesalazina, Concentração:1 G, Forma Farmacêutica:Grânulo Uso Oral, Liberação Prolongada"
18446,Mesalazina,434560,"434560 - Mesalazina, Concentração:2 G, Forma Farmacêutica:Grânulo Uso Oral, Liberação Prolongada"
18446,Mesalazina,352414,"352414 - Mesalazina, Concentração:500 MG, Forma Farmacêutica:Uso Retal"
18446,Mesalazina,292240,"292240 - Mesalazina, Concentração:1 G, Forma Farmacêutica:Uso Retal"
18446,Mesalazina,292239,"292239 - Mesalazina, Concentração:250 MG, Forma Farmacêutica:Uso Retal"
18446,Mesalazina,292238,"292238 - Mesalazina, Concentração:800 MG"
18446,Mesalazina,292237,"292237 - Mesalazina, Concentração:400 MG"
18446,Mesalazina,292236,"292236 - Mesalazina, Concentração:500 MG"
18456,Tetrizolina Cloridrato,396697,"396697 - Tetrizolina Cloridrato, Composição:Associada Com Sulfato De Zinco, Concentração:0,5 Mg + 1 MG/ML, Forma Farmacêutica:Solução Oftálmica"
18464,Dalfopristina,293656,"293656 - Dalfopristina, Apresentação:Associada A Quinupristina, Dosagem:350mg + 150mg, Tipo Uso:Injetável"
18471,Tolterodina Tartarato,328992,"328992 - Tolterodina Tartarato, Concentração:4 MG, Forma Farmacêutica:Ação Prolongada"
18471,Tolterodina Tartarato,328991,"328991 - Tolterodina Tartarato, Concentração:2 MG, Forma Farmacêutica:Ação Prolongada"
18471,Tolterodina Tartarato,293880,"293880 - Tolterodina Tartarato, Concentração:2 MG"
18471,Tolterodina Tartarato,293879,"293879 - Tolterodina Tartarato, Concentração:1 MG"
18474,Macrogol,626157,"626157 - Macrogol, Princípio Ativo:Macrogol 4000, Concentração:500 MG/ML, Forma Farmacêutica:Solução Oral"
18474,Macrogol,616931,"616931 - Macrogol, Princípio Ativo:Macrogol 3350, Concentração:17 G, Forma Farmacêutica:Pó Para Solução Oral"
18474,Macrogol,602809,"602809 - Macrogol, Princípio Ativo:Macrogol 3350, Concentração:8,5 MG, Forma Farmacêutica:Pó Para Preparação Extemporânea"
18474,Macrogol,482240,"482240 - Macrogol, Composição:Associado Ao Propilenoglicol E Hidroxipropilguar, Concentração:4 Mg/Ml + 3 Mg/Ml + 1,8 MG/ML, Forma Farmacêutica:Solução Oftálmica"
18474,Macrogol,293981,"293981 - Macrogol, Princípio Ativo:Macrogol 3350, Composição:Bicarbonato De Sódio, Cloretos De Sódio E Potássio, Concentração:13,125 G + 177,5 Mg + 46,6 Mg + 350,7 MG, Forma Farmacêutica:Pó Para Preparação Extemporânea"
18455,Extrato Medicinal,631360,"631360 - Extrato Medicinal, Princípio Ativo:Camellia Sinensis, Composição:Chá Verde, Concentração:500 MG"
18455,Extrato Medicinal,630209,"630209 - Extrato Medicinal, Princípio Ativo:Própolis, Forma Farmacêutica:Gel"
18455,Extrato Medicinal,624668,"624668 - Extrato Medicinal, Princípio Ativo:Própolis, Concentração:50 MG/G, Forma Farmacêutica:Creme, Característica Adicional:Formulação Especialmente Manipulada"
18455,Extrato Medicinal,624333,"624333 - Extrato Medicinal, Princípio Ativo:Silybum Marianum (L.) Gaerth, Concentração:300 MG"
18455,Extrato Medicinal,619949,"619949 - Extrato Medicinal, Princípio Ativo:Própolis, Concentração:100 MG/G, Forma Farmacêutica:Creme, Característica Adicional:Formulação Especialmente Manipulada"
18455,Extrato Medicinal,619866,"619866 - Extrato Medicinal, Composição:Symphytum Officinale L., Concentração:350 MG/G, Forma Farmacêutica:Creme"
18455,Extrato Medicinal,619458,"619458 - Extrato Medicinal, Princípio Ativo:Arnica (Arnica Montana L.), Composição:E Associações, Forma Farmacêutica:Solução Injetável"
18455,Extrato Medicinal,618516,"618516 - Extrato Medicinal, Princípio Ativo:Extrato Seco De Senna Alexandrina, Composição:Associado Com Cassia Fistula, Concentração 1:29,268 Mg + 23,4 MG"
18455,Extrato Medicinal,615356,"615356 - Extrato Medicinal, Composição:Salix Alba L., Concentração:40 MG/ML, Forma Farmacêutica:Solução Oral"
18455,Extrato Medicinal,615178,"615178 - Extrato Medicinal, Princípio Ativo:Actaea Racemosa L., Concentração:160 MG"
18455,Extrato Medicinal,612419,"612419 - Extrato Medicinal, Princípio Ativo:Passiflora Incarnata, Concentração:30 MG/ML, Forma Farmacêutica:Solução Oral"
18455,Extrato Medicinal,611992,"611992 - Extrato Medicinal, Princípio Ativo:Passiflora Incarnata, Concentração:150 MG/ML, Forma Farmacêutica:Solução Oral - Gotas"
18455,Extrato Medicinal,611991,"611991 - Extrato Medicinal, Princípio Ativo:Passiflora Incarnata, Concentração 1:1000 MG"
18455,Extrato Medicinal,611990,"611990 - Extrato Medicinal, Princípio Ativo:Passiflora Incarnata, Concentração 1:500 MG"
18455,Extrato Medicinal,611989,"611989 - Extrato Medicinal, Princípio Ativo:Passiflora Incarnata, Concentração 1:320 MG"
18455,Extrato Medicinal,611987,"611987 - Extrato Medicinal, Princípio Ativo:Passiflora Incarnata, Concentração 1:210 MG"
18455,Extrato Medicinal,611986,"611986 - Extrato Medicinal, Princípio Ativo:Passiflora Incarnata, Concentração 1:315 MG"
18455,Extrato Medicinal,611985,"611985 - Extrato Medicinal, Princípio Ativo:Passiflora Incarnata, Concentração 1:37,84 MG/ML, Forma Farmacêutica:Solução Oral"
18455,Extrato Medicinal,611984,"611984 - Extrato Medicinal, Princípio Ativo:Passiflora Incarnata, Concentração:900 MG"
18455,Extrato Medicinal,609002,"609002 - Extrato Medicinal, Princípio Ativo:Extrato Seco De Senna Alexandrina, Composição:Associado Com Cassia Fistula, Concentração 1:5,8 Mg/G + 3,9 MG/G, Forma Farmacêutica:Geleia"
18455,Extrato Medicinal,609001,"609001 - Extrato Medicinal, Composição:Harpagophytum Procumbens Dc, Concentração:30 MG, Característica Adicional:Formulação Especialmente Manipulada"
18455,Extrato Medicinal,607657,"607657 - Extrato Medicinal, Princípio Ativo:Extrato Mole De Petasites Hybridus, Concentração:50 MG"
18455,Extrato Medicinal,606825,"606825 - Extrato Medicinal, Composição:Extrato Seco De Valeriana Officinalis, Concentração:160 MG"
18455,Extrato Medicinal,606822,"606822 - Extrato Medicinal, Composição:Extrato Seco De Valeriana Officinalis, Concentração:80 MG"
18455,Extrato Medicinal,606821,"606821 - Extrato Medicinal, Composição:Extrato Seco De Valeriana Officinalis, Concentração:250 MG"
18455,Extrato Medicinal,606820,"606820 - Extrato Medicinal, Composição:Extrato Seco De Valeriana Officinalis, Concentração:40 MG"
18455,Extrato Medicinal,606819,"606819 - Extrato Medicinal, Composição:Extrato Seco De Valeriana Officinalis, Concentração 1:215 MG"
18455,Extrato Medicinal,606818,"606818 - Extrato Medicinal, Princípio Ativo:Hera Sempre-Verde, Composição:Extrato Seco De Hedera Helix, Concentração 1:7,5 MG/ML, Forma Farmacêutica:Xarope"
18455,Extrato Medicinal,606644,"606644 - Extrato Medicinal, Composição:Extrato Seco De Valeriana Officinalis, Concentração:100 MG"
18455,Extrato Medicinal,605415,"605415 - Extrato Medicinal, Composição:Própolis, Mel, Menta E Gengibre, Forma Farmacêutica:Pastilha"
18455,Extrato Medicinal,604888,"604888 - Extrato Medicinal, Princípio Ativo:Silybum Marianum (L.) Gaertn, Concentração:12,8 MG/ML, Forma Farmacêutica:Suspensão Oral"
18455,Extrato Medicinal,604887,"604887 - Extrato Medicinal, Princípio Ativo:Silybum Marianum (L.) Gaertn, Concentração:180 MG"
18455,Extrato Medicinal,604886,"604886 - Extrato Medicinal, Princípio Ativo:Silybum Marianum (L.) Gaertn, Concentração:90 MG"
18455,Extrato Medicinal,604885,"604885 - Extrato Medicinal, Princípio Ativo:Silybum Marianum (L.) Gaertn, Concentração:17,138 MG/ML, Forma Farmacêutica:Suspensão Oral"
18455,Extrato Medicinal,604860,"604860 - Extrato Medicinal, Princípio Ativo:Silybum Marianum (L.) Gaertn, Concentração:120 MG"
18455,Extrato Medicinal,604859,"604859 - Extrato Medicinal, Princípio Ativo:Silybum Marianum (L.) Gaertn, Composição:Associado À Racemetionina, Concentração:140 Mg + 100 MG"
18455,Extrato Medicinal,604764,"604764 - Extrato Medicinal, Princípio Ativo:Silybum Marianum (L.) Gaertn, Composição:Associado À Racemetionina, Concentração:70 Mg + 100 MG"
18455,Extrato Medicinal,604745,"604745 - Extrato Medicinal, Composição:Extrato Seco De Hedera Helix, Concentração:15 MG/ML, Forma Farmacêutica:Xarope"
18455,Extrato Medicinal,604236,"604236 - Extrato Medicinal, Composição:Harpagophytum Procumbens Dc, Concentração:150 MG, Adicional:Liberação Controlada"
18455,Extrato Medicinal,603585,"603585 - Extrato Medicinal, Princípio Ativo:Vitex Agnus-Castus L., Concentração:40 MG"
18455,Extrato Medicinal,603326,"603326 - Extrato Medicinal, Princípio Ativo:Zingiber Officinale Roscoe, Concentração:160 MG"
18455,Extrato Medicinal,602672,"602672 - Extrato Medicinal, Composição:Uncaria Tomentosa Dc., Concentração:200 MG, Característica Adicional:Formulação Especialmente Manipulada"
18455,Extrato Medicinal,602614,"602614 - Extrato Medicinal, Princípio Ativo:Cranberry (Vaccinium Macrocarpon), Concentração:200 MG"
18455,Extrato Medicinal,602612,"602612 - Extrato Medicinal, Princípio Ativo:Ginseng (Panax Ginseng), Concentração:500 MG"
18455,Extrato Medicinal,602610,"602610 - Extrato Medicinal, Princípio Ativo:Castanha Da Índia (Aesculus Hippocastanum L.), Concentração:170 MG"
18455,Extrato Medicinal,602542,"602542 - Extrato Medicinal, Princípio Ativo:Matricaria Chamomilla L., Glycyrhiza Glabra L., Composição:Vits: C, D, Concentração:25 Mg + 5 Mg + 25 Mg + 150 UI, Forma Farmacêutica:Cápsula Uso Bucal"
18455,Extrato Medicinal,601749,"601749 - Extrato Medicinal, Princípio Ativo:Arnica Montana L., Composição:E Associações, Forma Farmacêutica:Comprimido Sublingual"
18455,Extrato Medicinal,601472,"601472 - Extrato Medicinal, Princípio Ativo:Arnica Montana L., Composição:E Associações, Forma Farmacêutica:Gel"
18455,Extrato Medicinal,600567,"600567 - Extrato Medicinal, Composição:Salix Alba, Concentrações:200 MG"
18455,Extrato Medicinal,486458,"486458 - Extrato Medicinal, Princípio Ativo:Aloe Vera (L.), Concentração:30%, Forma Farmacêutica:Gel, Característica Adicional:Formulação Especialmente Manipulada"
18455,Extrato Medicinal,486457,"486457 - Extrato Medicinal, Princípio Ativo:Rhamnus Purshiana Dc., Concentração:200 MG"
18455,Extrato Medicinal,486456,"486456 - Extrato Medicinal, Princípio Ativo:Glycine Max (L.) Merril, Concentração:80 MG, Característica Adicional:Formulação Especialmente Manipulada"
18455,Extrato Medicinal,485970,"485970 - Extrato Medicinal, Princípio Ativo:Castanha Da Índia (Aesculus Hippocastanum L.), Concentração:150 MG, Característica Adicional:Formulação Especialmente Manipulada"
18455,Extrato Medicinal,485402,"485402 - Extrato Medicinal, Princípio Ativo:Echinacea Purpurea Moench, Concentração:250 MG"
18455,Extrato Medicinal,485401,"485401 - Extrato Medicinal, Princípio Ativo:Echinacea Purpurea Moench, Concentração:200 MG"
18455,Extrato Medicinal,485307,"485307 - Extrato Medicinal, Princípio Ativo:Extrato Seco De Senna Alexandrina, Concentração:50 MG"
18455,Extrato Medicinal,485306,"485306 - Extrato Medicinal, Princípio Ativo:Extrato Seco De Senna Alexandrina, Concentração:350 MG"
18455,Extrato Medicinal,485305,"485305 - Extrato Medicinal, Princípio Ativo:Extrato Seco De Senna Alexandrina, Concentração:100 MG"
18455,Extrato Medicinal,484664,"484664 - Extrato Medicinal, Composição:Açafrão Da Terra (Curcuma Longa), Concentração:250 MG, Característica Adicional:Formulação Especialmente Manipulada"
18455,Extrato Medicinal,483555,"483555 - Extrato Medicinal, Composição:Harpagophytum Procumbens Dc, Concentração:250 MG"
18455,Extrato Medicinal,482020,"482020 - Extrato Medicinal, Princípio Ativo:Própolis, Concentração:11%, Forma Farmacêutica:Solução Oral - Gotas"
18455,Extrato Medicinal,480335,"480335 - Extrato Medicinal, Princípio Ativo:R. Toxicodendron D2, Sulfur D6, Arnica Montana D2, Composição:Sanguinaria Canadensis D4, Dulcamara D2, Concentração:1 Mg + 0,75 Mg + 0,5 Mg + 0,45 Mg + 0,3 MG"
18455,Extrato Medicinal,480315,"480315 - Extrato Medicinal, Princípio Ativo:Extrato Seco De Senna Alexandrina, Concentração:9 MG/G, Forma Farmacêutica:Geléia"
18455,Extrato Medicinal,480314,"480314 - Extrato Medicinal, Princípio Ativo:Extrato Seco De Senna Alexandrina, Concentração:29 MG"
18455,Extrato Medicinal,480078,"480078 - Extrato Medicinal, Princípio Ativo:Peumus Boldus, Concentração:100 MG"
18455,Extrato Medicinal,479690,"479690 - Extrato Medicinal, Princípio Ativo:Arnica Montana L., Composição:E Associações, Forma Farmacêutica:Pomada"
18455,Extrato Medicinal,478699,"478699 - Extrato Medicinal, Princípio Ativo:Passiflora Incarnata, Crataegus Oxyacantha, Composição:Salix Alba, Concentração:100 Mg + 30 Mg + 100 MG"
18455,Extrato Medicinal,478598,"478598 - Extrato Medicinal, Princípio Ativo:Calendula Officinalis L., Concentração:2%, Forma Farmacêutica:Gel, Característica Adicional:Formulação Especialmente Manipulada"
18455,Extrato Medicinal,477065,"477065 - Extrato Medicinal, Princípio Ativo:Benjoim, Composição:Styrax Tokinensis, Concentração:20%, Forma Farmacêutica:Tintura"
18455,Extrato Medicinal,477040,"477040 - Extrato Medicinal, Princípio Ativo:Aloe Vera (L.) Burm F., Concentração:100 MG/G, Forma Farmacêutica:Creme, Característica Adicional:Formulação Especialmente Manipulada"
18455,Extrato Medicinal,474490,"474490 - Extrato Medicinal, Princípio Ativo:Guaco (Mikania Glomerata Spreng.), Concentração:0,0325 Ml/Ml, Forma Farmacêutica:Xarope"
18455,Extrato Medicinal,474398,"474398 - Extrato Medicinal, Composição:Citrus Medica L, Forma Farmacêutica:Creme"
18455,Extrato Medicinal,473533,"473533 - Extrato Medicinal, Composição:Brassica Oleracea, Forma Farmacêutica:Pomada"
18455,Extrato Medicinal,473392,"473392 - Extrato Medicinal, Princípio Ativo:Extrato Seco De Senna Alexandrina, Composição:Associado Com Cassia Fistula, Concentração:28,9 Mg + 19,5 MG"
18455,Extrato Medicinal,470025,"470025 - Extrato Medicinal, Princípio Ativo:Extrato Seco De Senna Alexandrina, Concentração:66,66 MG"
18455,Extrato Medicinal,465016,"465016 - Extrato Medicinal, Princípio Ativo:Aloe Vera (L.), Concentração:40 MG/G, Forma Farmacêutica:Pomada, Característica Adicional:Formulação Especialmente Manipulada"
18455,Extrato Medicinal,458605,"458605 - Extrato Medicinal, Princípio Ativo:Benjoim, Composição:Styrax Tokinensis, Concentração:10%, Forma Farmacêutica:Tintura"
18455,Extrato Medicinal,457612,"457612 - Extrato Medicinal, Princípio Ativo:Extrato Seco De Senna Alexandrina, Composição:Associado Com Cassia Fistula, Concentração:4,878 Mg/G + 4,719 MG/G, Forma Farmacêutica:Geleia"
18455,Extrato Medicinal,452047,"452047 - Extrato Medicinal, Princípio Ativo:Bacopa Monnieri (L.), Concentração:225 MG"
18455,Extrato Medicinal,451188,"451188 - Extrato Medicinal, Princípio Ativo:Arnica (Solidago Microglossa), Concentração:10%, Forma Farmacêutica:Tintura"
18455,Extrato Medicinal,450617,"450617 - Extrato Medicinal, Princípio Ativo:Arnica (Arnica Montana L.), Concentração:10%, Forma Farmacêutica:Tintura"
18455,Extrato Medicinal,450616,"450616 - Extrato Medicinal, Princípio Ativo:Calêndula (Calendula Officinalis L.), Concentração:10%, Forma Farmacêutica:Tintura"
18455,Extrato Medicinal,450615,"450615 - Extrato Medicinal, Princípio Ativo:Erva Baleeira (Cordia Verbenácea), Concentração:10%, Forma Farmacêutica:Tintura"
18455,Extrato Medicinal,449677,"449677 - Extrato Medicinal, Princípio Ativo:Aloe Vera (L.) Burm F., Concentração:50 MG/G, Forma Farmacêutica:Gel"
18455,Extrato Medicinal,449032,"449032 - Extrato Medicinal, Princípio Ativo:Glycine Max (L.) Merril, Composição:Persea Americana Mill, Concentração:100 Mg + 200 MG"
18455,Extrato Medicinal,448174,"448174 - Extrato Medicinal, Princípio Ativo:Espinheira Santa, Composição:Maytenus Ilicifolia, Concentração:400 MG"
18455,Extrato Medicinal,447986,"447986 - Extrato Medicinal, Princípio Ativo:Cranberry (Vaccinium Macrocarpon), Concentração:400 MG, Forma Farmacêutica:Pó"
18455,Extrato Medicinal,447820,"447820 - Extrato Medicinal, Princípio Ativo:Glycine Max (L.) Merril, Concentração:500 MG, Característica Adicional:Formulação Especialmente Manipulada"
18455,Extrato Medicinal,445399,"445399 - Extrato Medicinal, Princípio Ativo:Óleo Essencial Alpinia Zerumbet Syn. A. Speciosa, Concentração:17,5 Mg De Sabineno, Forma Farmacêutica:Spray"
18455,Extrato Medicinal,443375,"443375 - Extrato Medicinal, Princípio Ativo:Passiflora Incarnata, Concentração:500 MG, Característica Adicional:Formulação Especialmente Manipulada"
18455,Extrato Medicinal,443374,"443374 - Extrato Medicinal, Princípio Ativo:Castanha Da Índia (Aesculus Hippocastanum L.), Concentração:500 MG, Característica Adicional:Formulação Especialmente Manipulada"
18455,Extrato Medicinal,443373,"443373 - Extrato Medicinal, Princípio Ativo:Calendula Officinalis L., Concentração:10%, Forma Farmacêutica:Gel, Característica Adicional:Formulação Especialmente Manipulada"
18455,Extrato Medicinal,443280,"443280 - Extrato Medicinal, Composição:Maytenus Ilicifolia, Concentração:350 MG, Característica Adicional:Formulação Especialmente Manipulada"
18455,Extrato Medicinal,443167,"443167 - Extrato Medicinal, Composição:Maytenus Ilicifolia, Concentração:450 MG, Característica Adicional:Formulação Especialmente Manipulada"
18455,Extrato Medicinal,443166,"443166 - Extrato Medicinal, Composição:Maytenus Ilicifolia, Concentração:400 MG, Característica Adicional:Formulação Especialmente Manipulada"
18455,Extrato Medicinal,443165,"443165 - Extrato Medicinal, Composição:Harpagophytum Procumbens Dc, Concentração:450 MG, Característica Adicional:Formulação Especialmente Manipulada"
18455,Extrato Medicinal,443164,"443164 - Extrato Medicinal, Princípio Ativo:Glycine Max (L.) Merril, Concentração:60 MG, Característica Adicional:Formulação Especialmente Manipulada"
18455,Extrato Medicinal,442834,"442834 - Extrato Medicinal, Princípio Ativo:Extrato Seco De Senna Alexandrina, Composição:Associado Com Cassia Fistula, Concentração:14,634 Mg + 11,7 MG"
18455,Extrato Medicinal,442819,"442819 - Extrato Medicinal, Composição:Extrato Seco De Rhodiola Rosea, Concentração:400 MG"
18455,Extrato Medicinal,442113,"442113 - Extrato Medicinal, Princípio Ativo:Serenoa Repens, Concentração:160 MG"
18455,Extrato Medicinal,441489,"441489 - Extrato Medicinal, Composição:Plantago Ovata (Casca De Semente), Concentração:3,5 G, Forma Farmacêutica:Granulado Efervescente"
18455,Extrato Medicinal,439843,"439843 - Extrato Medicinal, Princípio Ativo:Guaco (Mikania Glomerata Spreng.), Concentração:117,6 MG/ML, Forma Farmacêutica:Xarope"
18455,Extrato Medicinal,439128,"439128 - Extrato Medicinal, Composição:Passiflora Incarnata, Concentrações:260 MG"
18455,Extrato Medicinal,438356,"438356 - Extrato Medicinal, Princípio Ativo:Tinta Da Índia, Concentração:2%, Forma Farmacêutica:Solução Injetável, Característica Adicional:Formulação Especialmente Manipulada"
18455,Extrato Medicinal,437991,"437991 - Extrato Medicinal, Princípio Ativo:Momordica Charantia L. (Melão De São Caetano), Concentração:16%, Forma Farmacêutica:Supositório, Característica Adicional:Formulação Especialmente Manipulada"
18455,Extrato Medicinal,437990,"437990 - Extrato Medicinal, Composição:Passiflora Incarnata, Concentração:182,93 MG"
18455,Extrato Medicinal,437908,"437908 - Extrato Medicinal, Composição:Passiflora Alata, Concentração:400 MG, Característica Adicional:Formulação Especialmente Manipulada"
18455,Extrato Medicinal,437668,"437668 - Extrato Medicinal, Princípio Ativo:Guaco (Mikania Glomerata Spreng.), Concentração:60 MG/ML, Forma Farmacêutica:Xarope"
18455,Extrato Medicinal,437483,"437483 - Extrato Medicinal, Princípio Ativo:Eucalyptus Tereticornis + Mentha Arvensis, Concentração:8 G + 4 G, Forma Farmacêutica:Pó Para Inalação, Característica Adicional:Formulação Especialmente Manipulada"
18455,Extrato Medicinal,437403,"437403 - Extrato Medicinal, Princípio Ativo:Alecrim Pimenta (Lippia Sidoides Cham.), Concentração:20%, Forma Farmacêutica:Tintura, Característica Adicional:Formulação Especialmente Manipulada"
18455,Extrato Medicinal,437387,"437387 - Extrato Medicinal, Princípio Ativo:Cumaru (Amburana Cearensis), Concentração:5%, Forma Farmacêutica:Xarope, Característica Adicional:Formulação Especialmente Manipulada"
18455,Extrato Medicinal,437385,"437385 - Extrato Medicinal, Princípio Ativo:Aroeira (Myracrodruon Urundeuva), Concentração:7%, Forma Farmacêutica:Elixir, Característica Adicional:Formulação Especialmente Manipulada"
18455,Extrato Medicinal,437384,"437384 - Extrato Medicinal, Princípio Ativo:Aroeira (Myracrodruon Urundeuva), Concentração:15%, Forma Farmacêutica:Creme Vaginal, Característica Adicional:Formulação Especialmente Manipulada"
18455,Extrato Medicinal,437383,"437383 - Extrato Medicinal, Princípio Ativo:Passiflora Edulis, Concentração:200 MG, Característica Adicional:Formulação Especialmente Manipulada"
18455,Extrato Medicinal,437379,"437379 - Extrato Medicinal, Princípio Ativo:Garcinia Cambogia Roxb., Concentração:500 MG"
18455,Extrato Medicinal,436982,"436982 - Extrato Medicinal, Princípio Ativo:Gentiana Lutea, Composição:Associado A Aloe Ferox (Extrato Fluido), Concentração:4 Mg/Ml + 0,18 Ml/Ml, Forma Farmacêutica:Solução Oral"
18455,Extrato Medicinal,436766,"436766 - Extrato Medicinal, Princípio Ativo:Castanha Da Índia (Aesculus Hippocastanum L.), Concentração:263,2 MG, Forma Farmacêutica:Liberação Controlada"
18455,Extrato Medicinal,436722,"436722 - Extrato Medicinal, Composição:Harpagophytum Procumbens Dc, Concentração:300 MG, Adicional:Liberação Controlada"
18455,Extrato Medicinal,435105,"435105 - Extrato Medicinal, Princípio Ativo:Polypodium Leucotomos, Concentração:250 MG"
18455,Extrato Medicinal,434165,"434165 - Extrato Medicinal, Princípio Ativo:Cynara Scolymus + Peumus Boldus Molina, Concentração:0,833 Ml(Ex. Fluido)/Ml + 0,833 Ml(Ex. Fluido)/Ml, Forma Farmacêutica:Solução Oral"
18455,Extrato Medicinal,434127,"434127 - Extrato Medicinal, Composição:Açafrão Da Terra (Curcuma Longa), Concentrações:250 MG"
18455,Extrato Medicinal,434049,"434049 - Extrato Medicinal, Princípio Ativo:Cidreira (Melissa Officinalis), Concentração:8%, Forma Farmacêutica:Elixir, Característica Adicional:Formulação Especialmente Manipulada"
18455,Extrato Medicinal,433940,"433940 - Extrato Medicinal, Princípio Ativo:Guaco (Mikania Glomerata Spreng.), Concentração:35 MG/ML, Forma Farmacêutica:Xarope"
18455,Extrato Medicinal,433657,"433657 - Extrato Medicinal, Composição:Passiflora Incarnata, Concentração:600 MG"
18455,Extrato Medicinal,433323,"433323 - Extrato Medicinal, Composição:Cordia Verbenacea Dc., Concentração:5 MG/G, Forma Farmacêutica:Creme"
18455,Extrato Medicinal,433250,"433250 - Extrato Medicinal, Princípio Ativo:Alcachofra (Cynara Scolymus L.), Concentração:312,5 MG"
18455,Extrato Medicinal,432210,"432210 - Extrato Medicinal, Composição:Uncaria Tomentosa Dc., Concentração:450 MG"
18455,Extrato Medicinal,431569,"431569 - Extrato Medicinal, Princípio Ativo:Pinus Pinaster, Concentração:50 MG"
18455,Extrato Medicinal,429853,"429853 - Extrato Medicinal, Princípio Ativo:Mentha Piperita, Concentração:300 MG, Característica Adicional:Formulação Especialmente Manipulada"
18455,Extrato Medicinal,426922,"426922 - Extrato Medicinal, Princípio Ativo:Silybum Marianum (L.) Gaertn, Concentração:200 MG"
18455,Extrato Medicinal,426292,"426292 - Extrato Medicinal, Princípio Ativo:Rhamnus Purshiana Dc., Concentração:380 MG"
18455,Extrato Medicinal,426103,"426103 - Extrato Medicinal, Princípio Ativo: Mentha Piperita, Concentração:750 MG"
18455,Extrato Medicinal,417285,"417285 - Extrato Medicinal, Composição:Harpagophytum Procumbens Dc, Concentração:200 MG"
18455,Extrato Medicinal,413681,"413681 - Extrato Medicinal, Princípio Ativo:Guaco (Mikania Glomerata Spreng.), Concentração:81,5 MG/ML, Forma Farmacêutica:Solução Oral"
18455,Extrato Medicinal,410047,"410047 - Extrato Medicinal, Princípio Ativo:Cranberry (Vaccinium Macrocarpon), Concentração:400 MG, Característica Adicional:Formulação Especialmente Manipulada"
18455,Extrato Medicinal,408498,"408498 - Extrato Medicinal, Princípio Ativo:Passiflora Incarnata, Crataegus Oxyacantha, Composição:Salix Alba, Concentração:50 Mg + 0,10 Ml + 0,7 Ml/ ML, Forma Farmacêutica:Solução Oral"
18455,Extrato Medicinal,407619,"407619 - Extrato Medicinal, Princípio Ativo:Rutosídeo, Extrato Seco De Aesculus Hippocastanum, Composição:Extrato Seco Padronizado De : Convallaria Majalis, Outros Componentes:Adonai Vernalis, Nerium Oleander E Scila Marítima, Concentrações:300 Mg + 100 Mg + 150 Uc"
18455,Extrato Medicinal,406994,"406994 - Extrato Medicinal, Composição:Passiflora Incarnata, Concentração:300 MG"
18455,Extrato Medicinal,404690,"404690 - Extrato Medicinal, Princípio Ativo:Glycine Max (L.) Merril, Concentração:75 MG"
18455,Extrato Medicinal,404421,"404421 - Extrato Medicinal, Princípio Ativo:Stryphnodendron Barbatiman Mart., Concentração:60 MG/G, Forma Farmacêutica:Pomada"
18455,Extrato Medicinal,404406,"404406 - Extrato Medicinal, Princípio Ativo:Silybum Marianum (L.) Gaertn, Concentração:100 MG"
18455,Extrato Medicinal,404405,"404405 - Extrato Medicinal, Composição:Passiflora Incarnata, Concentração:360 MG"
18455,Extrato Medicinal,404404,"404404 - Extrato Medicinal, Princípio Ativo:Hypericum Perforatum L., Concentração:300 MG"
18455,Extrato Medicinal,400579,"400579 - Extrato Medicinal, Composição:Cordia Verbenacea Dc., Concentração:5 MG/ML, Forma Farmacêutica:Aerossol Tópico"
18455,Extrato Medicinal,399636,"399636 - Extrato Medicinal, Princípio Ativo:Rhamnus Purshiana Dc., Concentração:75 MG"
18455,Extrato Medicinal,399442,"399442 - Extrato Medicinal, Composição:Uncaria Tomentosa Dc., Concentração:100 MG"
18455,Extrato Medicinal,399441,"399441 - Extrato Medicinal, Composição:Uncaria Tomentosa Dc., Concentração:50 MG/G, Forma Farmacêutica:Gel"
18455,Extrato Medicinal,399415,"399415 - Extrato Medicinal, Princípio Ativo:Trevo Amarelo, Composição:Melilotus Officinalis Lam., Concentração:26,7 MG"
18455,Extrato Medicinal,399413,"399413 - Extrato Medicinal, Princípio Ativo:Rhamnus Purshiana Dc., Concentração:500 MG"
18455,Extrato Medicinal,399412,"399412 - Extrato Medicinal, Princípio Ativo:Espinheira Santa, Composição:Maytenus Ilicifolia Mart.Ex.Reiss, Concentração:500 MG"
18455,Extrato Medicinal,399411,"399411 - Extrato Medicinal, Princípio Ativo:Espinheira Santa, Composição:Maytenus Ilicifolia Mart.Ex.Reiss, Concentração:12 MG/ML, Forma Farmacêutica:Tintura"
18455,Extrato Medicinal,399410,"399410 - Extrato Medicinal, Composição:Harpagophytum Procumbens Dc, Concentração:500 MG"
18455,Extrato Medicinal,399409,"399409 - Extrato Medicinal, Princípio Ativo:Rhamnus Purshiana Dc., Concentração:150 MG"
18455,Extrato Medicinal,399066,"399066 - Extrato Medicinal, Princípio Ativo:Alcachofra (Cynara Scolymus L.), Concentração:500 MG"
18455,Extrato Medicinal,397280,"397280 - Extrato Medicinal, Princípio Ativo:Guaco (Mikania Glomerata Spreng.), Concentração:O,1 Ml/ ML, Forma Farmacêutica:Xarope"
18455,Extrato Medicinal,396450,"396450 - Extrato Medicinal, Princípio Ativo:Extrato Seco De Folhas De Espinheira-Santa, Composição:Maytenus Ilicifolia, Concentração:380 MG"
18455,Extrato Medicinal,396415,"396415 - Extrato Medicinal, Princípio Ativo:Pó Folha De Sene, Cássia Fistula,Tamarindus Indica, Composição:Coriandrum Sativum E Alcaçuz, Concentração:400mg + 19,5mg + 19,5mg + 9mg + 4 MG"
18455,Extrato Medicinal,396414,"396414 - Extrato Medicinal, Composição:Plantago Ovata (Casca De Semente), Concentração:3,5 G, Forma Farmacêutica:Pó Efervescente"
18455,Extrato Medicinal,395945,"395945 - Extrato Medicinal, Princípio Ativo:Germen De Soja, Concentração:150 MG"
18455,Extrato Medicinal,395847,"395847 - Extrato Medicinal, Princípio Ativo:Aloe Vera (L.) Burm F., Concentração:50 MG/G, Forma Farmacêutica:Pomada, Característica Adicional:Formulação Especialmente Manipulada"
18455,Extrato Medicinal,395843,"395843 - Extrato Medicinal, Princípio Ativo:Cinnamomum Zeylanicum Ness., Composição:Caryophyllus Aromaticus, Forma Farmacêutica:Solução Oral"
18455,Extrato Medicinal,395728,"395728 - Extrato Medicinal, Princípio Ativo:Guaco (Mikania Glomerata Spreng.), Concentração:0,25 Ml/Ml, Forma Farmacêutica:Xarope"
18455,Extrato Medicinal,395716,"395716 - Extrato Medicinal, Princípio Ativo:Extrato Aquoso De Aroeira, Composição:Schinus Terebinthifolius Raddi, Forma Farmacêutica:Gel Vaginal, Característica Adicional:Com Aplicadores"
18455,Extrato Medicinal,395631,"395631 - Extrato Medicinal, Princípio Ativo:Guaco (Mikania Glomerata Spreng.), Concentração:5%, Forma Farmacêutica:Xarope"
18455,Extrato Medicinal,395620,"395620 - Extrato Medicinal, Princípio Ativo:Glycine Max (L.) Merril, Concentração:150 MG"
18455,Extrato Medicinal,395618,"395618 - Extrato Medicinal, Princípio Ativo:Alcachofra (Cynara Scolymus L.), Concentração:300 MG"
18455,Extrato Medicinal,393342,"393342 - Extrato Medicinal, Composição:Pelargonium Sidoides Dc., Concentração:825 MG/ML, Forma Farmacêutica:Solução Oral"
18455,Extrato Medicinal,393339,"393339 - Extrato Medicinal, Composição:Harpagophytum Procumbens Dc, Concentração:400 MG"
18455,Extrato Medicinal,386481,"386481 - Extrato Medicinal, Princípio Ativo:Cassia Angustifolia L., Tamarindus Indica, Composição:Cassia Fistula E Coriandrum Sativum, Forma Farmacêutica:Gel Laxativo"
18455,Extrato Medicinal,385424,"385424 - Extrato Medicinal, Princípio Ativo:Alcachofra (Cynara Scolymus L.), Composição:E Associações, Forma Farmacêutica:Forma Oral Sólida"
18455,Extrato Medicinal,377899,"377899 - Extrato Medicinal, Composição:Extrato Seco De Valeriana Officinalis, Concentração:50 MG"
18455,Extrato Medicinal,376809,"376809 - Extrato Medicinal, Princípio Ativo:Bétula + Arnica (Arnica Montana L), Forma Farmacêutica:Em Solução Oleosa Tópica"
18455,Extrato Medicinal,368779,"368779 - Extrato Medicinal, Princípio Ativo:Guaco (Mikania Glomerata Spreng.), Forma Farmacêutica:Extrato Fluido"
18455,Extrato Medicinal,367515,"367515 - Extrato Medicinal, Princípio Ativo:Alcachofra (Cynara Scolymus L.), Concentração:200 MG"
18455,Extrato Medicinal,359286,"359286 - Extrato Medicinal, Princípio Ativo:Hera Sempre-Verde, Composição:Extrato Seco De Hedera Helix, Concentração:7 MG/ML, Forma Farmacêutica:Xarope"
18455,Extrato Medicinal,355023,"355023 - Extrato Medicinal, Composição:Extrato Seco De Valeriana Officinalis, Concentração:125 MG"
18455,Extrato Medicinal,352944,"352944 - Extrato Medicinal, Princípio Ativo:Borago Officinalis L., Composição:Óleo De Borragem, Concentração:900 MG"
18455,Extrato Medicinal,337442,"337442 - Extrato Medicinal, Princípio Ativo:Passiflora Incarnata, Carataegus Oxyacantha, Composição:Valeriana Officinalis, Concentração:50 Mg + 30 Mg + 40 MG"
18455,Extrato Medicinal,309063,"309063 - Extrato Medicinal, Princípio Ativo:Castanha Da Índia (Aesculus Hippocastanum L.), Concentração:300 MG"
18455,Extrato Medicinal,309062,"309062 - Extrato Medicinal, Princípio Ativo:Castanha Da Índia (Aesculus Hippocastanum L.), Concentração:100 MG"
18455,Extrato Medicinal,309061,"309061 - Extrato Medicinal, Princípio Ativo:Castanha Da Índia (Aesculus Hippocastanum L.), Concentração:400 MG"
18455,Extrato Medicinal,309060,"309060 - Extrato Medicinal, Princípio Ativo:Castanha Da Índia (Aesculus Hippocastanum L.), Concentração:250 MG"
18455,Extrato Medicinal,308073,"308073 - Extrato Medicinal, Princípio Ativo:Arnica Montana L., Concentração:200 MG/G, Forma Farmacêutica:Gel"
18455,Extrato Medicinal,305808,"305808 - Extrato Medicinal, Princípio Ativo:Passiflora Incarnata, Carataegus Oxyacantha, Composição:Salix Alba, Concentração:100 Mg + 30 Mg + 100 MG"
18455,Extrato Medicinal,305738,"305738 - Extrato Medicinal, Princípio Ativo:Óleo De Prímula, Concentração:500 MG"
18455,Extrato Medicinal,305629,"305629 - Extrato Medicinal, Princípio Ativo:Cimicífuga Racemosa, Concentração:20 MG"
18455,Extrato Medicinal,305415,"305415 - Extrato Medicinal, Princípio Ativo:Ginkgo Biloba, Concentração:40 MG"
18455,Extrato Medicinal,305414,"305414 - Extrato Medicinal, Princípio Ativo:Ginkgo Biloba, Concentração:80 MG"
18455,Extrato Medicinal,305413,"305413 - Extrato Medicinal, Princípio Ativo:Ginkgo Biloba, Concentração:120 MG"
18455,Extrato Medicinal,305235,"305235 - Extrato Medicinal, Princípio Ativo:Germen De Soja, Composição:(Isoflavonas 15mg, Saponinas 20,5mg, Lecitina 9mg, Concentração:Alfa Tocoferol 0,041mg) Em 500 MG"
18455,Extrato Medicinal,295299,"295299 - Extrato Medicinal, Princípio Ativo:Mentha Crispa, Concentração:160 MG, Forma Farmacêutica:Extrato Seco"
18455,Extrato Medicinal,295298,"295298 - Extrato Medicinal, Princípio Ativo:Mentha Crispa, Composição:(Het. De Flavonóide + Ácido Rosmarínico), Concentração:46,07 Mg + 6,05 MG/ML, Forma Farmacêutica:Solução Oral - Gotas"
18455,Extrato Medicinal,292774,"292774 - Extrato Medicinal, Princípio Ativo:Peumus Boldus,Rhamnus Purshiana E Rheum P. Linné, Composição:Composição: Boldina,Emodina E Comp.Antraquinônicos, Concentração:0,01 Mg + 0,3 Mg + 0,34 MG/ML, Forma Farmacêutica:Solução Oral"
18455,Extrato Medicinal,435745,"435745 - Extrato Medicinal, Princípio Ativo:Amora (Morus Nigra L.), Concentração:500 MG"
18455,Extrato Medicinal,434945,"434945 - Extrato Medicinal, Princípio Ativo:Trifolium Pratense L., Concentração:100 MG"
18455,Extrato Medicinal,434115,"434115 - Extrato Medicinal, Princípio Ativo:Mororó (Bauhinia Ungulata L.), Concentração:20%, Forma Farmacêutica:Tintura, Característica Adicional:Formulação Especialmente Manipulada"
18455,Extrato Medicinal,434051,"434051 - Extrato Medicinal, Princípio Ativo:Aroeira (Schinus Molle L.), Concentração:7%, Forma Farmacêutica:Creme Vaginal, Característica Adicional:Formulação Especialmente Manipulada"
18455,Extrato Medicinal,434050,"434050 - Extrato Medicinal, Princípio Ativo:Malva Santa (Plectranthus Barbatus), Concentração:20%, Forma Farmacêutica:Tintura, Característica Adicional:Formulação Especialmente Manipulada"
18455,Extrato Medicinal,434045,"434045 - Extrato Medicinal, Princípio Ativo:Confrei ( Symphitum Sp L.), Concentração:5%, Forma Farmacêutica:Pomada, Característica Adicional:Formulação Especialmente Manipulada"
18455,Extrato Medicinal,433975,"433975 - Extrato Medicinal, Princípio Ativo:Chambá (Justicia Pectoralis.), Concentração:50 MG/ML, Forma Farmacêutica:Xarope, Característica Adicional:Formulação Especialmente Manipulada"
18455,Extrato Medicinal,433788,"433788 - Extrato Medicinal, Princípio Ativo:Tribulus Terrestris L., Concentração:94 MG"
18455,Extrato Medicinal,432781,"432781 - Extrato Medicinal, Composição:Extrato Seco De Valeriana Officinalis, Concentração:225,75 MG"
18455,Extrato Medicinal,432740,"432740 - Extrato Medicinal, Princípio Ativo:Oryza Sativa, Concentração:600 MG"
18455,Extrato Medicinal,432573,"432573 - Extrato Medicinal, Princípio Ativo:Cassia Angustifolia (Sene), Concentração:50 MG"
18455,Extrato Medicinal,432197,"432197 - Extrato Medicinal, Princípio Ativo:Glycine Max (L.) Merril, Concentração:125 MG"
18455,Extrato Medicinal,429327,"429327 - Extrato Medicinal, Princípio Ativo:Kava-Kava, Concentração:20 MG, Característica Adicional:Formulação Especialmente Manipulada"
18455,Extrato Medicinal,429325,"429325 - Extrato Medicinal, Princípio Ativo:Alcachofra (Cynara Scolymus L.), Concentração:250 MG, Característica Adicional:Formulação Especialmente Manipulada"
18455,Extrato Medicinal,429303,"429303 - Extrato Medicinal, Princípio Ativo:Alcachofra (Cynara Scolymus L.), Concentração:1,5 Ml/ MG, Forma Farmacêutica:Tintura"
18455,Extrato Medicinal,428952,"428952 - Extrato Medicinal, Composição:Brosimum Gaudichaudii Trécul., Concentração:400 MG"
18455,Extrato Medicinal,426931,"426931 - Extrato Medicinal, Princípio Ativo:Cassia Angustifolia L., Tamarindus Indica, Composição:Cassia Fistula E Coriandrum Sativum, Concentrações:240 Mg, 11,7 Mg, 11,7 Mg, 5,4 Mg"
18455,Extrato Medicinal,426759,"426759 - Extrato Medicinal, Princípio Ativo:Cassia Angustifolia L., Tamarindus Indica, Composição:Cassia Fistula E Coriandrum Sativum, Outros Componentes:Glycyrrhiza Glabra L, Forma Farmacêutica:Gel"
18455,Extrato Medicinal,424076,"424076 - Extrato Medicinal, Princípio Ativo:Passiflora Incarnata, Concentração:857 MG"
18455,Extrato Medicinal,416444,"416444 - Extrato Medicinal, Princípio Ativo:Tribulus Terrestris L., Concentração:250 MG"
18455,Extrato Medicinal,415504,"415504 - Extrato Medicinal, Princípio Ativo:Ext.Fluido Allii Cepae,Heparina Sódica E Alantoína, Concentração:100 Mg + 50 Ui + 10 MG/G, Forma Farmacêutica:Gel"
18455,Extrato Medicinal,407036,"407036 - Extrato Medicinal, Composição:Valeriana Officinalis L. E Humulus Lupulus L., Concentração:250 Mg + 60 MG"
18455,Extrato Medicinal,406003,"406003 - Extrato Medicinal, Princípio Ativo:Kava-Kava, Concentração:234 MG"
18455,Extrato Medicinal,404511,"404511 - Extrato Medicinal, Princípio Ativo:Echinacea Purpurea Moench, Concentração:40 MG/ML, Forma Farmacêutica:Xarope"
18455,Extrato Medicinal,401579,"401579 - Extrato Medicinal, Composição:Brosimum Gaudichaudii Trécul., Concentração:200 MG/G, Forma Farmacêutica:Pomada"
18455,Extrato Medicinal,401578,"401578 - Extrato Medicinal, Composição:Brosimum Gaudichaudii Trécul., Concentração:200 MG/ML, Forma Farmacêutica:Solução Tópica"
18455,Extrato Medicinal,398578,"398578 - Extrato Medicinal, Composição:Plantago Ovata E Senna Alexandrina, Concentração:(520 Mg/G + 22 Mg/G) + 99,45 Mg/ G, Forma Farmacêutica:Granulado Simples"
18455,Extrato Medicinal,397698,"397698 - Extrato Medicinal, Composição:Passiflora Incarnata, Concentração:0,525 Ml/ ML, Forma Farmacêutica:Solução Oral - Gotas"
18455,Extrato Medicinal,395948,"395948 - Extrato Medicinal, Princípio Ativo:Extrato Aquoso De Aroeira, Composição:Schinus Terebinthifolius Raddi, Concentração:100 MG/G, Forma Farmacêutica:Pomada, Característica Adicional:Formulação Especialmente Manipulada"
18455,Extrato Medicinal,395835,"395835 - Extrato Medicinal, Princípio Ativo:Petasites Hybridus (L.) Gaertn., B. Mey. Et Scherb, Concentração:17,8 A 40 MG"
18455,Extrato Medicinal,384265,"384265 - Extrato Medicinal, Princípio Ativo:Ginseng (Panax Ginseng) Associado A Isoflavona, Composição:Vitaminas: D, E, E Carbonato De Cálcio, Concentração:40 Mg + 60 Mg + 400 Ui + 300 Mg + 300 MG, Característica Adicional:Formulação Especialmente Manipulada"
18455,Extrato Medicinal,382223,"382223 - Extrato Medicinal, Composição:Extrato Seco De Harpagophitum Procumbens, Concentração:400 MG"
18455,Extrato Medicinal,368704,"368704 - Extrato Medicinal, Princípio Ativo:Vitis Vinifera L., Concentração:150 MG"
18455,Extrato Medicinal,340142,"340142 - Extrato Medicinal, Composição:Chlorella, Concentração:500 MG"
18455,Extrato Medicinal,307190,"307190 - Extrato Medicinal, Princípio Ativo:Alcatrão Do Lenho De Pinus Palustris, Composição:Associado Com Alcatrão Mineral E Óleo De Cade, Concentração:3 Mg + 3 Mg + 3 MG/G, Forma Farmacêutica:Shampoo"
18455,Extrato Medicinal,307189,"307189 - Extrato Medicinal, Princípio Ativo:Alcatrão Do Lenho De Pinus Palustris, Composição:Associado Com Alcatrão Mineral E Óleo De Cade, Concentração:3 Mg + 3 Mg + 3 MG/G, Forma Farmacêutica:Sabonete"
18455,Extrato Medicinal,305631,"305631 - Extrato Medicinal, Princípio Ativo:Cimicífuga Racemosa, Concentração:100 MG"
18455,Extrato Medicinal,305628,"305628 - Extrato Medicinal, Princípio Ativo:Cimicífuga Racemosa, Concentração:160 MG"
18455,Extrato Medicinal,305416,"305416 - Extrato Medicinal, Princípio Ativo:Ginkgo Biloba, Concentração:40 MG/ML, Forma Farmacêutica:Solução Oral - Gotas"
18455,Extrato Medicinal,305273,"305273 - Extrato Medicinal, Princípio Ativo:Cimicífuga Racemosa, Concentração:80 MG"
18455,Extrato Medicinal,305239,"305239 - Extrato Medicinal, Princípio Ativo:Kava-Kava, Concentração:50 MG"
18455,Extrato Medicinal,305222,"305222 - Extrato Medicinal, Princípio Ativo:Hypericum Perforatum, Concentração:250 MG"
18455,Extrato Medicinal,295297,"295297 - Extrato Medicinal, Princípio Ativo:Mentha Crispa, Composição:(Het. De Flavonóide + Ácido Rosmarínico), Concentração:18,43 Mg + 2,42 MG/ML, Forma Farmacêutica:Xarope"
18455,Extrato Medicinal,295296,"295296 - Extrato Medicinal, Princípio Ativo:Arnica Nacional (Senecio Brasiliensis Less), Concentração:20%, Forma Farmacêutica:Extrato Fluido"
18455,Extrato Medicinal,295294,"295294 - Extrato Medicinal, Princípio Ativo:Confrei ( Symphitum Sp L.), Concentração:50%, Forma Farmacêutica:Extrato Fluido"
18455,Extrato Medicinal,295293,"295293 - Extrato Medicinal, Princípio Ativo:Assa Peixe (Vernonia Polyanthes/V.Ferruginea Less), Concentração:50%, Forma Farmacêutica:Extrato Fluido"
18455,Extrato Medicinal,292775,"292775 - Extrato Medicinal, Princípio Ativo:Peumus Boldus,Rhamnus Purshiana E Rheum P. Linné, Composição:Composição: Boldina,Emodina E Comp.Antraquinônicos, Concentração:0,005 Mg + 0,15 Mg + 0,17 MG/ML, Forma Farmacêutica:Solução Oral"
18455,Extrato Medicinal,292773,"292773 - Extrato Medicinal, Princípio Ativo:Peumus Boldus,Rhamnus Purshiana E Rheum P. Linné, Composição:Composição: Boldina,Emodina E Comp.Antraquinônicos, Concentração:0,05 Mg + 1,30 Mg + 1,70 MG"
18497,Iloprosta,294881,"294881 - Iloprosta, Concentração:10 MCG/ML, Forma Farmacêutica:Solução P/ Nebulização"
18500,Glicerofosfato De Sódio,295266,"295266 - Glicerofosfato De Sódio, Concentração:216 MG/ML, Forma Farmacêutica:Solução Injetável"
18501,Nutrição Parenteral,457164,"457164 - Nutrição Parenteral, Composição:Sol. Aminoácidos E Glicose, Concentração:10% + 50%, Forma Farmacêutica:Preparação Injetável Especialmente Manipulada"
18501,Nutrição Parenteral,457162,"457162 - Nutrição Parenteral, Composição:Sol. Aminoácidos S/ Glutamina, S/Emulsão Lipídica, Componentes:Podendo Ou Não Ter Adição De: Íons Ca,Na,K,Cl,P,Mg, Outros Componentes:Oligoelementos, Glicose, Vitaminas E Selênio, Concentração:Componentes Em Concentrações E Volumes Variados, Forma Farmacêutica:Preparação Injetável Especialmente Manipulada"
18501,Nutrição Parenteral,457161,"457161 - Nutrição Parenteral, Composição:Sol. Aminoácidos S/ Glutamina, C/Emulsão Lipídica, Componentes:Podendo Ou Não Ter Adição De: Íons Ca,Na,K,Cl,P,Mg, Outros Componentes:Oligoelementos, Glicose, Vitaminas E Selênio, Concentração:Componentes Em Concentrações E Volumes Variados, Forma Farmacêutica:Preparação Injetável Especialmente Manipulada"
18501,Nutrição Parenteral,423130,"423130 - Nutrição Parenteral, Composição:Aminoácidos Em Solução Fisiológica, Componentes:L-Arginina + L-Lisina, Concentração:2,5% + 2,5%, Forma Farmacêutica:Preparação Injetável Especialmente Manipulada"
18501,Nutrição Parenteral,295270,"295270 - Nutrição Parenteral, Composição:Sol. Aminoácidos S/ Glutamina, S/Emulsão Lipídica, Componentes:Podendo Ou Não Ter Adição De: Íons Ca,Na,K,Cl,P,Mg, Outros Componentes:Oligoelementos, Vitaminas, Heparina E Insulina, Concentração:Componentes Em Concentrações E Volumes Variados, Forma Farmacêutica:Preparação Injetável Especialmente Manipulada"
18501,Nutrição Parenteral,295269,"295269 - Nutrição Parenteral, Composição:Sol. Aminoácidos S/ Glutamina, C/Emulsão Lipídica, Componentes:Podendo Ou Não Ter Adição De: Íons Ca,Na,K,Cl,P,Mg, Outros Componentes:Oligoelementos, Vitaminas, Heparina E Insulina, Concentração:Componentes Em Concentrações E Volumes Variados, Forma Farmacêutica:Preparação Injetável Especialmente Manipulada"
18501,Nutrição Parenteral,295268,"295268 - Nutrição Parenteral, Composição:Sol. Aminoácidos C/ Glutamina, S/Emulsão Lipídica, Componentes:Podendo Ou Não Ter Adição De: Íons Ca,Na,K,Cl,P,Mg, Outros Componentes:Oligoelementos, Vitaminas, Heparina E Insulina, Concentração:Componentes Em Concentrações E Volumes Variados, Forma Farmacêutica:Preparação Injetável Especialmente Manipulada"
18501,Nutrição Parenteral,295267,"295267 - Nutrição Parenteral, Composição:Sol. Aminoácidos C/ Glutamina, C/Emulsão Lipídica, Componentes:Podendo Ou Não Ter Adição De: Íons Ca,Na,K,Cl,P,Mg, Outros Componentes:Oligoelementos, Vitaminas, Heparina E Insulina, Concentração:Componentes Em Concentrações E Volumes Variados, Forma Farmacêutica:Preparação Injetável Especialmente Manipulada"
18503,Trastuzumabe,482292,"482292 - Trastuzumabe, Composição:Deruxtecana, Concentração:100 MG, Forma Farmacêutica:Pó Liofilo Injetável"
18503,Trastuzumabe,482179,"482179 - Trastuzumabe, Concentração:100 MG, Forma Farmacêutica:Pó Liofilo Injetável"
18503,Trastuzumabe,466032,"466032 - Trastuzumabe, Concentração:420 MG, Forma Farmacêutica:Pó Liofilo Injetável"
18503,Trastuzumabe,440665,"440665 - Trastuzumabe, Concentração:120 MG/ML, Forma Farmacêutica:Solução Injetável"
18503,Trastuzumabe,432784,"432784 - Trastuzumabe, Composição:Pertuzumabe, Concentração:440 Mg, 420 MG, Forma Farmacêutica:Pó Liofilo Injetável, Característica Adicional:Em Frascos Separados"
18503,Trastuzumabe,430403,"430403 - Trastuzumabe, Composição:Entansina, Concentração:100 MG, Forma Farmacêutica:Pó Liofilo Injetável"
18503,Trastuzumabe,430402,"430402 - Trastuzumabe, Composição:Entansina, Concentração:160 MG, Forma Farmacêutica:Pó Liofilo Injetável"
18503,Trastuzumabe,295303,"295303 - Trastuzumabe, Concentração:150 MG, Forma Farmacêutica:Pó Liofilo Injetável"
18503,Trastuzumabe,295302,"295302 - Trastuzumabe, Concentração:440 MG, Forma Farmacêutica:Pó Liofilo Injetável"
18504,Meclizina,295393,"295393 - Meclizina, Concentração:50 MG"
18504,Meclizina,295391,"295391 - Meclizina, Concentração:25 MG"
18504,Meclizina,295392,"295392 - Meclizina, Concentração:12,5 MG"
18524,Oxibuprocaína,296120,"296120 - Oxibuprocaína, Concentração:4 MG/ML, Forma Farmacêutica:Solução Oftálmica"
18536,Trimebutina Maleato,296657,"296657 - Trimebutina Maleato, Concentração:200 MG"
18540,Olmesartana Medoxomila,607606,"607606 - Olmesartana Medoxomila, Concentração:40 MG, Forma Farmacêutica:Orodispersível"
18540,Olmesartana Medoxomila,607605,"607605 - Olmesartana Medoxomila, Concentração:20 MG, Forma Farmacêutica:Orodispersível"
18540,Olmesartana Medoxomila,603081,"603081 - Olmesartana Medoxomila, Composição:Associada À Hidroclorotiazida E Anlodipino, Concentração:40 Mg + 12,5 Mg + 5 MG"
18540,Olmesartana Medoxomila,603079,"603079 - Olmesartana Medoxomila, Composição:Associada À Hidroclorotiazida E Anlodipino, Concentração:40 Mg + 12,5 Mg + 10 MG"
18540,Olmesartana Medoxomila,603078,"603078 - Olmesartana Medoxomila, Composição:Associada À Hidroclorotiazida E Anlodipino, Concentração:20 Mg + 12,5 Mg + 5 MG"
18540,Olmesartana Medoxomila,486453,"486453 - Olmesartana Medoxomila, Composição:Associada À Hidroclorotiazida E Anlodipino, Concentração:40 Mg + 25 Mg + 10 MG"
18540,Olmesartana Medoxomila,388402,"388402 - Olmesartana Medoxomila, Composição:Associada Com Anlodipino, Concentração:40 Mg + 10 MG"
18540,Olmesartana Medoxomila,388401,"388401 - Olmesartana Medoxomila, Composição:Associada Com Anlodipino, Concentração:40 Mg + 5 MG"
18540,Olmesartana Medoxomila,388399,"388399 - Olmesartana Medoxomila, Composição:Associada Com Anlodipino, Concentração:20 Mg + 5 MG"
18540,Olmesartana Medoxomila,296745,"296745 - Olmesartana Medoxomila, Composição:Associada Com Hidroclorotiazida, Concentração:20 Mg + 12,5 MG"
18540,Olmesartana Medoxomila,296744,"296744 - Olmesartana Medoxomila, Composição:Associada Com Hidroclorotiazida, Concentração:40 Mg + 25 MG"
18540,Olmesartana Medoxomila,296743,"296743 - Olmesartana Medoxomila, Composição:Associada Com Hidroclorotiazida, Concentração:40 Mg + 12,5 MG"
18540,Olmesartana Medoxomila,296742,"296742 - Olmesartana Medoxomila, Concentração:40 MG"
18540,Olmesartana Medoxomila,296741,"296741 - Olmesartana Medoxomila, Concentração:20 MG"
18540,Olmesartana Medoxomila,388400,"388400 - Olmesartana Medoxomila, Composição:Associada Com Anlodipino, Concentração:20 Mg + 10 MG"
18555,Nebivolol,396702,"396702 - Nebivolol, Composição:Sal Cloridrato, Concentração:5 MG"
18571,Bambuterol Cloridrato,298574,"298574 - Bambuterol Cloridrato, Concentração:1 MG/ML, Forma Farmacêutica:Solução Oral"
18572,Pinavério Brometo,298582,"298582 - Pinavério Brometo, Concentração:100 MG"
18572,Pinavério Brometo,395608,"395608 - Pinavério Brometo, Concentração:50 MG"
18589,Crizotinibe,440265,"440265 - Crizotinibe, Concentração*:200 MG"
18589,Crizotinibe,432637,"432637 - Crizotinibe, Concentração*:250 MG"
18591,Mentol,300244,"300244 - Mentol, Composição:Associado À Cânfora E Óleo Eucalyptus Citriodora, Concentração:28,2 Mg + 52,6 Mg + 13,3 MG/G, Forma Farmacêutica:Ungüento"
18613,Fotemustina,301591,"301591 - Fotemustina, Concentração:208 MG, Forma Farmacêutica:Pó Liófilo P/ Injetável"
18614,Sultamicilina,369657,"369657 - Sultamicilina, Composição:Sal Tosilato, Concentração:375 MG"
18614,Sultamicilina,301689,"301689 - Sultamicilina, Composição:Sal Tosilato, Concentração:50 MG/ML, Forma Farmacêutica:Pó P/ Suspensão Oral"
18630,Duloxetina,302443,"302443 - Duloxetina, Concentração:60 MG, Forma Farmacêutica:Microgrânulos De Liberação Lenta"
18630,Duloxetina,302442,"302442 - Duloxetina, Concentração:30 MG, Forma Farmacêutica:Microgrânulos De Liberação Lenta"
18630,Duloxetina,302441,"302441 - Duloxetina, Concentração:20 MG, Forma Farmacêutica:Microgrânulos De Liberação Lenta"
18632,Ganirrelix,448708,"448708 - Ganirrelix, Composição:Acetato, Concentração:0,5 MG/ML, Forma Farmacêutica:Solução Injetável, Características Adicionais:Seringa Preenchida"
18634,Podofilina,433913,"433913 - Podofilina, Concentração:30%, Forma Farmacêutica:Solução Hidroalcoólica Tópica, Característica Adicional:Especialmente Manipulada"
18634,Podofilina,433912,"433912 - Podofilina, Concentração:30%, Forma Farmacêutica:Pomada, Característica Adicional:Especialmente Manipulada"
18634,Podofilina,431163,"431163 - Podofilina, Concentração:20%, Forma Farmacêutica:Solução Hidroalcoólica Tópica, Característica Adicional:Especialmente Manipulada"
18634,Podofilina,428258,"428258 - Podofilina, Concentração:10%, Forma Farmacêutica:Solução Hidroalcoólica Tópica, Característica Adicional:Especialmente Manipulada"
18634,Podofilina,415027,"415027 - Podofilina, Concentração:25%, Forma Farmacêutica:Solução Hidroalcoólica Tópica, Característica Adicional:Especialmente Manipulada"
18634,Podofilina,353875,"353875 - Podofilina, Concentração:25%, Forma Farmacêutica:Pomada, Característica Adicional:Especialmente Manipulada"
18635,Ácido Gama-Aminobutírico,638272,"638272 - Ácido Gama-Aminobutírico, Concentração:500 MG"
18635,Ácido Gama-Aminobutírico,302622,"302622 - Ácido Gama-Aminobutírico, Concentração:200 MG/ML, Forma Farmacêutica:Xarope"
18635,Ácido Gama-Aminobutírico,302621,"302621 - Ácido Gama-Aminobutírico, Concentração:250 MG"
18640,Sofosbuvir,629788,"629788 - Sofosbuvir, Composição:Associado Ao Velpatasvir, Concentração: 200 Mg + 50 MG, Forma Farmacêutica:Pó Oral"
18640,Sofosbuvir,477885,"477885 - Sofosbuvir, Composição:Associado Ao Velpatasvir E Voxilaprevir, Concentração:400 Mg + 100 Mg + 100 MG"
18640,Sofosbuvir,449569,"449569 - Sofosbuvir, Composição:Associado Ao Velpatasvir, Concentração:400 Mg + 100 MG"
18640,Sofosbuvir,434251,"434251 - Sofosbuvir, Composição:Associado Ao Ledipasvir, Concentração:400 Mg + 90 MG"
18640,Sofosbuvir,431599,"431599 - Sofosbuvir, Concentração:400 MG"
18641,Glicina,632411,"632411 - Glicina, Composição:L-Glicina, Concentração:100 MG/ML, Forma Farmacêutica:Solução Oral, Adicional:Formulação Especialmente Manipulada"
18641,Glicina,303885,"303885 - Glicina, Concentração:15 MG/ML, Forma Farmacêutica:Solução Estéril, Apirogênica"
18647,Timomodulina,304182,"304182 - Timomodulina, Concentração:200 MG/ML, Forma Farmacêutica:Xarope"
18647,Timomodulina,304181,"304181 - Timomodulina, Concentração:80 MG, Forma Farmacêutica:Em Microgrânulos"
18649,Perfluoroctano,304279,"304279 - Perfluoroctano, Aspecto Físico:Líquido, Densidade:Densidade Aproximada Entre 1,6 E 1,8, Esterilidade:Estéril, Características Adicionais:Atóxico, Aplicação:Uso Intra-Ocular"
18631,Flutrimazol,618500,"618500 - Flutrimazol, Concentração:0,01 G/ML, Forma Farmacêutica:Solução Tópica, Característica Adicional:Spray"
18631,Flutrimazol,302446,"302446 - Flutrimazol, Concentração:10 MG/G, Forma Farmacêutica:Creme"
18659,Cinacalcete,304790,"304790 - Cinacalcete, Concentração:60 MG"
18659,Cinacalcete,304788,"304788 - Cinacalcete, Concentração:30 MG"
18659,Cinacalcete,304789,"304789 - Cinacalcete, Concentração:90 MG"
18666,Maprotilina Cloridrato,305484,"305484 - Maprotilina Cloridrato, Concentração:75 MG"
18666,Maprotilina Cloridrato,305483,"305483 - Maprotilina Cloridrato, Concentração:25 MG"
18667,Mebeverina Cloridrato,305487,"305487 - Mebeverina Cloridrato, Concentração:200 MG, Forma Farmacêutica:Liberação Prolongada"
18667,Mebeverina Cloridrato,305486,"305486 - Mebeverina Cloridrato, Concentração:135 MG"
18669,Pioglitazona Cloridrato,305493,"305493 - Pioglitazona Cloridrato, Concentração:15 MG"
18669,Pioglitazona Cloridrato,305492,"305492 - Pioglitazona Cloridrato, Concentração:30 MG"
18669,Pioglitazona Cloridrato,305491,"305491 - Pioglitazona Cloridrato, Concentração:45 MG"
18670,Didrogesterona,305494,"305494 - Didrogesterona, Concentração:10 MG"
18672,Norepinefrina,442584,"442584 - Norepinefrina, Concentração:2 MG/ML, Forma Farmacêutica:Solução Injetável"
18678,Cinchocaína Cloridrato,306444,"306444 - Cinchocaína Cloridrato, Concentração:11 MG/G, Forma Farmacêutica:Pomada"
18683,Bisglicinato De Cálcio,404075,"404075 - Bisglicinato De Cálcio, Concentração:250 MG, Forma Farmacêutica:Pó Oral"
18683,Bisglicinato De Cálcio,393809,"393809 - Bisglicinato De Cálcio, Concentração:500 MG, Forma Farmacêutica:Pó Oral"
18685,Nateglinida,306685,"306685 - Nateglinida, Concentração:120 MG"
18686,Nicergolina,306686,"306686 - Nicergolina, Concentração:30 MG"
18687,Alfuzosina Cloridrato,306687,"306687 - Alfuzosina Cloridrato, Concentração:10 MG"
18689,Oseltamivir Fosfato,412419,"412419 - Oseltamivir Fosfato, Concentraçao:12 MG, Característica Adicional:Formulação Especialmente Manipulada"
18689,Oseltamivir Fosfato,379962,"379962 - Oseltamivir Fosfato, Concentraçao:45 MG"
18689,Oseltamivir Fosfato,379902,"379902 - Oseltamivir Fosfato, Concentraçao:30 MG"
18689,Oseltamivir Fosfato,351704,"351704 - Oseltamivir Fosfato, Concentraçao:12 MG/ML, Forma Farmacêutica:Pó P/ Suspensão Oral"
18689,Oseltamivir Fosfato,306947,"306947 - Oseltamivir Fosfato, Concentração:75 MG"
18689,Oseltamivir Fosfato,412376,"412376 - Oseltamivir Fosfato, Concentraçao:20 MG, Característica Adicional:Formulação Especialmente Manipulada"
18689,Oseltamivir Fosfato,412375,"412375 - Oseltamivir Fosfato, Concentraçao:25 MG, Característica Adicional:Formulação Especialmente Manipulada"
18696,Blinatumomabe,441571,"441571 - Blinatumomabe, Concentração:38,5 MCG, Forma Farmacêutica:Pó Liófilo P/ Injetável"
18702,Coaltar,414661,"414661 - Coaltar, Composição:Associado Ao Ácido Acetilsalicílico, Concentração:50 Mg + 40 MG/ML, Forma Farmacêutica:Xampu, Característica Adicional:Especialmente Manipulado"
18702,Coaltar,395837,"395837 - Coaltar, Composição:Alcatrão De Hulha, Concentração:10 MG/G, Forma Farmacêutica:Pomada, Característica Adicional:Especialmente Manipulado"
18702,Coaltar,395722,"395722 - Coaltar, Composição:Alcatrão De Hulha, Concentração:17,5 MG/G, Forma Farmacêutica:Gel"
18702,Coaltar,332983,"332983 - Coaltar, Composição:Alcatrão De Hulha, Em Vaselina, Concentração:40 MG/ML, Forma Farmacêutica:Solução Oleosa Tópica, Característica Adicional:Especialmente Manipulado"
18702,Coaltar,332984,"332984 - Coaltar, Composição:Alcatrão De Hulha, Concentração:40 MG/ML, Forma Farmacêutica:Shampoo"
18702,Coaltar,308128,"308128 - Coaltar, Composição:Alcatrão De Hulha, Concentração:40 MG/ML, Forma Farmacêutica:Solução Tópica"
18665,Citrato De Potássio,603198,"603198 - Citrato De Potássio, Concentração:15 MEQ, Forma Farmacêutica:Absorção Retardada"
18665,Citrato De Potássio,348371,"348371 - Citrato De Potássio, Composição:Sal Monohidratado, Concentração:1 Meq Ou 108,13 MG/ML, Forma Farmacêutica:Solução Oral, Característica Adicional:Formulação Especialmente Manipulada"
18665,Citrato De Potássio,305450,"305450 - Citrato De Potássio, Concentração:10 Meq, Forma Farmacêutica:Absorção Retardada"
18665,Citrato De Potássio,305449,"305449 - Citrato De Potássio, Concentração:5 Meq, Forma Farmacêutica:Absorção Retardada"
18664,Carmelose Sódica,442392,"442392 - Carmelose Sódica, Composição:Associado Ao Glicerol E Polissorbato 80, Concentração:5 Mg/Ml + 10 Mg/Ml + 5 MG/ML, Forma Farmacêutica:Emulsão Oftálmica"
18664,Carmelose Sódica,395063,"395063 - Carmelose Sódica, Concentração:10 MG/ML, Forma Farmacêutica:Spray Oral"
18664,Carmelose Sódica,383409,"383409 - Carmelose Sódica, Composição:Associada À Glicerina, Concentração:5 + 9 MG/ML, Forma Farmacêutica:Solução Oftálmica"
18664,Carmelose Sódica,305429,"305429 - Carmelose Sódica, Concentração:10 MG/ML, Forma Farmacêutica:Solução Oftálmica"
18664,Carmelose Sódica,305428,"305428 - Carmelose Sódica, Concentração:5 MG/ML, Forma Farmacêutica:Solução Oftálmica"
18682,Peróxido De Benzoíla,608057,"608057 - Peróxido De Benzoíla, Composição:Associado Ao Adapaleno, Concentração:25 Mg/G + 1 MG/G, Forma Farmacêutica:Gel Tópico"
18682,Peróxido De Benzoíla,384537,"384537 - Peróxido De Benzoíla, Concentração:2,5%, Forma Farmacêutica:Gel Tópico"
18682,Peróxido De Benzoíla,366861,"366861 - Peróxido De Benzoíla, Concentração:5%, Forma Farmacêutica:Gel Tópico"
18682,Peróxido De Benzoíla,366860,"366860 - Peróxido De Benzoíla, Concentração:10%, Forma Farmacêutica:Gel Tópico"
18708,Flucitosina,308373,"308373 - Flucitosina, Concentração:500 MG"
18714,Sunitinibe,344564,"344564 - Sunitinibe, Composição:Malato, Concentração:50 MG"
18714,Sunitinibe,344563,"344563 - Sunitinibe, Composição:Malato, Concentração:12,5 MG"
18714,Sunitinibe,344562,"344562 - Sunitinibe, Composição:Malato, Concentração:25 MG"
18716,Omalizumabe,452740,"452740 - Omalizumabe, Concentração:150 MG, Forma Farmacêutica:Injetável"
18716,Omalizumabe,452739,"452739 - Omalizumabe, Concentração:75 MG, Forma Farmacêutica:Injetável"
18727,Laronidase,310761,"310761 - Laronidase, Concentração:0,58 MG/ML, Forma Farmacêutica:Solução Injetável"
18741,Bevacizumabe,311390,"311390 - Bevacizumabe, Concentração:25 MG/ML, Forma Farmaceutica:Solução Injetável"
18755,Erlotinibe,367523,"367523 - Erlotinibe, Concentração:25 MG"
18755,Erlotinibe,312569,"312569 - Erlotinibe, Dosagem:150 MG"
18755,Erlotinibe,312568,"312568 - Erlotinibe, Dosagem:100 MG"
18758,Fluormetolona Acetato,331166,"331166 - Fluormetolona Acetato, Concentração:2,5 MG/ML, Forma Farmacêutica:Suspensão Oftálmica"
18758,Fluormetolona Acetato,312860,"312860 - Fluormetolona Acetato, Concentração:1 MG/ML, Forma Farmacêutica:Suspensão Oftálmica"
18758,Fluormetolona Acetato,394149,"394149 - Fluormetolona Acetato, Composição:Associada À Neomicina Sulfato, Concentração:1 Mg + 5,5 MG/ML, Forma Farmacêutica:Suspensão Oftálmica"
18762,Tipranavir,313000,"313000 - Tipranavir, Concentração:250 MG"
18762,Tipranavir,390333,"390333 - Tipranavir, Concentração:100 MG/ML, Forma Farmacêutica:Solução Oral"
18757,Ferro Elementar,622967,"622967 - Ferro Elementar, Concentração:100 MG/ML, Forma Farmacêutica:Solução Oral - Gotas"
18757,Ferro Elementar,600220,"600220 - Ferro Elementar, Composição:Associado Ao Ácido Fólico E Vit. B12, Concentração:21 Mg/Ml + 0,25 Mg/Ml + 7,5 MCG/ML, Forma Farmacêutica:Solução Oral - Gotas"
18757,Ferro Elementar,480487,"480487 - Ferro Elementar, Concentração:10 MG/ML, Forma Farmacêutica:Suspensão Oral"
18757,Ferro Elementar,480486,"480486 - Ferro Elementar, Concentração:50 MG/ML, Forma Farmacêutica:Suspensão Oral Gotas"
18757,Ferro Elementar,480485,"480485 - Ferro Elementar, Concentração:60 MG"
18757,Ferro Elementar,480484,"480484 - Ferro Elementar, Concentração:30 MG"
18757,Ferro Elementar,479944,"479944 - Ferro Elementar, Concentração:100 MG"
18757,Ferro Elementar,400977,"400977 - Ferro Elementar, Concentração:52,63 MG/ML, Forma Farmacêutica:Suspensão Oral"
18757,Ferro Elementar,400973,"400973 - Ferro Elementar, Concentração:263,16 MG/ML, Forma Farmacêutica:Suspensão Oral Gotas"
18773,Policresuleno,396356,"396356 - Policresuleno, Composição:Associado À Cinchocaína Cloridrato, Concentração:100 Mg + 27 MG, Forma Farmacêutica:P/ Uso Retal"
18773,Policresuleno,367725,"367725 - Policresuleno, Composição:Associado À Cinchocaína Cloridrato, Concentração:50 Mg + 10 MG/G, Forma Farmacêutica:Pomada Retal, Característica Adicional:Com Aplicador"
18773,Policresuleno,313595,"313595 - Policresuleno, Composição:Associado À Cinchocaína Cloridrato, Concentração:100 Mg + 10 MG/G, Forma Farmacêutica:Pomada Retal"
18773,Policresuleno,313592,"313592 - Policresuleno, Concentração:360 MG/ML, Forma Farmacêutica:Solução Tópica Ginecológica"
18773,Policresuleno,313591,"313591 - Policresuleno, Concentração:18 MG/G, Forma Farmacêutica:Gel Ginecológico, Característica Adicional:Com Aplicador"
18773,Policresuleno,313593,"313593 - Policresuleno, Concentração:90 MG, Forma Farmacêutica:Óvulo"
18774,Fosfato De Potássio,631109,"631109 - Fosfato De Potássio, Composição:Monobásico E Dibásico, Concentração:45 G + 235 G, Forma Farmacêutica:Xarope, Característica Adicional:Medicamento Especialmente Manipulado"
18774,Fosfato De Potássio,333662,"333662 - Fosfato De Potássio, Composição:Monobásico, Concentração:60 Mg/Ml, Forma Farmacêutica:Solução Oral, Característica Adicional:Medicamento Especialmente Manipulado"
18774,Fosfato De Potássio,313689,"313689 - Fosfato De Potássio, Composição:Monobásico E Dibásico, Concentração:2 Meq/Ml, Forma Farmacêutica:Solução Injetável"
18780,Mucopolissacarídeo,440055,"440055 - Mucopolissacarídeo, Composição:Polissulfato, Concentração:5 MG/G, Forma Farmacêutica:Gel"
18780,Mucopolissacarídeo,440054,"440054 - Mucopolissacarídeo, Composição:Polissulfato, Concentração:3 MG/G, Forma Farmacêutica:Pomada"
18780,Mucopolissacarídeo,440053,"440053 - Mucopolissacarídeo, Composição:Polissulfato, Concentração:3 MG/G, Forma Farmacêutica:Gel"
18780,Mucopolissacarídeo,439202,"439202 - Mucopolissacarídeo, Composição:Associados À Alfamilase E Alfaquimotripsina, Concentração:0,625 Mg + 31,25 Mg + 0,375 MG"
18780,Mucopolissacarídeo,394918,"394918 - Mucopolissacarídeo, Composição:Em Sal Polissulfato, Concentração:5 MG/G, Forma Farmacêutica:Pomada"
18786,Entecavir,315089,"315089 - Entecavir, Concentração:1 MG"
18786,Entecavir,315088,"315088 - Entecavir, Concentração:0,5 MG"
18795,Palonosetrona Cloridrato,453502,"453502 - Palonosetrona Cloridrato, Composição:Associado Ao Netupitanto, Concentração:0,56 Mg + 300 MG"
18795,Palonosetrona Cloridrato,315610,"315610 - Palonosetrona Cloridrato, Concentração:0,05 MG/ML, Forma Farmacêutica:Solução Injetável"
18797,Enfuvirtida,466654,"466654 - Enfuvirtida, Concentraçao:150 MG"
18797,Enfuvirtida,466653,"466653 - Enfuvirtida, Concentraçao:35 MG"
18797,Enfuvirtida,336183,"336183 - Enfuvirtida, Concentração:108 MG, Forma Farmacêutica:Pó Liófilo P/ Injetável"
18806,Dimercaprol,628327,"628327 - Dimercaprol, Concentração:300 MG, Adicional:Especialmente Manipulado"
18806,Dimercaprol,474855,"474855 - Dimercaprol, Concentração:150 MG, Adicional:Especialmente Manipulado"
18806,Dimercaprol,317287,"317287 - Dimercaprol, Concentração:100 MG/ML, Forma Farmacêutica:Solução Injetável"
18814,Palivizumabe,446467,"446467 - Palivizumabe, Concentração:100 MG/ML, Forma Farmacêutica:Solução Injetável"
18814,Palivizumabe,426668,"426668 - Palivizumabe, Concentração:50 MG, Forma Farmacêutica:Pó Liófilo P/ Injetável"
18814,Palivizumabe,333446,"333446 - Palivizumabe, Concentração:100 MG, Forma Farmacêutica:Pó Liófilo P/ Injetável"
18798,Pseudoefedrina,602514,"602514 - Pseudoefedrina, Composição:Associada À Desloratadina, Concentração:120 Mg + 2,5 MG, Adicionais:Liberação Prolongada"
18798,Pseudoefedrina,452409,"452409 - Pseudoefedrina, Composição:Associado À Guaifenesina E Dexclorfeniramina, Concentração:4 Mg/Ml + 20 Mg/Ml + 0,4 MG/ML, Forma Farmacêutica:Solução Oral"
18798,Pseudoefedrina,396410,"396410 - Pseudoefedrina, Composição:Associada Com Triprolidina, Concentração:6 Mg + 2,5 MG/ML, Forma Farmacêutica:Xarope"
18798,Pseudoefedrina,396409,"396409 - Pseudoefedrina, Composição:Associada Com Triprolidina, Concentração:60 Mg + 2,5 MG"
18794,Monossialogangliosídeo,315607,"315607 - Monossialogangliosídeo, Concentração:50 MG/ML, Forma Farmacêutica:Solução Injetável, Característica Adicional:Com Seringa E Agulha"
18794,Monossialogangliosídeo,315606,"315606 - Monossialogangliosídeo, Concentração:20 MG/ML, Forma Farmacêutica:Solução Injetável, Característica Adicional:Com Seringa E Agulha"
18794,Monossialogangliosídeo,315605,"315605 - Monossialogangliosídeo, Concentração:10 MG/ML, Forma Farmacêutica:Solução Injetável, Característica Adicional:Com Seringa E Agulha"
18794,Monossialogangliosídeo,315604,"315604 - Monossialogangliosídeo, Concentração:20 MG/ML, Forma Farmacêutica:Solução Injetável"
18794,Monossialogangliosídeo,315603,"315603 - Monossialogangliosídeo, Concentração:10 MG/ML, Forma Farmacêutica:Solução Injetável"
18794,Monossialogangliosídeo,315602,"315602 - Monossialogangliosídeo, Concentração:5 MG/ML, Forma Farmacêutica:Solução Injetável"
18824,Sulbutiamina,320338,"320338 - Sulbutiamina, Concentração:200 MG"
18827,Benazepril  Cloridrato,320830,"320830 - Benazepril  Cloridrato, Composição:Associado Com Hidroclorotiazida, Concentração:5 Mg + 6,25 MG"
18827,Benazepril  Cloridrato,320829,"320829 - Benazepril  Cloridrato, Composição:Associado Com Hidroclorotiazida, Concentração:10 Mg + 12,5 MG"
18827,Benazepril  Cloridrato,320825,"320825 - Benazepril  Cloridrato, Concentração:10 MG"
18827,Benazepril  Cloridrato,320824,"320824 - Benazepril  Cloridrato, Concentração:5 MG"
18839,Alfalutropina,322033,"322033 - Alfalutropina, Concentração:75 UI, Forma Farmacêutica:Pó Liófilo P/ Injetável"
18847,Fanciclovir,322435,"322435 - Fanciclovir, Concentração:500 MG"
18847,Fanciclovir,322436,"322436 - Fanciclovir, Concentração:125 MG"
18847,Fanciclovir,322434,"322434 - Fanciclovir, Concentração:250 MG"
18850,Econazol,322821,"322821 - Econazol, Composição:Nitrato, Concentração:10 MG/G, Forma Farmacêutica:Loção"
18855,Rosa Bengala,323152,"323152 - Rosa Bengala, Concentração:1%, Forma Farmacêutica:Solução Oftálmica"
18857,Atosibana Acetato,323359,"323359 - Atosibana Acetato, Concentração:7,5 MG/ML, Forma Farmacêutica:Injetável"
18858,Cetuximabe,390008,"390008 - Cetuximabe, Concentraçao:5 MG/ML, Forma Farmaceutica:Solução Injetável"
18856,Citrato De Magnésio,623340,"623340 - Citrato De Magnésio, Concentração:500 MG, Forma Farmacêutica:Pó Para Solução Oral, Característica Adicional:Formulação Especialmente Manipulada"
18856,Citrato De Magnésio,416266,"416266 - Citrato De Magnésio, Concentração:200 MG/G, Forma Farmacêutica:Pó Para Solução Oral, Característica Adicional:Formulação Especialmente Manipulada"
18859,Fosfato Tricálcico,638471,"638471 - Fosfato Tricálcico, Concentração:3,19%, Forma Farmacêutica:Suspensão Oral, Característica Adicional:Medicamento Especialmente Manipulado"
18859,Fosfato Tricálcico,486687,"486687 - Fosfato Tricálcico, Composição:Cálcio + Fósforo, Concentração:68 Mg/Ml + 34 MG/ML, Forma Farmacêutica:Solução Oral, Característica Adicional:Medicamento Especialmente Manipulado"
18859,Fosfato Tricálcico,465073,"465073 - Fosfato Tricálcico, Composição:Cálcio + Fósforo, Concentração:50 Mg/Ml + 25 MG/ML, Forma Farmacêutica:Suspensão Oral, Característica Adicional:Medicamento Especialmente Manipulado"
18859,Fosfato Tricálcico,462251,"462251 - Fosfato Tricálcico, Concentração:13%, Forma Farmacêutica:Solução Oral, Característica Adicional:Medicamento Especialmente Manipulado"
18859,Fosfato Tricálcico,448883,"448883 - Fosfato Tricálcico, Composição:Associado Ao Colecalciferol, Concentração:600 Mg + 400 UI"
18859,Fosfato Tricálcico,445486,"445486 - Fosfato Tricálcico, Concentração:12,9%, Forma Farmacêutica:Solução Oral, Característica Adicional:Medicamento Especialmente Manipulado"
18859,Fosfato Tricálcico,428637,"428637 - Fosfato Tricálcico, Concentração:38 MG/ML, Forma Farmacêutica:Solução Oral, Característica Adicional:Medicamento Especialmente Manipulado"
18859,Fosfato Tricálcico,424389,"424389 - Fosfato Tricálcico, Concentração:129 MG/ML, Forma Farmacêutica:Solução Oral, Característica Adicional:Medicamento Especialmente Manipulado"
18859,Fosfato Tricálcico,323713,"323713 - Fosfato Tricálcico, Composição:Cálcio + Fósforo, Concentração:60 + 32 MG/ML, Forma Farmacêutica:Suspensão Oral, Característica Adicional:Medicamento Especialmente Manipulado"
18859,Fosfato Tricálcico,358630,"358630 - Fosfato Tricálcico, Composição:Associado À Fluoreto De Sódio, Concentração:10 + 0,1 MG/ML, Forma Farmacêutica:Suspensão Oral"
18877,Manidipino,325456,"325456 - Manidipino, Concentração:10 MG"
18877,Manidipino,324587,"324587 - Manidipino, Concentração:20 MG"
18891,Rutosideo,396105,"396105 - Rutosideo, Concentração:20 MG/G, Forma Farmacêutica:Gel"
18891,Rutosideo,396104,"396104 - Rutosideo, Concentração:300 MG"
18891,Rutosideo,396103,"396103 - Rutosideo, Concentração:500 MG"
18894,Hemina,479459,"479459 - Hemina, Concentração*:350 MG, Forma Farmaceutica:Pó Liófilo P/ Injetável"
18894,Hemina,409659,"409659 - Hemina, Concentração*:25 MG/ML, Forma Farmaceutica:Concentrado P/ Solução Para Perfusão"
18894,Hemina,325443,"325443 - Hemina, Dosagem:313 MG, Forma Farmacêutica:Injetável"
18908,Deferasirox,325838,"325838 - Deferasirox, Concentração:125 MG, Forma Farmacêutica:Comprimido Dispersível"
18908,Deferasirox,325837,"325837 - Deferasirox, Concentração:500 MG, Forma Farmacêutica:Comprimido Dispersível"
18908,Deferasirox,325836,"325836 - Deferasirox, Concentração:250 MG, Forma Farmacêutica:Comprimido Dispersível"
18910,Trisglicinato De Ferro,466979,"466979 - Trisglicinato De Ferro, Concentração:4 MG/ML, Forma Farmacêutica:Xarope, Adicional:Formulação Especialmente Manipulada"
18910,Trisglicinato De Ferro,393939,"393939 - Trisglicinato De Ferro, Concentração:50 MG/ML, Forma Farmacêutica:Suspensão Oral - Gotas"
18910,Trisglicinato De Ferro,326613,"326613 - Trisglicinato De Ferro, Concentração:500 MG, Forma Farmacêutica:Comprimido Mastigável"
18910,Trisglicinato De Ferro,406941,"406941 - Trisglicinato De Ferro, Concentração:30 MG"
18910,Trisglicinato De Ferro,326614,"326614 - Trisglicinato De Ferro, Concentração:150 MG"
18910,Trisglicinato De Ferro,326611,"326611 - Trisglicinato De Ferro, Concentração:100 MG/ML, Forma Farmacêutica:Xarope"
18910,Trisglicinato De Ferro,326610,"326610 - Trisglicinato De Ferro, Concentração:50 MG/ML, Forma Farmacêutica:Xarope"
18910,Trisglicinato De Ferro,326609,"326609 - Trisglicinato De Ferro, Concentração:100 MG/ML, Forma Farmacêutica:Solução Injetável"
18910,Trisglicinato De Ferro,326057,"326057 - Trisglicinato De Ferro, Concentração:300 MG"
18931,Azul De Trypan,363099,"363099 - Azul De Trypan, Concentração:0,1%, Forma Farmacêutica:Solução Oftálmica"
18931,Azul De Trypan,363098,"363098 - Azul De Trypan, Concentração:0,25%, Forma Farmacêutica:Solução Oftálmica"
18931,Azul De Trypan,327563,"327563 - Azul De Trypan, Concentração:0,1%, Forma Farmacêutica:Corante Intra-Ocular, Solução Injetável"
18931,Azul De Trypan,327324,"327324 - Azul De Trypan, Concentração:1%, Forma Farmacêutica:Corante Intra-Ocular, Solução Injetável"
18934,Permanganato De Potássio,482011,"482011 - Permanganato De Potássio, Concentração:1: 80.000, Forma Farmacêutica:Solução Tópica, Adicional:Formulação Especialmente Manipulada"
18934,Permanganato De Potássio,482010,"482010 - Permanganato De Potássio, Concentração:1: 60.000, Forma Farmacêutica:Solução Tópica, Adicional:Formulação Especialmente Manipulada"
18934,Permanganato De Potássio,482009,"482009 - Permanganato De Potássio, Concentração:1: 40.000, Forma Farmacêutica:Solução Tópica, Adicional:Formulação Especialmente Manipulada"
18934,Permanganato De Potássio,481787,"481787 - Permanganato De Potássio, Concentração:1: 20.000, Forma Farmacêutica:Solução Tópica, Adicional:Formulação Especialmente Manipulada"
18934,Permanganato De Potássio,368170,"368170 - Permanganato De Potássio, Concentração:A 6%, Forma Farmacêutica:Solução Tópica"
18934,Permanganato De Potássio,327701,"327701 - Permanganato De Potássio, Concentração:1: 10.000, Forma Farmacêutica:Solução Tópica"
18934,Permanganato De Potássio,327700,"327700 - Permanganato De Potássio, Concentração:1: 1.000, Forma Farmacêutica:Solução Tópica"
18934,Permanganato De Potássio,327699,"327699 - Permanganato De Potássio, Concentração:100 Mg"
18949,Tadalafila,412833,"412833 - Tadalafila, Concentração:5 MG"
18949,Tadalafila,329341,"329341 - Tadalafila, Concentração:20 MG"
18950,Pizotifeno,329352,"329352 - Pizotifeno, Composição:Maleato Ácido, Concentração:0,5 MG"
18964,Sorafenibe Tosilato,330335,"330335 - Sorafenibe Tosilato, Concentração:200 MG"
18971,Galsulfase,330537,"330537 - Galsulfase, Concentração:1 MG/ML, Forma Farmacêutica:Concentrado Para Perfusão Injetável"
18983,Sitagliptina,331389,"331389 - Sitagliptina, Composição:Sal Fosfato, Concentração:100 MG"
18983,Sitagliptina,331388,"331388 - Sitagliptina, Composição:Sal Fosfato, Concentração:50 MG"
18983,Sitagliptina,331387,"331387 - Sitagliptina, Composição:Sal Fosfato, Concentração:25 MG"
18988,Tigeciclina,331539,"331539 - Tigeciclina, Concentração:50 MG, Forma Farmacêutica:Pó Liófilo P/ Injetável"
18993,Pemetrexede,405216,"405216 - Pemetrexede, Dosagem:100 MG, Forma Farmacêutica:Pó Liófilo P/ Injetável"
18993,Pemetrexede,331938,"331938 - Pemetrexede, Dosagem:500 MG, Forma Farmacêutica:Pó Liófilo P/ Injetável"
18995,Pegaptanibe Sódico,332313,"332313 - Pegaptanibe Sódico, Concentração:3,47 MG/ML, Forma Farmacêutica:Solução Injetável Intra-Ocular"
18999,Idursulfase,436347,"436347 - Idursulfase, Composição:Beta, Concentração:2 MG/ML, Forma Farmacêutica:Solução P/ Infusão Venosa"
18999,Idursulfase,332383,"332383 - Idursulfase, Concentração:2 MG/ML, Forma Farmacêutica:Solução P/ Infusão Venosa"
19005,Mepartricina,424222,"424222 - Mepartricina, Composição:Associada À Tetraciclina Cloridrato, Concentração:5.000 Ui + 20 MG/G, Forma Farmacêutica:Creme Vaginal, Característica Adicional:C/ Aplicadores"
19009,Darunavir,467031,"467031 - Darunavir, Concentração:800 MG"
19009,Darunavir,393781,"393781 - Darunavir, Concentração:150 MG"
19009,Darunavir,393780,"393780 - Darunavir, Concentração:600 MG"
19009,Darunavir,393779,"393779 - Darunavir, Concentração:75 MG"
19009,Darunavir,332764,"332764 - Darunavir, Concentração:300 MG"
19010,Eflornitina,332911,"332911 - Eflornitina, Composição:Cloridrato, Concentração:139 MG/G, Forma Farmacêutica:Creme"
19017,Hidrato De Cloral,379469,"379469 - Hidrato De Cloral, Concentração:100 MG/ML, Forma Farmacêutica:Solução Oral, Característica Adicional:Especialmente Manipulado"
19017,Hidrato De Cloral,362803,"362803 - Hidrato De Cloral, Concentração:20 MG/ML, Forma Farmacêutica:Solução Oral, Característica Adicional:Especialmente Manipulado"
19017,Hidrato De Cloral,360351,"360351 - Hidrato De Cloral, Concentração:200 MG/ML, Forma Farmacêutica:Solução Oral, Característica Adicional:Especialmente Manipulado"
19017,Hidrato De Cloral,349776,"349776 - Hidrato De Cloral, Concentração:200 MG/ML, Forma Farmacêutica:Xarope, Característica Adicional:Especialmente Manipulado"
19017,Hidrato De Cloral,348346,"348346 - Hidrato De Cloral, Concentração:160 MG/ML, Forma Farmacêutica:Xarope, Característica Adicional:Especialmente Manipulado"
19017,Hidrato De Cloral,342751,"342751 - Hidrato De Cloral, Concentração:40 MG/ML, Forma Farmacêutica:Xarope, Característica Adicional:Especialmente Manipulado"
19017,Hidrato De Cloral,333660,"333660 - Hidrato De Cloral, Concentração:150 MG/ML, Forma Farmacêutica:Solução Oral, Característica Adicional:Especialmente Manipulado"
19017,Hidrato De Cloral,410714,"410714 - Hidrato De Cloral, Concentração:160 MG/ML, Forma Farmacêutica:Solução Oral, Característica Adicional:Especialmente Manipulado"
19017,Hidrato De Cloral,386175,"386175 - Hidrato De Cloral, Concentração:250 MG/ML, Forma Farmacêutica:Xarope, Característica Adicional:Especialmente Manipulado"
19024,Óxido De Magnésio,465024,"465024 - Óxido De Magnésio, Concentração:250 MG, Forma Farmacêutica:Especialmente Manipulado"
19024,Óxido De Magnésio,334141,"334141 - Óxido De Magnésio, Concentração:300 MG, Forma Farmacêutica:Especialmente Manipulado"
18998,Cidofovir,332382,"332382 - Cidofovir, Concentração:75 MG/ML, Forma Farmacêutica:Solução P/ Infusão Venosa"
19037,Verteporfina,336107,"336107 - Verteporfina, Concentração:15 MG, Forma Farmacêutica:Pó Liófilo P/ Injetável"
19046,Fosamprenavir,336680,"336680 - Fosamprenavir, Concentração:700 MG"
19046,Fosamprenavir,390354,"390354 - Fosamprenavir, Concentraçao:50 MG/ML, Forma Farmacêutica:Suspensão Oral"
19067,Vareniclina Tartarato,448773,"448773 - Vareniclina Tartarato, Concentração:0,5 Mg + 1 MG"
19067,Vareniclina Tartarato,340118,"340118 - Vareniclina Tartarato, Concentração:1 MG"
19067,Vareniclina Tartarato,340117,"340117 - Vareniclina Tartarato, Concentração:0,5 MG"
19073,Podofilotoxina,341064,"341064 - Podofilotoxina, Concentração:1,5 MG/G, Forma Farmacêutica:Creme, Característica Adicional:Com Acessórios P/ Aplicação"
19073,Podofilotoxina,341063,"341063 - Podofilotoxina, Concentração:5 MG/ML, Forma Farmacêutica:Solução Tópica, Característica Adicional:Com Acessórios P/ Aplicação"
19086,Exametazima,341591,"341591 - Exametazima, Concentração:0,5 MG, Forma Farmacêutica:Pó Liófilo P/ Injetável"
19087,Perfluoropropano,341616,"341616 - Perfluoropropano, Composição:Em Microesferas Lipídicas, Concentraçao:6,52 MG/ML, Forma Farmaceutica:Suspensão Injetável"
19090,Fluvoxamina Maleato,341851,"341851 - Fluvoxamina Maleato, Concentração:100 MG"
19090,Fluvoxamina Maleato,341850,"341850 - Fluvoxamina Maleato, Concentração:50 MG"
19113,Polidocanol,473230,"473230 - Polidocanol, Concentração:20 MG/ML, Forma Farmacêutica:Solução Injetável, Adicional:Formulação Especialmente Manipulada"
19113,Polidocanol,473229,"473229 - Polidocanol, Concentração:2,5 MG/ML, Forma Farmacêutica:Solução Injetável, Adicional:Formulação Especialmente Manipulada"
19113,Polidocanol,343633,"343633 - Polidocanol, Concentração:30 MG/ML, Forma Farmacêutica:Solução Injetável"
19113,Polidocanol,343632,"343632 - Polidocanol, Concentração:10 MG/ML, Forma Farmacêutica:Solução Injetável"
19113,Polidocanol,343631,"343631 - Polidocanol, Concentração:5 MG/ML, Forma Farmacêutica:Solução Injetável"
19125,Miglustate,345001,"345001 - Miglustate, Concentração:100 MG"
19132,Alfadrotrecogina,345538,"345538 - Alfadrotrecogina, Concentração:20 MG, Forma Farmacêutica:Pó Liófilo P/ Injetável"
19132,Alfadrotrecogina,345537,"345537 - Alfadrotrecogina, Concentração:5 MG, Forma Farmacêutica:Pó Liófilo P/ Injetável"
19137,Lactato De Amônio,346231,"346231 - Lactato De Amônio, Composição:Associado À Alantoína, Concentração:120 Mg + 1 MG/ML, Forma Farmacêutica:Loção Cremosa, Característica Adicional:Formulação Especialmente Manipulada"
19137,Lactato De Amônio,346232,"346232 - Lactato De Amônio, Composição:Associado À Alantoína, Concentração:120 Mg + 5 MG/ML, Forma Farmacêutica:Loção Cremosa, Característica Adicional:Formulação Especialmente Manipulada"
19138,Hidroquinona,607986,"607986 - Hidroquinona, Concentração:40 MG/G, Forma Farmacêutica:Creme"
19138,Hidroquinona,391324,"391324 - Hidroquinona, Composição:Associada À Fluocinolona Acetonida E Tretinoína, Concentração:4% + 0,01% + 0,05%, Forma Farmacêutica:Creme"
19138,Hidroquinona,346238,"346238 - Hidroquinona, Concentração:50 MG/ML, Forma Farmacêutica:Solução Hidroalcoólica Tópica, Característica Adicional:Formulação Especialmente Manipulada"
19138,Hidroquinona,385450,"385450 - Hidroquinona, Concentração:40 MG/G, Forma Farmacêutica:Gel"
19111,Ureia,619948,"619948 - Ureia, Concentração:100 MG/G, Forma Farmacêutica:Creme, Característica Adicional:Formulação Especialmente Manipulada"
19111,Ureia,458031,"458031 - Ureia, Concentração:6%, Forma Farmacêutica:Creme, Característica Adicional:Formulação Especialmente Manipulada"
19111,Ureia,415766,"415766 - Ureia, Concentração:20 MG/G, Forma Farmacêutica:Creme, Característica Adicional:Formulação Especialmente Manipulada"
19111,Ureia,412414,"412414 - Ureia, Composição:C/ Alantoína, Óleo Amendoas Doces E Lact. Amônio, Concentração:10% + 2% + 8% + 12%, Forma Farmacêutica:Loção, Característica Adicional:Formulação Especialmente Manipulada"
19111,Ureia,395845,"395845 - Ureia, Concentração:50 MG/G, Forma Farmacêutica:Creme, Característica Adicional:Formulação Especialmente Manipulada"
19111,Ureia,345783,"345783 - Ureia, Concentração:100 MG/G, Forma Farmacêutica:Creme"
19111,Ureia,343605,"343605 - Ureia, Concentração:100 MG/ML, Forma Farmacêutica:Loção Cremosa"
19111,Ureia,343604,"343604 - Ureia, Concentração:200 MG/G, Forma Farmacêutica:Creme"
19111,Ureia,343603,"343603 - Ureia, Concentração:300 MG/G, Forma Farmacêutica:Creme"
19111,Ureia,420463,"420463 - Ureia, Composição:Associada Ao Óleo De Semente De Uva, Concentração:3% + 5%, Forma Farmacêutica:Creme, Característica Adicional:Formulação Especialmente Manipulada"
19149,Imiquimode,350613,"350613 - Imiquimode, Concentração:50 MG/G, Forma Farmacêutica:Creme"
19163,Raltegravir,465547,"465547 - Raltegravir, Concentração:100 MG, Forma Farmacêutica:Granulado Para Suspensão Oral, Características Adicionais:Sachê, Com Seringas Doseadoras E Copos"
19163,Raltegravir,428080,"428080 - Raltegravir, Concentração:100 MG"
19163,Raltegravir,353332,"353332 - Raltegravir, Concentração:400 MG"
19163,Raltegravir,428079,"428079 - Raltegravir, Concentração:25 MG"
19164,Pegvisomanto,353336,"353336 - Pegvisomanto, Concentração:15 MG, Forma Farmacêutica:Pó Liófilo P/ Injetável"
19164,Pegvisomanto,353335,"353335 - Pegvisomanto, Concentração:20 MG, Forma Farmacêutica:Pó Liófilo P/ Injetável"
19164,Pegvisomanto,353334,"353334 - Pegvisomanto, Concentração:10 MG, Forma Farmacêutica:Pó Liófilo P/ Injetável"
19186,Deferiprona,632170,"632170 - Deferiprona, Concentração:1000 MG, Adicional:Liberação Modificada"
19186,Deferiprona,361382,"361382 - Deferiprona, Concentração:500 MG"
19187,Limeciclina,361504,"361504 - Limeciclina, Concentração:300 MG"
19187,Limeciclina,361503,"361503 - Limeciclina, Concentração:150 MG"
19399,Nivolumabe,628027,"628027 - Nivolumabe, Composição:Associado Ao Relatlimabe, Concentração:12 Mg/Ml + 4 MG/ML, Forma Farmacêutica:Solução Injetável"
19399,Nivolumabe,436778,"436778 - Nivolumabe, Concentração:10 MG/ML, Forma Farmacêutica:Solução Injetável"
19412,Siltuximabe,436468,"436468 - Siltuximabe, Concentração:100 MG, Forma Farmacêutica:Pó Liófilo P/ Injetável"
19412,Siltuximabe,436467,"436467 - Siltuximabe, Concentração:400 MG, Forma Farmacêutica:Pó Liófilo P/ Injetável"
19415,Alfaestradiol,436508,"436508 - Alfaestradiol, Concentração:0,25 MG/ML, Forma Farmacêutica:Solução Capilar"
19416,Rifaximina,436542,"436542 - Rifaximina, Concentração:550 MG"
19417,Obinutuzumabe,436546,"436546 - Obinutuzumabe, Concentração:25 MG/ML, Forma Farmacêutica:Solução Injetável"
19411,Vedolizumabe,606836,"606836 - Vedolizumabe, Concentração:158,82 MG/ML, Forma Farmacêutica:Solução Injetável"
19411,Vedolizumabe,436461,"436461 - Vedolizumabe, Concentração:300 MG, Forma Farmacêutica:Pó Liófilo P/ Injetável"
19419,Buprenorfina,472139,"472139 - Buprenorfina, Concentração:30 MG, Forma Farmacêutica:Adesivo Transdérmico"
19419,Buprenorfina,472138,"472138 - Buprenorfina, Concentração:40 MG, Forma Farmacêutica:Adesivo Transdérmico"
19419,Buprenorfina,436706,"436706 - Buprenorfina, Concentração:20 MG, Forma Farmacêutica:Adesivo Transdérmico"
19419,Buprenorfina,436705,"436705 - Buprenorfina, Concentração:10 MG, Forma Farmacêutica:Adesivo Transdérmico"
19419,Buprenorfina,436704,"436704 - Buprenorfina, Concentração:5 MG, Forma Farmacêutica:Adesivo Transdérmico"
19430,Glicopirrônio,439609,"439609 - Glicopirrônio, Composição:Sal Brometo, Concentração:50 MCG, Forma Farmacêutica:Cápsula Pó P/ Inalação, Adicional:Com Inalador"
19430,Glicopirrônio,437076,"437076 - Glicopirrônio, Composição:Sal Brometo, Concentração:63 MCG, Forma Farmacêutica:Cápsula Pó P/ Inalação, Adicional:Com Inalador"
19431,Secuquinumabe,465482,"465482 - Secuquinumabe, Concentração:150 MG, Forma Farmacêutica:Injetável"
19431,Secuquinumabe,465481,"465481 - Secuquinumabe, Concentração:150 MG/ML, Forma Farmacêutica:Solução Injetável"
19431,Secuquinumabe,437083,"437083 - Secuquinumabe, Concentração:150 MG/ML, Forma Farmacêutica:Solução Injetável, Adicional:Com Caneta Aplicadora"
19449,Fumarato De Dimetila,437870,"437870 - Fumarato De Dimetila, Concentração:240 MG, Características Adicionais:Liberação Controlada"
19449,Fumarato De Dimetila,437869,"437869 - Fumarato De Dimetila, Concentração:120 MG, Características Adicionais:Liberação Controlada"
19466,Halobetasol Propionato,438654,"438654 - Halobetasol Propionato, Concentração:0,5 MG/G, Forma Farmacêutica:Creme"
19475,Mirabegrona,452626,"452626 - Mirabegrona, Concentração:25 MG, Adicional:Liberação Prolongada"
19475,Mirabegrona,439143,"439143 - Mirabegrona, Concentração:50 MG, Adicional:Liberação Prolongada"
19479,Nusinersena,439252,"439252 - Nusinersena, Concentração:2,4 MG/ML, Forma Farmacêutica:Solução Injetável"
19480,Axitinibe,442721,"442721 - Axitinibe, Concentração:1 MG"
19480,Axitinibe,439259,"439259 - Axitinibe, Concentração:5 MG"
19481,Cobimetinibe Hemifumarato,439342,"439342 - Cobimetinibe Hemifumarato, Concentração:20 MG"
19484,Evolocumabe,439820,"439820 - Evolocumabe, Concentração:140 MG/ML, Forma Farmacêutica:Solução Injetável, Adicional:C/ Caneta Aplicadora"
19486,Afatinibe Dimaleato,440057,"440057 - Afatinibe Dimaleato, Concentração:30 MG"
19486,Afatinibe Dimaleato,440056,"440056 - Afatinibe Dimaleato, Concentração:40 MG"
19487,Alirocumabe,452608,"452608 - Alirocumabe, Concentração:150 MG/ML, Forma Farmacêutica:Solução Injetável, Características Adicionais:C/ Caneta Aplicadora"
19487,Alirocumabe,440071,"440071 - Alirocumabe, Concentração:75 MG/ML, Forma Farmacêutica:Solução Injetável, Características Adicionais:C/ Caneta Aplicadora"
19517,Gliclazida,443630,"443630 - Gliclazida, Concentração:80 MG"
19517,Gliclazida,442755,"442755 - Gliclazida, Concentração:60 MG, Forma Farmacêutica:Liberação Prolongada"
19517,Gliclazida,442754,"442754 - Gliclazida, Concentração:30 MG, Forma Farmacêutica:Liberação Prolongada"
19533,Hidrosmina,443476,"443476 - Hidrosmina, Concentração:200 MG"
19584,Probiótico,638299,"638299 - Probiótico, Composição:Lactobacillus Rhamnosus Hn001, Concentração:Mínimo De 6 Bilhões De UFC, Forma Farmacêutica:Pó Oral"
19584,Probiótico,627726,"627726 - Probiótico, Composição:Lactobacillus Helveticus E Bifidobacterium Longum, Concentração:Mínimo De 3 Bilhões De UFC"
19584,Probiótico,621983,"621983 - Probiótico, Composição:L. Acidophillus E Paracasei, B. Lactis E Bifidum, Concentração:20 Bilhões De UFC"
19584,Probiótico,621842,"621842 - Probiótico, Composição:Lactobacillus Acidophillus, Bifidobacterium Lactis, Concentração:Cerca De 109 Milhões De UFC, Forma Farmacêutica:Pó Oral"
19584,Probiótico,618942,"618942 - Probiótico, Composição:Limosilactobacillus Reuteri, Concentração:100 Milhões De UFC, Forma Farmacêutica:Solução Oral - Gotas"
19584,Probiótico,615715,"615715 - Probiótico, Composição:Lactobacillus Plantarum, Concentração:1 Bilhão De UFC"
19584,Probiótico,615197,"615197 - Probiótico, Composição:Bifidobacterium Animalis Subsp. Lactis, Concentração:1 Bilhão De UFC, Forma Farmacêutica:Solução Oral - Gotas"
19584,Probiótico,609951,"609951 - Probiótico, Composição:Lactobacillus Acidophillus,Lactobacillus Paracasei, Adicional:Lactobacillus Rhamnosus, Bifidobacterium Lactis, Concentração:1 Bilhão De UFC, Forma Farmacêutica:Pó Oral"
19584,Probiótico,607787,"607787 - Probiótico, Composição:Bifidobacterium Lactis, Concentração 1:Mínimo De 10 Bilhões UFC"
19584,Probiótico,607279,"607279 - Probiótico, Composição:Lactobacillus Rhamnosus, Concentração:Mínimo De 5 Bilhões UFC/G, Forma Farmacêutica:Comprimido Mastigável"
19584,Probiótico,603981,"603981 - Probiótico, Composição:Lactobacillus Acidophillus,Lactobacillus Rhamnosus, Adicional:Bifidobacterium Bifidum, Frutooligossacarídeo, Adicional 1:Vits: B12, C, E, K, Minerais: Ca, Mg, Se, Zn, Concentração:1 Bilhão De UFC, Forma Farmacêutica:Pó Oral"
19584,Probiótico,485304,"485304 - Probiótico, Composição:Saccharomyces Boulardii - 17, Concentração:200 MG/G, Forma Farmacêutica:Pó Oral"
19584,Probiótico,485303,"485303 - Probiótico, Composição:Saccharomyces Boulardii - 17, Concentração:250 MG"
19584,Probiótico,484244,"484244 - Probiótico, Composição:Lactobacillus Acidophillus,Lactobacillus Paracasei, Adicional:Lactobacillus Rhamnosus, Bifidobacterium Lactis, Concentração:1 Bilhão De UFC"
19584,Probiótico,471346,"471346 - Probiótico, Composição:Saccharomyces Boulardii - 17, Concentração:250 MG, Forma Farmacêutica:Pó Oral"
19584,Probiótico,469426,"469426 - Probiótico, Composição:Bacillus Clausii, Concentração:2 Bilhões De UFC, Forma Farmacêutica:Suspensão Oral"
19584,Probiótico,466491,"466491 - Probiótico, Composição:Lactobacillus Acidophillus,Lactobacillus Paracasei, Adicional:Bifidobacterium Bifidum, Bifidobacterium Lactis, Concentração:20 Bilhões De UFC"
19584,Probiótico,456152,"456152 - Probiótico, Composição:Associação Cepas Lactobacillus + Bifidobacterium, Concentração 1:Mínimo De 5 Bilhões UFC/G, Forma Farmacêutica:Pó Oral"
19584,Probiótico,450614,"450614 - Probiótico, Composição:Lactobacillus Reuteri, Concentração:100 Milhões De UFC, Forma Farmacêutica:Suspensão Oral"
19584,Probiótico,449031,"449031 - Probiótico, Composição:Levedura Medicinal, Adicional:Queratina, Cistina, Ácido Paraminobenzoico, Adicional 1:Vits: B1, B5, Concentração:100 Mg + 20 Mg + 20 Mg + 20 Mg + 60 Mg + 60 MG"
19584,Probiótico,449030,"449030 - Probiótico, Composição:Mycobacterium Bovis, Concentração:40 MG, Forma Farmacêutica:Pó Liofilizado P/ Injetável"
19584,Probiótico,449026,"449026 - Probiótico, Composição:Saccharomyces Cerevisiae, Concentração:100 Milhões/Ml, Forma Farmacêutica:Suspensão Oral"
19584,Probiótico,449025,"449025 - Probiótico, Composição:Saccharomyces Cerevisiae, Concentração:50 Milhões/Ml, Forma Farmacêutica:Suspensão Oral"
19584,Probiótico,449024,"449024 - Probiótico, Composição:Bacillus Cereus, Concentração:5 Milhões Endósporos/Ml, Forma Farmacêutica:Suspensão Oral"
19584,Probiótico,449023,"449023 - Probiótico, Composição:Saccharomyces Boulardii - 17, Concentração:200 MG"
19584,Probiótico,449022,"449022 - Probiótico, Composição:Saccharomyces Boulardii - 17, Concentração:100 MG"
19584,Probiótico,449021,"449021 - Probiótico, Composição:Lactobacillus Acidophilus, Concentração:1 Bilhão De UFC"
19584,Probiótico,448171,"448171 - Probiótico, Composição:Lactobacillus Reuteri, Concentração:100 Milhões De UFC, Forma Farmacêutica:Comprimido Mastigável"
19584,Probiótico,446367,"446367 - Probiótico, Composição:Lactobacillus Rhamnosus, Concentração:Mínimo De 10 Bilhões UFC/G, Forma Farmacêutica:Pó"
19602,Teduglutida,464956,"464956 - Teduglutida, Concentração:5 MG, Forma Farmacêutica:Pó Liófilo P/ Injetável + Diluente"
19602,Teduglutida,447947,"447947 - Teduglutida, Concentração:1,25 MG, Forma Farmacêutica:Pó Liófilo P/ Injetável + Diluente"
19604,Eteplirsen,449377,"449377 - Eteplirsen, Concentração:50 MG/ML, Forma Farmacêutica:Solução Injetável"
19607,Dexlansoprazol,461415,"461415 - Dexlansoprazol, Concentração:30 MG, Características Adicionais:Liberação Prolongada"
19607,Dexlansoprazol,450073,"450073 - Dexlansoprazol, Concentração:60 MG, Características Adicionais:Liberação Prolongada"
19610,Migalastate,450289,"450289 - Migalastate, Concentração:123 MG"
19620,Alfavestronidase,451638,"451638 - Alfavestronidase, Concentração:2 MG/ML, Forma Farmacêutica:Solução Injetável"
19627,Cerliponase,452495,"452495 - Cerliponase, Composição:Alfa, Concentração:30 MG/ML, Forma Farmacêutica:Solução Injetável"
19628,Dabrafenibe,452497,"452497 - Dabrafenibe, Concentração:50 MG"
19628,Dabrafenibe,452496,"452496 - Dabrafenibe, Concentração:75 MG"
19636,Midostaurina,453503,"453503 - Midostaurina, Concentração:25 MG"
19651,Durvalumabe,454939,"454939 - Durvalumabe, Concentração:50 MG/ML, Forma Farmacêutica:Solução Injetável"
19654,Dupilumabe,466650,"466650 - Dupilumabe, Concentração:175 MG/ML, Forma Farmacêutica:Solução Injetável, Adicional:Seringa Preenchida"
19654,Dupilumabe,455337,"455337 - Dupilumabe, Concentração:150 MG/ML, Forma Farmacêutica:Solução Injetável, Adicional:Seringa Preenchida"
19656,Ceftolozana,455737,"455737 - Ceftolozana, Composição:Associado Ao Tazobactam Sódico, Concentração:1 G + 0,5 G, Forma Farmacêutica:Pó Liófilo P/ Injetável + Diluente"
19665,Tetrabenazina,456529,"456529 - Tetrabenazina, Concentração:25 MG"
19669,Apalutamida,457206,"457206 - Apalutamida, Concentração:60 MG"
19673,Emicizumabe,457718,"457718 - Emicizumabe, Concentração:150 MG/ML, Forma Farmacêutica:Injetável"
19673,Emicizumabe,457717,"457717 - Emicizumabe, Concentração:30 MG/ML, Forma Farmacêutica:Injetável"
19677,Ribociclibe,457888,"457888 - Ribociclibe, Composição:Succinato, Concentração:200 MG"
19684,Acalabrutinibe,458278,"458278 - Acalabrutinibe, Concentração:100 MG"
19685,Alectinibe,458500,"458500 - Alectinibe, Concentração:150 MG"
19687,Guselcumabe,632428,"632428 - Guselcumabe, Concentração:10 MG/ML, Forma Farmacêutica:Solução P/ Diluição P/ Infusão"
19687,Guselcumabe,458853,"458853 - Guselcumabe, Concentração:100 MG/ML, Forma Farmacêutica:Solução Injetável, Adicional:Seringa Preenchida"
19688,Burosumabe,458860,"458860 - Burosumabe, Concentração:30 MG/ML, Forma Farmacêutica:Solução Injetável"
19688,Burosumabe,458859,"458859 - Burosumabe, Concentração:20 MG/ML, Forma Farmacêutica:Solução Injetável"
19688,Burosumabe,458858,"458858 - Burosumabe, Concentração:10 MG/ML, Forma Farmacêutica:Solução Injetável"
19676,Mepolizumabe,636844,"636844 - Mepolizumabe, Concentração:100 MG/ML, Forma Farmacêutica:Solução Injetável, Adicional:Seringa Preenchida C/ Caneta Aplicadora"
19676,Mepolizumabe,457885,"457885 - Mepolizumabe, Concentração:100 MG/ML, Forma Farmacêutica:Injetável"
19704,Éter Etílico,459248,"459248 - Éter Etílico, Concentração:35%, Forma Farmacêutica:Solução Tópica, Características Adicionais:Formulação Especialmente Manipulada"
19706,Ixequizumabe,465480,"465480 - Ixequizumabe, Concentração:80 MG/ML, Forma Farmacêutica:Solução Injetável, Características Adicionais:Seringa Preenchida C/ Caneta Aplicadora"
19706,Ixequizumabe,459327,"459327 - Ixequizumabe, Concentração:80 MG/ML, Forma Farmacêutica:Solução Injetável, Características Adicionais:Seringa Preenchida"
19717,Benralizumabe,459790,"459790 - Benralizumabe, Concentração:30 MG/ML, Forma Farmacêutica:Solução Injetável, Adicional:Seringa Preenchida"
19718,Edoxabana,470824,"470824 - Edoxabana, Composição:Tosilato, Concentração:15 MG"
19718,Edoxabana,464129,"464129 - Edoxabana, Concentração:30 MG"
19718,Edoxabana,459805,"459805 - Edoxabana, Composição:Tosilato, Concentração:60 MG"
19729,Tedizolida,485274,"485274 - Tedizolida, Concentração:164,5 MG, Forma Farmacêutica:Injetável"
19729,Tedizolida,460604,"460604 - Tedizolida, Composição:Fosfato, Concentração:164,5 MG"
19732,Alfa-Asfotase,467444,"467444 - Alfa-Asfotase, Concentração:100 MG/ML, Forma Farmacêutica:Solução Injetável"
19732,Alfa-Asfotase,461066,"461066 - Alfa-Asfotase, Concentração:40 MG/ML, Forma Farmacêutica:Solução Injetável"
19735,Abemaciclibe,461327,"461327 - Abemaciclibe, Concentração:200 MG"
19735,Abemaciclibe,461326,"461326 - Abemaciclibe, Concentração:150 MG"
19735,Abemaciclibe,461325,"461325 - Abemaciclibe, Concentração:100 MG"
19735,Abemaciclibe,461324,"461324 - Abemaciclibe, Concentração:50 MG"
19743,Inotuzumabe Ozogamicina,461613,"461613 - Inotuzumabe Ozogamicina, Concentração:1 MG, Forma Farmacêutica:Pó Liófilo P/ Injetável"
19733,Nicotinamida,619995,"619995 - Nicotinamida, Concentração:100 MG, Adicional:Formulação Especialmente Manipulada"
19733,Nicotinamida,616727,"616727 - Nicotinamida, Concentração:50 MG, Adicional:Formulação Especialmente Manipulada"
19733,Nicotinamida,461069,"461069 - Nicotinamida, Concentração:40 MG/G, Forma Farmacêutica:Gel"
19750,Semaglutida,611249,"611249 - Semaglutida, Concentração:3,2 MG/ML, Forma Farmacêutica:Solução Injetável, Características Adicionais:Com Sistema De Aplicação"
19750,Semaglutida,611246,"611246 - Semaglutida, Concentração:2,27 MG/ML, Forma Farmacêutica:Solução Injetável, Características Adicionais:Com Sistema De Aplicação"
19750,Semaglutida,611245,"611245 - Semaglutida, Concentração:0,68 MG/ML, Forma Farmacêutica:Solução Injetável, Características Adicionais:Com Sistema De Aplicação"
19750,Semaglutida,478273,"478273 - Semaglutida, Concentração:7 MG"
19750,Semaglutida,478272,"478272 - Semaglutida, Concentração:3 MG"
19750,Semaglutida,478271,"478271 - Semaglutida, Concentração:14 MG"
19750,Semaglutida,462141,"462141 - Semaglutida, Concentração:1,34 MG/ML, Forma Farmacêutica:Solução Injetável, Características Adicionais:Com Sistema De Aplicação"
19781,Selexipague,465391,"465391 - Selexipague, Concentração:1 MG"
19781,Selexipague,465390,"465390 - Selexipague, Concentração:1,4 MG"
19781,Selexipague,465389,"465389 - Selexipague, Concentração:1,2 MG"
19781,Selexipague,465388,"465388 - Selexipague, Concentração:200 MCG"
19781,Selexipague,465387,"465387 - Selexipague, Concentração:800 MCG"
19781,Selexipague,465386,"465386 - Selexipague, Concentração:600 MCG"
19781,Selexipague,465385,"465385 - Selexipague, Concentração:400 MCG"
19781,Selexipague,464164,"464164 - Selexipague, Concentração:1,6 MG"
19795,Alpelisibe,634753,"634753 - Alpelisibe, Concentração:50 Mg + 200 MG, Adicional:Comprimido A + Comprimido B"
19795,Alpelisibe,464673,"464673 - Alpelisibe, Concentração:200 MG"
19795,Alpelisibe,464672,"464672 - Alpelisibe, Concentração:150 MG"
19796,Erdafitinibe,464676,"464676 - Erdafitinibe, Concentração:4 MG"
19796,Erdafitinibe,464675,"464675 - Erdafitinibe, Concentração:3 MG"
19796,Erdafitinibe,464674,"464674 - Erdafitinibe, Concentração:5 MG"
19797,Larotrectinibe,466033,"466033 - Larotrectinibe, Composição:Sulfato, Concentração:20 MG/ML, Forma Farmacêutica:Solução Oral"
19797,Larotrectinibe,464678,"464678 - Larotrectinibe, Composição:Sulfato, Concentração:100 MG"
19797,Larotrectinibe,464677,"464677 - Larotrectinibe, Composição:Sulfato, Concentração:25 MG"
19798,Pegfilgrastim,464679,"464679 - Pegfilgrastim, Concentração:10 MG/ML, Forma Farmacêutica:Solução Injetável, Características Adicionais:Seringa Preenchida"
19799,Cabozantinibe,464682,"464682 - Cabozantinibe, Composição:Levomalato, Concentração:60 MG"
19799,Cabozantinibe,464681,"464681 - Cabozantinibe, Composição:Levomalato, Concentração:40 MG"
19799,Cabozantinibe,464680,"464680 - Cabozantinibe, Composição:Levomalato, Concentração:20 MG"
19800,Trifluridina,474285,"474285 - Trifluridina, Composição:Associado Tipiracilo, Concentração:15 Mg + 6,14 MG"
19800,Trifluridina,464982,"464982 - Trifluridina, Composição:Associado Tipiracilo, Concentração:20 Mg + 8,19 MG"
19801,Histidina,464983,"464983 - Histidina, Composição:Cloridrato, Associado Ao Sulfato De Cobre, Concentração:5,7 Mg/Ml + 3,4 MG/ML, Forma Farmacêutica:Injetável, Características Adicionais:Formulação Especialmente Manipulada"
19804,Butenafina,465087,"465087 - Butenafina, Concentração:10 MG/G, Forma Farmacêutica:Creme"
19805,Cefpiroma,465164,"465164 - Cefpiroma, Concentração:100 MG/ML, Forma Farmacêutica:Injetável"
19806,Risanquizumabe,638425,"638425 - Risanquizumabe, Concentração:150 MG/ML, Forma Farmacêutica:Solução Injetável, Características Adicionais:Seringa Preenchida C/ Caneta Aplicadora"
19806,Risanquizumabe,638424,"638424 - Risanquizumabe, Concentração:150 MG/ML, Forma Farmacêutica:Solução Injetável, Características Adicionais:Seringa Preenchida"
19806,Risanquizumabe,628708,"628708 - Risanquizumabe, Concentração:60 MG/ML, Forma Farmacêutica:Solução P/ Diluição P/ Infusão"
19806,Risanquizumabe,625297,"625297 - Risanquizumabe, Concentração:150 MG/ML, Forma Farmacêutica:Solução Injetável, Características Adicionais:C/ Sistema De Aplicação"
19806,Risanquizumabe,465427,"465427 - Risanquizumabe, Concentração:90 MG/ML, Forma Farmacêutica:Solução Injetável, Características Adicionais:Seringa Preenchida"
19807,Tapentadol,465436,"465436 - Tapentadol, Concentração:200 MG, Características Adicionais:Liberação Prolongada"
19807,Tapentadol,465435,"465435 - Tapentadol, Concentração:150 MG, Características Adicionais:Liberação Prolongada"
19807,Tapentadol,465434,"465434 - Tapentadol, Concentração:100 MG, Características Adicionais:Liberação Prolongada"
19807,Tapentadol,465433,"465433 - Tapentadol, Concentração:50 MG, Características Adicionais:Liberação Prolongada"
19807,Tapentadol,465432,"465432 - Tapentadol, Concentração:250 MG, Características Adicionais:Liberação Prolongada"
19807,Tapentadol,465431,"465431 - Tapentadol, Concentração:100 MG"
19807,Tapentadol,465430,"465430 - Tapentadol, Concentração:50 MG"
19807,Tapentadol,465429,"465429 - Tapentadol, Concentração:75 MG"
19808,Avelumabe,465439,"465439 - Avelumabe, Concentração:20 MG/ML, Forma Farmacêutica:Injetável"
19809,Cemiplimabe,465440,"465440 - Cemiplimabe, Concentração:50 MG/ML, Forma Farmacêutica:Injetável"
19810,Erenumabe,477847,"477847 - Erenumabe, Concentração:140 MG/ML, Forma Farmacêutica:Solução Injetável, Características Adicionais:Seringa Preenchida"
19810,Erenumabe,465479,"465479 - Erenumabe, Concentração:70 MG/ML, Forma Farmacêutica:Solução Injetável, Características Adicionais:Seringa Preenchida"
19811,Inotersena,465666,"465666 - Inotersena, Composição:Nonadecassódica, Concentração:200 MG/ML, Forma Farmacêutica:Solução Injetável, Características Adicionais:Seringa Preenchida"
19812,Eszopiclona,482288,"482288 - Eszopiclona, Concentração:1 MG"
19812,Eszopiclona,473343,"473343 - Eszopiclona, Concentração:2 MG"
19812,Eszopiclona,466368,"466368 - Eszopiclona, Concentração:3 MG"
30455,Rilonacept,640426,"640426 - Rilonacept, Concentração:220 MG, Forma Farmacêutica:Pó Liofilizado P/ Injetável"
19816,Ácido Cólico,466492,"466492 - Ácido Cólico, Concentração:50 MG"
19821,Patisirana,467058,"467058 - Patisirana, Composição:Sódica, Concentração:2 MG/ML, Forma Farmacêutica:Injetável"
19822,Tenofovir Alafenamida,467108,"467108 - Tenofovir Alafenamida, Concentração:25 MG"
19823,Pomalidomida,604718,"604718 - Pomalidomida, Concentração:4 MG"
19823,Pomalidomida,604717,"604717 - Pomalidomida, Concentração:3 MG"
19823,Pomalidomida,604716,"604716 - Pomalidomida, Concentração:2 MG"
19823,Pomalidomida,467190,"467190 - Pomalidomida, Concentração:1 MG"
19847,Perampanel,470485,"470485 - Perampanel, Concentração:12 MG"
19847,Perampanel,470484,"470484 - Perampanel, Concentração:10 MG"
19847,Perampanel,470483,"470483 - Perampanel, Concentração:4 MG"
19847,Perampanel,470482,"470482 - Perampanel, Concentração:2 MG"
19847,Perampanel,470481,"470481 - Perampanel, Concentração:8 MG"
19847,Perampanel,470480,"470480 - Perampanel, Concentração:6 MG"
19848,Darolutamida,470668,"470668 - Darolutamida, Concentração:300 MG"
19849,Penciclovir,470669,"470669 - Penciclovir, Concentração:10 MG/G, Forma Farmacêutica:Creme Labial"
19851,Brigatinibe,634752,"634752 - Brigatinibe, Concentração:90 Mg + 180 MG, Adicional:Comprimido A + Comprimido B"
19851,Brigatinibe,471040,"471040 - Brigatinibe, Concentração:90 MG"
19851,Brigatinibe,471039,"471039 - Brigatinibe, Concentração:30 MG"
19851,Brigatinibe,471038,"471038 - Brigatinibe, Concentração:180 MG"
19858,Baricitinibe,473091,"473091 - Baricitinibe, Concentração:2 MG"
19858,Baricitinibe,472278,"472278 - Baricitinibe, Concentração:4 MG"
19859,Dinutuximabe,477470,"477470 - Dinutuximabe, Concentração:3,5 MG/ML, Forma Farmacêutica:Solução Injetável"
19859,Dinutuximabe,473269,"473269 - Dinutuximabe, Composição:Beta, Concentração:4,5 MG/ML, Forma Farmacêutica:Solução Injetável"
19860,Sargramostim,473270,"473270 - Sargramostim, Concentração:250 MCG, Forma Farmacêutica:Pó Liófilo P/ Injetável"
19861,Brexpiprazol,473336,"473336 - Brexpiprazol, Concentração:3 MG"
19861,Brexpiprazol,473335,"473335 - Brexpiprazol, Concentração:2 MG"
19861,Brexpiprazol,473334,"473334 - Brexpiprazol, Concentração:1 MG"
19861,Brexpiprazol,473333,"473333 - Brexpiprazol, Concentração:0,5 MG"
19861,Brexpiprazol,473332,"473332 - Brexpiprazol, Concentração:0,25 MG"
19862,Crizanlizumabe,473341,"473341 - Crizanlizumabe, Concentração:10 MG/ML, Forma Farmacêutica:Injetável"
19863,Eliglustate,473680,"473680 - Eliglustate, Concentração:84 MG"
19864,Vonoprazana,473682,"473682 - Vonoprazana, Concentração:20 MG"
19864,Vonoprazana,473681,"473681 - Vonoprazana, Concentração:10 MG"
19869,Ivosidenibe,474470,"474470 - Ivosidenibe, Concentração:250 MG"
19836,Onasemnogeno Abeparvoveque,469504,"469504 - Onasemnogeno Abeparvoveque, Concentração:2.0 X 10¹³ Vg/Ml, Forma Farmacêutica:Suspensão Injetável"
19827,Galcanezumabe,618992,"618992 - Galcanezumabe, Concentração:100 MG/ML, Forma Farmacêutica:Solução Injetável, Características Adicionais:Seringa Preenchida"
19827,Galcanezumabe,467651,"467651 - Galcanezumabe, Concentração:120 MG/ML, Forma Farmacêutica:Injetável, Características Adicionais:Seringa Preenchida"
19841,Selênio,621038,"621038 - Selênio, Composição:Associado Ao Zinco Quelato, Concentração:6 Mg/Ml + 4 MG/ML, Forma Farmacêutica:Solução Oral, Adicional:Formulação Especialmente Manipulada"
19841,Selênio,479985,"479985 - Selênio, Composição:Associado Ao Magnésio, Zinco E Cobre, Concentração:500 Mg + 100 Mg + 25 Mg + 1 MG, Adicional:Formulação Especialmente Manipulada"
19841,Selênio,470093,"470093 - Selênio, Concentração:60 MCG/ML, Forma Farmacêutica:Solução Injetável"
19842,Rifapentina,606841,"606841 - Rifapentina, Composição:Associada À Isoniazida, Concentração:300 Mg + 300 MG"
19842,Rifapentina,470184,"470184 - Rifapentina, Concentração:150 MG"
19846,Tafenoquina,619619,"619619 - Tafenoquina, Composição:Succinato, Concentração:50 MG, Forma Farmacêutica:Comprimido P/ Suspensão"
19846,Tafenoquina,470479,"470479 - Tafenoquina, Composição:Succinato, Concentração:150 MG"
19871,Brivaracetam,474521,"474521 - Brivaracetam, Concentração:10 MG/ML, Forma Farmacêutica:Solução Oral"
19871,Brivaracetam,474520,"474520 - Brivaracetam, Concentração:10 MG/ML, Forma Farmacêutica:Solução Injetável"
19871,Brivaracetam,474519,"474519 - Brivaracetam, Concentração:100 MG"
19871,Brivaracetam,474518,"474518 - Brivaracetam, Concentração:50 MG"
19871,Brivaracetam,474517,"474517 - Brivaracetam, Concentração:10 MG"
19871,Brivaracetam,474516,"474516 - Brivaracetam, Concentração:75 MG"
19871,Brivaracetam,474515,"474515 - Brivaracetam, Concentração:25 MG"
19872,Fremanezumabe,474522,"474522 - Fremanezumabe, Concentração:150 MG/ML, Forma Farmacêutica:Solução Injetável, Adicional:Seringa Preenchida"
19874,Apremilaste,474744,"474744 - Apremilaste, Concentração:10 Mg + 20 Mg + 30 MG, Forma Farmacêutica:Comprimidos A + B + C"
19874,Apremilaste,474743,"474743 - Apremilaste, Concentração:30 MG"
19875,Tróspio,474748,"474748 - Tróspio, Composição:Cloreto, Concentração:30 MG"
19875,Tróspio,474747,"474747 - Tróspio, Composição:Cloreto, Concentração:15 MG"
19878,Voretigeno Neparvoveque,474938,"474938 - Voretigeno Neparvoveque, Concentração:5 X 10 ¬12 Gv/Ml, Forma Farmacêutica:Injetável"
19889,Bedaquilina,475935,"475935 - Bedaquilina, Concentração:100 MG"
19890,Delamanida,475936,"475936 - Delamanida, Concentração:50 MG"
19892,Lubiprostona,482168,"482168 - Lubiprostona, Concentração:24 MCG"
19892,Lubiprostona,476395,"476395 - Lubiprostona, Concentração:8 MCG"
19893,Gilteritinibe,476468,"476468 - Gilteritinibe, Composição:Hemifumarato, Concentração:40 MG"
19895,Isavuconazônio,479263,"479263 - Isavuconazônio, Concentração:200 MG, Forma Farmacêutica:Pó Liófilo P/ Injetável"
19895,Isavuconazônio,476800,"476800 - Isavuconazônio, Concentração:100 MG"
19903,Belinostate,477830,"477830 - Belinostate, Concentração:500 MG, Forma Farmacêutica:Injetável"
19904,Armodafinila,477845,"477845 - Armodafinila, Concentração:150 MG"
19904,Armodafinila,477844,"477844 - Armodafinila, Concentração:250 MG"
19905,Brolucizumabe,477846,"477846 - Brolucizumabe, Concentração:120 MG/ML, Forma Farmacêutica:Solução Injetável Intra-Ocular"
19906,Ranolazina,602578,"602578 - Ranolazina, Concentração:1000 MG, Adicional:Liberação Prolongada"
19906,Ranolazina,478005,"478005 - Ranolazina, Concentração:500 MG, Adicional:Liberação Prolongada"
19908,Belatacepte,478268,"478268 - Belatacepte, Concentração:250 MG, Forma Farmacêutica:Injetável"
19909,Lodenafila,478269,"478269 - Lodenafila, Concentração:80 MG"
19910,Lanadelumabe,478270,"478270 - Lanadelumabe, Concentração:150 MG/ML, Forma Farmacêutica:Solução Injetável"
19918,Risdiplam,478939,"478939 - Risdiplam, Concentração:0,75 MG/ML, Forma Farmacêutica:Pó Para Solução Oral"
19919,"Ácido 2,3-Dimetilsucínico",479149,"479149 - Ácido 2,3-Dimetilsucínico, Concentração:75 MG, Adicional:Formulação Especialmente Manipulada"
30456,Inlunestranto,640485,"640485 - Inlunestranto, Concentração:200 MG"
19925,Niraparibe,480012,"480012 - Niraparibe, Concentração:100 MG"
19870,Elexacaftor,639962,"639962 - Elexacaftor, Composição:Associado Ao Tezacaftor E Ivacaftor, Concentração:80 Mg + 40 Mg + 60 Mg E 59,9 MG, Forma Farmacêutica:Granulado, Adicional:Sachê A + B"
19870,Elexacaftor,602611,"602611 - Elexacaftor, Composição:Associado Ao Tezacaftor E Ivacaftor, Concentração:100 Mg + 50 Mg + 75 Mg E 150 MG, Adicional:Comprimido A + B"
19870,Elexacaftor,601654,"601654 - Elexacaftor, Composição:Associado Ao Tezacaftor E Ivacaftor, Concentração:50 Mg + 25 Mg + 37,5 Mg E 75 MG, Adicional:Comprimido A + B"
19870,Elexacaftor,474489,"474489 - Elexacaftor, Composição:Associado Ao Tezacaftor E Ivacaftor, Concentração:100 Mg + 50 Mg + 75 MG"
19899,Upadacitinibe,625308,"625308 - Upadacitinibe, Concentração:45 MG, Características Adicionais:Liberação Prolongada"
19899,Upadacitinibe,617274,"617274 - Upadacitinibe, Concentração:30 MG, Características Adicionais:Liberação Prolongada"
19899,Upadacitinibe,477410,"477410 - Upadacitinibe, Concentração:15 MG, Características Adicionais:Liberação Prolongada"
19926,Selumetinibe,480014,"480014 - Selumetinibe, Concentração:10 MG"
19926,Selumetinibe,480013,"480013 - Selumetinibe, Concentração:25 MG"
19927,Romosozumabe,480015,"480015 - Romosozumabe, Concentração:90 MG/ML, Forma Farmacêutica:Solução Injetável, Adicional:Seringa Preenchida"
19929,Isatuximabe,480036,"480036 - Isatuximabe, Concentração:20 MG/ML, Forma Farmacêutica:Injetável"
19931,Lorlatinibe,480346,"480346 - Lorlatinibe, Concentração:100 MG"
19931,Lorlatinibe,480072,"480072 - Lorlatinibe, Concentração:25 MG"
19932,Alfavelmanase,480075,"480075 - Alfavelmanase, Concentração:2 MG/ML, Forma Farmacêutica:Injetável"
19933,Ácido Carglúmico,480077,"480077 - Ácido Carglúmico, Concentração:200 MG, Forma Farmacêutica:Comprimido P/ Suspensão"
19936,Capmatinibe,480357,"480357 - Capmatinibe, Concentração:200 MG"
19936,Capmatinibe,480356,"480356 - Capmatinibe, Concentração:150 MG"
19939,Givosirana,480406,"480406 - Givosirana, Concentração:189 MG/ML, Forma Farmacêutica:Solução Injetável"
19948,Derisomaltose Férrica,481731,"481731 - Derisomaltose Férrica, Concentração:100 MG/ML, Forma Farmacêutica:Solução P/ Infusão"
19928,Letermovir,604715,"604715 - Letermovir, Concentração:20 MG/ML, Forma Farmacêutica:Injetável"
19928,Letermovir,480035,"480035 - Letermovir, Concentração:240 MG"
19928,Letermovir,480034,"480034 - Letermovir, Concentração:480 MG"
19946,Rendesivir,481014,"481014 - Rendesivir, Concentração:100 MG, Forma Farmacêutica:Pó Liófilo P/ Injetável"
19954,Caplacizumabe,482352,"482352 - Caplacizumabe, Concentração:10 MG/ML, Forma Farmacêutica:Injetável"
30002,Deutetrabenazina,483739,"483739 - Deutetrabenazina, Concentração:9 MG, Adicional:Liberação Prolongada"
30002,Deutetrabenazina,483738,"483738 - Deutetrabenazina, Concentração:12 MG, Adicional:Liberação Prolongada"
30002,Deutetrabenazina,483737,"483737 - Deutetrabenazina, Concentração:6 MG, Adicional:Liberação Prolongada"
30005,Tepotinibe,633394,"633394 - Tepotinibe, Concentração:250 MG"
30005,Tepotinibe,483779,"483779 - Tepotinibe, Concentração:225 MG"
30006,Mifamurtida,483780,"483780 - Mifamurtida, Concentração:4 MG, Forma Farmacêutica:Injetável"
30007,Zanubrutinibe,483781,"483781 - Zanubrutinibe, Concentração:80 MG"
30008,Volanesorsena,483782,"483782 - Volanesorsena, Composição:Sódica, Concentração:200 MG/ML, Forma Farmacêutica:Injetável, Adicional:Seringa Preenchida"
30009,Ramelteona,483783,"483783 - Ramelteona, Concentração:8 MG"
30010,Lumasirana,483784,"483784 - Lumasirana, Composição:Sódica, Concentração:200 MG/ML, Forma Farmacêutica:Injetável"
30016,Golodirsen,483965,"483965 - Golodirsen, Concentração:50 MG/ML, Forma Farmacêutica:Solução Injetável"
30012,Moxetumomabe,483786,"483786 - Moxetumomabe, Concentração:1 MG, Forma Farmacêutica:Injetável"
19967,Vitamina B12,606643,"606643 - Vitamina B12, Concentração:500 MCG, Forma Farmacêutica:Sublingual"
19967,Vitamina B12,604709,"604709 - Vitamina B12, Concentração:5 MG/ML, Forma Farmacêutica:Injetável"
19967,Vitamina B12,483578,"483578 - Vitamina B12, Concentração:1000 MCG, Forma Farmacêutica:Sublingual"
30030,Hidróxido De Potássio,485325,"485325 - Hidróxido De Potássio, Concentração:A 10%, Forma Farmacêutica:Solução Aquosa, Adicional:Formulação Especialmente Manipulada"
30023,Amivantamabe,630760,"630760 - Amivantamabe, Concentração:160 MG/ML, Forma Farmacêutica:Solução Injetável"
30023,Amivantamabe,485182,"485182 - Amivantamabe, Concentração:50 MG/ML, Forma Farmacêutica:Solução P/ Infusão"
30024,Vilazodona,485186,"485186 - Vilazodona, Composição:Cloridrato, Concentração:10 Mg + 20 MG, Forma Farmacêutica:Comprimidos A + B"
30024,Vilazodona,485185,"485185 - Vilazodona, Composição:Cloridrato, Concentração:40 MG"
30024,Vilazodona,485184,"485184 - Vilazodona, Composição:Cloridrato, Concentração:20 MG"
30024,Vilazodona,485183,"485183 - Vilazodona, Composição:Cloridrato, Concentração:10 MG"
30025,Xilometazolina,485188,"485188 - Xilometazolina, Composição:Cloridrato, Concentração:1 MG/ML, Forma Farmacêutica:Solução Nasal"
30025,Xilometazolina,485187,"485187 - Xilometazolina, Composição:Cloridrato, Concentração:1 MG/G, Forma Farmacêutica:Gel Nasal"
30028,Vosoritida,485328,"485328 - Vosoritida, Concentração:1,2 MG, Forma Farmacêutica:Pó Liófilo P/ Injetável + Diluente"
30028,Vosoritida,485301,"485301 - Vosoritida, Concentração:0,4 MG, Forma Farmacêutica:Pó Liófilo P/ Injetável + Diluente"
30028,Vosoritida,485300,"485300 - Vosoritida, Concentração:0,56 MG, Forma Farmacêutica:Pó Liófilo P/ Injetável + Diluente"
30031,Nirmatrelvir,485448,"485448 - Nirmatrelvir, Composição:Associado Ao Ritonavir, Concentração:150 Mg + 100 MG"
16326,Dapagliflozina,485637,"485637 - Dapagliflozina, Composição:Associada À Saxagliptina, Concentração:10 Mg + 5 MG, Adicional:Liberação Prolongada"
16326,Dapagliflozina,473669,"473669 - Dapagliflozina, Concentração:25 MG"
16326,Dapagliflozina,432911,"432911 - Dapagliflozina, Concentração:5 MG"
16326,Dapagliflozina,432908,"432908 - Dapagliflozina, Concentração:10 MG"
12702,Tetracaína Cloridrato,485951,"485951 - Tetracaína Cloridrato, Concentração:1%, Forma Farmaceutica:Solução Tópica, Adicional:Formulação Especialmente Manipulada"
12702,Tetracaína Cloridrato,443955,"443955 - Tetracaína Cloridrato, Composição:Associada À Clorfenesina E Betametasona, Concentração:5 Mg/Ml + 10 Mg/Ml + 1 MG/ML, Forma Farmaceutica:Solução Otológica"
12702,Tetracaína Cloridrato,396853,"396853 - Tetracaína Cloridrato, Composição:Associada À Fenilefrina, Concentração:1% + 0,1%, Forma Farmaceutica:Solução Oftálmica"
12702,Tetracaína Cloridrato,283058,"283058 - Tetracaína Cloridrato, Dosagem:20mg/Ml, Apresentação:Solução Otológica, Característica Adicional:Medicamento Manipulado Especialmente"
10458,Sugamadex,389863,"389863 - Sugamadex, Composição:Sal Sódico, Concentração:100 MG/ML, Forma Farmacêutica:Solução Injetável"
14231,Cisatracúrio Besilato,477937,"477937 - Cisatracúrio Besilato, Concentração:10 MG, Forma Farmaceutica:Injetável"
14231,Cisatracúrio Besilato,340178,"340178 - Cisatracúrio Besilato, Concentração:2 MG/ML, Forma Farmaceutica:Solução Injetável"
14231,Cisatracúrio Besilato,340177,"340177 - Cisatracúrio Besilato, Concentração:5 MG/ML, Forma Farmaceutica:Solução Injetável"
6174,Trióxido De Arsênio,486455,"486455 - Trióxido De Arsênio, Concentração:2 MG/ML, Forma Farmacêutica:Solução Para Perfusão"
6174,Trióxido De Arsênio,389398,"389398 - Trióxido De Arsênio, Concentração:1 MG/ML, Forma Farmacêutica:Solução Para Perfusão"
30034,Eptinezumabe,486290,"486290 - Eptinezumabe, Concentração:100 MG/ML, Forma Farmacêutica:Injetável"
30035,Alfa Avalglicosidase,486291,"486291 - Alfa Avalglicosidase, Concentração:10 MG/ML, Forma Farmacêutica:Injetável"
30036,Neratinibe,486300,"486300 - Neratinibe, Concentração:40 MG"
15398,Multivitaminas,625577,"625577 - Multivitaminas, Composição De Vitaminas:Vits: B6, B12, C, E, Composição De Sais Minerais:Minerais: Cu, Se, Zn, Outros Componentes:Ômega 3, Ômega 6"
15398,Multivitaminas,625575,"625575 - Multivitaminas, Composição De Vitaminas:Vit: A, B1, B2, B3, B5, B6, B7, B9, B12, C, D, E,K, Composição De Sais Minerais:Ca, Cu, Cr, Fe, I, K, Mg, Mn, Mo, P, Se, Zn"
15398,Multivitaminas,625574,"625574 - Multivitaminas, Composição De Vitaminas:Vits: D, K, Composição De Sais Minerais:Minerais: Ca, Mg"
15398,Multivitaminas,625546,"625546 - Multivitaminas, Composição De Vitaminas:Vits: B1, B5, B6, B8, B9, B12, D, E, Composição De Sais Minerais:Minerais: Mg, Se, Zn, Outros Componentes:Ômega 3"
15398,Multivitaminas,625544,"625544 - Multivitaminas, Composição De Vitaminas:Vits: C, E, Composição De Sais Minerais:Mineral: Zn, Outros Componentes:Luteína, Zeaxantina"
15398,Multivitaminas,625542,"625542 - Multivitaminas, Composição De Vitaminas:Vits: B1, B2, B6, E, Composição De Sais Minerais:Minerais: Mg, Se, Zn"
15398,Multivitaminas,625327,"625327 - Multivitaminas, Composição De Vitaminas:Vits: A, B1, B2, B3, B5, B6, C, D, E, H, K, Composição De Sais Minerais:Minerais: Na, Se, Zn, Composição Adicional 1:Coenzima Q10, Forma Farmacêutica 1:Solução Oral Gotas"
15398,Multivitaminas,623195,"623195 - Multivitaminas, Composição De Vitaminas:Vits: B5, B12, C, Composição De Sais Minerais:Minerais: Mg, Si, Outros Componentes:Glicosamina, Condroítina, Leflunomida, Famotidina, Composição Adicional 1:Ácido Hialurônico"
15398,Multivitaminas,623184,"623184 - Multivitaminas, Composição De Vitaminas:Vitaminas A, D, K, Forma Farmacêutica 1:Solução Oral"
15398,Multivitaminas,622972,"622972 - Multivitaminas, Composição De Vitaminas:Vits: B2, B6, C, D, E, Composição De Sais Minerais:Minerais: Cu, Zn, Outros Componentes:Luteína, Zeaxantina, Astaxantina E Ômega 3"
15398,Multivitaminas,618935,"618935 - Multivitaminas, Composição De Vitaminas:Vits: B1, B2, B3, B6, B12, Composição De Sais Minerais:Minerais: Ca, K, Mg, Outros Componentes:Glutamina"
15398,Multivitaminas,613706,"613706 - Multivitaminas, Composição De Vitaminas:Vits: A, B1, B2, B5, C, D, E, Composição De Aminoácidos:Biotina, Forma Farmacêutica 1:Solução Oral"
15398,Multivitaminas,612654,"612654 - Multivitaminas, Composição De Vitaminas:Vits: D3, K2, Composição De Sais Minerais:Mineral: Ca, Mg"
15398,Multivitaminas,611562,"611562 - Multivitaminas, Composição De Vitaminas:Vits: A, B1, B2, B3, B5, B6, B12, C, D, E, K, Composição De Sais Minerais:Minerais: Ca, Cr, Cu, Fe, I, Mg, Mn, Mo, P, Se, Zn, Composição De Aminoácidos:Biotina, Outros Componentes:Ácido Fólico"
15398,Multivitaminas,610589,"610589 - Multivitaminas, Composição De Vitaminas:Vits: A, B1, B2, B3, B5, B6, B12, C, E, Composição De Sais Minerais:Minerais: Fe, Mg, Se, Zn, Composição De Aminoácidos:Biotina, Outros Componentes:Ácido Fólico"
15398,Multivitaminas,608247,"608247 - Multivitaminas, Composição De Vitaminas:Vits: B1, B5, B6, B12, D, E, Composição De Sais Minerais:Minerais: Mg, Se, Zn, Composição De Aminoácidos:Colina, Outros Componentes:Ácido Fólico"
15398,Multivitaminas,605861,"605861 - Multivitaminas, Composição De Vitaminas:Vits: A, D, E, Forma Farmacêutica 1:Solução Oral"
15398,Multivitaminas,605834,"605834 - Multivitaminas, Composição De Vitaminas:Vits: B1, B2, B5, B6, B12, D, E, Composição De Sais Minerais:Minerais: Cu, Mg, Se, Zn, Outros Componentes:Serina, Metionina E Ácido Fólico"
15398,Multivitaminas,604742,"604742 - Multivitaminas, Composição De Vitaminas:Vits: D, K"
15398,Multivitaminas,602308,"602308 - Multivitaminas, Composição De Vitaminas:Vits: A, D, E, Forma Farmacêutica 1:Solução Oral Gotas"
15398,Multivitaminas,486367,"486367 - Multivitaminas, Composição De Vitaminas:Vits: A, B1, B2, B6, B12, C, D, E, Composição De Sais Minerais:Minerais: Fe, Zn, Outros Componentes:Ácido Fólico"
15398,Multivitaminas,480624,"480624 - Multivitaminas, Composição De Vitaminas:Vits: B1, B2, B3, B6, B12, Composição De Aminoácidos:Levocarnitina, Levolisina"
15398,Multivitaminas,479545,"479545 - Multivitaminas, Composição De Vitaminas:Vits: A, B1, B2, B3, B5, B6, C, D, E, Composição De Aminoácidos:Biotina, Forma Farmacêutica 1:Solução Oral"
15398,Multivitaminas,479458,"479458 - Multivitaminas, Composição De Vitaminas:Vits: A, C, D, Composição De Sais Minerais:Minerais: Fe, Zn, Outros Componentes:Ácido Fólico, Forma Farmacêutica 1:Suspensão Oral"
15398,Multivitaminas,476787,"476787 - Multivitaminas, Composição De Vitaminas:Vits: A, B1, B2, B3, B5, B6, B12, D, Composição De Sais Minerais:Minerais: Cu, Fe, K, Mg, Zn, Forma Farmacêutica 1:Solução Oral"
15398,Multivitaminas,474286,"474286 - Multivitaminas, Composição De Vitaminas:Vits: A, B1, B2, B3, B5, B6, B12, D, Composição De Sais Minerais:Minerais: Fe, Mg, Mn"
15398,Multivitaminas,473598,"473598 - Multivitaminas, Composição De Vitaminas:Vits: A, B1, B2, B3, B5, B6, B12, C, D, E, H, Composição De Sais Minerais:Minerais: Ca, Cr, Cu, Fe, I, Mg, Mn, Mo, Se, Zn, Outros Componentes:Ácido Fólico, Forma Farmacêutica 1:Pastilha Mastigável"
15398,Multivitaminas,468392,"468392 - Multivitaminas, Composição De Vitaminas:Vits: A, D, Composição De Sais Minerais:Minerais: Cu, Fe, Se, Zn, Composição De Aminoácidos:Colina, Outros Componentes:Ácido Fólico, Forma Farmacêutica 1:Solução Oral, Características Adicionais:Com Seringa Dosadora"
15398,Multivitaminas,466084,"466084 - Multivitaminas, Composição De Vitaminas:Vits: D, K, Composição De Sais Minerais:Mineral: Ca"
15398,Multivitaminas,465094,"465094 - Multivitaminas, Composição De Vitaminas:Vits: D, K, Composição De Sais Minerais:Mineral: Ca, Forma Farmacêutica 1:Pó Oral"
15398,Multivitaminas,460889,"460889 - Multivitaminas, Composição De Vitaminas:Vits: A, B1, B2, B3, B5, B6, B12, C, D, E, K, Composição De Sais Minerais:Minerais: Ca, Cr, Cu, Fe, I, Mn, Se, Zn, Composição De Aminoácidos:Biotina, Outros Componentes:Ácido Fólico"
15398,Multivitaminas,460204,"460204 - Multivitaminas, Composição De Vitaminas:Vits: A, C, E, Composição De Sais Minerais:Minerais: Cu, Se, Zn"
15398,Multivitaminas,459263,"459263 - Multivitaminas, Composição De Vitaminas:Vits: A, B1, B2, B3, B6, B12, C, D, E, Composição De Sais Minerais:Minerais: Cu, Fe, I, Se, Zn, Outros Componentes:Ácido Fólico, Forma Farmacêutica 1:Pó Oral"
15398,Multivitaminas,458254,"458254 - Multivitaminas, Composição De Vitaminas:Vits: A, B1, B2, B3, B5, B6, B12, C, D, E, Outros Componentes:Ácido Fólico, Forma Farmacêutica 1:Solução Oral"
15398,Multivitaminas,456433,"456433 - Multivitaminas, Composição De Vitaminas:Vits: A, B1, B2, B3, B6, B12, C, D, E, Composição De Sais Minerais:Minerais: Ca, Cu, Fe, K, Se, Zn, Outros Componentes:Maltodextrina E Ácido Fólico, Forma Farmacêutica 1:Pó Oral"
15398,Multivitaminas,455970,"455970 - Multivitaminas, Composição De Vitaminas:Vits: A, D, Composição De Sais Minerais:Minerais: Fe, Zn, Forma Farmacêutica 1:Suspensão Oral"
15398,Multivitaminas,452410,"452410 - Multivitaminas, Composição De Vitaminas:Vits: A, B1, B2, B5, B6, B12, C, D, E, K, Composição De Sais Minerais:Minerais: Ca, Cr, Cu, Fe, I, Mg, Mn, Mo, Se, Zn, Composição De Aminoácidos:Biotina, Niacina, Outros Componentes:Ácido Fólico"
15398,Multivitaminas,452040,"452040 - Multivitaminas, Composição De Vitaminas:Vits: A, B1, B2, B3, B5, B6, B12, C, D, E, H, Composição De Sais Minerais:Minerais: B, Ca, Cr, Cu, Fe, Mg, Mn, Mo, P, Zn, Outros Componentes:Ácido Fólico"
15398,Multivitaminas,450872,"450872 - Multivitaminas, Composição De Vitaminas:Vits: A, B1, B2, B3, B5, B6, B12, C, D, E, H, K, Composição De Sais Minerais:Minerais: Na, Se, Zn, Outros Componentes:Ácido Fólico, Composição Adicional 1:Coenzima Q10"
15398,Multivitaminas,450511,"450511 - Multivitaminas, Composição De Vitaminas:Vits: A, B6, D, E, Composição De Sais Minerais:Mineral: Ca"
15398,Multivitaminas,449719,"449719 - Multivitaminas, Composição De Vitaminas:Vits: A, B1, B2, B3, B5, B6, B12, C, D, E, H, K, Composição De Sais Minerais:Minerais:Ca, Co, Cr, Cu, Fe, I, Mg, Mn, Mo, Se, Zn, Outros Componentes:Ácido Fólico"
15398,Multivitaminas,449181,"449181 - Multivitaminas, Composição De Vitaminas:Vits: A, B1, B2, B3, B5, B6, B12, C, D, Composição De Sais Minerais:Minerais: Fe, Mn, Zn, Outros Componentes:Ácido Fólico"
15398,Multivitaminas,449122,"449122 - Multivitaminas, Composição De Vitaminas:Vits: A, B1, B2, B3, B5, B6, B12, C, D, E, H, K, Outros Componentes:Ácido Fólico, Forma Farmacêutica 1:Solução Injetável, Características Adicionais:Frasco A + Frasco B, Adicional 1:Pediátrico"
15398,Multivitaminas,449121,"449121 - Multivitaminas, Composição De Vitaminas:Vits: A, B1, B2, B3, B5, B6, B12, C, D, E, H, K, Outros Componentes:Ácido Fólico, Forma Farmacêutica 1:Solução Injetável, Características Adicionais:Frasco A + Frasco B, Adicional 1:Adulto"
15398,Multivitaminas,449120,"449120 - Multivitaminas, Composição De Vitaminas:Vits: A, B1, B2, B3, B5, B6, B12, C, D, E, Composição De Sais Minerais:Minerais: Cu, Fe, K, Mn, Zn, Outros Componentes:Ácido Fólico, Composição Adicional 1:Lecitina, Rutosídeo, Composição Adicional 2:Panax Ginseng"
15398,Multivitaminas,449119,"449119 - Multivitaminas, Composição De Vitaminas:Vits: A, B1, B2, B3, B5, B6, B12, C, E, H, Composição De Sais Minerais:Minerais: Ca, K, Mg, Zn, Composição De Aminoácidos:Metionina, Outros Componentes:Ácido Fólico, Composição Adicional 1:Adenosina, Colina, Inositol, Teofilina"
15398,Multivitaminas,449118,"449118 - Multivitaminas, Composição De Vitaminas:Vits: C, D, Composição De Sais Minerais:Minerais: Ca, Fe, Forma Farmacêutica 1:Solução Oral"
15398,Multivitaminas,449117,"449117 - Multivitaminas, Composição De Vitaminas:Vits: B1, B2, B3, B5, B6, B12, Composição De Sais Minerais:Minerais: Cu, Fe, I, Mg, Na, Zn, Forma Farmacêutica 1:Solução Oral"
15398,Multivitaminas,449116,"449116 - Multivitaminas, Composição De Vitaminas:Vits: A, B1, B2, B3, B5, B6, B12, C, D, E, H, Composição De Sais Minerais:Minerais: Ca, Fe, I, Mg, Mn, P, Se, Zn, Outros Componentes:Ácido Fólico, Composição Adicional 1:Lactobacillus Acidophillus"
15398,Multivitaminas,449115,"449115 - Multivitaminas, Composição De Vitaminas:Vits: A, B1, B2, B3, B6, B12, C, E, Composição De Sais Minerais:Minerais: Cu, Mn, Se, Zn, Outros Componentes:Ácido Fólico, Composição Adicional 1:Luteína, Ômega 3, Dha, Epa"
15398,Multivitaminas,449114,"449114 - Multivitaminas, Composição De Vitaminas:Vits: B12, D, Composição De Sais Minerais:Mineral: Ca, Forma Farmacêutica 1:Suspensão Oral"
15398,Multivitaminas,449113,"449113 - Multivitaminas, Composição De Vitaminas:Vits: B1, B2, B3, B5, B6, B12, C, E, Composição De Sais Minerais:Minerais: Cu, Zn, Outros Componentes:Ácido Fólico"
15398,Multivitaminas,449112,"449112 - Multivitaminas, Composição De Vitaminas:Vits: A, B1, B2, B3, B5, B6, B12, C, D, E, H, K, Composição De Sais Minerais:Minerais:Ca,Cl,Cr,Cu,Fe,I, K, Mg, Mn,Mo, P, Se, Zn, Outros Componentes:Ácido Fólico"
15398,Multivitaminas,449111,"449111 - Multivitaminas, Composição De Vitaminas:Vits: A, B1, B2, B3, B5, B6, C, D, E, H, Composição De Sais Minerais:Minerais: Na, Se, Zn, Outros Componentes:Coenzima Q10, Forma Farmacêutica 1:Comprimido Mastigável"
15398,Multivitaminas,449110,"449110 - Multivitaminas, Composição De Vitaminas:Vits: A, B1, B2, B3, B6, B12, C, D, E, Composição De Sais Minerais:Minerais: Ca, Fe, Zn, Outros Componentes:Ácido Fólico"
15398,Multivitaminas,449109,"449109 - Multivitaminas, Composição De Vitaminas:Vits: B1, B6, B12, Composição De Aminoácidos:Ácido Glutâmico, Outros Componentes:Ácido Gama-Aminobutírico"
15398,Multivitaminas,449107,"449107 - Multivitaminas, Composição De Vitaminas:Vits: A, B1, B2, B3, B5, B6, B12, C, D, E, H, Outros Componentes:Ácido Fólico, Forma Farmacêutica 1:Pó Liófilo P/ Injetável"
15398,Multivitaminas,449106,"449106 - Multivitaminas, Composição De Vitaminas:Vits: B1, B2, B3, B5, B12, Composição De Sais Minerais:Mineral: Fe, Forma Farmacêutica 1:Suspensão Oral"
15398,Multivitaminas,449105,"449105 - Multivitaminas, Composição De Vitaminas:Vits: B1, B5, B6, Composição De Aminoácidos:Lisina, Outros Componentes:Ácido Gama-Aminobutírico, Forma Farmacêutica 1:Xarope"
15398,Multivitaminas,449104,"449104 - Multivitaminas, Composição De Vitaminas:Vits: B12, D, Composição De Sais Minerais:Minerais: Ca, P, Zn, Forma Farmacêutica 1:Suspensão Oral"
15398,Multivitaminas,449103,"449103 - Multivitaminas, Composição De Vitaminas:Vits: B1, B2, B3, B5, B6, B12, Composição De Sais Minerais:Mineral: Fe, Outros Componentes:Ácido Fólico"
15398,Multivitaminas,449102,"449102 - Multivitaminas, Composição De Vitaminas:Vits: B2, B3, B6, C, Outros Componentes:Frutose, Forma Farmacêutica 1:Solução Injetável"
15398,Multivitaminas,449101,"449101 - Multivitaminas, Composição De Vitaminas:Vits: A, B1, B2, B3, B5, B6, C, D, E, H, Forma Farmacêutica 1:Solução Oral Gotas"
15398,Multivitaminas,449100,"449100 - Multivitaminas, Composição De Vitaminas:Vits: B2, B3, B6, B12, C, Outros Componentes:Frutose, Forma Farmacêutica 1:Solução Injetável, Características Adicionais:Ampola A + Ampola B"
15398,Multivitaminas,448746,"448746 - Multivitaminas, Composição De Vitaminas:Vits: A, B1, B2, B3, B5, B6, B12, C, D, E, H, Composição De Sais Minerais:Minerais: Cr, Cu, Fe, Mn, Se, Zn, Outros Componentes:Ácido Fólico"
15398,Multivitaminas,448254,"448254 - Multivitaminas, Composição Vitaminas:Vits: A, B1, B12, C, D, E, Composição Sais Minerais:Minerais: Ca, Cu, Fe, Se, Zn, Composição Adicional:Ácido Fólico, Forma Farmacêutica:Comprimido Mastigável"
15398,Multivitaminas,448172,"448172 - Multivitaminas, Composição Vitaminas:Vits: A, B1, B2, B3, B5, B6, C, D, E, H, Forma Farmacêutica:Solução Oral - Gotas, Adicional:Com Seringa Dosadora"
15398,Multivitaminas,447888,"447888 - Multivitaminas, Composição Vitaminas:Vits: B2,C,E, Composição Sais Minerais:Minerais: Cu, Se, Zn, Composição Adicional:Betacaroteno"
15398,Multivitaminas,445398,"445398 - Multivitaminas, Composição Vitaminas:Vitaminas D, K, Composição Sais Minerais:Cálcio E Magnésio"
15398,Multivitaminas,445018,"445018 - Multivitaminas, Composição Vitaminas:Vits: B1, B2, B3, B5, B6, B12, C, D, E, Composição Sais Minerais:Minerais: Ca, Cu, Mg, Mn, Se, Zn"
15398,Multivitaminas,440604,"440604 - Multivitaminas, Composição Vitaminas:Vitaminas A, B1, B2, B5, B6, B12, C, D3, E, Composição Sais Minerais:Minerais: Cobre E Zinco, Adicional:Ácido Fólico"
15398,Multivitaminas,426076,"426076 - Multivitaminas, Composição Vitaminas:Vits: A, D3, E, K1, B1, B2, B3, B5, B6, C, Forma Farmacêutica:Solução Injetável"
15398,Multivitaminas,304148,"304148 - Multivitaminas, Composição:Vits: A, B2, B3, B5, B6, C, D, E, Forma Farmacêutica:Solução Injetável"
8639,Lamivudina,618499,"618499 - Lamivudina, Composição:Associado Ao Dolutegravir E Abacavir, Concentração:300 Mg + 50 Mg + 600 MG"
8639,Lamivudina,486368,"486368 - Lamivudina, Composição:Associado Ao Dolutegravir, Concentração:300 Mg + 50 MG"
8639,Lamivudina,328810,"328810 - Lamivudina, Dosagem:10 MG/ML, Forma Farmacêutica:Solução Oral"
8639,Lamivudina,271174,"271174 - Lamivudina, Dosagem:100 MG"
8639,Lamivudina,268345,"268345 - Lamivudina, Dosagem:150 MG"
15108,Folitropina,620631,"620631 - Folitropina, Composição:Betafolitropina, Concentraçao:300 UI, Forma Farmaceutica:Solução Injetável, Característica Adicional:Em Caneta Aplicadora"
15108,Folitropina,601413,"601413 - Folitropina, Composição:Urofolitropina, Concentraçao:150 UI, Forma Farmaceutica:Pó Liófilo P/ Injetável, Característica Adicional:Refil"
15108,Folitropina,601412,"601412 - Folitropina, Composição:Urofolitropina, Concentraçao:150 UI, Forma Farmaceutica:Pó Liófilo P/ Injetável, Característica Adicional:Com Aplicador"
15108,Folitropina,601411,"601411 - Folitropina, Composição:Delta, Concentraçao:33 MCG/ML, Forma Farmaceutica:Solução Injetável, Característica Adicional:Refil"
15108,Folitropina,601410,"601410 - Folitropina, Composição:Delta, Concentraçao:33 MCG/ML, Forma Farmaceutica:Solução Injetável, Característica Adicional:Com Aplicador"
15108,Folitropina,601409,"601409 - Folitropina, Composição:Alfa, Associada À Alfalutropina, Concentraçao:150 Ui + 75 UI, Forma Farmaceutica:Solução Injetável"
15108,Folitropina,486302,"486302 - Folitropina, Composição:Beta, Concentraçao:1250 UI/ML, Forma Farmaceutica:Solução Injetável"
15108,Folitropina,451639,"451639 - Folitropina, Composição:Alfa, Associada À Alfalutropina, Concentraçao:150 Ui + 75 UI, Forma Farmaceutica:Pó Liofilizado + Diluente"
15108,Folitropina,448706,"448706 - Folitropina, Concentraçao:1050 UI, Forma Farmaceutica:Pó Liofilizado + Diluente, Características Adicionais 1:Seringa Preenchida"
15108,Folitropina,448705,"448705 - Folitropina, Concentraçao:450 UI, Forma Farmaceutica:Pó Liofilizado + Diluente, Características Adicionais 1:Seringa Preenchida"
15108,Folitropina,448625,"448625 - Folitropina, Composição:Beta, Concentraçao:625 UI/ML, Forma Farmaceutica:Solução Injetável"
15108,Folitropina,448624,"448624 - Folitropina, Composição:Alfa Recombinante, Concentraçao:600 UI/ML, Forma Farmaceutica:Solução Injetável, Característica Adicional:Em Caneta Aplicadora Pré-Enchida"
15108,Folitropina,439227,"439227 - Folitropina, Composição:Alfacorifolitropina, Concentraçao:150 MCG, Forma Farmaceutica:Solução Injetável"
15108,Folitropina,439226,"439226 - Folitropina, Composição:Alfacorifolitropina, Concentraçao:100 MCG, Forma Farmaceutica:Solução Injetável"
15108,Folitropina,400505,"400505 - Folitropina, Composição:Urofolitropina, Concentraçao:75 UI, Forma Farmaceutica:Pó Liófilo P/ Injetável"
15108,Folitropina,284840,"284840 - Folitropina, Apresentação:Alfa, Concentração:150 Ui, Uso:Pó Liofilizado Em Ampola + Diluente"
15108,Folitropina,284839,"284839 - Folitropina, Apresentação:Alfa, Concentração:75 Ui, Uso:Pó Liofilizado Em Ampola + Diluente"
15108,Folitropina,284838,"284838 - Folitropina, Apresentação:Alfa, Concentração:37,5 Ui, Uso:Pó Liofilizado Em Ampola + Diluente"
15458,Vacina,629395,"629395 - Vacina, Composição:Pneumocócica 20-Valente, Tipo:Conjugada, Forma Farmaceutica:Suspensão Injetável"
15458,Vacina,623456,"623456 - Vacina, Composição 1:Covid-19 (Coronavírus, Sars-Cov-2), Tipo:Recombinante, Forma Farmacêutica 1:Suspensão Injetável"
15458,Vacina,623455,"623455 - Vacina, Composição 1:Covid-19 (Coronavírus, Sars-Cov-2), Bivalente, Tipo:Mrna (Rna Sintético), Forma Farmacêutica 1:Suspensão Injetável, Característica Adicional:Com Diluente"
15458,Vacina,623454,"623454 - Vacina, Composição 1:Covid-19 (Coronavírus, Sars-Cov-2), Bivalente, Tipo:Mrna (Rna Sintético), Forma Farmacêutica 1:Suspensão Injetável"
15458,Vacina,623453,"623453 - Vacina, Composição 1:Covid-19 (Coronavírus, Sars-Cov-2), Tipo:Mrna (Rna Sintético), Forma Farmaceutica:Suspensão Injetável, Características Adicionais 1:Seringa Preenchida"
15458,Vacina,623452,"623452 - Vacina, Composição 1:Covid-19 (Coronavírus, Sars-Cov-2), Tipo:Mrna (Rna Sintético), Forma Farmaceutica:Suspensão Injetável, Característica Adicional:Com Diluente"
15458,Vacina,623451,"623451 - Vacina, Composição 1:Covid-19 (Coronavírus, Sars-Cov-2), Tipo:Mrna (Rna Sintético), Forma Farmaceutica:Suspensão Injetável"
15458,Vacina,622792,"622792 - Vacina, Composição:Vírus Sincicial Respiratório (Vsr), Tipo:Recombinante, Forma Farmaceutica:Pó Liófilo P/ Injetável + Diluente, Característica Adicional:Seringa Preenchida"
15458,Vacina,616656,"616656 - Vacina, Composição:Chikungunya (Chikv), Tipo:Viva Liofilizada, Atenuada, Forma Farmaceutica:Pó Liófilo P/ Injetável + Diluente"
15458,Vacina,616655,"616655 - Vacina, Composição:Vírus Sincicial Respiratório (Vsr), Tipo:Recombinante, Adjuvada, Forma Farmaceutica:Pó Liófilo P/ Injetável + Diluente"
15458,Vacina,613263,"613263 - Vacina, Composição:Pneumocócica 15-Valente, Tipo:Conjugada, Forma Farmaceutica:Suspensão Injetável"
15458,Vacina,608061,"608061 - Vacina, Composição:Dengue 1, 2, 3, 4, Tipo:Atenuada, Forma Farmaceutica:Injetável"
15458,Vacina,602562,"602562 - Vacina, Composição:Herpes Zóster, Tipo:Recombinante, Forma Farmaceutica:Pó P/ Suspensão Injetável + Diluente"
15458,Vacina,486449,"486449 - Vacina, Composição:Influenza Trivalente, Tipo:Inativada, Subunitária, Forma Farmaceutica:Suspensão Injetável"
15458,Vacina,486446,"486446 - Vacina, Composição:Hpv - Papiloma Vírus Humano - 9 Valente, Tipo:Recombinante, Forma Farmaceutica:Suspensão Injetável"
15458,Vacina,486226,"486226 - Vacina, Composição 1:Varíola, Tipo 1:Atenuada, Forma Farmacêutica 1:Injetável"
15458,Vacina,483360,"483360 - Vacina, Composição 1:Extrato Alérgeno De Ácaros, Tipo 1:Padronizado, Forma Farmacêutica 1:Injetável"
15458,Vacina,483359,"483359 - Vacina, Composição 1:Extrato Alérgeno De Insetos, Tipo 1:Não Padronizado, Forma Farmacêutica 1:Injetável"
15458,Vacina,465528,"465528 - Vacina, Composição:Influenza Monovalente, Tipo:Fragmentada, Inativada, Forma Farmaceutica:Injetável"
15458,Vacina,464614,"464614 - Vacina, Composição:Sarampo E Rubéula, Tipo:Atenuada, Forma Farmaceutica:Pó Liófilo P/ Injetável + Diluente"
15458,Vacina,462303,"462303 - Vacina, Composição:Difteria, Tétano, Pertussis, Hepatite B, Outros Componentes:Poliomielite 1, 2 E 3, H. Influenzae B, Forma Farmacêutica 1:Injetável"
15458,Vacina,456019,"456019 - Vacina, Composição:Cólera, Tipo:Inativada, Forma Farmaceutica:Suspensão Oral"
15458,Vacina,455973,"455973 - Vacina, Composição:Extrato Alergênico (Até 5 Antígenos), Forma Farmaceutica:Injetável, Característica Adicional:Liberação Prolongada, Características Adicionais 1:Especialmente Manipulada"
15458,Vacina,453092,"453092 - Vacina, Composição:Varicela, Tipo:Atenuada, Forma Farmaceutica:Pó Liófilo P/ Injetável + Diluente"
15458,Vacina,453091,"453091 - Vacina, Composição:Sarampo, Caxumba E Rubéula, Tipo:Atenuada, Forma Farmaceutica:Pó Liófilo P/ Injetável + Diluente"
15458,Vacina,453090,"453090 - Vacina, Composição:Sarampo, Caxumba, Rubéula E Varicela, Tipo:Atenuada, Forma Farmaceutica:Pó Liófilo P/ Injetável + Diluente"
15458,Vacina,453089,"453089 - Vacina, Composição:Tétano, Forma Farmaceutica:Suspensão Injetável"
15458,Vacina,453088,"453088 - Vacina, Composição:Rotavírus Humano G1 Pý8¨, Tipo:Atenuada, Forma Farmaceutica:Suspensão Oral"
15458,Vacina,453087,"453087 - Vacina, Composição:Raiva (Cultivado Em Embrião De Galinha), Tipo:Inativada, Forma Farmaceutica:Pó Liófilo P/ Injetável + Diluente"
15458,Vacina,453086,"453086 - Vacina, Composição:Raiva (Cultivado Em Células Vero), Tipo:Inativada, Forma Farmaceutica:Pó Liófilo P/ Injetável + Diluente"
15458,Vacina,453085,"453085 - Vacina, Composição:Poliomielite 1 E 3, Tipo:Atenuada, Forma Farmaceutica:Solução Oral"
15458,Vacina,453084,"453084 - Vacina, Composição:Poliomielite 1, 2 E 3, Tipo:Inativada, Forma Farmaceutica:Injetável"
15458,Vacina,453082,"453082 - Vacina, Composição:Pneumocócica 23-Valente, Tipo:Polissacarídica, Forma Farmaceutica:Solução Injetável"
15458,Vacina,453079,"453079 - Vacina, Composição:Pneumocócica 13-Valente, Tipo:Conjugada, Forma Farmaceutica:Suspensão Injetável"
15458,Vacina,453075,"453075 - Vacina, Composição:Pneumocócica 10-Valente, Tipo:Conjugada, Forma Farmaceutica:Suspensão Injetável"
15458,Vacina,453072,"453072 - Vacina, Composição:Pneumocócica 7-Valente, Tipo:Conjugada, Forma Farmaceutica:Suspensão Injetável"
15458,Vacina,453071,"453071 - Vacina, Composição:Meningocócica C, Tipo:Conjugada, Forma Farmaceutica:Injetável"
15458,Vacina,453070,"453070 - Vacina, Composição:Meningocócica B, Tipo:Recombinante, Forma Farmaceutica:Suspensão Injetável"
15458,Vacina,453069,"453069 - Vacina, Composição:Meningocócica Acwy, Tipo:Conjugada, Forma Farmaceutica:Injetável"
15458,Vacina,453068,"453068 - Vacina, Composição:Meningocócica Ac, Tipo:Polissacarídica, Forma Farmaceutica:Pó Liófilo P/ Injetável + Diluente"
15458,Vacina,453067,"453067 - Vacina, Composição:Difteria, Tétano E Pertussis, Composição 1:H. Influenzae B, Tipo 1:Conjugada, Forma Farmacêutica 1:Pó Liófilo P/ Injetável + Diluente"
15458,Vacina,453065,"453065 - Vacina, Composição:Difteria, Tétano, Pertussis, Hepatite B, Composição 1:H. Influenzae B, Tipo 1:Recombinante, Conjugada, Forma Farmacêutica 1:Suspensão Injetável"
15458,Vacina,453064,"453064 - Vacina, Composição:Difteria, Tétano, Pertussis, Hepatite B, Outros Componentes:Poliomielite 1, 2 E 3, H. Influenzae B, Forma Farmacêutica 1:Pó Liófilo P/ Injetável + Diluente"
15458,Vacina,453063,"453063 - Vacina, Composição 1:H. Influenzae B, Tipo 1:Conjugada, Forma Farmacêutica 1:Pó Liófilo P/ Injetável + Diluente"
15458,Vacina,453061,"453061 - Vacina, Composição:Influenza Trivalente, Tipo:Fragmentada, Inativada, Forma Farmaceutica:Suspensão Injetável"
15458,Vacina,453060,"453060 - Vacina, Composição:Influenza Tetravalente, Tipo:Fragmentada, Inativada, Forma Farmaceutica:Suspensão Injetável"
15458,Vacina,453058,"453058 - Vacina, Composição:Hpv - Papiloma Vírus Humano (6, 11, 16, 18), Tipo:Recombinante, Forma Farmaceutica:Suspensão Injetável"
15458,Vacina,453056,"453056 - Vacina, Composição:Hpv - Papiloma Vírus Humano (16, 18), Tipo:Recombinante, Forma Farmaceutica:Suspensão Injetável"
15458,Vacina,453051,"453051 - Vacina, Composição:Hepatite A E Hepatite B, Tipo:Inativada, Recombinante, Forma Farmaceutica:Suspensão Injetável"
15458,Vacina,453049,"453049 - Vacina, Composição:Febre Tifoide, Tipo:Polissacarídica, Forma Farmaceutica:Solução Injetável"
15458,Vacina,453048,"453048 - Vacina, Composição:Febre Amarela, Tipo:Atenuada, Forma Farmaceutica:Pó Liófilo P/ Injetável + Diluente"
15458,Vacina,453047,"453047 - Vacina, Composição:Difteria, Tétano E Pertussis, Forma Farmaceutica:Suspensão Injetável"
15458,Vacina,453046,"453046 - Vacina, Composição:Difteria, Tétano E Pertussis, Tipo:Acelular, Forma Farmaceutica:Suspensão Injetável"
15458,Vacina,453045,"453045 - Vacina, Composição:Difteria E Tétano, Forma Farmaceutica:Suspensão Injetável"
15458,Vacina,453044,"453044 - Vacina, Composição:Bcg, Forma Farmaceutica:Pó Liófilo P/ Injetável + Diluente"
15458,Vacina,453043,"453043 - Vacina, Composição:Extrato Alérgeno De Insetos, Forma Farmaceutica:Líquido Inalante"
15458,Vacina,444008,"444008 - Vacina, Composição:Hepatite B, Tipo:Recombinante, Forma Farmaceutica:Suspensão Injetável"
15458,Vacina,443622,"443622 - Vacina, Composição:Hepatite A, Tipo:Inativada, Forma Farmaceutica:Suspensão Injetável"
15458,Vacina,436462,"436462 - Vacina, Composição:Rotavírus Humano/Bovino, Tipo:Sorotipo: G1, G2, G3, G4 E P1aý8¨( Atenuada), Forma Farmaceutica:Solução Oral"
7890,Gabapentina,627299,"627299 - Gabapentina, Concentração:50 MG/ML, Forma Farmacêutica:Solução Oral, Adicional:Formulação Especialmente Manipulada"
7890,Gabapentina,486576,"486576 - Gabapentina, Concentração:10 MG/ML, Forma Farmacêutica:Solução Oral, Adicional:Formulação Especialmente Manipulada"
7890,Gabapentina,291702,"291702 - Gabapentina, Dosagem:100 MG"
7890,Gabapentina,291701,"291701 - Gabapentina, Dosagem:800 MG"
7890,Gabapentina,291700,"291700 - Gabapentina, Dosagem:600 MG"
7890,Gabapentina,268107,"268107 - Gabapentina, Dosagem:300 MG"
7890,Gabapentina,268106,"268106 - Gabapentina, Dosagem:400 MG"
6577,Enoxaparina,638654,"638654 - Enoxaparina, Concentração:100 MG/ML, Forma Farmaceutica:Solução Injetável"
6577,Enoxaparina,448982,"448982 - Enoxaparina, Concentração:100 MG/ML, Forma Farmaceutica:Solução Injetável, Características Adicionais 1:Seringa Preenchida"
1838,Algestona Acetofenida,295605,"295605 - Algestona Acetofenida, Princípio Ativo:Associado Com Estradiol Enantato, Dosagem:150 Mg + 10 MG/ML, Forma Farmacêutica:Solução Injetável"
5145,Bupropiona Cloridrato,613226,"613226 - Bupropiona Cloridrato, Composição:Associado À Naltrexona, Concentração:40 Mg + 4 MG"
5145,Bupropiona Cloridrato,486451,"486451 - Bupropiona Cloridrato, Composição:Associado À Naltrexona, Concentração:90 Mg + 8 MG, Forma Farmacêutica:Liberação Prolongada"
5145,Bupropiona Cloridrato,460987,"460987 - Bupropiona Cloridrato, Concentração:300 MG, Características Adicionais:Liberação Prolongada"
5145,Bupropiona Cloridrato,460986,"460986 - Bupropiona Cloridrato, Concentração:150 MG, Características Adicionais:Liberação Prolongada"
5145,Bupropiona Cloridrato,413768,"413768 - Bupropiona Cloridrato, Concentração:300 MG"
5145,Bupropiona Cloridrato,268994,"268994 - Bupropiona Cloridrato, Dosagem:150 MG"
19549,Tocoferol,623186,"623186 - Tocoferol, Concentração:500 MG, Características Adicionais:Formulação Especialmente Manipulada"
19549,Tocoferol,486685,"486685 - Tocoferol, Composição:Associado Ao Óleo De Coco, Concentração:2% + 2%, Forma Farmacêutica:Gel, Características Adicionais:Formulação Especialmente Manipulada"
19549,Tocoferol,467583,"467583 - Tocoferol, Concentração:100 MG, Características Adicionais:Formulação Especialmente Manipulada"
19549,Tocoferol,445060,"445060 - Tocoferol, Concentração:120 UI/ML, Forma Farmacêutica:Solução Oral, Características Adicionais:Formulação Especialmente Manipulada"
19549,Tocoferol,445011,"445011 - Tocoferol, Composição:Associado Ao Dmso, Concentração:50%, Forma Farmacêutica:Creme, Características Adicionais:Formulação Especialmente Manipulada"
19549,Tocoferol,625541,"625541 - Tocoferol, Composição:Mentol, Cânfora E Associações, Concentração:140 Mg/G + 140 Mg/G + 42 MG/G, Forma Farmacêutica:Emplastro"
30042,Metionina,600080,"600080 - Metionina, Composição:Associada À Colina, Concentração:100 Mg + 20 MG"
16613,Solução Para Conservação De Órgãos,618534,"618534 - Solução Para Conservação De Órgãos, Composição:Dextrana 40, Tampão Tham, Cálcio, Forma Farmaceutica:Solução Para Perfusão, Estéril E Apirogênica"
16613,Solução Para Conservação De Órgãos,600232,"600232 - Solução Para Conservação De Órgãos, Composição:Albumina Sérica Humana E Dextrana 40, Concentração*:7% + 0,5%, Forma Farmaceutica:Solução Para Perfusão, Estéril E Apirogênica"
16613,Solução Para Conservação De Órgãos,410857,"410857 - Solução Para Conservação De Órgãos, Tipo:Solução Igl-1, Composição:Hes,Peg-35, Ác. Lactobiônico,Glutationa, Adenosina, Componentes Adicionais:Alopurinol,Rafinose.Mgso4,Kh2po4,Potássio,Sódio, Concentração*:Osmolaridade 320 Mosmol E Ph 7.3, Forma Farmaceutica:Solução Para Perfusão, Estéril E Apirogênica"
16613,Solução Para Conservação De Órgãos,382598,"382598 - Solução Para Conservação De Órgãos, Tipo:Coloidal, Composição:À Base De Dextrana, Sódio, Potássio E Magnésio, Concentração:Em Dosagem Igual A Do Plasma, Forma Farmacêutica:Solução Para Perfusão, Estéril E Apirogênica"
16613,Solução Para Conservação De Órgãos,365509,"365509 - Solução Para Conservação De Órgãos, Tipo:Htk ( Histidina, Triptofano E Alfa-Cetoglutarato), Composição:Manitol, Sódio, Potássio, Cálcio E Magnésio, Forma Farmacêutica:Solução Para Perfusão, Estéril E Apirogênica"
16613,Solução Para Conservação De Órgãos,273493,"273493 - Solução Para Conservação De Órgãos, Princípio Ativo:Solução De Belzer, Composição Básica:Eletrolítica Para Perfusão"
16613,Solução Para Conservação De Órgãos,273492,"273492 - Solução Para Conservação De Órgãos, Princípio Ativo:Solução De Collins, Composição Básica:Eletrolítica Para Perfusão, Características Adicionais:Solução A + B"
11262,Prometazina Cloridrato,600706,"600706 - Prometazina Cloridrato, Concentração:50 MG/ML, Forma Farmaceutica:Solução Injetável"
11262,Prometazina Cloridrato,396048,"396048 - Prometazina Cloridrato, Composição:Associada Ao Sulfoguaiacolato De Potássio, Concentração:0,5 Mg + 9 MG/ML, Forma Farmaceutica:Xarope"
11262,Prometazina Cloridrato,396047,"396047 - Prometazina Cloridrato, Composição:Associada Ao Sulfoguaiacolato De Potássio, Concentração:1 Mg + 9 MG/ML, Forma Farmaceutica:Xarope"
11262,Prometazina Cloridrato,269389,"269389 - Prometazina Cloridrato, Dosagem:20 MG/G, Apresentação:Creme"
11262,Prometazina Cloridrato,267769,"267769 - Prometazina Cloridrato, Dosagem:25 MG/ML, Apresentação:Solução Injetável"
11262,Prometazina Cloridrato,267768,"267768 - Prometazina Cloridrato, Dosagem:25 MG"
30049,Proteína C,600691,"600691 - Proteína C, Composição:Humana, Concentração:100 UI/ML, Forma Farmacêutica:Injetável"
30050,Polatuzumabe,600810,"600810 - Polatuzumabe, Composição:Vedotina, Concentração:140 MG, Forma Farmacêutica:Injetável"
30050,Polatuzumabe,600809,"600809 - Polatuzumabe, Composição:Vedotina, Concentração:30 MG, Forma Farmacêutica:Injetável"
8323,Imunoglobulina Antitimócitos Humanos,600894,"600894 - Imunoglobulina Antitimócitos Humanos, Tipo:Eqüina, Concentração:50 MG/ML, Forma Farmaceutica:Solução Injetável"
8323,Imunoglobulina Antitimócitos Humanos,343089,"343089 - Imunoglobulina Antitimócitos Humanos, Tipo:De Coelho, Concentração:25 MG, Forma Farmaceutica:Pó Liófilo P/ Injetável"
8323,Imunoglobulina Antitimócitos Humanos,342270,"342270 - Imunoglobulina Antitimócitos Humanos, Tipo:Eqüina, Concentração:20 MG/ML, Forma Farmaceutica:Solução Injetável"
30054,Molnupiravir,601278,"601278 - Molnupiravir, Concentração:200 MG"
30057,Luspatercepte,601420,"601420 - Luspatercepte, Concentração:50 MG/ML, Forma Farmacêutica:Injetável"
30058,Anacinra,601657,"601657 - Anacinra, Concentração:150 MG/ML, Forma Farmacêutica:Injetável, Adicional:Seringa Preenchida"
30059,Tebentafusp,601658,"601658 - Tebentafusp, Concentração:200 MCG/ML, Forma Farmacêutica:Injetável"
1631,Vitamina D,629690,"629690 - Vitamina D, Composição:Associado À Citrato Malato De Cálcio, Mg E Vit. K, Concentração:1.000 Ui + 300 Mg + 70 Mg + 149 MCG"
1631,Vitamina D,628307,"628307 - Vitamina D, Concentração:10 MCG"
1631,Vitamina D,624540,"624540 - Vitamina D, Composição:Associado À Menaeptenona, Concentração:50.000 Ui + 100 MCG"
1631,Vitamina D,621626,"621626 - Vitamina D, Concentração:Cerca De 3.000 UI/ML, Forma Farmacêutica:Solução Oral-Gotas"
1631,Vitamina D,619624,"619624 - Vitamina D, Composição:Associado À Vitamina E, Concentração:2.000 Ui + 400 UI, Forma Farmacêutica:Pó Oral, Características Adicionais:Formulação Especialmente Manipulada"
1631,Vitamina D,619623,"619623 - Vitamina D, Composição:Associado À Vitamina B12, Concentração:5.000 Ui + 0,5 MG, Características Adicionais:Formulação Especialmente Manipulada"
1631,Vitamina D,619452,"619452 - Vitamina D, Concentração:Cerca De 5.500 UI/ML, Forma Farmacêutica:Solução Oral-Gotas"
1631,Vitamina D,618940,"618940 - Vitamina D, Concentração:Cerca De 12.100 UI/ML, Forma Farmacêutica:Solução Oral-Gotas"
1631,Vitamina D,618939,"618939 - Vitamina D, Concentração:Cerca De 18.200 UI/ML, Forma Farmacêutica:Solução Oral-Gotas"
1631,Vitamina D,609950,"609950 - Vitamina D, Concentração:20.000 UI/ML, Forma Farmacêutica:Solução Oral-Gotas"
1631,Vitamina D,605566,"605566 - Vitamina D, Concentração:50.000 UI, Forma Farmacêutica:Comprimido Orodispersível"
1631,Vitamina D,605565,"605565 - Vitamina D, Concentração:30.000 UI, Forma Farmacêutica:Comprimido Orodispersível"
1631,Vitamina D,605564,"605564 - Vitamina D, Concentração:7.000 UI, Forma Farmacêutica:Comprimido Orodispersível"
1631,Vitamina D,605563,"605563 - Vitamina D, Concentração:2.000 UI, Forma Farmacêutica:Comprimido Orodispersível"
1631,Vitamina D,604783,"604783 - Vitamina D, Concentração:100.000 UI"
1631,Vitamina D,604782,"604782 - Vitamina D, Concentração:10.000 UI, Forma Farmacêutica:Comprimido Mastigável"
1631,Vitamina D,604780,"604780 - Vitamina D, Concentração:7.000 UI, Forma Farmacêutica:Comprimido Mastigável"
1631,Vitamina D,604778,"604778 - Vitamina D, Concentração:5.000 UI, Forma Farmacêutica:Comprimido Mastigável"
1631,Vitamina D,602808,"602808 - Vitamina D, Concentração:25.000 UI, Forma Farmacêutica:Solução Oral-Gotas"
1631,Vitamina D,601404,"601404 - Vitamina D, Concentração:3.000 UI"
1631,Vitamina D,601402,"601402 - Vitamina D, Concentração:15.000 UI"
1631,Vitamina D,601217,"601217 - Vitamina D, Concentração:4.000 UI"
1631,Vitamina D,485179,"485179 - Vitamina D, Concentração:150.000 UI/ML, Forma Farmacêutica:Solução Oral-Gotas"
1631,Vitamina D,484142,"484142 - Vitamina D, Concentração:60.000 UI"
1631,Vitamina D,482169,"482169 - Vitamina D, Concentração:14.000 UI"
1631,Vitamina D,478193,"478193 - Vitamina D, Concentração:800 UI, Características Adicionais:Formulação Especialmente Manipulada"
1631,Vitamina D,473748,"473748 - Vitamina D, Concentração:400 UI, Características Adicionais:Formulação Especialmente Manipulada"
1631,Vitamina D,449681,"449681 - Vitamina D, Concentração:10.000 UI"
1631,Vitamina D,442729,"442729 - Vitamina D, Concentração:2.000 UI"
1631,Vitamina D,440195,"440195 - Vitamina D, Concentração:10.000 UI/ML, Forma Farmacêutica:Solução Oral"
1631,Vitamina D,438093,"438093 - Vitamina D, Concentração:200 UI"
1631,Vitamina D,436718,"436718 - Vitamina D, Concentração:14.000 UI/ML, Forma Farmacêutica:Solução Oral"
1631,Vitamina D,434125,"434125 - Vitamina D, Concentração:1000 UI"
1631,Vitamina D,431098,"431098 - Vitamina D, Concentração:50.000 UI"
1631,Vitamina D,431097,"431097 - Vitamina D, Concentração:7.000 UI"
1631,Vitamina D,430434,"430434 - Vitamina D, Concentração:5.000 UI"
1631,Vitamina D,428744,"428744 - Vitamina D, Concentração:5.600 UI/ML, Forma Farmacêutica:Solução Oral-Gotas"
1631,Vitamina D,398178,"398178 - Vitamina D, Concentração:2.000 UI/ML, Forma Farmacêutica:Solução Oral, Características Adicionais:Formulação Especialmente Manipulada"
1631,Vitamina D,391938,"391938 - Vitamina D, Concentração:3.300 UI/ML, Forma Farmacêutica:Solução Oral-Gotas"
30458,Eplontersena,640532,"640532 - Eplontersena, Concentração:56,25 MG/ML, Forma Farmacêutica:Solução Injetável, Adicional:Com Caneta Aplicadora"
30060,Tecovirimat,601918,"601918 - Tecovirimat, Concentração:200 MG"
30061,Nelarabina,602016,"602016 - Nelarabina, Concentração:5 MG/ML, Forma Farmacêutica:Injetável"
8428,Insulina,616035,"616035 - Insulina, Tipo:Aspart, Composição:Com Nicotinamida (Vit B3), Concentração:100 UI/ML, Forma Farmaceutica:Solução Injetável, Adicionais:C/ Sistema De Aplicação"
8428,Insulina,615182,"615182 - Insulina, Tipo:Lispro, Concentração:200 UI/ML, Forma Farmaceutica:Solução Injetável, Caracteristica Adicional:Com Aplicador"
8428,Insulina,607828,"607828 - Insulina, Tipo:Aspart, Composição:Com Nicotinamida (Vit B3), Concentração:100 UI/ML, Forma Farmaceutica:Solução Injetável"
8428,Insulina,601406,"601406 - Insulina, Tipo:Degludeca, Concentração:200 UI/ML, Forma Farmaceutica:Solução Injetável, Caracteristica Adicional:Refil"
8428,Insulina,601405,"601405 - Insulina, Tipo:Degludeca, Concentração:200 UI/ML, Forma Farmaceutica:Solução Injetável, Caracteristica Adicional:Com Aplicador"
8428,Insulina,474529,"474529 - Insulina, Origem:Humana, Tipo:Ação Rápida, Concentração:8 U/Dose + 12 U/Dose, Forma Farmaceutica:Pó P/ Inalação, Caracteristica Adicional:Com Aplicador, Adicionais:C/ Refis Individuais"
8428,Insulina,474526,"474526 - Insulina, Origem:Humana, Tipo:Ação Rápida, Concentração:4 U/Dose + 8 U/Dose, Forma Farmaceutica:Pó P/ Inalação, Caracteristica Adicional:Com Aplicador, Adicionais:C/ Refis Individuais"
8428,Insulina,474525,"474525 - Insulina, Origem:Humana, Tipo:Ação Rápida, Concentração:12 U/Dose, Forma Farmaceutica:Pó P/ Inalação, Caracteristica Adicional:Com Aplicador"
8428,Insulina,474524,"474524 - Insulina, Origem:Humana, Tipo:Ação Rápida, Concentração:8 U/Dose, Forma Farmaceutica:Pó P/ Inalação, Caracteristica Adicional:Com Aplicador"
8428,Insulina,474523,"474523 - Insulina, Origem:Humana, Tipo:Ação Rápida, Concentração:4 U/Dose, Forma Farmaceutica:Pó P/ Inalação, Caracteristica Adicional:Com Aplicador"
8428,Insulina,473861,"473861 - Insulina, Tipo:Análoga De Ação Rápida, Concentração:100 UI/ML, Forma Farmaceutica:Solução Injetável"
8428,Insulina,468664,"468664 - Insulina, Tipo:Análoga De Ação Prolongada, Concentração:100 UI/ML, Forma Farmaceutica:Solução Injetável, Adicionais:C/ Sistema De Aplicação"
8428,Insulina,458670,"458670 - Insulina, Tipo:Glargina Associada À Lixisenatida, Concentração:100 Ui/Ml + 33 MCG/ML, Forma Farmaceutica:Solução Injetável, Adicionais:C/ Sistema De Aplicação"
8428,Insulina,452617,"452617 - Insulina, Tipo:Glargina Associada À Lixisenatida, Concentração:100 Ui/Ml + 50 MCG/ML, Forma Farmaceutica:Solução Injetável, Adicionais:C/ Sistema De Aplicação"
8428,Insulina,452616,"452616 - Insulina, Tipo:Degludeca Associada À Liraglutida, Concentração:100 U/Ml + 3,6 MG/ML, Forma Farmaceutica:Solução Injetável, Adicionais:C/ Sistema De Aplicação"
8428,Insulina,442012,"442012 - Insulina, Tipo:Nph, Concentração:100 UI/ML, Forma Farmaceutica:Solução Injetável, Adicionais:C/ Sistema De Aplicação"
8428,Insulina,442011,"442011 - Insulina, Tipo:Regular, Concentração:100 UI/ML, Forma Farmaceutica:Solução Injetável, Adicionais:C/ Sistema De Aplicação"
8428,Insulina,440255,"440255 - Insulina, Tipo:Análoga De Ação Rápida, Concentração:100 UI/ML, Forma Farmaceutica:Solução Injetável, Adicionais:C/ Sistema De Aplicação"
8428,Insulina,438433,"438433 - Insulina, Tipo:Glargina, Concentração:300 UI/ML, Forma Farmaceutica:Solução Injetável, Caracteristica Adicional:Com Aplicador"
8428,Insulina,438153,"438153 - Insulina, Tipo:Glargina, Concentração:100 UI/ML, Forma Farmaceutica:Solução Injetável, Caracteristica Adicional:Refil"
8428,Insulina,433218,"433218 - Insulina, Tipo:Degludeca, Concentração:100 UI/ML, Forma Farmaceutica:Solução Injetável, Caracteristica Adicional:Com Aplicador"
8428,Insulina,432782,"432782 - Insulina, Tipo:Degludeca, Concentração:100 UI/ML, Forma Farmaceutica:Solução Injetável, Caracteristica Adicional:Refil"
8428,Insulina,405998,"405998 - Insulina, Tipo:Lispro, Concentração:100 UI/ML, Forma Farmaceutica:Solução Injetável, Caracteristica Adicional:Com Aplicador"
8428,Insulina,405965,"405965 - Insulina, Tipo:Lispro Associada À Lispro Protamina, Concentração:25% + 75% , 100 UI/ML, Forma Farmaceutica:Solução Injetável, Caracteristica Adicional:Com Aplicador"
8428,Insulina,403359,"403359 - Insulina, Tipo:Glulisina, Concentração:100 UI/ML, Forma Farmaceutica:Solução Injetável, Caracteristica Adicional:Refil"
8428,Insulina,403358,"403358 - Insulina, Tipo:Glulisina, Concentração:100 UI/ML, Forma Farmaceutica:Solução Injetável"
8428,Insulina,401325,"401325 - Insulina, Tipo:Lispro Associada À Lispro Protamina, Concentração:50% + 50%, 100 UI/ML, Forma Farmaceutica:Solução Injetável, Caracteristica Adicional:Com Aplicador"
8428,Insulina,401324,"401324 - Insulina, Tipo:Lispro Associada À Lispro Protamina, Concentração:50% + 50%, 100 UI/ML, Forma Farmaceutica:Solução Injetável, Caracteristica Adicional:Refil"
8428,Insulina,399010,"399010 - Insulina, Tipo:Glargina, Concentração:100 UI/ML, Forma Farmaceutica:Solução Injetável, Caracteristica Adicional:Com Aplicador"
8428,Insulina,396051,"396051 - Insulina, Origem:Aspart, Concentração:100 UI/ML, Forma Farmaceutica:Solução Injetável, Caracteristica Adicional:Com Aplicador"
8428,Insulina,383688,"383688 - Insulina, Origem:Asparte Associada À Asparte Protamina, Concentração:30% + 70%, 100 UI/ML, Forma Farmaceutica:Solução Injetável"
8428,Insulina,380017,"380017 - Insulina, Origem:Glulisina, Tipo:Ação Rápida, Concentração:100 UI/ML, Forma Farmaceutica:Solução Injetável, Caracteristica Adicional:Com Aplicador"
8428,Insulina,342445,"342445 - Insulina, Origem:Humana, Tipo:(N + R) Em Pré-Mistura, Concentração:70% + 30% , 100 UI/ML, Forma Farmaceutica:Solução Injetável"
8428,Insulina,342444,"342444 - Insulina, Origem:Humana, Tipo:(N + R) Em Pré-Mistura, Concentração:80% + 20% , 100 UI/ML, Forma Farmaceutica:Solução Injetável"
8428,Insulina,337473,"337473 - Insulina, Origem:Detemir, Dosagem:100u/Ml, Forma Farmacêutica:Solução Injetável"
8428,Insulina,337472,"337472 - Insulina, Origem:Detemir, Dosagem:100u/Ml, Forma Farmacêutica:Solução Injetável, Característica Adicional:Com Sistema De Aplicação"
8428,Insulina,333124,"333124 - Insulina, Origem:Humana, Tipo:(N + R) Em Pré-Mistura, Dosagem:90% + 10% , 100 Ui/Ml, Forma Farmacêutica:Solução Injetável"
8428,Insulina,276235,"276235 - Insulina, Origem:Lispro Associada À Lispro Protamina, Dosagem:25% + 75%, Aplicação:Injetável"
8428,Insulina,276234,"276234 - Insulina, Origem:Aspart, Dosagem:100u/Ml, Aplicação:Injetável"
8428,Insulina,276233,"276233 - Insulina, Origem:Lispro, Dosagem:100u/Ml, Aplicação:Injetável"
8428,Insulina,273836,"273836 - Insulina, Origem:Glargina, Dosagem:100ui/Ml, Aplicação:Injetável"
8428,Insulina,271157,"271157 - Insulina, Origem:Humana, Tipo:Nph, Dosagem:100u/Ml, Aplicação:Injetável"
8428,Insulina,271154,"271154 - Insulina, Origem:Humana, Tipo:Regular, Dosagem:100u/Ml, Aplicação:Injetável"
13187,Ustequinumabe,611129,"611129 - Ustequinumabe, Concentração:90 MG/ML, Forma Farmacêutica:Solução Injetável, Adicional:Seringa Preenchida"
13187,Ustequinumabe,455395,"455395 - Ustequinumabe, Concentração:5 MG/ML, Forma Farmacêutica:Solução Injetável"
13187,Ustequinumabe,400563,"400563 - Ustequinumabe, Concentração:90 MG/ML, Forma Farmacêutica:Solução Injetável"
8209,Hialuronato De Sódio,640680,"640680 - Hialuronato De Sódio, Concentraçao:10 MG/ML, Forma Farmacêutica:Solução Injetável, Periarticular, Característica Adicional:Seringa Preenchida"
8209,Hialuronato De Sódio,634773,"634773 - Hialuronato De Sódio, Concentraçao:22 MG/ML, Forma Farmacêutica:Solução Injetável, Intra-Articular, Característica Adicional:Seringa Preenchida"
8209,Hialuronato De Sódio,628712,"628712 - Hialuronato De Sódio, Concentraçao:5 Mg/Dose, Forma Farmacêutica:Gel Vaginal, Adicional:Com Aplicador"
8209,Hialuronato De Sódio,624421,"624421 - Hialuronato De Sódio, Concentraçao:23 MG/ML, Forma Farmacêutica:Solução Injetável, Característica Adicional:Seringa Preenchida"
8209,Hialuronato De Sódio,613147,"613147 - Hialuronato De Sódio, Composição:Associado À Trealose, Concentraçao:1,5 Mg/Ml + 30 MG/ML, Forma Farmacêutica:Solução Oftálmica"
8209,Hialuronato De Sódio,610971,"610971 - Hialuronato De Sódio, Concentraçao:30 MG/ML, Forma Farmacêutica:Solução Injetável, Intra-Articular, Característica Adicional:Seringa Preenchida"
8209,Hialuronato De Sódio,601515,"601515 - Hialuronato De Sódio, Concentraçao:30 MG/ML, Forma Farmacêutica:Solução P/ Injeção Intra-Ocular, Característica Adicional:Seringa Preenchida"
8209,Hialuronato De Sódio,476397,"476397 - Hialuronato De Sódio, Quantidade Motores:3 MG/ML, Forma Farmacêutica:Solução Oftálmica"
8209,Hialuronato De Sódio,466624,"466624 - Hialuronato De Sódio, Quantidade Motores:0,4%, Forma Farmacêutica:Solução Oftálmica"
8209,Hialuronato De Sódio,455732,"455732 - Hialuronato De Sódio, Quantidade Motores:20 MG/ML, Forma Farmacêutica:Solução Injetável, Intra-Articular, Característica Adicional:Seringa Preenchida"
8209,Hialuronato De Sódio,445134,"445134 - Hialuronato De Sódio, Composição:Associado Ao Sorbitol, Quantidade Motores:20 Mg/Ml + 40 MG/ML, Forma Farmacêutica:Solução Injetável, Intra-Articular, Característica Adicional:Seringa Preenchida"
8209,Hialuronato De Sódio,439746,"439746 - Hialuronato De Sódio, Quantidade Motores:10 MG/ML, Forma Farmacêutica:Solução P/ Injeção Intra-Ocular, Característica Adicional:Seringa Preenchida"
8209,Hialuronato De Sódio,436332,"436332 - Hialuronato De Sódio, Composição:Associado Ao Sulfato De Condroitina, Quantidade Motores:17 Mg/Ml + 40 MG/ML, Forma Farmacêutica:Solução P/ Injeção Intra-Ocular, Adicional:Seringa Preenchida"
8209,Hialuronato De Sódio,436331,"436331 - Hialuronato De Sódio, Composição:Associado Ao Sulfato De Condroitina, Quantidade Motores:3% + 4%, Forma Farmacêutica:Solução P/ Injeção Intra-Ocular, Adicional:Seringa Preenchida"
8209,Hialuronato De Sódio,435285,"435285 - Hialuronato De Sódio, Quantidade Motores:16 MG/ML, Forma Farmacêutica:Solução P/ Injeção Intra-Ocular, Característica Adicional:Seringa Preenchida"
8209,Hialuronato De Sódio,434738,"434738 - Hialuronato De Sódio, Quantidade Motores:25 MG/ML, Forma Farmacêutica:Solução Injetável, Intra-Articular, Característica Adicional:Seringa Preenchida"
8209,Hialuronato De Sódio,432741,"432741 - Hialuronato De Sódio, Quantidade Motores:0,15 %, Forma Farmacêutica:Solução Oftálmica"
8209,Hialuronato De Sódio,432367,"432367 - Hialuronato De Sódio, Quantidade Motores:2 MG/ML, Forma Farmacêutica:Solução Oftálmica"
8209,Hialuronato De Sódio,432366,"432366 - Hialuronato De Sódio, Quantidade Motores:1 MG/ML, Forma Farmacêutica:Solução Oftálmica"
8209,Hialuronato De Sódio,431603,"431603 - Hialuronato De Sódio, Quantidade Motores:2 MG/G, Forma Farmacêutica:Creme"
8209,Hialuronato De Sódio,359766,"359766 - Hialuronato De Sódio, Concentraçao:0,08%, Forma Farmacêutica:Solução Injetável"
8209,Hialuronato De Sódio,274469,"274469 - Hialuronato De Sódio, Concentração:1,4%, Indicação:Solução Injetável"
8209,Hialuronato De Sódio,274468,"274468 - Hialuronato De Sódio, Concentração:2%, Indicação:Solução Injetável"
8209,Hialuronato De Sódio,274467,"274467 - Hialuronato De Sódio, Concentração:1%, Indicação:Solução Injetável"
30065,Dapoxetina,602517,"602517 - Dapoxetina, Concentração:30 MG"
30066,Brodalumabe,602518,"602518 - Brodalumabe, Concentração:140 MG/ML, Forma Farmacêutica:Injetável, Adicional:Seringa Preenchida"
30067,Dostarlimabe,602561,"602561 - Dostarlimabe, Concentração:50 MG/ML, Forma Farmacêutica:Injetável"
30069,Enfortumabe,602579,"602579 - Enfortumabe, Concentração:10 MG/ML, Forma Farmacêutica:Injetável"
30070,Sotorasibe,602580,"602580 - Sotorasibe, Concentração:120 MG"
30071,Talazoparibe,634750,"634750 - Talazoparibe, Concentração:0,1 MG"
30071,Talazoparibe,602586,"602586 - Talazoparibe, Concentração:1 MG"
30071,Talazoparibe,602584,"602584 - Talazoparibe, Concentração:0,25 MG"
30072,Evogliptina,602588,"602588 - Evogliptina, Concentração:5 MG"
18220,Testosterona,602965,"602965 - Testosterona, Concentração:16,2 MG, Forma Farmacêutica:Gel, Característica Adicional:C/ Válvula Dosadora"
18220,Testosterona,437087,"437087 - Testosterona, Concentração:10 MG/G, Forma Farmacêutica:Gel"
18220,Testosterona,374816,"374816 - Testosterona, Composição:Sal Cipionato, Concentração:100 MG/ML, Forma Farmacêutica:Solução Injetável"
18220,Testosterona,338288,"338288 - Testosterona, Composição:Sal Undecilato, Concentração:250 Mg/Ml, Forma Farmacêutica:Solução Injetável"
18220,Testosterona,282757,"282757 - Testosterona, Composição:Sal Fenilpropionato + Testosterona Isocaproato, Componentes:+ Testosterona Propionato + Testosterona Decanoato, Concentração:60mg + 60mg + 30mg + 100mg /Ml, Apresentação:Solução Injetável"
18220,Testosterona,435393,"435393 - Testosterona, Concentração:20 MG/ML, Forma Farmacêutica:Solução Tópica, Característica Adicional:C/ Aplicador"
30074,Carbetocina,602960,"602960 - Carbetocina, Concentração:100 MCG/ML, Forma Farmacêutica:Injetável"
30073,Escetamina,611110,"611110 - Escetamina, Concentração:140 MG/ML, Forma Farmacêutica:Solução Nasal Spray, Adicional:Com Sistema De Aplicação"
30073,Escetamina,602763,"602763 - Escetamina, Concentração:50 MG/ML, Forma Farmacêutica:Solução Injetável"
5206,Metformina Cloridrato,640523,"640523 - Metformina Cloridrato, Composição:Associada À Dapagliflozina, Concentração:1000 Mg + 10 MG"
5206,Metformina Cloridrato,616721,"616721 - Metformina Cloridrato, Composição:Associada À Dapagliflozina, Concentração:1000 Mg + 5 MG, Forma Farmacêutica:Ação Prolongada"
5206,Metformina Cloridrato,615835,"615835 - Metformina Cloridrato, Composição:Associada À Gliclazida, Concentração:1000 Mg + 30 MG, Forma Farmacêutica:Ação Prolongada"
5206,Metformina Cloridrato,615834,"615834 - Metformina Cloridrato, Composição:Associada À Gliclazida, Concentração:750 Mg + 30 MG, Forma Farmacêutica:Ação Prolongada"
5206,Metformina Cloridrato,614235,"614235 - Metformina Cloridrato, Composição:Associada À Gliclazida, Concentração:500 Mg + 30 MG, Forma Farmacêutica:Ação Prolongada"
5206,Metformina Cloridrato,602640,"602640 - Metformina Cloridrato, Composição:Associada À Empagliflozina, Concentração:850 Mg + 5 MG"
5206,Metformina Cloridrato,602638,"602638 - Metformina Cloridrato, Composição:Associada À Sitagliptina, Concentração:500 Mg + 50 MG, Forma Farmacêutica:Ação Prolongada"
5206,Metformina Cloridrato,602637,"602637 - Metformina Cloridrato, Composição:Associada À Empagliflozina, Concentração:1000 Mg + 12,5 MG"
5206,Metformina Cloridrato,602636,"602636 - Metformina Cloridrato, Composição:Associada À Empagliflozina, Concentração:850 Mg + 12,5 MG"
5206,Metformina Cloridrato,478655,"478655 - Metformina Cloridrato, Composição:Associada À Dapagliflozina, Concentração:1000 Mg + 10 MG, Forma Farmacêutica:Ação Prolongada"
5206,Metformina Cloridrato,477746,"477746 - Metformina Cloridrato, Composição:Associada À Dapagliflozina, Concentração:500 Mg + 10 MG, Forma Farmacêutica:Ação Prolongada"
5206,Metformina Cloridrato,465425,"465425 - Metformina Cloridrato, Concentração:850 MG, Forma Farmacêutica:Ação Prolongada"
5206,Metformina Cloridrato,465416,"465416 - Metformina Cloridrato, Concentração:1 G, Forma Farmacêutica:Ação Prolongada"
5206,Metformina Cloridrato,461067,"461067 - Metformina Cloridrato, Composição:Associada À Sitagliptina, Concentração:1 G + 50 MG, Forma Farmacêutica:Ação Prolongada"
5206,Metformina Cloridrato,452623,"452623 - Metformina Cloridrato, Composição:Associada À Alogliptina, Concentração:1000 Mg + 12,5 MG"
5206,Metformina Cloridrato,452622,"452622 - Metformina Cloridrato, Composição:Associada À Alogliptina, Concentração:500 Mg + 12,5 MG"
5206,Metformina Cloridrato,441769,"441769 - Metformina Cloridrato, Composição:Associada À Sitagliptina, Concentração:1000 Mg + 100 MG, Forma Farmacêutica:Ação Prolongada"
5206,Metformina Cloridrato,438957,"438957 - Metformina Cloridrato, Composição:Associada À Alogliptina, Concentração:850 Mg + 12,5 MG"
5206,Metformina Cloridrato,432450,"432450 - Metformina Cloridrato, Composição:Associada Com Linagliptina, Concentração:850 Mg + 2,5 MG"
5206,Metformina Cloridrato,432449,"432449 - Metformina Cloridrato, Composição:Associada Com Linagliptina, Concentração:1000 Mg + 2,5 MG"
5206,Metformina Cloridrato,432448,"432448 - Metformina Cloridrato, Composição:Associada Com Linagliptina, Concentração:500 Mg + 2,5 MG"
5206,Metformina Cloridrato,431570,"431570 - Metformina Cloridrato, Composição:Associada Com Saxagliptina, Concentração:1000 Mg + 2,5 MG"
5206,Metformina Cloridrato,429879,"429879 - Metformina Cloridrato, Composição:Associada Com Saxagliptina, Concentração:1000 Mg + 5 MG"
5206,Metformina Cloridrato,424381,"424381 - Metformina Cloridrato, Composição:Associada Com Glibenclamida, Concentração:1000 Mg + 5 MG"
5206,Metformina Cloridrato,410294,"410294 - Metformina Cloridrato, Composição:Associada À Sitagliptina, Concentração:1 G + 50 MG"
5206,Metformina Cloridrato,407066,"407066 - Metformina Cloridrato, Composição:Associada À Glimepirida, Concentração:1000 Mg + 4 MG"
5206,Metformina Cloridrato,397600,"397600 - Metformina Cloridrato, Composição:Associada À Vildagliptina, Concentração:1 G + 50 MG"
5206,Metformina Cloridrato,397599,"397599 - Metformina Cloridrato, Composição:Associada À Vildagliptina, Concentração:850 Mg + 100 MG"
5206,Metformina Cloridrato,397598,"397598 - Metformina Cloridrato, Composição:Associada À Vildagliptina, Concentração:850 Mg + 50 MG"
5206,Metformina Cloridrato,397597,"397597 - Metformina Cloridrato, Composição:Associada À Vildagliptina, Concentração:500 Mg + 100 MG"
5206,Metformina Cloridrato,397596,"397596 - Metformina Cloridrato, Composição:Associada À Vildagliptina, Concentração:500 Mg + 50 MG"
5206,Metformina Cloridrato,395844,"395844 - Metformina Cloridrato, Composição:Associada À Glimepirida, Concentração:1000 Mg + 2 MG"
5206,Metformina Cloridrato,392708,"392708 - Metformina Cloridrato, Composição:Associada À Sitagliptina, Concentração:850 Mg + 50 MG"
5206,Metformina Cloridrato,388797,"388797 - Metformina Cloridrato, Concentração:750 MG, Forma Farmacêutica:Ação Prolongada"
5206,Metformina Cloridrato,388796,"388796 - Metformina Cloridrato, Concentração:500 MG, Forma Farmacêutica:Ação Prolongada"
5206,Metformina Cloridrato,381063,"381063 - Metformina Cloridrato, Composição:Associada À Sitagliptina, Concentração:500 Mg + 50 MG"
5206,Metformina Cloridrato,342743,"342743 - Metformina Cloridrato, Composição:Associada À Glimepirida, Concentração:850 Mg + 4 MG"
5206,Metformina Cloridrato,342742,"342742 - Metformina Cloridrato, Composição:Associada À Glimepirida, Concentração:850 Mg + 2 MG"
5206,Metformina Cloridrato,296486,"296486 - Metformina Cloridrato, Concentração:1 G"
5206,Metformina Cloridrato,278649,"278649 - Metformina Cloridrato, Apresentação:Associada Com Glibenclamida, Dosagem:500 Mg + 5 MG"
5206,Metformina Cloridrato,278648,"278648 - Metformina Cloridrato, Apresentação:Associada Com Glibenclamida, Dosagem:500 Mg + 2,5 MG"
5206,Metformina Cloridrato,278647,"278647 - Metformina Cloridrato, Apresentação:Associada Com Glibenclamida, Dosagem:250 Mg + 1,25 MG"
5206,Metformina Cloridrato,267691,"267691 - Metformina Cloridrato, Dosagem:850 MG"
5206,Metformina Cloridrato,267690,"267690 - Metformina Cloridrato, Dosagem:500 MG"
30068,Ravulizumabe,607981,"607981 - Ravulizumabe, Concentração:100 MG/ML, Forma Farmacêutica:Injetável"
30068,Ravulizumabe,602564,"602564 - Ravulizumabe, Concentração:10 MG/ML, Forma Farmacêutica:Injetável"
30081,Ácido Hialurônico,604150,"604150 - Ácido Hialurônico, Composição:Sal Sódico, Concentração:2 MG/G, Forma Farmacêutica:Creme"
30459,Pegzilarginase,640534,"640534 - Pegzilarginase, Concentração:5 MG/ML, Forma Farmacêutica:Solução Injetável"
18244,Radiofármaco - Radioisótopo,616141,"616141 - Radiofármaco - Radioisótopo, Nome:201tl - Cloreto De Tálio, Dosagem Radioativa:Mínimo De 185 MBQ/ML, Forma Farmacêutica:Solução Injetável"
18244,Radiofármaco - Radioisótopo,610435,"610435 - Radiofármaco - Radioisótopo, Nome:18f Alf Nota Octreotida, Dosagem Radioativa:740 MBQ/ML, Forma Farmacêutica:Injetável"
18244,Radiofármaco - Radioisótopo,608269,"608269 - Radiofármaco - Radioisótopo, Nome:18f-Fluorodesoxiglicose (18f-Fdg), Dosagem Radioativa:740 MBQ, Forma Farmacêutica:Injetável"
18244,Radiofármaco - Radioisótopo,603441,"603441 - Radiofármaco - Radioisótopo, Nome:153sm-Edtmp Ác.Etilenodiaminotetrametilenfosfônico, Dosagem Radioativa:2950 MBQ, Forma Farmacêutica:Injetável"
18244,Radiofármaco - Radioisótopo,474233,"474233 - Radiofármaco - Radioisótopo, Nome:225ac - Nitrato De Actínio, Concentração Radioativa:58.000 Ci/G, Forma Farmacêutica:Injetável, Pureza Química:Pureza Mínima De 99%"
18244,Radiofármaco - Radioisótopo,437631,"437631 - Radiofármaco - Radioisótopo, Nome:67ga - Citrato De Gálio, Dosagem Radioativa:74 MBQ/ML, Forma Farmacêutica:Solução Isotônica, Apirogênica, Estéril, Injetável"
18244,Radiofármaco - Radioisótopo,435439,"435439 - Radiofármaco - Radioisótopo, Nome:223ra - Cloreto De Rádio, Concentração Radioativa:1000 A 1100 Kbq/Ml, Forma Farmacêutica:Solução Injetável"
18244,Radiofármaco - Radioisótopo,424478,"424478 - Radiofármaco - Radioisótopo, Nome:14c - Ácido Metilamino-Isobutírico, Concentração Radioativa:0,1 MCI/ML, Dosagem Radioativa:50 Uci, Atividade Específica:40-60mci(1.48-2.22gbq)/Mmol, Forma Farmaceutica:Solução Límpida, Incolor, Estéril E Apirogênica"
18244,Radiofármaco - Radioisótopo,412413,"412413 - Radiofármaco - Radioisótopo, Nome:14c - Deoxi-D-Glicose, Concentração Radioativa:0,1 MCI/ML, Dosagem Radioativa:250uci, Atividade Específica:45-60mci(1.66-2.22gbq)/Mmol, Forma Farmaceutica:Solução Límpida, Incolor, Estéril E Apirogênica"
18244,Radiofármaco - Radioisótopo,410700,"410700 - Radiofármaco - Radioisótopo, Nome:153sm-Edtmp Ác.Etilenodiaminotetrametilenfosfônico, Dosagem Radioativa:1200 A 2000 MBQ/ML, Apresentação:Solução Límpida, Levemente Amarelada, Forma Farmacêutica:Solução Injetável"
18244,Radiofármaco - Radioisótopo,410575,"410575 - Radiofármaco - Radioisótopo, Nome:131i - Iodeto De Sódio , Em Solução De Naoh, Concentração Radioativa:Na Faixa De 0,005-0,05 N, Sem Agente Redutor, Dosagem Radioativa:Mín. De 74 GBQ/ML, Pureza Radioquímica:Pureza Mínima De 95% Como Nai, Atividade Específica:Livre De Carregador, Forma Farmaceutica:Líquido Não Injetável"
18244,Radiofármaco - Radioisótopo,410571,"410571 - Radiofármaco - Radioisótopo, Nome:125i - Iodeto De Sódio, Concentração Radioativa:13 A 22 GBQ/ML, Pureza Radioquímica:Pureza Mínima De 95% Como Nai, Pureza Radionuclídica:Pureza Radionuclídica Mínima De 99%, Atividade Específica:Livre De Carregador, Forma Farmaceutica:Líquido Não Injetável"
18244,Radiofármaco - Radioisótopo,409419,"409419 - Radiofármaco - Radioisótopo, Nome:177lu - Cloreto De Lutécio Em Sol. Hcl 0,04n, Concentração Radioativa:37 MBQ/ML, Pureza Radioquímica:Pureza Mínima De 99% Como Lu Cl3, Pureza Radionuclídica:Menos De 1% De Isótopos, Atividade Específica:Mín. De 740 Gbq /Mg, Forma Farmaceutica:Sol. Injetável"
18244,Radiofármaco - Radioisótopo,409307,"409307 - Radiofármaco - Radioisótopo, Nome:51cr - Cromato De Sódio Em Solução Salina, Concentração Radioativa:Mín. De 111 MBQ/ML, Pureza Radioquímica:Pureza Mínima De 95% Como Na2 51cro4, Pureza Radionuclídica:Pureza Radionuclídica Mínima De 99%, Atividade Específica:Mín. De 3700 Mbq /Mg De Cr, Forma Farmaceutica:Solução Injetável"
18244,Radiofármaco - Radioisótopo,409306,"409306 - Radiofármaco - Radioisótopo, Nome:90y - Cloreto De Ítrio Em Sol. Hcl 0,04n, Concentração Radioativa:Mín. De 16.650 MBQ/ML, Pureza Radioquímica:Pureza Mínima De 95% Como 90y Cl3, Pureza Radionuclídica:Mín. De 2,5mci De 90sr / Ci De 90y, Pureza Química:(Zn+Cd+Pb+Cu+Fe) / 90y Menor Ou Igual A 30mcg/Ci, Atividade Específica:S/ Adição Carregador, Forma Farmaceutica:Sol. Injetável"
18244,Radiofármaco - Radioisótopo,409304,"409304 - Radiofármaco - Radioisótopo, Nome:51cr - Cloreto Crômico Em Sol. Hcl 0,01 - 0,02n, Concentração Radioativa:Mín. De 3700 MBQ/ML, Pureza Radioquímica:Pureza Mínima De 95% Como 51cr Cl3, Pureza Radionuclídica:Pureza Radionuclídica Mínima De 99,9, Atividade Específica:Mín. De 3700 Mbq /Mg De Cr, Forma Farmaceutica:Solução Injetável"
18244,Radiofármaco - Radioisótopo,409303,"409303 - Radiofármaco - Radioisótopo, Nome:32p - Ácido Ortofosfórico Em Sol. Hcl 0,01 - 0,02n, Concentração Radioativa:Mín. De 3700 MBQ/ML, Pureza Radioquímica:Pureza Mínima De 95% Como H3 32po4, Pureza Radionuclídica:Pureza Radionuclídica Mínima De 99%, Atividade Específica:Livre De Carregador, Forma Farmaceutica:Líquido Não Injetável"
18244,Radiofármaco - Radioisótopo,402619,"402619 - Radiofármaco - Radioisótopo, Nome:I125 - Semente De Iodo-125, Apresentação:Semente Solta, Atividade Aparente:925 MBQ, Comprimento:4,5 MM, Diâmetro Externo:0,8 MM, Espessura De Parede:0,05 MM, Característica Adicional:Encapsulamento Conforme Norma Iso-2919"
18244,Radiofármaco - Radioisótopo,402617,"402617 - Radiofármaco - Radioisótopo, Nome:I125 - Semente De Iodo-125, Apresentação:Semente Solta, Atividade Aparente:3,7 Mbq A 39 MBQ, Comprimento:4,5 MM, Diâmetro Externo:0,8 MM, Espessura De Parede:0,05 MM, Característica Adicional:Encapsulamento Conforme Norma Iso-2919"
18244,Radiofármaco - Radioisótopo,402512,"402512 - Radiofármaco - Radioisótopo, Nome:I125 - Semente De Iodo-125, Apresentação:Sementes Em Corda, Com 10 Unidades, Atividade Aparente:0,7 Mbq A 3,8 MBQ, Comprimento:4,5 MM, Diâmetro Externo:0,5 MM, Característica Adicional:Encapsulamento Conforme Norma Iso-2919"
18244,Radiofármaco - Radioisótopo,402511,"402511 - Radiofármaco - Radioisótopo, Nome:I125 - Semente De Iodo-125, Apresentação:Sementes Em Corda, Com 10 Unidades, Atividade Aparente:3,7 Mbq A 39 MBQ, Comprimento:4,5 MM, Diâmetro Externo:0,8 MM, Espessura De Parede:0,05 MM, Característica Adicional:Encapsulamento Conforme Norma Iso-2919"
18244,Radiofármaco - Radioisótopo,402509,"402509 - Radiofármaco - Radioisótopo, Nome:I125 - Semente De Iodo-125, Apresentação:Semente Solta, Sem Atividade, Comprimento:4,5 MM, Diâmetro Externo:0,8 MM, Característica Adicional:Encapsulamento Conforme Norma Iso-2919"
18244,Radiofármaco - Radioisótopo,402507,"402507 - Radiofármaco - Radioisótopo, Nome:I125 - Semente De Iodo-125, Apresentação:Semente Solta, Atividade Aparente:22 MBQ, Comprimento:4,5 MM, Diâmetro Externo:0,8 MM, Característica Adicional:Encapsulamento Conforme Norma Iso-2919"
18244,Radiofármaco - Radioisótopo,394295,"394295 - Radiofármaco - Radioisótopo, Nome:90y - Hidroxiapatita, Dosagem Radioativa:450-550 MBQ/ML, Forma Farmacêutica:Solução Injetável"
18244,Radiofármaco - Radioisótopo,383532,"383532 - Radiofármaco - Radioisótopo, Nome:131i - Iodeto De Sódio, Dosagem Radioativa:370 A 7400 MBQ/ML, Apresentação:Solução Límpida, Incolor, Forma Farmacêutica:Não Injetável"
18244,Radiofármaco - Radioisótopo,383530,"383530 - Radiofármaco - Radioisótopo, Nome:Octreotídeo-Dtpa- 111in, Dosagem Radioativa:185 - 196 MBQ/ML, Apresentação:Solução Límpida, Incolor, Forma Farmacêutica:Solução Injetável"
18244,Radiofármaco - Radioisótopo,382943,"382943 - Radiofármaco - Radioisótopo, Nome:18f - Fdg (2-Fluor-2 Dioxi-D-Glicose), Dosagem Radioativa:4.160 A 5.350 MBQ/ML, Forma Farmacêutica:Solução Límpida, Incolor, Estéril E Apirogênica"
18244,Radiofármaco - Radioisótopo,376688,"376688 - Radiofármaco - Radioisótopo, Nome:201ti - Cloreto De Tálio (Ticl), Dosagem Radioativa:Mínimo De 370 MBQ/ML, Apresentação:Em Solução Salina, Forma Farmacêutica:Solução Isotônica, Apirogênica, Estéril, Injetável"
18244,Radiofármaco - Radioisótopo,376687,"376687 - Radiofármaco - Radioisótopo, Nome:201ti - Cloreto De Tálio (Ticl), Dosagem Radioativa:Mínimo De 740 MBQ/ML, Apresentação:Em Solução Salina, Forma Farmacêutica:Solução Isotônica, Apirogênica, Estéril, Injetável"
18244,Radiofármaco - Radioisótopo,376685,"376685 - Radiofármaco - Radioisótopo, Nome:67ga - Cloreto De Gálio, Dosagem Radioativa:Mínimo De 1.110 MBQ/ML, Apresentação:Em Solução De Hcl, Forma Farmacêutica:Solução Isotônica, Apirogênica, Estéril, Injetável"
18244,Radiofármaco - Radioisótopo,375943,"375943 - Radiofármaco - Radioisótopo, Nome:18-O - Sob A Forma De Água Enriquecida, Dosagem Radioativa:Mínimo De 97% No Isótopo 0-18, Forma Farmacêutica:Líquido Límpido, Incolor, Apirogênico"
18244,Radiofármaco - Radioisótopo,375937,"375937 - Radiofármaco - Radioisótopo, Nome:68ge - Germânio-68 Em Solução De Hcl (0,5-1,0 M), Dosagem Radioativa:Mínimo De 2.500 Mci/Mg, Apresentação:Pureza Radionuclídica Mínima De 99,8%, Forma Farmacêutica:Solução Límpida, Incolor, Estéril E Apirogênica"
18244,Radiofármaco - Radioisótopo,375927,"375927 - Radiofármaco - Radioisótopo, Nome:137cs - Cscl (Cloreto De Césio), Dosagem Radioativa:185 MBQ/ML, Forma Farmacêutica:Solução Injetável"
18244,Radiofármaco - Radioisótopo,375537,"375537 - Radiofármaco - Radioisótopo, Nome:99mo - Na2 99-Moo4 (Molibdato De Sódio), Dosagem Radioativa:Mínimo De 74000 MBQ/ML, Forma Farmacêutica:Solução Límpida, Incolor, Estéril E Apirogênica"
18244,Radiofármaco - Radioisótopo,372046,"372046 - Radiofármaco - Radioisótopo, Nome:Lu177 - Dota-Octreotato, Dosagem Radioativa:740 A 925 MBQ/ML, Forma Farmacêutica:Solução Límpida, Incolor, Estéril E Apirogênica"
18244,Radiofármaco - Radioisótopo,369870,"369870 - Radiofármaco - Radioisótopo, Nome:131i - Mibg (Metaiodobenzilguanidina), Dosagem Radioativa:37 A 185 MBQ/ML, Apresentação:Solução Límpida, Incolor, Forma Farmacêutica:Solução Injetável"
18244,Radiofármaco - Radioisótopo,369869,"369869 - Radiofármaco - Radioisótopo, Nome:123i - Mibg (Metaiodobenzilguanidina), Dosagem Radioativa:37 A 370 MBQ/ML, Apresentação:Solução Límpida, Incolor, Forma Farmacêutica:Solução Injetável"
18244,Radiofármaco - Radioisótopo,369868,"369868 - Radiofármaco - Radioisótopo, Nome:131i - Iodeto De Sódio, Dosagem Radioativa:185 A 5.550 MBQ, Apresentação:Em Cápsulas De Gelatina, Isento De Carregador"
18244,Radiofármaco - Radioisótopo,356244,"356244 - Radiofármaco - Radioisótopo, Nome:123i - Iodeto De Sódio, Dosagem Radioativa:37 A 185 MBQ/ML, Apresentação:Solução Límpida, Incolor, Forma Farmacêutica:Não Injetável"
18244,Radiofármaco - Radioisótopo,325287,"325287 - Radiofármaco - Radioisótopo, Nome:111in,Pentetreotida De Índio, Dosagem Radioativa:122 MBQ, Apresentação:Solução Límpida, Forma Farmacêutica:Solução Injetável"
18244,Radiofármaco - Radioisótopo,283249,"283249 - Radiofármaco - Radioisótopo, Nome:18f - Fdg (2-Fluor-2 Dioxi-D-Glicose), Dosagem Radioativa:200 A 500 MBQ/ML, Apresentação:Solução Límpida, Incolor, Tipo Uso:Injetável"
18244,Radiofármaco - Radioisótopo,283246,"283246 - Radiofármaco - Radioisótopo, Nome:51cr - Edta (Cr Iii Ác. Etilenodiaminotetracético), Dosagem Radioativa:37 MBQ/ML, Apresentação:Solução Límpida, Cor Azul, Tipo Uso:Injetável"
18244,Radiofármaco - Radioisótopo,283245,"283245 - Radiofármaco - Radioisótopo, Nome:131i - Lipiodol, Dosagem Radioativa:37 MBQ/ML, Apresentação:Solução Límpida, Levemente Amarelada, Tipo Uso:Injetável"
18244,Radiofármaco - Radioisótopo,283244,"283244 - Radiofármaco - Radioisótopo, Nome:131i - Hippuran (O-Iodo-Hipurato De Sódio), Dosagem Radioativa:37 MBQ/ML, Apresentação:Solução Límpida, Incolor, Tipo Uso:Injetável"
18244,Radiofármaco - Radioisótopo,283242,"283242 - Radiofármaco - Radioisótopo, Nome:131i - Sah (Soro Albumina Humano), Dosagem Radioativa:37 MBQ/ML, Apresentação:Solução Límpida, Levemente Opalescente, Tipo Uso:Injetável"
18244,Radiofármaco - Radioisótopo,283240,"283240 - Radiofármaco - Radioisótopo, Nome:123i - Mibg (Metaiodobenzilguanidina), Dosagem Radioativa:37 MBQ/ML, Apresentação:Solução Límpida, Incolor, Tipo Uso:Injetável"
18244,Radiofármaco - Radioisótopo,283239,"283239 - Radiofármaco - Radioisótopo, Nome:131i - Mibg (Metaiodobenzilguanidina), Dosagem Radioativa:100 A 800 MBQ/ML, Apresentação:Solução Límpida, Incolor, Tipo Uso:Injetável"
18244,Radiofármaco - Radioisótopo,283238,"283238 - Radiofármaco - Radioisótopo, Nome:131i - Mibg (Metaiodobenzilguanidina), Dosagem Radioativa:37 MBQ/ML, Apresentação:Solução Límpida, Incolor, Tipo Uso:Injetável"
18244,Radiofármaco - Radioisótopo,283232,"283232 - Radiofármaco - Radioisótopo, Nome:201ti - Cloreto De Tálio, Dosagem Radioativa:111 A 148 MBQ/ML, Apresentação:Solução Estéril, Isotônica, Tipo Uso:Injetável"
18244,Radiofármaco - Radioisótopo,283219,"283219 - Radiofármaco - Radioisótopo, Nome:131i - Iodeto De Sódio, Dosagem Radioativa:370 A 4810 MBQ/ML, Apresentação:Solução Límpida, Incolor, Tipo Uso:Não Injetável"
18244,Radiofármaco - Radioisótopo,283211,"283211 - Radiofármaco - Radioisótopo, Nome:67ga - Citrato De Gálio, Dosagem Radioativa:740 A 1110 MBQ/ML, Apresentação:Solução Límpida, Incolor, Isotônica, Tipo Uso:Injetável"
18244,Radiofármaco - Radioisótopo,424479,"424479 - Radiofármaco - Radioisótopo, Nome:14c - Ácido Metilamino-Isobutírico, Concentração Radioativa:0,1 MCI/ML, Dosagem Radioativa:250 Uci, Atividade Específica:40-60mci(1.48-2.22gbq)/Mmol, Forma Farmaceutica:Solução Límpida, Incolor, Estéril E Apirogênica"
18244,Radiofármaco - Radioisótopo,416248,"416248 - Radiofármaco - Radioisótopo, Nome:3h-(N)-6-Glicosamina, Concentração Radioativa:0,1 MCI/ML, Dosagem Radioativa:50 Uci, Pureza Radioquímica:Pureza Radioquímica 97%, Atividade Específica:20-45ci(0,740-1,66tbq/Mmol), Forma Farmaceutica:Solução Alcoólica (Etanol/Água 7:3)"
18244,Radiofármaco - Radioisótopo,414994,"414994 - Radiofármaco - Radioisótopo, Nome:14c - L-Alanina, Concentração Radioativa:0,1 MCI/ML, Dosagem Radioativa:250uci, Pureza Radioquímica:Pureza Mínima De 97%, Atividade Específica: >150mci (5.55gbq)/Mmol, Forma Farmaceutica:Solução Límpida, Incolor, Estéril E Apirogênica"
18244,Radiofármaco - Radioisótopo,414298,"414298 - Radiofármaco - Radioisótopo, Nome:3h-Timidina (Timidina Tritiada), Concentração Radioativa:1 MCI/ML, Pureza Radioquímica:Pureza Radioquímica 97%, Atividade Específica:40-60 Ci/Mmol, Forma Farmaceutica:Solução Límpida, Incolor, Estéril E Apirogênica"
18244,Radiofármaco - Radioisótopo,414059,"414059 - Radiofármaco - Radioisótopo, Nome:Ý3h(G)¨-Hipoxantina Cloridrato, Concentração Radioativa:0,1 MCI/ML, Atividade Específica:10-30 Ci(370-1110gbq)/Mmol, Forma Farmaceutica:Solução Límpida, Incolor, Estéril E Apirogênica"
18244,Radiofármaco - Radioisótopo,413650,"413650 - Radiofármaco - Radioisótopo, Nome:14c - Deoxi-D-Glicose, Concentração Radioativa:0,1 MCI/ML, Dosagem Radioativa:50 Uci, Atividade Específica:45-60mci(1.66-2.22gbq)/Mmol, Forma Farmaceutica:Solução Límpida, Incolor, Estéril E Apirogênica"
18244,Radiofármaco - Radioisótopo,412412,"412412 - Radiofármaco - Radioisótopo, Nome:14c - Lactato De Sódio, Concentração Radioativa:0,1 MCI/ML, Dosagem Radioativa:50 Uci, Atividade Específica:>100mci(3.70gbq)/Mmol, Forma Farmaceutica:Solução Límpida, Incolor, Estéril E Apirogênica"
18244,Radiofármaco - Radioisótopo,412408,"412408 - Radiofármaco - Radioisótopo, Nome:14c - D-Glicose, Concentração Radioativa:7,4 MBQ/ML, Dosagem Radioativa:250uci, Atividade Específica:250-360 Mci/Mmol, Forma Farmaceutica:Solução Límpida, Incolor, Estéril E Apirogênica"
18244,Radiofármaco - Radioisótopo,412301,"412301 - Radiofármaco - Radioisótopo, Nome:14c - Lactato De Sódio, Concentração Radioativa:0,1 MCI/ML, Dosagem Radioativa:250uci, Atividade Específica:>100mci(3.70gbq)/Mmol, Forma Farmaceutica:Solução Límpida, Incolor, Estéril E Apirogênica"
18244,Radiofármaco - Radioisótopo,412300,"412300 - Radiofármaco - Radioisótopo, Nome:14c - L-Leucina, Concentração Radioativa:0,1 MCI/ML, Dosagem Radioativa:250uci, Atividade Específica:>300mci (11.1gbq)/Mmol, Forma Farmaceutica:Solução Límpida, Incolor, Estéril E Apirogênica"
18244,Radiofármaco - Radioisótopo,412299,"412299 - Radiofármaco - Radioisótopo, Nome:14c - Glicina, Concentração Radioativa:0,1 MCI/ML, Dosagem Radioativa:250uci, Atividade Específica:>100mci(3.70gbq)/Mmol, Forma Farmaceutica:Solução Límpida, Incolor, Estéril E Apirogênica"
18244,Radiofármaco - Radioisótopo,402618,"402618 - Radiofármaco - Radioisótopo, Nome:I125 - Semente De Iodo-125, Apresentação:Semente Solta, Atividade Aparente:0,7 Mbq A 3,8 MBQ, Comprimento:4,5 MM, Diâmetro Externo:0,8 MM, Espessura De Parede:0,05 MM, Característica Adicional:Encapsulamento Conforme Norma Iso-2919"
18244,Radiofármaco - Radioisótopo,402510,"402510 - Radiofármaco - Radioisótopo, Nome:I125 - Semente De Iodo-125, Apresentação:Sementes Em Corda, Com 10 Unidades, Atividade Aparente:3,7 MBQ, Comprimento:4,5 MM, Diâmetro Externo:0,8 MM, Espessura De Parede:0,05 MM, Característica Adicional:Encapsulamento Conforme Norma Iso-2919"
18244,Radiofármaco - Radioisótopo,375790,"375790 - Radiofármaco - Radioisótopo, Nome:133ba - Bacl2  (Cloreto De Bário), Dosagem Radioativa:185 MBQ/ML, Apresentação:Solução Límpida, Forma Farmacêutica:Solução Injetável"
18244,Radiofármaco - Radioisótopo,375510,"375510 - Radiofármaco - Radioisótopo, Nome:45ca - Cloreto De Cálcio, Dosagem Radioativa:Mínimo De 100 MBQ/ML, Forma Farmacêutica:Solução Límpida, Incolor, Estéril E Apirogênica"
18244,Radiofármaco - Radioisótopo,283247,"283247 - Radiofármaco - Radioisótopo, Nome:51cr - Sah (Soro Albumina Humano), Dosagem Radioativa:37 MBQ/ML, Apresentação:Solução Límpida, Levemente Amarelada, Tipo Uso:Injetável"
18244,Radiofármaco - Radioisótopo,283243,"283243 - Radiofármaco - Radioisótopo, Nome:125i - Sah (Soro Albumina Humano), Dosagem Radioativa:37 MBQ/ML, Apresentação:Solução Límpida, Transparente, Tipo Uso:Injetável"
18244,Radiofármaco - Radioisótopo,283214,"283214 - Radiofármaco - Radioisótopo, Nome:32p - Fosfato De Sódio, Dosagem Radioativa:2405 A 2775 MBQ/ML, Apresentação:Solução Límpida, Incolor, Tipo Uso:Não Injetável"
18244,Radiofármaco - Radioisótopo,283213,"283213 - Radiofármaco - Radioisótopo, Nome:51cr - Cromato De Sódio, Dosagem Radioativa:333 A 370 MBQ/ML, Apresentação:Solução Límpida, Isotônica, Tipo Uso:Injetável"
18244,Radiofármaco - Radioisótopo,283212,"283212 - Radiofármaco - Radioisótopo, Nome:51cr - Cloreto De Crômio, Dosagem Radioativa:333 A 370 MBQ/ML, Apresentação:Solução Límpida, Tipo Uso:Não Injetável"
18244,Radiofármaco - Radioisótopo,283210,"283210 - Radiofármaco - Radioisótopo, Nome:35s - Sulfato De Sódio, Dosagem Radioativa:370 A 1110 MBQ/ML, Apresentação:Solução Límpida, Incolor, Tipo Uso:Não Injetável"
18244,Radiofármaco - Radioisótopo,283209,"283209 - Radiofármaco - Radioisótopo, Nome:35s - Ácido Sulfúrico, Dosagem Radioativa:370 A 1110 MBQ/ML, Apresentação:Solução Límpida, Incolor, Tipo Uso:Não Injetável"
18244,Radiofármaco - Radioisótopo,283208,"283208 - Radiofármaco - Radioisótopo, Nome:32p - Ácido Fosfórico, Dosagem Radioativa:2405 A 2775 MBQ/ML, Apresentação:Solução Límpida, Incolor, Tipo Uso:Não Injetável"
30092,Tisagenlecleucel,604741,"604741 - Tisagenlecleucel, Concentração:1,2 X 106 A 6 X 108 De Células Em Dispersão, Forma Farmacêutica:Injetável"
30085,Alfaolipudase,604673,"604673 - Alfaolipudase, Concentração:20 MG, Apresentação:Injetável"
30086,Binimetinibe,604675,"604675 - Binimetinibe, Concentração:15 MG"
30087,Bosutinibe,604678,"604678 - Bosutinibe, Concentração:500 MG"
30087,Bosutinibe,604677,"604677 - Bosutinibe, Concentração:400 MG"
30087,Bosutinibe,604676,"604676 - Bosutinibe, Concentração:100 MG"
30088,Ceftobiprol,604680,"604680 - Ceftobiprol, Concentração:500 MG, Apresentação:Injetável"
30089,Encorafenibe,604712,"604712 - Encorafenibe, Concentração:75 MG"
30089,Encorafenibe,604711,"604711 - Encorafenibe, Concentração:50 MG"
30090,Eplerenona,604708,"604708 - Eplerenona, Concentração:25 MG"
30090,Eplerenona,604707,"604707 - Eplerenona, Concentração:50 MG"
30098,Zircônio Hidratado,605560,"605560 - Zircônio Hidratado, Composição:Ciclossilicato Sódico, Concentração:10 G, Forma Farmacêutica:Pó Para Suspensão Oral"
30098,Zircônio Hidratado,605559,"605559 - Zircônio Hidratado, Composição:Ciclossilicato Sódico, Concentração:5 G, Forma Farmacêutica:Pó Para Suspensão Oral"
30083,Pegcetacoplana,616532,"616532 - Pegcetacoplana, Concentração:150 MG/ML, Forma Farmacêutica:Injetável"
30083,Pegcetacoplana,604283,"604283 - Pegcetacoplana, Concentração:54 MG/ML, Forma Farmacêutica:Injetável"
30097,Ácido Fumárico,605417,"605417 - Ácido Fumárico, Composição:Siponimode, Concentração:2 MG"
30097,Ácido Fumárico,605416,"605416 - Ácido Fumárico, Composição:Siponimode, Concentração:0,25 MG"
30099,Safinamida,606370,"606370 - Safinamida, Concentração:100 MG"
30099,Safinamida,606368,"606368 - Safinamida, Concentração:50 MG"
30101,Tezepelumabe,606824,"606824 - Tezepelumabe, Concentração:110 MG/ML, Forma Farmacêutica:Solução Injetável, Características Adicionais:Seringa Preenchida"
30103,Vutrisirana,606837,"606837 - Vutrisirana, Concentração:50 MG/ML, Forma Farmacêutica:Solução Injetável"
30104,Lactitol,606840,"606840 - Lactitol, Concentração:667 MG/ML, Forma Farmacêutica:Xarope"
30111,Delafloxacino,607404,"607404 - Delafloxacino, Concentração:300 MG, Forma Farmacêutica:Pó Liofilizado P/ Injetável + Diluente"
30112,Anifrolumabe,607575,"607575 - Anifrolumabe, Concentração:150 MG/ML, Forma Farmacêutica:Injetável"
30113,Eletriptana,607578,"607578 - Eletriptana, Concentração:80 MG"
30113,Eletriptana,607577,"607577 - Eletriptana, Concentração:40 MG"
30113,Eletriptana,607576,"607576 - Eletriptana, Concentração:20 MG"
30114,Somatrogona,607651,"607651 - Somatrogona, Concentração:50 MG/ML, Forma Farmacêutica:Injetável, Características Adicionais:C/ Caneta Aplicadora"
30114,Somatrogona,607650,"607650 - Somatrogona, Concentração:20 MG/ML, Forma Farmacêutica:Injetável, Características Adicionais:C/ Caneta Aplicadora"
30117,Finerenona,608081,"608081 - Finerenona, Concentração:20 MG"
30117,Finerenona,608079,"608079 - Finerenona, Concentração:10 MG"
30115,Mavacanteno,607990,"607990 - Mavacanteno, Concentração:15 MG"
30115,Mavacanteno,607989,"607989 - Mavacanteno, Concentração:10 MG"
30115,Mavacanteno,607988,"607988 - Mavacanteno, Concentração:5 MG"
30115,Mavacanteno,607987,"607987 - Mavacanteno, Concentração:2,5 MG"
30116,Inebilizumabe,607992,"607992 - Inebilizumabe, Concentração:10 MG/ML, Forma Farmacêutica:Injetável"
8200,Heparina Sódica,618564,"618564 - Heparina Sódica, Concentração:100 UI/ML, Forma Farmaceutica:Solução Injetável, Característica Adicional:Formulação Especialmente Manipulada"
8200,Heparina Sódica,607655,"607655 - Heparina Sódica, Concentração:100 UI/ML, Forma Farmaceutica:Solução P/ Infusão"
8200,Heparina Sódica,448983,"448983 - Heparina Sódica, Concentração:20.000 UI/ML, Forma Farmaceutica:Solução Injetável"
8200,Heparina Sódica,420469,"420469 - Heparina Sódica, Composição:Associada Ao Nicotinato De Benzila, Concentração:50 U + 2 MG/G, Forma Farmaceutica:Pomada"
8200,Heparina Sódica,342739,"342739 - Heparina Sódica, Concentração:10.000 UI/ML, Forma Farmaceutica:Solução Tópica"
8200,Heparina Sódica,342738,"342738 - Heparina Sódica, Concentração:5.000 UI/ML, Forma Farmaceutica:Solução Tópica"
8200,Heparina Sódica,342737,"342737 - Heparina Sódica, Concentração:200 UI/G, Forma Farmaceutica:Gel"
8200,Heparina Sódica,342734,"342734 - Heparina Sódica, Composição:Associada À Cumarina, Concentração:50 Ui + 5 MG/ML, Forma Farmaceutica:Creme"
8200,Heparina Sódica,272796,"272796 - Heparina Sódica, Dosagem:5.000ui/Ml, Indicação:Injetável"
30119,Naxitamabe,608138,"608138 - Naxitamabe, Concentração:4 MG/ML, Forma Farmacêutica:Solução P/ Infusão"
30122,Álcool  Benzílico,608974,"608974 - Álcool  Benzílico, Concentração:9 MG/ML, Forma Farmacêutica:Injetável"
30138,Sacituzumabe Govitecana,615638,"615638 - Sacituzumabe Govitecana, Concentração:200 MG, Forma Farmacêutica:Pó Liofilizado Para Solução Injetável"
30125,Tolvaptana,618991,"618991 - Tolvaptana, Concentração:15 MG"
30125,Tolvaptana,609123,"609123 - Tolvaptana, Concentração:30 MG"
30126,Tri-Heptanoína,609135,"609135 - Tri-Heptanoína, Concentração:100% P/P, Forma Farmacêutica:Líquido"
30134,Fenilbutirato De Sódio,610198,"610198 - Fenilbutirato De Sódio, Concentração:940 MG/G, Forma Farmacêutica:Granulado"
30136,Pemigatinibe,630434,"630434 - Pemigatinibe, Concentração:9 MG"
30136,Pemigatinibe,630433,"630433 - Pemigatinibe, Concentração:4,5 MG"
30136,Pemigatinibe,610449,"610449 - Pemigatinibe, Concentração:13,5 MG"
30137,Amifampridina,610450,"610450 - Amifampridina, Concentração:10 MG"
30139,Espesolimabe,611357,"611357 - Espesolimabe, Concentração:60 MG/ML, Forma Farmacêutica:Concentrado P/ Solução P/ Diluição P/ Infusão"
30140,Mobocertinibe,611358,"611358 - Mobocertinibe, Composição:Succinato, Concentração:40 MG"
30143,Teclistamabe,611876,"611876 - Teclistamabe, Concentração:90 MG/ML, Forma Farmacêutica:Solução Injetável"
30143,Teclistamabe,611875,"611875 - Teclistamabe, Concentração:10 MG/ML, Forma Farmacêutica:Solução Injetável"
30144,Belzutifano,612053,"612053 - Belzutifano, Concentração:40 MG"
30145,Tremelimumabe,612063,"612063 - Tremelimumabe, Concentração:20 MG/ML, Forma Farmacêutica:Solução P/ Diluição P/ Infusão"
30146,Baloxavir Marboxila,612066,"612066 - Baloxavir Marboxila, Concentração:40 MG"
30146,Baloxavir Marboxila,612065,"612065 - Baloxavir Marboxila, Concentração:20 MG"
30148,Flecainida,612207,"612207 - Flecainida, Composição:Acetato, Concentração:100 MG"
5062,Orfenadrina Citrato,612225,"612225 - Orfenadrina Citrato, Composição:Associada Com Dipirona E Cafeína, Concentração:70 Mg + 600 Mg + 100 MG"
5062,Orfenadrina Citrato,283157,"283157 - Orfenadrina Citrato, Composição:Associada Com Dipirona E Cafeína, Dosagem:35mg + 300mg + 50mg/Ml, Apresentação:Solução Oral/Gotas"
5062,Orfenadrina Citrato,283156,"283156 - Orfenadrina Citrato, Composição:Associada Com Dipirona E Cafeína, Dosagem:35mg + 300mg + 50mg"
30149,Cevimeline,612584,"612584 - Cevimeline, Concentração:30 MG"
30155,Pretomanida,613103,"613103 - Pretomanida, Concentração:200 MG"
30159,Tazemetostate,613879,"613879 - Tazemetostate, Concentração:200 MG"
30175,Satralizumabe,615635,"615635 - Satralizumabe, Concentração:120 MG/ML, Forma Farmacêutica:Solução Injetável, Adicional:Seringa Preenchida"
30177,Asciminibe,634748,"634748 - Asciminibe, Concentração:20 MG"
30177,Asciminibe,615689,"615689 - Asciminibe, Concentração:40 MG"
30178,Abrocitinibe,615823,"615823 - Abrocitinibe, Concentração:200 MG"
30178,Abrocitinibe,615822,"615822 - Abrocitinibe, Concentração:100 MG"
30178,Abrocitinibe,615821,"615821 - Abrocitinibe, Concentração:50 MG"
30179,Cabotegravir,615824,"615824 - Cabotegravir, Concentração:200 MG/ML, Forma Farmacêutica:Suspensão Injetável De Liberação Prolongada"
30180,Maribavir,615828,"615828 - Maribavir, Concentração:200 MG"
30181,Odevixibate,615832,"615832 - Odevixibate, Composição:Sesqui-Hidratado, Concentração:1200 MCG"
30181,Odevixibate,615831,"615831 - Odevixibate, Composição:Sesqui-Hidratado, Concentração:600 MCG"
30181,Odevixibate,615830,"615830 - Odevixibate, Composição:Sesqui-Hidratado, Concentração:400 MCG"
30181,Odevixibate,615829,"615829 - Odevixibate, Composição:Sesqui-Hidratado, Concentração:200 MCG"
30182,Fenelzina,615995,"615995 - Fenelzina, Concentração:15 MG"
30187,Inclisirana,616084,"616084 - Inclisirana, Concentração:189 MG/ML, Forma Farmacêutica:Solução Injetável, Adicional:Seringa Preenchida"
30197,Resveratrol,616726,"616726 - Resveratrol, Concentração:500 MG, Adicional:Formulação Especialmente Manipulada"
30212,Canabidiol,640425,"640425 - Canabidiol, Concentração:100 MG/G, Forma Farmacêutica:Pasta, Adicional:Seringa Preenchida, Espectro Completo"
30212,Canabidiol,639544,"639544 - Canabidiol, Composição:Associado Ao Canabigerol (Cbg), Concentração:125 Mg/Ml + 41,66 MG/ML, Forma Farmacêutica:Tintura, Adicional:Espectro Completo"
30212,Canabidiol,639543,"639543 - Canabidiol, Composição:Associado Ao Canabigerol (Cbg), Concentração:125 Mg/Ml + 41,66 MG/ML, Forma Farmacêutica:Tintura, Adicional:Amplo Espectro"
30212,Canabidiol,636454,"636454 - Canabidiol, Outros Componentes:Tetrahidrocanabinol (Thc), Concentração 1:200 Mg/Ml + < 0,3%, Forma Farmacêutica:Solução Oral - Gotas, Adicional:Espectro Completo"
30212,Canabidiol,636033,"636033 - Canabidiol, Concentração:41,66 MG/ML, Forma Farmacêutica:Solução Oral - Gotas, Adicional:Espectro Completo"
30212,Canabidiol,635453,"635453 - Canabidiol, Concentração:16,66 MG/ML, Forma Farmacêutica:Tintura, Adicional:Espectro Completo"
30212,Canabidiol,635452,"635452 - Canabidiol, Outros Componentes:Canabinol (Cbn), Componentes Adicionais:Tetrahidrocanabinol (Thc), Concentração:10 Mg + 6 Mg + 3 MG"
30212,Canabidiol,635319,"635319 - Canabidiol, Outros Componentes:Tetrahidrocanabinol (Thc), Concentração 1:8,47 Mg/Ml + < 0,3%, Forma Farmacêutica:Solução Oral, Adicional:Espectro Completo"
30212,Canabidiol,635132,"635132 - Canabidiol, Concentração:170 MG/ML, Forma Farmacêutica:Solução Oral, Adicional:Seringa Preenchida, Espectro Completo"
30212,Canabidiol,635013,"635013 - Canabidiol, Composição:Associado Ao Tetrahidrocanabinol (Thc), Concentração:60 Mg/Ml + 3 MG/ML, Forma Farmacêutica:Solução Oral - Gotas"
30212,Canabidiol,634786,"634786 - Canabidiol, Concentração:42,37 MG/ML, Forma Farmacêutica:Solução Oral"
30212,Canabidiol,634785,"634785 - Canabidiol, Composição:Associado Ao Tetrahidrocanabinol (Thc), Concentração:96 Mg/Ml + 2,4 MG/ML, Forma Farmacêutica:Solução Oral - Gotas"
30212,Canabidiol,634784,"634784 - Canabidiol, Outros Componentes:Tetrahidrocanabinol (Thc), Concentração 1:17,18 Mg/Ml < 0,2%, Forma Farmacêutica:Solução Oral - Gotas"
30212,Canabidiol,634783,"634783 - Canabidiol, Outros Componentes:Tetrahidrocanabinol (Thc), Concentração 1:34,36 Mg/Ml < 0,2%, Forma Farmacêutica:Solução Oral - Gotas"
30212,Canabidiol,634782,"634782 - Canabidiol, Outros Componentes:Tetrahidrocanabinol (Thc), Concentração 1:47,5 Mg/Ml < 0,2%, Forma Farmacêutica:Solução Oral - Gotas"
30212,Canabidiol,634781,"634781 - Canabidiol, Concentração:8,33 MG/G, Forma Farmacêutica:Bálsamo, Adicional:Isento De Thc"
30212,Canabidiol,634780,"634780 - Canabidiol, Concentração:16,66 MG/G, Forma Farmacêutica:Bálsamo, Adicional:Isento De Thc"
30212,Canabidiol,634779,"634779 - Canabidiol, Concentração:100 MG/ML, Forma Farmacêutica:Solução Oral - Gotas"
30212,Canabidiol,634778,"634778 - Canabidiol, Concentração:60 MG/ML, Forma Farmacêutica:Solução Oral - Gotas"
30212,Canabidiol,634777,"634777 - Canabidiol, Outros Componentes:Tetrahidrocanabinol (Thc), Concentração 1:33,33 Mg/Ml < 0,2%, Forma Farmacêutica:Solução Oral - Gotas"
30212,Canabidiol,634776,"634776 - Canabidiol, Concentração:21,2 MG/ML, Forma Farmacêutica:Solução Oral"
30212,Canabidiol,634775,"634775 - Canabidiol, Concentração:166,66 MG/ML, Forma Farmacêutica:Tintura"
30212,Canabidiol,634309,"634309 - Canabidiol, Concentração:20 MG/ML, Forma Farmacêutica:Solução Oral - Gotas"
30212,Canabidiol,634262,"634262 - Canabidiol, Composição:Associado Ao Beta Cariofileno, Concentração:750 Mg + 360 MG, Adicional:Isento De Thc"
30212,Canabidiol,634109,"634109 - Canabidiol, Concentração:91,66 MG/ML, Forma Farmacêutica:Roll-On"
30212,Canabidiol,632531,"632531 - Canabidiol, Composição:Associado Ao Canabigerol (Cbg), Canabinol (Cbn), Outros Componentes:Tetrahidrocanabinol (Thc), Concentração 1:60 Mg/Ml + 33,33 Mg/Ml + 6,66 Mg/Ml < 0,3%, Forma Farmacêutica:Solução Oral, Adicional:Espectro Completo"
30212,Canabidiol,631887,"631887 - Canabidiol, Outros Componentes:Canabinol (Cbn), Componentes Adicionais:Tetrahidrocanabinol (Thc), Concentração:100 Mg/Ml + 10 Mg/Ml + 3 MG/ML, Forma Farmacêutica:Solução Oral, Adicional:Amplo Espectro"
30212,Canabidiol,631577,"631577 - Canabidiol, Outros Componentes:Tetrahidrocanabinol (Thc), Concentração 1:50 Mg/Ml < 0,2%, Forma Farmacêutica:Solução Oral - Gotas"
30212,Canabidiol,631255,"631255 - Canabidiol, Composição:Associado Ao Tetrahidrocanabinol (Thc), Concentração:100 Mg/Ml + 3 MG/ML, Forma Farmacêutica:Solução Oral"
30212,Canabidiol,631091,"631091 - Canabidiol, Outros Componentes:Tetrahidrocanabinol (Thc), Concentração 1:20 Mg/Ml < 0,3%, Forma Farmacêutica:Solução Oral"
30212,Canabidiol,631090,"631090 - Canabidiol, Concentração:21,2 MG/ML, Forma Farmacêutica:Solução Oral, Adicional:Isento De Thc"
30212,Canabidiol,631089,"631089 - Canabidiol, Concentração:10 MG/ML, Forma Farmacêutica:Spray Nasal, Adicional:Isento De Thc"
30212,Canabidiol,630954,"630954 - Canabidiol, Concentração:240 MG/ML, Forma Farmacêutica:Solução Oral, Adicional:Isento De Thc"
30212,Canabidiol,630953,"630953 - Canabidiol, Concentração:240 MG/ML, Forma Farmacêutica:Solução Oral, Adicional:Seringa Preenchida"
30212,Canabidiol,630952,"630952 - Canabidiol, Concentração:240 MG/ML, Forma Farmacêutica:Solução Oral"
30212,Canabidiol,630649,"630649 - Canabidiol, Concentração:66,66 MG/ML, Forma Farmacêutica:Solução Oral - Gotas, Adicional:Amplo Espectro, Isento De Thc"
30212,Canabidiol,630214,"630214 - Canabidiol, Composição:Associado À Canabidivarina (Cbdv), Outros Componentes:Canabicromeno (Cbc), Ácido Canabidiólico (Cbda), Demais Componentes:Ácido Canabigerólico (Cbga), Canabigerol (Cbg), Concentração:148,7 Mg/Ml + 49,57 Mg/Ml + 12,39 Mg/Ml + 12,39 MG/ML, Concentração 1:12,39 Mg/Ml + 12,39 MG/ML, Forma Farmacêutica:Solução Oral"
30212,Canabidiol,630207,"630207 - Canabidiol, Outros Componentes:Canabinol (Cbn), Componentes Adicionais:Tetrahidrocanabinol (Thc), Concentração:200 Mg/Ml / + 100 Mg/Ml + 10 Mg/Ml + 3 MG/ML, Forma Farmacêutica:Solução Oral, Adicional:Frasco A + Frasco B"
30212,Canabidiol,628306,"628306 - Canabidiol, Concentração:100 MG/ML, Forma Farmacêutica:Tintura, Adicional:Amplo Espectro, Isento De Thc"
30212,Canabidiol,627582,"627582 - Canabidiol, Composição:Associado Ao Canabigerol (Cbg), Canabinol (Cbn), Outros Componentes:Tetrahidrocanabinol (Thc), Concentração:100 Mg/Ml + 10 Mg/Ml + 10 Mg/Ml + 10 MG/ML, Forma Farmacêutica:Solução Oral, Adicional:Amplo Espectro"
30212,Canabidiol,627581,"627581 - Canabidiol, Composição:Associado Ao Canabigerol (Cbg), Concentração:5 Mg/Ml + 5 MG/ML, Forma Farmacêutica:Roll-On"
30212,Canabidiol,627173,"627173 - Canabidiol, Concentração:34,36 MG/ML, Forma Farmacêutica:Solução Oral, Adicional:Formulação Especialmente Manipulada"
30212,Canabidiol,626387,"626387 - Canabidiol, Composição:Associado Ao Tetrahidrocanabinol (Thc), Concentração 1:30 Mg/Ml + < 0,2%, Forma Farmacêutica:Solução Oral - Gotas"
30212,Canabidiol,626359,"626359 - Canabidiol, Composição:Associado Ao Canabigerol (Cbg), Canabinol (Cbn), Outros Componentes:Tetrahidrocanabinol (Thc), Concentração 1:8,33 Mg/Ml + 8,33 Mg/Ml + 8,33 Mg/Ml < 0,3%, Forma Farmacêutica:Creme, Adicional:Amplo Espectro"
30212,Canabidiol,626358,"626358 - Canabidiol, Concentração:50 MG/ML, Forma Farmacêutica:Solução Oral - Gotas, Adicional:Isento De Thc"
30212,Canabidiol,624865,"624865 - Canabidiol, Outros Componentes:Tetrahidrocanabinol (Thc), Concentração 1:25 Mg/Ml + < 0,2%, Forma Farmacêutica:Solução Oral - Gotas"
30212,Canabidiol,624413,"624413 - Canabidiol, Concentração 1:333,33 MG/ML, Forma Farmacêutica:Tintura, Adicional:Amplo Espectro"
30212,Canabidiol,623794,"623794 - Canabidiol, Composição:Associado Ao Canabigerol (Cbg), Outros Componentes:Canabicromeno (Cbc), Componentes Adicionais:Delta-9-Tetrahidrocanabinol (Thc), Concentração:30 Mg + 5 Mg + 5 Mg + 5 MG, Forma Farmacêutica:Goma"
30212,Canabidiol,623733,"623733 - Canabidiol, Concentração:205 MG/ML, Forma Farmacêutica:Solução Oral - Gotas, Adicional:Amplo Espectro"
30212,Canabidiol,623636,"623636 - Canabidiol, Composição:Associado Ao Canabigerol (Cbg), Concentração:15 Mg/Ml + 15 MG/ML, Forma Farmacêutica:Tintura"
30212,Canabidiol,623559,"623559 - Canabidiol, Outros Componentes:Canabinol (Cbn), Concentração:50 Mg/Ml + 16,66 MG/ML, Forma Farmacêutica:Solução Oral - Gotas"
30212,Canabidiol,623558,"623558 - Canabidiol, Concentração:166,66 MG/ML, Forma Farmacêutica:Solução Oral - Gotas, Adicional:Amplo Espectro"
30212,Canabidiol,623557,"623557 - Canabidiol, Concentração:25 MG, Forma Farmacêutica:Goma"
30212,Canabidiol,623555,"623555 - Canabidiol, Outros Componentes:Canabinol (Cbn), Concentração:33,33 Mg/Ml + 5 MG/ML, Forma Farmacêutica:Solução Oral - Gotas"
30212,Canabidiol,622990,"622990 - Canabidiol, Composição:Associado Ao Canabigerol (Cbg), Canabinol (Cbn), Outros Componentes:Canabicromeno (Cbc), Ácido Canabidiólico (Cbda), Demais Componentes:Ácido Canabigerólico (Cbga), Componentes Adicionais:Tetrahidrocanabinol (Thc), Concentração:161,09 Mg/Ml + 24,78  Mg/Ml + 24,78 Mg/Ml + 12,39 MG/ML, Concentração 1:12,39 Mg/Ml + 11,89 Mg/Ml + 0,2%, Forma Farmacêutica:Solução Oral - Gotas"
30212,Canabidiol,621612,"621612 - Canabidiol, Composição:Associado Ao Canabigerol (Cbg), Outros Componentes:Tetrahidrocanabinol (Thc), Concentração:40 Mg/Ml + 40 Mg/Ml + 0,2%, Forma Farmacêutica:Solução Oral - Gotas"
30212,Canabidiol,621611,"621611 - Canabidiol, Composição:Associado Ao Tetrahidrocanabinol (Thc), Concentração:75 Mg/Ml + 9 MG/ML, Forma Farmacêutica:Solução Oral - Gotas"
30212,Canabidiol,621610,"621610 - Canabidiol, Composição:Associado Ao Tetrahidrocanabinol (Thc), Concentração:25 Mg/Ml + 25 MG/ML, Forma Farmacêutica:Solução Oral - Gotas"
30212,Canabidiol,621609,"621609 - Canabidiol, Concentração:160 MG/ML, Forma Farmacêutica:Solução Oral - Gotas"
30212,Canabidiol,621608,"621608 - Canabidiol, Concentração:83,33 MG/ML, Forma Farmacêutica:Solução Oral - Gotas"
30212,Canabidiol,620704,"620704 - Canabidiol, Concentração:200 MG/ML, Forma Farmacêutica:Solução Oral"
30212,Canabidiol,620670,"620670 - Canabidiol, Concentração:100 MG/ML, Forma Farmacêutica:Solução Oral"
30212,Canabidiol,620669,"620669 - Canabidiol, Concentração:50 MG/ML, Forma Farmacêutica:Solução Oral"
30212,Canabidiol,620296,"620296 - Canabidiol, Outros Componentes:Tetrahidrocanabinol (Thc), Concentração:100 Mg/Ml + 0,2%, Forma Farmacêutica:Solução Oral - Gotas"
30212,Canabidiol,619659,"619659 - Canabidiol, Composição:Associado Ao Tetrahidrocanabinol (Thc), Concentração:35 Mg + 5 MG, Forma Farmacêutica:Goma De Mascar"
30212,Canabidiol,619092,"619092 - Canabidiol, Concentração:23,75 MG/ML, Forma Farmacêutica:Solução Oral - Gotas"
30212,Canabidiol,618835,"618835 - Canabidiol, Outros Componentes:Canabinol (Cbn), Componentes Adicionais:Tetrahidrocanabinol (Thc), Concentração:100 MG/ML, Concentração 1:50 Mg/Ml + 5 Mg/Ml + 2,5 MG/ML, Forma Farmacêutica:Solução Oral, Adicional:C/ Seringa Dosadora, Frasco A + Frasco B"
30212,Canabidiol,618798,"618798 - Canabidiol, Composição:Associado Ao Canabigerol (Cbg), Canabinol (Cbn), Outros Componentes:Tetrahidrocanabinol (Thc), Concentração:200 Mg/Ml + 25 Mg/Ml + 25 Mg/Ml + 2,5 MG/ML, Forma Farmacêutica:Solução Oral - Gotas"
30212,Canabidiol,618748,"618748 - Canabidiol, Outros Componentes:Tetrahidrocanabinol (Thc), Concentração:120 Mg/Ml + 0,3%, Forma Farmacêutica:Solução Oral - Gotas"
30212,Canabidiol,618747,"618747 - Canabidiol, Concentração:120 MG/ML, Forma Farmacêutica:Solução Oral - Gotas"
30212,Canabidiol,618745,"618745 - Canabidiol, Composição:Associado Ao Canabigerol (Cbg), Canabinol (Cbn), Concentração:125 Mg/Ml + 20,83 Mg/Ml + 20,83 MG/ML, Forma Farmacêutica:Solução Oral - Gotas"
30212,Canabidiol,618522,"618522 - Canabidiol, Concentração:116,66 MG/ML, Forma Farmacêutica:Solução Oral - Gotas"
30212,Canabidiol,618323,"618323 - Canabidiol, Concentração:200 MG/ML, Forma Farmacêutica:Solução Oral - Gotas"
30212,Canabidiol,618322,"618322 - Canabidiol, Concentração:200 MG/ML, Forma Farmacêutica:Solução Oral - Gotas, Adicional:Isento De Thc"
30212,Canabidiol,618321,"618321 - Canabidiol, Concentração:50 MG/ML, Forma Farmacêutica:Solução Oral - Gotas"
30212,Canabidiol,618188,"618188 - Canabidiol, Concentração:625 MG, Forma Farmacêutica:Gel"
30212,Canabidiol,618187,"618187 - Canabidiol, Composição:Associado Ao Canabigerol (Cbg), Outros Componentes:Canabicromeno (Cbc), Concentração:25 Mg/Ml + 25 Mg/Ml + 16,66 MG/ML, Forma Farmacêutica:Solução Oral - Gotas"
30212,Canabidiol,618003,"618003 - Canabidiol, Concentração:20 MG, Forma Farmacêutica:Goma De Mascar"
30212,Canabidiol,618002,"618002 - Canabidiol, Composição:Associado Ao Tetrahidrocanabinol (Thc), Concentração:1 Mg/Ml + 20 MG/ML, Forma Farmacêutica:Solução Oral - Gotas"
30212,Canabidiol,618001,"618001 - Canabidiol, Composição:Associado Ao Tetrahidrocanabinol (Thc), Concentração:10 Mg/Ml + 10 MG/ML, Forma Farmacêutica:Solução Oral - Gotas"
30212,Canabidiol,618000,"618000 - Canabidiol, Composição:Associado Ao Canabigerol (Cbg), Concentração:66,66 Mg/Ml + 33,33 MG/ML, Forma Farmacêutica:Solução Oral - Gotas"
30212,Canabidiol,617999,"617999 - Canabidiol, Composição:Associado Ao Canabigerol (Cbg), Outros Componentes:Tetrahidrocanabinol (Thc), Concentração:66,66 Mg/Ml + 33,33 Mg/Ml + 0,3%, Forma Farmacêutica:Solução Oral - Gotas"
30212,Canabidiol,617804,"617804 - Canabidiol, Concentração:140 MG/ML, Forma Farmacêutica:Pasta"
30212,Canabidiol,617765,"617765 - Canabidiol, Composição:Associado Ao Canabigerol (Cbg), Canabinol (Cbn), Outros Componentes:Canabicromeno (Cbc), D8tetrahidrocanabinol (D8thc), Componentes Adicionais:Tetrahidrocanabivarina (Thcv), Concentração:133,33 Mg/Ml + 66,66 Mg/Ml + 16,66 Mg/Ml + 16,66 MG/ML, Concentração 1:10 Mg/Ml + 8,33 MG/ML, Forma Farmacêutica:Solução Oral - Gotas"
30212,Canabidiol,617763,"617763 - Canabidiol, Concentração:375 MG, Forma Farmacêutica:Gel"
30200,Tisotumabe Vedotina,616983,"616983 - Tisotumabe Vedotina, Concentração:40 MG, Forma Farmacêutica:Pó Liófilo P/ Injetável"
30203,Lecanemabe,617491,"617491 - Lecanemabe, Concentração:100 MG/ML, Forma Farmacêutica:Solução Injetável"
30204,Teprotumumabe,617514,"617514 - Teprotumumabe, Concentração:500 MG, Forma Farmacêutica:Pó Liofilizado Para Solução Injetável"
30207,Oxibato De Sódio,617568,"617568 - Oxibato De Sódio, Concentração:500 MG/ML, Forma Farmacêutica:Solução Oral"
30211,Balsalazida,617751,"617751 - Balsalazida, Concentração:750 MG"
30214,Zonisamida,617854,"617854 - Zonisamida, Concentração:100 MG"
30221,Hidroxiquinolina.,618494,"618494 - Hidroxiquinolina., Composição:Associada À Trolamina, Concentração:0,4 Mg/Ml + 140 MG/ML, Forma Farmacêutica:Solução Otológica"
30222,Defibrotida,618495,"618495 - Defibrotida, Concentração:80 MG/ML, Forma Farmaceutica:Solução P/ Diluição P/ Infusão"
30223,Meclozina,618498,"618498 - Meclozina, Concentração:50 MG, Forma Farmaceutica:Comprimido Orodispersível"
30223,Meclozina,618497,"618497 - Meclozina, Concentração:25 MG, Forma Farmaceutica:Comprimido Orodispersível"
30224,Edaravona,618502,"618502 - Edaravona, Concentração:1,5 MG/ML, Forma Farmaceutica:Solução P/ Diluição P/ Infusão"
30225,Mecloretamina,618518,"618518 - Mecloretamina, Concentração:0,016% P/P, Forma Farmacêutica:Gel"
30226,Tixagevimabe,618521,"618521 - Tixagevimabe, Composição:Associado Ao Cilgavimabe, Concentração:100 Mg/Ml + 100 MG/ML, Forma Farmacêutica:Solução Injetável, Adicional:Frasco A + Frasco B"
30227,Tiotixeno,618570,"618570 - Tiotixeno, Concentração:10 MG"
30229,Dietilpropiona,618672,"618672 - Dietilpropiona, Composição:Cloridrato, Concentração:25 MG, Adicional:Liberação Imediata"
30230,Sódio Elementar,618797,"618797 - Sódio Elementar, Composição:Fósforo E Potássio, Concentração:298 Mg + 250 Mg + 45 MG"
30238,Faricimabe,619454,"619454 - Faricimabe, Concentração:120 MG/ML, Forma Farmacêutica:Solução Injetável"
30239,Selpercatinibe,619568,"619568 - Selpercatinibe, Concentração:80 MG"
30239,Selpercatinibe,619533,"619533 - Selpercatinibe, Concentração:40 MG"
30241,Mirvetuximabe Soravtansina-Gynx,619621,"619621 - Mirvetuximabe Soravtansina-Gynx, Concentração:5 MG/ML, Forma Farmacêutica:Solução Injetável"
30242,Fósforo Elementar,619653,"619653 - Fósforo Elementar, Concentração:15 MG/ML, Forma Farmacêutica:Xarope, Adicional:Formulação Especialmente Manipulada"
30243,Tafasitamabe,619651,"619651 - Tafasitamabe, Concentração:200 MG, Forma Farmacêutica:Pó Liofilizado Para Solução Injetável"
30244,Fenfluramina Cloridrato,619652,"619652 - Fenfluramina Cloridrato, Concentração:2,2 MG/ML, Forma Farmacêutica:Solução Oral"
30245,Atomoxetina,627540,"627540 - Atomoxetina, Concentração:100 MG"
30245,Atomoxetina,627539,"627539 - Atomoxetina, Concentração:18 MG"
30245,Atomoxetina,624530,"624530 - Atomoxetina, Concentração:80 MG"
30245,Atomoxetina,621040,"621040 - Atomoxetina, Concentração:40 MG"
30245,Atomoxetina,621014,"621014 - Atomoxetina, Concentração:10 MG"
30245,Atomoxetina,619726,"619726 - Atomoxetina, Concentração:60 MG"
30245,Atomoxetina,619660,"619660 - Atomoxetina, Concentração:25 MG"
30246,Pitolisant,619758,"619758 - Pitolisant, Concentração:17,8 MG"
30250,Epcoritamabe,620294,"620294 - Epcoritamabe, Concentração:60 MG/ML, Forma Farmacêutica:Solução Injetável"
30250,Epcoritamabe,620293,"620293 - Epcoritamabe, Concentração:5 MG/ML, Forma Farmacêutica:Solução P/ Diluição Injetável"
30252,Berotralstate,620606,"620606 - Berotralstate, Concentração:150 MG"
30255,Ritlecitinibe,621120,"621120 - Ritlecitinibe, Concentração:50 MG"
30257,Fitoterápico,636180,"636180 - Fitoterápico, Nome Científico:Tribulus Terrestris L., Nome Popular:Videira De Punctura, Forma Farmacêutica:Comprimido"
30257,Fitoterápico,633168,"633168 - Fitoterápico, Nome Científico:Matricaria Recutita, Nome Popular:Camomila, Forma Farmacêutica:Pomada"
30257,Fitoterápico,627246,"627246 - Fitoterápico, Nome Científico:Rhamnus Purshiana, Nome Científico 1:Peumus Boldus E Rheum Palmatum, Nome Popular:Boldo, Cáscara-Sagrada E Ruibarbo, Forma Farmacêutica:Solução Oral"
30257,Fitoterápico,626554,"626554 - Fitoterápico, Nome Científico:Chenopodium Ambrosioide, Symphytum Officinale, Nome Científico 1:Persea Americana, Petiveria Alliacea, Nome Científico 2:Lychnophora Ericoides E Artemisia Camphorata, Nome Popular:Mastruz, Confrei, Abacateiro, Guiné, Nome Popular 1:Candeia E Canforeiro, Forma Farmacêutica:Creme"
30257,Fitoterápico,626553,"626553 - Fitoterápico, Nome Científico:Hedera Helix, Nome Popular:Hera, Forma Farmacêutica:Xarope"
30257,Fitoterápico,626552,"626552 - Fitoterápico, Nome Científico:Hedera Helix, Nome Popular:Hera, Forma Farmacêutica:Solução Oral"
30257,Fitoterápico,626551,"626551 - Fitoterápico, Nome Científico:Glycine Max, Nome Popular:Soja, Forma Farmacêutica:Comprimido"
30257,Fitoterápico,626550,"626550 - Fitoterápico, Nome Científico:Equisetum Arvense, Nome Popular:Cavalinha, Forma Farmacêutica:Cápsula"
30257,Fitoterápico,626549,"626549 - Fitoterápico, Nome Científico:Equisetum Arvense, Nome Popular:Cavalinha, Forma Farmacêutica:Creme"
30257,Fitoterápico,626547,"626547 - Fitoterápico, Nome Científico:Equisetum Arvense, Nome Popular:Cavalinha, Forma Farmacêutica:Tintura"
30257,Fitoterápico,626546,"626546 - Fitoterápico, Nome Científico:Cymbopogon Winterianus, Nome Popular:Citronela, Forma Farmacêutica:Gel"
30257,Fitoterápico,626545,"626545 - Fitoterápico, Nome Científico:Cymbopogon Nardus E Syzygium Aromaticum, Nome Popular:Citronela E Cravo-Da-Índia, Forma Farmacêutica:Tintura"
30257,Fitoterápico,626541,"626541 - Fitoterápico, Nome Científico:Cymbopogon Citratus, Nome Popular:Capim-Santo, Forma Farmacêutica:Cápsula"
30257,Fitoterápico,626535,"626535 - Fitoterápico, Nome Científico:Curcuma Longa E Calendula Officinalis, Nome Popular:Açafrão E Calêndula, Forma Farmacêutica:Creme"
30257,Fitoterápico,626530,"626530 - Fitoterápico, Nome Científico:Costus Spicatus, Nome Popular:Cana-Do-Brejo, Forma Farmacêutica:Tintura"
30257,Fitoterápico,626484,"626484 - Fitoterápico, Nome Científico:Chamomilla Recutita E Erythrina Mulungu, Nome Popular:Camomila E Mulungu, Forma Farmacêutica:Tintura"
30257,Fitoterápico,626483,"626483 - Fitoterápico, Nome Científico:Chamomilla Recutita (M. Chamomilla; M. Recutita), Nome Popular:Camomila, Forma Farmacêutica:Cápsula"
30257,Fitoterápico,626482,"626482 - Fitoterápico, Nome Científico:Calendula Officinalis E Equisetum Arvense, Nome Popular:Calêndula E Cavalinha, Forma Farmacêutica:Loção"
30257,Fitoterápico,626481,"626481 - Fitoterápico, Nome Científico:Calendula Officinalis, Nome Popular:Calêndula, Forma Farmacêutica:Xampu"
30257,Fitoterápico,626480,"626480 - Fitoterápico, Nome Científico:Boerhavia Diffusa, Nome Popular:Beldroega-Grande, Forma Farmacêutica:Tintura"
30257,Fitoterápico,626479,"626479 - Fitoterápico, Nome Científico:Bauhinia Forficata, Nome Popular:Pata-De-Vaca, Forma Farmacêutica:Tintura"
30257,Fitoterápico,626473,"626473 - Fitoterápico, Nome Científico:Bauhinia Forficata, Nome Popular:Pata-De-Vaca, Forma Farmacêutica:Alcoolatura"
30257,Fitoterápico,626471,"626471 - Fitoterápico, Nome Científico:Baccharis Trimera, Nome Popular:Carqueja, Forma Farmacêutica:Cápsula"
30257,Fitoterápico,626470,"626470 - Fitoterápico, Nome Científico:Artemisia Absinthium, Nome Popular:Losna, Forma Farmacêutica:Tintura"
30257,Fitoterápico,626468,"626468 - Fitoterápico, Nome Científico:Angelica Sinensis, Nome Popular:Angelica, Forma Farmacêutica:Cápsula"
30257,Fitoterápico,626467,"626467 - Fitoterápico, Nome Científico:Aloe Vera (Aloe Barbadensis), Nome Popular:Babosa, Forma Farmacêutica:Sabonete"
30257,Fitoterápico,626466,"626466 - Fitoterápico, Nome Científico:Ageratum Conyzoides, Nome Científico 1:Pterodon Emarginatus E Cayaponia Tayuya, Nome Popular:Mentrasto, Sucupira E Abóbora-D’Anta, Forma Farmacêutica:Tintura"
30257,Fitoterápico,626465,"626465 - Fitoterápico, Nome Científico:Acanthospermum Hispidum, Nome Popular:Espinho-De-Cigano, Forma Farmacêutica:Xarope"
30257,Fitoterápico,626461,"626461 - Fitoterápico, Nome Científico 1:Rosmarinus Officinalis, Nome Popular 1:Alecrim Ou Alecrim-Rosmarino, Forma Farmacêutica:Xarope"
30257,Fitoterápico,626460,"626460 - Fitoterápico, Nome Científico:Momordica Charantia, Nome Científico 1:Aloe Vera E Azadirachta Indica, Nome Popular:Melão-De-São-Caetano, Babosa E Nim, Forma Farmacêutica:Sabonete"
30257,Fitoterápico,626456,"626456 - Fitoterápico, Nome Científico:Vernonia Condensata, Nome Popular:Boldo-Baiano, Forma Farmacêutica:Alcoolatura"
30257,Fitoterápico,626455,"626455 - Fitoterápico, Nome Científico:Stryphnodendron Adstringens (S. Barbatimam), Nome Popular:Barbatimão, Forma Farmacêutica:Creme"
30257,Fitoterápico,626454,"626454 - Fitoterápico, Nome Científico:Stevia Rebaudiana, Nome Popular:Stevia, Forma Farmacêutica:Preparação Extemporânea, Apresentação:Sachê Ou Envelope"
30257,Fitoterápico,626453,"626453 - Fitoterápico, Nome Científico:Solidago Microglossa, Nome Popular:Arnica, Forma Farmacêutica:Pomada"
30257,Fitoterápico,626452,"626452 - Fitoterápico, Nome Científico:Sereneo Repens, Nome Popular:Palmeira-Anã Ou Saw-Palmetto, Forma Farmacêutica:Cápsula"
30257,Fitoterápico,626451,"626451 - Fitoterápico, Nome Científico:Senna Alexandrina, Nome Popular:Sene, Forma Farmacêutica:Cápsula"
30257,Fitoterápico,626450,"626450 - Fitoterápico, Nome Científico:Schinus Terebinthifolia, Nome Popular:Aroeira, Forma Farmacêutica:Sabonete"
30257,Fitoterápico,626449,"626449 - Fitoterápico, Nome Científico:Cinnamomum Verum (Cinnamomum Zeylanicum), Nome Científico 1:Sambucus Australis, Nome Científico 2:Cymbopogon Citratus E Mentha Pulegium, Nome Popular:Canela, Sabugueiro, Capim-Santo E Poejo, Forma Farmacêutica:Xarope"
30257,Fitoterápico,626448,"626448 - Fitoterápico, Nome Científico:Punica Granatum, Nome Científico 1:Chenopodium Ambrosioide E Mentha Crispa, Nome Popular:Romã, Mastruz E Hortelã-Crespa, Forma Farmacêutica:Xarope"
30257,Fitoterápico,626447,"626447 - Fitoterápico, Nome Científico:Punica Granatum, Nome Popular:Romã, Forma Farmacêutica:Pomada"
30257,Fitoterápico,626446,"626446 - Fitoterápico, Nome Científico:Plectranthus Amboinicus E Mentha X Piperita, Nome Popular:Malvariço E Hortelã-Pimenta, Forma Farmacêutica:Xarope"
30257,Fitoterápico,626445,"626445 - Fitoterápico, Nome Científico:Plantago Major, Nome Popular:Tanchagem, Forma Farmacêutica:Tintura"
30257,Fitoterápico,626444,"626444 - Fitoterápico, Nome Científico:Piper Methysticum, Nome Popular:Kava-Kava, Forma Farmacêutica:Cápsula"
30257,Fitoterápico,626443,"626443 - Fitoterápico, Nome Científico:Petiveria Alliacea, Nome Popular:Guiné, Tipi Ou Amansa-Senhor, Forma Farmacêutica:Pomada"
30257,Fitoterápico,626442,"626442 - Fitoterápico, Nome Científico:Myracroduon Urundeuva, Nome Popular:Aroeira-Do-Sertão, Forma Farmacêutica:Sabonete"
30257,Fitoterápico,626441,"626441 - Fitoterápico, Nome Científico:Myracroduon Urundeuva, Nome Popular:Aroeira-Do-Sertão, Forma Farmacêutica:Tintura"
30257,Fitoterápico,626440,"626440 - Fitoterápico, Nome Científico:Momordica Charantia E Symphytum Officinale, Nome Popular:Melão-De-São-Caetano E Confrei, Forma Farmacêutica:Sabonete"
30257,Fitoterápico,626439,"626439 - Fitoterápico, Nome Científico:Mikania Glomerata, Nome Popular:Guaco, Forma Farmacêutica:Suspensão Oral"
30257,Fitoterápico,626438,"626438 - Fitoterápico, Nome Científico:Mentha X Villosa E Chenopodium Ambrosioide, Nome Popular:Hortelã-Rasteira E Mastruz, Forma Farmacêutica:Xarope"
30257,Fitoterápico,626437,"626437 - Fitoterápico, Nome Científico 1:Melissa Officinalis, Nome Popular:Cidreira-Verdadeira, Forma Farmacêutica:Tintura"
30257,Fitoterápico,626436,"626436 - Fitoterápico, Nome Científico 1:Melissa Officinalis, Nome Popular:Cidreira-Verdadeira, Forma Farmacêutica:Preparação Extemporânea, Apresentação:Sachê Ou Envelope"
30257,Fitoterápico,626435,"626435 - Fitoterápico, Nome Científico:Malva Pusilla (Malva Parviflora), Nome Popular:Malva Pequena, Forma Farmacêutica:Tintura"
30257,Fitoterápico,626434,"626434 - Fitoterápico, Nome Científico:Malva Pusilla (Malva Parviflora), Nome Popular:Malva Pequena, Forma Farmacêutica:Preparação Extemporânea, Apresentação:Sachê Ou Envelope"
30257,Fitoterápico,626433,"626433 - Fitoterápico, Nome Científico:Lavandula Officinalis E Passiflora Alata, Nome Popular:Lavanda E Maracujá-Doce, Forma Farmacêutica:Tintura"
30257,Fitoterápico,626431,"626431 - Fitoterápico, Nome Científico:Lamium Album E Boerhavia Diffusa, Nome Popular:Urtiga Branca E Pega-Pinto, Forma Farmacêutica:Tintura"
30257,Fitoterápico,626430,"626430 - Fitoterápico, Nome Científico:Kalanchoe Pinnata (Bryophyllum Calycinum), Nome Popular:Folha-Da-Fortuna, Forma Farmacêutica:Gel"
30257,Fitoterápico,626429,"626429 - Fitoterápico, Nome Científico:Hypericum Perforatum, Nome Popular:Erva-De-São-João, Forma Farmacêutica:Preparação Extemporânea, Apresentação:Sachê Ou Envelope"
30257,Fitoterápico,626428,"626428 - Fitoterápico, Nome Científico:Momordica Charantia, Nome Científico 1:Aloe Vera E Azadirachta Indica, Nome Popular:Melão-De-São-Caetano, Babosa E Nim, Forma Farmacêutica:Xampu"
30257,Fitoterápico,626427,"626427 - Fitoterápico, Nome Científico:Hypericum Perforatum, Nome Popular:Erva-De-São-João, Forma Farmacêutica:Cápsula"
30257,Fitoterápico,622629,"622629 - Fitoterápico, Nome Científico:Zingiber Officinale, Nome Popular:Gengibre, Forma Farmacêutica:Pó Para Dispersão Oral"
30257,Fitoterápico,622628,"622628 - Fitoterápico, Nome Científico:Zingiber Officinale, Nome Popular:Gengibre, Apresentação:Em Bala"
30257,Fitoterápico,622627,"622627 - Fitoterápico, Nome Científico:Zingiber Officinale, Nome Popular:Gengibre, Apresentação:Em Cristais"
30257,Fitoterápico,622626,"622626 - Fitoterápico, Nome Científico 1:Vernonia Ferruginea, Nome Popular:Assa-Peixe, Forma Farmacêutica:Pó Para Dispersão Oral"
30257,Fitoterápico,622625,"622625 - Fitoterápico, Nome Científico:Vernonia Condensata, Nome Popular:Boldo-Baiano, Forma Farmacêutica:Tintura"
30257,Fitoterápico,622624,"622624 - Fitoterápico, Nome Científico:Cordia Verbenacea (C. Curassavica; V. Curassavica), Nome Popular:Erva Baleeira, Forma Farmacêutica:Pó Para Dispersão Oral"
30257,Fitoterápico,622623,"622623 - Fitoterápico, Nome Científico:Cordia Verbenacea (C. Curassavica; V. Curassavica), Nome Popular:Erva Baleeira, Forma Farmacêutica:Pomada"
30257,Fitoterápico,622622,"622622 - Fitoterápico, Nome Científico:Cordia Verbenacea (C. Curassavica; V. Curassavica), Nome Popular:Erva Baleeira, Forma Farmacêutica:Gel"
30257,Fitoterápico,622621,"622621 - Fitoterápico, Nome Científico:Cordia Verbenacea (C. Curassavica; V. Curassavica), Nome Popular:Erva Baleeira, Forma Farmacêutica:Creme"
30257,Fitoterápico,622620,"622620 - Fitoterápico, Nome Científico 1:Valeriana Officinalis, Nome Popular 1:Valeriana, Forma Farmacêutica:Cápsula"
30257,Fitoterápico,622619,"622619 - Fitoterápico, Nome Científico:Uncaria Tomentosa, Nome Popular:Unha-De-Gato, Forma Farmacêutica:Cápsula"
30257,Fitoterápico,622618,"622618 - Fitoterápico, Nome Científico 1:Tymus Zygis, Forma Farmacêutica:Preparação Extemporânea, Apresentação:Sachê Ou Envelope"
30257,Fitoterápico,622617,"622617 - Fitoterápico, Nome Científico:Tabebuia Avellanedeae, Nome Popular:Ipê-Roxo, Forma Farmacêutica:Elixir"
30257,Fitoterápico,622616,"622616 - Fitoterápico, Nome Científico:Symphytum Officinale L., Nome Popular:Confrei, Forma Farmacêutica:Gel"
30257,Fitoterápico,622615,"622615 - Fitoterápico, Nome Científico:Symphytum Officinale L., Nome Popular:Confrei, Forma Farmacêutica:Pomada"
30257,Fitoterápico,622613,"622613 - Fitoterápico, Nome Científico 1:Symphytum Officinale E Triticum Sativum, Nome Popular 1:Confrei E Gérmen De Trigo, Forma Farmacêutica:Creme"
30257,Fitoterápico,622612,"622612 - Fitoterápico, Nome Científico 1:Symphytum Officinale E Aloe Barbadensis, Nome Popular 1:Confrei E Babosa, Apresentação:Em Solução"
30257,Fitoterápico,622611,"622611 - Fitoterápico, Nome Científico:Stryphnodendron Adstringens (S. Barbatimam), Nome Popular:Barbatimão, Forma Farmacêutica:Cápsula"
30257,Fitoterápico,622610,"622610 - Fitoterápico, Nome Científico:Stryphnodendron Adstringens (S. Barbatimam), Nome Popular:Barbatimão, Forma Farmacêutica:Pomada"
30257,Fitoterápico,622609,"622609 - Fitoterápico, Nome Científico:Schinus Terebinthifolia, Nome Popular:Aroeira, Forma Farmacêutica:Creme"
30257,Fitoterápico,622608,"622608 - Fitoterápico, Nome Científico:Schinus Terebinthifolia, Nome Popular:Aroeira, Forma Farmacêutica:Tintura"
30257,Fitoterápico,622607,"622607 - Fitoterápico, Nome Científico 1:Rosmarinus Officinalis, Ruta Graveolens, Nome Científico 2:Cymbopogon Nardus E Melaleuca Alternifolia, Nome Popular 1:Alecrim, Arruda, Citronela E Melaleuca, Forma Farmacêutica:Loção"
30257,Fitoterápico,622606,"622606 - Fitoterápico, Nome Científico 1:Rosmarinus Officinalis, Nome Popular 1:Alecrim Ou Alecrim-Rosmarino, Forma Farmacêutica:Preparação Extemporânea, Apresentação:Sachê Ou Envelope"
30257,Fitoterápico,622605,"622605 - Fitoterápico, Nome Científico 1:Rosmarinus Officinalis, Nome Popular 1:Alecrim Ou Alecrim-Rosmarino, Forma Farmacêutica:Pó Para Dispersão Oral"
30257,Fitoterápico,622604,"622604 - Fitoterápico, Nome Científico 1:Rosmarinus Officinalis, Nome Popular 1:Alecrim Ou Alecrim-Rosmarino, Forma Farmacêutica:Tintura"
30257,Fitoterápico,622603,"622603 - Fitoterápico, Nome Científico 1:Rosmarinus Officinalis, Nome Científico 2:Psidium Guajava E Matricaria Chamomilla, Nome Popular 1:Alecrim, Goiaba E Camomila, Forma Farmacêutica:Colutório"
30257,Fitoterápico,622597,"622597 - Fitoterápico, Nome Científico:Rhamnus Purshiana, Nome Popular:Cáscara-Sagrada, Forma Farmacêutica:Cápsula"
30257,Fitoterápico,622596,"622596 - Fitoterápico, Nome Científico 1:Prunus Amygdalus, Nome Popular:Amêndoa Doce, Forma Farmacêutica:Creme"
30257,Fitoterápico,622595,"622595 - Fitoterápico, Nome Científico:Plectranthus Barbatus (Coleus Barbatus), Nome Popular:Boldo-Nacional Ou Malva-Santa, Forma Farmacêutica:Tintura"
30257,Fitoterápico,622594,"622594 - Fitoterápico, Nome Científico:Plectranthus Barbatus (Coleus Barbatus), Nome Popular:Boldo-Nacional Ou Malva-Santa, Forma Farmacêutica:Alcoolatura"
30257,Fitoterápico,622593,"622593 - Fitoterápico, Nome Científico:Plectranthus Amboinicus, Nome Popular:Malvariço, Forma Farmacêutica:Xarope"
30257,Fitoterápico,622592,"622592 - Fitoterápico, Nome Científico 1:Passiflora Sp E Melissa Officinalis, Nome Popular:Maracujá E Melissa, Forma Farmacêutica:Cápsula"
30257,Fitoterápico,622591,"622591 - Fitoterápico, Nome Científico:Passiflora Incarnata, Nome Popular:Maracujá-Vermelho, Forma Farmacêutica:Xarope"
30257,Fitoterápico,622590,"622590 - Fitoterápico, Nome Científico:Passiflora Incarnata, Nome Popular:Maracujá-Vermelho, Forma Farmacêutica:Pó Para Dispersão Oral"
30257,Fitoterápico,622589,"622589 - Fitoterápico, Nome Científico:Passiflora Incarnata, Nome Popular:Maracujá-Vermelho, Forma Farmacêutica:Cápsula"
30257,Fitoterápico,622588,"622588 - Fitoterápico, Nome Científico:Passiflora Incarnata, Nome Popular:Maracujá-Vermelho, Forma Farmacêutica:Tintura"
30257,Fitoterápico,622586,"622586 - Fitoterápico, Nome Científico:Passiflora Incarnata, Nome Científico 1:Lippia Alba E Chamomilla Recutita, Nome Popular:Maracujá, Erva-Cidreira-De-Arbusto E Camomila, Forma Farmacêutica:Xarope"
30257,Fitoterápico,622585,"622585 - Fitoterápico, Nome Científico:Passiflora Edulis, Nome Popular:Maracujá-Azedo, Forma Farmacêutica:Xarope"
30257,Fitoterápico,622584,"622584 - Fitoterápico, Nome Científico:Passiflora Edulis, Nome Popular:Maracujá-Azedo, Forma Farmacêutica:Tintura"
30257,Fitoterápico,622583,"622583 - Fitoterápico, Nome Científico:Passiflora Edulis, Nome Popular:Maracujá-Azedo, Forma Farmacêutica:Cápsula"
30257,Fitoterápico,622582,"622582 - Fitoterápico, Nome Científico:Passiflora Edulis, Nome Científico 1:Erythrina Mulungu E Valeriana Officinalis, Nome Popular:Maracujá, Mulungu E Valeriana, Forma Farmacêutica:Cápsula"
30257,Fitoterápico,622581,"622581 - Fitoterápico, Nome Científico:Passiflora Alata, Nome Popular:Maracujá-Doce, Forma Farmacêutica:Xarope"
30257,Fitoterápico,622580,"622580 - Fitoterápico, Nome Científico:Passiflora Alata, Nome Popular:Maracujá-Doce, Forma Farmacêutica:Cápsula"
30257,Fitoterápico,622579,"622579 - Fitoterápico, Nome Científico:Passiflora Alata, Nome Popular:Maracujá-Doce, Forma Farmacêutica:Tintura"
30257,Fitoterápico,622578,"622578 - Fitoterápico, Nome Científico:Ocimum Gratissimum, Nome Popular:Alfavacão, Forma Farmacêutica:Pó"
30257,Fitoterápico,622577,"622577 - Fitoterápico, Nome Científico:Ocimum Gratissimum, Nome Popular:Alfavacão, Forma Farmacêutica:Pó Para Dispersão Oral"
30257,Fitoterápico,622576,"622576 - Fitoterápico, Nome Científico 1:Nasturtium Officinale, Mikania Glomerata, Nome Científico 2:Apis Mellífera E Toluifera Balsamum, Nome Popular:Agrião, Guaco, Própolis E Bálsamo-De-Tolu, Forma Farmacêutica:Xarope"
30257,Fitoterápico,622575,"622575 - Fitoterápico, Nome Científico 1:Myracrodruon Urundeuva, Nome Popular:Aroeira-Do-Sertão, Forma Farmacêutica:Elixir"
30257,Fitoterápico,622574,"622574 - Fitoterápico, Nome Científico 1:Myracrodruon Urundeuva, Nome Popular:Aroeira-Do-Sertão, Forma Farmacêutica:Creme"
30257,Fitoterápico,622573,"622573 - Fitoterápico, Nome Científico 1:Morus Nigra, Nome Popular:Amoreira, Forma Farmacêutica:Preparação Extemporânea, Apresentação:Sachê Ou Envelope"
30257,Fitoterápico,622572,"622572 - Fitoterápico, Nome Científico 1:Morus Nigra, Nome Popular:Amoreira, Forma Farmacêutica:Tintura"
30257,Fitoterápico,622570,"622570 - Fitoterápico, Nome Científico:Momordica Charantia, Nome Popular:Melão-De-São-Caetano, Forma Farmacêutica:Tintura"
30257,Fitoterápico,622554,"622554 - Fitoterápico, Nome Científico:Momordica Charantia, Nome Popular:Melão-De-São-Caetano, Forma Farmacêutica:Sabonete"
30257,Fitoterápico,622553,"622553 - Fitoterápico, Nome Científico:Mikania Laevigata, Nome Popular:Guaco-Cheiroso, Forma Farmacêutica:Xarope"
30257,Fitoterápico,622551,"622551 - Fitoterápico, Nome Científico:Mikania Laevigata, Nome Popular:Guaco-Cheiroso, Forma Farmacêutica:Tintura"
30257,Fitoterápico,622547,"622547 - Fitoterápico, Nome Científico 1:Mikania Glomerata E Apis Mellífera, Nome Popular:Guaco E Própolis, Forma Farmacêutica:Xarope"
30257,Fitoterápico,622546,"622546 - Fitoterápico, Nome Científico:Mikania Glomerata, Nome Popular:Guaco, Forma Farmacêutica:Pó Para Dispersão Oral"
30257,Fitoterápico,622545,"622545 - Fitoterápico, Nome Científico:Mikania Glomerata, Nome Popular:Guaco, Forma Farmacêutica:Xarope"
30257,Fitoterápico,622512,"622512 - Fitoterápico, Nome Científico:Mikania Glomerata, Nome Popular:Guaco, Forma Farmacêutica:Tintura"
30257,Fitoterápico,622511,"622511 - Fitoterápico, Nome Científico:Mentha X Villosa, Nome Popular:Hortelã-Rasteira, Forma Farmacêutica:Pó Para Dispersão Oral"
30257,Fitoterápico,622510,"622510 - Fitoterápico, Nome Científico:Mentha X Piperita, Nome Popular:Hortelã-Pimenta, Forma Farmacêutica:Xarope"
30257,Fitoterápico,622509,"622509 - Fitoterápico, Nome Científico 1:Melissa Officinalis, Nome Popular:Cidreira-Verdadeira, Forma Farmacêutica:Pó Para Dispersão Oral"
30257,Fitoterápico,622508,"622508 - Fitoterápico, Nome Científico 1:Melissa Officinalis, Nome Popular:Cidreira-Verdadeira, Forma Farmacêutica:Cápsula"
30257,Fitoterápico,622507,"622507 - Fitoterápico, Nome Científico 1:Melilotus Officinalis, Forma Farmacêutica:Cápsula"
30257,Fitoterápico,622506,"622506 - Fitoterápico, Nome Científico:Maytenus Ilicifolia (Montiverdia Ilicifolia), Nome Popular:Espinheira-Santa, Forma Farmacêutica:Tintura"
30257,Fitoterápico,622505,"622505 - Fitoterápico, Nome Científico:Maytenus Ilicifolia (Montiverdia Ilicifolia), Nome Popular:Espinheira-Santa, Forma Farmacêutica:Pó Para Dispersão Oral"
30257,Fitoterápico,622504,"622504 - Fitoterápico, Nome Científico:Maytenus Ilicifolia (Montiverdia Ilicifolia), Nome Popular:Espinheira-Santa, Forma Farmacêutica:Cápsula"
30257,Fitoterápico,622503,"622503 - Fitoterápico, Nome Científico:Matricaria Chamomilla E Calendula Officinalis, Nome Popular:Camomila E Calêndula, Forma Farmacêutica:Creme"
30257,Fitoterápico,622502,"622502 - Fitoterápico, Nome Científico:Matricaria Chamomilla E Apis Mellífera, Nome Popular:Camomila E Própolis, Apresentação:Em Solução"
30257,Fitoterápico,622501,"622501 - Fitoterápico, Nome Científico:Chamomilla Recutita (M. Chamomilla; M. Recutita), Nome Popular:Camomila, Forma Farmacêutica:Creme"
30257,Fitoterápico,622500,"622500 - Fitoterápico, Nome Científico:Chamomilla Recutita (M. Chamomilla; M. Recutita), Nome Popular:Camomila, Forma Farmacêutica:Gel"
30257,Fitoterápico,622498,"622498 - Fitoterápico, Nome Científico:Lippia Sidoides, Nome Popular:Alecrim-Pimenta, Forma Farmacêutica:Pó"
30257,Fitoterápico,622497,"622497 - Fitoterápico, Nome Científico:Lippia Sidoides, Nome Popular:Alecrim-Pimenta, Forma Farmacêutica:Sabonete"
30257,Fitoterápico,622495,"622495 - Fitoterápico, Nome Científico:Lippia Sidoides, Nome Popular:Alecrim-Pimenta, Forma Farmacêutica:Gel"
30257,Fitoterápico,622494,"622494 - Fitoterápico, Nome Científico:Lippia Sidoides, Nome Popular:Alecrim-Pimenta, Forma Farmacêutica:Tintura"
30257,Fitoterápico,622493,"622493 - Fitoterápico, Nome Científico:Lippia Alba, Nome Popular:Lípia Ou Cidreira, Forma Farmacêutica:Elixir"
30257,Fitoterápico,622492,"622492 - Fitoterápico, Nome Científico:Lippia Alba, Nome Popular:Lípia Ou Cidreira, Forma Farmacêutica:Tintura"
30257,Fitoterápico,622491,"622491 - Fitoterápico, Nome Científico:Justicia Pectoralis, Nome Popular:Chambá, Forma Farmacêutica:Xarope"
30257,Fitoterápico,622490,"622490 - Fitoterápico, Nome Científico:Hyptis Pectinata (Mesosphaerum Pectinatum), Nome Popular:Sambacaitá, Forma Farmacêutica:Preparação Extemporânea, Apresentação:Sachê Ou Envelope"
30257,Fitoterápico,622489,"622489 - Fitoterápico, Nome Científico:Hyptis Pectinata (Mesosphaerum Pectinatum), Nome Popular:Sambacaitá, Forma Farmacêutica:Gel"
30257,Fitoterápico,622487,"622487 - Fitoterápico, Nome Científico:Hydrocotylle Umbellata, Nome Popular:Erva-Capitão, Forma Farmacêutica:Pó Para Dispersão Oral"
30257,Fitoterápico,622486,"622486 - Fitoterápico, Nome Científico:Helianthus Annuus E Triticum Vulgare, Nome Popular:Girassol E Gérmen De Trigo, Forma Farmacêutica:Loção"
30257,Fitoterápico,622485,"622485 - Fitoterápico, Nome Científico:Harpagophytum  Procumbens, Nome Popular:Garra-Do-Diabo, Forma Farmacêutica:Cápsula"
30257,Fitoterápico,622484,"622484 - Fitoterápico, Nome Científico:Glycine Max, Nome Popular:Soja, Forma Farmacêutica:Cápsula"
30257,Fitoterápico,622483,"622483 - Fitoterápico, Nome Científico:Ginkgo Biloba, Nome Popular:Ginkgo, Forma Farmacêutica:Cápsula"
30257,Fitoterápico,622482,"622482 - Fitoterápico, Nome Científico:Foeniculum Vulgare, Nome Popular:Funcho, Forma Farmacêutica:Tintura"
30257,Fitoterápico,622481,"622481 - Fitoterápico, Nome Científico:Equisetum Hyemale, Nome Popular:Cavalinha, Forma Farmacêutica:Pó Para Dispersão Oral"
30257,Fitoterápico,622480,"622480 - Fitoterápico, Nome Científico:Cynara Scolymus, Nome Popular:Alcachofra, Forma Farmacêutica:Cápsula"
30257,Fitoterápico,622478,"622478 - Fitoterápico, Nome Científico:Cynara Scolymus, Nome Popular:Alcachofra, Forma Farmacêutica:Tintura"
30257,Fitoterápico,622477,"622477 - Fitoterápico, Nome Científico:Cymbopogon Nardus E Carapa Guianensis, Nome Popular:Citronela E Andiroba, Forma Farmacêutica:Loção"
30257,Fitoterápico,622476,"622476 - Fitoterápico, Nome Científico:Cymbopogon Flexuosus, Forma Farmacêutica:Preparação Extemporânea, Apresentação:Sachê Ou Envelope"
30257,Fitoterápico,622475,"622475 - Fitoterápico, Nome Científico:Cymbopogon Citratus, Nome Popular:Capim-Santo, Forma Farmacêutica:Tintura"
30257,Fitoterápico,622474,"622474 - Fitoterápico, Nome Científico:Cymbopogon Citratus, Nome Popular:Capim-Santo, Forma Farmacêutica:Pó Para Dispersão Oral"
30257,Fitoterápico,622473,"622473 - Fitoterápico, Nome Científico:Curcuma Longa, Nome Popular:Açafrão, Forma Farmacêutica:Pó Para Dispersão Oral"
30257,Fitoterápico,622472,"622472 - Fitoterápico, Nome Científico:Curcuma Longa, Nome Popular:Açafrão, Forma Farmacêutica:Cápsula"
30257,Fitoterápico,622471,"622471 - Fitoterápico, Nome Científico:Curcuma Longa, Nome Popular:Açafrão, Forma Farmacêutica:Tintura"
30257,Fitoterápico,622470,"622470 - Fitoterápico, Nome Científico:Cissus Verticillata (Cissus Sicyoides), Nome Popular:Cipó-Insulina, Forma Farmacêutica:Suspensão Oral"
30257,Fitoterápico,622469,"622469 - Fitoterápico, Nome Científico:Cinnamomum Verum (Cinnamomum Zeylanicum), Nome Popular:Canela, Forma Farmacêutica:Pó Para Dispersão Oral"
30257,Fitoterápico,622468,"622468 - Fitoterápico, Nome Científico:Cimicifuga Racemosa, Nome Popular:Cimicifuga Ou Black Cohosh, Forma Farmacêutica:Cápsula"
30257,Fitoterápico,622467,"622467 - Fitoterápico, Nome Científico:Casearia Sylvestris, Nome Popular:Guaçatonga, Forma Farmacêutica:Tintura"
30257,Fitoterápico,622466,"622466 - Fitoterápico, Nome Científico:Carica Papaya, Nome Popular:Mamoeiro, Forma Farmacêutica:Gel"
30257,Fitoterápico,622465,"622465 - Fitoterápico, Nome Científico:Calendula Officinalis E Equisetum Arvense, Nome Popular:Calêndula E Cavalinha, Forma Farmacêutica:Creme"
30257,Fitoterápico,622464,"622464 - Fitoterápico, Nome Científico:Calendula Officinalis E Apis Mellífera, Nome Popular:Calêndula E Própolis, Forma Farmacêutica:Colutório"
30257,Fitoterápico,622463,"622463 - Fitoterápico, Nome Científico:Calendula Officinalis, Nome Científico 1:Matricaria Recutita E Lavandula Officinalis, Nome Popular:Calêndula, Camomila E Lavanda, Forma Farmacêutica:Pomada"
30257,Fitoterápico,622450,"622450 - Fitoterápico, Nome Científico:Calendula Officinalis, Nome Popular:Calêndula, Forma Farmacêutica:Creme"
30257,Fitoterápico,622449,"622449 - Fitoterápico, Nome Científico:Calendula Officinalis, Nome Popular:Calêndula, Forma Farmacêutica:Tintura"
30257,Fitoterápico,622448,"622448 - Fitoterápico, Nome Científico:Bauhinia Variegata, Nome Popular:Pata-De-Vaca, Forma Farmacêutica:Pó Para Dispersão Oral"
30257,Fitoterápico,622447,"622447 - Fitoterápico, Nome Científico:Baccharis Trimera, Nome Popular:Carqueja, Forma Farmacêutica:Pó Para Dispersão Oral"
30257,Fitoterápico,622446,"622446 - Fitoterápico, Nome Científico:Arnica Montana E Calendula Officinalis, Nome Popular:Arnica E Calêndula, Forma Farmacêutica:Gel"
30257,Fitoterápico,622445,"622445 - Fitoterápico, Nome Científico:Amburana Cearensis, Nome Popular:Cumaru, Forma Farmacêutica:Xarope"
30257,Fitoterápico,622444,"622444 - Fitoterápico, Nome Científico:Alpinia Zerumbet (Alpinia Speciosa), Nome Popular:Colônia, Forma Farmacêutica:Tintura"
30257,Fitoterápico,622443,"622443 - Fitoterápico, Nome Científico:Aloe Vera (Aloe Barbadensis), Nome Popular:Babosa, Forma Farmacêutica:Pomada"
30257,Fitoterápico,622442,"622442 - Fitoterápico, Nome Científico:Aloe Vera (Aloe Barbadensis), Nome Popular:Babosa, Forma Farmacêutica:Supositório"
30257,Fitoterápico,622441,"622441 - Fitoterápico, Nome Científico:Aloe Vera (Aloe Barbadensis), Nome Popular:Babosa, Forma Farmacêutica:Creme"
30257,Fitoterápico,622440,"622440 - Fitoterápico, Nome Científico:Aloe Vera (Aloe Barbadensis), Nome Popular:Babosa, Forma Farmacêutica:Gel"
30257,Fitoterápico,622439,"622439 - Fitoterápico, Nome Científico:Aloe Vera (Aloe Barbadensis), Nome Popular:Babosa, Forma Farmacêutica:Pó Para Dispersão Oral"
30257,Fitoterápico,622438,"622438 - Fitoterápico, Nome Científico:Aloe Barbadensis E Matricaria Chamomilla, Nome Popular:Babosa E Camomila, Forma Farmacêutica:Loção"
30257,Fitoterápico,622422,"622422 - Fitoterápico, Nome Científico:Aloe Barbadensis E Carapa Guianensis, Nome Popular:Babosa E Andiroba, Forma Farmacêutica:Creme"
30257,Fitoterápico,622417,"622417 - Fitoterápico, Nome Científico:Aloe Barbadensis E Apis Mellífera, Nome Popular:Babosa E Própolis, Forma Farmacêutica:Gel"
30257,Fitoterápico,622369,"622369 - Fitoterápico, Nome Científico:Allium Sativum, Nome Popular:Alho, Forma Farmacêutica:Pó Para Dispersão Oral"
30257,Fitoterápico,622367,"622367 - Fitoterápico, Nome Científico:Aesculus Hippocastanum, Nome Científico 1:Dimorphardra Mollis E Ginkgo Biloba, Nome Popular:Castanha-Da-Índia, Rutina E Ginkgo, Forma Farmacêutica:Cápsula"
30257,Fitoterápico,622362,"622362 - Fitoterápico, Nome Científico:Aesculus Hippocastanum, Nome Científico 1:Polygonum Punctatum E Hamamelis Virginiana, Nome Popular:Castanha-Da-Índia, Erva-De-Bicho E Hamamelis, Forma Farmacêutica:Pomada"
30257,Fitoterápico,622360,"622360 - Fitoterápico, Nome Científico:Aesculus Hippocastanum, Nome Popular:Castanha-Da-Índia, Forma Farmacêutica:Cápsula"
30257,Fitoterápico,622359,"622359 - Fitoterápico, Nome Científico:Achyrocline Satureioides, Nome Popular:Macela, Forma Farmacêutica:Preparação Extemporânea, Apresentação:Sachê Ou Envelope"
30257,Fitoterápico,621319,"621319 - Fitoterápico, Nome Científico:Zingiber Officinale, Nome Popular:Gengibre, Forma Farmacêutica:Preparação Extemporânea, Apresentação:Sachê Ou Envelope"
30257,Fitoterápico,621318,"621318 - Fitoterápico, Nome Científico:Vernonia Polyanthes (Vernonanthura Polyanthes), Nome Popular:Assa-Peixe, Forma Farmacêutica:Preparação Extemporânea, Apresentação:Sachê Ou Envelope"
30257,Fitoterápico,621317,"621317 - Fitoterápico, Nome Científico:Vernonia Ruficoma (Vernonanthura Membranacea), Nome Popular:Assa-Peixe, Forma Farmacêutica:Preparação Extemporânea, Apresentação:Sachê Ou Envelope"
30257,Fitoterápico,621316,"621316 - Fitoterápico, Nome Científico:Vernonia Condensata, Nome Popular:Boldo-Baiano, Forma Farmacêutica:Preparação Extemporânea, Apresentação:Sachê Ou Envelope"
30257,Fitoterápico,621315,"621315 - Fitoterápico, Nome Científico:Uncaria Tomentosa, Nome Popular:Unha-De-Gato, Forma Farmacêutica:Preparação Extemporânea, Apresentação:Sachê Ou Envelope"
30257,Fitoterápico,621314,"621314 - Fitoterápico, Nome Científico:Trifolium Pratense, Nome Popular:Cravo-Bravo, Forma Farmacêutica:Preparação Extemporânea, Apresentação:Sachê Ou Envelope"
30257,Fitoterápico,621313,"621313 - Fitoterápico, Nome Científico:Tagetes Minuta, Nome Popular:Cravo-De-Defunto, Forma Farmacêutica:Preparação Extemporânea, Apresentação:Sachê Ou Envelope"
30257,Fitoterápico,621312,"621312 - Fitoterápico, Nome Científico:Tabebuia Avellanedeae, Nome Popular:Ipê-Roxo, Forma Farmacêutica:Preparação Extemporânea, Apresentação:Sachê Ou Envelope"
30257,Fitoterápico,621311,"621311 - Fitoterápico, Nome Científico:Syzygium Jambolanum (Syzygium Cumini), Nome Popular:Jambolão, Forma Farmacêutica:Preparação Extemporânea, Apresentação:Sachê Ou Envelope"
30257,Fitoterápico,621310,"621310 - Fitoterápico, Nome Científico:Symphytum Officinale L., Nome Popular:Confrei, Forma Farmacêutica:Preparação Extemporânea, Apresentação:Sachê Ou Envelope"
30257,Fitoterápico,621309,"621309 - Fitoterápico, Nome Científico:Stryphnodendron Adstringens (S. Barbatimam), Nome Popular:Barbatimão, Forma Farmacêutica:Preparação Extemporânea, Apresentação:Sachê Ou Envelope"
30257,Fitoterápico,621308,"621308 - Fitoterápico, Nome Científico:Spondias Mombin, Nome Popular:Cajá, Forma Farmacêutica:Preparação Extemporânea, Apresentação:Sachê Ou Envelope"
30257,Fitoterápico,621307,"621307 - Fitoterápico, Nome Científico:Solidago Microglossa, Nome Popular:Arnica, Forma Farmacêutica:Preparação Extemporânea, Apresentação:Sachê Ou Envelope"
30257,Fitoterápico,621306,"621306 - Fitoterápico, Nome Científico:Solanum Paniculatum, Nome Popular:Jurubeba, Forma Farmacêutica:Preparação Extemporânea, Apresentação:Sachê Ou Envelope"
30257,Fitoterápico,621305,"621305 - Fitoterápico, Nome Científico:Schinus Terebinthifolia, Nome Popular:Aroeira, Forma Farmacêutica:Preparação Extemporânea, Apresentação:Sachê Ou Envelope"
30257,Fitoterápico,621304,"621304 - Fitoterápico, Nome Científico:Salix Alba, Nome Popular:Salgueiro-Branco, Forma Farmacêutica:Preparação Extemporânea, Apresentação:Sachê Ou Envelope"
30257,Fitoterápico,621303,"621303 - Fitoterápico, Nome Científico:Ruta Graveolens, Nome Popular:Arruda, Forma Farmacêutica:Preparação Extemporânea, Apresentação:Sachê Ou Envelope"
30257,Fitoterápico,621302,"621302 - Fitoterápico, Nome Científico:Rhamnus Purshiana, Nome Popular:Cáscara-Sagrada, Forma Farmacêutica:Preparação Extemporânea, Apresentação:Sachê Ou Envelope"
30257,Fitoterápico,621301,"621301 - Fitoterápico, Nome Científico:Punica Granatum, Nome Popular:Romã, Forma Farmacêutica:Preparação Extemporânea, Apresentação:Sachê Ou Envelope"
30257,Fitoterápico,621300,"621300 - Fitoterápico, Nome Científico:Psidium Guajava, Nome Popular:Goiabeira, Forma Farmacêutica:Preparação Extemporânea, Apresentação:Sachê Ou Envelope"
30257,Fitoterápico,621299,"621299 - Fitoterápico, Nome Científico:Portulaca Pilosa, Nome Popular:Amor-Crescido, Forma Farmacêutica:Preparação Extemporânea, Apresentação:Sachê Ou Envelope"
30257,Fitoterápico,621298,"621298 - Fitoterápico, Nome Científico:Polygonum Hydropiperoides, Nome Popular:Erva-De-Bicho, Forma Farmacêutica:Preparação Extemporânea, Apresentação:Sachê Ou Envelope"
30257,Fitoterápico,621297,"621297 - Fitoterápico, Nome Científico:Polygonum Acre, Nome Popular:Bingueira, Forma Farmacêutica:Preparação Extemporânea, Apresentação:Sachê Ou Envelope"
30257,Fitoterápico,621296,"621296 - Fitoterápico, Nome Científico:Plectranthus Barbatus (Coleus Barbatus), Nome Popular:Boldo-Nacional Ou Malva-Santa, Forma Farmacêutica:Preparação Extemporânea, Apresentação:Sachê Ou Envelope"
30257,Fitoterápico,621295,"621295 - Fitoterápico, Nome Científico:Plectranthus Amboinicus, Nome Popular:Malvariço, Forma Farmacêutica:Preparação Extemporânea, Apresentação:Sachê Ou Envelope"
30257,Fitoterápico,621294,"621294 - Fitoterápico, Nome Científico:Plantago Ovata, Nome Popular:Psyllium, Forma Farmacêutica:Preparação Extemporânea, Apresentação:Sachê Ou Envelope"
30257,Fitoterápico,621293,"621293 - Fitoterápico, Nome Científico:Plantago Major, Nome Popular:Tanchagem, Forma Farmacêutica:Preparação Extemporânea, Apresentação:Sachê Ou Envelope"
30257,Fitoterápico,621292,"621292 - Fitoterápico, Nome Científico:Phyllanthus Urinaria, Nome Popular:Quebra-Pedra, Forma Farmacêutica:Preparação Extemporânea, Apresentação:Sachê Ou Envelope"
30257,Fitoterápico,621291,"621291 - Fitoterápico, Nome Científico:Phyllanthus Tenellus, Nome Popular:Quebra-Pedra, Forma Farmacêutica:Preparação Extemporânea, Apresentação:Sachê Ou Envelope"
30257,Fitoterápico,621290,"621290 - Fitoterápico, Nome Científico:Phyllanthus Niruri, Nome Popular:Quebra-Pedra, Forma Farmacêutica:Preparação Extemporânea, Apresentação:Sachê Ou Envelope"
30257,Fitoterápico,621289,"621289 - Fitoterápico, Nome Científico:Phyllanthus Amarus, Nome Popular:Quebra-Pedra, Forma Farmacêutica:Preparação Extemporânea, Apresentação:Sachê Ou Envelope"
30257,Fitoterápico,621288,"621288 - Fitoterápico, Nome Científico:Petroselinum Sativum, Nome Popular:Salva Ou Cheiro-Verde, Forma Farmacêutica:Preparação Extemporânea, Apresentação:Sachê Ou Envelope"
30257,Fitoterápico,621287,"621287 - Fitoterápico, Nome Científico:Persea Americana (Persea Gratissima), Nome Popular:Abacateiro, Forma Farmacêutica:Preparação Extemporânea, Apresentação:Sachê Ou Envelope"
30257,Fitoterápico,621286,"621286 - Fitoterápico, Nome Científico:Passiflora Incarnata, Nome Popular:Maracujá-Vermelho, Forma Farmacêutica:Preparação Extemporânea, Apresentação:Sachê Ou Envelope"
30257,Fitoterápico,621285,"621285 - Fitoterápico, Nome Científico:Passiflora Alata, Nome Popular:Maracujá-Doce, Forma Farmacêutica:Preparação Extemporânea, Apresentação:Sachê Ou Envelope"
30257,Fitoterápico,621284,"621284 - Fitoterápico, Nome Científico:Passiflora Edulis, Nome Popular:Maracujá-Azedo, Forma Farmacêutica:Preparação Extemporânea, Apresentação:Sachê Ou Envelope"
30257,Fitoterápico,621283,"621283 - Fitoterápico, Nome Científico:Orbignya Speciosa, Nome Popular:Bagaçu, Forma Farmacêutica:Preparação Extemporânea, Apresentação:Sachê Ou Envelope"
30257,Fitoterápico,621282,"621282 - Fitoterápico, Nome Científico:Ocimum Gratissimum, Nome Popular:Alfavacão, Forma Farmacêutica:Preparação Extemporânea, Apresentação:Sachê Ou Envelope"
30257,Fitoterápico,621281,"621281 - Fitoterápico, Nome Científico:Myracroduon Urundeuva, Nome Popular:Aroeira-Do-Sertão, Forma Farmacêutica:Preparação Extemporânea, Apresentação:Sachê Ou Envelope"
30257,Fitoterápico,621280,"621280 - Fitoterápico, Nome Científico:Morus Sp, Nome Popular:Amoreira, Forma Farmacêutica:Preparação Extemporânea, Apresentação:Sachê Ou Envelope"
30257,Fitoterápico,621279,"621279 - Fitoterápico, Nome Científico:Momordica Charantia, Nome Popular:Melão-De-São-Caetano, Forma Farmacêutica:Preparação Extemporânea, Apresentação:Sachê Ou Envelope"
30257,Fitoterápico,621278,"621278 - Fitoterápico, Nome Científico:Mikania Laevigata, Nome Popular:Guaco-Cheiroso, Forma Farmacêutica:Preparação Extemporânea, Apresentação:Sachê Ou Envelope"
30257,Fitoterápico,621277,"621277 - Fitoterápico, Nome Científico:Mikania Glomerata, Nome Popular:Guaco, Forma Farmacêutica:Preparação Extemporânea, Apresentação:Sachê Ou Envelope"
30257,Fitoterápico,621276,"621276 - Fitoterápico, Nome Científico:Mentha X Villosa, Nome Popular:Hortelã-Rasteira, Forma Farmacêutica:Preparação Extemporânea, Apresentação:Sachê Ou Envelope"
30257,Fitoterápico,621275,"621275 - Fitoterápico, Nome Científico:Mentha X Piperita, Nome Popular:Hortelã-Pimenta, Forma Farmacêutica:Preparação Extemporânea, Apresentação:Sachê Ou Envelope"
30257,Fitoterápico,621274,"621274 - Fitoterápico, Nome Científico:Mentha Crispa, Nome Popular:Hortelã-Crespa Ou Hortelã-Cacheada, Forma Farmacêutica:Preparação Extemporânea, Apresentação:Sachê Ou Envelope"
30257,Fitoterápico,621272,"621272 - Fitoterápico, Nome Científico:Mentha Pulegium, Nome Popular:Poejo, Forma Farmacêutica:Preparação Extemporânea, Apresentação:Sachê Ou Envelope"
30257,Fitoterápico,621270,"621270 - Fitoterápico, Nome Científico:Mentha Arvensis, Nome Popular:Hortelã-Japonesa, Forma Farmacêutica:Preparação Extemporânea, Apresentação:Sachê Ou Envelope"
30257,Fitoterápico,621269,"621269 - Fitoterápico, Nome Científico:Maytenus Aquifolium, Nome Popular:Espinheira-Santa, Forma Farmacêutica:Preparação Extemporânea, Apresentação:Sachê Ou Envelope"
30257,Fitoterápico,621268,"621268 - Fitoterápico, Nome Científico:Maytenus Ilicifolia (Montiverdia Ilicifolia), Nome Popular:Espinheira-Santa, Forma Farmacêutica:Preparação Extemporânea, Apresentação:Sachê Ou Envelope"
30257,Fitoterápico,621267,"621267 - Fitoterápico, Nome Científico:Malva Sylvestris, Nome Popular:Malva, Forma Farmacêutica:Preparação Extemporânea, Apresentação:Sachê Ou Envelope"
30257,Fitoterápico,621266,"621266 - Fitoterápico, Nome Científico:Lippia Sidoides, Nome Popular:Alecrim-Pimenta, Forma Farmacêutica:Preparação Extemporânea, Apresentação:Sachê Ou Envelope"
30257,Fitoterápico,621265,"621265 - Fitoterápico, Nome Científico:Lippia Alba, Nome Popular:Lípia Ou Cidreira, Forma Farmacêutica:Preparação Extemporânea, Apresentação:Sachê Ou Envelope"
30257,Fitoterápico,621264,"621264 - Fitoterápico, Nome Científico:Lamium Album, Nome Popular:Urtiga Branca, Forma Farmacêutica:Preparação Extemporânea, Apresentação:Sachê Ou Envelope"
30257,Fitoterápico,621263,"621263 - Fitoterápico, Nome Científico:Kalanchoe Pinnata (Bryophyllum Calycinum), Nome Popular:Folha-Da-Fortuna, Forma Farmacêutica:Preparação Extemporânea, Apresentação:Sachê Ou Envelope"
30257,Fitoterápico,621262,"621262 - Fitoterápico, Nome Científico:Justicia Pectoralis, Nome Popular:Chambá, Forma Farmacêutica:Preparação Extemporânea, Apresentação:Sachê Ou Envelope"
30257,Fitoterápico,621261,"621261 - Fitoterápico, Nome Científico:Jatropha Gossypiifolia, Nome Popular:Pinhão-Roxo, Forma Farmacêutica:Preparação Extemporânea, Apresentação:Sachê Ou Envelope"
30257,Fitoterápico,621260,"621260 - Fitoterápico, Nome Científico:Harpagophytum  Procumbens, Nome Popular:Garra-Do-Diabo, Forma Farmacêutica:Preparação Extemporânea, Apresentação:Sachê Ou Envelope"
30257,Fitoterápico,621259,"621259 - Fitoterápico, Nome Científico:Glycine Max, Nome Popular:Soja, Forma Farmacêutica:Preparação Extemporânea, Apresentação:Sachê Ou Envelope"
30257,Fitoterápico,621258,"621258 - Fitoterápico, Nome Científico:Foeniculum Vulgare, Nome Popular:Funcho, Forma Farmacêutica:Preparação Extemporânea, Apresentação:Sachê Ou Envelope"
30257,Fitoterápico,621257,"621257 - Fitoterápico, Nome Científico:Eugenia Uniflora (Myrtus Brasiliana), Nome Popular:Pitanguaira, Forma Farmacêutica:Preparação Extemporânea, Apresentação:Sachê Ou Envelope"
30257,Fitoterápico,621256,"621256 - Fitoterápico, Nome Científico:Eucalyptus Tereticornis, Nome Popular:Eucalipto-Medicinal, Forma Farmacêutica:Preparação Extemporânea, Apresentação:Sachê Ou Envelope"
30257,Fitoterápico,621255,"621255 - Fitoterápico, Nome Científico:Eucalyptus Globulus, Nome Popular:Eucalipto, Forma Farmacêutica:Preparação Extemporânea, Apresentação:Sachê Ou Envelope"
30257,Fitoterápico,621254,"621254 - Fitoterápico, Nome Científico:Erythrina Mulungu, Nome Popular:Mulungu, Forma Farmacêutica:Preparação Extemporânea, Apresentação:Sachê Ou Envelope"
30257,Fitoterápico,621253,"621253 - Fitoterápico, Nome Científico:Equisetum Arvense, Nome Popular:Cavalinha, Forma Farmacêutica:Preparação Extemporânea, Apresentação:Sachê Ou Envelope"
30257,Fitoterápico,621246,"621246 - Fitoterápico, Nome Científico:Eleutherine Plicata (Eleutherine Bulbosa), Nome Popular:Marupari, Forma Farmacêutica:Preparação Extemporânea, Apresentação:Sachê Ou Envelope"
30257,Fitoterápico,621245,"621245 - Fitoterápico, Nome Científico:Dalbergia Subcymosa, Nome Popular:Jacarandá-Da-Bahia, Forma Farmacêutica:Preparação Extemporânea, Apresentação:Sachê Ou Envelope"
30257,Fitoterápico,621244,"621244 - Fitoterápico, Nome Científico:Cynara Scolymus, Nome Popular:Alcachofra, Forma Farmacêutica:Preparação Extemporânea, Apresentação:Sachê Ou Envelope"
30257,Fitoterápico,621243,"621243 - Fitoterápico, Nome Científico:Cymbopogon Citratus, Nome Popular:Capim-Santo, Forma Farmacêutica:Preparação Extemporânea, Apresentação:Sachê Ou Envelope"
30257,Fitoterápico,621242,"621242 - Fitoterápico, Nome Científico:Curcuma Longa, Nome Popular:Açafrão, Forma Farmacêutica:Preparação Extemporânea, Apresentação:Sachê Ou Envelope"
30257,Fitoterápico,621241,"621241 - Fitoterápico, Nome Científico:Croton Zehntneri, Nome Popular:Canelinha, Forma Farmacêutica:Preparação Extemporânea, Apresentação:Sachê Ou Envelope"
30257,Fitoterápico,621240,"621240 - Fitoterápico, Nome Científico:Croton Cajucara, Nome Popular:Sacaca, Forma Farmacêutica:Preparação Extemporânea, Apresentação:Sachê Ou Envelope"
30257,Fitoterápico,621239,"621239 - Fitoterápico, Nome Científico:Costus Spicatus, Nome Popular:Cano-Do-Brejo, Forma Farmacêutica:Preparação Extemporânea, Apresentação:Sachê Ou Envelope"
30257,Fitoterápico,621238,"621238 - Fitoterápico, Nome Científico:Costus Scaber, Nome Popular:Espirradeira, Forma Farmacêutica:Preparação Extemporânea, Apresentação:Sachê Ou Envelope"
30257,Fitoterápico,621237,"621237 - Fitoterápico, Nome Científico:Cordia Verbenacea (C. Curassavica; V. Curassavica), Nome Popular:Erva Baleeira, Forma Farmacêutica:Preparação Extemporânea, Apresentação:Sachê Ou Envelope"
30257,Fitoterápico,621236,"621236 - Fitoterápico, Nome Científico:Copaifera Spp, Nome Popular:Copaíba, Forma Farmacêutica:Preparação Extemporânea, Apresentação:Sachê Ou Envelope"
30257,Fitoterápico,621235,"621235 - Fitoterápico, Nome Científico:Chenopodium Ambrosioide, Nome Popular:Mastruz, Forma Farmacêutica:Preparação Extemporânea, Apresentação:Sachê Ou Envelope"
30257,Fitoterápico,621234,"621234 - Fitoterápico, Nome Científico:Chamomilla Recutita (M. Chamomilla; M. Recutita), Nome Popular:Camomila, Forma Farmacêutica:Preparação Extemporânea, Apresentação:Sachê Ou Envelope"
30257,Fitoterápico,621233,"621233 - Fitoterápico, Nome Científico:Casearia Sylvestris, Nome Popular:Guaçatonga, Forma Farmacêutica:Preparação Extemporânea, Apresentação:Sachê Ou Envelope"
30257,Fitoterápico,621232,"621232 - Fitoterápico, Nome Científico:Carapa Guianensis, Nome Popular:Andiroba, Forma Farmacêutica:Preparação Extemporânea, Apresentação:Sachê Ou Envelope"
30257,Fitoterápico,621231,"621231 - Fitoterápico, Nome Científico:Calendula Officinalis, Nome Popular:Calêndula, Forma Farmacêutica:Preparação Extemporânea, Apresentação:Sachê Ou Envelope"
30257,Fitoterápico,621230,"621230 - Fitoterápico, Nome Científico:Bidens Pilosa, Nome Popular:Picão-Preto, Forma Farmacêutica:Preparação Extemporânea, Apresentação:Sachê Ou Envelope"
30257,Fitoterápico,621229,"621229 - Fitoterápico, Nome Científico:Bauhinia Ungulata, Nome Popular:Pata-De-Vaca, Forma Farmacêutica:Preparação Extemporânea, Apresentação:Sachê Ou Envelope"
30257,Fitoterápico,621228,"621228 - Fitoterápico, Nome Científico:Bauhinia Variegata, Nome Popular:Pata-De-Vaca, Forma Farmacêutica:Preparação Extemporânea, Apresentação:Sachê Ou Envelope"
30257,Fitoterápico,621227,"621227 - Fitoterápico, Nome Científico:Bauhinia Forficata, Nome Popular:Pata-De-Vaca, Forma Farmacêutica:Preparação Extemporânea, Apresentação:Sachê Ou Envelope"
30257,Fitoterápico,621226,"621226 - Fitoterápico, Nome Científico:Bauhinia Affinis, Nome Popular:Pata-De-Vaca, Forma Farmacêutica:Preparação Extemporânea, Apresentação:Sachê Ou Envelope"
30257,Fitoterápico,621225,"621225 - Fitoterápico, Nome Científico:Baccharis Trimera, Nome Popular:Carqueja, Forma Farmacêutica:Preparação Extemporânea, Apresentação:Sachê Ou Envelope"
30257,Fitoterápico,621224,"621224 - Fitoterápico, Nome Científico:Artemisia Absinthium, Nome Popular:Losna, Forma Farmacêutica:Preparação Extemporânea, Apresentação:Sachê Ou Envelope"
30257,Fitoterápico,621223,"621223 - Fitoterápico, Nome Científico:Arrabidaea Chica, Nome Popular:Crajirú, Forma Farmacêutica:Preparação Extemporânea, Apresentação:Sachê Ou Envelope"
30257,Fitoterápico,621222,"621222 - Fitoterápico, Nome Científico:Apuleia Ferrea (Caesalpinia Ferrea), Nome Popular:Jucá, Forma Farmacêutica:Preparação Extemporânea, Apresentação:Sachê Ou Envelope"
30257,Fitoterápico,621221,"621221 - Fitoterápico, Nome Científico:Ananas Comosus, Nome Popular:Abacaxi, Forma Farmacêutica:Preparação Extemporânea, Apresentação:Sachê Ou Envelope"
30257,Fitoterápico,621220,"621220 - Fitoterápico, Nome Científico:Anacardium Occidentale, Nome Popular:Cajuseiro, Forma Farmacêutica:Preparação Extemporânea, Apresentação:Sachê Ou Envelope"
30257,Fitoterápico,621219,"621219 - Fitoterápico, Nome Científico:Amburana Cearensis, Nome Popular:Cumaru, Forma Farmacêutica:Preparação Extemporânea, Apresentação:Sachê Ou Envelope"
30257,Fitoterápico,621218,"621218 - Fitoterápico, Nome Científico:Alpinia Zerumbet (Alpinia Speciosa), Nome Popular:Colônia, Forma Farmacêutica:Preparação Extemporânea, Apresentação:Sachê Ou Envelope"
30257,Fitoterápico,621217,"621217 - Fitoterápico, Nome Científico:Aloe Vera (Aloe Barbadensis), Nome Popular:Babosa, Forma Farmacêutica:Preparação Extemporânea, Apresentação:Sachê Ou Envelope"
30257,Fitoterápico,621216,"621216 - Fitoterápico, Nome Científico:Allium Sativum, Nome Popular:Alho, Forma Farmacêutica:Preparação Extemporânea, Apresentação:Sachê Ou Envelope"
30257,Fitoterápico,621215,"621215 - Fitoterápico, Nome Científico:Ageratum Conyzoides, Nome Popular:Mentrasto, Forma Farmacêutica:Preparação Extemporânea, Apresentação:Sachê Ou Envelope"
30257,Fitoterápico,621214,"621214 - Fitoterápico, Nome Científico:Acmella Uliginosa, Nome Popular:Agrião-Bravo, Forma Farmacêutica:Preparação Extemporânea, Apresentação:Sachê Ou Envelope"
30257,Fitoterápico,621213,"621213 - Fitoterápico, Nome Científico:Achillea Millefolium, Nome Popular:Mil-Em-Ramas, Forma Farmacêutica:Preparação Extemporânea, Apresentação:Sachê Ou Envelope"
30258,Betadinutuximabe,621499,"621499 - Betadinutuximabe, Concentração:4,5 MG/ML, Forma Farmacêutica:Solução P/ Diluição P/ Infusão"
30263,Eladocagene Exuparvovec,621812,"621812 - Eladocagene Exuparvovec, Concentração:560 Bilhões De Vg/Ml, Forma Farmacêutica:Solução Para Perfusão"
15870,Carbonato De Cálcio,626173,"626173 - Carbonato De Cálcio, Composição:Associado Às Vitaminas D, E, Concentração:2500 Mg + 3000 Ui + 400 UI, Forma Farmacêutica:Pó Oral, Característica Adicional:Formulação Especialmente Manipulada"
15870,Carbonato De Cálcio,622001,"622001 - Carbonato De Cálcio, Concentração:1 G, Forma Farmacêutica:Pó Oral, Característica Adicional:Formulação Especialmente Manipulada"
15870,Carbonato De Cálcio,606917,"606917 - Carbonato De Cálcio, Composição:Associado Com Vitamina D3, Concentração:500 Mg + 1.000 UI"
15870,Carbonato De Cálcio,465052,"465052 - Carbonato De Cálcio, Concentração:200 MG/ML, Forma Farmacêutica:Suspensão Oral, Característica Adicional:Formulação Especialmente Manipulada"
15870,Carbonato De Cálcio,465023,"465023 - Carbonato De Cálcio, Concentração:250 MG, Característica Adicional:Formulação Especialmente Manipulada"
15870,Carbonato De Cálcio,465022,"465022 - Carbonato De Cálcio, Concentração:100 MG, Característica Adicional:Formulação Especialmente Manipulada"
15870,Carbonato De Cálcio,464306,"464306 - Carbonato De Cálcio, Composição:Associado Com Vitamina D3, Concentração:400 Mg + 100 UI, Forma Farmacêutica:Tablete Mastigável"
15870,Carbonato De Cálcio,457876,"457876 - Carbonato De Cálcio, Composição:Associado Com Vitamina D3 + Vitamina K, Concentração:600mg De Cálcio + 5 Mcg + 55 MCG"
15870,Carbonato De Cálcio,450159,"450159 - Carbonato De Cálcio, Composição:Associado Com Vitamina D3, Concentração:500 Mg + 200 MG, Forma Farmacêutica:Comprimido Mastigável"
15870,Carbonato De Cálcio,448610,"448610 - Carbonato De Cálcio, Composição:Associado Com Vitamina D3, Concentração:500 Mg + 400 UI"
15870,Carbonato De Cálcio,448609,"448609 - Carbonato De Cálcio, Composição:Associado Com Vitamina D3, Concentração:500 Mg + 2 MG"
15870,Carbonato De Cálcio,448608,"448608 - Carbonato De Cálcio, Composição:Associado Com Vitamina D3, Concentração:600 Mg  + 400 UI, Forma Farmacêutica:Comprimido Mastigável"
15870,Carbonato De Cálcio,433021,"433021 - Carbonato De Cálcio, Concentração:100 Mg/Ml, Forma Farmacêutica:Solução Oral, Característica Adicional:Formulação Especialmente Manipulada"
15870,Carbonato De Cálcio,408205,"408205 - Carbonato De Cálcio, Composição:Associado Com Lactogliconato De Cálcio, Concentração:1g De Cálcio Ionizável, Forma Farmacêutica:Pó Oral"
15870,Carbonato De Cálcio,408204,"408204 - Carbonato De Cálcio, Composição:Associado Com Lactogliconato De Cálcio, Concentração:500mg De Cálcio Ionizável, Forma Farmacêutica:Pó Oral"
15870,Carbonato De Cálcio,406953,"406953 - Carbonato De Cálcio, Composição:Associado Com Vitamina D3, Concentração:50 Mg De Cálcio + 0,025 UI"
15870,Carbonato De Cálcio,399052,"399052 - Carbonato De Cálcio, Composição:Carbonato De Magnésio, Carbonato Básico Bismuto, Componentes Adicionais:Bicarbonato De Sódio, Concentração:521 Mg, 67 Mg + 3,30 Mg + 63,70 MG"
15870,Carbonato De Cálcio,396076,"396076 - Carbonato De Cálcio, Composição:Associado Com Vitamina D3, Concentração:600 Mg + 400 UI"
15870,Carbonato De Cálcio,395520,"395520 - Carbonato De Cálcio, Composição:Assoc. A Vit. D3, Ranitidina E Aspartato Magnésio, Concentração:500 Mg + 400 Ui + 150 Mg + 50 MG, Característica Adicional:Formulação Especialmente Manipulada"
15870,Carbonato De Cálcio,393325,"393325 - Carbonato De Cálcio, Concentração:1200 Mg De Cálcio Ionizável, Forma Farmacêutica:Na Forma Oral Sólida, Característica Adicional:Formulação Especialmente Manipulada"
15870,Carbonato De Cálcio,392138,"392138 - Carbonato De Cálcio, Composição:Associado Com Vitamina D3, Concentração:250 Mg + 400 UI, Característica Adicional:Formulação Especialmente Manipulada"
15870,Carbonato De Cálcio,391811,"391811 - Carbonato De Cálcio, Composição:Associado Com Vitamina D3, Concentração:125 Mg + 400 UI, Característica Adicional:Formulação Especialmente Manipulada"
15870,Carbonato De Cálcio,346224,"346224 - Carbonato De Cálcio, Composição:Associado Com Vitamina D3, Concentração:1 G + 400 Ui, Forma Farmacêutica:Na Forma Oral Sólida, Característica Adicional:Formulação Especialmente Manipulada"
15870,Carbonato De Cálcio,341978,"341978 - Carbonato De Cálcio, Concentração:500 Mg, Forma Farmacêutica:Na Forma Oral Sólida, Característica Adicional:Formulação Especialmente Manipulada"
15870,Carbonato De Cálcio,327766,"327766 - Carbonato De Cálcio, Composição:Associado Com Vitamina D3, Concentração:600 Mg + 200 Ui"
15870,Carbonato De Cálcio,270895,"270895 - Carbonato De Cálcio, Dosagem:500mg De Cálcio"
15870,Carbonato De Cálcio,270893,"270893 - Carbonato De Cálcio, Apresentação:Associado Com Vitamina D3, Dosagem:500mg De Cálcio + 200u"
15870,Carbonato De Cálcio,268225,"268225 - Carbonato De Cálcio, Dosagem:500 MG"
30266,Vamorolona,622052,"622052 - Vamorolona, Concentração:40 MG/ML, Forma Farmacêutica:Suspensão Oral"
30267,Osilodrostate,632119,"632119 - Osilodrostate, Concentração:10 MG"
30267,Osilodrostate,632118,"632118 - Osilodrostate, Concentração:5 MG"
30267,Osilodrostate,622053,"622053 - Osilodrostate, Concentração:1 MG"
30268,Cenobamato,622381,"622381 - Cenobamato, Concentração:12,5 Mg/25 MG, Forma Farmaceutica:Comprimido A + Comprimido B, Adicional:Em Blister Calendário"
30268,Cenobamato,622162,"622162 - Cenobamato, Concentração:50 MG"
30270,Talquetamabe,623007,"623007 - Talquetamabe, Concentração:2 MG/ML, Forma Farmacêutica:Solução Injetável"
30270,Talquetamabe,622488,"622488 - Talquetamabe, Concentração:40 MG/ML, Forma Farmacêutica:Solução Injetável"
30271,Pirtobrutinibe,623005,"623005 - Pirtobrutinibe, Concentração:100 MG"
30271,Pirtobrutinibe,623004,"623004 - Pirtobrutinibe, Concentração:50 MG"
30272,Elranatamabe,623006,"623006 - Elranatamabe, Concentração:40 MG/ML, Forma Farmacêutica:Solução Injetável"
30279,Latanoprosteno Bunode,623298,"623298 - Latanoprosteno Bunode, Concentração:0,24 MG/ML, Forma Farmacêutica:Solução Oftálmica"
30280,Maralixibato,623316,"623316 - Maralixibato, Concentração:9,5 MG/ML, Forma Farmacêutica:Solução Oral"
30281,Mecassermina,623317,"623317 - Mecassermina, Concentração:10 MG/ML, Forma Farmacêutica:Solução Injetável"
30282,Capivasertibe,623319,"623319 - Capivasertibe, Concentração:200 MG"
30282,Capivasertibe,623318,"623318 - Capivasertibe, Concentração:160 MG"
30286,Bimequizumabe,623795,"623795 - Bimequizumabe, Concentração:160 MG/ML, Forma Farmacêutica:Solução Injetável, Adicional:Seringa Preenchida C/ Caneta Aplicadora"
30288,Delandistrogeno Moxeparvoveque,624170,"624170 - Delandistrogeno Moxeparvoveque, Concentração:1,3 X 10^13 Gv/Ml, Forma Farmacêutica:Solução Para Infusão"
30289,Omaveloxolona,624248,"624248 - Omaveloxolona, Concentração:50 MG"
30290,Givinostat,624249,"624249 - Givinostat, Concentração:8,86 MG/ML, Forma Farmacêutica:Suspensão Oral"
30291,Dihidrotestosterona,624298,"624298 - Dihidrotestosterona, Concentração:25 MG/G, Forma Farmacêutica:Gel"
30295,Vipivotida Tetraxetana,624644,"624644 - Vipivotida Tetraxetana, Composição:177 Lu, Concentração:1000 MBQ/ML, Forma Farmacêutica:Solução Injetável"
30297,Tofersen,625087,"625087 - Tofersen, Concentração:6,7 MG/ML, Forma Farmacêutica:Solução Injetável"
30299,Nirsevimabe,625209,"625209 - Nirsevimabe, Concentração:100 MG/ML, Forma Farmacêutica:Solução Injetável, Adicional:Seringa Preenchida"
30307,Bazedoxifeno,625536,"625536 - Bazedoxifeno, Composição:Associado A Estrogênios Conjugados, Concentração:20 Mg + 0,45 MG, Adicional:Liberação Prolongada"
30308,Busserrelina,625537,"625537 - Busserrelina, Composição:Acetato, Concentração:3,3 MG, Forma Farmacêutica:Implante Subdérmico"
30309,Rezafungina,625540,"625540 - Rezafungina, Concentração:200 MG, Forma Farmacêutica:Pó Liófilo P/ Injetável"
30310,Ulipristal,625543,"625543 - Ulipristal, Concentração:30 MG"
30315,Serina.,626176,"626176 - Serina., Composição:L-Serina, Concentração:5 G, Forma Farmacêutica:Pó Oral, Adicional:Formulação Especialmente Manipulada"
30324,Canabinol,626849,"626849 - Canabinol, Concentração:50 MG/ML, Forma Farmacêutica:Solução Oral - Gotas, Adicional:Isento De Thc"
