endpoint,numeroItem
https://pncp.gov.br/api/pncp/v1/orgaos/76417005000186/compras/2024/447/itens,1
https://pncp.gov.br/api/pncp/v1/orgaos/14814139000183/compras/2024/207/itens,3
https://pncp.gov.br/api/pncp/v1/orgaos/76417005001743/compras/2024/88/itens,1
https://pncp.gov.br/api/pncp/v1/orgaos/76417005001743/compras/2024/88/itens,2
https://pncp.gov.br/api/pncp/v1/orgaos/76417005001743/compras/2024/88/itens,3
https://pncp.gov.br/api/pncp/v1/orgaos/76417005001743/compras/2024/88/itens,4
https://pncp.gov.br/api/pncp/v1/orgaos/76417005001743/compras/2024/88/itens,5
https://pncp.gov.br/api/pncp/v1/orgaos/76417005000186/compras/2024/306/itens,1
https://pncp.gov.br/api/pncp/v1/orgaos/76417005000186/compras/2024/306/itens,2
https://pncp.gov.br/api/pncp/v1/orgaos/76417005000186/compras/2024/306/itens,3
https://pncp.gov.br/api/pncp/v1/orgaos/76417005000186/compras/2024/306/itens,4
https://pncp.gov.br/api/pncp/v1/orgaos/76417005000186/compras/2024/306/itens,5
https://pncp.gov.br/api/pncp/v1/orgaos/76417005000186/compras/2024/306/itens,6
https://pncp.gov.br/api/pncp/v1/orgaos/76417005000186/compras/2024/306/itens,7
https://pncp.gov.br/api/pncp/v1/orgaos/76417005000186/compras/2024/306/itens,8
https://pncp.gov.br/api/pncp/v1/orgaos/76417005000186/compras/2024/306/itens,9
https://pncp.gov.br/api/pncp/v1/orgaos/76417005000186/compras/2024/306/itens,10
https://pncp.gov.br/api/pncp/v1/orgaos/76417005000186/compras/2024/321/itens,1
https://pncp.gov.br/api/pncp/v1/orgaos/76417005000186/compras/2024/321/itens,2
https://pncp.gov.br/api/pncp/v1/orgaos/76417005000186/compras/2024/321/itens,3
https://pncp.gov.br/api/pncp/v1/orgaos/76417005000186/compras/2024/321/itens,4
https://pncp.gov.br/api/pncp/v1/orgaos/76417005000186/compras/2024/321/itens,5
https://pncp.gov.br/api/pncp/v1/orgaos/76417005000186/compras/2024/321/itens,6
https://pncp.gov.br/api/pncp/v1/orgaos/76417005000186/compras/2024/321/itens,7
https://pncp.gov.br/api/pncp/v1/orgaos/76417005000186/compras/2024/321/itens,8
https://pncp.gov.br/api/pncp/v1/orgaos/76417005000186/compras/2024/321/itens,9
https://pncp.gov.br/api/pncp/v1/orgaos/76417005000186/compras/2024/321/itens,10
https://pncp.gov.br/api/pncp/v1/orgaos/76417005000186/compras/2024/329/itens,1
https://pncp.gov.br/api/pncp/v1/orgaos/76417005000186/compras/2024/404/itens,1
https://pncp.gov.br/api/pncp/v1/orgaos/76417005000186/compras/2024/404/itens,2
https://pncp.gov.br/api/pncp/v1/orgaos/76417005000186/compras/2024/404/itens,3
https://pncp.gov.br/api/pncp/v1/orgaos/76417005000186/compras/2024/404/itens,4
https://pncp.gov.br/api/pncp/v1/orgaos/76417005000186/compras/2024/404/itens,5
https://pncp.gov.br/api/pncp/v1/orgaos/76417005000186/compras/2024/404/itens,6
https://pncp.gov.br/api/pncp/v1/orgaos/76417005000186/compras/2024/404/itens,7
https://pncp.gov.br/api/pncp/v1/orgaos/76417005000186/compras/2024/404/itens,8
https://pncp.gov.br/api/pncp/v1/orgaos/76417005000186/compras/2024/404/itens,9
https://pncp.gov.br/api/pncp/v1/orgaos/76417005000186/compras/2024/404/itens,10
https://pncp.gov.br/api/pncp/v1/orgaos/76568930000108/compras/2024/35/itens,1
https://pncp.gov.br/api/pncp/v1/orgaos/76568930000108/compras/2024/35/itens,2
https://pncp.gov.br/api/pncp/v1/orgaos/76568930000108/compras/2024/35/itens,3
https://pncp.gov.br/api/pncp/v1/orgaos/76568930000108/compras/2024/35/itens,4
https://pncp.gov.br/api/pncp/v1/orgaos/76568930000108/compras/2024/35/itens,5
https://pncp.gov.br/api/pncp/v1/orgaos/76568930000108/compras/2024/35/itens,6
https://pncp.gov.br/api/pncp/v1/orgaos/76568930000108/compras/2024/35/itens,7
https://pncp.gov.br/api/pncp/v1/orgaos/76568930000108/compras/2024/35/itens,8
https://pncp.gov.br/api/pncp/v1/orgaos/76568930000108/compras/2024/35/itens,9
https://pncp.gov.br/api/pncp/v1/orgaos/76568930000108/compras/2024/35/itens,10
https://pncp.gov.br/api/pncp/v1/orgaos/76417005000186/compras/2024/200/itens,1
https://pncp.gov.br/api/pncp/v1/orgaos/76417005000186/compras/2024/200/itens,2
https://pncp.gov.br/api/pncp/v1/orgaos/76417005000186/compras/2024/200/itens,3
https://pncp.gov.br/api/pncp/v1/orgaos/76417005001743/compras/2024/165/itens,1
https://pncp.gov.br/api/pncp/v1/orgaos/76417005001743/compras/2024/165/itens,2
https://pncp.gov.br/api/pncp/v1/orgaos/76417005001743/compras/2024/175/itens,1
https://pncp.gov.br/api/pncp/v1/orgaos/76417005001743/compras/2024/175/itens,2
https://pncp.gov.br/api/pncp/v1/orgaos/76417005000186/compras/2024/444/itens,1
https://pncp.gov.br/api/pncp/v1/orgaos/76417005000186/compras/2024/355/itens,1
https://pncp.gov.br/api/pncp/v1/orgaos/76417005000186/compras/2024/355/itens,2
https://pncp.gov.br/api/pncp/v1/orgaos/76417005000186/compras/2024/355/itens,3
https://pncp.gov.br/api/pncp/v1/orgaos/76417005000186/compras/2024/355/itens,4
https://pncp.gov.br/api/pncp/v1/orgaos/76417005000186/compras/2024/355/itens,5
https://pncp.gov.br/api/pncp/v1/orgaos/76417005000186/compras/2024/355/itens,6
https://pncp.gov.br/api/pncp/v1/orgaos/76417005000186/compras/2024/355/itens,7
https://pncp.gov.br/api/pncp/v1/orgaos/76417005000186/compras/2024/355/itens,8
https://pncp.gov.br/api/pncp/v1/orgaos/76417005000186/compras/2024/355/itens,9
https://pncp.gov.br/api/pncp/v1/orgaos/76417005000186/compras/2024/355/itens,10
https://pncp.gov.br/api/pncp/v1/orgaos/14814139000183/compras/2024/211/itens,1
https://pncp.gov.br/api/pncp/v1/orgaos/14814139000183/compras/2024/211/itens,2
https://pncp.gov.br/api/pncp/v1/orgaos/14814139000183/compras/2024/211/itens,3
https://pncp.gov.br/api/pncp/v1/orgaos/14814139000183/compras/2024/211/itens,4
https://pncp.gov.br/api/pncp/v1/orgaos/14814139000183/compras/2024/215/itens,1
https://pncp.gov.br/api/pncp/v1/orgaos/14814139000183/compras/2024/215/itens,2
https://pncp.gov.br/api/pncp/v1/orgaos/14814139000183/compras/2024/215/itens,3
https://pncp.gov.br/api/pncp/v1/orgaos/14814139000183/compras/2024/215/itens,4
https://pncp.gov.br/api/pncp/v1/orgaos/14814139000183/compras/2024/215/itens,5
https://pncp.gov.br/api/pncp/v1/orgaos/14814139000183/compras/2024/215/itens,6
https://pncp.gov.br/api/pncp/v1/orgaos/14814139000183/compras/2024/212/itens,1
https://pncp.gov.br/api/pncp/v1/orgaos/14814139000183/compras/2024/212/itens,2
https://pncp.gov.br/api/pncp/v1/orgaos/14814139000183/compras/2024/188/itens,1
https://pncp.gov.br/api/pncp/v1/orgaos/03518900000113/compras/2024/26/itens,1
https://pncp.gov.br/api/pncp/v1/orgaos/03518900000113/compras/2024/26/itens,2
https://pncp.gov.br/api/pncp/v1/orgaos/03518900000113/compras/2024/18/itens,10
https://pncp.gov.br/api/pncp/v1/orgaos/76417005001743/compras/2024/154/itens,1
https://pncp.gov.br/api/pncp/v1/orgaos/76417005001743/compras/2024/154/itens,2
https://pncp.gov.br/api/pncp/v1/orgaos/76417005001743/compras/2024/154/itens,3
https://pncp.gov.br/api/pncp/v1/orgaos/76417005001743/compras/2024/154/itens,4
https://pncp.gov.br/api/pncp/v1/orgaos/76417005001743/compras/2024/154/itens,5
https://pncp.gov.br/api/pncp/v1/orgaos/76417005001743/compras/2024/154/itens,6
https://pncp.gov.br/api/pncp/v1/orgaos/76417005001743/compras/2024/155/itens,1
https://pncp.gov.br/api/pncp/v1/orgaos/76417005001743/compras/2024/155/itens,2
https://pncp.gov.br/api/pncp/v1/orgaos/76417005001743/compras/2024/155/itens,3
https://pncp.gov.br/api/pncp/v1/orgaos/76417005001743/compras/2024/155/itens,4
https://pncp.gov.br/api/pncp/v1/orgaos/76417005000186/compras/2024/317/itens,1
https://pncp.gov.br/api/pncp/v1/orgaos/76417005000186/compras/2024/317/itens,2
https://pncp.gov.br/api/pncp/v1/orgaos/76417005000186/compras/2024/317/itens,3
https://pncp.gov.br/api/pncp/v1/orgaos/76417005000186/compras/2024/317/itens,4
https://pncp.gov.br/api/pncp/v1/orgaos/76417005000186/compras/2024/317/itens,5
https://pncp.gov.br/api/pncp/v1/orgaos/76417005000186/compras/2024/317/itens,6
https://pncp.gov.br/api/pncp/v1/orgaos/76417005000186/compras/2024/317/itens,7
https://pncp.gov.br/api/pncp/v1/orgaos/76417005000186/compras/2024/317/itens,8
https://pncp.gov.br/api/pncp/v1/orgaos/76417005000186/compras/2024/317/itens,9
https://pncp.gov.br/api/pncp/v1/orgaos/76417005000186/compras/2024/317/itens,10
https://pncp.gov.br/api/pncp/v1/orgaos/76417005000186/compras/2024/403/itens,1
https://pncp.gov.br/api/pncp/v1/orgaos/76417005000186/compras/2024/403/itens,2
https://pncp.gov.br/api/pncp/v1/orgaos/76417005000186/compras/2024/403/itens,3
https://pncp.gov.br/api/pncp/v1/orgaos/76417005000186/compras/2024/403/itens,4
https://pncp.gov.br/api/pncp/v1/orgaos/76417005000186/compras/2024/403/itens,5
https://pncp.gov.br/api/pncp/v1/orgaos/76417005000186/compras/2024/403/itens,6
https://pncp.gov.br/api/pncp/v1/orgaos/76417005000186/compras/2024/403/itens,7
https://pncp.gov.br/api/pncp/v1/orgaos/76417005000186/compras/2024/403/itens,8
https://pncp.gov.br/api/pncp/v1/orgaos/76417005000186/compras/2024/403/itens,9
https://pncp.gov.br/api/pncp/v1/orgaos/76417005000186/compras/2024/403/itens,10
https://pncp.gov.br/api/pncp/v1/orgaos/76417005001743/compras/2024/180/itens,1
https://pncp.gov.br/api/pncp/v1/orgaos/76417005000186/compras/2024/356/itens,1
https://pncp.gov.br/api/pncp/v1/orgaos/76417005000186/compras/2024/356/itens,2
https://pncp.gov.br/api/pncp/v1/orgaos/76417005000186/compras/2024/356/itens,3
https://pncp.gov.br/api/pncp/v1/orgaos/76417005000186/compras/2024/356/itens,4
https://pncp.gov.br/api/pncp/v1/orgaos/76417005000186/compras/2024/356/itens,5
https://pncp.gov.br/api/pncp/v1/orgaos/76417005000186/compras/2024/356/itens,6
https://pncp.gov.br/api/pncp/v1/orgaos/76417005000186/compras/2024/356/itens,7
https://pncp.gov.br/api/pncp/v1/orgaos/76417005000186/compras/2024/356/itens,8
https://pncp.gov.br/api/pncp/v1/orgaos/76417005000186/compras/2024/356/itens,9
https://pncp.gov.br/api/pncp/v1/orgaos/76417005000186/compras/2024/356/itens,10
https://pncp.gov.br/api/pncp/v1/orgaos/03518900000113/compras/2024/25/itens,1
https://pncp.gov.br/api/pncp/v1/orgaos/03518900000113/compras/2024/25/itens,2
https://pncp.gov.br/api/pncp/v1/orgaos/03518900000113/compras/2024/25/itens,3
https://pncp.gov.br/api/pncp/v1/orgaos/03518900000113/compras/2024/25/itens,4
https://pncp.gov.br/api/pncp/v1/orgaos/03518900000113/compras/2024/25/itens,5
https://pncp.gov.br/api/pncp/v1/orgaos/03518900000113/compras/2024/25/itens,6
https://pncp.gov.br/api/pncp/v1/orgaos/03518900000113/compras/2024/25/itens,7
https://pncp.gov.br/api/pncp/v1/orgaos/03518900000113/compras/2024/25/itens,8
https://pncp.gov.br/api/pncp/v1/orgaos/03518900000113/compras/2024/25/itens,9
https://pncp.gov.br/api/pncp/v1/orgaos/03518900000113/compras/2024/25/itens,10
https://pncp.gov.br/api/pncp/v1/orgaos/76417005000186/compras/2024/214/itens,1
https://pncp.gov.br/api/pncp/v1/orgaos/76417005000186/compras/2024/214/itens,2
https://pncp.gov.br/api/pncp/v1/orgaos/76417005000186/compras/2024/214/itens,3
https://pncp.gov.br/api/pncp/v1/orgaos/76417005000186/compras/2024/214/itens,4
https://pncp.gov.br/api/pncp/v1/orgaos/76417005000186/compras/2024/214/itens,5
https://pncp.gov.br/api/pncp/v1/orgaos/76417005000186/compras/2024/214/itens,6
https://pncp.gov.br/api/pncp/v1/orgaos/77636520000110/compras/2025/2/itens,1
https://pncp.gov.br/api/pncp/v1/orgaos/76417005000186/compras/2024/309/itens,1
https://pncp.gov.br/api/pncp/v1/orgaos/76417005000186/compras/2024/309/itens,2
https://pncp.gov.br/api/pncp/v1/orgaos/76417005001743/compras/2024/188/itens,1
https://pncp.gov.br/api/pncp/v1/orgaos/76417005001743/compras/2024/188/itens,2
https://pncp.gov.br/api/pncp/v1/orgaos/76417005001743/compras/2024/188/itens,3
https://pncp.gov.br/api/pncp/v1/orgaos/03518900000113/compras/2024/20/itens,1
https://pncp.gov.br/api/pncp/v1/orgaos/03518900000113/compras/2024/20/itens,2
https://pncp.gov.br/api/pncp/v1/orgaos/03518900000113/compras/2024/20/itens,3
https://pncp.gov.br/api/pncp/v1/orgaos/03518900000113/compras/2024/20/itens,4
https://pncp.gov.br/api/pncp/v1/orgaos/03518900000113/compras/2024/20/itens,5
https://pncp.gov.br/api/pncp/v1/orgaos/03518900000113/compras/2024/20/itens,6
https://pncp.gov.br/api/pncp/v1/orgaos/03518900000113/compras/2024/20/itens,7
https://pncp.gov.br/api/pncp/v1/orgaos/03518900000113/compras/2024/20/itens,8
https://pncp.gov.br/api/pncp/v1/orgaos/03518900000113/compras/2024/20/itens,9
https://pncp.gov.br/api/pncp/v1/orgaos/03518900000113/compras/2024/20/itens,10
https://pncp.gov.br/api/pncp/v1/orgaos/76417005001743/compras/2024/166/itens,1
https://pncp.gov.br/api/pncp/v1/orgaos/76417005001743/compras/2024/166/itens,2
https://pncp.gov.br/api/pncp/v1/orgaos/76417005001743/compras/2024/166/itens,3
https://pncp.gov.br/api/pncp/v1/orgaos/76417005001743/compras/2024/166/itens,4
https://pncp.gov.br/api/pncp/v1/orgaos/76417005001743/compras/2024/185/itens,1
https://pncp.gov.br/api/pncp/v1/orgaos/14814139000183/compras/2024/202/itens,1
https://pncp.gov.br/api/pncp/v1/orgaos/14814139000183/compras/2024/202/itens,2
https://pncp.gov.br/api/pncp/v1/orgaos/14814139000183/compras/2024/202/itens,4
https://pncp.gov.br/api/pncp/v1/orgaos/14814139000183/compras/2024/202/itens,5
https://pncp.gov.br/api/pncp/v1/orgaos/14814139000183/compras/2024/202/itens,6
https://pncp.gov.br/api/pncp/v1/orgaos/14814139000183/compras/2024/202/itens,8
https://pncp.gov.br/api/pncp/v1/orgaos/14814139000183/compras/2024/202/itens,9
https://pncp.gov.br/api/pncp/v1/orgaos/14814139000183/compras/2024/202/itens,10
https://pncp.gov.br/api/pncp/v1/orgaos/14814139000183/compras/2024/209/itens,1
https://pncp.gov.br/api/pncp/v1/orgaos/14814139000183/compras/2024/209/itens,2
https://pncp.gov.br/api/pncp/v1/orgaos/14814139000183/compras/2024/209/itens,3
https://pncp.gov.br/api/pncp/v1/orgaos/14814139000183/compras/2024/209/itens,4
https://pncp.gov.br/api/pncp/v1/orgaos/76417005000186/compras/2024/369/itens,1
https://pncp.gov.br/api/pncp/v1/orgaos/76417005000186/compras/2024/369/itens,2
https://pncp.gov.br/api/pncp/v1/orgaos/76417005000186/compras/2024/369/itens,3
https://pncp.gov.br/api/pncp/v1/orgaos/76417005000186/compras/2024/369/itens,4
https://pncp.gov.br/api/pncp/v1/orgaos/76417005000186/compras/2024/369/itens,5
https://pncp.gov.br/api/pncp/v1/orgaos/76417005000186/compras/2024/369/itens,6
https://pncp.gov.br/api/pncp/v1/orgaos/76417005000186/compras/2024/369/itens,7
https://pncp.gov.br/api/pncp/v1/orgaos/76417005000186/compras/2024/369/itens,8
https://pncp.gov.br/api/pncp/v1/orgaos/76417005000186/compras/2024/369/itens,9
https://pncp.gov.br/api/pncp/v1/orgaos/76417005000186/compras/2024/369/itens,10
https://pncp.gov.br/api/pncp/v1/orgaos/76568930000108/compras/2024/43/itens,1
https://pncp.gov.br/api/pncp/v1/orgaos/76568930000108/compras/2024/43/itens,2
https://pncp.gov.br/api/pncp/v1/orgaos/13792329000184/compras/2024/304/itens,1
https://pncp.gov.br/api/pncp/v1/orgaos/13792329000184/compras/2024/305/itens,1
https://pncp.gov.br/api/pncp/v1/orgaos/13792329000184/compras/2024/306/itens,1
https://pncp.gov.br/api/pncp/v1/orgaos/13792329000184/compras/2024/307/itens,1
https://pncp.gov.br/api/pncp/v1/orgaos/13792329000184/compras/2024/308/itens,1
https://pncp.gov.br/api/pncp/v1/orgaos/13792329000184/compras/2024/308/itens,2
https://pncp.gov.br/api/pncp/v1/orgaos/13792329000184/compras/2024/309/itens,1
https://pncp.gov.br/api/pncp/v1/orgaos/13792329000184/compras/2024/310/itens,1
https://pncp.gov.br/api/pncp/v1/orgaos/75123125000108/compras/2024/63/itens,1
https://pncp.gov.br/api/pncp/v1/orgaos/75123125000108/compras/2024/63/itens,2
https://pncp.gov.br/api/pncp/v1/orgaos/75123125000108/compras/2024/63/itens,3
https://pncp.gov.br/api/pncp/v1/orgaos/14814139000183/compras/2025/3/itens,1
https://pncp.gov.br/api/pncp/v1/orgaos/13792329000184/compras/2024/311/itens,1
https://pncp.gov.br/api/pncp/v1/orgaos/13792329000184/compras/2024/312/itens,1
https://pncp.gov.br/api/pncp/v1/orgaos/13792329000184/compras/2024/312/itens,2
https://pncp.gov.br/api/pncp/v1/orgaos/13792329000184/compras/2024/312/itens,3
https://pncp.gov.br/api/pncp/v1/orgaos/13792329000184/compras/2024/313/itens,1
https://pncp.gov.br/api/pncp/v1/orgaos/13792329000184/compras/2024/313/itens,2
https://pncp.gov.br/api/pncp/v1/orgaos/13792329000184/compras/2024/313/itens,3
https://pncp.gov.br/api/pncp/v1/orgaos/75123125000108/compras/2024/50/itens,1
https://pncp.gov.br/api/pncp/v1/orgaos/75123125000108/compras/2024/51/itens,1
https://pncp.gov.br/api/pncp/v1/orgaos/75123125000108/compras/2024/51/itens,2
https://pncp.gov.br/api/pncp/v1/orgaos/75123125000108/compras/2024/51/itens,3
https://pncp.gov.br/api/pncp/v1/orgaos/75123125000108/compras/2024/51/itens,4
https://pncp.gov.br/api/pncp/v1/orgaos/75123125000108/compras/2024/51/itens,5
https://pncp.gov.br/api/pncp/v1/orgaos/75123125000108/compras/2024/51/itens,6
https://pncp.gov.br/api/pncp/v1/orgaos/75123125000108/compras/2024/51/itens,7
https://pncp.gov.br/api/pncp/v1/orgaos/75123125000108/compras/2024/51/itens,8
https://pncp.gov.br/api/pncp/v1/orgaos/75123125000108/compras/2024/51/itens,9
https://pncp.gov.br/api/pncp/v1/orgaos/75123125000108/compras/2024/51/itens,10
https://pncp.gov.br/api/pncp/v1/orgaos/75123125000108/compras/2024/52/itens,1
https://pncp.gov.br/api/pncp/v1/orgaos/75123125000108/compras/2024/53/itens,1
https://pncp.gov.br/api/pncp/v1/orgaos/75123125000108/compras/2024/54/itens,1
https://pncp.gov.br/api/pncp/v1/orgaos/75123125000108/compras/2024/55/itens,1
https://pncp.gov.br/api/pncp/v1/orgaos/75123125000108/compras/2024/56/itens,1
https://pncp.gov.br/api/pncp/v1/orgaos/75123125000108/compras/2024/57/itens,1
https://pncp.gov.br/api/pncp/v1/orgaos/75123125000108/compras/2024/58/itens,1
https://pncp.gov.br/api/pncp/v1/orgaos/75123125000108/compras/2024/59/itens,1
https://pncp.gov.br/api/pncp/v1/orgaos/75123125000108/compras/2024/60/itens,1
https://pncp.gov.br/api/pncp/v1/orgaos/75123125000108/compras/2024/61/itens,1
https://pncp.gov.br/api/pncp/v1/orgaos/75123125000108/compras/2024/62/itens,1
https://pncp.gov.br/api/pncp/v1/orgaos/75123125000108/compras/2024/64/itens,1
https://pncp.gov.br/api/pncp/v1/orgaos/75123125000108/compras/2024/65/itens,1
https://pncp.gov.br/api/pncp/v1/orgaos/75123125000108/compras/2024/66/itens,1
https://pncp.gov.br/api/pncp/v1/orgaos/75123125000108/compras/2024/67/itens,1
https://pncp.gov.br/api/pncp/v1/orgaos/75123125000108/compras/2024/68/itens,1
https://pncp.gov.br/api/pncp/v1/orgaos/75123125000108/compras/2024/69/itens,1
https://pncp.gov.br/api/pncp/v1/orgaos/75123125000108/compras/2024/70/itens,1
https://pncp.gov.br/api/pncp/v1/orgaos/75123125000108/compras/2024/71/itens,1
https://pncp.gov.br/api/pncp/v1/orgaos/75123125000108/compras/2024/71/itens,2
https://pncp.gov.br/api/pncp/v1/orgaos/75123125000108/compras/2024/72/itens,1
https://pncp.gov.br/api/pncp/v1/orgaos/75123125000108/compras/2024/72/itens,2
https://pncp.gov.br/api/pncp/v1/orgaos/75123125000108/compras/2024/73/itens,1
https://pncp.gov.br/api/pncp/v1/orgaos/75123125000108/compras/2024/73/itens,2
https://pncp.gov.br/api/pncp/v1/orgaos/75123125000108/compras/2024/74/itens,1
https://pncp.gov.br/api/pncp/v1/orgaos/75123125000108/compras/2024/74/itens,2
https://pncp.gov.br/api/pncp/v1/orgaos/75123125000108/compras/2024/74/itens,3
https://pncp.gov.br/api/pncp/v1/orgaos/75123125000108/compras/2024/75/itens,1
https://pncp.gov.br/api/pncp/v1/orgaos/75123125000108/compras/2024/76/itens,1
https://pncp.gov.br/api/pncp/v1/orgaos/75123125000108/compras/2024/77/itens,1
https://pncp.gov.br/api/pncp/v1/orgaos/75123125000108/compras/2024/78/itens,1
https://pncp.gov.br/api/pncp/v1/orgaos/75123125000108/compras/2024/79/itens,1
https://pncp.gov.br/api/pncp/v1/orgaos/75123125000108/compras/2024/80/itens,1
https://pncp.gov.br/api/pncp/v1/orgaos/75123125000108/compras/2024/80/itens,2
https://pncp.gov.br/api/pncp/v1/orgaos/75123125000108/compras/2024/80/itens,3
https://pncp.gov.br/api/pncp/v1/orgaos/75123125000108/compras/2024/80/itens,4
https://pncp.gov.br/api/pncp/v1/orgaos/75123125000108/compras/2024/80/itens,5
https://pncp.gov.br/api/pncp/v1/orgaos/75123125000108/compras/2024/81/itens,1
https://pncp.gov.br/api/pncp/v1/orgaos/75123125000108/compras/2024/82/itens,1
https://pncp.gov.br/api/pncp/v1/orgaos/75123125000108/compras/2024/83/itens,1
https://pncp.gov.br/api/pncp/v1/orgaos/75123125000108/compras/2024/84/itens,1
https://pncp.gov.br/api/pncp/v1/orgaos/75123125000108/compras/2024/85/itens,1
https://pncp.gov.br/api/pncp/v1/orgaos/75123125000108/compras/2024/86/itens,1
https://pncp.gov.br/api/pncp/v1/orgaos/75123125000108/compras/2024/87/itens,1
https://pncp.gov.br/api/pncp/v1/orgaos/75123125000108/compras/2024/87/itens,2
https://pncp.gov.br/api/pncp/v1/orgaos/75123125000108/compras/2024/87/itens,3
https://pncp.gov.br/api/pncp/v1/orgaos/75123125000108/compras/2024/87/itens,4
https://pncp.gov.br/api/pncp/v1/orgaos/75123125000108/compras/2024/88/itens,1
https://pncp.gov.br/api/pncp/v1/orgaos/75123125000108/compras/2024/89/itens,1
https://pncp.gov.br/api/pncp/v1/orgaos/75123125000108/compras/2024/89/itens,2
https://pncp.gov.br/api/pncp/v1/orgaos/75123125000108/compras/2024/90/itens,1
https://pncp.gov.br/api/pncp/v1/orgaos/75123125000108/compras/2024/91/itens,1
https://pncp.gov.br/api/pncp/v1/orgaos/75123125000108/compras/2024/92/itens,1
https://pncp.gov.br/api/pncp/v1/orgaos/75123125000108/compras/2024/93/itens,1
https://pncp.gov.br/api/pncp/v1/orgaos/75123125000108/compras/2024/94/itens,1
https://pncp.gov.br/api/pncp/v1/orgaos/75123125000108/compras/2024/95/itens,1
https://pncp.gov.br/api/pncp/v1/orgaos/75123125000108/compras/2024/96/itens,1
https://pncp.gov.br/api/pncp/v1/orgaos/75123125000108/compras/2024/96/itens,2
https://pncp.gov.br/api/pncp/v1/orgaos/75123125000108/compras/2024/97/itens,1
https://pncp.gov.br/api/pncp/v1/orgaos/75123125000108/compras/2024/97/itens,2
https://pncp.gov.br/api/pncp/v1/orgaos/75123125000108/compras/2024/97/itens,3
https://pncp.gov.br/api/pncp/v1/orgaos/75123125000108/compras/2024/98/itens,1
https://pncp.gov.br/api/pncp/v1/orgaos/75123125000108/compras/2024/98/itens,2
https://pncp.gov.br/api/pncp/v1/orgaos/75123125000108/compras/2024/98/itens,3
https://pncp.gov.br/api/pncp/v1/orgaos/75123125000108/compras/2024/98/itens,4
https://pncp.gov.br/api/pncp/v1/orgaos/75123125000108/compras/2024/98/itens,5
https://pncp.gov.br/api/pncp/v1/orgaos/75123125000108/compras/2024/98/itens,6
https://pncp.gov.br/api/pncp/v1/orgaos/75123125000108/compras/2024/98/itens,7
https://pncp.gov.br/api/pncp/v1/orgaos/75123125000108/compras/2024/98/itens,8
https://pncp.gov.br/api/pncp/v1/orgaos/75123125000108/compras/2024/98/itens,9
https://pncp.gov.br/api/pncp/v1/orgaos/75123125000108/compras/2024/98/itens,10
https://pncp.gov.br/api/pncp/v1/orgaos/75123125000108/compras/2024/99/itens,1
https://pncp.gov.br/api/pncp/v1/orgaos/75123125000108/compras/2024/99/itens,2
https://pncp.gov.br/api/pncp/v1/orgaos/75123125000108/compras/2024/99/itens,3
https://pncp.gov.br/api/pncp/v1/orgaos/75123125000108/compras/2024/99/itens,4
https://pncp.gov.br/api/pncp/v1/orgaos/75123125000108/compras/2024/99/itens,5
https://pncp.gov.br/api/pncp/v1/orgaos/75123125000108/compras/2024/99/itens,6
https://pncp.gov.br/api/pncp/v1/orgaos/75123125000108/compras/2024/99/itens,7
https://pncp.gov.br/api/pncp/v1/orgaos/75123125000108/compras/2024/99/itens,8
https://pncp.gov.br/api/pncp/v1/orgaos/75123125000108/compras/2024/99/itens,9
https://pncp.gov.br/api/pncp/v1/orgaos/75123125000108/compras/2024/99/itens,10
https://pncp.gov.br/api/pncp/v1/orgaos/75123125000108/compras/2024/100/itens,1
https://pncp.gov.br/api/pncp/v1/orgaos/75123125000108/compras/2024/101/itens,1
https://pncp.gov.br/api/pncp/v1/orgaos/75123125000108/compras/2024/102/itens,1
https://pncp.gov.br/api/pncp/v1/orgaos/75123125000108/compras/2024/103/itens,1
https://pncp.gov.br/api/pncp/v1/orgaos/75123125000108/compras/2024/104/itens,1
https://pncp.gov.br/api/pncp/v1/orgaos/75123125000108/compras/2024/104/itens,2
https://pncp.gov.br/api/pncp/v1/orgaos/75123125000108/compras/2024/104/itens,3
https://pncp.gov.br/api/pncp/v1/orgaos/75123125000108/compras/2024/105/itens,1
https://pncp.gov.br/api/pncp/v1/orgaos/75123125000108/compras/2024/105/itens,2
https://pncp.gov.br/api/pncp/v1/orgaos/75123125000108/compras/2024/105/itens,3
https://pncp.gov.br/api/pncp/v1/orgaos/75123125000108/compras/2024/105/itens,4
https://pncp.gov.br/api/pncp/v1/orgaos/75123125000108/compras/2024/105/itens,5
https://pncp.gov.br/api/pncp/v1/orgaos/75123125000108/compras/2024/105/itens,6
https://pncp.gov.br/api/pncp/v1/orgaos/75123125000108/compras/2024/105/itens,7
https://pncp.gov.br/api/pncp/v1/orgaos/75123125000108/compras/2024/105/itens,8
https://pncp.gov.br/api/pncp/v1/orgaos/75123125000108/compras/2024/105/itens,9
https://pncp.gov.br/api/pncp/v1/orgaos/75123125000108/compras/2024/105/itens,10
https://pncp.gov.br/api/pncp/v1/orgaos/75123125000108/compras/2024/106/itens,1
https://pncp.gov.br/api/pncp/v1/orgaos/75123125000108/compras/2024/107/itens,1
https://pncp.gov.br/api/pncp/v1/orgaos/75123125000108/compras/2024/108/itens,1
https://pncp.gov.br/api/pncp/v1/orgaos/75123125000108/compras/2024/109/itens,1
https://pncp.gov.br/api/pncp/v1/orgaos/75123125000108/compras/2024/109/itens,2
https://pncp.gov.br/api/pncp/v1/orgaos/75123125000108/compras/2024/110/itens,1
https://pncp.gov.br/api/pncp/v1/orgaos/75123125000108/compras/2024/111/itens,1
https://pncp.gov.br/api/pncp/v1/orgaos/75123125000108/compras/2024/112/itens,1
https://pncp.gov.br/api/pncp/v1/orgaos/75123125000108/compras/2024/113/itens,1
https://pncp.gov.br/api/pncp/v1/orgaos/75123125000108/compras/2024/113/itens,2
https://pncp.gov.br/api/pncp/v1/orgaos/75123125000108/compras/2024/114/itens,1
https://pncp.gov.br/api/pncp/v1/orgaos/75123125000108/compras/2024/114/itens,2
https://pncp.gov.br/api/pncp/v1/orgaos/75123125000108/compras/2024/115/itens,1
https://pncp.gov.br/api/pncp/v1/orgaos/75123125000108/compras/2024/115/itens,2
https://pncp.gov.br/api/pncp/v1/orgaos/75123125000108/compras/2024/115/itens,3
https://pncp.gov.br/api/pncp/v1/orgaos/75123125000108/compras/2024/115/itens,4
https://pncp.gov.br/api/pncp/v1/orgaos/75123125000108/compras/2024/115/itens,5
https://pncp.gov.br/api/pncp/v1/orgaos/75123125000108/compras/2024/115/itens,6
https://pncp.gov.br/api/pncp/v1/orgaos/75123125000108/compras/2024/115/itens,7
https://pncp.gov.br/api/pncp/v1/orgaos/75123125000108/compras/2024/115/itens,8
https://pncp.gov.br/api/pncp/v1/orgaos/75123125000108/compras/2024/115/itens,9
https://pncp.gov.br/api/pncp/v1/orgaos/75123125000108/compras/2024/115/itens,10
https://pncp.gov.br/api/pncp/v1/orgaos/75123125000108/compras/2024/116/itens,1
https://pncp.gov.br/api/pncp/v1/orgaos/75123125000108/compras/2024/116/itens,2
https://pncp.gov.br/api/pncp/v1/orgaos/75123125000108/compras/2024/116/itens,3
https://pncp.gov.br/api/pncp/v1/orgaos/75123125000108/compras/2024/116/itens,4
https://pncp.gov.br/api/pncp/v1/orgaos/75123125000108/compras/2024/116/itens,5
https://pncp.gov.br/api/pncp/v1/orgaos/75123125000108/compras/2024/116/itens,6
https://pncp.gov.br/api/pncp/v1/orgaos/75123125000108/compras/2024/116/itens,7
https://pncp.gov.br/api/pncp/v1/orgaos/75123125000108/compras/2024/116/itens,8
https://pncp.gov.br/api/pncp/v1/orgaos/75123125000108/compras/2024/116/itens,9
https://pncp.gov.br/api/pncp/v1/orgaos/75123125000108/compras/2024/116/itens,10
https://pncp.gov.br/api/pncp/v1/orgaos/75123125000108/compras/2024/117/itens,1
https://pncp.gov.br/api/pncp/v1/orgaos/75123125000108/compras/2024/117/itens,2
https://pncp.gov.br/api/pncp/v1/orgaos/75123125000108/compras/2024/118/itens,1
https://pncp.gov.br/api/pncp/v1/orgaos/75123125000108/compras/2024/118/itens,2
https://pncp.gov.br/api/pncp/v1/orgaos/75123125000108/compras/2024/119/itens,1
https://pncp.gov.br/api/pncp/v1/orgaos/75123125000108/compras/2024/119/itens,2
https://pncp.gov.br/api/pncp/v1/orgaos/75123125000108/compras/2024/119/itens,3
https://pncp.gov.br/api/pncp/v1/orgaos/75123125000108/compras/2024/119/itens,4
https://pncp.gov.br/api/pncp/v1/orgaos/75123125000108/compras/2024/120/itens,1
https://pncp.gov.br/api/pncp/v1/orgaos/75123125000108/compras/2024/120/itens,2
https://pncp.gov.br/api/pncp/v1/orgaos/75123125000108/compras/2024/120/itens,3
https://pncp.gov.br/api/pncp/v1/orgaos/75123125000108/compras/2024/120/itens,4
https://pncp.gov.br/api/pncp/v1/orgaos/75123125000108/compras/2024/120/itens,5
https://pncp.gov.br/api/pncp/v1/orgaos/75123125000108/compras/2024/121/itens,1
https://pncp.gov.br/api/pncp/v1/orgaos/75123125000108/compras/2024/122/itens,1
https://pncp.gov.br/api/pncp/v1/orgaos/75123125000108/compras/2024/123/itens,1
https://pncp.gov.br/api/pncp/v1/orgaos/75123125000108/compras/2024/123/itens,2
https://pncp.gov.br/api/pncp/v1/orgaos/75123125000108/compras/2024/123/itens,3
https://pncp.gov.br/api/pncp/v1/orgaos/75123125000108/compras/2024/123/itens,4
https://pncp.gov.br/api/pncp/v1/orgaos/75123125000108/compras/2024/123/itens,5
https://pncp.gov.br/api/pncp/v1/orgaos/75123125000108/compras/2024/123/itens,6
https://pncp.gov.br/api/pncp/v1/orgaos/75123125000108/compras/2024/123/itens,7
https://pncp.gov.br/api/pncp/v1/orgaos/75123125000108/compras/2024/123/itens,8
https://pncp.gov.br/api/pncp/v1/orgaos/75123125000108/compras/2024/123/itens,9
https://pncp.gov.br/api/pncp/v1/orgaos/75123125000108/compras/2024/124/itens,1
https://pncp.gov.br/api/pncp/v1/orgaos/75123125000108/compras/2024/124/itens,2
https://pncp.gov.br/api/pncp/v1/orgaos/75123125000108/compras/2024/124/itens,3
https://pncp.gov.br/api/pncp/v1/orgaos/75123125000108/compras/2024/124/itens,4
https://pncp.gov.br/api/pncp/v1/orgaos/75123125000108/compras/2024/125/itens,1
https://pncp.gov.br/api/pncp/v1/orgaos/75123125000108/compras/2024/125/itens,2
https://pncp.gov.br/api/pncp/v1/orgaos/75123125000108/compras/2024/125/itens,3
https://pncp.gov.br/api/pncp/v1/orgaos/75123125000108/compras/2024/125/itens,4
https://pncp.gov.br/api/pncp/v1/orgaos/75123125000108/compras/2024/125/itens,5
https://pncp.gov.br/api/pncp/v1/orgaos/75123125000108/compras/2024/125/itens,6
https://pncp.gov.br/api/pncp/v1/orgaos/75123125000108/compras/2024/125/itens,7
https://pncp.gov.br/api/pncp/v1/orgaos/75123125000108/compras/2024/125/itens,8
https://pncp.gov.br/api/pncp/v1/orgaos/75123125000108/compras/2024/125/itens,9
https://pncp.gov.br/api/pncp/v1/orgaos/75123125000108/compras/2024/125/itens,10
https://pncp.gov.br/api/pncp/v1/orgaos/75123125000108/compras/2024/126/itens,1
https://pncp.gov.br/api/pncp/v1/orgaos/75123125000108/compras/2024/126/itens,2
https://pncp.gov.br/api/pncp/v1/orgaos/75123125000108/compras/2024/126/itens,3
https://pncp.gov.br/api/pncp/v1/orgaos/75123125000108/compras/2024/126/itens,4
https://pncp.gov.br/api/pncp/v1/orgaos/75123125000108/compras/2024/126/itens,5
https://pncp.gov.br/api/pncp/v1/orgaos/75123125000108/compras/2024/126/itens,6
https://pncp.gov.br/api/pncp/v1/orgaos/75123125000108/compras/2024/126/itens,7
https://pncp.gov.br/api/pncp/v1/orgaos/75123125000108/compras/2024/126/itens,8
https://pncp.gov.br/api/pncp/v1/orgaos/75123125000108/compras/2024/126/itens,9
https://pncp.gov.br/api/pncp/v1/orgaos/75123125000108/compras/2024/126/itens,10
https://pncp.gov.br/api/pncp/v1/orgaos/75123125000108/compras/2024/127/itens,1
https://pncp.gov.br/api/pncp/v1/orgaos/75123125000108/compras/2024/128/itens,1
https://pncp.gov.br/api/pncp/v1/orgaos/75123125000108/compras/2024/129/itens,1
https://pncp.gov.br/api/pncp/v1/orgaos/75123125000108/compras/2024/130/itens,1
https://pncp.gov.br/api/pncp/v1/orgaos/75123125000108/compras/2024/131/itens,1
https://pncp.gov.br/api/pncp/v1/orgaos/75123125000108/compras/2024/131/itens,2
https://pncp.gov.br/api/pncp/v1/orgaos/75123125000108/compras/2024/131/itens,3
https://pncp.gov.br/api/pncp/v1/orgaos/75123125000108/compras/2024/131/itens,4
https://pncp.gov.br/api/pncp/v1/orgaos/75123125000108/compras/2024/131/itens,5
https://pncp.gov.br/api/pncp/v1/orgaos/75123125000108/compras/2024/131/itens,6
https://pncp.gov.br/api/pncp/v1/orgaos/75123125000108/compras/2024/131/itens,7
https://pncp.gov.br/api/pncp/v1/orgaos/75123125000108/compras/2024/131/itens,8
https://pncp.gov.br/api/pncp/v1/orgaos/75123125000108/compras/2024/131/itens,9
https://pncp.gov.br/api/pncp/v1/orgaos/75123125000108/compras/2024/131/itens,10
https://pncp.gov.br/api/pncp/v1/orgaos/76417005001743/compras/2025/1/itens,1
https://pncp.gov.br/api/pncp/v1/orgaos/76417005000186/compras/2024/287/itens,1
https://pncp.gov.br/api/pncp/v1/orgaos/76417005000186/compras/2024/447/itens,1
https://pncp.gov.br/api/pncp/v1/orgaos/76417005000186/compras/2024/432/itens,1
https://pncp.gov.br/api/pncp/v1/orgaos/76417005000186/compras/2024/384/itens,1
https://pncp.gov.br/api/pncp/v1/orgaos/76417005000186/compras/2024/369/itens,1
https://pncp.gov.br/api/pncp/v1/orgaos/76417005000186/compras/2024/369/itens,2
https://pncp.gov.br/api/pncp/v1/orgaos/76417005000186/compras/2024/369/itens,3
https://pncp.gov.br/api/pncp/v1/orgaos/76417005000186/compras/2024/369/itens,4
https://pncp.gov.br/api/pncp/v1/orgaos/76417005000186/compras/2024/369/itens,5
https://pncp.gov.br/api/pncp/v1/orgaos/76417005000186/compras/2024/369/itens,6
https://pncp.gov.br/api/pncp/v1/orgaos/76417005000186/compras/2024/369/itens,7
https://pncp.gov.br/api/pncp/v1/orgaos/76417005000186/compras/2024/369/itens,8
https://pncp.gov.br/api/pncp/v1/orgaos/76417005000186/compras/2024/369/itens,9
https://pncp.gov.br/api/pncp/v1/orgaos/76417005000186/compras/2024/369/itens,10
https://pncp.gov.br/api/pncp/v1/orgaos/76417005001743/compras/2024/181/itens,1
https://pncp.gov.br/api/pncp/v1/orgaos/76417005001743/compras/2024/181/itens,2
https://pncp.gov.br/api/pncp/v1/orgaos/76417005001743/compras/2024/181/itens,3
https://pncp.gov.br/api/pncp/v1/orgaos/76417005001743/compras/2024/181/itens,4
https://pncp.gov.br/api/pncp/v1/orgaos/76417005001743/compras/2024/184/itens,1
https://pncp.gov.br/api/pncp/v1/orgaos/76417005001743/compras/2024/184/itens,2
https://pncp.gov.br/api/pncp/v1/orgaos/13792329000184/compras/2024/209/itens,1
https://pncp.gov.br/api/pncp/v1/orgaos/13792329000184/compras/2024/209/itens,2
https://pncp.gov.br/api/pncp/v1/orgaos/13792329000184/compras/2024/209/itens,3
https://pncp.gov.br/api/pncp/v1/orgaos/13792329000184/compras/2024/209/itens,4
https://pncp.gov.br/api/pncp/v1/orgaos/13792329000184/compras/2024/209/itens,5
https://pncp.gov.br/api/pncp/v1/orgaos/13792329000184/compras/2024/209/itens,6
https://pncp.gov.br/api/pncp/v1/orgaos/13792329000184/compras/2024/209/itens,7
https://pncp.gov.br/api/pncp/v1/orgaos/13792329000184/compras/2024/209/itens,8
https://pncp.gov.br/api/pncp/v1/orgaos/13792329000184/compras/2024/209/itens,9
https://pncp.gov.br/api/pncp/v1/orgaos/14814139000183/compras/2024/98/itens,1
https://pncp.gov.br/api/pncp/v1/orgaos/14814139000183/compras/2024/98/itens,2
https://pncp.gov.br/api/pncp/v1/orgaos/76417005000186/compras/2024/249/itens,1
https://pncp.gov.br/api/pncp/v1/orgaos/76417005000186/compras/2024/249/itens,2
https://pncp.gov.br/api/pncp/v1/orgaos/76417005000186/compras/2024/249/itens,3
https://pncp.gov.br/api/pncp/v1/orgaos/76417005000186/compras/2024/249/itens,4
https://pncp.gov.br/api/pncp/v1/orgaos/76417005000186/compras/2024/249/itens,5
https://pncp.gov.br/api/pncp/v1/orgaos/76417005000186/compras/2024/249/itens,6
https://pncp.gov.br/api/pncp/v1/orgaos/76417005000186/compras/2024/249/itens,7
https://pncp.gov.br/api/pncp/v1/orgaos/76417005000186/compras/2024/249/itens,8
https://pncp.gov.br/api/pncp/v1/orgaos/76417005000186/compras/2024/249/itens,9
https://pncp.gov.br/api/pncp/v1/orgaos/76417005000186/compras/2024/249/itens,10
https://pncp.gov.br/api/pncp/v1/orgaos/76417005001743/compras/2024/183/itens,1
https://pncp.gov.br/api/pncp/v1/orgaos/76417005001743/compras/2024/183/itens,2
https://pncp.gov.br/api/pncp/v1/orgaos/76417005001743/compras/2024/183/itens,3
https://pncp.gov.br/api/pncp/v1/orgaos/76417005001743/compras/2024/183/itens,4
https://pncp.gov.br/api/pncp/v1/orgaos/13792329000184/compras/2024/218/itens,1
https://pncp.gov.br/api/pncp/v1/orgaos/13792329000184/compras/2024/218/itens,3
https://pncp.gov.br/api/pncp/v1/orgaos/13792329000184/compras/2024/218/itens,5
https://pncp.gov.br/api/pncp/v1/orgaos/13792329000184/compras/2024/218/itens,7
https://pncp.gov.br/api/pncp/v1/orgaos/13792329000184/compras/2024/218/itens,9
https://pncp.gov.br/api/pncp/v1/orgaos/13792329000184/compras/2024/238/itens,1
https://pncp.gov.br/api/pncp/v1/orgaos/13792329000184/compras/2024/238/itens,2
https://pncp.gov.br/api/pncp/v1/orgaos/13792329000184/compras/2024/238/itens,3
https://pncp.gov.br/api/pncp/v1/orgaos/13792329000184/compras/2024/238/itens,4
https://pncp.gov.br/api/pncp/v1/orgaos/13792329000184/compras/2024/238/itens,5
https://pncp.gov.br/api/pncp/v1/orgaos/13792329000184/compras/2024/238/itens,6
https://pncp.gov.br/api/pncp/v1/orgaos/13792329000184/compras/2024/238/itens,7
https://pncp.gov.br/api/pncp/v1/orgaos/13792329000184/compras/2024/238/itens,8
https://pncp.gov.br/api/pncp/v1/orgaos/13792329000184/compras/2024/238/itens,9
https://pncp.gov.br/api/pncp/v1/orgaos/13792329000184/compras/2024/238/itens,10
https://pncp.gov.br/api/pncp/v1/orgaos/13792329000184/compras/2024/266/itens,1
https://pncp.gov.br/api/pncp/v1/orgaos/13792329000184/compras/2024/266/itens,2
https://pncp.gov.br/api/pncp/v1/orgaos/13792329000184/compras/2024/266/itens,3
https://pncp.gov.br/api/pncp/v1/orgaos/13792329000184/compras/2024/266/itens,4
https://pncp.gov.br/api/pncp/v1/orgaos/13792329000184/compras/2024/266/itens,5
https://pncp.gov.br/api/pncp/v1/orgaos/13792329000184/compras/2024/266/itens,6
https://pncp.gov.br/api/pncp/v1/orgaos/13792329000184/compras/2024/266/itens,7
https://pncp.gov.br/api/pncp/v1/orgaos/13792329000184/compras/2024/266/itens,8
https://pncp.gov.br/api/pncp/v1/orgaos/13792329000184/compras/2024/266/itens,9
https://pncp.gov.br/api/pncp/v1/orgaos/13792329000184/compras/2024/266/itens,10
https://pncp.gov.br/api/pncp/v1/orgaos/13792329000184/compras/2024/233/itens,1
https://pncp.gov.br/api/pncp/v1/orgaos/13792329000184/compras/2024/233/itens,2
https://pncp.gov.br/api/pncp/v1/orgaos/13792329000184/compras/2024/233/itens,3
https://pncp.gov.br/api/pncp/v1/orgaos/13792329000184/compras/2024/233/itens,4
https://pncp.gov.br/api/pncp/v1/orgaos/13792329000184/compras/2024/233/itens,6
https://pncp.gov.br/api/pncp/v1/orgaos/13792329000184/compras/2024/233/itens,7
https://pncp.gov.br/api/pncp/v1/orgaos/13792329000184/compras/2024/233/itens,8
https://pncp.gov.br/api/pncp/v1/orgaos/13792329000184/compras/2024/233/itens,9
https://pncp.gov.br/api/pncp/v1/orgaos/13792329000184/compras/2024/233/itens,10
https://pncp.gov.br/api/pncp/v1/orgaos/13792329000184/compras/2024/242/itens,1
https://pncp.gov.br/api/pncp/v1/orgaos/13792329000184/compras/2024/242/itens,2
https://pncp.gov.br/api/pncp/v1/orgaos/13792329000184/compras/2024/242/itens,3
https://pncp.gov.br/api/pncp/v1/orgaos/13792329000184/compras/2024/242/itens,4
https://pncp.gov.br/api/pncp/v1/orgaos/13792329000184/compras/2024/242/itens,5
https://pncp.gov.br/api/pncp/v1/orgaos/13792329000184/compras/2024/242/itens,6
https://pncp.gov.br/api/pncp/v1/orgaos/13792329000184/compras/2024/242/itens,7
https://pncp.gov.br/api/pncp/v1/orgaos/13792329000184/compras/2024/242/itens,8
https://pncp.gov.br/api/pncp/v1/orgaos/13792329000184/compras/2024/242/itens,9
https://pncp.gov.br/api/pncp/v1/orgaos/13792329000184/compras/2024/242/itens,10
https://pncp.gov.br/api/pncp/v1/orgaos/76417005000186/compras/2024/365/itens,1
https://pncp.gov.br/api/pncp/v1/orgaos/76417005000186/compras/2024/365/itens,2
https://pncp.gov.br/api/pncp/v1/orgaos/76417005000186/compras/2024/365/itens,3
https://pncp.gov.br/api/pncp/v1/orgaos/76417005000186/compras/2024/365/itens,4
https://pncp.gov.br/api/pncp/v1/orgaos/76417005000186/compras/2024/303/itens,1
https://pncp.gov.br/api/pncp/v1/orgaos/76417005000186/compras/2024/303/itens,2
https://pncp.gov.br/api/pncp/v1/orgaos/76417005000186/compras/2024/303/itens,3
https://pncp.gov.br/api/pncp/v1/orgaos/76417005000186/compras/2024/303/itens,4
https://pncp.gov.br/api/pncp/v1/orgaos/76417005000186/compras/2024/316/itens,1
https://pncp.gov.br/api/pncp/v1/orgaos/76417005000186/compras/2024/316/itens,2
https://pncp.gov.br/api/pncp/v1/orgaos/13792329000184/compras/2024/262/itens,1
https://pncp.gov.br/api/pncp/v1/orgaos/13792329000184/compras/2024/262/itens,2
https://pncp.gov.br/api/pncp/v1/orgaos/13792329000184/compras/2024/262/itens,3
https://pncp.gov.br/api/pncp/v1/orgaos/13792329000184/compras/2024/262/itens,5
https://pncp.gov.br/api/pncp/v1/orgaos/13792329000184/compras/2024/262/itens,6
https://pncp.gov.br/api/pncp/v1/orgaos/13792329000184/compras/2024/262/itens,7
https://pncp.gov.br/api/pncp/v1/orgaos/13792329000184/compras/2024/262/itens,8
https://pncp.gov.br/api/pncp/v1/orgaos/13792329000184/compras/2024/262/itens,9
https://pncp.gov.br/api/pncp/v1/orgaos/13792329000184/compras/2024/262/itens,10
https://pncp.gov.br/api/pncp/v1/orgaos/13792329000184/compras/2024/247/itens,1
https://pncp.gov.br/api/pncp/v1/orgaos/13792329000184/compras/2024/247/itens,2
https://pncp.gov.br/api/pncp/v1/orgaos/13792329000184/compras/2024/247/itens,3
https://pncp.gov.br/api/pncp/v1/orgaos/13792329000184/compras/2024/247/itens,4
https://pncp.gov.br/api/pncp/v1/orgaos/13792329000184/compras/2024/247/itens,5
https://pncp.gov.br/api/pncp/v1/orgaos/13792329000184/compras/2024/247/itens,6
https://pncp.gov.br/api/pncp/v1/orgaos/13792329000184/compras/2024/247/itens,7
https://pncp.gov.br/api/pncp/v1/orgaos/13792329000184/compras/2024/247/itens,8
https://pncp.gov.br/api/pncp/v1/orgaos/13792329000184/compras/2024/247/itens,9
https://pncp.gov.br/api/pncp/v1/orgaos/13792329000184/compras/2024/247/itens,10
https://pncp.gov.br/api/pncp/v1/orgaos/03518900000113/compras/2024/21/itens,1
https://pncp.gov.br/api/pncp/v1/orgaos/03518900000113/compras/2024/21/itens,2
https://pncp.gov.br/api/pncp/v1/orgaos/03518900000113/compras/2024/21/itens,3
https://pncp.gov.br/api/pncp/v1/orgaos/03518900000113/compras/2024/21/itens,4
https://pncp.gov.br/api/pncp/v1/orgaos/03518900000113/compras/2024/21/itens,5
https://pncp.gov.br/api/pncp/v1/orgaos/03518900000113/compras/2024/21/itens,6
https://pncp.gov.br/api/pncp/v1/orgaos/03518900000113/compras/2024/21/itens,7
https://pncp.gov.br/api/pncp/v1/orgaos/03518900000113/compras/2024/21/itens,8
https://pncp.gov.br/api/pncp/v1/orgaos/03518900000113/compras/2024/21/itens,9
https://pncp.gov.br/api/pncp/v1/orgaos/03518900000113/compras/2024/21/itens,10
https://pncp.gov.br/api/pncp/v1/orgaos/13792329000184/compras/2024/264/itens,1
https://pncp.gov.br/api/pncp/v1/orgaos/13792329000184/compras/2024/264/itens,2
https://pncp.gov.br/api/pncp/v1/orgaos/13792329000184/compras/2024/264/itens,3
https://pncp.gov.br/api/pncp/v1/orgaos/13792329000184/compras/2024/264/itens,4
https://pncp.gov.br/api/pncp/v1/orgaos/13792329000184/compras/2024/264/itens,5
https://pncp.gov.br/api/pncp/v1/orgaos/13792329000184/compras/2024/264/itens,6
https://pncp.gov.br/api/pncp/v1/orgaos/13792329000184/compras/2024/264/itens,7
https://pncp.gov.br/api/pncp/v1/orgaos/13792329000184/compras/2024/264/itens,8
https://pncp.gov.br/api/pncp/v1/orgaos/13792329000184/compras/2024/264/itens,9
https://pncp.gov.br/api/pncp/v1/orgaos/13792329000184/compras/2024/264/itens,10
https://pncp.gov.br/api/pncp/v1/orgaos/76417005001743/compras/2024/182/itens,1
https://pncp.gov.br/api/pncp/v1/orgaos/76417005001743/compras/2024/182/itens,2
https://pncp.gov.br/api/pncp/v1/orgaos/76417005001743/compras/2024/182/itens,3
https://pncp.gov.br/api/pncp/v1/orgaos/76417005001743/compras/2024/182/itens,4
https://pncp.gov.br/api/pncp/v1/orgaos/76417005001743/compras/2024/182/itens,5
https://pncp.gov.br/api/pncp/v1/orgaos/76417005001743/compras/2024/182/itens,6
https://pncp.gov.br/api/pncp/v1/orgaos/76417005001743/compras/2024/182/itens,7
https://pncp.gov.br/api/pncp/v1/orgaos/76417005001743/compras/2024/182/itens,8
https://pncp.gov.br/api/pncp/v1/orgaos/76417005001743/compras/2024/182/itens,9
https://pncp.gov.br/api/pncp/v1/orgaos/76417005001743/compras/2024/182/itens,10
https://pncp.gov.br/api/pncp/v1/orgaos/75123125000108/compras/2024/49/itens,1
https://pncp.gov.br/api/pncp/v1/orgaos/75123125000108/compras/2024/49/itens,2
https://pncp.gov.br/api/pncp/v1/orgaos/75123125000108/compras/2024/48/itens,1
https://pncp.gov.br/api/pncp/v1/orgaos/75123125000108/compras/2024/48/itens,2
https://pncp.gov.br/api/pncp/v1/orgaos/75123125000108/compras/2024/48/itens,3
https://pncp.gov.br/api/pncp/v1/orgaos/75123125000108/compras/2024/48/itens,4
https://pncp.gov.br/api/pncp/v1/orgaos/75123125000108/compras/2024/48/itens,5
https://pncp.gov.br/api/pncp/v1/orgaos/75123125000108/compras/2024/48/itens,6
https://pncp.gov.br/api/pncp/v1/orgaos/75123125000108/compras/2024/48/itens,7
https://pncp.gov.br/api/pncp/v1/orgaos/75123125000108/compras/2024/48/itens,8
https://pncp.gov.br/api/pncp/v1/orgaos/75123125000108/compras/2024/48/itens,9
https://pncp.gov.br/api/pncp/v1/orgaos/75123125000108/compras/2024/48/itens,10
https://pncp.gov.br/api/pncp/v1/orgaos/75123125000108/compras/2024/28/itens,1
https://pncp.gov.br/api/pncp/v1/orgaos/75123125000108/compras/2024/28/itens,2
https://pncp.gov.br/api/pncp/v1/orgaos/75123125000108/compras/2024/5/itens,1
https://pncp.gov.br/api/pncp/v1/orgaos/75123125000108/compras/2024/5/itens,2
https://pncp.gov.br/api/pncp/v1/orgaos/75123125000108/compras/2024/5/itens,3
https://pncp.gov.br/api/pncp/v1/orgaos/75123125000108/compras/2024/5/itens,4
https://pncp.gov.br/api/pncp/v1/orgaos/75123125000108/compras/2024/5/itens,5
https://pncp.gov.br/api/pncp/v1/orgaos/75123125000108/compras/2024/5/itens,6
https://pncp.gov.br/api/pncp/v1/orgaos/75123125000108/compras/2024/5/itens,7
https://pncp.gov.br/api/pncp/v1/orgaos/75123125000108/compras/2024/5/itens,8
https://pncp.gov.br/api/pncp/v1/orgaos/75123125000108/compras/2024/5/itens,9
https://pncp.gov.br/api/pncp/v1/orgaos/75123125000108/compras/2024/5/itens,10
https://pncp.gov.br/api/pncp/v1/orgaos/13792329000184/compras/2024/317/itens,1
https://pncp.gov.br/api/pncp/v1/orgaos/13792329000184/compras/2024/317/itens,2
https://pncp.gov.br/api/pncp/v1/orgaos/13792329000184/compras/2024/317/itens,3
https://pncp.gov.br/api/pncp/v1/orgaos/13792329000184/compras/2024/317/itens,4
https://pncp.gov.br/api/pncp/v1/orgaos/13792329000184/compras/2024/317/itens,5
https://pncp.gov.br/api/pncp/v1/orgaos/13792329000184/compras/2024/317/itens,6
https://pncp.gov.br/api/pncp/v1/orgaos/13792329000184/compras/2024/317/itens,7
https://pncp.gov.br/api/pncp/v1/orgaos/76417005000186/compras/2024/449/itens,1
https://pncp.gov.br/api/pncp/v1/orgaos/76417005000186/compras/2024/449/itens,2
https://pncp.gov.br/api/pncp/v1/orgaos/76417005000186/compras/2024/449/itens,3
https://pncp.gov.br/api/pncp/v1/orgaos/76417005000186/compras/2024/449/itens,4
https://pncp.gov.br/api/pncp/v1/orgaos/76417005000186/compras/2024/449/itens,5
https://pncp.gov.br/api/pncp/v1/orgaos/76417005000186/compras/2024/449/itens,6
https://pncp.gov.br/api/pncp/v1/orgaos/76417005000186/compras/2024/449/itens,7
https://pncp.gov.br/api/pncp/v1/orgaos/76417005000186/compras/2024/449/itens,8
https://pncp.gov.br/api/pncp/v1/orgaos/76417005000186/compras/2024/449/itens,9
https://pncp.gov.br/api/pncp/v1/orgaos/76417005000186/compras/2024/449/itens,10
https://pncp.gov.br/api/pncp/v1/orgaos/76417005001743/compras/2024/176/itens,1
https://pncp.gov.br/api/pncp/v1/orgaos/76417005001743/compras/2024/176/itens,2
https://pncp.gov.br/api/pncp/v1/orgaos/76417005001743/compras/2024/176/itens,3
https://pncp.gov.br/api/pncp/v1/orgaos/76417005001743/compras/2024/176/itens,4
https://pncp.gov.br/api/pncp/v1/orgaos/76417005001743/compras/2024/176/itens,5
https://pncp.gov.br/api/pncp/v1/orgaos/76417005001743/compras/2024/176/itens,6
https://pncp.gov.br/api/pncp/v1/orgaos/76417005001743/compras/2024/176/itens,7
https://pncp.gov.br/api/pncp/v1/orgaos/76417005001743/compras/2024/176/itens,8
https://pncp.gov.br/api/pncp/v1/orgaos/14814139000183/compras/2024/133/itens,1
https://pncp.gov.br/api/pncp/v1/orgaos/13792329000184/compras/2024/251/itens,1
https://pncp.gov.br/api/pncp/v1/orgaos/13792329000184/compras/2024/251/itens,2
https://pncp.gov.br/api/pncp/v1/orgaos/13792329000184/compras/2024/251/itens,3
https://pncp.gov.br/api/pncp/v1/orgaos/13792329000184/compras/2024/251/itens,4
https://pncp.gov.br/api/pncp/v1/orgaos/13792329000184/compras/2024/251/itens,5
https://pncp.gov.br/api/pncp/v1/orgaos/13792329000184/compras/2024/251/itens,6
https://pncp.gov.br/api/pncp/v1/orgaos/13792329000184/compras/2024/251/itens,7
https://pncp.gov.br/api/pncp/v1/orgaos/07505809000114/compras/2025/1/itens,1
https://pncp.gov.br/api/pncp/v1/orgaos/76417005000186/compras/2024/274/itens,1
https://pncp.gov.br/api/pncp/v1/orgaos/76417005000186/compras/2024/274/itens,2
https://pncp.gov.br/api/pncp/v1/orgaos/76417005000186/compras/2024/274/itens,3
https://pncp.gov.br/api/pncp/v1/orgaos/76417005000186/compras/2024/274/itens,4
https://pncp.gov.br/api/pncp/v1/orgaos/76417005000186/compras/2024/274/itens,5
https://pncp.gov.br/api/pncp/v1/orgaos/76417005000186/compras/2024/274/itens,6
https://pncp.gov.br/api/pncp/v1/orgaos/76417005000186/compras/2024/274/itens,7
https://pncp.gov.br/api/pncp/v1/orgaos/76417005000186/compras/2024/274/itens,8
https://pncp.gov.br/api/pncp/v1/orgaos/76417005000186/compras/2024/274/itens,9
https://pncp.gov.br/api/pncp/v1/orgaos/76417005000186/compras/2024/274/itens,10
https://pncp.gov.br/api/pncp/v1/orgaos/13792329000184/compras/2024/232/itens,1
https://pncp.gov.br/api/pncp/v1/orgaos/14814139000183/compras/2025/7/itens,1
https://pncp.gov.br/api/pncp/v1/orgaos/14814139000183/compras/2025/12/itens,1
https://pncp.gov.br/api/pncp/v1/orgaos/13792329000184/compras/2025/1/itens,1
https://pncp.gov.br/api/pncp/v1/orgaos/76417005000186/compras/2025/2/itens,1
https://pncp.gov.br/api/pncp/v1/orgaos/13792329000184/compras/2025/2/itens,1
https://pncp.gov.br/api/pncp/v1/orgaos/13792329000184/compras/2025/3/itens,1
https://pncp.gov.br/api/pncp/v1/orgaos/13792329000184/compras/2025/3/itens,2
https://pncp.gov.br/api/pncp/v1/orgaos/13792329000184/compras/2025/4/itens,1
https://pncp.gov.br/api/pncp/v1/orgaos/13792329000184/compras/2025/5/itens,1
https://pncp.gov.br/api/pncp/v1/orgaos/13792329000184/compras/2025/5/itens,2
https://pncp.gov.br/api/pncp/v1/orgaos/13792329000184/compras/2025/5/itens,3
https://pncp.gov.br/api/pncp/v1/orgaos/13792329000184/compras/2025/5/itens,4
https://pncp.gov.br/api/pncp/v1/orgaos/13792329000184/compras/2025/6/itens,1
https://pncp.gov.br/api/pncp/v1/orgaos/14682109000160/compras/2025/1/itens,1
https://pncp.gov.br/api/pncp/v1/orgaos/78802394000199/compras/2025/1/itens,1
https://pncp.gov.br/api/pncp/v1/orgaos/76417005000186/compras/2024/394/itens,1
https://pncp.gov.br/api/pncp/v1/orgaos/76417005000186/compras/2024/394/itens,2
https://pncp.gov.br/api/pncp/v1/orgaos/14814139000183/compras/2024/191/itens,1
https://pncp.gov.br/api/pncp/v1/orgaos/14814139000183/compras/2024/191/itens,2
https://pncp.gov.br/api/pncp/v1/orgaos/14814139000183/compras/2024/191/itens,3
https://pncp.gov.br/api/pncp/v1/orgaos/14814139000183/compras/2024/191/itens,4
https://pncp.gov.br/api/pncp/v1/orgaos/14814139000183/compras/2024/191/itens,5
https://pncp.gov.br/api/pncp/v1/orgaos/14814139000183/compras/2024/191/itens,6
https://pncp.gov.br/api/pncp/v1/orgaos/14814139000183/compras/2024/191/itens,7
https://pncp.gov.br/api/pncp/v1/orgaos/14814139000183/compras/2024/191/itens,8
https://pncp.gov.br/api/pncp/v1/orgaos/14814139000183/compras/2024/191/itens,9
https://pncp.gov.br/api/pncp/v1/orgaos/14814139000183/compras/2024/191/itens,10
https://pncp.gov.br/api/pncp/v1/orgaos/76417005000186/compras/2024/436/itens,1
https://pncp.gov.br/api/pncp/v1/orgaos/13792329000184/compras/2024/55/itens,1
https://pncp.gov.br/api/pncp/v1/orgaos/13792329000184/compras/2024/55/itens,3
https://pncp.gov.br/api/pncp/v1/orgaos/13792329000184/compras/2024/55/itens,5
https://pncp.gov.br/api/pncp/v1/orgaos/13792329000184/compras/2024/55/itens,7
https://pncp.gov.br/api/pncp/v1/orgaos/13792329000184/compras/2024/55/itens,9
https://pncp.gov.br/api/pncp/v1/orgaos/13792329000184/compras/2024/280/itens,1
https://pncp.gov.br/api/pncp/v1/orgaos/13792329000184/compras/2024/280/itens,2
https://pncp.gov.br/api/pncp/v1/orgaos/13792329000184/compras/2024/280/itens,3
https://pncp.gov.br/api/pncp/v1/orgaos/13792329000184/compras/2024/280/itens,4
https://pncp.gov.br/api/pncp/v1/orgaos/13792329000184/compras/2024/280/itens,5
https://pncp.gov.br/api/pncp/v1/orgaos/13792329000184/compras/2024/280/itens,6
https://pncp.gov.br/api/pncp/v1/orgaos/13792329000184/compras/2024/280/itens,7
https://pncp.gov.br/api/pncp/v1/orgaos/13792329000184/compras/2024/280/itens,8
https://pncp.gov.br/api/pncp/v1/orgaos/13792329000184/compras/2024/280/itens,9
https://pncp.gov.br/api/pncp/v1/orgaos/13792329000184/compras/2024/280/itens,10
https://pncp.gov.br/api/pncp/v1/orgaos/13792329000184/compras/2024/62/itens,1
https://pncp.gov.br/api/pncp/v1/orgaos/13792329000184/compras/2024/62/itens,2
https://pncp.gov.br/api/pncp/v1/orgaos/13792329000184/compras/2024/62/itens,3
https://pncp.gov.br/api/pncp/v1/orgaos/13792329000184/compras/2024/62/itens,4
https://pncp.gov.br/api/pncp/v1/orgaos/13792329000184/compras/2024/62/itens,5
https://pncp.gov.br/api/pncp/v1/orgaos/13792329000184/compras/2024/62/itens,6
https://pncp.gov.br/api/pncp/v1/orgaos/13792329000184/compras/2024/62/itens,7
https://pncp.gov.br/api/pncp/v1/orgaos/13792329000184/compras/2024/62/itens,8
https://pncp.gov.br/api/pncp/v1/orgaos/13792329000184/compras/2024/108/itens,1
https://pncp.gov.br/api/pncp/v1/orgaos/13792329000184/compras/2024/108/itens,2
https://pncp.gov.br/api/pncp/v1/orgaos/13792329000184/compras/2024/108/itens,3
https://pncp.gov.br/api/pncp/v1/orgaos/13792329000184/compras/2024/108/itens,4
https://pncp.gov.br/api/pncp/v1/orgaos/13792329000184/compras/2024/108/itens,5
https://pncp.gov.br/api/pncp/v1/orgaos/13792329000184/compras/2024/108/itens,6
https://pncp.gov.br/api/pncp/v1/orgaos/13792329000184/compras/2024/108/itens,7
https://pncp.gov.br/api/pncp/v1/orgaos/13792329000184/compras/2024/108/itens,8
https://pncp.gov.br/api/pncp/v1/orgaos/13792329000184/compras/2024/108/itens,9
https://pncp.gov.br/api/pncp/v1/orgaos/13792329000184/compras/2024/108/itens,10
https://pncp.gov.br/api/pncp/v1/orgaos/13792329000184/compras/2024/96/itens,1
https://pncp.gov.br/api/pncp/v1/orgaos/13792329000184/compras/2024/96/itens,2
https://pncp.gov.br/api/pncp/v1/orgaos/13792329000184/compras/2024/96/itens,3
https://pncp.gov.br/api/pncp/v1/orgaos/13792329000184/compras/2024/96/itens,4
https://pncp.gov.br/api/pncp/v1/orgaos/13792329000184/compras/2024/96/itens,5
https://pncp.gov.br/api/pncp/v1/orgaos/13792329000184/compras/2024/96/itens,6
https://pncp.gov.br/api/pncp/v1/orgaos/13792329000184/compras/2024/96/itens,7
https://pncp.gov.br/api/pncp/v1/orgaos/13792329000184/compras/2024/96/itens,8
https://pncp.gov.br/api/pncp/v1/orgaos/13792329000184/compras/2024/96/itens,9
https://pncp.gov.br/api/pncp/v1/orgaos/13792329000184/compras/2024/96/itens,10
https://pncp.gov.br/api/pncp/v1/orgaos/13792329000184/compras/2024/127/itens,1
https://pncp.gov.br/api/pncp/v1/orgaos/13792329000184/compras/2024/127/itens,2
https://pncp.gov.br/api/pncp/v1/orgaos/13792329000184/compras/2024/127/itens,3
https://pncp.gov.br/api/pncp/v1/orgaos/13792329000184/compras/2024/127/itens,4
https://pncp.gov.br/api/pncp/v1/orgaos/13792329000184/compras/2024/132/itens,1
https://pncp.gov.br/api/pncp/v1/orgaos/13792329000184/compras/2024/132/itens,2
https://pncp.gov.br/api/pncp/v1/orgaos/13792329000184/compras/2024/132/itens,3
https://pncp.gov.br/api/pncp/v1/orgaos/13792329000184/compras/2024/132/itens,5
https://pncp.gov.br/api/pncp/v1/orgaos/13792329000184/compras/2024/132/itens,6
https://pncp.gov.br/api/pncp/v1/orgaos/13792329000184/compras/2024/132/itens,7
https://pncp.gov.br/api/pncp/v1/orgaos/13792329000184/compras/2024/132/itens,8
https://pncp.gov.br/api/pncp/v1/orgaos/13792329000184/compras/2024/132/itens,9
https://pncp.gov.br/api/pncp/v1/orgaos/13792329000184/compras/2024/132/itens,10
https://pncp.gov.br/api/pncp/v1/orgaos/13792329000184/compras/2024/140/itens,1
https://pncp.gov.br/api/pncp/v1/orgaos/13792329000184/compras/2024/150/itens,1
https://pncp.gov.br/api/pncp/v1/orgaos/13792329000184/compras/2024/158/itens,1
https://pncp.gov.br/api/pncp/v1/orgaos/13792329000184/compras/2024/158/itens,2
https://pncp.gov.br/api/pncp/v1/orgaos/13792329000184/compras/2024/158/itens,3
https://pncp.gov.br/api/pncp/v1/orgaos/13792329000184/compras/2024/158/itens,4
https://pncp.gov.br/api/pncp/v1/orgaos/13792329000184/compras/2024/158/itens,6
https://pncp.gov.br/api/pncp/v1/orgaos/13792329000184/compras/2024/158/itens,7
https://pncp.gov.br/api/pncp/v1/orgaos/13792329000184/compras/2024/158/itens,8
https://pncp.gov.br/api/pncp/v1/orgaos/13792329000184/compras/2024/158/itens,9
https://pncp.gov.br/api/pncp/v1/orgaos/13792329000184/compras/2024/158/itens,10
https://pncp.gov.br/api/pncp/v1/orgaos/76417005000186/compras/2024/328/itens,1
https://pncp.gov.br/api/pncp/v1/orgaos/76417005000186/compras/2024/328/itens,2
https://pncp.gov.br/api/pncp/v1/orgaos/76417005000186/compras/2024/328/itens,3
https://pncp.gov.br/api/pncp/v1/orgaos/76417005000186/compras/2024/328/itens,4
https://pncp.gov.br/api/pncp/v1/orgaos/76417005000186/compras/2024/328/itens,5
https://pncp.gov.br/api/pncp/v1/orgaos/76417005001743/compras/2025/6/itens,1
https://pncp.gov.br/api/pncp/v1/orgaos/76417005001743/compras/2025/6/itens,2
https://pncp.gov.br/api/pncp/v1/orgaos/76417005001743/compras/2025/6/itens,3
https://pncp.gov.br/api/pncp/v1/orgaos/76417005001743/compras/2025/6/itens,4
https://pncp.gov.br/api/pncp/v1/orgaos/75123125000108/compras/2024/29/itens,1
https://pncp.gov.br/api/pncp/v1/orgaos/75123125000108/compras/2024/32/itens,1
https://pncp.gov.br/api/pncp/v1/orgaos/75123125000108/compras/2024/33/itens,1
https://pncp.gov.br/api/pncp/v1/orgaos/75123125000108/compras/2024/33/itens,2
https://pncp.gov.br/api/pncp/v1/orgaos/75123125000108/compras/2024/33/itens,3
https://pncp.gov.br/api/pncp/v1/orgaos/75123125000108/compras/2024/6/itens,1
https://pncp.gov.br/api/pncp/v1/orgaos/75123125000108/compras/2024/6/itens,2
https://pncp.gov.br/api/pncp/v1/orgaos/75123125000108/compras/2024/6/itens,3
https://pncp.gov.br/api/pncp/v1/orgaos/75123125000108/compras/2024/6/itens,4
https://pncp.gov.br/api/pncp/v1/orgaos/75123125000108/compras/2024/6/itens,5
https://pncp.gov.br/api/pncp/v1/orgaos/75123125000108/compras/2024/6/itens,6
https://pncp.gov.br/api/pncp/v1/orgaos/75123125000108/compras/2024/6/itens,7
https://pncp.gov.br/api/pncp/v1/orgaos/75123125000108/compras/2024/6/itens,8
https://pncp.gov.br/api/pncp/v1/orgaos/75123125000108/compras/2024/6/itens,9
https://pncp.gov.br/api/pncp/v1/orgaos/75123125000108/compras/2024/6/itens,10
https://pncp.gov.br/api/pncp/v1/orgaos/75123125000108/compras/2024/34/itens,1
https://pncp.gov.br/api/pncp/v1/orgaos/75123125000108/compras/2024/34/itens,2
https://pncp.gov.br/api/pncp/v1/orgaos/75123125000108/compras/2024/34/itens,3
https://pncp.gov.br/api/pncp/v1/orgaos/75123125000108/compras/2024/34/itens,4
https://pncp.gov.br/api/pncp/v1/orgaos/75123125000108/compras/2024/34/itens,5
https://pncp.gov.br/api/pncp/v1/orgaos/75123125000108/compras/2024/34/itens,6
https://pncp.gov.br/api/pncp/v1/orgaos/75123125000108/compras/2024/34/itens,7
https://pncp.gov.br/api/pncp/v1/orgaos/75123125000108/compras/2024/34/itens,8
https://pncp.gov.br/api/pncp/v1/orgaos/75123125000108/compras/2024/34/itens,9
https://pncp.gov.br/api/pncp/v1/orgaos/75123125000108/compras/2024/34/itens,10
https://pncp.gov.br/api/pncp/v1/orgaos/75123125000108/compras/2024/37/itens,1
https://pncp.gov.br/api/pncp/v1/orgaos/75123125000108/compras/2024/37/itens,2
https://pncp.gov.br/api/pncp/v1/orgaos/75123125000108/compras/2024/37/itens,3
https://pncp.gov.br/api/pncp/v1/orgaos/76417005001743/compras/2024/167/itens,1
https://pncp.gov.br/api/pncp/v1/orgaos/76417005001743/compras/2024/167/itens,2
https://pncp.gov.br/api/pncp/v1/orgaos/76417005001743/compras/2024/167/itens,3
https://pncp.gov.br/api/pncp/v1/orgaos/76417005001743/compras/2024/167/itens,4
https://pncp.gov.br/api/pncp/v1/orgaos/76417005001743/compras/2024/167/itens,5
https://pncp.gov.br/api/pncp/v1/orgaos/76417005001743/compras/2024/167/itens,6
https://pncp.gov.br/api/pncp/v1/orgaos/75123125000108/compras/2024/38/itens,1
https://pncp.gov.br/api/pncp/v1/orgaos/75123125000108/compras/2024/38/itens,2
https://pncp.gov.br/api/pncp/v1/orgaos/75123125000108/compras/2024/38/itens,3
https://pncp.gov.br/api/pncp/v1/orgaos/75123125000108/compras/2024/42/itens,1
https://pncp.gov.br/api/pncp/v1/orgaos/75123125000108/compras/2024/42/itens,2
https://pncp.gov.br/api/pncp/v1/orgaos/75123125000108/compras/2024/42/itens,3
https://pncp.gov.br/api/pncp/v1/orgaos/75123125000108/compras/2024/42/itens,4
https://pncp.gov.br/api/pncp/v1/orgaos/75123125000108/compras/2024/42/itens,5
https://pncp.gov.br/api/pncp/v1/orgaos/75123125000108/compras/2024/42/itens,6
https://pncp.gov.br/api/pncp/v1/orgaos/75123125000108/compras/2024/40/itens,1
https://pncp.gov.br/api/pncp/v1/orgaos/75123125000108/compras/2024/40/itens,2
https://pncp.gov.br/api/pncp/v1/orgaos/75123125000108/compras/2024/40/itens,3
https://pncp.gov.br/api/pncp/v1/orgaos/75123125000108/compras/2024/40/itens,4
https://pncp.gov.br/api/pncp/v1/orgaos/75123125000108/compras/2024/40/itens,5
https://pncp.gov.br/api/pncp/v1/orgaos/75123125000108/compras/2024/40/itens,6
https://pncp.gov.br/api/pncp/v1/orgaos/75123125000108/compras/2024/40/itens,7
https://pncp.gov.br/api/pncp/v1/orgaos/75123125000108/compras/2024/40/itens,8
https://pncp.gov.br/api/pncp/v1/orgaos/75123125000108/compras/2024/40/itens,9
https://pncp.gov.br/api/pncp/v1/orgaos/75123125000108/compras/2024/40/itens,10
https://pncp.gov.br/api/pncp/v1/orgaos/76417005001743/compras/2025/9/itens,1
https://pncp.gov.br/api/pncp/v1/orgaos/76417005001743/compras/2025/9/itens,2
https://pncp.gov.br/api/pncp/v1/orgaos/76417005001743/compras/2025/10/itens,1
https://pncp.gov.br/api/pncp/v1/orgaos/76417005001743/compras/2025/10/itens,2
https://pncp.gov.br/api/pncp/v1/orgaos/76417005001743/compras/2025/10/itens,3
https://pncp.gov.br/api/pncp/v1/orgaos/76417005001743/compras/2025/10/itens,4
https://pncp.gov.br/api/pncp/v1/orgaos/76417005001743/compras/2025/10/itens,5
https://pncp.gov.br/api/pncp/v1/orgaos/76417005001743/compras/2025/10/itens,6
https://pncp.gov.br/api/pncp/v1/orgaos/76417005001743/compras/2025/10/itens,7
https://pncp.gov.br/api/pncp/v1/orgaos/76417005001743/compras/2025/12/itens,1
https://pncp.gov.br/api/pncp/v1/orgaos/76417005001743/compras/2025/12/itens,2
https://pncp.gov.br/api/pncp/v1/orgaos/76417005001743/compras/2025/12/itens,3
https://pncp.gov.br/api/pncp/v1/orgaos/76417005001743/compras/2025/12/itens,4
https://pncp.gov.br/api/pncp/v1/orgaos/76417005001743/compras/2025/12/itens,5
https://pncp.gov.br/api/pncp/v1/orgaos/76417005001743/compras/2025/12/itens,6
https://pncp.gov.br/api/pncp/v1/orgaos/76417005001743/compras/2025/12/itens,7
https://pncp.gov.br/api/pncp/v1/orgaos/76417005001743/compras/2025/12/itens,8
https://pncp.gov.br/api/pncp/v1/orgaos/76417005001743/compras/2025/14/itens,1
https://pncp.gov.br/api/pncp/v1/orgaos/76417005001743/compras/2025/14/itens,2
https://pncp.gov.br/api/pncp/v1/orgaos/76417005001743/compras/2025/14/itens,3
https://pncp.gov.br/api/pncp/v1/orgaos/76417005001743/compras/2025/14/itens,4
https://pncp.gov.br/api/pncp/v1/orgaos/76417005001743/compras/2025/14/itens,5
https://pncp.gov.br/api/pncp/v1/orgaos/76417005000186/compras/2024/458/itens,1
https://pncp.gov.br/api/pncp/v1/orgaos/76417005000186/compras/2024/458/itens,2
https://pncp.gov.br/api/pncp/v1/orgaos/76417005000186/compras/2024/458/itens,3
https://pncp.gov.br/api/pncp/v1/orgaos/76417005000186/compras/2024/458/itens,4
https://pncp.gov.br/api/pncp/v1/orgaos/14814139000183/compras/2025/10/itens,1
https://pncp.gov.br/api/pncp/v1/orgaos/76417005001743/compras/2025/15/itens,1
https://pncp.gov.br/api/pncp/v1/orgaos/76417005001743/compras/2025/15/itens,2
https://pncp.gov.br/api/pncp/v1/orgaos/76417005001743/compras/2025/15/itens,3
https://pncp.gov.br/api/pncp/v1/orgaos/76417005001743/compras/2025/15/itens,4
https://pncp.gov.br/api/pncp/v1/orgaos/76417005001743/compras/2025/15/itens,5
https://pncp.gov.br/api/pncp/v1/orgaos/76417005001743/compras/2025/15/itens,6
https://pncp.gov.br/api/pncp/v1/orgaos/14814139000183/compras/2024/210/itens,1
https://pncp.gov.br/api/pncp/v1/orgaos/14814139000183/compras/2024/210/itens,2
https://pncp.gov.br/api/pncp/v1/orgaos/14814139000183/compras/2024/210/itens,3
https://pncp.gov.br/api/pncp/v1/orgaos/14814139000183/compras/2024/210/itens,4
https://pncp.gov.br/api/pncp/v1/orgaos/14814139000183/compras/2024/210/itens,5
https://pncp.gov.br/api/pncp/v1/orgaos/14814139000183/compras/2024/210/itens,6
https://pncp.gov.br/api/pncp/v1/orgaos/14814139000183/compras/2024/210/itens,8
https://pncp.gov.br/api/pncp/v1/orgaos/14814139000183/compras/2024/210/itens,9
https://pncp.gov.br/api/pncp/v1/orgaos/14814139000183/compras/2024/210/itens,10
https://pncp.gov.br/api/pncp/v1/orgaos/14814139000183/compras/2025/2/itens,1
https://pncp.gov.br/api/pncp/v1/orgaos/13792329000184/compras/2024/318/itens,1
https://pncp.gov.br/api/pncp/v1/orgaos/14814139000183/compras/2025/26/itens,1
https://pncp.gov.br/api/pncp/v1/orgaos/14814139000183/compras/2025/26/itens,2
https://pncp.gov.br/api/pncp/v1/orgaos/14814139000183/compras/2025/26/itens,3
https://pncp.gov.br/api/pncp/v1/orgaos/14814139000183/compras/2025/26/itens,4
https://pncp.gov.br/api/pncp/v1/orgaos/14814139000183/compras/2025/26/itens,6
https://pncp.gov.br/api/pncp/v1/orgaos/76417005000186/compras/2025/3/itens,1
https://pncp.gov.br/api/pncp/v1/orgaos/76417005000186/compras/2025/3/itens,2
https://pncp.gov.br/api/pncp/v1/orgaos/76417005000186/compras/2025/3/itens,3
https://pncp.gov.br/api/pncp/v1/orgaos/76417005000186/compras/2024/437/itens,1
https://pncp.gov.br/api/pncp/v1/orgaos/76417005000186/compras/2024/437/itens,2
https://pncp.gov.br/api/pncp/v1/orgaos/76417005000186/compras/2024/437/itens,3
https://pncp.gov.br/api/pncp/v1/orgaos/76417005000186/compras/2024/437/itens,4
https://pncp.gov.br/api/pncp/v1/orgaos/76417005000186/compras/2024/437/itens,5
https://pncp.gov.br/api/pncp/v1/orgaos/76417005000186/compras/2024/437/itens,6
https://pncp.gov.br/api/pncp/v1/orgaos/76417005000186/compras/2024/437/itens,7
https://pncp.gov.br/api/pncp/v1/orgaos/76417005000186/compras/2024/437/itens,8
https://pncp.gov.br/api/pncp/v1/orgaos/76417005000186/compras/2024/437/itens,9
https://pncp.gov.br/api/pncp/v1/orgaos/76417005000186/compras/2024/437/itens,10
https://pncp.gov.br/api/pncp/v1/orgaos/76417005000186/compras/2024/411/itens,1
https://pncp.gov.br/api/pncp/v1/orgaos/76417005000186/compras/2024/411/itens,2
https://pncp.gov.br/api/pncp/v1/orgaos/76417005000186/compras/2024/411/itens,3
https://pncp.gov.br/api/pncp/v1/orgaos/14682109000160/compras/2025/2/itens,1
https://pncp.gov.br/api/pncp/v1/orgaos/14682109000160/compras/2025/3/itens,1
https://pncp.gov.br/api/pncp/v1/orgaos/14682109000160/compras/2025/3/itens,2
https://pncp.gov.br/api/pncp/v1/orgaos/14682109000160/compras/2025/3/itens,3
https://pncp.gov.br/api/pncp/v1/orgaos/14682109000160/compras/2025/3/itens,4
https://pncp.gov.br/api/pncp/v1/orgaos/14682109000160/compras/2025/3/itens,5
https://pncp.gov.br/api/pncp/v1/orgaos/14682109000160/compras/2025/3/itens,6
https://pncp.gov.br/api/pncp/v1/orgaos/14682109000160/compras/2025/3/itens,7
https://pncp.gov.br/api/pncp/v1/orgaos/14682109000160/compras/2025/3/itens,8
https://pncp.gov.br/api/pncp/v1/orgaos/14682109000160/compras/2025/3/itens,9
https://pncp.gov.br/api/pncp/v1/orgaos/14682109000160/compras/2025/3/itens,10
https://pncp.gov.br/api/pncp/v1/orgaos/14682109000160/compras/2025/4/itens,1
https://pncp.gov.br/api/pncp/v1/orgaos/14682109000160/compras/2025/4/itens,2
https://pncp.gov.br/api/pncp/v1/orgaos/14682109000160/compras/2025/4/itens,3
https://pncp.gov.br/api/pncp/v1/orgaos/14682109000160/compras/2025/4/itens,4
https://pncp.gov.br/api/pncp/v1/orgaos/14682109000160/compras/2025/4/itens,5
https://pncp.gov.br/api/pncp/v1/orgaos/14682109000160/compras/2025/4/itens,6
https://pncp.gov.br/api/pncp/v1/orgaos/14682109000160/compras/2025/4/itens,7
https://pncp.gov.br/api/pncp/v1/orgaos/14682109000160/compras/2025/4/itens,8
https://pncp.gov.br/api/pncp/v1/orgaos/14682109000160/compras/2025/4/itens,9
https://pncp.gov.br/api/pncp/v1/orgaos/14682109000160/compras/2025/4/itens,10
https://pncp.gov.br/api/pncp/v1/orgaos/14682109000160/compras/2025/5/itens,1
https://pncp.gov.br/api/pncp/v1/orgaos/14682109000160/compras/2025/5/itens,2
https://pncp.gov.br/api/pncp/v1/orgaos/14682109000160/compras/2025/5/itens,3
https://pncp.gov.br/api/pncp/v1/orgaos/14682109000160/compras/2025/5/itens,4
https://pncp.gov.br/api/pncp/v1/orgaos/14682109000160/compras/2025/5/itens,5
https://pncp.gov.br/api/pncp/v1/orgaos/14682109000160/compras/2025/5/itens,6
https://pncp.gov.br/api/pncp/v1/orgaos/14682109000160/compras/2025/5/itens,7
https://pncp.gov.br/api/pncp/v1/orgaos/14682109000160/compras/2025/5/itens,8
https://pncp.gov.br/api/pncp/v1/orgaos/14682109000160/compras/2025/5/itens,9
https://pncp.gov.br/api/pncp/v1/orgaos/14682109000160/compras/2025/5/itens,10
https://pncp.gov.br/api/pncp/v1/orgaos/14682109000160/compras/2025/6/itens,1
https://pncp.gov.br/api/pncp/v1/orgaos/14682109000160/compras/2025/6/itens,2
https://pncp.gov.br/api/pncp/v1/orgaos/14682109000160/compras/2025/6/itens,3
https://pncp.gov.br/api/pncp/v1/orgaos/14682109000160/compras/2025/6/itens,4
https://pncp.gov.br/api/pncp/v1/orgaos/14682109000160/compras/2025/6/itens,5
https://pncp.gov.br/api/pncp/v1/orgaos/14682109000160/compras/2025/6/itens,6
https://pncp.gov.br/api/pncp/v1/orgaos/14682109000160/compras/2025/6/itens,7
https://pncp.gov.br/api/pncp/v1/orgaos/14682109000160/compras/2025/6/itens,8
https://pncp.gov.br/api/pncp/v1/orgaos/14682109000160/compras/2025/6/itens,9
https://pncp.gov.br/api/pncp/v1/orgaos/14682109000160/compras/2025/6/itens,10
https://pncp.gov.br/api/pncp/v1/orgaos/14682109000160/compras/2025/7/itens,1
https://pncp.gov.br/api/pncp/v1/orgaos/14682109000160/compras/2025/7/itens,2
https://pncp.gov.br/api/pncp/v1/orgaos/14682109000160/compras/2025/7/itens,3
https://pncp.gov.br/api/pncp/v1/orgaos/14682109000160/compras/2025/7/itens,4
https://pncp.gov.br/api/pncp/v1/orgaos/14682109000160/compras/2025/7/itens,5
https://pncp.gov.br/api/pncp/v1/orgaos/14682109000160/compras/2025/7/itens,6
https://pncp.gov.br/api/pncp/v1/orgaos/14682109000160/compras/2025/7/itens,7
https://pncp.gov.br/api/pncp/v1/orgaos/14682109000160/compras/2025/7/itens,8
https://pncp.gov.br/api/pncp/v1/orgaos/14682109000160/compras/2025/7/itens,9
https://pncp.gov.br/api/pncp/v1/orgaos/14682109000160/compras/2025/7/itens,10
https://pncp.gov.br/api/pncp/v1/orgaos/14682109000160/compras/2025/8/itens,1
https://pncp.gov.br/api/pncp/v1/orgaos/14682109000160/compras/2025/8/itens,2
https://pncp.gov.br/api/pncp/v1/orgaos/14682109000160/compras/2025/8/itens,3
https://pncp.gov.br/api/pncp/v1/orgaos/77636520000110/compras/2025/5/itens,1
https://pncp.gov.br/api/pncp/v1/orgaos/76417005000186/compras/2024/450/itens,1
https://pncp.gov.br/api/pncp/v1/orgaos/76417005000186/compras/2024/451/itens,1
https://pncp.gov.br/api/pncp/v1/orgaos/76417005000186/compras/2024/452/itens,1
https://pncp.gov.br/api/pncp/v1/orgaos/76417005000186/compras/2024/453/itens,1
https://pncp.gov.br/api/pncp/v1/orgaos/76417005000186/compras/2024/454/itens,1
https://pncp.gov.br/api/pncp/v1/orgaos/76417005000186/compras/2024/455/itens,1
https://pncp.gov.br/api/pncp/v1/orgaos/76417005000186/compras/2024/456/itens,1
https://pncp.gov.br/api/pncp/v1/orgaos/13792329000184/compras/2025/7/itens,1
https://pncp.gov.br/api/pncp/v1/orgaos/13792329000184/compras/2025/7/itens,2
https://pncp.gov.br/api/pncp/v1/orgaos/77636520000110/compras/2025/6/itens,1
https://pncp.gov.br/api/pncp/v1/orgaos/77636520000110/compras/2025/6/itens,2
https://pncp.gov.br/api/pncp/v1/orgaos/77636520000110/compras/2025/6/itens,3
https://pncp.gov.br/api/pncp/v1/orgaos/77636520000110/compras/2025/6/itens,4
https://pncp.gov.br/api/pncp/v1/orgaos/77636520000110/compras/2025/6/itens,5
https://pncp.gov.br/api/pncp/v1/orgaos/77636520000110/compras/2025/6/itens,6
https://pncp.gov.br/api/pncp/v1/orgaos/77636520000110/compras/2025/6/itens,7
https://pncp.gov.br/api/pncp/v1/orgaos/77636520000110/compras/2025/6/itens,8
https://pncp.gov.br/api/pncp/v1/orgaos/77636520000110/compras/2025/6/itens,9
https://pncp.gov.br/api/pncp/v1/orgaos/77636520000110/compras/2025/6/itens,10
https://pncp.gov.br/api/pncp/v1/orgaos/13792329000184/compras/2025/9/itens,1
https://pncp.gov.br/api/pncp/v1/orgaos/76417005000186/compras/2025/4/itens,1
https://pncp.gov.br/api/pncp/v1/orgaos/13792329000184/compras/2025/10/itens,1
https://pncp.gov.br/api/pncp/v1/orgaos/76417005000186/compras/2025/5/itens,1
https://pncp.gov.br/api/pncp/v1/orgaos/76417005000186/compras/2025/5/itens,2
https://pncp.gov.br/api/pncp/v1/orgaos/76417005000186/compras/2025/5/itens,3
https://pncp.gov.br/api/pncp/v1/orgaos/76417005000186/compras/2025/5/itens,4
https://pncp.gov.br/api/pncp/v1/orgaos/14814139000183/compras/2025/15/itens,1
https://pncp.gov.br/api/pncp/v1/orgaos/14814139000183/compras/2025/18/itens,1
https://pncp.gov.br/api/pncp/v1/orgaos/14814139000183/compras/2025/18/itens,2
https://pncp.gov.br/api/pncp/v1/orgaos/14814139000183/compras/2025/18/itens,3
https://pncp.gov.br/api/pncp/v1/orgaos/76417005000186/compras/2024/457/itens,1
https://pncp.gov.br/api/pncp/v1/orgaos/14814139000183/compras/2025/22/itens,1
https://pncp.gov.br/api/pncp/v1/orgaos/13792329000184/compras/2025/8/itens,1
https://pncp.gov.br/api/pncp/v1/orgaos/76417005001743/compras/2025/18/itens,1
https://pncp.gov.br/api/pncp/v1/orgaos/76417005001743/compras/2025/18/itens,2
https://pncp.gov.br/api/pncp/v1/orgaos/76417005001743/compras/2025/18/itens,3
https://pncp.gov.br/api/pncp/v1/orgaos/76417005001743/compras/2025/18/itens,4
https://pncp.gov.br/api/pncp/v1/orgaos/76417005001743/compras/2025/18/itens,5
https://pncp.gov.br/api/pncp/v1/orgaos/76417005001743/compras/2025/18/itens,6
https://pncp.gov.br/api/pncp/v1/orgaos/76417005001743/compras/2025/18/itens,7
https://pncp.gov.br/api/pncp/v1/orgaos/76417005001743/compras/2025/18/itens,8
https://pncp.gov.br/api/pncp/v1/orgaos/76417005001743/compras/2025/18/itens,9
https://pncp.gov.br/api/pncp/v1/orgaos/76417005001743/compras/2025/18/itens,10
https://pncp.gov.br/api/pncp/v1/orgaos/76568930000108/compras/2024/44/itens,1
https://pncp.gov.br/api/pncp/v1/orgaos/76568930000108/compras/2024/44/itens,2
https://pncp.gov.br/api/pncp/v1/orgaos/76568930000108/compras/2024/44/itens,3
https://pncp.gov.br/api/pncp/v1/orgaos/76568930000108/compras/2024/44/itens,4
https://pncp.gov.br/api/pncp/v1/orgaos/76568930000108/compras/2024/44/itens,5
https://pncp.gov.br/api/pncp/v1/orgaos/76568930000108/compras/2024/44/itens,6
https://pncp.gov.br/api/pncp/v1/orgaos/76568930000108/compras/2024/44/itens,7
https://pncp.gov.br/api/pncp/v1/orgaos/76568930000108/compras/2024/44/itens,8
https://pncp.gov.br/api/pncp/v1/orgaos/76568930000108/compras/2024/44/itens,9
https://pncp.gov.br/api/pncp/v1/orgaos/76568930000108/compras/2024/44/itens,10
https://pncp.gov.br/api/pncp/v1/orgaos/76568930000108/compras/2024/45/itens,1
https://pncp.gov.br/api/pncp/v1/orgaos/76568930000108/compras/2024/45/itens,2
https://pncp.gov.br/api/pncp/v1/orgaos/76568930000108/compras/2024/45/itens,3
https://pncp.gov.br/api/pncp/v1/orgaos/76568930000108/compras/2024/45/itens,4
https://pncp.gov.br/api/pncp/v1/orgaos/76568930000108/compras/2024/45/itens,5
https://pncp.gov.br/api/pncp/v1/orgaos/76568930000108/compras/2024/45/itens,6
https://pncp.gov.br/api/pncp/v1/orgaos/76568930000108/compras/2024/45/itens,7
https://pncp.gov.br/api/pncp/v1/orgaos/76568930000108/compras/2024/45/itens,8
https://pncp.gov.br/api/pncp/v1/orgaos/76568930000108/compras/2024/45/itens,9
https://pncp.gov.br/api/pncp/v1/orgaos/76568930000108/compras/2024/45/itens,10
https://pncp.gov.br/api/pncp/v1/orgaos/76568930000108/compras/2024/46/itens,1
https://pncp.gov.br/api/pncp/v1/orgaos/76568930000108/compras/2024/46/itens,2
https://pncp.gov.br/api/pncp/v1/orgaos/76568930000108/compras/2024/46/itens,3
https://pncp.gov.br/api/pncp/v1/orgaos/76568930000108/compras/2024/46/itens,4
https://pncp.gov.br/api/pncp/v1/orgaos/76568930000108/compras/2024/46/itens,5
https://pncp.gov.br/api/pncp/v1/orgaos/76568930000108/compras/2024/46/itens,6
https://pncp.gov.br/api/pncp/v1/orgaos/76568930000108/compras/2024/46/itens,7
https://pncp.gov.br/api/pncp/v1/orgaos/76568930000108/compras/2024/46/itens,8
https://pncp.gov.br/api/pncp/v1/orgaos/76568930000108/compras/2024/46/itens,9
https://pncp.gov.br/api/pncp/v1/orgaos/76568930000108/compras/2024/46/itens,10
https://pncp.gov.br/api/pncp/v1/orgaos/76568930000108/compras/2024/47/itens,1
https://pncp.gov.br/api/pncp/v1/orgaos/76568930000108/compras/2024/47/itens,2
https://pncp.gov.br/api/pncp/v1/orgaos/76568930000108/compras/2024/48/itens,1
https://pncp.gov.br/api/pncp/v1/orgaos/76568930000108/compras/2024/48/itens,2
https://pncp.gov.br/api/pncp/v1/orgaos/76568930000108/compras/2024/48/itens,3
https://pncp.gov.br/api/pncp/v1/orgaos/76568930000108/compras/2024/48/itens,4
https://pncp.gov.br/api/pncp/v1/orgaos/76568930000108/compras/2024/48/itens,5
https://pncp.gov.br/api/pncp/v1/orgaos/76568930000108/compras/2024/48/itens,6
https://pncp.gov.br/api/pncp/v1/orgaos/76568930000108/compras/2024/48/itens,7
https://pncp.gov.br/api/pncp/v1/orgaos/76568930000108/compras/2024/48/itens,8
https://pncp.gov.br/api/pncp/v1/orgaos/76568930000108/compras/2024/48/itens,9
https://pncp.gov.br/api/pncp/v1/orgaos/76568930000108/compras/2024/48/itens,10
https://pncp.gov.br/api/pncp/v1/orgaos/14814139000183/compras/2024/213/itens,1
https://pncp.gov.br/api/pncp/v1/orgaos/14814139000183/compras/2024/213/itens,2
https://pncp.gov.br/api/pncp/v1/orgaos/14814139000183/compras/2024/213/itens,3
https://pncp.gov.br/api/pncp/v1/orgaos/14814139000183/compras/2024/213/itens,4
https://pncp.gov.br/api/pncp/v1/orgaos/14814139000183/compras/2024/213/itens,5
https://pncp.gov.br/api/pncp/v1/orgaos/14814139000183/compras/2024/213/itens,6
https://pncp.gov.br/api/pncp/v1/orgaos/14814139000183/compras/2024/213/itens,7
https://pncp.gov.br/api/pncp/v1/orgaos/14814139000183/compras/2024/213/itens,8
https://pncp.gov.br/api/pncp/v1/orgaos/14814139000183/compras/2024/213/itens,9
https://pncp.gov.br/api/pncp/v1/orgaos/14814139000183/compras/2024/213/itens,10
https://pncp.gov.br/api/pncp/v1/orgaos/76417005000186/compras/2024/308/itens,1
https://pncp.gov.br/api/pncp/v1/orgaos/75123125000108/compras/2024/25/itens,1
https://pncp.gov.br/api/pncp/v1/orgaos/75123125000108/compras/2024/25/itens,2
https://pncp.gov.br/api/pncp/v1/orgaos/75123125000108/compras/2024/25/itens,3
https://pncp.gov.br/api/pncp/v1/orgaos/75123125000108/compras/2024/25/itens,4
https://pncp.gov.br/api/pncp/v1/orgaos/75123125000108/compras/2024/25/itens,5
https://pncp.gov.br/api/pncp/v1/orgaos/75123125000108/compras/2024/25/itens,6
https://pncp.gov.br/api/pncp/v1/orgaos/75123125000108/compras/2024/25/itens,7
https://pncp.gov.br/api/pncp/v1/orgaos/75123125000108/compras/2024/25/itens,8
https://pncp.gov.br/api/pncp/v1/orgaos/75123125000108/compras/2024/25/itens,9
https://pncp.gov.br/api/pncp/v1/orgaos/75123125000108/compras/2024/25/itens,10
https://pncp.gov.br/api/pncp/v1/orgaos/76417005000186/compras/2024/448/itens,1
https://pncp.gov.br/api/pncp/v1/orgaos/76417005000186/compras/2024/448/itens,2
https://pncp.gov.br/api/pncp/v1/orgaos/76417005000186/compras/2024/448/itens,3
https://pncp.gov.br/api/pncp/v1/orgaos/76417005000186/compras/2024/448/itens,4
https://pncp.gov.br/api/pncp/v1/orgaos/76417005000186/compras/2024/448/itens,5
https://pncp.gov.br/api/pncp/v1/orgaos/76417005000186/compras/2024/448/itens,6
https://pncp.gov.br/api/pncp/v1/orgaos/76417005000186/compras/2024/448/itens,7
https://pncp.gov.br/api/pncp/v1/orgaos/76417005000186/compras/2024/448/itens,8
https://pncp.gov.br/api/pncp/v1/orgaos/76417005000186/compras/2024/448/itens,9
https://pncp.gov.br/api/pncp/v1/orgaos/76417005000186/compras/2024/448/itens,10
https://pncp.gov.br/api/pncp/v1/orgaos/76417005000186/compras/2025/7/itens,1
https://pncp.gov.br/api/pncp/v1/orgaos/76417005000186/compras/2025/7/itens,2
https://pncp.gov.br/api/pncp/v1/orgaos/76417005000186/compras/2025/7/itens,3
https://pncp.gov.br/api/pncp/v1/orgaos/76417005000186/compras/2025/7/itens,4
https://pncp.gov.br/api/pncp/v1/orgaos/14814139000183/compras/2025/31/itens,1
https://pncp.gov.br/api/pncp/v1/orgaos/14814139000183/compras/2025/17/itens,1
https://pncp.gov.br/api/pncp/v1/orgaos/76582337000116/compras/2025/1/itens,1
https://pncp.gov.br/api/pncp/v1/orgaos/76582337000116/compras/2025/1/itens,2
https://pncp.gov.br/api/pncp/v1/orgaos/76582337000116/compras/2025/1/itens,3
https://pncp.gov.br/api/pncp/v1/orgaos/76582337000116/compras/2025/1/itens,4
https://pncp.gov.br/api/pncp/v1/orgaos/76582337000116/compras/2025/1/itens,5
https://pncp.gov.br/api/pncp/v1/orgaos/76582337000116/compras/2025/1/itens,6
https://pncp.gov.br/api/pncp/v1/orgaos/76568930000108/compras/2025/1/itens,1
https://pncp.gov.br/api/pncp/v1/orgaos/76568930000108/compras/2025/1/itens,2
https://pncp.gov.br/api/pncp/v1/orgaos/76568930000108/compras/2025/1/itens,3
https://pncp.gov.br/api/pncp/v1/orgaos/76568930000108/compras/2025/1/itens,4
https://pncp.gov.br/api/pncp/v1/orgaos/76568930000108/compras/2025/1/itens,5
https://pncp.gov.br/api/pncp/v1/orgaos/76568930000108/compras/2025/1/itens,6
https://pncp.gov.br/api/pncp/v1/orgaos/76568930000108/compras/2025/1/itens,7
https://pncp.gov.br/api/pncp/v1/orgaos/76568930000108/compras/2025/1/itens,8
https://pncp.gov.br/api/pncp/v1/orgaos/76568930000108/compras/2025/1/itens,9
https://pncp.gov.br/api/pncp/v1/orgaos/76568930000108/compras/2025/1/itens,10
https://pncp.gov.br/api/pncp/v1/orgaos/75123125000108/compras/2024/47/itens,1
https://pncp.gov.br/api/pncp/v1/orgaos/75123125000108/compras/2024/47/itens,2
https://pncp.gov.br/api/pncp/v1/orgaos/75123125000108/compras/2024/47/itens,3
https://pncp.gov.br/api/pncp/v1/orgaos/14814139000183/compras/2025/11/itens,5
https://pncp.gov.br/api/pncp/v1/orgaos/14814139000183/compras/2025/19/itens,1
https://pncp.gov.br/api/pncp/v1/orgaos/14814139000183/compras/2025/19/itens,2
https://pncp.gov.br/api/pncp/v1/orgaos/14814139000183/compras/2025/19/itens,3
https://pncp.gov.br/api/pncp/v1/orgaos/14814139000183/compras/2025/19/itens,4
https://pncp.gov.br/api/pncp/v1/orgaos/14814139000183/compras/2025/19/itens,5
https://pncp.gov.br/api/pncp/v1/orgaos/76417005000186/compras/2024/346/itens,1
https://pncp.gov.br/api/pncp/v1/orgaos/76417005000186/compras/2024/346/itens,2
https://pncp.gov.br/api/pncp/v1/orgaos/76417005000186/compras/2024/346/itens,3
https://pncp.gov.br/api/pncp/v1/orgaos/76417005000186/compras/2024/346/itens,4
https://pncp.gov.br/api/pncp/v1/orgaos/76417005000186/compras/2024/346/itens,5
https://pncp.gov.br/api/pncp/v1/orgaos/76417005000186/compras/2024/346/itens,6
https://pncp.gov.br/api/pncp/v1/orgaos/76417005000186/compras/2024/346/itens,7
https://pncp.gov.br/api/pncp/v1/orgaos/76417005000186/compras/2024/346/itens,8
https://pncp.gov.br/api/pncp/v1/orgaos/76417005000186/compras/2024/346/itens,9
https://pncp.gov.br/api/pncp/v1/orgaos/76417005000186/compras/2024/346/itens,10
https://pncp.gov.br/api/pncp/v1/orgaos/03518900000113/compras/2024/23/itens,1
https://pncp.gov.br/api/pncp/v1/orgaos/03518900000113/compras/2024/23/itens,2
https://pncp.gov.br/api/pncp/v1/orgaos/03518900000113/compras/2024/23/itens,3
https://pncp.gov.br/api/pncp/v1/orgaos/03518900000113/compras/2024/23/itens,4
https://pncp.gov.br/api/pncp/v1/orgaos/03518900000113/compras/2024/23/itens,5
https://pncp.gov.br/api/pncp/v1/orgaos/03518900000113/compras/2024/23/itens,6
https://pncp.gov.br/api/pncp/v1/orgaos/03518900000113/compras/2024/23/itens,7
https://pncp.gov.br/api/pncp/v1/orgaos/03518900000113/compras/2024/23/itens,8
https://pncp.gov.br/api/pncp/v1/orgaos/03518900000113/compras/2024/23/itens,9
https://pncp.gov.br/api/pncp/v1/orgaos/03518900000113/compras/2024/23/itens,10
https://pncp.gov.br/api/pncp/v1/orgaos/03518900000113/compras/2024/24/itens,1
https://pncp.gov.br/api/pncp/v1/orgaos/03518900000113/compras/2024/24/itens,3
https://pncp.gov.br/api/pncp/v1/orgaos/03518900000113/compras/2024/24/itens,4
https://pncp.gov.br/api/pncp/v1/orgaos/03518900000113/compras/2024/24/itens,5
https://pncp.gov.br/api/pncp/v1/orgaos/03518900000113/compras/2024/24/itens,6
https://pncp.gov.br/api/pncp/v1/orgaos/03518900000113/compras/2024/24/itens,7
https://pncp.gov.br/api/pncp/v1/orgaos/03518900000113/compras/2024/24/itens,8
https://pncp.gov.br/api/pncp/v1/orgaos/03518900000113/compras/2024/24/itens,9
https://pncp.gov.br/api/pncp/v1/orgaos/03518900000113/compras/2024/24/itens,10
https://pncp.gov.br/api/pncp/v1/orgaos/76417005001743/compras/2025/19/itens,1
https://pncp.gov.br/api/pncp/v1/orgaos/76417005001743/compras/2025/19/itens,2
https://pncp.gov.br/api/pncp/v1/orgaos/76417005001743/compras/2025/19/itens,3
https://pncp.gov.br/api/pncp/v1/orgaos/76417005001743/compras/2025/19/itens,4
https://pncp.gov.br/api/pncp/v1/orgaos/76417005001743/compras/2025/20/itens,1
https://pncp.gov.br/api/pncp/v1/orgaos/76417005001743/compras/2025/20/itens,2
https://pncp.gov.br/api/pncp/v1/orgaos/76417005001743/compras/2025/20/itens,3
https://pncp.gov.br/api/pncp/v1/orgaos/76417005001743/compras/2025/20/itens,4
https://pncp.gov.br/api/pncp/v1/orgaos/76417005001743/compras/2025/20/itens,5
https://pncp.gov.br/api/pncp/v1/orgaos/76417005001743/compras/2025/20/itens,6
https://pncp.gov.br/api/pncp/v1/orgaos/76417005001743/compras/2025/20/itens,7
https://pncp.gov.br/api/pncp/v1/orgaos/13792329000184/compras/2024/198/itens,1
https://pncp.gov.br/api/pncp/v1/orgaos/13792329000184/compras/2024/198/itens,2
https://pncp.gov.br/api/pncp/v1/orgaos/13792329000184/compras/2024/198/itens,3
https://pncp.gov.br/api/pncp/v1/orgaos/13792329000184/compras/2024/198/itens,4
https://pncp.gov.br/api/pncp/v1/orgaos/13792329000184/compras/2024/198/itens,5
https://pncp.gov.br/api/pncp/v1/orgaos/13792329000184/compras/2024/198/itens,6
https://pncp.gov.br/api/pncp/v1/orgaos/13792329000184/compras/2024/198/itens,7
https://pncp.gov.br/api/pncp/v1/orgaos/13792329000184/compras/2024/198/itens,8
https://pncp.gov.br/api/pncp/v1/orgaos/13792329000184/compras/2024/198/itens,9
https://pncp.gov.br/api/pncp/v1/orgaos/13792329000184/compras/2024/198/itens,10
https://pncp.gov.br/api/pncp/v1/orgaos/13792329000184/compras/2024/243/itens,1
https://pncp.gov.br/api/pncp/v1/orgaos/14814139000183/compras/2025/32/itens,1
https://pncp.gov.br/api/pncp/v1/orgaos/14814139000183/compras/2025/5/itens,1
https://pncp.gov.br/api/pncp/v1/orgaos/14814139000183/compras/2025/5/itens,2
https://pncp.gov.br/api/pncp/v1/orgaos/14814139000183/compras/2025/5/itens,3
https://pncp.gov.br/api/pncp/v1/orgaos/76417005001743/compras/2025/21/itens,1
https://pncp.gov.br/api/pncp/v1/orgaos/76417005001743/compras/2025/21/itens,2
https://pncp.gov.br/api/pncp/v1/orgaos/76417005001743/compras/2025/21/itens,3
https://pncp.gov.br/api/pncp/v1/orgaos/76417005001743/compras/2025/21/itens,4
https://pncp.gov.br/api/pncp/v1/orgaos/13792329000184/compras/2025/15/itens,1
https://pncp.gov.br/api/pncp/v1/orgaos/13792329000184/compras/2025/15/itens,2
https://pncp.gov.br/api/pncp/v1/orgaos/13792329000184/compras/2025/15/itens,3
https://pncp.gov.br/api/pncp/v1/orgaos/13792329000184/compras/2025/15/itens,4
https://pncp.gov.br/api/pncp/v1/orgaos/13792329000184/compras/2025/15/itens,5
https://pncp.gov.br/api/pncp/v1/orgaos/13792329000184/compras/2025/15/itens,6
https://pncp.gov.br/api/pncp/v1/orgaos/13792329000184/compras/2025/15/itens,7
https://pncp.gov.br/api/pncp/v1/orgaos/13792329000184/compras/2025/15/itens,8
https://pncp.gov.br/api/pncp/v1/orgaos/13792329000184/compras/2025/15/itens,9
https://pncp.gov.br/api/pncp/v1/orgaos/13792329000184/compras/2025/15/itens,10
https://pncp.gov.br/api/pncp/v1/orgaos/76568930000108/compras/2025/2/itens,1
https://pncp.gov.br/api/pncp/v1/orgaos/76568930000108/compras/2025/2/itens,2
https://pncp.gov.br/api/pncp/v1/orgaos/76568930000108/compras/2025/2/itens,3
https://pncp.gov.br/api/pncp/v1/orgaos/76568930000108/compras/2025/2/itens,4
https://pncp.gov.br/api/pncp/v1/orgaos/76568930000108/compras/2025/2/itens,5
https://pncp.gov.br/api/pncp/v1/orgaos/76568930000108/compras/2025/2/itens,6
https://pncp.gov.br/api/pncp/v1/orgaos/76568930000108/compras/2025/2/itens,7
https://pncp.gov.br/api/pncp/v1/orgaos/76568930000108/compras/2025/2/itens,8
https://pncp.gov.br/api/pncp/v1/orgaos/76568930000108/compras/2025/2/itens,9
https://pncp.gov.br/api/pncp/v1/orgaos/76568930000108/compras/2025/2/itens,10
https://pncp.gov.br/api/pncp/v1/orgaos/76568930000108/compras/2025/3/itens,1
https://pncp.gov.br/api/pncp/v1/orgaos/76568930000108/compras/2025/3/itens,2
https://pncp.gov.br/api/pncp/v1/orgaos/76568930000108/compras/2025/3/itens,3
https://pncp.gov.br/api/pncp/v1/orgaos/76568930000108/compras/2025/3/itens,4
https://pncp.gov.br/api/pncp/v1/orgaos/76568930000108/compras/2025/3/itens,5
https://pncp.gov.br/api/pncp/v1/orgaos/76568930000108/compras/2025/3/itens,6
https://pncp.gov.br/api/pncp/v1/orgaos/76568930000108/compras/2025/3/itens,7
https://pncp.gov.br/api/pncp/v1/orgaos/76417005001743/compras/2025/22/itens,1
https://pncp.gov.br/api/pncp/v1/orgaos/76417005001743/compras/2025/22/itens,2
https://pncp.gov.br/api/pncp/v1/orgaos/76417005001743/compras/2025/22/itens,3
https://pncp.gov.br/api/pncp/v1/orgaos/76417005001743/compras/2025/22/itens,4
https://pncp.gov.br/api/pncp/v1/orgaos/76417005001743/compras/2025/22/itens,5
https://pncp.gov.br/api/pncp/v1/orgaos/76417005001743/compras/2025/22/itens,6
https://pncp.gov.br/api/pncp/v1/orgaos/76417005001743/compras/2025/22/itens,7
https://pncp.gov.br/api/pncp/v1/orgaos/76568930000108/compras/2024/31/itens,1
https://pncp.gov.br/api/pncp/v1/orgaos/76568930000108/compras/2024/31/itens,2
https://pncp.gov.br/api/pncp/v1/orgaos/76568930000108/compras/2024/31/itens,3
https://pncp.gov.br/api/pncp/v1/orgaos/13792329000184/compras/2025/21/itens,1
https://pncp.gov.br/api/pncp/v1/orgaos/13792329000184/compras/2025/21/itens,2
https://pncp.gov.br/api/pncp/v1/orgaos/13792329000184/compras/2025/21/itens,3
https://pncp.gov.br/api/pncp/v1/orgaos/13792329000184/compras/2025/21/itens,4
https://pncp.gov.br/api/pncp/v1/orgaos/13792329000184/compras/2025/21/itens,5
https://pncp.gov.br/api/pncp/v1/orgaos/13792329000184/compras/2025/21/itens,6
https://pncp.gov.br/api/pncp/v1/orgaos/13792329000184/compras/2025/21/itens,7
https://pncp.gov.br/api/pncp/v1/orgaos/13792329000184/compras/2025/21/itens,9
https://pncp.gov.br/api/pncp/v1/orgaos/13792329000184/compras/2025/21/itens,10
https://pncp.gov.br/api/pncp/v1/orgaos/76417005001743/compras/2025/24/itens,1
https://pncp.gov.br/api/pncp/v1/orgaos/76417005001743/compras/2025/24/itens,2
https://pncp.gov.br/api/pncp/v1/orgaos/76417005001743/compras/2025/24/itens,3
https://pncp.gov.br/api/pncp/v1/orgaos/76417005001743/compras/2025/24/itens,4
https://pncp.gov.br/api/pncp/v1/orgaos/76417005001743/compras/2025/24/itens,5
https://pncp.gov.br/api/pncp/v1/orgaos/76417005001743/compras/2025/26/itens,1
https://pncp.gov.br/api/pncp/v1/orgaos/76417005001743/compras/2025/26/itens,2
https://pncp.gov.br/api/pncp/v1/orgaos/76417005001743/compras/2025/26/itens,3
https://pncp.gov.br/api/pncp/v1/orgaos/76417005001743/compras/2025/26/itens,4
https://pncp.gov.br/api/pncp/v1/orgaos/76417005001743/compras/2025/26/itens,5
https://pncp.gov.br/api/pncp/v1/orgaos/76417005001743/compras/2025/26/itens,6
https://pncp.gov.br/api/pncp/v1/orgaos/76417005001743/compras/2025/26/itens,7
https://pncp.gov.br/api/pncp/v1/orgaos/76417005001743/compras/2025/26/itens,8
https://pncp.gov.br/api/pncp/v1/orgaos/76417005001743/compras/2025/26/itens,9
https://pncp.gov.br/api/pncp/v1/orgaos/76417005001743/compras/2025/26/itens,10
https://pncp.gov.br/api/pncp/v1/orgaos/75123125000108/compras/2025/3/itens,1
https://pncp.gov.br/api/pncp/v1/orgaos/75123125000108/compras/2025/3/itens,2
https://pncp.gov.br/api/pncp/v1/orgaos/75123125000108/compras/2025/3/itens,3
https://pncp.gov.br/api/pncp/v1/orgaos/75123125000108/compras/2025/3/itens,4
https://pncp.gov.br/api/pncp/v1/orgaos/75123125000108/compras/2025/3/itens,5
https://pncp.gov.br/api/pncp/v1/orgaos/75123125000108/compras/2025/3/itens,6
https://pncp.gov.br/api/pncp/v1/orgaos/75123125000108/compras/2025/3/itens,7
https://pncp.gov.br/api/pncp/v1/orgaos/75123125000108/compras/2025/3/itens,8
https://pncp.gov.br/api/pncp/v1/orgaos/75123125000108/compras/2025/3/itens,9
https://pncp.gov.br/api/pncp/v1/orgaos/75123125000108/compras/2025/3/itens,10
https://pncp.gov.br/api/pncp/v1/orgaos/14207082000154/compras/2024/1/itens,1
https://pncp.gov.br/api/pncp/v1/orgaos/14207082000154/compras/2024/1/itens,2
https://pncp.gov.br/api/pncp/v1/orgaos/14207082000154/compras/2024/1/itens,3
https://pncp.gov.br/api/pncp/v1/orgaos/14207082000154/compras/2024/1/itens,4
https://pncp.gov.br/api/pncp/v1/orgaos/14207082000154/compras/2024/1/itens,5
https://pncp.gov.br/api/pncp/v1/orgaos/14207082000154/compras/2024/1/itens,6
https://pncp.gov.br/api/pncp/v1/orgaos/14207082000154/compras/2024/1/itens,7
https://pncp.gov.br/api/pncp/v1/orgaos/76613835000189/compras/2024/10/itens,1
https://pncp.gov.br/api/pncp/v1/orgaos/13792329000184/compras/2024/270/itens,1
https://pncp.gov.br/api/pncp/v1/orgaos/76417005001743/compras/2025/27/itens,1
https://pncp.gov.br/api/pncp/v1/orgaos/76417005001743/compras/2025/27/itens,2
https://pncp.gov.br/api/pncp/v1/orgaos/76417005001743/compras/2025/27/itens,3
https://pncp.gov.br/api/pncp/v1/orgaos/76417005001743/compras/2025/27/itens,4
https://pncp.gov.br/api/pncp/v1/orgaos/76417005001743/compras/2025/27/itens,5
https://pncp.gov.br/api/pncp/v1/orgaos/76417005001743/compras/2025/27/itens,6
https://pncp.gov.br/api/pncp/v1/orgaos/76417005001743/compras/2025/27/itens,7
https://pncp.gov.br/api/pncp/v1/orgaos/76417005001743/compras/2025/27/itens,8
https://pncp.gov.br/api/pncp/v1/orgaos/76417005001743/compras/2025/27/itens,9
https://pncp.gov.br/api/pncp/v1/orgaos/76417005001743/compras/2025/27/itens,10
https://pncp.gov.br/api/pncp/v1/orgaos/76417005001743/compras/2025/29/itens,1
https://pncp.gov.br/api/pncp/v1/orgaos/76417005001743/compras/2025/29/itens,2
https://pncp.gov.br/api/pncp/v1/orgaos/76417005001743/compras/2025/29/itens,3
https://pncp.gov.br/api/pncp/v1/orgaos/76417005001743/compras/2025/29/itens,4
https://pncp.gov.br/api/pncp/v1/orgaos/76417005001743/compras/2025/29/itens,5
https://pncp.gov.br/api/pncp/v1/orgaos/76417005001743/compras/2025/29/itens,6
https://pncp.gov.br/api/pncp/v1/orgaos/76417005001743/compras/2025/29/itens,7
https://pncp.gov.br/api/pncp/v1/orgaos/76417005001743/compras/2025/2/itens,1
https://pncp.gov.br/api/pncp/v1/orgaos/76417005001743/compras/2025/2/itens,2
https://pncp.gov.br/api/pncp/v1/orgaos/76417005001743/compras/2025/2/itens,3
https://pncp.gov.br/api/pncp/v1/orgaos/14814139000183/compras/2025/29/itens,1
https://pncp.gov.br/api/pncp/v1/orgaos/76417005000186/compras/2025/6/itens,1
https://pncp.gov.br/api/pncp/v1/orgaos/76417005000186/compras/2025/6/itens,2
https://pncp.gov.br/api/pncp/v1/orgaos/76417005000186/compras/2025/6/itens,3
https://pncp.gov.br/api/pncp/v1/orgaos/76417005000186/compras/2025/6/itens,4
https://pncp.gov.br/api/pncp/v1/orgaos/76417005000186/compras/2025/6/itens,5
https://pncp.gov.br/api/pncp/v1/orgaos/76417005000186/compras/2025/6/itens,6
https://pncp.gov.br/api/pncp/v1/orgaos/76417005000186/compras/2025/6/itens,7
https://pncp.gov.br/api/pncp/v1/orgaos/77636520000110/compras/2025/7/itens,1
https://pncp.gov.br/api/pncp/v1/orgaos/77636520000110/compras/2025/7/itens,2
https://pncp.gov.br/api/pncp/v1/orgaos/77636520000110/compras/2025/7/itens,3
https://pncp.gov.br/api/pncp/v1/orgaos/77636520000110/compras/2025/7/itens,4
https://pncp.gov.br/api/pncp/v1/orgaos/77636520000110/compras/2025/7/itens,5
https://pncp.gov.br/api/pncp/v1/orgaos/77636520000110/compras/2025/7/itens,6
https://pncp.gov.br/api/pncp/v1/orgaos/76417005000186/compras/2025/8/itens,1
https://pncp.gov.br/api/pncp/v1/orgaos/14682109000160/compras/2025/9/itens,1
https://pncp.gov.br/api/pncp/v1/orgaos/14682109000160/compras/2025/9/itens,2
https://pncp.gov.br/api/pncp/v1/orgaos/14682109000160/compras/2025/9/itens,3
https://pncp.gov.br/api/pncp/v1/orgaos/14682109000160/compras/2025/9/itens,4
https://pncp.gov.br/api/pncp/v1/orgaos/14682109000160/compras/2025/9/itens,5
https://pncp.gov.br/api/pncp/v1/orgaos/14682109000160/compras/2025/9/itens,6
https://pncp.gov.br/api/pncp/v1/orgaos/14814139000183/compras/2025/25/itens,1
https://pncp.gov.br/api/pncp/v1/orgaos/13792329000184/compras/2025/14/itens,1
https://pncp.gov.br/api/pncp/v1/orgaos/07505809000114/compras/2025/2/itens,1
https://pncp.gov.br/api/pncp/v1/orgaos/76417005000186/compras/2025/10/itens,1
https://pncp.gov.br/api/pncp/v1/orgaos/13792329000184/compras/2025/17/itens,1
https://pncp.gov.br/api/pncp/v1/orgaos/13792329000184/compras/2025/18/itens,1
https://pncp.gov.br/api/pncp/v1/orgaos/13792329000184/compras/2025/18/itens,2
https://pncp.gov.br/api/pncp/v1/orgaos/13792329000184/compras/2025/18/itens,3
https://pncp.gov.br/api/pncp/v1/orgaos/13792329000184/compras/2025/20/itens,1
https://pncp.gov.br/api/pncp/v1/orgaos/76417005000186/compras/2025/11/itens,1
https://pncp.gov.br/api/pncp/v1/orgaos/81374949000153/compras/2025/1/itens,1
https://pncp.gov.br/api/pncp/v1/orgaos/13792329000184/compras/2025/22/itens,1
https://pncp.gov.br/api/pncp/v1/orgaos/76568930000108/compras/2025/4/itens,1
https://pncp.gov.br/api/pncp/v1/orgaos/76417005000186/compras/2025/9/itens,1
https://pncp.gov.br/api/pncp/v1/orgaos/76417005000186/compras/2025/9/itens,2
https://pncp.gov.br/api/pncp/v1/orgaos/76417005000186/compras/2025/9/itens,3
https://pncp.gov.br/api/pncp/v1/orgaos/76417005000186/compras/2025/9/itens,4
https://pncp.gov.br/api/pncp/v1/orgaos/76417005000186/compras/2025/9/itens,5
https://pncp.gov.br/api/pncp/v1/orgaos/76417005000186/compras/2025/9/itens,6
https://pncp.gov.br/api/pncp/v1/orgaos/76417005000186/compras/2025/9/itens,7
https://pncp.gov.br/api/pncp/v1/orgaos/76417005000186/compras/2025/9/itens,8
https://pncp.gov.br/api/pncp/v1/orgaos/76417005000186/compras/2025/9/itens,9
https://pncp.gov.br/api/pncp/v1/orgaos/76417005000186/compras/2025/9/itens,10
https://pncp.gov.br/api/pncp/v1/orgaos/75123125000108/compras/2025/1/itens,1
https://pncp.gov.br/api/pncp/v1/orgaos/75123125000108/compras/2025/2/itens,1
https://pncp.gov.br/api/pncp/v1/orgaos/76608736000109/compras/2025/1/itens,1
https://pncp.gov.br/api/pncp/v1/orgaos/75123125000108/compras/2025/4/itens,1
https://pncp.gov.br/api/pncp/v1/orgaos/75123125000108/compras/2025/5/itens,1
https://pncp.gov.br/api/pncp/v1/orgaos/75123125000108/compras/2025/5/itens,2
https://pncp.gov.br/api/pncp/v1/orgaos/75123125000108/compras/2025/5/itens,3
https://pncp.gov.br/api/pncp/v1/orgaos/75123125000108/compras/2025/5/itens,4
https://pncp.gov.br/api/pncp/v1/orgaos/75123125000108/compras/2025/6/itens,1
https://pncp.gov.br/api/pncp/v1/orgaos/75123125000108/compras/2025/6/itens,2
https://pncp.gov.br/api/pncp/v1/orgaos/75123125000108/compras/2025/6/itens,3
https://pncp.gov.br/api/pncp/v1/orgaos/75123125000108/compras/2025/7/itens,1
https://pncp.gov.br/api/pncp/v1/orgaos/75123125000108/compras/2025/7/itens,2
https://pncp.gov.br/api/pncp/v1/orgaos/75123125000108/compras/2025/7/itens,3
https://pncp.gov.br/api/pncp/v1/orgaos/75123125000108/compras/2025/7/itens,4
https://pncp.gov.br/api/pncp/v1/orgaos/75123125000108/compras/2025/7/itens,5
https://pncp.gov.br/api/pncp/v1/orgaos/75123125000108/compras/2025/7/itens,6
https://pncp.gov.br/api/pncp/v1/orgaos/75123125000108/compras/2025/8/itens,1
https://pncp.gov.br/api/pncp/v1/orgaos/75123125000108/compras/2025/9/itens,1
https://pncp.gov.br/api/pncp/v1/orgaos/75123125000108/compras/2025/10/itens,1
https://pncp.gov.br/api/pncp/v1/orgaos/75123125000108/compras/2025/11/itens,1
https://pncp.gov.br/api/pncp/v1/orgaos/14814139000183/compras/2025/4/itens,1
https://pncp.gov.br/api/pncp/v1/orgaos/14814139000183/compras/2025/4/itens,2
https://pncp.gov.br/api/pncp/v1/orgaos/14814139000183/compras/2025/4/itens,3
https://pncp.gov.br/api/pncp/v1/orgaos/14814139000183/compras/2025/4/itens,4
https://pncp.gov.br/api/pncp/v1/orgaos/14814139000183/compras/2025/4/itens,5
https://pncp.gov.br/api/pncp/v1/orgaos/14814139000183/compras/2025/4/itens,6
https://pncp.gov.br/api/pncp/v1/orgaos/14814139000183/compras/2025/4/itens,7
https://pncp.gov.br/api/pncp/v1/orgaos/14814139000183/compras/2025/4/itens,8
https://pncp.gov.br/api/pncp/v1/orgaos/14814139000183/compras/2025/4/itens,9
https://pncp.gov.br/api/pncp/v1/orgaos/14814139000183/compras/2025/4/itens,10
https://pncp.gov.br/api/pncp/v1/orgaos/14814139000183/compras/2025/8/itens,1
https://pncp.gov.br/api/pncp/v1/orgaos/14814139000183/compras/2025/8/itens,2
https://pncp.gov.br/api/pncp/v1/orgaos/14814139000183/compras/2025/8/itens,3
https://pncp.gov.br/api/pncp/v1/orgaos/14814139000183/compras/2025/8/itens,4
https://pncp.gov.br/api/pncp/v1/orgaos/14814139000183/compras/2025/8/itens,5
https://pncp.gov.br/api/pncp/v1/orgaos/14814139000183/compras/2025/8/itens,6
https://pncp.gov.br/api/pncp/v1/orgaos/14814139000183/compras/2025/8/itens,7
https://pncp.gov.br/api/pncp/v1/orgaos/14814139000183/compras/2025/8/itens,8
https://pncp.gov.br/api/pncp/v1/orgaos/14814139000183/compras/2025/8/itens,9
https://pncp.gov.br/api/pncp/v1/orgaos/14814139000183/compras/2025/8/itens,10
https://pncp.gov.br/api/pncp/v1/orgaos/76417005001743/compras/2024/192/itens,1
https://pncp.gov.br/api/pncp/v1/orgaos/76417005001743/compras/2024/192/itens,2
https://pncp.gov.br/api/pncp/v1/orgaos/76417005001743/compras/2024/192/itens,3
https://pncp.gov.br/api/pncp/v1/orgaos/76417005001743/compras/2024/192/itens,4
https://pncp.gov.br/api/pncp/v1/orgaos/76417005001743/compras/2024/192/itens,5
https://pncp.gov.br/api/pncp/v1/orgaos/76417005001743/compras/2024/192/itens,6
https://pncp.gov.br/api/pncp/v1/orgaos/76417005001743/compras/2024/192/itens,7
https://pncp.gov.br/api/pncp/v1/orgaos/76417005001743/compras/2024/192/itens,8
https://pncp.gov.br/api/pncp/v1/orgaos/76417005001743/compras/2024/192/itens,9
https://pncp.gov.br/api/pncp/v1/orgaos/76417005001743/compras/2024/192/itens,10
https://pncp.gov.br/api/pncp/v1/orgaos/76417005000186/compras/2023/2/itens,1
https://pncp.gov.br/api/pncp/v1/orgaos/76417005000186/compras/2023/2/itens,2
https://pncp.gov.br/api/pncp/v1/orgaos/76417005000186/compras/2023/2/itens,3
https://pncp.gov.br/api/pncp/v1/orgaos/76417005000186/compras/2023/2/itens,4
https://pncp.gov.br/api/pncp/v1/orgaos/76417005000186/compras/2023/2/itens,5
https://pncp.gov.br/api/pncp/v1/orgaos/76417005000186/compras/2023/2/itens,6
https://pncp.gov.br/api/pncp/v1/orgaos/76417005000186/compras/2023/2/itens,7
https://pncp.gov.br/api/pncp/v1/orgaos/76417005000186/compras/2023/2/itens,8
https://pncp.gov.br/api/pncp/v1/orgaos/76417005000186/compras/2023/2/itens,9
https://pncp.gov.br/api/pncp/v1/orgaos/76417005000186/compras/2023/2/itens,10
https://pncp.gov.br/api/pncp/v1/orgaos/14814139000183/compras/2025/16/itens,1
https://pncp.gov.br/api/pncp/v1/orgaos/14814139000183/compras/2025/16/itens,2
https://pncp.gov.br/api/pncp/v1/orgaos/03518900000113/compras/2023/5/itens,1
https://pncp.gov.br/api/pncp/v1/orgaos/76417005000186/compras/2023/4/itens,1
https://pncp.gov.br/api/pncp/v1/orgaos/76417005000186/compras/2023/4/itens,2
https://pncp.gov.br/api/pncp/v1/orgaos/76417005000186/compras/2023/4/itens,3
https://pncp.gov.br/api/pncp/v1/orgaos/76417005000186/compras/2023/4/itens,4
https://pncp.gov.br/api/pncp/v1/orgaos/76417005000186/compras/2023/4/itens,5
https://pncp.gov.br/api/pncp/v1/orgaos/76417005000186/compras/2023/4/itens,6
https://pncp.gov.br/api/pncp/v1/orgaos/76417005000186/compras/2023/4/itens,7
https://pncp.gov.br/api/pncp/v1/orgaos/76417005000186/compras/2023/4/itens,8
https://pncp.gov.br/api/pncp/v1/orgaos/76417005000186/compras/2023/4/itens,9
https://pncp.gov.br/api/pncp/v1/orgaos/76417005000186/compras/2023/4/itens,10
https://pncp.gov.br/api/pncp/v1/orgaos/03518900000113/compras/2023/3/itens,1
https://pncp.gov.br/api/pncp/v1/orgaos/03518900000113/compras/2023/3/itens,2
https://pncp.gov.br/api/pncp/v1/orgaos/03518900000113/compras/2023/3/itens,3
https://pncp.gov.br/api/pncp/v1/orgaos/03518900000113/compras/2023/3/itens,4
https://pncp.gov.br/api/pncp/v1/orgaos/03518900000113/compras/2023/3/itens,5
https://pncp.gov.br/api/pncp/v1/orgaos/03518900000113/compras/2023/1/itens,1
https://pncp.gov.br/api/pncp/v1/orgaos/76417005000186/compras/2023/35/itens,5
https://pncp.gov.br/api/pncp/v1/orgaos/76417005000186/compras/2023/35/itens,6
https://pncp.gov.br/api/pncp/v1/orgaos/03518900000113/compras/2023/8/itens,1
https://pncp.gov.br/api/pncp/v1/orgaos/14814139000183/compras/2025/41/itens,1
https://pncp.gov.br/api/pncp/v1/orgaos/14814139000183/compras/2025/41/itens,2
https://pncp.gov.br/api/pncp/v1/orgaos/76417005000186/compras/2023/31/itens,1
https://pncp.gov.br/api/pncp/v1/orgaos/76417005000186/compras/2023/31/itens,2
https://pncp.gov.br/api/pncp/v1/orgaos/76417005000186/compras/2023/31/itens,3
https://pncp.gov.br/api/pncp/v1/orgaos/76417005000186/compras/2023/31/itens,4
https://pncp.gov.br/api/pncp/v1/orgaos/76417005000186/compras/2023/31/itens,5
https://pncp.gov.br/api/pncp/v1/orgaos/76417005000186/compras/2023/31/itens,6
https://pncp.gov.br/api/pncp/v1/orgaos/76417005000186/compras/2023/31/itens,7
https://pncp.gov.br/api/pncp/v1/orgaos/76417005000186/compras/2023/31/itens,8
https://pncp.gov.br/api/pncp/v1/orgaos/76417005000186/compras/2023/31/itens,9
https://pncp.gov.br/api/pncp/v1/orgaos/76417005000186/compras/2023/31/itens,10
https://pncp.gov.br/api/pncp/v1/orgaos/76417005000186/compras/2024/445/itens,1
https://pncp.gov.br/api/pncp/v1/orgaos/03518900000113/compras/2023/4/itens,1
https://pncp.gov.br/api/pncp/v1/orgaos/76417005000186/compras/2023/30/itens,1
https://pncp.gov.br/api/pncp/v1/orgaos/76417005000186/compras/2023/30/itens,2
https://pncp.gov.br/api/pncp/v1/orgaos/76417005000186/compras/2023/30/itens,3
https://pncp.gov.br/api/pncp/v1/orgaos/76417005000186/compras/2023/30/itens,4
https://pncp.gov.br/api/pncp/v1/orgaos/76417005000186/compras/2023/30/itens,5
https://pncp.gov.br/api/pncp/v1/orgaos/76417005000186/compras/2023/30/itens,6
https://pncp.gov.br/api/pncp/v1/orgaos/76417005000186/compras/2023/30/itens,7
https://pncp.gov.br/api/pncp/v1/orgaos/76417005000186/compras/2023/30/itens,8
https://pncp.gov.br/api/pncp/v1/orgaos/76417005000186/compras/2023/30/itens,9
https://pncp.gov.br/api/pncp/v1/orgaos/76417005000186/compras/2023/30/itens,10
https://pncp.gov.br/api/pncp/v1/orgaos/13792329000184/compras/2024/52/itens,1
https://pncp.gov.br/api/pncp/v1/orgaos/13792329000184/compras/2024/52/itens,2
https://pncp.gov.br/api/pncp/v1/orgaos/76417005000186/compras/2023/5/itens,1
https://pncp.gov.br/api/pncp/v1/orgaos/76417005000186/compras/2023/5/itens,2
https://pncp.gov.br/api/pncp/v1/orgaos/76417005000186/compras/2023/5/itens,3
https://pncp.gov.br/api/pncp/v1/orgaos/76417005000186/compras/2023/5/itens,4
https://pncp.gov.br/api/pncp/v1/orgaos/76417005000186/compras/2023/5/itens,5
https://pncp.gov.br/api/pncp/v1/orgaos/76417005000186/compras/2023/5/itens,6
https://pncp.gov.br/api/pncp/v1/orgaos/76417005000186/compras/2023/5/itens,7
https://pncp.gov.br/api/pncp/v1/orgaos/76417005000186/compras/2023/5/itens,8
https://pncp.gov.br/api/pncp/v1/orgaos/76417005000186/compras/2023/5/itens,9
https://pncp.gov.br/api/pncp/v1/orgaos/76417005000186/compras/2023/5/itens,10
https://pncp.gov.br/api/pncp/v1/orgaos/76417005000186/compras/2023/29/itens,1
https://pncp.gov.br/api/pncp/v1/orgaos/76417005000186/compras/2023/29/itens,2
https://pncp.gov.br/api/pncp/v1/orgaos/76417005000186/compras/2023/29/itens,3
https://pncp.gov.br/api/pncp/v1/orgaos/76417005000186/compras/2023/29/itens,4
https://pncp.gov.br/api/pncp/v1/orgaos/76417005000186/compras/2023/29/itens,5
https://pncp.gov.br/api/pncp/v1/orgaos/76417005000186/compras/2023/29/itens,6
https://pncp.gov.br/api/pncp/v1/orgaos/76417005000186/compras/2023/29/itens,7
https://pncp.gov.br/api/pncp/v1/orgaos/76417005000186/compras/2023/29/itens,8
https://pncp.gov.br/api/pncp/v1/orgaos/76417005000186/compras/2023/29/itens,9
https://pncp.gov.br/api/pncp/v1/orgaos/76417005000186/compras/2023/29/itens,10
https://pncp.gov.br/api/pncp/v1/orgaos/76417005000186/compras/2023/36/itens,1
https://pncp.gov.br/api/pncp/v1/orgaos/76417005000186/compras/2023/36/itens,2
https://pncp.gov.br/api/pncp/v1/orgaos/76417005000186/compras/2023/36/itens,3
https://pncp.gov.br/api/pncp/v1/orgaos/76417005000186/compras/2023/36/itens,4
https://pncp.gov.br/api/pncp/v1/orgaos/76417005000186/compras/2023/36/itens,5
https://pncp.gov.br/api/pncp/v1/orgaos/76417005000186/compras/2023/36/itens,6
https://pncp.gov.br/api/pncp/v1/orgaos/76417005000186/compras/2023/36/itens,7
https://pncp.gov.br/api/pncp/v1/orgaos/76417005000186/compras/2023/36/itens,8
https://pncp.gov.br/api/pncp/v1/orgaos/76417005000186/compras/2023/36/itens,9
https://pncp.gov.br/api/pncp/v1/orgaos/76417005000186/compras/2023/36/itens,10
https://pncp.gov.br/api/pncp/v1/orgaos/76417005000186/compras/2023/53/itens,1
https://pncp.gov.br/api/pncp/v1/orgaos/76417005000186/compras/2023/53/itens,2
https://pncp.gov.br/api/pncp/v1/orgaos/76417005000186/compras/2023/53/itens,3
https://pncp.gov.br/api/pncp/v1/orgaos/76417005000186/compras/2023/53/itens,4
https://pncp.gov.br/api/pncp/v1/orgaos/76417005000186/compras/2023/53/itens,5
https://pncp.gov.br/api/pncp/v1/orgaos/76417005000186/compras/2023/53/itens,6
https://pncp.gov.br/api/pncp/v1/orgaos/76417005000186/compras/2023/53/itens,7
https://pncp.gov.br/api/pncp/v1/orgaos/03518900000113/compras/2023/9/itens,3
https://pncp.gov.br/api/pncp/v1/orgaos/03518900000113/compras/2023/9/itens,9
https://pncp.gov.br/api/pncp/v1/orgaos/76417005001743/compras/2025/4/itens,1
https://pncp.gov.br/api/pncp/v1/orgaos/76417005000186/compras/2023/67/itens,1
https://pncp.gov.br/api/pncp/v1/orgaos/76417005000186/compras/2023/67/itens,2
https://pncp.gov.br/api/pncp/v1/orgaos/76417005000186/compras/2023/63/itens,1
https://pncp.gov.br/api/pncp/v1/orgaos/76417005000186/compras/2023/63/itens,2
https://pncp.gov.br/api/pncp/v1/orgaos/76417005000186/compras/2023/63/itens,3
https://pncp.gov.br/api/pncp/v1/orgaos/76417005000186/compras/2023/63/itens,4
https://pncp.gov.br/api/pncp/v1/orgaos/76417005000186/compras/2023/63/itens,5
https://pncp.gov.br/api/pncp/v1/orgaos/76417005000186/compras/2023/63/itens,6
https://pncp.gov.br/api/pncp/v1/orgaos/76417005000186/compras/2023/47/itens,9
https://pncp.gov.br/api/pncp/v1/orgaos/76417005000186/compras/2023/59/itens,1
https://pncp.gov.br/api/pncp/v1/orgaos/76417005000186/compras/2023/59/itens,2
https://pncp.gov.br/api/pncp/v1/orgaos/76417005000186/compras/2023/59/itens,3
https://pncp.gov.br/api/pncp/v1/orgaos/76417005000186/compras/2023/59/itens,4
https://pncp.gov.br/api/pncp/v1/orgaos/76417005000186/compras/2023/59/itens,6
https://pncp.gov.br/api/pncp/v1/orgaos/76417005000186/compras/2023/59/itens,7
https://pncp.gov.br/api/pncp/v1/orgaos/03518900000113/compras/2023/7/itens,1
https://pncp.gov.br/api/pncp/v1/orgaos/76417005000186/compras/2023/3/itens,1
https://pncp.gov.br/api/pncp/v1/orgaos/76417005000186/compras/2023/3/itens,2
https://pncp.gov.br/api/pncp/v1/orgaos/76417005000186/compras/2023/3/itens,3
https://pncp.gov.br/api/pncp/v1/orgaos/76417005000186/compras/2023/3/itens,4
https://pncp.gov.br/api/pncp/v1/orgaos/76417005000186/compras/2023/3/itens,5
https://pncp.gov.br/api/pncp/v1/orgaos/76417005000186/compras/2023/3/itens,6
https://pncp.gov.br/api/pncp/v1/orgaos/76417005000186/compras/2023/3/itens,7
https://pncp.gov.br/api/pncp/v1/orgaos/76417005000186/compras/2023/3/itens,8
https://pncp.gov.br/api/pncp/v1/orgaos/76417005000186/compras/2023/3/itens,9
https://pncp.gov.br/api/pncp/v1/orgaos/76417005000186/compras/2023/66/itens,1
https://pncp.gov.br/api/pncp/v1/orgaos/76417005000186/compras/2023/66/itens,2
https://pncp.gov.br/api/pncp/v1/orgaos/76417005000186/compras/2023/66/itens,3
https://pncp.gov.br/api/pncp/v1/orgaos/76417005000186/compras/2023/66/itens,4
https://pncp.gov.br/api/pncp/v1/orgaos/76417005000186/compras/2023/66/itens,5
https://pncp.gov.br/api/pncp/v1/orgaos/76417005000186/compras/2023/66/itens,6
https://pncp.gov.br/api/pncp/v1/orgaos/76417005000186/compras/2023/66/itens,7
https://pncp.gov.br/api/pncp/v1/orgaos/76417005001743/compras/2025/3/itens,1
https://pncp.gov.br/api/pncp/v1/orgaos/76417005001743/compras/2025/3/itens,2
https://pncp.gov.br/api/pncp/v1/orgaos/76417005001743/compras/2025/3/itens,3
https://pncp.gov.br/api/pncp/v1/orgaos/14814139000183/compras/2025/6/itens,7
https://pncp.gov.br/api/pncp/v1/orgaos/14814139000183/compras/2025/6/itens,8
https://pncp.gov.br/api/pncp/v1/orgaos/76417005000186/compras/2023/78/itens,1
https://pncp.gov.br/api/pncp/v1/orgaos/76417005000186/compras/2023/78/itens,2
https://pncp.gov.br/api/pncp/v1/orgaos/76417005000186/compras/2023/78/itens,3
https://pncp.gov.br/api/pncp/v1/orgaos/76417005000186/compras/2023/78/itens,4
https://pncp.gov.br/api/pncp/v1/orgaos/76417005000186/compras/2023/78/itens,5
https://pncp.gov.br/api/pncp/v1/orgaos/76417005000186/compras/2023/78/itens,6
https://pncp.gov.br/api/pncp/v1/orgaos/76417005000186/compras/2023/78/itens,7
https://pncp.gov.br/api/pncp/v1/orgaos/76417005000186/compras/2023/78/itens,8
https://pncp.gov.br/api/pncp/v1/orgaos/76417005000186/compras/2023/78/itens,9
https://pncp.gov.br/api/pncp/v1/orgaos/76417005000186/compras/2023/78/itens,10
https://pncp.gov.br/api/pncp/v1/orgaos/76417005000186/compras/2023/61/itens,1
https://pncp.gov.br/api/pncp/v1/orgaos/76417005000186/compras/2023/61/itens,2
https://pncp.gov.br/api/pncp/v1/orgaos/76417005000186/compras/2023/61/itens,3
https://pncp.gov.br/api/pncp/v1/orgaos/76417005000186/compras/2023/61/itens,4
https://pncp.gov.br/api/pncp/v1/orgaos/76417005000186/compras/2023/61/itens,5
https://pncp.gov.br/api/pncp/v1/orgaos/76417005000186/compras/2023/61/itens,6
https://pncp.gov.br/api/pncp/v1/orgaos/76417005000186/compras/2023/61/itens,7
https://pncp.gov.br/api/pncp/v1/orgaos/76417005000186/compras/2023/61/itens,8
https://pncp.gov.br/api/pncp/v1/orgaos/76417005000186/compras/2023/61/itens,9
https://pncp.gov.br/api/pncp/v1/orgaos/76417005000186/compras/2023/61/itens,10
https://pncp.gov.br/api/pncp/v1/orgaos/76417005000186/compras/2023/84/itens,1
https://pncp.gov.br/api/pncp/v1/orgaos/76417005000186/compras/2023/90/itens,1
https://pncp.gov.br/api/pncp/v1/orgaos/76417005000186/compras/2023/90/itens,2
https://pncp.gov.br/api/pncp/v1/orgaos/76417005000186/compras/2023/90/itens,3
https://pncp.gov.br/api/pncp/v1/orgaos/76417005000186/compras/2023/90/itens,4
https://pncp.gov.br/api/pncp/v1/orgaos/76417005000186/compras/2023/90/itens,5
https://pncp.gov.br/api/pncp/v1/orgaos/76417005000186/compras/2023/90/itens,6
https://pncp.gov.br/api/pncp/v1/orgaos/76417005000186/compras/2023/90/itens,7
https://pncp.gov.br/api/pncp/v1/orgaos/76417005000186/compras/2023/90/itens,8
https://pncp.gov.br/api/pncp/v1/orgaos/76417005000186/compras/2023/90/itens,9
https://pncp.gov.br/api/pncp/v1/orgaos/76417005000186/compras/2023/94/itens,10
https://pncp.gov.br/api/pncp/v1/orgaos/76417005000186/compras/2023/101/itens,1
https://pncp.gov.br/api/pncp/v1/orgaos/13792329000184/compras/2025/26/itens,1
https://pncp.gov.br/api/pncp/v1/orgaos/13792329000184/compras/2025/26/itens,2
https://pncp.gov.br/api/pncp/v1/orgaos/13792329000184/compras/2025/26/itens,3
https://pncp.gov.br/api/pncp/v1/orgaos/13792329000184/compras/2025/26/itens,4
https://pncp.gov.br/api/pncp/v1/orgaos/13792329000184/compras/2025/26/itens,5
https://pncp.gov.br/api/pncp/v1/orgaos/13792329000184/compras/2025/26/itens,6
https://pncp.gov.br/api/pncp/v1/orgaos/13792329000184/compras/2025/26/itens,7
https://pncp.gov.br/api/pncp/v1/orgaos/13792329000184/compras/2025/26/itens,8
https://pncp.gov.br/api/pncp/v1/orgaos/13792329000184/compras/2025/26/itens,9
https://pncp.gov.br/api/pncp/v1/orgaos/13792329000184/compras/2025/26/itens,10
https://pncp.gov.br/api/pncp/v1/orgaos/14682109000160/compras/2025/10/itens,1
https://pncp.gov.br/api/pncp/v1/orgaos/14682109000160/compras/2025/10/itens,2
https://pncp.gov.br/api/pncp/v1/orgaos/14682109000160/compras/2025/10/itens,3
https://pncp.gov.br/api/pncp/v1/orgaos/14682109000160/compras/2025/10/itens,4
https://pncp.gov.br/api/pncp/v1/orgaos/14682109000160/compras/2025/10/itens,5
https://pncp.gov.br/api/pncp/v1/orgaos/14682109000160/compras/2025/10/itens,6
https://pncp.gov.br/api/pncp/v1/orgaos/14682109000160/compras/2025/10/itens,7
https://pncp.gov.br/api/pncp/v1/orgaos/14682109000160/compras/2025/10/itens,8
https://pncp.gov.br/api/pncp/v1/orgaos/14682109000160/compras/2025/10/itens,9
https://pncp.gov.br/api/pncp/v1/orgaos/14682109000160/compras/2025/10/itens,10
https://pncp.gov.br/api/pncp/v1/orgaos/14682109000160/compras/2025/11/itens,1
https://pncp.gov.br/api/pncp/v1/orgaos/14682109000160/compras/2025/12/itens,1
https://pncp.gov.br/api/pncp/v1/orgaos/75123125000108/compras/2024/35/itens,1
https://pncp.gov.br/api/pncp/v1/orgaos/75123125000108/compras/2024/35/itens,2
https://pncp.gov.br/api/pncp/v1/orgaos/75123125000108/compras/2024/35/itens,3
https://pncp.gov.br/api/pncp/v1/orgaos/75123125000108/compras/2024/35/itens,4
https://pncp.gov.br/api/pncp/v1/orgaos/75123125000108/compras/2024/35/itens,5
https://pncp.gov.br/api/pncp/v1/orgaos/75123125000108/compras/2024/35/itens,6
https://pncp.gov.br/api/pncp/v1/orgaos/75123125000108/compras/2024/35/itens,7
https://pncp.gov.br/api/pncp/v1/orgaos/75123125000108/compras/2024/35/itens,8
https://pncp.gov.br/api/pncp/v1/orgaos/75123125000108/compras/2024/35/itens,9
https://pncp.gov.br/api/pncp/v1/orgaos/75123125000108/compras/2024/35/itens,10
https://pncp.gov.br/api/pncp/v1/orgaos/75123125000108/compras/2024/43/itens,1
https://pncp.gov.br/api/pncp/v1/orgaos/75123125000108/compras/2024/43/itens,2
https://pncp.gov.br/api/pncp/v1/orgaos/75123125000108/compras/2024/43/itens,3
https://pncp.gov.br/api/pncp/v1/orgaos/75123125000108/compras/2024/43/itens,4
https://pncp.gov.br/api/pncp/v1/orgaos/75123125000108/compras/2024/43/itens,5
https://pncp.gov.br/api/pncp/v1/orgaos/75123125000108/compras/2024/43/itens,6
https://pncp.gov.br/api/pncp/v1/orgaos/75123125000108/compras/2024/43/itens,7
https://pncp.gov.br/api/pncp/v1/orgaos/75123125000108/compras/2024/43/itens,8
https://pncp.gov.br/api/pncp/v1/orgaos/75123125000108/compras/2024/43/itens,9
https://pncp.gov.br/api/pncp/v1/orgaos/75123125000108/compras/2024/43/itens,10
https://pncp.gov.br/api/pncp/v1/orgaos/03518900000113/compras/2023/10/itens,5
https://pncp.gov.br/api/pncp/v1/orgaos/76417005001743/compras/2025/8/itens,1
https://pncp.gov.br/api/pncp/v1/orgaos/76417005001743/compras/2025/5/itens,1
https://pncp.gov.br/api/pncp/v1/orgaos/76417005001743/compras/2025/5/itens,2
https://pncp.gov.br/api/pncp/v1/orgaos/76417005001743/compras/2025/5/itens,3
https://pncp.gov.br/api/pncp/v1/orgaos/76417005001743/compras/2025/5/itens,4
https://pncp.gov.br/api/pncp/v1/orgaos/76417005001743/compras/2025/5/itens,5
https://pncp.gov.br/api/pncp/v1/orgaos/76417005001743/compras/2025/5/itens,6
https://pncp.gov.br/api/pncp/v1/orgaos/76417005001743/compras/2025/5/itens,7
https://pncp.gov.br/api/pncp/v1/orgaos/76417005001743/compras/2025/5/itens,8
https://pncp.gov.br/api/pncp/v1/orgaos/03518900000113/compras/2023/13/itens,1
https://pncp.gov.br/api/pncp/v1/orgaos/76417005000186/compras/2023/102/itens,1
https://pncp.gov.br/api/pncp/v1/orgaos/03518900000113/compras/2023/18/itens,1
https://pncp.gov.br/api/pncp/v1/orgaos/03518900000113/compras/2023/18/itens,2
https://pncp.gov.br/api/pncp/v1/orgaos/03518900000113/compras/2023/18/itens,3
https://pncp.gov.br/api/pncp/v1/orgaos/03518900000113/compras/2023/18/itens,4
https://pncp.gov.br/api/pncp/v1/orgaos/03518900000113/compras/2023/18/itens,5
https://pncp.gov.br/api/pncp/v1/orgaos/03518900000113/compras/2023/18/itens,6
https://pncp.gov.br/api/pncp/v1/orgaos/03518900000113/compras/2023/18/itens,7
https://pncp.gov.br/api/pncp/v1/orgaos/03518900000113/compras/2023/18/itens,8
https://pncp.gov.br/api/pncp/v1/orgaos/03518900000113/compras/2023/18/itens,9
https://pncp.gov.br/api/pncp/v1/orgaos/03518900000113/compras/2023/18/itens,10
https://pncp.gov.br/api/pncp/v1/orgaos/14814139000183/compras/2025/27/itens,1
https://pncp.gov.br/api/pncp/v1/orgaos/03518900000113/compras/2023/20/itens,1
https://pncp.gov.br/api/pncp/v1/orgaos/03518900000113/compras/2023/20/itens,2
https://pncp.gov.br/api/pncp/v1/orgaos/03518900000113/compras/2023/20/itens,3
https://pncp.gov.br/api/pncp/v1/orgaos/03518900000113/compras/2023/20/itens,4
https://pncp.gov.br/api/pncp/v1/orgaos/03518900000113/compras/2023/24/itens,1
https://pncp.gov.br/api/pncp/v1/orgaos/03518900000113/compras/2023/24/itens,2
https://pncp.gov.br/api/pncp/v1/orgaos/76417005000186/compras/2023/118/itens,1
https://pncp.gov.br/api/pncp/v1/orgaos/76417005000186/compras/2023/118/itens,2
https://pncp.gov.br/api/pncp/v1/orgaos/76417005000186/compras/2023/118/itens,3
https://pncp.gov.br/api/pncp/v1/orgaos/76417005000186/compras/2023/118/itens,4
https://pncp.gov.br/api/pncp/v1/orgaos/76417005000186/compras/2023/118/itens,5
https://pncp.gov.br/api/pncp/v1/orgaos/76417005000186/compras/2023/118/itens,6
https://pncp.gov.br/api/pncp/v1/orgaos/76417005000186/compras/2023/118/itens,7
https://pncp.gov.br/api/pncp/v1/orgaos/76417005000186/compras/2023/118/itens,8
https://pncp.gov.br/api/pncp/v1/orgaos/03518900000113/compras/2023/12/itens,1
https://pncp.gov.br/api/pncp/v1/orgaos/76417005000186/compras/2023/139/itens,1
https://pncp.gov.br/api/pncp/v1/orgaos/76417005000186/compras/2023/143/itens,1
https://pncp.gov.br/api/pncp/v1/orgaos/76417005000186/compras/2023/81/itens,1
https://pncp.gov.br/api/pncp/v1/orgaos/76417005000186/compras/2023/144/itens,1
https://pncp.gov.br/api/pncp/v1/orgaos/76417005000186/compras/2023/144/itens,2
https://pncp.gov.br/api/pncp/v1/orgaos/76417005000186/compras/2023/112/itens,1
https://pncp.gov.br/api/pncp/v1/orgaos/76417005000186/compras/2023/112/itens,2
https://pncp.gov.br/api/pncp/v1/orgaos/76417005000186/compras/2023/112/itens,3
https://pncp.gov.br/api/pncp/v1/orgaos/76417005000186/compras/2023/112/itens,4
https://pncp.gov.br/api/pncp/v1/orgaos/76417005000186/compras/2023/112/itens,5
https://pncp.gov.br/api/pncp/v1/orgaos/76417005000186/compras/2023/112/itens,6
https://pncp.gov.br/api/pncp/v1/orgaos/76417005000186/compras/2023/112/itens,7
https://pncp.gov.br/api/pncp/v1/orgaos/76417005000186/compras/2023/112/itens,8
https://pncp.gov.br/api/pncp/v1/orgaos/76417005000186/compras/2023/112/itens,9
https://pncp.gov.br/api/pncp/v1/orgaos/76417005000186/compras/2023/112/itens,10
https://pncp.gov.br/api/pncp/v1/orgaos/76417005000186/compras/2023/111/itens,1
https://pncp.gov.br/api/pncp/v1/orgaos/76417005000186/compras/2023/132/itens,1
https://pncp.gov.br/api/pncp/v1/orgaos/76417005000186/compras/2023/132/itens,2
https://pncp.gov.br/api/pncp/v1/orgaos/76417005000186/compras/2023/138/itens,1
https://pncp.gov.br/api/pncp/v1/orgaos/76417005000186/compras/2023/138/itens,2
https://pncp.gov.br/api/pncp/v1/orgaos/76417005000186/compras/2023/138/itens,3
https://pncp.gov.br/api/pncp/v1/orgaos/76417005000186/compras/2023/138/itens,4
https://pncp.gov.br/api/pncp/v1/orgaos/76417005000186/compras/2023/138/itens,5
https://pncp.gov.br/api/pncp/v1/orgaos/76417005000186/compras/2023/138/itens,6
https://pncp.gov.br/api/pncp/v1/orgaos/76417005000186/compras/2023/138/itens,7
https://pncp.gov.br/api/pncp/v1/orgaos/76417005000186/compras/2023/138/itens,8
https://pncp.gov.br/api/pncp/v1/orgaos/76417005000186/compras/2023/138/itens,9
https://pncp.gov.br/api/pncp/v1/orgaos/76417005000186/compras/2023/138/itens,10
https://pncp.gov.br/api/pncp/v1/orgaos/76417005000186/compras/2023/131/itens,1
https://pncp.gov.br/api/pncp/v1/orgaos/76417005000186/compras/2023/114/itens,1
https://pncp.gov.br/api/pncp/v1/orgaos/76417005000186/compras/2023/114/itens,2
https://pncp.gov.br/api/pncp/v1/orgaos/76417005000186/compras/2023/114/itens,6
https://pncp.gov.br/api/pncp/v1/orgaos/76417005000186/compras/2023/114/itens,7
https://pncp.gov.br/api/pncp/v1/orgaos/76417005000186/compras/2023/114/itens,8
https://pncp.gov.br/api/pncp/v1/orgaos/76417005000186/compras/2023/114/itens,9
https://pncp.gov.br/api/pncp/v1/orgaos/76417005000186/compras/2023/114/itens,10
https://pncp.gov.br/api/pncp/v1/orgaos/76417005000186/compras/2023/142/itens,1
https://pncp.gov.br/api/pncp/v1/orgaos/76417005000186/compras/2023/119/itens,7
https://pncp.gov.br/api/pncp/v1/orgaos/76417005000186/compras/2023/77/itens,1
https://pncp.gov.br/api/pncp/v1/orgaos/76417005000186/compras/2023/77/itens,2
https://pncp.gov.br/api/pncp/v1/orgaos/76417005000186/compras/2023/77/itens,3
https://pncp.gov.br/api/pncp/v1/orgaos/76417005000186/compras/2023/77/itens,4
https://pncp.gov.br/api/pncp/v1/orgaos/76417005000186/compras/2023/77/itens,5
https://pncp.gov.br/api/pncp/v1/orgaos/76417005000186/compras/2023/77/itens,6
https://pncp.gov.br/api/pncp/v1/orgaos/76417005000186/compras/2023/77/itens,7
https://pncp.gov.br/api/pncp/v1/orgaos/76417005000186/compras/2023/77/itens,8
https://pncp.gov.br/api/pncp/v1/orgaos/76417005000186/compras/2023/77/itens,9
https://pncp.gov.br/api/pncp/v1/orgaos/76417005000186/compras/2023/77/itens,10
https://pncp.gov.br/api/pncp/v1/orgaos/03518900000113/compras/2023/2/itens,1
https://pncp.gov.br/api/pncp/v1/orgaos/14814139000183/compras/2025/37/itens,1
https://pncp.gov.br/api/pncp/v1/orgaos/76608736000109/compras/2025/2/itens,1
https://pncp.gov.br/api/pncp/v1/orgaos/76417005000186/compras/2025/12/itens,1
https://pncp.gov.br/api/pncp/v1/orgaos/76417005000186/compras/2025/13/itens,1
https://pncp.gov.br/api/pncp/v1/orgaos/13792329000184/compras/2025/27/itens,1
https://pncp.gov.br/api/pncp/v1/orgaos/13792329000184/compras/2025/28/itens,1
https://pncp.gov.br/api/pncp/v1/orgaos/13792329000184/compras/2025/29/itens,1
https://pncp.gov.br/api/pncp/v1/orgaos/13792329000184/compras/2025/30/itens,1
https://pncp.gov.br/api/pncp/v1/orgaos/13792329000184/compras/2025/31/itens,1
https://pncp.gov.br/api/pncp/v1/orgaos/76417005000186/compras/2023/155/itens,1
https://pncp.gov.br/api/pncp/v1/orgaos/76417005000186/compras/2023/156/itens,1
https://pncp.gov.br/api/pncp/v1/orgaos/13792329000184/compras/2025/24/itens,1
https://pncp.gov.br/api/pncp/v1/orgaos/13792329000184/compras/2025/25/itens,1
https://pncp.gov.br/api/pncp/v1/orgaos/76568930000108/compras/2025/5/itens,1
https://pncp.gov.br/api/pncp/v1/orgaos/76568930000108/compras/2025/5/itens,2
https://pncp.gov.br/api/pncp/v1/orgaos/76417005000186/compras/2024/314/itens,1
https://pncp.gov.br/api/pncp/v1/orgaos/76417005000186/compras/2024/360/itens,1
https://pncp.gov.br/api/pncp/v1/orgaos/76417005000186/compras/2023/150/itens,9
https://pncp.gov.br/api/pncp/v1/orgaos/03518900000113/compras/2023/21/itens,1
https://pncp.gov.br/api/pncp/v1/orgaos/03518900000113/compras/2023/21/itens,2
https://pncp.gov.br/api/pncp/v1/orgaos/03518900000113/compras/2023/21/itens,3
https://pncp.gov.br/api/pncp/v1/orgaos/03518900000113/compras/2023/21/itens,4
https://pncp.gov.br/api/pncp/v1/orgaos/03518900000113/compras/2023/21/itens,5
https://pncp.gov.br/api/pncp/v1/orgaos/03518900000113/compras/2023/21/itens,6
https://pncp.gov.br/api/pncp/v1/orgaos/03518900000113/compras/2023/21/itens,7
https://pncp.gov.br/api/pncp/v1/orgaos/03518900000113/compras/2023/21/itens,8
https://pncp.gov.br/api/pncp/v1/orgaos/03518900000113/compras/2023/21/itens,9
https://pncp.gov.br/api/pncp/v1/orgaos/03518900000113/compras/2023/21/itens,10
https://pncp.gov.br/api/pncp/v1/orgaos/03518900000113/compras/2023/26/itens,1
https://pncp.gov.br/api/pncp/v1/orgaos/03518900000113/compras/2023/26/itens,2
https://pncp.gov.br/api/pncp/v1/orgaos/03518900000113/compras/2023/26/itens,3
https://pncp.gov.br/api/pncp/v1/orgaos/03518900000113/compras/2023/26/itens,4
https://pncp.gov.br/api/pncp/v1/orgaos/03518900000113/compras/2023/26/itens,5
https://pncp.gov.br/api/pncp/v1/orgaos/03518900000113/compras/2023/26/itens,6
https://pncp.gov.br/api/pncp/v1/orgaos/03518900000113/compras/2023/26/itens,7
https://pncp.gov.br/api/pncp/v1/orgaos/03518900000113/compras/2023/26/itens,8
https://pncp.gov.br/api/pncp/v1/orgaos/03518900000113/compras/2023/26/itens,9
https://pncp.gov.br/api/pncp/v1/orgaos/03518900000113/compras/2023/26/itens,10
https://pncp.gov.br/api/pncp/v1/orgaos/76417005000186/compras/2023/103/itens,1
https://pncp.gov.br/api/pncp/v1/orgaos/76417005000186/compras/2023/103/itens,2
https://pncp.gov.br/api/pncp/v1/orgaos/76417005000186/compras/2023/103/itens,3
https://pncp.gov.br/api/pncp/v1/orgaos/76417005000186/compras/2023/130/itens,1
https://pncp.gov.br/api/pncp/v1/orgaos/76417005000186/compras/2023/160/itens,1
https://pncp.gov.br/api/pncp/v1/orgaos/76417005000186/compras/2023/160/itens,2
https://pncp.gov.br/api/pncp/v1/orgaos/76417005000186/compras/2023/160/itens,3
https://pncp.gov.br/api/pncp/v1/orgaos/76417005000186/compras/2023/160/itens,4
https://pncp.gov.br/api/pncp/v1/orgaos/76417005000186/compras/2023/160/itens,5
https://pncp.gov.br/api/pncp/v1/orgaos/76417005000186/compras/2023/160/itens,6
https://pncp.gov.br/api/pncp/v1/orgaos/76417005000186/compras/2023/95/itens,1
https://pncp.gov.br/api/pncp/v1/orgaos/76417005000186/compras/2023/95/itens,2
https://pncp.gov.br/api/pncp/v1/orgaos/76417005000186/compras/2023/95/itens,3
https://pncp.gov.br/api/pncp/v1/orgaos/76417005000186/compras/2023/95/itens,4
https://pncp.gov.br/api/pncp/v1/orgaos/76417005000186/compras/2023/95/itens,5
https://pncp.gov.br/api/pncp/v1/orgaos/76417005000186/compras/2023/95/itens,6
https://pncp.gov.br/api/pncp/v1/orgaos/76417005000186/compras/2023/95/itens,7
https://pncp.gov.br/api/pncp/v1/orgaos/76417005000186/compras/2023/95/itens,8
https://pncp.gov.br/api/pncp/v1/orgaos/76417005000186/compras/2023/95/itens,9
https://pncp.gov.br/api/pncp/v1/orgaos/76417005000186/compras/2023/95/itens,10
https://pncp.gov.br/api/pncp/v1/orgaos/76417005000186/compras/2023/166/itens,1
https://pncp.gov.br/api/pncp/v1/orgaos/76417005000186/compras/2023/97/itens,1
https://pncp.gov.br/api/pncp/v1/orgaos/76417005000186/compras/2023/97/itens,2
https://pncp.gov.br/api/pncp/v1/orgaos/76417005000186/compras/2023/97/itens,3
https://pncp.gov.br/api/pncp/v1/orgaos/76417005000186/compras/2023/97/itens,4
https://pncp.gov.br/api/pncp/v1/orgaos/76417005000186/compras/2023/97/itens,5
https://pncp.gov.br/api/pncp/v1/orgaos/76417005000186/compras/2023/97/itens,6
https://pncp.gov.br/api/pncp/v1/orgaos/76417005000186/compras/2023/97/itens,7
https://pncp.gov.br/api/pncp/v1/orgaos/76417005000186/compras/2023/97/itens,8
https://pncp.gov.br/api/pncp/v1/orgaos/76417005000186/compras/2023/97/itens,9
https://pncp.gov.br/api/pncp/v1/orgaos/76417005000186/compras/2023/97/itens,10
https://pncp.gov.br/api/pncp/v1/orgaos/76417005000186/compras/2023/162/itens,1
https://pncp.gov.br/api/pncp/v1/orgaos/76417005000186/compras/2023/162/itens,2
https://pncp.gov.br/api/pncp/v1/orgaos/03518900000113/compras/2023/28/itens,1
https://pncp.gov.br/api/pncp/v1/orgaos/03518900000113/compras/2023/28/itens,2
https://pncp.gov.br/api/pncp/v1/orgaos/03518900000113/compras/2023/25/itens,1
https://pncp.gov.br/api/pncp/v1/orgaos/03518900000113/compras/2023/25/itens,2
https://pncp.gov.br/api/pncp/v1/orgaos/03518900000113/compras/2023/25/itens,3
https://pncp.gov.br/api/pncp/v1/orgaos/03518900000113/compras/2023/25/itens,4
https://pncp.gov.br/api/pncp/v1/orgaos/03518900000113/compras/2023/25/itens,5
https://pncp.gov.br/api/pncp/v1/orgaos/03518900000113/compras/2023/25/itens,6
https://pncp.gov.br/api/pncp/v1/orgaos/03518900000113/compras/2023/25/itens,7
https://pncp.gov.br/api/pncp/v1/orgaos/03518900000113/compras/2023/25/itens,8
https://pncp.gov.br/api/pncp/v1/orgaos/03518900000113/compras/2023/25/itens,9
https://pncp.gov.br/api/pncp/v1/orgaos/03518900000113/compras/2023/25/itens,10
https://pncp.gov.br/api/pncp/v1/orgaos/76417005000186/compras/2023/153/itens,1
https://pncp.gov.br/api/pncp/v1/orgaos/76417005000186/compras/2023/153/itens,2
https://pncp.gov.br/api/pncp/v1/orgaos/76417005000186/compras/2023/153/itens,3
https://pncp.gov.br/api/pncp/v1/orgaos/76417005000186/compras/2023/153/itens,4
https://pncp.gov.br/api/pncp/v1/orgaos/76417005000186/compras/2023/153/itens,5
https://pncp.gov.br/api/pncp/v1/orgaos/76417005000186/compras/2023/153/itens,6
https://pncp.gov.br/api/pncp/v1/orgaos/76417005000186/compras/2023/117/itens,1
https://pncp.gov.br/api/pncp/v1/orgaos/76417005000186/compras/2023/117/itens,2
https://pncp.gov.br/api/pncp/v1/orgaos/76417005000186/compras/2023/117/itens,3
https://pncp.gov.br/api/pncp/v1/orgaos/76417005000186/compras/2023/117/itens,4
https://pncp.gov.br/api/pncp/v1/orgaos/76417005000186/compras/2023/117/itens,5
https://pncp.gov.br/api/pncp/v1/orgaos/76417005000186/compras/2023/117/itens,6
https://pncp.gov.br/api/pncp/v1/orgaos/76417005000186/compras/2023/117/itens,7
https://pncp.gov.br/api/pncp/v1/orgaos/76417005000186/compras/2023/117/itens,8
https://pncp.gov.br/api/pncp/v1/orgaos/76417005000186/compras/2023/117/itens,9
https://pncp.gov.br/api/pncp/v1/orgaos/76417005000186/compras/2023/136/itens,1
https://pncp.gov.br/api/pncp/v1/orgaos/76417005000186/compras/2023/136/itens,3
https://pncp.gov.br/api/pncp/v1/orgaos/76417005000186/compras/2023/136/itens,4
https://pncp.gov.br/api/pncp/v1/orgaos/76417005000186/compras/2023/136/itens,5
https://pncp.gov.br/api/pncp/v1/orgaos/76417005000186/compras/2023/136/itens,7
https://pncp.gov.br/api/pncp/v1/orgaos/76417005000186/compras/2023/136/itens,8
https://pncp.gov.br/api/pncp/v1/orgaos/76417005000186/compras/2023/136/itens,9
https://pncp.gov.br/api/pncp/v1/orgaos/76417005000186/compras/2023/136/itens,10
https://pncp.gov.br/api/pncp/v1/orgaos/03518900000113/compras/2023/27/itens,1
https://pncp.gov.br/api/pncp/v1/orgaos/76417005000186/compras/2023/181/itens,1
https://pncp.gov.br/api/pncp/v1/orgaos/76417005000186/compras/2023/163/itens,1
https://pncp.gov.br/api/pncp/v1/orgaos/76417005000186/compras/2023/163/itens,2
https://pncp.gov.br/api/pncp/v1/orgaos/76417005000186/compras/2023/163/itens,3
https://pncp.gov.br/api/pncp/v1/orgaos/76417005000186/compras/2023/163/itens,4
https://pncp.gov.br/api/pncp/v1/orgaos/76417005000186/compras/2023/163/itens,5
https://pncp.gov.br/api/pncp/v1/orgaos/76417005000186/compras/2023/163/itens,6
https://pncp.gov.br/api/pncp/v1/orgaos/76417005000186/compras/2023/163/itens,7
https://pncp.gov.br/api/pncp/v1/orgaos/76417005000186/compras/2023/163/itens,8
https://pncp.gov.br/api/pncp/v1/orgaos/76417005000186/compras/2023/163/itens,9
https://pncp.gov.br/api/pncp/v1/orgaos/76417005000186/compras/2023/163/itens,10
https://pncp.gov.br/api/pncp/v1/orgaos/03518900000113/compras/2023/22/itens,1
https://pncp.gov.br/api/pncp/v1/orgaos/03518900000113/compras/2023/22/itens,2
https://pncp.gov.br/api/pncp/v1/orgaos/03518900000113/compras/2023/22/itens,3
https://pncp.gov.br/api/pncp/v1/orgaos/03518900000113/compras/2023/22/itens,4
https://pncp.gov.br/api/pncp/v1/orgaos/03518900000113/compras/2023/22/itens,5
https://pncp.gov.br/api/pncp/v1/orgaos/03518900000113/compras/2023/22/itens,6
https://pncp.gov.br/api/pncp/v1/orgaos/03518900000113/compras/2023/22/itens,7
https://pncp.gov.br/api/pncp/v1/orgaos/03518900000113/compras/2023/22/itens,8
https://pncp.gov.br/api/pncp/v1/orgaos/03518900000113/compras/2023/22/itens,9
https://pncp.gov.br/api/pncp/v1/orgaos/03518900000113/compras/2023/22/itens,10
https://pncp.gov.br/api/pncp/v1/orgaos/76417005000186/compras/2023/194/itens,1
https://pncp.gov.br/api/pncp/v1/orgaos/03518900000113/compras/2023/23/itens,1
https://pncp.gov.br/api/pncp/v1/orgaos/03518900000113/compras/2023/23/itens,2
https://pncp.gov.br/api/pncp/v1/orgaos/03518900000113/compras/2023/23/itens,4
https://pncp.gov.br/api/pncp/v1/orgaos/03518900000113/compras/2023/23/itens,5
https://pncp.gov.br/api/pncp/v1/orgaos/03518900000113/compras/2023/23/itens,6
https://pncp.gov.br/api/pncp/v1/orgaos/03518900000113/compras/2023/23/itens,7
https://pncp.gov.br/api/pncp/v1/orgaos/03518900000113/compras/2023/23/itens,8
https://pncp.gov.br/api/pncp/v1/orgaos/03518900000113/compras/2023/23/itens,9
https://pncp.gov.br/api/pncp/v1/orgaos/76417005000186/compras/2023/159/itens,1
https://pncp.gov.br/api/pncp/v1/orgaos/76417005000186/compras/2023/159/itens,2
https://pncp.gov.br/api/pncp/v1/orgaos/76417005000186/compras/2023/159/itens,3
https://pncp.gov.br/api/pncp/v1/orgaos/76417005000186/compras/2023/159/itens,4
https://pncp.gov.br/api/pncp/v1/orgaos/76417005000186/compras/2023/159/itens,5
https://pncp.gov.br/api/pncp/v1/orgaos/76417005000186/compras/2023/159/itens,6
https://pncp.gov.br/api/pncp/v1/orgaos/76417005000186/compras/2023/159/itens,7
https://pncp.gov.br/api/pncp/v1/orgaos/76417005000186/compras/2023/159/itens,8
https://pncp.gov.br/api/pncp/v1/orgaos/76417005000186/compras/2023/159/itens,9
https://pncp.gov.br/api/pncp/v1/orgaos/76417005000186/compras/2023/159/itens,10
https://pncp.gov.br/api/pncp/v1/orgaos/76417005000186/compras/2023/157/itens,1
https://pncp.gov.br/api/pncp/v1/orgaos/03518900000113/compras/2023/30/itens,1
https://pncp.gov.br/api/pncp/v1/orgaos/03518900000113/compras/2023/30/itens,2
https://pncp.gov.br/api/pncp/v1/orgaos/03518900000113/compras/2023/30/itens,3
https://pncp.gov.br/api/pncp/v1/orgaos/03518900000113/compras/2023/30/itens,4
https://pncp.gov.br/api/pncp/v1/orgaos/03518900000113/compras/2023/30/itens,5
https://pncp.gov.br/api/pncp/v1/orgaos/76417005000186/compras/2023/158/itens,1
https://pncp.gov.br/api/pncp/v1/orgaos/76417005000186/compras/2023/158/itens,2
https://pncp.gov.br/api/pncp/v1/orgaos/76417005000186/compras/2023/158/itens,3
https://pncp.gov.br/api/pncp/v1/orgaos/76417005000186/compras/2023/158/itens,4
https://pncp.gov.br/api/pncp/v1/orgaos/76417005000186/compras/2023/158/itens,5
https://pncp.gov.br/api/pncp/v1/orgaos/76417005000186/compras/2023/158/itens,6
https://pncp.gov.br/api/pncp/v1/orgaos/76417005000186/compras/2023/158/itens,7
https://pncp.gov.br/api/pncp/v1/orgaos/76417005000186/compras/2023/158/itens,8
https://pncp.gov.br/api/pncp/v1/orgaos/76417005000186/compras/2023/158/itens,9
https://pncp.gov.br/api/pncp/v1/orgaos/76417005000186/compras/2023/158/itens,10
https://pncp.gov.br/api/pncp/v1/orgaos/03518900000113/compras/2023/16/itens,1
https://pncp.gov.br/api/pncp/v1/orgaos/76417005000186/compras/2023/92/itens,1
https://pncp.gov.br/api/pncp/v1/orgaos/76417005000186/compras/2023/92/itens,2
https://pncp.gov.br/api/pncp/v1/orgaos/76417005000186/compras/2023/92/itens,5
https://pncp.gov.br/api/pncp/v1/orgaos/76417005000186/compras/2023/92/itens,6
https://pncp.gov.br/api/pncp/v1/orgaos/76417005000186/compras/2023/92/itens,7
https://pncp.gov.br/api/pncp/v1/orgaos/76417005000186/compras/2023/92/itens,8
https://pncp.gov.br/api/pncp/v1/orgaos/76613835000189/compras/2024/8/itens,1
https://pncp.gov.br/api/pncp/v1/orgaos/14814139000183/compras/2025/36/itens,1
https://pncp.gov.br/api/pncp/v1/orgaos/14814139000183/compras/2025/36/itens,2
https://pncp.gov.br/api/pncp/v1/orgaos/14814139000183/compras/2025/36/itens,3
https://pncp.gov.br/api/pncp/v1/orgaos/14814139000183/compras/2025/36/itens,4
https://pncp.gov.br/api/pncp/v1/orgaos/14814139000183/compras/2025/36/itens,5
https://pncp.gov.br/api/pncp/v1/orgaos/14814139000183/compras/2025/36/itens,6
https://pncp.gov.br/api/pncp/v1/orgaos/14814139000183/compras/2025/36/itens,7
https://pncp.gov.br/api/pncp/v1/orgaos/14814139000183/compras/2025/36/itens,8
https://pncp.gov.br/api/pncp/v1/orgaos/14814139000183/compras/2025/36/itens,9
https://pncp.gov.br/api/pncp/v1/orgaos/14814139000183/compras/2025/36/itens,10
https://pncp.gov.br/api/pncp/v1/orgaos/76417005000186/compras/2023/182/itens,1
https://pncp.gov.br/api/pncp/v1/orgaos/76417005000186/compras/2023/154/itens,1
https://pncp.gov.br/api/pncp/v1/orgaos/76417005000186/compras/2023/154/itens,2
https://pncp.gov.br/api/pncp/v1/orgaos/76417005000186/compras/2023/154/itens,3
https://pncp.gov.br/api/pncp/v1/orgaos/76417005000186/compras/2023/154/itens,4
https://pncp.gov.br/api/pncp/v1/orgaos/76417005000186/compras/2023/116/itens,1
https://pncp.gov.br/api/pncp/v1/orgaos/76417005000186/compras/2023/116/itens,2
https://pncp.gov.br/api/pncp/v1/orgaos/76417005000186/compras/2023/116/itens,3
https://pncp.gov.br/api/pncp/v1/orgaos/76417005000186/compras/2023/116/itens,4
https://pncp.gov.br/api/pncp/v1/orgaos/76417005000186/compras/2023/116/itens,5
https://pncp.gov.br/api/pncp/v1/orgaos/76417005000186/compras/2023/116/itens,6
https://pncp.gov.br/api/pncp/v1/orgaos/76417005000186/compras/2023/116/itens,7
https://pncp.gov.br/api/pncp/v1/orgaos/76417005000186/compras/2023/116/itens,8
https://pncp.gov.br/api/pncp/v1/orgaos/76417005000186/compras/2023/161/itens,1
https://pncp.gov.br/api/pncp/v1/orgaos/76417005000186/compras/2023/161/itens,2
https://pncp.gov.br/api/pncp/v1/orgaos/76417005000186/compras/2023/161/itens,3
https://pncp.gov.br/api/pncp/v1/orgaos/76417005000186/compras/2023/161/itens,4
https://pncp.gov.br/api/pncp/v1/orgaos/76417005000186/compras/2024/8/itens,1
https://pncp.gov.br/api/pncp/v1/orgaos/76417005000186/compras/2024/8/itens,2
https://pncp.gov.br/api/pncp/v1/orgaos/76417005000186/compras/2024/8/itens,3
https://pncp.gov.br/api/pncp/v1/orgaos/76417005000186/compras/2024/8/itens,4
https://pncp.gov.br/api/pncp/v1/orgaos/03518900000113/compras/2023/31/itens,1
https://pncp.gov.br/api/pncp/v1/orgaos/03518900000113/compras/2023/11/itens,1
https://pncp.gov.br/api/pncp/v1/orgaos/76417005000186/compras/2024/3/itens,4
https://pncp.gov.br/api/pncp/v1/orgaos/76417005000186/compras/2024/9/itens,1
https://pncp.gov.br/api/pncp/v1/orgaos/76417005000186/compras/2024/9/itens,2
https://pncp.gov.br/api/pncp/v1/orgaos/76417005000186/compras/2024/9/itens,3
https://pncp.gov.br/api/pncp/v1/orgaos/76417005000186/compras/2024/9/itens,4
https://pncp.gov.br/api/pncp/v1/orgaos/03518900000113/compras/2024/3/itens,1
https://pncp.gov.br/api/pncp/v1/orgaos/76417005000186/compras/2024/7/itens,1
https://pncp.gov.br/api/pncp/v1/orgaos/76417005000186/compras/2024/7/itens,2
https://pncp.gov.br/api/pncp/v1/orgaos/76417005000186/compras/2024/7/itens,3
https://pncp.gov.br/api/pncp/v1/orgaos/76417005000186/compras/2024/7/itens,4
https://pncp.gov.br/api/pncp/v1/orgaos/76417005000186/compras/2024/7/itens,5
https://pncp.gov.br/api/pncp/v1/orgaos/76417005000186/compras/2024/7/itens,6
https://pncp.gov.br/api/pncp/v1/orgaos/76417005000186/compras/2024/7/itens,7
https://pncp.gov.br/api/pncp/v1/orgaos/76417005000186/compras/2024/7/itens,8
https://pncp.gov.br/api/pncp/v1/orgaos/76417005000186/compras/2024/7/itens,9
https://pncp.gov.br/api/pncp/v1/orgaos/76417005000186/compras/2024/7/itens,10
https://pncp.gov.br/api/pncp/v1/orgaos/76417005001743/compras/2025/13/itens,1
https://pncp.gov.br/api/pncp/v1/orgaos/76417005001743/compras/2025/13/itens,2
https://pncp.gov.br/api/pncp/v1/orgaos/03518900000113/compras/2023/29/itens,1
https://pncp.gov.br/api/pncp/v1/orgaos/76417005001743/compras/2025/16/itens,1
https://pncp.gov.br/api/pncp/v1/orgaos/76417005001743/compras/2025/16/itens,2
https://pncp.gov.br/api/pncp/v1/orgaos/76417005001743/compras/2025/16/itens,3
https://pncp.gov.br/api/pncp/v1/orgaos/76417005001743/compras/2025/16/itens,4
https://pncp.gov.br/api/pncp/v1/orgaos/76417005001743/compras/2025/16/itens,5
https://pncp.gov.br/api/pncp/v1/orgaos/76417005001743/compras/2025/16/itens,6
https://pncp.gov.br/api/pncp/v1/orgaos/76417005001743/compras/2025/16/itens,7
https://pncp.gov.br/api/pncp/v1/orgaos/14814139000183/compras/2024/194/itens,1
https://pncp.gov.br/api/pncp/v1/orgaos/14814139000183/compras/2024/194/itens,2
https://pncp.gov.br/api/pncp/v1/orgaos/14814139000183/compras/2024/194/itens,3
https://pncp.gov.br/api/pncp/v1/orgaos/14814139000183/compras/2024/194/itens,4
https://pncp.gov.br/api/pncp/v1/orgaos/14814139000183/compras/2024/194/itens,5
https://pncp.gov.br/api/pncp/v1/orgaos/14814139000183/compras/2024/194/itens,6
https://pncp.gov.br/api/pncp/v1/orgaos/14814139000183/compras/2024/194/itens,7
https://pncp.gov.br/api/pncp/v1/orgaos/14814139000183/compras/2024/194/itens,8
https://pncp.gov.br/api/pncp/v1/orgaos/14814139000183/compras/2024/194/itens,9
https://pncp.gov.br/api/pncp/v1/orgaos/14814139000183/compras/2024/194/itens,10
https://pncp.gov.br/api/pncp/v1/orgaos/75123125000108/compras/2025/12/itens,1
https://pncp.gov.br/api/pncp/v1/orgaos/75123125000108/compras/2025/12/itens,2
https://pncp.gov.br/api/pncp/v1/orgaos/75123125000108/compras/2025/12/itens,3
https://pncp.gov.br/api/pncp/v1/orgaos/75123125000108/compras/2025/12/itens,4
https://pncp.gov.br/api/pncp/v1/orgaos/75123125000108/compras/2025/12/itens,5
https://pncp.gov.br/api/pncp/v1/orgaos/75123125000108/compras/2025/12/itens,6
https://pncp.gov.br/api/pncp/v1/orgaos/75123125000108/compras/2025/12/itens,7
https://pncp.gov.br/api/pncp/v1/orgaos/75123125000108/compras/2025/12/itens,8
https://pncp.gov.br/api/pncp/v1/orgaos/76417005000186/compras/2024/459/itens,1
https://pncp.gov.br/api/pncp/v1/orgaos/76417005000186/compras/2024/459/itens,2
https://pncp.gov.br/api/pncp/v1/orgaos/76417005000186/compras/2024/460/itens,1
https://pncp.gov.br/api/pncp/v1/orgaos/76417005000186/compras/2024/460/itens,2
https://pncp.gov.br/api/pncp/v1/orgaos/76417005000186/compras/2024/460/itens,3
https://pncp.gov.br/api/pncp/v1/orgaos/76417005000186/compras/2024/11/itens,3
https://pncp.gov.br/api/pncp/v1/orgaos/03518900000113/compras/2023/17/itens,1
https://pncp.gov.br/api/pncp/v1/orgaos/14814139000183/compras/2024/2/itens,1
https://pncp.gov.br/api/pncp/v1/orgaos/14814139000183/compras/2024/2/itens,2
https://pncp.gov.br/api/pncp/v1/orgaos/14814139000183/compras/2024/2/itens,3
https://pncp.gov.br/api/pncp/v1/orgaos/14814139000183/compras/2024/2/itens,4
https://pncp.gov.br/api/pncp/v1/orgaos/14814139000183/compras/2024/2/itens,5
https://pncp.gov.br/api/pncp/v1/orgaos/14814139000183/compras/2024/2/itens,6
https://pncp.gov.br/api/pncp/v1/orgaos/14814139000183/compras/2024/2/itens,8
https://pncp.gov.br/api/pncp/v1/orgaos/14814139000183/compras/2024/2/itens,9
https://pncp.gov.br/api/pncp/v1/orgaos/14814139000183/compras/2024/2/itens,10
https://pncp.gov.br/api/pncp/v1/orgaos/14814139000183/compras/2024/8/itens,1
https://pncp.gov.br/api/pncp/v1/orgaos/14814139000183/compras/2024/8/itens,2
https://pncp.gov.br/api/pncp/v1/orgaos/14814139000183/compras/2024/8/itens,3
https://pncp.gov.br/api/pncp/v1/orgaos/14814139000183/compras/2024/8/itens,4
https://pncp.gov.br/api/pncp/v1/orgaos/14814139000183/compras/2024/8/itens,5
https://pncp.gov.br/api/pncp/v1/orgaos/14814139000183/compras/2024/8/itens,6
https://pncp.gov.br/api/pncp/v1/orgaos/14814139000183/compras/2024/8/itens,7
https://pncp.gov.br/api/pncp/v1/orgaos/14814139000183/compras/2024/8/itens,8
https://pncp.gov.br/api/pncp/v1/orgaos/03518900000113/compras/2024/1/itens,1
https://pncp.gov.br/api/pncp/v1/orgaos/03518900000113/compras/2024/1/itens,2
https://pncp.gov.br/api/pncp/v1/orgaos/03518900000113/compras/2024/1/itens,3
https://pncp.gov.br/api/pncp/v1/orgaos/03518900000113/compras/2024/1/itens,4
https://pncp.gov.br/api/pncp/v1/orgaos/03518900000113/compras/2024/1/itens,5
https://pncp.gov.br/api/pncp/v1/orgaos/03518900000113/compras/2024/1/itens,6
https://pncp.gov.br/api/pncp/v1/orgaos/03518900000113/compras/2024/1/itens,7
https://pncp.gov.br/api/pncp/v1/orgaos/03518900000113/compras/2024/1/itens,8
https://pncp.gov.br/api/pncp/v1/orgaos/03518900000113/compras/2024/1/itens,9
https://pncp.gov.br/api/pncp/v1/orgaos/03518900000113/compras/2024/1/itens,10
https://pncp.gov.br/api/pncp/v1/orgaos/76417005000186/compras/2023/195/itens,1
https://pncp.gov.br/api/pncp/v1/orgaos/76613835000189/compras/2025/1/itens,1
https://pncp.gov.br/api/pncp/v1/orgaos/76613835000189/compras/2025/2/itens,1
https://pncp.gov.br/api/pncp/v1/orgaos/76417005000186/compras/2025/18/itens,1
https://pncp.gov.br/api/pncp/v1/orgaos/76417005000186/compras/2025/18/itens,2
https://pncp.gov.br/api/pncp/v1/orgaos/75123125000108/compras/2024/41/itens,1
https://pncp.gov.br/api/pncp/v1/orgaos/75123125000108/compras/2024/41/itens,2
https://pncp.gov.br/api/pncp/v1/orgaos/75123125000108/compras/2024/41/itens,3
https://pncp.gov.br/api/pncp/v1/orgaos/75123125000108/compras/2024/41/itens,4
https://pncp.gov.br/api/pncp/v1/orgaos/75123125000108/compras/2024/41/itens,5
https://pncp.gov.br/api/pncp/v1/orgaos/75123125000108/compras/2024/41/itens,6
https://pncp.gov.br/api/pncp/v1/orgaos/75123125000108/compras/2024/41/itens,7
https://pncp.gov.br/api/pncp/v1/orgaos/75123125000108/compras/2024/41/itens,8
https://pncp.gov.br/api/pncp/v1/orgaos/75123125000108/compras/2024/41/itens,9
https://pncp.gov.br/api/pncp/v1/orgaos/75123125000108/compras/2024/41/itens,10
https://pncp.gov.br/api/pncp/v1/orgaos/14814139000183/compras/2024/15/itens,1
https://pncp.gov.br/api/pncp/v1/orgaos/14814139000183/compras/2024/14/itens,1
https://pncp.gov.br/api/pncp/v1/orgaos/14814139000183/compras/2024/14/itens,2
https://pncp.gov.br/api/pncp/v1/orgaos/14814139000183/compras/2024/19/itens,1
https://pncp.gov.br/api/pncp/v1/orgaos/76417005000186/compras/2024/446/itens,1
https://pncp.gov.br/api/pncp/v1/orgaos/76417005000186/compras/2024/446/itens,2
https://pncp.gov.br/api/pncp/v1/orgaos/76417005000186/compras/2024/446/itens,3
https://pncp.gov.br/api/pncp/v1/orgaos/76417005000186/compras/2024/446/itens,4
https://pncp.gov.br/api/pncp/v1/orgaos/76417005000186/compras/2024/446/itens,5
https://pncp.gov.br/api/pncp/v1/orgaos/76417005000186/compras/2024/446/itens,6
https://pncp.gov.br/api/pncp/v1/orgaos/76417005000186/compras/2024/446/itens,7
https://pncp.gov.br/api/pncp/v1/orgaos/76417005000186/compras/2024/446/itens,8
https://pncp.gov.br/api/pncp/v1/orgaos/76417005000186/compras/2024/446/itens,9
https://pncp.gov.br/api/pncp/v1/orgaos/76417005000186/compras/2024/446/itens,10
https://pncp.gov.br/api/pncp/v1/orgaos/14814139000183/compras/2024/17/itens,1
https://pncp.gov.br/api/pncp/v1/orgaos/13792329000184/compras/2024/299/itens,1
https://pncp.gov.br/api/pncp/v1/orgaos/13792329000184/compras/2024/299/itens,2
https://pncp.gov.br/api/pncp/v1/orgaos/13792329000184/compras/2024/299/itens,3
https://pncp.gov.br/api/pncp/v1/orgaos/13792329000184/compras/2024/299/itens,4
https://pncp.gov.br/api/pncp/v1/orgaos/13792329000184/compras/2024/299/itens,5
https://pncp.gov.br/api/pncp/v1/orgaos/13792329000184/compras/2024/299/itens,6
https://pncp.gov.br/api/pncp/v1/orgaos/13792329000184/compras/2024/299/itens,7
https://pncp.gov.br/api/pncp/v1/orgaos/13792329000184/compras/2024/299/itens,8
https://pncp.gov.br/api/pncp/v1/orgaos/13792329000184/compras/2024/299/itens,9
https://pncp.gov.br/api/pncp/v1/orgaos/13792329000184/compras/2024/299/itens,10
https://pncp.gov.br/api/pncp/v1/orgaos/13792329000184/compras/2025/34/itens,1
https://pncp.gov.br/api/pncp/v1/orgaos/13792329000184/compras/2025/34/itens,2
https://pncp.gov.br/api/pncp/v1/orgaos/13792329000184/compras/2025/34/itens,3
https://pncp.gov.br/api/pncp/v1/orgaos/13792329000184/compras/2025/34/itens,4
https://pncp.gov.br/api/pncp/v1/orgaos/13792329000184/compras/2025/12/itens,1
https://pncp.gov.br/api/pncp/v1/orgaos/13792329000184/compras/2025/12/itens,2
https://pncp.gov.br/api/pncp/v1/orgaos/13792329000184/compras/2025/12/itens,3
https://pncp.gov.br/api/pncp/v1/orgaos/13792329000184/compras/2025/12/itens,4
https://pncp.gov.br/api/pncp/v1/orgaos/13792329000184/compras/2025/12/itens,5
https://pncp.gov.br/api/pncp/v1/orgaos/13792329000184/compras/2025/12/itens,6
https://pncp.gov.br/api/pncp/v1/orgaos/13792329000184/compras/2025/12/itens,7
https://pncp.gov.br/api/pncp/v1/orgaos/13792329000184/compras/2025/12/itens,8
https://pncp.gov.br/api/pncp/v1/orgaos/13792329000184/compras/2025/12/itens,9
https://pncp.gov.br/api/pncp/v1/orgaos/13792329000184/compras/2025/12/itens,10
https://pncp.gov.br/api/pncp/v1/orgaos/14814139000183/compras/2025/1/itens,1
https://pncp.gov.br/api/pncp/v1/orgaos/14814139000183/compras/2025/1/itens,2
https://pncp.gov.br/api/pncp/v1/orgaos/14814139000183/compras/2025/1/itens,3
https://pncp.gov.br/api/pncp/v1/orgaos/14814139000183/compras/2025/1/itens,4
https://pncp.gov.br/api/pncp/v1/orgaos/14814139000183/compras/2025/1/itens,5
https://pncp.gov.br/api/pncp/v1/orgaos/14814139000183/compras/2025/1/itens,6
https://pncp.gov.br/api/pncp/v1/orgaos/14814139000183/compras/2025/1/itens,7
https://pncp.gov.br/api/pncp/v1/orgaos/14814139000183/compras/2025/1/itens,8
https://pncp.gov.br/api/pncp/v1/orgaos/14814139000183/compras/2025/1/itens,9
https://pncp.gov.br/api/pncp/v1/orgaos/14814139000183/compras/2025/1/itens,10
https://pncp.gov.br/api/pncp/v1/orgaos/14814139000183/compras/2025/21/itens,1
https://pncp.gov.br/api/pncp/v1/orgaos/14814139000183/compras/2025/21/itens,2
https://pncp.gov.br/api/pncp/v1/orgaos/14814139000183/compras/2025/50/itens,1
https://pncp.gov.br/api/pncp/v1/orgaos/76417005000186/compras/2023/167/itens,1
https://pncp.gov.br/api/pncp/v1/orgaos/76417005000186/compras/2023/167/itens,2
https://pncp.gov.br/api/pncp/v1/orgaos/76417005000186/compras/2023/167/itens,3
https://pncp.gov.br/api/pncp/v1/orgaos/76417005000186/compras/2023/167/itens,4
https://pncp.gov.br/api/pncp/v1/orgaos/76417005000186/compras/2023/167/itens,5
https://pncp.gov.br/api/pncp/v1/orgaos/76417005000186/compras/2023/167/itens,6
https://pncp.gov.br/api/pncp/v1/orgaos/76417005000186/compras/2023/167/itens,7
https://pncp.gov.br/api/pncp/v1/orgaos/76417005000186/compras/2023/167/itens,8
https://pncp.gov.br/api/pncp/v1/orgaos/76417005000186/compras/2023/167/itens,9
https://pncp.gov.br/api/pncp/v1/orgaos/76417005000186/compras/2023/167/itens,10
https://pncp.gov.br/api/pncp/v1/orgaos/76417005000186/compras/2024/4/itens,1
https://pncp.gov.br/api/pncp/v1/orgaos/76417005000186/compras/2024/4/itens,2
https://pncp.gov.br/api/pncp/v1/orgaos/76417005000186/compras/2024/4/itens,3
https://pncp.gov.br/api/pncp/v1/orgaos/76417005000186/compras/2024/4/itens,4
https://pncp.gov.br/api/pncp/v1/orgaos/76417005000186/compras/2024/4/itens,5
https://pncp.gov.br/api/pncp/v1/orgaos/76417005000186/compras/2024/4/itens,6
https://pncp.gov.br/api/pncp/v1/orgaos/14814139000183/compras/2024/21/itens,1
https://pncp.gov.br/api/pncp/v1/orgaos/14814139000183/compras/2024/31/itens,1
https://pncp.gov.br/api/pncp/v1/orgaos/14814139000183/compras/2024/31/itens,2
https://pncp.gov.br/api/pncp/v1/orgaos/14814139000183/compras/2024/31/itens,3
https://pncp.gov.br/api/pncp/v1/orgaos/14814139000183/compras/2024/26/itens,1
https://pncp.gov.br/api/pncp/v1/orgaos/14814139000183/compras/2024/23/itens,1
https://pncp.gov.br/api/pncp/v1/orgaos/14814139000183/compras/2024/23/itens,2
https://pncp.gov.br/api/pncp/v1/orgaos/14814139000183/compras/2024/23/itens,3
https://pncp.gov.br/api/pncp/v1/orgaos/14814139000183/compras/2024/23/itens,4
https://pncp.gov.br/api/pncp/v1/orgaos/14814139000183/compras/2024/34/itens,1
https://pncp.gov.br/api/pncp/v1/orgaos/14814139000183/compras/2024/24/itens,1
https://pncp.gov.br/api/pncp/v1/orgaos/14814139000183/compras/2024/20/itens,1
https://pncp.gov.br/api/pncp/v1/orgaos/14814139000183/compras/2024/7/itens,1
https://pncp.gov.br/api/pncp/v1/orgaos/14814139000183/compras/2025/20/itens,1
https://pncp.gov.br/api/pncp/v1/orgaos/14814139000183/compras/2025/20/itens,2
https://pncp.gov.br/api/pncp/v1/orgaos/14814139000183/compras/2025/20/itens,3
https://pncp.gov.br/api/pncp/v1/orgaos/14814139000183/compras/2025/20/itens,4
https://pncp.gov.br/api/pncp/v1/orgaos/14814139000183/compras/2025/20/itens,5
https://pncp.gov.br/api/pncp/v1/orgaos/14814139000183/compras/2025/20/itens,6
https://pncp.gov.br/api/pncp/v1/orgaos/14814139000183/compras/2025/20/itens,7
https://pncp.gov.br/api/pncp/v1/orgaos/14814139000183/compras/2025/20/itens,8
https://pncp.gov.br/api/pncp/v1/orgaos/14814139000183/compras/2025/20/itens,9
https://pncp.gov.br/api/pncp/v1/orgaos/14814139000183/compras/2025/20/itens,10
https://pncp.gov.br/api/pncp/v1/orgaos/14814139000183/compras/2025/9/itens,1
https://pncp.gov.br/api/pncp/v1/orgaos/13792329000184/compras/2025/36/itens,1
https://pncp.gov.br/api/pncp/v1/orgaos/13792329000184/compras/2025/36/itens,3
https://pncp.gov.br/api/pncp/v1/orgaos/13792329000184/compras/2025/36/itens,4
https://pncp.gov.br/api/pncp/v1/orgaos/13792329000184/compras/2025/36/itens,5
https://pncp.gov.br/api/pncp/v1/orgaos/13792329000184/compras/2025/36/itens,7
https://pncp.gov.br/api/pncp/v1/orgaos/13792329000184/compras/2025/36/itens,9
https://pncp.gov.br/api/pncp/v1/orgaos/14682109000160/compras/2025/14/itens,1
https://pncp.gov.br/api/pncp/v1/orgaos/14682109000160/compras/2025/14/itens,2
https://pncp.gov.br/api/pncp/v1/orgaos/14682109000160/compras/2025/14/itens,3
https://pncp.gov.br/api/pncp/v1/orgaos/14682109000160/compras/2025/14/itens,4
https://pncp.gov.br/api/pncp/v1/orgaos/14682109000160/compras/2025/14/itens,5
https://pncp.gov.br/api/pncp/v1/orgaos/14682109000160/compras/2025/14/itens,6
https://pncp.gov.br/api/pncp/v1/orgaos/14682109000160/compras/2025/14/itens,7
https://pncp.gov.br/api/pncp/v1/orgaos/14682109000160/compras/2025/14/itens,8
https://pncp.gov.br/api/pncp/v1/orgaos/14682109000160/compras/2025/14/itens,9
https://pncp.gov.br/api/pncp/v1/orgaos/14682109000160/compras/2025/14/itens,10
https://pncp.gov.br/api/pncp/v1/orgaos/14682109000160/compras/2025/15/itens,1
https://pncp.gov.br/api/pncp/v1/orgaos/14682109000160/compras/2025/16/itens,1
https://pncp.gov.br/api/pncp/v1/orgaos/14682109000160/compras/2025/17/itens,1
https://pncp.gov.br/api/pncp/v1/orgaos/14682109000160/compras/2025/17/itens,2
https://pncp.gov.br/api/pncp/v1/orgaos/14682109000160/compras/2025/17/itens,3
https://pncp.gov.br/api/pncp/v1/orgaos/14682109000160/compras/2025/17/itens,4
https://pncp.gov.br/api/pncp/v1/orgaos/14682109000160/compras/2025/17/itens,5
https://pncp.gov.br/api/pncp/v1/orgaos/14814139000183/compras/2024/16/itens,1
https://pncp.gov.br/api/pncp/v1/orgaos/14814139000183/compras/2024/16/itens,2
https://pncp.gov.br/api/pncp/v1/orgaos/14814139000183/compras/2024/16/itens,3
https://pncp.gov.br/api/pncp/v1/orgaos/14814139000183/compras/2024/16/itens,4
https://pncp.gov.br/api/pncp/v1/orgaos/14814139000183/compras/2024/16/itens,5
https://pncp.gov.br/api/pncp/v1/orgaos/14814139000183/compras/2024/16/itens,6
https://pncp.gov.br/api/pncp/v1/orgaos/14814139000183/compras/2024/16/itens,7
https://pncp.gov.br/api/pncp/v1/orgaos/14814139000183/compras/2024/16/itens,8
https://pncp.gov.br/api/pncp/v1/orgaos/14814139000183/compras/2024/16/itens,9
https://pncp.gov.br/api/pncp/v1/orgaos/14814139000183/compras/2024/16/itens,10
https://pncp.gov.br/api/pncp/v1/orgaos/14814139000183/compras/2024/36/itens,1
https://pncp.gov.br/api/pncp/v1/orgaos/14814139000183/compras/2024/36/itens,2
https://pncp.gov.br/api/pncp/v1/orgaos/14814139000183/compras/2024/36/itens,3
https://pncp.gov.br/api/pncp/v1/orgaos/14814139000183/compras/2024/36/itens,4
https://pncp.gov.br/api/pncp/v1/orgaos/14814139000183/compras/2024/22/itens,1
https://pncp.gov.br/api/pncp/v1/orgaos/14814139000183/compras/2024/11/itens,1
https://pncp.gov.br/api/pncp/v1/orgaos/14814139000183/compras/2024/11/itens,2
https://pncp.gov.br/api/pncp/v1/orgaos/14814139000183/compras/2024/11/itens,3
https://pncp.gov.br/api/pncp/v1/orgaos/14814139000183/compras/2024/11/itens,4
https://pncp.gov.br/api/pncp/v1/orgaos/14814139000183/compras/2024/11/itens,5
https://pncp.gov.br/api/pncp/v1/orgaos/14814139000183/compras/2024/11/itens,6
https://pncp.gov.br/api/pncp/v1/orgaos/14814139000183/compras/2024/11/itens,7
https://pncp.gov.br/api/pncp/v1/orgaos/14814139000183/compras/2024/11/itens,8
https://pncp.gov.br/api/pncp/v1/orgaos/14814139000183/compras/2024/11/itens,9
https://pncp.gov.br/api/pncp/v1/orgaos/14814139000183/compras/2024/11/itens,10
https://pncp.gov.br/api/pncp/v1/orgaos/14814139000183/compras/2024/37/itens,1
https://pncp.gov.br/api/pncp/v1/orgaos/14814139000183/compras/2024/37/itens,2
https://pncp.gov.br/api/pncp/v1/orgaos/14814139000183/compras/2024/37/itens,3
https://pncp.gov.br/api/pncp/v1/orgaos/14814139000183/compras/2024/37/itens,4
https://pncp.gov.br/api/pncp/v1/orgaos/14814139000183/compras/2024/37/itens,5
https://pncp.gov.br/api/pncp/v1/orgaos/14814139000183/compras/2024/37/itens,6
https://pncp.gov.br/api/pncp/v1/orgaos/14814139000183/compras/2024/37/itens,7
https://pncp.gov.br/api/pncp/v1/orgaos/14814139000183/compras/2024/37/itens,8
https://pncp.gov.br/api/pncp/v1/orgaos/14814139000183/compras/2024/37/itens,9
https://pncp.gov.br/api/pncp/v1/orgaos/14814139000183/compras/2024/37/itens,10
https://pncp.gov.br/api/pncp/v1/orgaos/14814139000183/compras/2024/49/itens,1
https://pncp.gov.br/api/pncp/v1/orgaos/14814139000183/compras/2024/49/itens,2
https://pncp.gov.br/api/pncp/v1/orgaos/14814139000183/compras/2024/49/itens,3
https://pncp.gov.br/api/pncp/v1/orgaos/14814139000183/compras/2024/49/itens,4
https://pncp.gov.br/api/pncp/v1/orgaos/14814139000183/compras/2024/48/itens,1
https://pncp.gov.br/api/pncp/v1/orgaos/14814139000183/compras/2024/48/itens,2
https://pncp.gov.br/api/pncp/v1/orgaos/14814139000183/compras/2024/48/itens,3
https://pncp.gov.br/api/pncp/v1/orgaos/14814139000183/compras/2024/48/itens,4
https://pncp.gov.br/api/pncp/v1/orgaos/14814139000183/compras/2024/48/itens,5
https://pncp.gov.br/api/pncp/v1/orgaos/14814139000183/compras/2024/48/itens,6
https://pncp.gov.br/api/pncp/v1/orgaos/14814139000183/compras/2024/48/itens,7
https://pncp.gov.br/api/pncp/v1/orgaos/14814139000183/compras/2024/48/itens,8
https://pncp.gov.br/api/pncp/v1/orgaos/14814139000183/compras/2024/48/itens,9
https://pncp.gov.br/api/pncp/v1/orgaos/14814139000183/compras/2024/48/itens,10
https://pncp.gov.br/api/pncp/v1/orgaos/76417005000186/compras/2024/10/itens,1
https://pncp.gov.br/api/pncp/v1/orgaos/14814139000183/compras/2024/38/itens,1
https://pncp.gov.br/api/pncp/v1/orgaos/14814139000183/compras/2024/38/itens,2
https://pncp.gov.br/api/pncp/v1/orgaos/14814139000183/compras/2024/38/itens,3
https://pncp.gov.br/api/pncp/v1/orgaos/14814139000183/compras/2024/38/itens,4
https://pncp.gov.br/api/pncp/v1/orgaos/14814139000183/compras/2024/38/itens,5
https://pncp.gov.br/api/pncp/v1/orgaos/14814139000183/compras/2024/38/itens,6
https://pncp.gov.br/api/pncp/v1/orgaos/14814139000183/compras/2024/38/itens,7
https://pncp.gov.br/api/pncp/v1/orgaos/14814139000183/compras/2024/50/itens,1
https://pncp.gov.br/api/pncp/v1/orgaos/14814139000183/compras/2024/50/itens,2
https://pncp.gov.br/api/pncp/v1/orgaos/14814139000183/compras/2024/50/itens,3
https://pncp.gov.br/api/pncp/v1/orgaos/14814139000183/compras/2024/50/itens,4
https://pncp.gov.br/api/pncp/v1/orgaos/14814139000183/compras/2024/35/itens,1
https://pncp.gov.br/api/pncp/v1/orgaos/14814139000183/compras/2024/35/itens,2
https://pncp.gov.br/api/pncp/v1/orgaos/14814139000183/compras/2024/35/itens,3
https://pncp.gov.br/api/pncp/v1/orgaos/76417005000186/compras/2024/6/itens,1
https://pncp.gov.br/api/pncp/v1/orgaos/14814139000183/compras/2024/54/itens,5
https://pncp.gov.br/api/pncp/v1/orgaos/14814139000183/compras/2024/28/itens,1
https://pncp.gov.br/api/pncp/v1/orgaos/14814139000183/compras/2024/28/itens,2
https://pncp.gov.br/api/pncp/v1/orgaos/14814139000183/compras/2024/28/itens,3
https://pncp.gov.br/api/pncp/v1/orgaos/14814139000183/compras/2024/28/itens,4
https://pncp.gov.br/api/pncp/v1/orgaos/14814139000183/compras/2024/28/itens,5
https://pncp.gov.br/api/pncp/v1/orgaos/14814139000183/compras/2024/28/itens,6
https://pncp.gov.br/api/pncp/v1/orgaos/14814139000183/compras/2024/28/itens,7
https://pncp.gov.br/api/pncp/v1/orgaos/14814139000183/compras/2024/28/itens,8
https://pncp.gov.br/api/pncp/v1/orgaos/14814139000183/compras/2024/28/itens,9
https://pncp.gov.br/api/pncp/v1/orgaos/14814139000183/compras/2024/28/itens,10
https://pncp.gov.br/api/pncp/v1/orgaos/03518900000113/compras/2024/5/itens,4
https://pncp.gov.br/api/pncp/v1/orgaos/03518900000113/compras/2024/5/itens,7
https://pncp.gov.br/api/pncp/v1/orgaos/03518900000113/compras/2024/5/itens,8
https://pncp.gov.br/api/pncp/v1/orgaos/03518900000113/compras/2024/5/itens,9
https://pncp.gov.br/api/pncp/v1/orgaos/03518900000113/compras/2024/5/itens,10
https://pncp.gov.br/api/pncp/v1/orgaos/03518900000113/compras/2024/7/itens,2
https://pncp.gov.br/api/pncp/v1/orgaos/03518900000113/compras/2024/7/itens,10
https://pncp.gov.br/api/pncp/v1/orgaos/03518900000113/compras/2024/6/itens,1
https://pncp.gov.br/api/pncp/v1/orgaos/14814139000183/compras/2024/60/itens,1
https://pncp.gov.br/api/pncp/v1/orgaos/14814139000183/compras/2024/60/itens,2
https://pncp.gov.br/api/pncp/v1/orgaos/14814139000183/compras/2024/60/itens,3
https://pncp.gov.br/api/pncp/v1/orgaos/14814139000183/compras/2024/60/itens,4
https://pncp.gov.br/api/pncp/v1/orgaos/14814139000183/compras/2024/60/itens,5
https://pncp.gov.br/api/pncp/v1/orgaos/14814139000183/compras/2024/60/itens,6
https://pncp.gov.br/api/pncp/v1/orgaos/14814139000183/compras/2024/60/itens,7
https://pncp.gov.br/api/pncp/v1/orgaos/14814139000183/compras/2024/60/itens,8
https://pncp.gov.br/api/pncp/v1/orgaos/14814139000183/compras/2024/60/itens,9
https://pncp.gov.br/api/pncp/v1/orgaos/14814139000183/compras/2024/60/itens,10
https://pncp.gov.br/api/pncp/v1/orgaos/14814139000183/compras/2024/73/itens,1
https://pncp.gov.br/api/pncp/v1/orgaos/14814139000183/compras/2024/61/itens,6
https://pncp.gov.br/api/pncp/v1/orgaos/14814139000183/compras/2024/61/itens,7
https://pncp.gov.br/api/pncp/v1/orgaos/14814139000183/compras/2024/69/itens,1
https://pncp.gov.br/api/pncp/v1/orgaos/14814139000183/compras/2024/56/itens,1
https://pncp.gov.br/api/pncp/v1/orgaos/14814139000183/compras/2024/56/itens,2
https://pncp.gov.br/api/pncp/v1/orgaos/14814139000183/compras/2024/56/itens,3
https://pncp.gov.br/api/pncp/v1/orgaos/14814139000183/compras/2024/56/itens,4
https://pncp.gov.br/api/pncp/v1/orgaos/14814139000183/compras/2024/56/itens,5
https://pncp.gov.br/api/pncp/v1/orgaos/14814139000183/compras/2024/56/itens,6
https://pncp.gov.br/api/pncp/v1/orgaos/14814139000183/compras/2024/56/itens,7
https://pncp.gov.br/api/pncp/v1/orgaos/14814139000183/compras/2024/56/itens,8
https://pncp.gov.br/api/pncp/v1/orgaos/14814139000183/compras/2024/46/itens,1
https://pncp.gov.br/api/pncp/v1/orgaos/14814139000183/compras/2024/78/itens,1
https://pncp.gov.br/api/pncp/v1/orgaos/14814139000183/compras/2024/78/itens,2
https://pncp.gov.br/api/pncp/v1/orgaos/03518900000113/compras/2024/8/itens,1
https://pncp.gov.br/api/pncp/v1/orgaos/03518900000113/compras/2024/8/itens,2
https://pncp.gov.br/api/pncp/v1/orgaos/03518900000113/compras/2024/8/itens,3
https://pncp.gov.br/api/pncp/v1/orgaos/03518900000113/compras/2024/8/itens,4
https://pncp.gov.br/api/pncp/v1/orgaos/03518900000113/compras/2024/8/itens,5
https://pncp.gov.br/api/pncp/v1/orgaos/03518900000113/compras/2024/8/itens,6
https://pncp.gov.br/api/pncp/v1/orgaos/03518900000113/compras/2024/8/itens,7
https://pncp.gov.br/api/pncp/v1/orgaos/03518900000113/compras/2024/8/itens,8
https://pncp.gov.br/api/pncp/v1/orgaos/03518900000113/compras/2024/8/itens,9
https://pncp.gov.br/api/pncp/v1/orgaos/03518900000113/compras/2024/8/itens,10
https://pncp.gov.br/api/pncp/v1/orgaos/03518900000113/compras/2024/14/itens,1
https://pncp.gov.br/api/pncp/v1/orgaos/03518900000113/compras/2024/13/itens,1
https://pncp.gov.br/api/pncp/v1/orgaos/03518900000113/compras/2024/13/itens,5
https://pncp.gov.br/api/pncp/v1/orgaos/03518900000113/compras/2024/13/itens,7
https://pncp.gov.br/api/pncp/v1/orgaos/03518900000113/compras/2024/13/itens,8
https://pncp.gov.br/api/pncp/v1/orgaos/03518900000113/compras/2024/9/itens,1
https://pncp.gov.br/api/pncp/v1/orgaos/03518900000113/compras/2024/9/itens,2
https://pncp.gov.br/api/pncp/v1/orgaos/03518900000113/compras/2024/9/itens,3
https://pncp.gov.br/api/pncp/v1/orgaos/03518900000113/compras/2024/9/itens,4
https://pncp.gov.br/api/pncp/v1/orgaos/03518900000113/compras/2024/9/itens,5
https://pncp.gov.br/api/pncp/v1/orgaos/03518900000113/compras/2024/9/itens,6
https://pncp.gov.br/api/pncp/v1/orgaos/03518900000113/compras/2024/9/itens,7
https://pncp.gov.br/api/pncp/v1/orgaos/03518900000113/compras/2024/9/itens,8
https://pncp.gov.br/api/pncp/v1/orgaos/03518900000113/compras/2024/9/itens,9
https://pncp.gov.br/api/pncp/v1/orgaos/03518900000113/compras/2024/9/itens,10
https://pncp.gov.br/api/pncp/v1/orgaos/03518900000113/compras/2024/15/itens,1
https://pncp.gov.br/api/pncp/v1/orgaos/03518900000113/compras/2024/15/itens,2
https://pncp.gov.br/api/pncp/v1/orgaos/77636520000110/compras/2024/7/itens,1
https://pncp.gov.br/api/pncp/v1/orgaos/14814139000183/compras/2024/30/itens,1
https://pncp.gov.br/api/pncp/v1/orgaos/14814139000183/compras/2024/30/itens,2
https://pncp.gov.br/api/pncp/v1/orgaos/14814139000183/compras/2024/30/itens,3
https://pncp.gov.br/api/pncp/v1/orgaos/14814139000183/compras/2024/30/itens,4
https://pncp.gov.br/api/pncp/v1/orgaos/14814139000183/compras/2024/30/itens,5
https://pncp.gov.br/api/pncp/v1/orgaos/14814139000183/compras/2024/30/itens,6
https://pncp.gov.br/api/pncp/v1/orgaos/14814139000183/compras/2024/30/itens,7
https://pncp.gov.br/api/pncp/v1/orgaos/14814139000183/compras/2024/30/itens,8
https://pncp.gov.br/api/pncp/v1/orgaos/14814139000183/compras/2024/30/itens,9
https://pncp.gov.br/api/pncp/v1/orgaos/14814139000183/compras/2024/30/itens,10
https://pncp.gov.br/api/pncp/v1/orgaos/14814139000183/compras/2024/53/itens,1
https://pncp.gov.br/api/pncp/v1/orgaos/14814139000183/compras/2024/53/itens,2
https://pncp.gov.br/api/pncp/v1/orgaos/14814139000183/compras/2024/53/itens,3
https://pncp.gov.br/api/pncp/v1/orgaos/14814139000183/compras/2024/53/itens,4
https://pncp.gov.br/api/pncp/v1/orgaos/14814139000183/compras/2024/80/itens,1
https://pncp.gov.br/api/pncp/v1/orgaos/14814139000183/compras/2024/84/itens,1
https://pncp.gov.br/api/pncp/v1/orgaos/14814139000183/compras/2024/84/itens,2
https://pncp.gov.br/api/pncp/v1/orgaos/14814139000183/compras/2024/84/itens,3
https://pncp.gov.br/api/pncp/v1/orgaos/14814139000183/compras/2024/84/itens,4
https://pncp.gov.br/api/pncp/v1/orgaos/14814139000183/compras/2024/91/itens,1
https://pncp.gov.br/api/pncp/v1/orgaos/14814139000183/compras/2024/91/itens,2
https://pncp.gov.br/api/pncp/v1/orgaos/14814139000183/compras/2024/91/itens,3
https://pncp.gov.br/api/pncp/v1/orgaos/14814139000183/compras/2024/79/itens,1
https://pncp.gov.br/api/pncp/v1/orgaos/14814139000183/compras/2024/67/itens,1
https://pncp.gov.br/api/pncp/v1/orgaos/14814139000183/compras/2024/77/itens,1
https://pncp.gov.br/api/pncp/v1/orgaos/14814139000183/compras/2024/77/itens,2
https://pncp.gov.br/api/pncp/v1/orgaos/14814139000183/compras/2024/83/itens,1
https://pncp.gov.br/api/pncp/v1/orgaos/14814139000183/compras/2024/83/itens,2
https://pncp.gov.br/api/pncp/v1/orgaos/14814139000183/compras/2024/83/itens,3
https://pncp.gov.br/api/pncp/v1/orgaos/14814139000183/compras/2024/83/itens,4
https://pncp.gov.br/api/pncp/v1/orgaos/14814139000183/compras/2024/83/itens,5
https://pncp.gov.br/api/pncp/v1/orgaos/14814139000183/compras/2024/83/itens,6
https://pncp.gov.br/api/pncp/v1/orgaos/14814139000183/compras/2024/63/itens,1
https://pncp.gov.br/api/pncp/v1/orgaos/14814139000183/compras/2024/63/itens,2
https://pncp.gov.br/api/pncp/v1/orgaos/14814139000183/compras/2024/63/itens,3
https://pncp.gov.br/api/pncp/v1/orgaos/14814139000183/compras/2024/63/itens,4
https://pncp.gov.br/api/pncp/v1/orgaos/14814139000183/compras/2024/63/itens,5
https://pncp.gov.br/api/pncp/v1/orgaos/14814139000183/compras/2024/63/itens,6
https://pncp.gov.br/api/pncp/v1/orgaos/14814139000183/compras/2024/63/itens,7
https://pncp.gov.br/api/pncp/v1/orgaos/14814139000183/compras/2024/63/itens,8
https://pncp.gov.br/api/pncp/v1/orgaos/14814139000183/compras/2024/63/itens,9
https://pncp.gov.br/api/pncp/v1/orgaos/14814139000183/compras/2024/63/itens,10
https://pncp.gov.br/api/pncp/v1/orgaos/14814139000183/compras/2024/41/itens,1
https://pncp.gov.br/api/pncp/v1/orgaos/14814139000183/compras/2024/41/itens,2
https://pncp.gov.br/api/pncp/v1/orgaos/14814139000183/compras/2024/41/itens,3
https://pncp.gov.br/api/pncp/v1/orgaos/14814139000183/compras/2024/41/itens,4
https://pncp.gov.br/api/pncp/v1/orgaos/14814139000183/compras/2024/41/itens,5
https://pncp.gov.br/api/pncp/v1/orgaos/14814139000183/compras/2024/41/itens,7
https://pncp.gov.br/api/pncp/v1/orgaos/14814139000183/compras/2024/71/itens,1
https://pncp.gov.br/api/pncp/v1/orgaos/14814139000183/compras/2024/71/itens,2
https://pncp.gov.br/api/pncp/v1/orgaos/14814139000183/compras/2024/89/itens,1
https://pncp.gov.br/api/pncp/v1/orgaos/14814139000183/compras/2024/89/itens,2
https://pncp.gov.br/api/pncp/v1/orgaos/14814139000183/compras/2024/93/itens,1
https://pncp.gov.br/api/pncp/v1/orgaos/14814139000183/compras/2024/93/itens,2
https://pncp.gov.br/api/pncp/v1/orgaos/14814139000183/compras/2024/93/itens,3
https://pncp.gov.br/api/pncp/v1/orgaos/14814139000183/compras/2024/66/itens,1
https://pncp.gov.br/api/pncp/v1/orgaos/14814139000183/compras/2024/66/itens,2
https://pncp.gov.br/api/pncp/v1/orgaos/14814139000183/compras/2024/66/itens,3
https://pncp.gov.br/api/pncp/v1/orgaos/14814139000183/compras/2024/66/itens,4
https://pncp.gov.br/api/pncp/v1/orgaos/14814139000183/compras/2024/66/itens,5
https://pncp.gov.br/api/pncp/v1/orgaos/14814139000183/compras/2024/66/itens,6
https://pncp.gov.br/api/pncp/v1/orgaos/14814139000183/compras/2024/66/itens,7
https://pncp.gov.br/api/pncp/v1/orgaos/14814139000183/compras/2024/66/itens,8
https://pncp.gov.br/api/pncp/v1/orgaos/14814139000183/compras/2024/66/itens,10
https://pncp.gov.br/api/pncp/v1/orgaos/14814139000183/compras/2024/81/itens,3
https://pncp.gov.br/api/pncp/v1/orgaos/14814139000183/compras/2024/109/itens,1
https://pncp.gov.br/api/pncp/v1/orgaos/14814139000183/compras/2024/115/itens,1
https://pncp.gov.br/api/pncp/v1/orgaos/14814139000183/compras/2024/115/itens,2
https://pncp.gov.br/api/pncp/v1/orgaos/14814139000183/compras/2024/115/itens,3
https://pncp.gov.br/api/pncp/v1/orgaos/14814139000183/compras/2024/115/itens,4
https://pncp.gov.br/api/pncp/v1/orgaos/14814139000183/compras/2024/107/itens,1
https://pncp.gov.br/api/pncp/v1/orgaos/14814139000183/compras/2024/107/itens,2
https://pncp.gov.br/api/pncp/v1/orgaos/14814139000183/compras/2024/107/itens,3
https://pncp.gov.br/api/pncp/v1/orgaos/14814139000183/compras/2024/107/itens,4
https://pncp.gov.br/api/pncp/v1/orgaos/14814139000183/compras/2024/107/itens,5
https://pncp.gov.br/api/pncp/v1/orgaos/14814139000183/compras/2024/107/itens,6
https://pncp.gov.br/api/pncp/v1/orgaos/14814139000183/compras/2024/107/itens,7
https://pncp.gov.br/api/pncp/v1/orgaos/14814139000183/compras/2024/107/itens,8
https://pncp.gov.br/api/pncp/v1/orgaos/14814139000183/compras/2024/116/itens,1
https://pncp.gov.br/api/pncp/v1/orgaos/14814139000183/compras/2024/116/itens,2
https://pncp.gov.br/api/pncp/v1/orgaos/14814139000183/compras/2024/116/itens,3
https://pncp.gov.br/api/pncp/v1/orgaos/14814139000183/compras/2024/116/itens,4
https://pncp.gov.br/api/pncp/v1/orgaos/14814139000183/compras/2024/116/itens,5
https://pncp.gov.br/api/pncp/v1/orgaos/14814139000183/compras/2024/116/itens,6
https://pncp.gov.br/api/pncp/v1/orgaos/14814139000183/compras/2024/94/itens,1
https://pncp.gov.br/api/pncp/v1/orgaos/14814139000183/compras/2024/94/itens,2
https://pncp.gov.br/api/pncp/v1/orgaos/14814139000183/compras/2024/94/itens,3
https://pncp.gov.br/api/pncp/v1/orgaos/14814139000183/compras/2024/94/itens,4
https://pncp.gov.br/api/pncp/v1/orgaos/14814139000183/compras/2024/94/itens,5
https://pncp.gov.br/api/pncp/v1/orgaos/14814139000183/compras/2024/94/itens,6
https://pncp.gov.br/api/pncp/v1/orgaos/14814139000183/compras/2024/94/itens,7
https://pncp.gov.br/api/pncp/v1/orgaos/14814139000183/compras/2024/94/itens,8
https://pncp.gov.br/api/pncp/v1/orgaos/14814139000183/compras/2024/94/itens,9
https://pncp.gov.br/api/pncp/v1/orgaos/14814139000183/compras/2024/94/itens,10
https://pncp.gov.br/api/pncp/v1/orgaos/14814139000183/compras/2024/100/itens,1
https://pncp.gov.br/api/pncp/v1/orgaos/14814139000183/compras/2024/100/itens,2
https://pncp.gov.br/api/pncp/v1/orgaos/14814139000183/compras/2024/100/itens,3
https://pncp.gov.br/api/pncp/v1/orgaos/14814139000183/compras/2024/100/itens,4
https://pncp.gov.br/api/pncp/v1/orgaos/14814139000183/compras/2024/100/itens,5
https://pncp.gov.br/api/pncp/v1/orgaos/14814139000183/compras/2024/100/itens,6
https://pncp.gov.br/api/pncp/v1/orgaos/14814139000183/compras/2024/100/itens,7
https://pncp.gov.br/api/pncp/v1/orgaos/14814139000183/compras/2024/100/itens,8
https://pncp.gov.br/api/pncp/v1/orgaos/14814139000183/compras/2024/110/itens,1
https://pncp.gov.br/api/pncp/v1/orgaos/14814139000183/compras/2024/110/itens,2
https://pncp.gov.br/api/pncp/v1/orgaos/14814139000183/compras/2024/110/itens,3
https://pncp.gov.br/api/pncp/v1/orgaos/14814139000183/compras/2024/110/itens,4
https://pncp.gov.br/api/pncp/v1/orgaos/14814139000183/compras/2024/110/itens,5
https://pncp.gov.br/api/pncp/v1/orgaos/14814139000183/compras/2024/110/itens,6
https://pncp.gov.br/api/pncp/v1/orgaos/14814139000183/compras/2024/110/itens,7
https://pncp.gov.br/api/pncp/v1/orgaos/14814139000183/compras/2024/110/itens,8
https://pncp.gov.br/api/pncp/v1/orgaos/14814139000183/compras/2024/110/itens,9
https://pncp.gov.br/api/pncp/v1/orgaos/14814139000183/compras/2024/110/itens,10
https://pncp.gov.br/api/pncp/v1/orgaos/14814139000183/compras/2024/9/itens,1
https://pncp.gov.br/api/pncp/v1/orgaos/14814139000183/compras/2024/9/itens,2
https://pncp.gov.br/api/pncp/v1/orgaos/14814139000183/compras/2024/9/itens,3
https://pncp.gov.br/api/pncp/v1/orgaos/14814139000183/compras/2024/9/itens,4
https://pncp.gov.br/api/pncp/v1/orgaos/14814139000183/compras/2024/9/itens,5
https://pncp.gov.br/api/pncp/v1/orgaos/14814139000183/compras/2024/9/itens,6
https://pncp.gov.br/api/pncp/v1/orgaos/14814139000183/compras/2024/9/itens,7
https://pncp.gov.br/api/pncp/v1/orgaos/14814139000183/compras/2024/9/itens,8
https://pncp.gov.br/api/pncp/v1/orgaos/14814139000183/compras/2024/9/itens,9
https://pncp.gov.br/api/pncp/v1/orgaos/14814139000183/compras/2024/9/itens,10
https://pncp.gov.br/api/pncp/v1/orgaos/14814139000183/compras/2024/43/itens,1
https://pncp.gov.br/api/pncp/v1/orgaos/13792329000184/compras/2024/281/itens,1
https://pncp.gov.br/api/pncp/v1/orgaos/13792329000184/compras/2024/281/itens,2
https://pncp.gov.br/api/pncp/v1/orgaos/13792329000184/compras/2024/281/itens,3
https://pncp.gov.br/api/pncp/v1/orgaos/13792329000184/compras/2024/281/itens,4
https://pncp.gov.br/api/pncp/v1/orgaos/13792329000184/compras/2024/281/itens,5
https://pncp.gov.br/api/pncp/v1/orgaos/13792329000184/compras/2024/281/itens,6
https://pncp.gov.br/api/pncp/v1/orgaos/13792329000184/compras/2024/281/itens,7
https://pncp.gov.br/api/pncp/v1/orgaos/13792329000184/compras/2024/281/itens,8
https://pncp.gov.br/api/pncp/v1/orgaos/13792329000184/compras/2024/281/itens,9
https://pncp.gov.br/api/pncp/v1/orgaos/13792329000184/compras/2024/281/itens,10
https://pncp.gov.br/api/pncp/v1/orgaos/77636520000110/compras/2024/16/itens,1
https://pncp.gov.br/api/pncp/v1/orgaos/77636520000110/compras/2024/16/itens,2
https://pncp.gov.br/api/pncp/v1/orgaos/14814139000183/compras/2024/88/itens,1
https://pncp.gov.br/api/pncp/v1/orgaos/14814139000183/compras/2024/88/itens,2
https://pncp.gov.br/api/pncp/v1/orgaos/14814139000183/compras/2024/88/itens,3
https://pncp.gov.br/api/pncp/v1/orgaos/14814139000183/compras/2024/88/itens,4
https://pncp.gov.br/api/pncp/v1/orgaos/14814139000183/compras/2024/88/itens,5
https://pncp.gov.br/api/pncp/v1/orgaos/14814139000183/compras/2024/88/itens,6
https://pncp.gov.br/api/pncp/v1/orgaos/14814139000183/compras/2024/88/itens,7
https://pncp.gov.br/api/pncp/v1/orgaos/14814139000183/compras/2024/88/itens,8
https://pncp.gov.br/api/pncp/v1/orgaos/14814139000183/compras/2024/88/itens,9
https://pncp.gov.br/api/pncp/v1/orgaos/14814139000183/compras/2024/88/itens,10
https://pncp.gov.br/api/pncp/v1/orgaos/14814139000183/compras/2024/105/itens,1
https://pncp.gov.br/api/pncp/v1/orgaos/14814139000183/compras/2024/105/itens,2
https://pncp.gov.br/api/pncp/v1/orgaos/14814139000183/compras/2024/105/itens,3
https://pncp.gov.br/api/pncp/v1/orgaos/14814139000183/compras/2024/105/itens,4
https://pncp.gov.br/api/pncp/v1/orgaos/14814139000183/compras/2024/105/itens,5
https://pncp.gov.br/api/pncp/v1/orgaos/14814139000183/compras/2024/105/itens,6
https://pncp.gov.br/api/pncp/v1/orgaos/14814139000183/compras/2024/105/itens,7
https://pncp.gov.br/api/pncp/v1/orgaos/14814139000183/compras/2024/105/itens,8
https://pncp.gov.br/api/pncp/v1/orgaos/14814139000183/compras/2024/105/itens,9
https://pncp.gov.br/api/pncp/v1/orgaos/14814139000183/compras/2024/105/itens,10
https://pncp.gov.br/api/pncp/v1/orgaos/14814139000183/compras/2024/92/itens,1
https://pncp.gov.br/api/pncp/v1/orgaos/14814139000183/compras/2024/92/itens,2
https://pncp.gov.br/api/pncp/v1/orgaos/14814139000183/compras/2024/92/itens,3
https://pncp.gov.br/api/pncp/v1/orgaos/14814139000183/compras/2024/92/itens,4
https://pncp.gov.br/api/pncp/v1/orgaos/14814139000183/compras/2024/92/itens,5
https://pncp.gov.br/api/pncp/v1/orgaos/14814139000183/compras/2024/92/itens,6
https://pncp.gov.br/api/pncp/v1/orgaos/14814139000183/compras/2024/92/itens,7
https://pncp.gov.br/api/pncp/v1/orgaos/14814139000183/compras/2024/92/itens,8
https://pncp.gov.br/api/pncp/v1/orgaos/14814139000183/compras/2024/92/itens,9
https://pncp.gov.br/api/pncp/v1/orgaos/14814139000183/compras/2024/92/itens,10
https://pncp.gov.br/api/pncp/v1/orgaos/14814139000183/compras/2024/1/itens,1
https://pncp.gov.br/api/pncp/v1/orgaos/14814139000183/compras/2024/1/itens,2
https://pncp.gov.br/api/pncp/v1/orgaos/14814139000183/compras/2024/1/itens,3
https://pncp.gov.br/api/pncp/v1/orgaos/14814139000183/compras/2024/1/itens,4
https://pncp.gov.br/api/pncp/v1/orgaos/14814139000183/compras/2024/1/itens,5
https://pncp.gov.br/api/pncp/v1/orgaos/14814139000183/compras/2024/99/itens,1
https://pncp.gov.br/api/pncp/v1/orgaos/14814139000183/compras/2024/99/itens,2
https://pncp.gov.br/api/pncp/v1/orgaos/14814139000183/compras/2024/99/itens,3
https://pncp.gov.br/api/pncp/v1/orgaos/14814139000183/compras/2024/99/itens,4
https://pncp.gov.br/api/pncp/v1/orgaos/14814139000183/compras/2024/99/itens,5
https://pncp.gov.br/api/pncp/v1/orgaos/14814139000183/compras/2024/99/itens,6
https://pncp.gov.br/api/pncp/v1/orgaos/14814139000183/compras/2024/99/itens,7
https://pncp.gov.br/api/pncp/v1/orgaos/14814139000183/compras/2024/99/itens,8
https://pncp.gov.br/api/pncp/v1/orgaos/14814139000183/compras/2024/99/itens,9
https://pncp.gov.br/api/pncp/v1/orgaos/14814139000183/compras/2024/99/itens,10
https://pncp.gov.br/api/pncp/v1/orgaos/14814139000183/compras/2024/120/itens,1
https://pncp.gov.br/api/pncp/v1/orgaos/14814139000183/compras/2024/120/itens,2
https://pncp.gov.br/api/pncp/v1/orgaos/14814139000183/compras/2024/120/itens,3
https://pncp.gov.br/api/pncp/v1/orgaos/14814139000183/compras/2024/120/itens,4
https://pncp.gov.br/api/pncp/v1/orgaos/14814139000183/compras/2024/120/itens,5
https://pncp.gov.br/api/pncp/v1/orgaos/14814139000183/compras/2024/120/itens,6
https://pncp.gov.br/api/pncp/v1/orgaos/14814139000183/compras/2024/120/itens,7
https://pncp.gov.br/api/pncp/v1/orgaos/14814139000183/compras/2024/120/itens,8
https://pncp.gov.br/api/pncp/v1/orgaos/14814139000183/compras/2024/120/itens,9
https://pncp.gov.br/api/pncp/v1/orgaos/14814139000183/compras/2024/120/itens,10
https://pncp.gov.br/api/pncp/v1/orgaos/14814139000183/compras/2024/122/itens,1
https://pncp.gov.br/api/pncp/v1/orgaos/14814139000183/compras/2024/122/itens,2
https://pncp.gov.br/api/pncp/v1/orgaos/14814139000183/compras/2024/104/itens,1
https://pncp.gov.br/api/pncp/v1/orgaos/14814139000183/compras/2024/104/itens,2
https://pncp.gov.br/api/pncp/v1/orgaos/14814139000183/compras/2024/104/itens,3
https://pncp.gov.br/api/pncp/v1/orgaos/14814139000183/compras/2024/104/itens,4
https://pncp.gov.br/api/pncp/v1/orgaos/14814139000183/compras/2024/51/itens,1
https://pncp.gov.br/api/pncp/v1/orgaos/14814139000183/compras/2024/51/itens,2
https://pncp.gov.br/api/pncp/v1/orgaos/14814139000183/compras/2024/51/itens,3
https://pncp.gov.br/api/pncp/v1/orgaos/14814139000183/compras/2024/51/itens,4
https://pncp.gov.br/api/pncp/v1/orgaos/14814139000183/compras/2024/51/itens,5
https://pncp.gov.br/api/pncp/v1/orgaos/14814139000183/compras/2024/51/itens,6
https://pncp.gov.br/api/pncp/v1/orgaos/14814139000183/compras/2024/51/itens,7
https://pncp.gov.br/api/pncp/v1/orgaos/14814139000183/compras/2024/51/itens,8
https://pncp.gov.br/api/pncp/v1/orgaos/14814139000183/compras/2024/51/itens,9
https://pncp.gov.br/api/pncp/v1/orgaos/14814139000183/compras/2024/51/itens,10
https://pncp.gov.br/api/pncp/v1/orgaos/14814139000183/compras/2024/108/itens,1
https://pncp.gov.br/api/pncp/v1/orgaos/14814139000183/compras/2024/108/itens,2
https://pncp.gov.br/api/pncp/v1/orgaos/14814139000183/compras/2024/108/itens,3
https://pncp.gov.br/api/pncp/v1/orgaos/14814139000183/compras/2024/108/itens,4
https://pncp.gov.br/api/pncp/v1/orgaos/14814139000183/compras/2024/108/itens,5
https://pncp.gov.br/api/pncp/v1/orgaos/14814139000183/compras/2024/108/itens,6
https://pncp.gov.br/api/pncp/v1/orgaos/14814139000183/compras/2024/108/itens,7
https://pncp.gov.br/api/pncp/v1/orgaos/14814139000183/compras/2024/108/itens,8
https://pncp.gov.br/api/pncp/v1/orgaos/14814139000183/compras/2024/108/itens,9
https://pncp.gov.br/api/pncp/v1/orgaos/14814139000183/compras/2024/108/itens,10
https://pncp.gov.br/api/pncp/v1/orgaos/14814139000183/compras/2024/90/itens,1
https://pncp.gov.br/api/pncp/v1/orgaos/14814139000183/compras/2024/90/itens,2
https://pncp.gov.br/api/pncp/v1/orgaos/14814139000183/compras/2024/90/itens,3
https://pncp.gov.br/api/pncp/v1/orgaos/14814139000183/compras/2024/90/itens,4
https://pncp.gov.br/api/pncp/v1/orgaos/14814139000183/compras/2024/90/itens,5
https://pncp.gov.br/api/pncp/v1/orgaos/14814139000183/compras/2024/90/itens,6
https://pncp.gov.br/api/pncp/v1/orgaos/14814139000183/compras/2024/90/itens,7
https://pncp.gov.br/api/pncp/v1/orgaos/14814139000183/compras/2024/90/itens,8
https://pncp.gov.br/api/pncp/v1/orgaos/14814139000183/compras/2024/95/itens,1
https://pncp.gov.br/api/pncp/v1/orgaos/14814139000183/compras/2024/95/itens,2
https://pncp.gov.br/api/pncp/v1/orgaos/14814139000183/compras/2024/95/itens,3
https://pncp.gov.br/api/pncp/v1/orgaos/14814139000183/compras/2024/95/itens,4
https://pncp.gov.br/api/pncp/v1/orgaos/14814139000183/compras/2024/95/itens,5
https://pncp.gov.br/api/pncp/v1/orgaos/14814139000183/compras/2024/95/itens,6
https://pncp.gov.br/api/pncp/v1/orgaos/14814139000183/compras/2024/95/itens,7
https://pncp.gov.br/api/pncp/v1/orgaos/14814139000183/compras/2024/95/itens,8
https://pncp.gov.br/api/pncp/v1/orgaos/14814139000183/compras/2024/95/itens,9
https://pncp.gov.br/api/pncp/v1/orgaos/14814139000183/compras/2024/95/itens,10
https://pncp.gov.br/api/pncp/v1/orgaos/14814139000183/compras/2024/118/itens,1
https://pncp.gov.br/api/pncp/v1/orgaos/14814139000183/compras/2024/118/itens,2
https://pncp.gov.br/api/pncp/v1/orgaos/14814139000183/compras/2024/118/itens,3
https://pncp.gov.br/api/pncp/v1/orgaos/14814139000183/compras/2024/118/itens,4
https://pncp.gov.br/api/pncp/v1/orgaos/14814139000183/compras/2024/118/itens,5
https://pncp.gov.br/api/pncp/v1/orgaos/14814139000183/compras/2024/124/itens,1
https://pncp.gov.br/api/pncp/v1/orgaos/14814139000183/compras/2024/124/itens,2
https://pncp.gov.br/api/pncp/v1/orgaos/14814139000183/compras/2024/124/itens,3
https://pncp.gov.br/api/pncp/v1/orgaos/14814139000183/compras/2024/124/itens,4
https://pncp.gov.br/api/pncp/v1/orgaos/14814139000183/compras/2024/124/itens,5
https://pncp.gov.br/api/pncp/v1/orgaos/14814139000183/compras/2024/124/itens,6
https://pncp.gov.br/api/pncp/v1/orgaos/14814139000183/compras/2024/124/itens,7
https://pncp.gov.br/api/pncp/v1/orgaos/14814139000183/compras/2024/124/itens,8
https://pncp.gov.br/api/pncp/v1/orgaos/14814139000183/compras/2024/124/itens,9
https://pncp.gov.br/api/pncp/v1/orgaos/14814139000183/compras/2024/124/itens,10
https://pncp.gov.br/api/pncp/v1/orgaos/14814139000183/compras/2024/119/itens,4
https://pncp.gov.br/api/pncp/v1/orgaos/14814139000183/compras/2024/119/itens,5
https://pncp.gov.br/api/pncp/v1/orgaos/14814139000183/compras/2024/52/itens,1
https://pncp.gov.br/api/pncp/v1/orgaos/14814139000183/compras/2024/85/itens,1
https://pncp.gov.br/api/pncp/v1/orgaos/14814139000183/compras/2024/85/itens,2
https://pncp.gov.br/api/pncp/v1/orgaos/14814139000183/compras/2024/85/itens,3
https://pncp.gov.br/api/pncp/v1/orgaos/14814139000183/compras/2024/85/itens,4
https://pncp.gov.br/api/pncp/v1/orgaos/14814139000183/compras/2024/85/itens,5
https://pncp.gov.br/api/pncp/v1/orgaos/14814139000183/compras/2024/85/itens,6
https://pncp.gov.br/api/pncp/v1/orgaos/14814139000183/compras/2024/85/itens,7
https://pncp.gov.br/api/pncp/v1/orgaos/14814139000183/compras/2024/85/itens,8
https://pncp.gov.br/api/pncp/v1/orgaos/14814139000183/compras/2024/85/itens,9
https://pncp.gov.br/api/pncp/v1/orgaos/14814139000183/compras/2024/85/itens,10
https://pncp.gov.br/api/pncp/v1/orgaos/14814139000183/compras/2024/125/itens,1
https://pncp.gov.br/api/pncp/v1/orgaos/14814139000183/compras/2024/125/itens,2
https://pncp.gov.br/api/pncp/v1/orgaos/14814139000183/compras/2024/125/itens,3
https://pncp.gov.br/api/pncp/v1/orgaos/14814139000183/compras/2024/125/itens,4
https://pncp.gov.br/api/pncp/v1/orgaos/14814139000183/compras/2024/125/itens,5
https://pncp.gov.br/api/pncp/v1/orgaos/14814139000183/compras/2024/125/itens,6
https://pncp.gov.br/api/pncp/v1/orgaos/14814139000183/compras/2024/125/itens,7
https://pncp.gov.br/api/pncp/v1/orgaos/14814139000183/compras/2024/117/itens,1
https://pncp.gov.br/api/pncp/v1/orgaos/77636520000110/compras/2024/12/itens,1
https://pncp.gov.br/api/pncp/v1/orgaos/14814139000183/compras/2024/97/itens,1
https://pncp.gov.br/api/pncp/v1/orgaos/14814139000183/compras/2024/97/itens,2
https://pncp.gov.br/api/pncp/v1/orgaos/14814139000183/compras/2024/97/itens,3
https://pncp.gov.br/api/pncp/v1/orgaos/14814139000183/compras/2024/97/itens,4
https://pncp.gov.br/api/pncp/v1/orgaos/14814139000183/compras/2024/97/itens,5
https://pncp.gov.br/api/pncp/v1/orgaos/14814139000183/compras/2024/97/itens,6
https://pncp.gov.br/api/pncp/v1/orgaos/14814139000183/compras/2024/97/itens,7
https://pncp.gov.br/api/pncp/v1/orgaos/14814139000183/compras/2024/97/itens,8
https://pncp.gov.br/api/pncp/v1/orgaos/14814139000183/compras/2024/97/itens,9
https://pncp.gov.br/api/pncp/v1/orgaos/14814139000183/compras/2024/97/itens,10
https://pncp.gov.br/api/pncp/v1/orgaos/14814139000183/compras/2024/62/itens,1
https://pncp.gov.br/api/pncp/v1/orgaos/14814139000183/compras/2024/62/itens,2
https://pncp.gov.br/api/pncp/v1/orgaos/14814139000183/compras/2024/62/itens,3
https://pncp.gov.br/api/pncp/v1/orgaos/14814139000183/compras/2024/62/itens,4
https://pncp.gov.br/api/pncp/v1/orgaos/14814139000183/compras/2024/62/itens,5
https://pncp.gov.br/api/pncp/v1/orgaos/14814139000183/compras/2024/62/itens,6
https://pncp.gov.br/api/pncp/v1/orgaos/14814139000183/compras/2024/62/itens,7
https://pncp.gov.br/api/pncp/v1/orgaos/14814139000183/compras/2024/62/itens,8
https://pncp.gov.br/api/pncp/v1/orgaos/14814139000183/compras/2024/62/itens,9
https://pncp.gov.br/api/pncp/v1/orgaos/14814139000183/compras/2024/62/itens,10
https://pncp.gov.br/api/pncp/v1/orgaos/14814139000183/compras/2024/65/itens,1
https://pncp.gov.br/api/pncp/v1/orgaos/14814139000183/compras/2024/65/itens,2
https://pncp.gov.br/api/pncp/v1/orgaos/14814139000183/compras/2024/65/itens,3
https://pncp.gov.br/api/pncp/v1/orgaos/14814139000183/compras/2024/65/itens,4
https://pncp.gov.br/api/pncp/v1/orgaos/14814139000183/compras/2024/65/itens,5
https://pncp.gov.br/api/pncp/v1/orgaos/14814139000183/compras/2024/65/itens,6
https://pncp.gov.br/api/pncp/v1/orgaos/14814139000183/compras/2024/65/itens,7
https://pncp.gov.br/api/pncp/v1/orgaos/14814139000183/compras/2024/65/itens,8
https://pncp.gov.br/api/pncp/v1/orgaos/14814139000183/compras/2024/65/itens,9
https://pncp.gov.br/api/pncp/v1/orgaos/14814139000183/compras/2024/65/itens,10
https://pncp.gov.br/api/pncp/v1/orgaos/14814139000183/compras/2025/30/itens,1
https://pncp.gov.br/api/pncp/v1/orgaos/14814139000183/compras/2025/30/itens,2
https://pncp.gov.br/api/pncp/v1/orgaos/14814139000183/compras/2025/30/itens,3
https://pncp.gov.br/api/pncp/v1/orgaos/14814139000183/compras/2025/30/itens,4
https://pncp.gov.br/api/pncp/v1/orgaos/14814139000183/compras/2025/30/itens,5
https://pncp.gov.br/api/pncp/v1/orgaos/14814139000183/compras/2025/30/itens,6
https://pncp.gov.br/api/pncp/v1/orgaos/14814139000183/compras/2025/30/itens,7
https://pncp.gov.br/api/pncp/v1/orgaos/14814139000183/compras/2025/30/itens,8
https://pncp.gov.br/api/pncp/v1/orgaos/14814139000183/compras/2025/30/itens,9
https://pncp.gov.br/api/pncp/v1/orgaos/14814139000183/compras/2025/30/itens,10
https://pncp.gov.br/api/pncp/v1/orgaos/13792329000184/compras/2025/11/itens,1
https://pncp.gov.br/api/pncp/v1/orgaos/13792329000184/compras/2025/11/itens,2
https://pncp.gov.br/api/pncp/v1/orgaos/13792329000184/compras/2025/11/itens,3
https://pncp.gov.br/api/pncp/v1/orgaos/13792329000184/compras/2025/11/itens,4
https://pncp.gov.br/api/pncp/v1/orgaos/13792329000184/compras/2025/11/itens,5
https://pncp.gov.br/api/pncp/v1/orgaos/13792329000184/compras/2025/11/itens,6
https://pncp.gov.br/api/pncp/v1/orgaos/13792329000184/compras/2025/11/itens,7
https://pncp.gov.br/api/pncp/v1/orgaos/13792329000184/compras/2025/11/itens,8
https://pncp.gov.br/api/pncp/v1/orgaos/13792329000184/compras/2025/11/itens,9
https://pncp.gov.br/api/pncp/v1/orgaos/77636520000110/compras/2024/25/itens,1
https://pncp.gov.br/api/pncp/v1/orgaos/77636520000110/compras/2024/27/itens,1
https://pncp.gov.br/api/pncp/v1/orgaos/14814139000183/compras/2025/24/itens,1
https://pncp.gov.br/api/pncp/v1/orgaos/14814139000183/compras/2025/24/itens,2
https://pncp.gov.br/api/pncp/v1/orgaos/14682109000160/compras/2025/18/itens,1
https://pncp.gov.br/api/pncp/v1/orgaos/14682109000160/compras/2025/18/itens,2
https://pncp.gov.br/api/pncp/v1/orgaos/14682109000160/compras/2025/18/itens,3
https://pncp.gov.br/api/pncp/v1/orgaos/14682109000160/compras/2025/18/itens,4
https://pncp.gov.br/api/pncp/v1/orgaos/14682109000160/compras/2025/18/itens,5
https://pncp.gov.br/api/pncp/v1/orgaos/14682109000160/compras/2025/18/itens,6
https://pncp.gov.br/api/pncp/v1/orgaos/14682109000160/compras/2025/19/itens,1
https://pncp.gov.br/api/pncp/v1/orgaos/14682109000160/compras/2025/19/itens,2
https://pncp.gov.br/api/pncp/v1/orgaos/14682109000160/compras/2025/19/itens,3
https://pncp.gov.br/api/pncp/v1/orgaos/14682109000160/compras/2025/19/itens,4
https://pncp.gov.br/api/pncp/v1/orgaos/14682109000160/compras/2025/19/itens,5
https://pncp.gov.br/api/pncp/v1/orgaos/14682109000160/compras/2025/19/itens,6
https://pncp.gov.br/api/pncp/v1/orgaos/14682109000160/compras/2025/19/itens,7
https://pncp.gov.br/api/pncp/v1/orgaos/14682109000160/compras/2025/19/itens,8
https://pncp.gov.br/api/pncp/v1/orgaos/76417005000186/compras/2024/375/itens,1
https://pncp.gov.br/api/pncp/v1/orgaos/14682109000160/compras/2025/20/itens,1
https://pncp.gov.br/api/pncp/v1/orgaos/14682109000160/compras/2025/20/itens,2
https://pncp.gov.br/api/pncp/v1/orgaos/14682109000160/compras/2025/20/itens,3
https://pncp.gov.br/api/pncp/v1/orgaos/14682109000160/compras/2025/20/itens,4
https://pncp.gov.br/api/pncp/v1/orgaos/14682109000160/compras/2025/20/itens,5
https://pncp.gov.br/api/pncp/v1/orgaos/14682109000160/compras/2025/20/itens,6
https://pncp.gov.br/api/pncp/v1/orgaos/14682109000160/compras/2025/20/itens,7
https://pncp.gov.br/api/pncp/v1/orgaos/14682109000160/compras/2025/20/itens,8
https://pncp.gov.br/api/pncp/v1/orgaos/14682109000160/compras/2025/20/itens,9
https://pncp.gov.br/api/pncp/v1/orgaos/14682109000160/compras/2025/20/itens,10
https://pncp.gov.br/api/pncp/v1/orgaos/76417005000186/compras/2024/307/itens,1
https://pncp.gov.br/api/pncp/v1/orgaos/76417005000186/compras/2024/307/itens,2
https://pncp.gov.br/api/pncp/v1/orgaos/76417005000186/compras/2024/307/itens,3
https://pncp.gov.br/api/pncp/v1/orgaos/76417005000186/compras/2024/307/itens,4
https://pncp.gov.br/api/pncp/v1/orgaos/76417005000186/compras/2024/307/itens,5
https://pncp.gov.br/api/pncp/v1/orgaos/76417005000186/compras/2024/263/itens,1
https://pncp.gov.br/api/pncp/v1/orgaos/76417005000186/compras/2024/263/itens,2
https://pncp.gov.br/api/pncp/v1/orgaos/76417005000186/compras/2024/263/itens,3
https://pncp.gov.br/api/pncp/v1/orgaos/76417005000186/compras/2024/230/itens,1
https://pncp.gov.br/api/pncp/v1/orgaos/76417005000186/compras/2024/250/itens,1
https://pncp.gov.br/api/pncp/v1/orgaos/76417005000186/compras/2024/250/itens,2
https://pncp.gov.br/api/pncp/v1/orgaos/76417005000186/compras/2024/250/itens,3
https://pncp.gov.br/api/pncp/v1/orgaos/76417005000186/compras/2024/326/itens,1
https://pncp.gov.br/api/pncp/v1/orgaos/76417005000186/compras/2024/416/itens,1
https://pncp.gov.br/api/pncp/v1/orgaos/77636520000110/compras/2024/32/itens,1
https://pncp.gov.br/api/pncp/v1/orgaos/76417005001743/compras/2025/34/itens,1
https://pncp.gov.br/api/pncp/v1/orgaos/76417005001743/compras/2025/34/itens,2
https://pncp.gov.br/api/pncp/v1/orgaos/76417005001743/compras/2025/34/itens,3
https://pncp.gov.br/api/pncp/v1/orgaos/76417005001743/compras/2025/34/itens,4
https://pncp.gov.br/api/pncp/v1/orgaos/76417005001743/compras/2025/34/itens,5
https://pncp.gov.br/api/pncp/v1/orgaos/76417005001743/compras/2025/34/itens,6
https://pncp.gov.br/api/pncp/v1/orgaos/76417005001743/compras/2025/34/itens,7
https://pncp.gov.br/api/pncp/v1/orgaos/76417005001743/compras/2025/34/itens,8
https://pncp.gov.br/api/pncp/v1/orgaos/76417005001743/compras/2025/34/itens,9
https://pncp.gov.br/api/pncp/v1/orgaos/77636520000110/compras/2024/33/itens,1
https://pncp.gov.br/api/pncp/v1/orgaos/76417005001743/compras/2025/37/itens,1
https://pncp.gov.br/api/pncp/v1/orgaos/76417005001743/compras/2025/37/itens,2
https://pncp.gov.br/api/pncp/v1/orgaos/13792329000184/compras/2024/271/itens,1
https://pncp.gov.br/api/pncp/v1/orgaos/77636520000110/compras/2024/38/itens,1
https://pncp.gov.br/api/pncp/v1/orgaos/76417005000186/compras/2025/20/itens,1
https://pncp.gov.br/api/pncp/v1/orgaos/13792329000184/compras/2025/13/itens,1
https://pncp.gov.br/api/pncp/v1/orgaos/13792329000184/compras/2025/13/itens,3
https://pncp.gov.br/api/pncp/v1/orgaos/13792329000184/compras/2025/13/itens,4
https://pncp.gov.br/api/pncp/v1/orgaos/13792329000184/compras/2025/13/itens,5
https://pncp.gov.br/api/pncp/v1/orgaos/13792329000184/compras/2025/13/itens,7
https://pncp.gov.br/api/pncp/v1/orgaos/76417005000186/compras/2025/23/itens,1
https://pncp.gov.br/api/pncp/v1/orgaos/76417005000186/compras/2025/23/itens,2
https://pncp.gov.br/api/pncp/v1/orgaos/76417005000186/compras/2025/23/itens,3
https://pncp.gov.br/api/pncp/v1/orgaos/76417005000186/compras/2025/23/itens,4
https://pncp.gov.br/api/pncp/v1/orgaos/76417005000186/compras/2025/23/itens,5
https://pncp.gov.br/api/pncp/v1/orgaos/76417005000186/compras/2025/23/itens,6
https://pncp.gov.br/api/pncp/v1/orgaos/13792329000184/compras/2024/320/itens,1
https://pncp.gov.br/api/pncp/v1/orgaos/13792329000184/compras/2024/320/itens,2
https://pncp.gov.br/api/pncp/v1/orgaos/13792329000184/compras/2024/320/itens,3
https://pncp.gov.br/api/pncp/v1/orgaos/13792329000184/compras/2024/320/itens,4
https://pncp.gov.br/api/pncp/v1/orgaos/13792329000184/compras/2024/320/itens,5
https://pncp.gov.br/api/pncp/v1/orgaos/13792329000184/compras/2024/320/itens,6
https://pncp.gov.br/api/pncp/v1/orgaos/13792329000184/compras/2024/320/itens,7
https://pncp.gov.br/api/pncp/v1/orgaos/13792329000184/compras/2024/320/itens,8
https://pncp.gov.br/api/pncp/v1/orgaos/14814139000183/compras/2025/38/itens,1
https://pncp.gov.br/api/pncp/v1/orgaos/13792329000184/compras/2025/32/itens,1
https://pncp.gov.br/api/pncp/v1/orgaos/13792329000184/compras/2025/32/itens,2
https://pncp.gov.br/api/pncp/v1/orgaos/14814139000183/compras/2024/5/itens,1
https://pncp.gov.br/api/pncp/v1/orgaos/76417005000186/compras/2025/14/itens,1
https://pncp.gov.br/api/pncp/v1/orgaos/14814139000183/compras/2025/34/itens,1
https://pncp.gov.br/api/pncp/v1/orgaos/76417005000186/compras/2025/16/itens,1
https://pncp.gov.br/api/pncp/v1/orgaos/13792329000184/compras/2025/33/itens,1
https://pncp.gov.br/api/pncp/v1/orgaos/14814139000183/compras/2024/13/itens,1
https://pncp.gov.br/api/pncp/v1/orgaos/14814139000183/compras/2024/13/itens,2
https://pncp.gov.br/api/pncp/v1/orgaos/14814139000183/compras/2024/13/itens,3
https://pncp.gov.br/api/pncp/v1/orgaos/76417005000186/compras/2025/17/itens,1
https://pncp.gov.br/api/pncp/v1/orgaos/14814139000183/compras/2025/47/itens,1
https://pncp.gov.br/api/pncp/v1/orgaos/81374949000153/compras/2025/2/itens,1
https://pncp.gov.br/api/pncp/v1/orgaos/81374949000153/compras/2025/2/itens,2
https://pncp.gov.br/api/pncp/v1/orgaos/14814139000183/compras/2024/29/itens,1
https://pncp.gov.br/api/pncp/v1/orgaos/13792329000184/compras/2025/35/itens,1
https://pncp.gov.br/api/pncp/v1/orgaos/14814139000183/compras/2024/44/itens,1
https://pncp.gov.br/api/pncp/v1/orgaos/14814139000183/compras/2024/6/itens,1
https://pncp.gov.br/api/pncp/v1/orgaos/14814139000183/compras/2024/47/itens,1
https://pncp.gov.br/api/pncp/v1/orgaos/77636520000110/compras/2025/10/itens,1
https://pncp.gov.br/api/pncp/v1/orgaos/77636520000110/compras/2024/5/itens,1
https://pncp.gov.br/api/pncp/v1/orgaos/77636520000110/compras/2024/8/itens,1
https://pncp.gov.br/api/pncp/v1/orgaos/14814139000183/compras/2024/121/itens,1
https://pncp.gov.br/api/pncp/v1/orgaos/14814139000183/compras/2024/33/itens,1
https://pncp.gov.br/api/pncp/v1/orgaos/13792329000184/compras/2025/37/itens,1
https://pncp.gov.br/api/pncp/v1/orgaos/13792329000184/compras/2025/37/itens,2
https://pncp.gov.br/api/pncp/v1/orgaos/77636520000110/compras/2024/18/itens,1
https://pncp.gov.br/api/pncp/v1/orgaos/14814139000183/compras/2024/112/itens,1
https://pncp.gov.br/api/pncp/v1/orgaos/14814139000183/compras/2024/127/itens,1
https://pncp.gov.br/api/pncp/v1/orgaos/14814139000183/compras/2025/13/itens,1
https://pncp.gov.br/api/pncp/v1/orgaos/13792329000184/compras/2025/40/itens,1
https://pncp.gov.br/api/pncp/v1/orgaos/07505809000114/compras/2025/4/itens,1
https://pncp.gov.br/api/pncp/v1/orgaos/76608736000109/compras/2025/3/itens,1
https://pncp.gov.br/api/pncp/v1/orgaos/77636520000110/compras/2024/30/itens,1
https://pncp.gov.br/api/pncp/v1/orgaos/77636520000110/compras/2024/36/itens,1
https://pncp.gov.br/api/pncp/v1/orgaos/76582337000116/compras/2025/2/itens,1
https://pncp.gov.br/api/pncp/v1/orgaos/76417005000186/compras/2025/21/itens,1
https://pncp.gov.br/api/pncp/v1/orgaos/76417005000186/compras/2025/22/itens,1
https://pncp.gov.br/api/pncp/v1/orgaos/76417005000186/compras/2025/24/itens,1
https://pncp.gov.br/api/pncp/v1/orgaos/76417005000186/compras/2025/24/itens,2
https://pncp.gov.br/api/pncp/v1/orgaos/76417005000186/compras/2025/25/itens,1
https://pncp.gov.br/api/pncp/v1/orgaos/76417005000186/compras/2025/26/itens,1
https://pncp.gov.br/api/pncp/v1/orgaos/76417005000186/compras/2025/27/itens,1
https://pncp.gov.br/api/pncp/v1/orgaos/76417005000186/compras/2025/28/itens,1
https://pncp.gov.br/api/pncp/v1/orgaos/76417005000186/compras/2025/29/itens,1
https://pncp.gov.br/api/pncp/v1/orgaos/76417005000186/compras/2025/30/itens,1
https://pncp.gov.br/api/pncp/v1/orgaos/76417005000186/compras/2025/30/itens,2
https://pncp.gov.br/api/pncp/v1/orgaos/76417005000186/compras/2025/30/itens,3
https://pncp.gov.br/api/pncp/v1/orgaos/76417005000186/compras/2025/30/itens,4
https://pncp.gov.br/api/pncp/v1/orgaos/76417005000186/compras/2025/30/itens,5
https://pncp.gov.br/api/pncp/v1/orgaos/76417005000186/compras/2025/30/itens,6
https://pncp.gov.br/api/pncp/v1/orgaos/76417005000186/compras/2025/30/itens,7
https://pncp.gov.br/api/pncp/v1/orgaos/76417005000186/compras/2025/30/itens,8
https://pncp.gov.br/api/pncp/v1/orgaos/76417005000186/compras/2025/30/itens,9
https://pncp.gov.br/api/pncp/v1/orgaos/76417005000186/compras/2025/30/itens,10
https://pncp.gov.br/api/pncp/v1/orgaos/76417005000186/compras/2025/31/itens,1
https://pncp.gov.br/api/pncp/v1/orgaos/76417005000186/compras/2025/31/itens,2
https://pncp.gov.br/api/pncp/v1/orgaos/76417005000186/compras/2025/31/itens,3
https://pncp.gov.br/api/pncp/v1/orgaos/76417005000186/compras/2025/31/itens,4
https://pncp.gov.br/api/pncp/v1/orgaos/76417005000186/compras/2025/32/itens,1
https://pncp.gov.br/api/pncp/v1/orgaos/75123125000108/compras/2025/13/itens,1
https://pncp.gov.br/api/pncp/v1/orgaos/75123125000108/compras/2025/13/itens,2
https://pncp.gov.br/api/pncp/v1/orgaos/75123125000108/compras/2025/13/itens,3
https://pncp.gov.br/api/pncp/v1/orgaos/75123125000108/compras/2025/13/itens,4
https://pncp.gov.br/api/pncp/v1/orgaos/75123125000108/compras/2025/14/itens,1
https://pncp.gov.br/api/pncp/v1/orgaos/75123125000108/compras/2025/14/itens,2
https://pncp.gov.br/api/pncp/v1/orgaos/75123125000108/compras/2025/14/itens,3
https://pncp.gov.br/api/pncp/v1/orgaos/75123125000108/compras/2025/14/itens,4
https://pncp.gov.br/api/pncp/v1/orgaos/75123125000108/compras/2025/14/itens,5
https://pncp.gov.br/api/pncp/v1/orgaos/75123125000108/compras/2025/14/itens,6
https://pncp.gov.br/api/pncp/v1/orgaos/75123125000108/compras/2025/14/itens,7
https://pncp.gov.br/api/pncp/v1/orgaos/75123125000108/compras/2025/14/itens,8
https://pncp.gov.br/api/pncp/v1/orgaos/75123125000108/compras/2025/14/itens,9
https://pncp.gov.br/api/pncp/v1/orgaos/75123125000108/compras/2025/15/itens,1
https://pncp.gov.br/api/pncp/v1/orgaos/75123125000108/compras/2025/16/itens,1
https://pncp.gov.br/api/pncp/v1/orgaos/76417005000186/compras/2025/15/itens,1
https://pncp.gov.br/api/pncp/v1/orgaos/77636520000110/compras/2025/9/itens,1
https://pncp.gov.br/api/pncp/v1/orgaos/13792329000184/compras/2024/319/itens,1
https://pncp.gov.br/api/pncp/v1/orgaos/76417005000186/compras/2025/19/itens,1
https://pncp.gov.br/api/pncp/v1/orgaos/76417005001743/compras/2025/35/itens,1
https://pncp.gov.br/api/pncp/v1/orgaos/76417005001743/compras/2025/35/itens,2
https://pncp.gov.br/api/pncp/v1/orgaos/76417005001743/compras/2025/35/itens,3
https://pncp.gov.br/api/pncp/v1/orgaos/76417005001743/compras/2025/35/itens,4
https://pncp.gov.br/api/pncp/v1/orgaos/76417005001743/compras/2025/35/itens,5
https://pncp.gov.br/api/pncp/v1/orgaos/76417005001743/compras/2025/35/itens,6
https://pncp.gov.br/api/pncp/v1/orgaos/76417005001743/compras/2025/35/itens,7
https://pncp.gov.br/api/pncp/v1/orgaos/76417005001743/compras/2025/35/itens,8
https://pncp.gov.br/api/pncp/v1/orgaos/76417005001743/compras/2025/35/itens,9
https://pncp.gov.br/api/pncp/v1/orgaos/76417005001743/compras/2025/35/itens,10
https://pncp.gov.br/api/pncp/v1/orgaos/76417005001743/compras/2025/36/itens,1
https://pncp.gov.br/api/pncp/v1/orgaos/76417005001743/compras/2025/38/itens,1
https://pncp.gov.br/api/pncp/v1/orgaos/76417005001743/compras/2025/38/itens,2
https://pncp.gov.br/api/pncp/v1/orgaos/76417005001743/compras/2025/38/itens,3
https://pncp.gov.br/api/pncp/v1/orgaos/76417005001743/compras/2025/38/itens,4
https://pncp.gov.br/api/pncp/v1/orgaos/76417005001743/compras/2025/38/itens,5
https://pncp.gov.br/api/pncp/v1/orgaos/76417005001743/compras/2025/38/itens,6
https://pncp.gov.br/api/pncp/v1/orgaos/76417005001743/compras/2025/38/itens,7
https://pncp.gov.br/api/pncp/v1/orgaos/76417005001743/compras/2025/38/itens,8
https://pncp.gov.br/api/pncp/v1/orgaos/76417005001743/compras/2025/38/itens,9
https://pncp.gov.br/api/pncp/v1/orgaos/76417005001743/compras/2025/38/itens,10
https://pncp.gov.br/api/pncp/v1/orgaos/76417005001743/compras/2025/39/itens,1
https://pncp.gov.br/api/pncp/v1/orgaos/07505809000114/compras/2025/6/itens,1
https://pncp.gov.br/api/pncp/v1/orgaos/07505809000114/compras/2025/5/itens,1
https://pncp.gov.br/api/pncp/v1/orgaos/07505809000114/compras/2025/7/itens,1
https://pncp.gov.br/api/pncp/v1/orgaos/76417005001743/compras/2025/30/itens,1
https://pncp.gov.br/api/pncp/v1/orgaos/76417005001743/compras/2025/31/itens,1
https://pncp.gov.br/api/pncp/v1/orgaos/76417005001743/compras/2025/32/itens,1
https://pncp.gov.br/api/pncp/v1/orgaos/76417005001743/compras/2025/33/itens,1
https://pncp.gov.br/api/pncp/v1/orgaos/14682109000160/compras/2025/22/itens,1
https://pncp.gov.br/api/pncp/v1/orgaos/13792329000184/compras/2025/51/itens,1
https://pncp.gov.br/api/pncp/v1/orgaos/76417005000186/compras/2025/50/itens,1
https://pncp.gov.br/api/pncp/v1/orgaos/77636520000110/compras/2025/13/itens,1
https://pncp.gov.br/api/pncp/v1/orgaos/76417005000186/compras/2025/51/itens,1
https://pncp.gov.br/api/pncp/v1/orgaos/76417005000186/compras/2025/36/itens,1
https://pncp.gov.br/api/pncp/v1/orgaos/76417005000186/compras/2025/38/itens,1
https://pncp.gov.br/api/pncp/v1/orgaos/76417005000186/compras/2025/39/itens,1
https://pncp.gov.br/api/pncp/v1/orgaos/76417005001743/compras/2025/41/itens,1
https://pncp.gov.br/api/pncp/v1/orgaos/76417005001743/compras/2025/42/itens,1
https://pncp.gov.br/api/pncp/v1/orgaos/13792329000184/compras/2025/42/itens,1
https://pncp.gov.br/api/pncp/v1/orgaos/13792329000184/compras/2024/241/itens,1
https://pncp.gov.br/api/pncp/v1/orgaos/13792329000184/compras/2025/48/itens,1
https://pncp.gov.br/api/pncp/v1/orgaos/07505809000114/compras/2025/9/itens,1
https://pncp.gov.br/api/pncp/v1/orgaos/14814139000183/compras/2025/46/itens,1
https://pncp.gov.br/api/pncp/v1/orgaos/14814139000183/compras/2025/46/itens,2
https://pncp.gov.br/api/pncp/v1/orgaos/76417005000186/compras/2024/458/itens,1
https://pncp.gov.br/api/pncp/v1/orgaos/76417005000186/compras/2024/458/itens,2
https://pncp.gov.br/api/pncp/v1/orgaos/76417005000186/compras/2024/458/itens,3
https://pncp.gov.br/api/pncp/v1/orgaos/76417005000186/compras/2024/458/itens,4
https://pncp.gov.br/api/pncp/v1/orgaos/13792329000184/compras/2025/52/itens,1
https://pncp.gov.br/api/pncp/v1/orgaos/76417005001743/compras/2025/14/itens,1
https://pncp.gov.br/api/pncp/v1/orgaos/76417005001743/compras/2025/14/itens,2
https://pncp.gov.br/api/pncp/v1/orgaos/76417005001743/compras/2025/14/itens,3
https://pncp.gov.br/api/pncp/v1/orgaos/76417005001743/compras/2025/14/itens,4
https://pncp.gov.br/api/pncp/v1/orgaos/76417005001743/compras/2025/14/itens,5
https://pncp.gov.br/api/pncp/v1/orgaos/76417005001743/compras/2025/10/itens,1
https://pncp.gov.br/api/pncp/v1/orgaos/76417005001743/compras/2025/10/itens,2
https://pncp.gov.br/api/pncp/v1/orgaos/76417005001743/compras/2025/10/itens,3
https://pncp.gov.br/api/pncp/v1/orgaos/76417005001743/compras/2025/10/itens,4
https://pncp.gov.br/api/pncp/v1/orgaos/76417005001743/compras/2025/10/itens,5
https://pncp.gov.br/api/pncp/v1/orgaos/76417005001743/compras/2025/10/itens,6
https://pncp.gov.br/api/pncp/v1/orgaos/76417005001743/compras/2025/10/itens,7
https://pncp.gov.br/api/pncp/v1/orgaos/77636520000110/compras/2025/2/itens,1
https://pncp.gov.br/api/pncp/v1/orgaos/13792329000184/compras/2024/231/itens,1
https://pncp.gov.br/api/pncp/v1/orgaos/14814139000183/compras/2025/31/itens,1
https://pncp.gov.br/api/pncp/v1/orgaos/14814139000183/compras/2025/66/itens,1
https://pncp.gov.br/api/pncp/v1/orgaos/14814139000183/compras/2025/66/itens,2
https://pncp.gov.br/api/pncp/v1/orgaos/14814139000183/compras/2025/66/itens,3
https://pncp.gov.br/api/pncp/v1/orgaos/14814139000183/compras/2025/66/itens,4
https://pncp.gov.br/api/pncp/v1/orgaos/14814139000183/compras/2025/66/itens,5
https://pncp.gov.br/api/pncp/v1/orgaos/14814139000183/compras/2025/66/itens,6
https://pncp.gov.br/api/pncp/v1/orgaos/14814139000183/compras/2025/66/itens,7
https://pncp.gov.br/api/pncp/v1/orgaos/14814139000183/compras/2025/66/itens,8
https://pncp.gov.br/api/pncp/v1/orgaos/14814139000183/compras/2025/66/itens,9
https://pncp.gov.br/api/pncp/v1/orgaos/14814139000183/compras/2025/66/itens,10
https://pncp.gov.br/api/pncp/v1/orgaos/14814139000183/compras/2025/19/itens,1
https://pncp.gov.br/api/pncp/v1/orgaos/14814139000183/compras/2025/19/itens,2
https://pncp.gov.br/api/pncp/v1/orgaos/14814139000183/compras/2025/19/itens,3
https://pncp.gov.br/api/pncp/v1/orgaos/14814139000183/compras/2025/19/itens,4
https://pncp.gov.br/api/pncp/v1/orgaos/14814139000183/compras/2025/19/itens,5
https://pncp.gov.br/api/pncp/v1/orgaos/14814139000183/compras/2025/19/itens,6
https://pncp.gov.br/api/pncp/v1/orgaos/14814139000183/compras/2025/56/itens,4
https://pncp.gov.br/api/pncp/v1/orgaos/14814139000183/compras/2025/56/itens,5
https://pncp.gov.br/api/pncp/v1/orgaos/76417005000186/compras/2025/57/itens,1
https://pncp.gov.br/api/pncp/v1/orgaos/76417005000186/compras/2025/57/itens,2
https://pncp.gov.br/api/pncp/v1/orgaos/76417005000186/compras/2025/57/itens,3
https://pncp.gov.br/api/pncp/v1/orgaos/76417005000186/compras/2025/57/itens,4
https://pncp.gov.br/api/pncp/v1/orgaos/76417005000186/compras/2025/57/itens,5
https://pncp.gov.br/api/pncp/v1/orgaos/76417005001743/compras/2025/15/itens,1
https://pncp.gov.br/api/pncp/v1/orgaos/76417005001743/compras/2025/15/itens,2
https://pncp.gov.br/api/pncp/v1/orgaos/76417005001743/compras/2025/15/itens,3
https://pncp.gov.br/api/pncp/v1/orgaos/76417005001743/compras/2025/15/itens,4
https://pncp.gov.br/api/pncp/v1/orgaos/76417005001743/compras/2025/15/itens,5
https://pncp.gov.br/api/pncp/v1/orgaos/76417005001743/compras/2025/15/itens,6
https://pncp.gov.br/api/pncp/v1/orgaos/13792329000184/compras/2024/297/itens,1
https://pncp.gov.br/api/pncp/v1/orgaos/14814139000183/compras/2025/67/itens,1
https://pncp.gov.br/api/pncp/v1/orgaos/14814139000183/compras/2025/67/itens,2
https://pncp.gov.br/api/pncp/v1/orgaos/14814139000183/compras/2025/67/itens,3
https://pncp.gov.br/api/pncp/v1/orgaos/14814139000183/compras/2025/67/itens,4
https://pncp.gov.br/api/pncp/v1/orgaos/14814139000183/compras/2025/67/itens,5
https://pncp.gov.br/api/pncp/v1/orgaos/14814139000183/compras/2025/67/itens,6
https://pncp.gov.br/api/pncp/v1/orgaos/14814139000183/compras/2025/67/itens,7
https://pncp.gov.br/api/pncp/v1/orgaos/14814139000183/compras/2025/67/itens,9
https://pncp.gov.br/api/pncp/v1/orgaos/14814139000183/compras/2025/67/itens,10
https://pncp.gov.br/api/pncp/v1/orgaos/14814139000183/compras/2025/68/itens,1
https://pncp.gov.br/api/pncp/v1/orgaos/76417005000186/compras/2025/18/itens,1
https://pncp.gov.br/api/pncp/v1/orgaos/76417005000186/compras/2025/18/itens,2
https://pncp.gov.br/api/pncp/v1/orgaos/76417005001743/compras/2025/9/itens,1
https://pncp.gov.br/api/pncp/v1/orgaos/76417005001743/compras/2025/9/itens,2
https://pncp.gov.br/api/pncp/v1/orgaos/14814139000183/compras/2025/54/itens,1
https://pncp.gov.br/api/pncp/v1/orgaos/14814139000183/compras/2025/54/itens,2
https://pncp.gov.br/api/pncp/v1/orgaos/14814139000183/compras/2025/54/itens,3
https://pncp.gov.br/api/pncp/v1/orgaos/14814139000183/compras/2025/54/itens,4
https://pncp.gov.br/api/pncp/v1/orgaos/14814139000183/compras/2025/54/itens,5
https://pncp.gov.br/api/pncp/v1/orgaos/14814139000183/compras/2025/54/itens,6
https://pncp.gov.br/api/pncp/v1/orgaos/14814139000183/compras/2025/54/itens,7
https://pncp.gov.br/api/pncp/v1/orgaos/14814139000183/compras/2025/54/itens,8
https://pncp.gov.br/api/pncp/v1/orgaos/14814139000183/compras/2025/54/itens,9
https://pncp.gov.br/api/pncp/v1/orgaos/14814139000183/compras/2025/54/itens,10
https://pncp.gov.br/api/pncp/v1/orgaos/76417005000186/compras/2025/60/itens,1
https://pncp.gov.br/api/pncp/v1/orgaos/76417005000186/compras/2025/62/itens,1
https://pncp.gov.br/api/pncp/v1/orgaos/76417005000186/compras/2025/62/itens,2
https://pncp.gov.br/api/pncp/v1/orgaos/76417005001743/compras/2025/24/itens,1
https://pncp.gov.br/api/pncp/v1/orgaos/76417005001743/compras/2025/24/itens,2
https://pncp.gov.br/api/pncp/v1/orgaos/76417005001743/compras/2025/24/itens,3
https://pncp.gov.br/api/pncp/v1/orgaos/76417005001743/compras/2025/24/itens,4
https://pncp.gov.br/api/pncp/v1/orgaos/76417005001743/compras/2025/24/itens,5
https://pncp.gov.br/api/pncp/v1/orgaos/76417005000186/compras/2024/231/itens,1
https://pncp.gov.br/api/pncp/v1/orgaos/76417005000186/compras/2024/231/itens,2
https://pncp.gov.br/api/pncp/v1/orgaos/13792329000184/compras/2024/301/itens,1
https://pncp.gov.br/api/pncp/v1/orgaos/13792329000184/compras/2024/301/itens,2
https://pncp.gov.br/api/pncp/v1/orgaos/13792329000184/compras/2024/301/itens,3
https://pncp.gov.br/api/pncp/v1/orgaos/13792329000184/compras/2024/301/itens,4
https://pncp.gov.br/api/pncp/v1/orgaos/13792329000184/compras/2024/301/itens,5
https://pncp.gov.br/api/pncp/v1/orgaos/13792329000184/compras/2024/301/itens,6
https://pncp.gov.br/api/pncp/v1/orgaos/13792329000184/compras/2024/301/itens,7
https://pncp.gov.br/api/pncp/v1/orgaos/13792329000184/compras/2024/301/itens,8
https://pncp.gov.br/api/pncp/v1/orgaos/13792329000184/compras/2024/301/itens,9
https://pncp.gov.br/api/pncp/v1/orgaos/13792329000184/compras/2024/301/itens,10
https://pncp.gov.br/api/pncp/v1/orgaos/76417005000186/compras/2024/415/itens,1
https://pncp.gov.br/api/pncp/v1/orgaos/76417005000186/compras/2024/415/itens,2
https://pncp.gov.br/api/pncp/v1/orgaos/76417005000186/compras/2024/415/itens,3
https://pncp.gov.br/api/pncp/v1/orgaos/76417005000186/compras/2024/415/itens,4
https://pncp.gov.br/api/pncp/v1/orgaos/13792329000184/compras/2025/15/itens,1
https://pncp.gov.br/api/pncp/v1/orgaos/13792329000184/compras/2025/15/itens,2
https://pncp.gov.br/api/pncp/v1/orgaos/13792329000184/compras/2025/15/itens,3
https://pncp.gov.br/api/pncp/v1/orgaos/13792329000184/compras/2025/15/itens,4
https://pncp.gov.br/api/pncp/v1/orgaos/13792329000184/compras/2025/15/itens,5
https://pncp.gov.br/api/pncp/v1/orgaos/13792329000184/compras/2025/15/itens,6
https://pncp.gov.br/api/pncp/v1/orgaos/13792329000184/compras/2025/15/itens,7
https://pncp.gov.br/api/pncp/v1/orgaos/13792329000184/compras/2025/15/itens,8
https://pncp.gov.br/api/pncp/v1/orgaos/13792329000184/compras/2025/15/itens,9
https://pncp.gov.br/api/pncp/v1/orgaos/13792329000184/compras/2025/15/itens,10
https://pncp.gov.br/api/pncp/v1/orgaos/76417005001743/compras/2025/26/itens,1
https://pncp.gov.br/api/pncp/v1/orgaos/76417005001743/compras/2025/26/itens,2
https://pncp.gov.br/api/pncp/v1/orgaos/76417005001743/compras/2025/26/itens,3
https://pncp.gov.br/api/pncp/v1/orgaos/76417005001743/compras/2025/26/itens,4
https://pncp.gov.br/api/pncp/v1/orgaos/76417005001743/compras/2025/26/itens,5
https://pncp.gov.br/api/pncp/v1/orgaos/76417005001743/compras/2025/26/itens,6
https://pncp.gov.br/api/pncp/v1/orgaos/76417005001743/compras/2025/26/itens,7
https://pncp.gov.br/api/pncp/v1/orgaos/76417005001743/compras/2025/26/itens,8
https://pncp.gov.br/api/pncp/v1/orgaos/76417005001743/compras/2025/26/itens,9
https://pncp.gov.br/api/pncp/v1/orgaos/76417005001743/compras/2025/26/itens,10
https://pncp.gov.br/api/pncp/v1/orgaos/77636520000110/compras/2025/12/itens,1
https://pncp.gov.br/api/pncp/v1/orgaos/13792329000184/compras/2024/317/itens,1
https://pncp.gov.br/api/pncp/v1/orgaos/13792329000184/compras/2024/317/itens,2
https://pncp.gov.br/api/pncp/v1/orgaos/13792329000184/compras/2024/317/itens,3
https://pncp.gov.br/api/pncp/v1/orgaos/13792329000184/compras/2024/317/itens,4
https://pncp.gov.br/api/pncp/v1/orgaos/13792329000184/compras/2024/317/itens,5
https://pncp.gov.br/api/pncp/v1/orgaos/13792329000184/compras/2024/317/itens,6
https://pncp.gov.br/api/pncp/v1/orgaos/13792329000184/compras/2024/317/itens,7
https://pncp.gov.br/api/pncp/v1/orgaos/76417005001743/compras/2025/22/itens,1
https://pncp.gov.br/api/pncp/v1/orgaos/76417005001743/compras/2025/22/itens,2
https://pncp.gov.br/api/pncp/v1/orgaos/76417005001743/compras/2025/22/itens,3
https://pncp.gov.br/api/pncp/v1/orgaos/76417005001743/compras/2025/22/itens,4
https://pncp.gov.br/api/pncp/v1/orgaos/76417005001743/compras/2025/22/itens,5
https://pncp.gov.br/api/pncp/v1/orgaos/76417005001743/compras/2025/22/itens,6
https://pncp.gov.br/api/pncp/v1/orgaos/76417005001743/compras/2025/22/itens,7
https://pncp.gov.br/api/pncp/v1/orgaos/14682109000160/compras/2025/23/itens,1
https://pncp.gov.br/api/pncp/v1/orgaos/14682109000160/compras/2025/24/itens,1
https://pncp.gov.br/api/pncp/v1/orgaos/07505809000114/compras/2025/10/itens,1
https://pncp.gov.br/api/pncp/v1/orgaos/13792329000184/compras/2025/53/itens,1
https://pncp.gov.br/api/pncp/v1/orgaos/76417005000186/compras/2025/56/itens,1
https://pncp.gov.br/api/pncp/v1/orgaos/76417005000186/compras/2025/56/itens,2
https://pncp.gov.br/api/pncp/v1/orgaos/76417005000186/compras/2025/56/itens,3
https://pncp.gov.br/api/pncp/v1/orgaos/76417005000186/compras/2025/56/itens,4
https://pncp.gov.br/api/pncp/v1/orgaos/76417005000186/compras/2025/56/itens,5
https://pncp.gov.br/api/pncp/v1/orgaos/76417005000186/compras/2025/56/itens,6
https://pncp.gov.br/api/pncp/v1/orgaos/76417005000186/compras/2025/56/itens,7
https://pncp.gov.br/api/pncp/v1/orgaos/76417005000186/compras/2025/56/itens,8
https://pncp.gov.br/api/pncp/v1/orgaos/76417005000186/compras/2025/56/itens,9
https://pncp.gov.br/api/pncp/v1/orgaos/76417005000186/compras/2025/56/itens,10
https://pncp.gov.br/api/pncp/v1/orgaos/77636520000110/compras/2025/14/itens,1
https://pncp.gov.br/api/pncp/v1/orgaos/13792329000184/compras/2025/55/itens,1
https://pncp.gov.br/api/pncp/v1/orgaos/13792329000184/compras/2025/55/itens,2
https://pncp.gov.br/api/pncp/v1/orgaos/13792329000184/compras/2025/55/itens,3
https://pncp.gov.br/api/pncp/v1/orgaos/13792329000184/compras/2025/55/itens,4
https://pncp.gov.br/api/pncp/v1/orgaos/76417005000186/compras/2025/58/itens,1
https://pncp.gov.br/api/pncp/v1/orgaos/76417005000186/compras/2025/58/itens,2
https://pncp.gov.br/api/pncp/v1/orgaos/77636520000110/compras/2025/15/itens,1
https://pncp.gov.br/api/pncp/v1/orgaos/14814139000183/compras/2025/70/itens,1
https://pncp.gov.br/api/pncp/v1/orgaos/14814139000183/compras/2025/71/itens,1
https://pncp.gov.br/api/pncp/v1/orgaos/14814139000183/compras/2025/75/itens,1
https://pncp.gov.br/api/pncp/v1/orgaos/76417005000186/compras/2024/458/itens,1
https://pncp.gov.br/api/pncp/v1/orgaos/76417005000186/compras/2024/458/itens,2
https://pncp.gov.br/api/pncp/v1/orgaos/76417005000186/compras/2024/458/itens,3
https://pncp.gov.br/api/pncp/v1/orgaos/76417005000186/compras/2024/458/itens,4
https://pncp.gov.br/api/pncp/v1/orgaos/13792329000184/compras/2025/52/itens,1
https://pncp.gov.br/api/pncp/v1/orgaos/76417005001743/compras/2025/14/itens,1
https://pncp.gov.br/api/pncp/v1/orgaos/76417005001743/compras/2025/14/itens,2
https://pncp.gov.br/api/pncp/v1/orgaos/76417005001743/compras/2025/14/itens,3
https://pncp.gov.br/api/pncp/v1/orgaos/76417005001743/compras/2025/14/itens,4
https://pncp.gov.br/api/pncp/v1/orgaos/76417005001743/compras/2025/14/itens,5
https://pncp.gov.br/api/pncp/v1/orgaos/76417005001743/compras/2025/10/itens,1
https://pncp.gov.br/api/pncp/v1/orgaos/76417005001743/compras/2025/10/itens,2
https://pncp.gov.br/api/pncp/v1/orgaos/76417005001743/compras/2025/10/itens,3
https://pncp.gov.br/api/pncp/v1/orgaos/76417005001743/compras/2025/10/itens,4
https://pncp.gov.br/api/pncp/v1/orgaos/76417005001743/compras/2025/10/itens,5
https://pncp.gov.br/api/pncp/v1/orgaos/76417005001743/compras/2025/10/itens,6
https://pncp.gov.br/api/pncp/v1/orgaos/76417005001743/compras/2025/10/itens,7
https://pncp.gov.br/api/pncp/v1/orgaos/77636520000110/compras/2025/2/itens,1
https://pncp.gov.br/api/pncp/v1/orgaos/13792329000184/compras/2024/231/itens,1
https://pncp.gov.br/api/pncp/v1/orgaos/14814139000183/compras/2025/31/itens,1
https://pncp.gov.br/api/pncp/v1/orgaos/14814139000183/compras/2025/66/itens,1
https://pncp.gov.br/api/pncp/v1/orgaos/14814139000183/compras/2025/66/itens,2
https://pncp.gov.br/api/pncp/v1/orgaos/14814139000183/compras/2025/66/itens,3
https://pncp.gov.br/api/pncp/v1/orgaos/14814139000183/compras/2025/66/itens,4
https://pncp.gov.br/api/pncp/v1/orgaos/14814139000183/compras/2025/66/itens,5
https://pncp.gov.br/api/pncp/v1/orgaos/14814139000183/compras/2025/66/itens,6
https://pncp.gov.br/api/pncp/v1/orgaos/14814139000183/compras/2025/66/itens,7
https://pncp.gov.br/api/pncp/v1/orgaos/14814139000183/compras/2025/66/itens,8
https://pncp.gov.br/api/pncp/v1/orgaos/14814139000183/compras/2025/66/itens,9
https://pncp.gov.br/api/pncp/v1/orgaos/14814139000183/compras/2025/66/itens,10
https://pncp.gov.br/api/pncp/v1/orgaos/14814139000183/compras/2025/19/itens,1
https://pncp.gov.br/api/pncp/v1/orgaos/14814139000183/compras/2025/19/itens,2
https://pncp.gov.br/api/pncp/v1/orgaos/14814139000183/compras/2025/19/itens,3
https://pncp.gov.br/api/pncp/v1/orgaos/14814139000183/compras/2025/19/itens,4
https://pncp.gov.br/api/pncp/v1/orgaos/14814139000183/compras/2025/19/itens,5
https://pncp.gov.br/api/pncp/v1/orgaos/14814139000183/compras/2025/19/itens,6
https://pncp.gov.br/api/pncp/v1/orgaos/14814139000183/compras/2025/56/itens,4
https://pncp.gov.br/api/pncp/v1/orgaos/14814139000183/compras/2025/56/itens,5
https://pncp.gov.br/api/pncp/v1/orgaos/76417005000186/compras/2025/57/itens,1
https://pncp.gov.br/api/pncp/v1/orgaos/76417005000186/compras/2025/57/itens,2
https://pncp.gov.br/api/pncp/v1/orgaos/76417005000186/compras/2025/57/itens,3
https://pncp.gov.br/api/pncp/v1/orgaos/76417005000186/compras/2025/57/itens,4
https://pncp.gov.br/api/pncp/v1/orgaos/76417005000186/compras/2025/57/itens,5
https://pncp.gov.br/api/pncp/v1/orgaos/76417005001743/compras/2025/15/itens,1
https://pncp.gov.br/api/pncp/v1/orgaos/76417005001743/compras/2025/15/itens,2
https://pncp.gov.br/api/pncp/v1/orgaos/76417005001743/compras/2025/15/itens,3
https://pncp.gov.br/api/pncp/v1/orgaos/76417005001743/compras/2025/15/itens,4
https://pncp.gov.br/api/pncp/v1/orgaos/76417005001743/compras/2025/15/itens,5
https://pncp.gov.br/api/pncp/v1/orgaos/76417005001743/compras/2025/15/itens,6
https://pncp.gov.br/api/pncp/v1/orgaos/13792329000184/compras/2024/297/itens,1
https://pncp.gov.br/api/pncp/v1/orgaos/14814139000183/compras/2025/67/itens,1
https://pncp.gov.br/api/pncp/v1/orgaos/14814139000183/compras/2025/67/itens,2
https://pncp.gov.br/api/pncp/v1/orgaos/14814139000183/compras/2025/67/itens,3
https://pncp.gov.br/api/pncp/v1/orgaos/14814139000183/compras/2025/67/itens,4
https://pncp.gov.br/api/pncp/v1/orgaos/14814139000183/compras/2025/67/itens,5
https://pncp.gov.br/api/pncp/v1/orgaos/14814139000183/compras/2025/67/itens,6
https://pncp.gov.br/api/pncp/v1/orgaos/14814139000183/compras/2025/67/itens,7
https://pncp.gov.br/api/pncp/v1/orgaos/14814139000183/compras/2025/67/itens,9
https://pncp.gov.br/api/pncp/v1/orgaos/14814139000183/compras/2025/67/itens,10
https://pncp.gov.br/api/pncp/v1/orgaos/14814139000183/compras/2025/68/itens,1
https://pncp.gov.br/api/pncp/v1/orgaos/76417005000186/compras/2025/18/itens,1
https://pncp.gov.br/api/pncp/v1/orgaos/76417005000186/compras/2025/18/itens,2
https://pncp.gov.br/api/pncp/v1/orgaos/76417005001743/compras/2025/9/itens,1
https://pncp.gov.br/api/pncp/v1/orgaos/76417005001743/compras/2025/9/itens,2
https://pncp.gov.br/api/pncp/v1/orgaos/14814139000183/compras/2025/54/itens,1
https://pncp.gov.br/api/pncp/v1/orgaos/14814139000183/compras/2025/54/itens,2
https://pncp.gov.br/api/pncp/v1/orgaos/14814139000183/compras/2025/54/itens,3
https://pncp.gov.br/api/pncp/v1/orgaos/14814139000183/compras/2025/54/itens,4
https://pncp.gov.br/api/pncp/v1/orgaos/14814139000183/compras/2025/54/itens,5
https://pncp.gov.br/api/pncp/v1/orgaos/14814139000183/compras/2025/54/itens,6
https://pncp.gov.br/api/pncp/v1/orgaos/14814139000183/compras/2025/54/itens,7
https://pncp.gov.br/api/pncp/v1/orgaos/14814139000183/compras/2025/54/itens,8
https://pncp.gov.br/api/pncp/v1/orgaos/14814139000183/compras/2025/54/itens,9
https://pncp.gov.br/api/pncp/v1/orgaos/14814139000183/compras/2025/54/itens,10
https://pncp.gov.br/api/pncp/v1/orgaos/76417005000186/compras/2025/60/itens,1
https://pncp.gov.br/api/pncp/v1/orgaos/76417005000186/compras/2025/62/itens,1
https://pncp.gov.br/api/pncp/v1/orgaos/76417005000186/compras/2025/62/itens,2
https://pncp.gov.br/api/pncp/v1/orgaos/76417005001743/compras/2025/24/itens,1
https://pncp.gov.br/api/pncp/v1/orgaos/76417005001743/compras/2025/24/itens,2
https://pncp.gov.br/api/pncp/v1/orgaos/76417005001743/compras/2025/24/itens,3
https://pncp.gov.br/api/pncp/v1/orgaos/76417005001743/compras/2025/24/itens,4
https://pncp.gov.br/api/pncp/v1/orgaos/76417005001743/compras/2025/24/itens,5
https://pncp.gov.br/api/pncp/v1/orgaos/76417005000186/compras/2024/231/itens,1
https://pncp.gov.br/api/pncp/v1/orgaos/76417005000186/compras/2024/231/itens,2
https://pncp.gov.br/api/pncp/v1/orgaos/13792329000184/compras/2024/301/itens,1
https://pncp.gov.br/api/pncp/v1/orgaos/13792329000184/compras/2024/301/itens,2
https://pncp.gov.br/api/pncp/v1/orgaos/13792329000184/compras/2024/301/itens,3
https://pncp.gov.br/api/pncp/v1/orgaos/13792329000184/compras/2024/301/itens,4
https://pncp.gov.br/api/pncp/v1/orgaos/13792329000184/compras/2024/301/itens,5
https://pncp.gov.br/api/pncp/v1/orgaos/13792329000184/compras/2024/301/itens,6
https://pncp.gov.br/api/pncp/v1/orgaos/13792329000184/compras/2024/301/itens,7
https://pncp.gov.br/api/pncp/v1/orgaos/13792329000184/compras/2024/301/itens,8
https://pncp.gov.br/api/pncp/v1/orgaos/13792329000184/compras/2024/301/itens,9
https://pncp.gov.br/api/pncp/v1/orgaos/13792329000184/compras/2024/301/itens,10
https://pncp.gov.br/api/pncp/v1/orgaos/76417005000186/compras/2024/415/itens,1
https://pncp.gov.br/api/pncp/v1/orgaos/76417005000186/compras/2024/415/itens,2
https://pncp.gov.br/api/pncp/v1/orgaos/76417005000186/compras/2024/415/itens,3
https://pncp.gov.br/api/pncp/v1/orgaos/76417005000186/compras/2024/415/itens,4
https://pncp.gov.br/api/pncp/v1/orgaos/13792329000184/compras/2025/15/itens,1
https://pncp.gov.br/api/pncp/v1/orgaos/13792329000184/compras/2025/15/itens,2
https://pncp.gov.br/api/pncp/v1/orgaos/13792329000184/compras/2025/15/itens,3
https://pncp.gov.br/api/pncp/v1/orgaos/13792329000184/compras/2025/15/itens,4
https://pncp.gov.br/api/pncp/v1/orgaos/13792329000184/compras/2025/15/itens,5
https://pncp.gov.br/api/pncp/v1/orgaos/13792329000184/compras/2025/15/itens,6
https://pncp.gov.br/api/pncp/v1/orgaos/13792329000184/compras/2025/15/itens,7
https://pncp.gov.br/api/pncp/v1/orgaos/13792329000184/compras/2025/15/itens,8
https://pncp.gov.br/api/pncp/v1/orgaos/13792329000184/compras/2025/15/itens,9
https://pncp.gov.br/api/pncp/v1/orgaos/13792329000184/compras/2025/15/itens,10
https://pncp.gov.br/api/pncp/v1/orgaos/76417005001743/compras/2025/26/itens,1
https://pncp.gov.br/api/pncp/v1/orgaos/76417005001743/compras/2025/26/itens,2
https://pncp.gov.br/api/pncp/v1/orgaos/76417005001743/compras/2025/26/itens,3
https://pncp.gov.br/api/pncp/v1/orgaos/76417005001743/compras/2025/26/itens,4
https://pncp.gov.br/api/pncp/v1/orgaos/76417005001743/compras/2025/26/itens,5
https://pncp.gov.br/api/pncp/v1/orgaos/76417005001743/compras/2025/26/itens,6
https://pncp.gov.br/api/pncp/v1/orgaos/76417005001743/compras/2025/26/itens,7
https://pncp.gov.br/api/pncp/v1/orgaos/76417005001743/compras/2025/26/itens,8
https://pncp.gov.br/api/pncp/v1/orgaos/76417005001743/compras/2025/26/itens,9
https://pncp.gov.br/api/pncp/v1/orgaos/76417005001743/compras/2025/26/itens,10
https://pncp.gov.br/api/pncp/v1/orgaos/77636520000110/compras/2025/12/itens,1
https://pncp.gov.br/api/pncp/v1/orgaos/13792329000184/compras/2024/317/itens,1
https://pncp.gov.br/api/pncp/v1/orgaos/13792329000184/compras/2024/317/itens,2
https://pncp.gov.br/api/pncp/v1/orgaos/13792329000184/compras/2024/317/itens,3
https://pncp.gov.br/api/pncp/v1/orgaos/13792329000184/compras/2024/317/itens,4
https://pncp.gov.br/api/pncp/v1/orgaos/13792329000184/compras/2024/317/itens,5
https://pncp.gov.br/api/pncp/v1/orgaos/13792329000184/compras/2024/317/itens,6
https://pncp.gov.br/api/pncp/v1/orgaos/13792329000184/compras/2024/317/itens,7
https://pncp.gov.br/api/pncp/v1/orgaos/76417005001743/compras/2025/22/itens,1
https://pncp.gov.br/api/pncp/v1/orgaos/76417005001743/compras/2025/22/itens,2
https://pncp.gov.br/api/pncp/v1/orgaos/76417005001743/compras/2025/22/itens,3
https://pncp.gov.br/api/pncp/v1/orgaos/76417005001743/compras/2025/22/itens,4
https://pncp.gov.br/api/pncp/v1/orgaos/76417005001743/compras/2025/22/itens,5
https://pncp.gov.br/api/pncp/v1/orgaos/76417005001743/compras/2025/22/itens,6
https://pncp.gov.br/api/pncp/v1/orgaos/76417005001743/compras/2025/22/itens,7
https://pncp.gov.br/api/pncp/v1/orgaos/14682109000160/compras/2025/23/itens,1
https://pncp.gov.br/api/pncp/v1/orgaos/14682109000160/compras/2025/24/itens,1
https://pncp.gov.br/api/pncp/v1/orgaos/07505809000114/compras/2025/10/itens,1
https://pncp.gov.br/api/pncp/v1/orgaos/13792329000184/compras/2025/53/itens,1
https://pncp.gov.br/api/pncp/v1/orgaos/76417005000186/compras/2025/56/itens,1
https://pncp.gov.br/api/pncp/v1/orgaos/76417005000186/compras/2025/56/itens,2
https://pncp.gov.br/api/pncp/v1/orgaos/76417005000186/compras/2025/56/itens,3
https://pncp.gov.br/api/pncp/v1/orgaos/76417005000186/compras/2025/56/itens,4
https://pncp.gov.br/api/pncp/v1/orgaos/76417005000186/compras/2025/56/itens,5
https://pncp.gov.br/api/pncp/v1/orgaos/76417005000186/compras/2025/56/itens,6
https://pncp.gov.br/api/pncp/v1/orgaos/76417005000186/compras/2025/56/itens,7
https://pncp.gov.br/api/pncp/v1/orgaos/76417005000186/compras/2025/56/itens,8
https://pncp.gov.br/api/pncp/v1/orgaos/76417005000186/compras/2025/56/itens,9
https://pncp.gov.br/api/pncp/v1/orgaos/76417005000186/compras/2025/56/itens,10
https://pncp.gov.br/api/pncp/v1/orgaos/77636520000110/compras/2025/14/itens,1
https://pncp.gov.br/api/pncp/v1/orgaos/13792329000184/compras/2025/55/itens,1
https://pncp.gov.br/api/pncp/v1/orgaos/13792329000184/compras/2025/55/itens,2
https://pncp.gov.br/api/pncp/v1/orgaos/13792329000184/compras/2025/55/itens,3
https://pncp.gov.br/api/pncp/v1/orgaos/13792329000184/compras/2025/55/itens,4
https://pncp.gov.br/api/pncp/v1/orgaos/76417005000186/compras/2025/58/itens,1
https://pncp.gov.br/api/pncp/v1/orgaos/76417005000186/compras/2025/58/itens,2
https://pncp.gov.br/api/pncp/v1/orgaos/77636520000110/compras/2025/15/itens,1
https://pncp.gov.br/api/pncp/v1/orgaos/14814139000183/compras/2025/70/itens,1
https://pncp.gov.br/api/pncp/v1/orgaos/14814139000183/compras/2025/71/itens,1
https://pncp.gov.br/api/pncp/v1/orgaos/14814139000183/compras/2025/75/itens,1
https://pncp.gov.br/api/pncp/v1/orgaos/75123125000108/compras/2025/17/itens,1
https://pncp.gov.br/api/pncp/v1/orgaos/75123125000108/compras/2025/18/itens,1
https://pncp.gov.br/api/pncp/v1/orgaos/75123125000108/compras/2025/19/itens,1
https://pncp.gov.br/api/pncp/v1/orgaos/75123125000108/compras/2025/20/itens,1
https://pncp.gov.br/api/pncp/v1/orgaos/75123125000108/compras/2025/20/itens,2
https://pncp.gov.br/api/pncp/v1/orgaos/75123125000108/compras/2025/20/itens,3
https://pncp.gov.br/api/pncp/v1/orgaos/75123125000108/compras/2025/21/itens,1
https://pncp.gov.br/api/pncp/v1/orgaos/75123125000108/compras/2025/22/itens,1
https://pncp.gov.br/api/pncp/v1/orgaos/75123125000108/compras/2025/23/itens,1
https://pncp.gov.br/api/pncp/v1/orgaos/75123125000108/compras/2025/23/itens,2
https://pncp.gov.br/api/pncp/v1/orgaos/75123125000108/compras/2025/23/itens,3
https://pncp.gov.br/api/pncp/v1/orgaos/75123125000108/compras/2025/24/itens,1
https://pncp.gov.br/api/pncp/v1/orgaos/75123125000108/compras/2025/24/itens,2
https://pncp.gov.br/api/pncp/v1/orgaos/75123125000108/compras/2025/24/itens,3
https://pncp.gov.br/api/pncp/v1/orgaos/75123125000108/compras/2025/24/itens,4
https://pncp.gov.br/api/pncp/v1/orgaos/75123125000108/compras/2025/24/itens,5
https://pncp.gov.br/api/pncp/v1/orgaos/75123125000108/compras/2025/24/itens,6
https://pncp.gov.br/api/pncp/v1/orgaos/75123125000108/compras/2025/24/itens,7
https://pncp.gov.br/api/pncp/v1/orgaos/75123125000108/compras/2025/24/itens,8
https://pncp.gov.br/api/pncp/v1/orgaos/75123125000108/compras/2025/24/itens,9
https://pncp.gov.br/api/pncp/v1/orgaos/75123125000108/compras/2025/24/itens,10
https://pncp.gov.br/api/pncp/v1/orgaos/75123125000108/compras/2025/25/itens,1
https://pncp.gov.br/api/pncp/v1/orgaos/75123125000108/compras/2025/26/itens,1
https://pncp.gov.br/api/pncp/v1/orgaos/75123125000108/compras/2025/26/itens,2
https://pncp.gov.br/api/pncp/v1/orgaos/75123125000108/compras/2025/27/itens,1
https://pncp.gov.br/api/pncp/v1/orgaos/75123125000108/compras/2025/27/itens,2
https://pncp.gov.br/api/pncp/v1/orgaos/75123125000108/compras/2025/27/itens,3
https://pncp.gov.br/api/pncp/v1/orgaos/75123125000108/compras/2025/27/itens,4
https://pncp.gov.br/api/pncp/v1/orgaos/75123125000108/compras/2025/27/itens,5
https://pncp.gov.br/api/pncp/v1/orgaos/75123125000108/compras/2025/27/itens,6
https://pncp.gov.br/api/pncp/v1/orgaos/75123125000108/compras/2025/27/itens,7
https://pncp.gov.br/api/pncp/v1/orgaos/75123125000108/compras/2025/27/itens,8
https://pncp.gov.br/api/pncp/v1/orgaos/75123125000108/compras/2025/28/itens,1
https://pncp.gov.br/api/pncp/v1/orgaos/75123125000108/compras/2025/28/itens,2
https://pncp.gov.br/api/pncp/v1/orgaos/75123125000108/compras/2025/28/itens,3
https://pncp.gov.br/api/pncp/v1/orgaos/75123125000108/compras/2025/28/itens,4
https://pncp.gov.br/api/pncp/v1/orgaos/75123125000108/compras/2025/29/itens,1
https://pncp.gov.br/api/pncp/v1/orgaos/75123125000108/compras/2025/29/itens,2
https://pncp.gov.br/api/pncp/v1/orgaos/75123125000108/compras/2025/30/itens,1
https://pncp.gov.br/api/pncp/v1/orgaos/75123125000108/compras/2025/31/itens,1
https://pncp.gov.br/api/pncp/v1/orgaos/75123125000108/compras/2025/32/itens,1
https://pncp.gov.br/api/pncp/v1/orgaos/75123125000108/compras/2025/33/itens,1
https://pncp.gov.br/api/pncp/v1/orgaos/76417005001743/compras/2025/48/itens,1
https://pncp.gov.br/api/pncp/v1/orgaos/76417005001743/compras/2025/48/itens,2
https://pncp.gov.br/api/pncp/v1/orgaos/76417005001743/compras/2025/48/itens,3
https://pncp.gov.br/api/pncp/v1/orgaos/76417005001743/compras/2025/49/itens,1
https://pncp.gov.br/api/pncp/v1/orgaos/76417005001743/compras/2025/50/itens,1
https://pncp.gov.br/api/pncp/v1/orgaos/76417005001743/compras/2025/50/itens,2
https://pncp.gov.br/api/pncp/v1/orgaos/76417005001743/compras/2025/51/itens,1
https://pncp.gov.br/api/pncp/v1/orgaos/76417005001743/compras/2025/52/itens,1
https://pncp.gov.br/api/pncp/v1/orgaos/76417005001743/compras/2025/53/itens,1
https://pncp.gov.br/api/pncp/v1/orgaos/76417005001743/compras/2025/53/itens,2
https://pncp.gov.br/api/pncp/v1/orgaos/76417005001743/compras/2025/53/itens,3
https://pncp.gov.br/api/pncp/v1/orgaos/76417005001743/compras/2025/53/itens,4
https://pncp.gov.br/api/pncp/v1/orgaos/76417005001743/compras/2025/53/itens,5
https://pncp.gov.br/api/pncp/v1/orgaos/76417005001743/compras/2025/53/itens,6
https://pncp.gov.br/api/pncp/v1/orgaos/13792329000184/compras/2025/54/itens,1
https://pncp.gov.br/api/pncp/v1/orgaos/76608736000109/compras/2025/4/itens,1
https://pncp.gov.br/api/pncp/v1/orgaos/14814139000183/compras/2025/65/itens,1
https://pncp.gov.br/api/pncp/v1/orgaos/07505809000114/compras/2025/11/itens,1
https://pncp.gov.br/api/pncp/v1/orgaos/76608736000109/compras/2025/5/itens,1
https://pncp.gov.br/api/pncp/v1/orgaos/07505809000114/compras/2025/12/itens,1
https://pncp.gov.br/api/pncp/v1/orgaos/14814139000183/compras/2025/36/itens,1
https://pncp.gov.br/api/pncp/v1/orgaos/14814139000183/compras/2025/36/itens,2
https://pncp.gov.br/api/pncp/v1/orgaos/14814139000183/compras/2025/36/itens,3
https://pncp.gov.br/api/pncp/v1/orgaos/14814139000183/compras/2025/36/itens,4
https://pncp.gov.br/api/pncp/v1/orgaos/14814139000183/compras/2025/36/itens,5
https://pncp.gov.br/api/pncp/v1/orgaos/14814139000183/compras/2025/36/itens,6
https://pncp.gov.br/api/pncp/v1/orgaos/14814139000183/compras/2025/36/itens,7
https://pncp.gov.br/api/pncp/v1/orgaos/14814139000183/compras/2025/36/itens,8
https://pncp.gov.br/api/pncp/v1/orgaos/14814139000183/compras/2025/36/itens,9
https://pncp.gov.br/api/pncp/v1/orgaos/14814139000183/compras/2025/36/itens,10
https://pncp.gov.br/api/pncp/v1/orgaos/76417005001743/compras/2025/19/itens,1
https://pncp.gov.br/api/pncp/v1/orgaos/76417005001743/compras/2025/19/itens,2
https://pncp.gov.br/api/pncp/v1/orgaos/76417005001743/compras/2025/19/itens,3
https://pncp.gov.br/api/pncp/v1/orgaos/76417005001743/compras/2025/19/itens,4
https://pncp.gov.br/api/pncp/v1/orgaos/14814139000183/compras/2025/78/itens,1
https://pncp.gov.br/api/pncp/v1/orgaos/14814139000183/compras/2025/78/itens,2
https://pncp.gov.br/api/pncp/v1/orgaos/14814139000183/compras/2025/78/itens,3
https://pncp.gov.br/api/pncp/v1/orgaos/14814139000183/compras/2025/78/itens,4
https://pncp.gov.br/api/pncp/v1/orgaos/14814139000183/compras/2025/78/itens,5
https://pncp.gov.br/api/pncp/v1/orgaos/14814139000183/compras/2025/78/itens,6
https://pncp.gov.br/api/pncp/v1/orgaos/14814139000183/compras/2025/78/itens,7
https://pncp.gov.br/api/pncp/v1/orgaos/14814139000183/compras/2025/78/itens,8
https://pncp.gov.br/api/pncp/v1/orgaos/14814139000183/compras/2025/78/itens,9
https://pncp.gov.br/api/pncp/v1/orgaos/14814139000183/compras/2025/78/itens,10
https://pncp.gov.br/api/pncp/v1/orgaos/13792329000184/compras/2025/21/itens,1
https://pncp.gov.br/api/pncp/v1/orgaos/13792329000184/compras/2025/21/itens,2
https://pncp.gov.br/api/pncp/v1/orgaos/13792329000184/compras/2025/21/itens,3
https://pncp.gov.br/api/pncp/v1/orgaos/13792329000184/compras/2025/21/itens,4
https://pncp.gov.br/api/pncp/v1/orgaos/13792329000184/compras/2025/21/itens,5
https://pncp.gov.br/api/pncp/v1/orgaos/13792329000184/compras/2025/21/itens,6
https://pncp.gov.br/api/pncp/v1/orgaos/13792329000184/compras/2025/21/itens,7
https://pncp.gov.br/api/pncp/v1/orgaos/13792329000184/compras/2025/21/itens,9
https://pncp.gov.br/api/pncp/v1/orgaos/13792329000184/compras/2025/21/itens,10
https://pncp.gov.br/api/pncp/v1/orgaos/13792329000184/compras/2025/59/itens,1
https://pncp.gov.br/api/pncp/v1/orgaos/13792329000184/compras/2025/59/itens,2
https://pncp.gov.br/api/pncp/v1/orgaos/13792329000184/compras/2025/59/itens,3
https://pncp.gov.br/api/pncp/v1/orgaos/13792329000184/compras/2025/59/itens,4
https://pncp.gov.br/api/pncp/v1/orgaos/13792329000184/compras/2025/59/itens,5
https://pncp.gov.br/api/pncp/v1/orgaos/13792329000184/compras/2025/59/itens,6
https://pncp.gov.br/api/pncp/v1/orgaos/14814139000183/compras/2025/55/itens,1
https://pncp.gov.br/api/pncp/v1/orgaos/14814139000183/compras/2025/55/itens,2
https://pncp.gov.br/api/pncp/v1/orgaos/14814139000183/compras/2025/55/itens,3
https://pncp.gov.br/api/pncp/v1/orgaos/14814139000183/compras/2025/55/itens,4
https://pncp.gov.br/api/pncp/v1/orgaos/14814139000183/compras/2025/55/itens,5
https://pncp.gov.br/api/pncp/v1/orgaos/14814139000183/compras/2025/55/itens,6
https://pncp.gov.br/api/pncp/v1/orgaos/76417005001743/compras/2025/37/itens,1
https://pncp.gov.br/api/pncp/v1/orgaos/76417005001743/compras/2025/37/itens,2
https://pncp.gov.br/api/pncp/v1/orgaos/76417005001743/compras/2025/57/itens,1
https://pncp.gov.br/api/pncp/v1/orgaos/76417005001743/compras/2025/57/itens,2
https://pncp.gov.br/api/pncp/v1/orgaos/76417005001743/compras/2025/57/itens,3
https://pncp.gov.br/api/pncp/v1/orgaos/76417005001743/compras/2025/57/itens,4
https://pncp.gov.br/api/pncp/v1/orgaos/76417005001743/compras/2025/57/itens,5
https://pncp.gov.br/api/pncp/v1/orgaos/76417005001743/compras/2025/57/itens,6
https://pncp.gov.br/api/pncp/v1/orgaos/76417005001743/compras/2025/57/itens,7
https://pncp.gov.br/api/pncp/v1/orgaos/76417005001743/compras/2025/6/itens,1
https://pncp.gov.br/api/pncp/v1/orgaos/76417005001743/compras/2025/6/itens,2
https://pncp.gov.br/api/pncp/v1/orgaos/76417005001743/compras/2025/6/itens,3
https://pncp.gov.br/api/pncp/v1/orgaos/76417005001743/compras/2025/6/itens,4
https://pncp.gov.br/api/pncp/v1/orgaos/14814139000183/compras/2025/59/itens,1
https://pncp.gov.br/api/pncp/v1/orgaos/76417005001743/compras/2025/21/itens,1
https://pncp.gov.br/api/pncp/v1/orgaos/76417005001743/compras/2025/21/itens,2
https://pncp.gov.br/api/pncp/v1/orgaos/76417005001743/compras/2025/21/itens,3
https://pncp.gov.br/api/pncp/v1/orgaos/76417005001743/compras/2025/21/itens,4
https://pncp.gov.br/api/pncp/v1/orgaos/13792329000184/compras/2025/60/itens,1
https://pncp.gov.br/api/pncp/v1/orgaos/14814139000183/compras/2025/26/itens,1
https://pncp.gov.br/api/pncp/v1/orgaos/14814139000183/compras/2025/26/itens,2
https://pncp.gov.br/api/pncp/v1/orgaos/14814139000183/compras/2025/26/itens,3
https://pncp.gov.br/api/pncp/v1/orgaos/14814139000183/compras/2025/26/itens,4
https://pncp.gov.br/api/pncp/v1/orgaos/14814139000183/compras/2025/26/itens,6
https://pncp.gov.br/api/pncp/v1/orgaos/76417005001743/compras/2025/58/itens,1
https://pncp.gov.br/api/pncp/v1/orgaos/76417005001743/compras/2025/58/itens,2
https://pncp.gov.br/api/pncp/v1/orgaos/76417005001743/compras/2025/58/itens,3
https://pncp.gov.br/api/pncp/v1/orgaos/76417005001743/compras/2025/58/itens,4
https://pncp.gov.br/api/pncp/v1/orgaos/76417005001743/compras/2025/58/itens,5
https://pncp.gov.br/api/pncp/v1/orgaos/76417005001743/compras/2025/58/itens,6
https://pncp.gov.br/api/pncp/v1/orgaos/76417005001743/compras/2025/58/itens,7
https://pncp.gov.br/api/pncp/v1/orgaos/76417005001743/compras/2025/58/itens,8
https://pncp.gov.br/api/pncp/v1/orgaos/76417005001743/compras/2025/58/itens,9
https://pncp.gov.br/api/pncp/v1/orgaos/76417005001743/compras/2025/58/itens,10
https://pncp.gov.br/api/pncp/v1/orgaos/76417005001743/compras/2025/59/itens,1
https://pncp.gov.br/api/pncp/v1/orgaos/76417005001743/compras/2025/59/itens,2
https://pncp.gov.br/api/pncp/v1/orgaos/76417005001743/compras/2025/59/itens,3
https://pncp.gov.br/api/pncp/v1/orgaos/76417005001743/compras/2025/59/itens,4
https://pncp.gov.br/api/pncp/v1/orgaos/14814139000183/compras/2025/40/itens,1
https://pncp.gov.br/api/pncp/v1/orgaos/14814139000183/compras/2025/40/itens,2
https://pncp.gov.br/api/pncp/v1/orgaos/14814139000183/compras/2025/40/itens,3
https://pncp.gov.br/api/pncp/v1/orgaos/76613835000189/compras/2025/3/itens,1
https://pncp.gov.br/api/pncp/v1/orgaos/76613835000189/compras/2025/4/itens,1
https://pncp.gov.br/api/pncp/v1/orgaos/76613835000189/compras/2025/5/itens,1
https://pncp.gov.br/api/pncp/v1/orgaos/76613835000189/compras/2025/6/itens,1
https://pncp.gov.br/api/pncp/v1/orgaos/76613835000189/compras/2025/7/itens,1
https://pncp.gov.br/api/pncp/v1/orgaos/14814139000183/compras/2025/41/itens,1
https://pncp.gov.br/api/pncp/v1/orgaos/14814139000183/compras/2025/41/itens,2
https://pncp.gov.br/api/pncp/v1/orgaos/76417005001743/compras/2025/40/itens,1
https://pncp.gov.br/api/pncp/v1/orgaos/76417005001743/compras/2025/40/itens,2
https://pncp.gov.br/api/pncp/v1/orgaos/76417005000186/compras/2025/74/itens,1
https://pncp.gov.br/api/pncp/v1/orgaos/76417005000186/compras/2025/74/itens,2
https://pncp.gov.br/api/pncp/v1/orgaos/76417005000186/compras/2025/74/itens,3
https://pncp.gov.br/api/pncp/v1/orgaos/76417005000186/compras/2025/74/itens,4
https://pncp.gov.br/api/pncp/v1/orgaos/76417005000186/compras/2025/74/itens,5
https://pncp.gov.br/api/pncp/v1/orgaos/76417005000186/compras/2025/74/itens,6
https://pncp.gov.br/api/pncp/v1/orgaos/76417005000186/compras/2025/74/itens,7
https://pncp.gov.br/api/pncp/v1/orgaos/76417005000186/compras/2025/74/itens,8
https://pncp.gov.br/api/pncp/v1/orgaos/76417005000186/compras/2025/74/itens,9
https://pncp.gov.br/api/pncp/v1/orgaos/76417005000186/compras/2025/74/itens,10
https://pncp.gov.br/api/pncp/v1/orgaos/76582337000116/compras/2024/11/itens,1
https://pncp.gov.br/api/pncp/v1/orgaos/76417005000186/compras/2025/75/itens,1
https://pncp.gov.br/api/pncp/v1/orgaos/76417005000186/compras/2025/75/itens,2
https://pncp.gov.br/api/pncp/v1/orgaos/76417005000186/compras/2025/75/itens,3
https://pncp.gov.br/api/pncp/v1/orgaos/76417005000186/compras/2025/75/itens,4
https://pncp.gov.br/api/pncp/v1/orgaos/76417005000186/compras/2025/75/itens,5
https://pncp.gov.br/api/pncp/v1/orgaos/76417005000186/compras/2025/75/itens,6
https://pncp.gov.br/api/pncp/v1/orgaos/76417005000186/compras/2025/75/itens,7
https://pncp.gov.br/api/pncp/v1/orgaos/76417005000186/compras/2025/75/itens,8
https://pncp.gov.br/api/pncp/v1/orgaos/76417005000186/compras/2025/75/itens,9
https://pncp.gov.br/api/pncp/v1/orgaos/76417005000186/compras/2025/75/itens,10
https://pncp.gov.br/api/pncp/v1/orgaos/76417005001743/compras/2025/60/itens,1
https://pncp.gov.br/api/pncp/v1/orgaos/76417005001743/compras/2025/60/itens,2
https://pncp.gov.br/api/pncp/v1/orgaos/76417005001743/compras/2025/60/itens,3
https://pncp.gov.br/api/pncp/v1/orgaos/76417005000186/compras/2025/76/itens,1
https://pncp.gov.br/api/pncp/v1/orgaos/76417005000186/compras/2025/76/itens,2
https://pncp.gov.br/api/pncp/v1/orgaos/76417005000186/compras/2025/76/itens,3
https://pncp.gov.br/api/pncp/v1/orgaos/76417005000186/compras/2025/76/itens,4
https://pncp.gov.br/api/pncp/v1/orgaos/76417005000186/compras/2025/76/itens,5
https://pncp.gov.br/api/pncp/v1/orgaos/76417005000186/compras/2025/76/itens,6
https://pncp.gov.br/api/pncp/v1/orgaos/76417005000186/compras/2025/76/itens,7
https://pncp.gov.br/api/pncp/v1/orgaos/76417005000186/compras/2025/76/itens,8
https://pncp.gov.br/api/pncp/v1/orgaos/76582337000116/compras/2024/22/itens,1
https://pncp.gov.br/api/pncp/v1/orgaos/14814139000183/compras/2025/43/itens,1
https://pncp.gov.br/api/pncp/v1/orgaos/14814139000183/compras/2025/63/itens,1
https://pncp.gov.br/api/pncp/v1/orgaos/77636520000110/compras/2025/7/itens,1
https://pncp.gov.br/api/pncp/v1/orgaos/77636520000110/compras/2025/7/itens,2
https://pncp.gov.br/api/pncp/v1/orgaos/77636520000110/compras/2025/7/itens,3
https://pncp.gov.br/api/pncp/v1/orgaos/77636520000110/compras/2025/7/itens,4
https://pncp.gov.br/api/pncp/v1/orgaos/77636520000110/compras/2025/7/itens,5
https://pncp.gov.br/api/pncp/v1/orgaos/77636520000110/compras/2025/7/itens,6
https://pncp.gov.br/api/pncp/v1/orgaos/14814139000183/compras/2025/64/itens,1
https://pncp.gov.br/api/pncp/v1/orgaos/14814139000183/compras/2025/74/itens,1
https://pncp.gov.br/api/pncp/v1/orgaos/76417005000186/compras/2025/65/itens,1
https://pncp.gov.br/api/pncp/v1/orgaos/76417005000186/compras/2025/65/itens,2
https://pncp.gov.br/api/pncp/v1/orgaos/76417005000186/compras/2025/65/itens,3
https://pncp.gov.br/api/pncp/v1/orgaos/76417005000186/compras/2025/65/itens,4
https://pncp.gov.br/api/pncp/v1/orgaos/76417005000186/compras/2025/67/itens,1
https://pncp.gov.br/api/pncp/v1/orgaos/76417005000186/compras/2025/67/itens,2
https://pncp.gov.br/api/pncp/v1/orgaos/76417005000186/compras/2025/67/itens,3
https://pncp.gov.br/api/pncp/v1/orgaos/76417005000186/compras/2025/67/itens,4
https://pncp.gov.br/api/pncp/v1/orgaos/76417005000186/compras/2025/67/itens,5
https://pncp.gov.br/api/pncp/v1/orgaos/76417005000186/compras/2025/67/itens,6
https://pncp.gov.br/api/pncp/v1/orgaos/76417005000186/compras/2025/67/itens,7
https://pncp.gov.br/api/pncp/v1/orgaos/76417005000186/compras/2025/67/itens,8
https://pncp.gov.br/api/pncp/v1/orgaos/76417005000186/compras/2025/70/itens,1
https://pncp.gov.br/api/pncp/v1/orgaos/76417005000186/compras/2025/71/itens,1
https://pncp.gov.br/api/pncp/v1/orgaos/76417005000186/compras/2025/72/itens,1
https://pncp.gov.br/api/pncp/v1/orgaos/76417005000186/compras/2025/73/itens,1
https://pncp.gov.br/api/pncp/v1/orgaos/14814139000183/compras/2025/77/itens,1
https://pncp.gov.br/api/pncp/v1/orgaos/76417005000186/compras/2025/63/itens,1
https://pncp.gov.br/api/pncp/v1/orgaos/76417005000186/compras/2025/64/itens,1
https://pncp.gov.br/api/pncp/v1/orgaos/76417005001743/compras/2025/55/itens,1
https://pncp.gov.br/api/pncp/v1/orgaos/76417005001743/compras/2025/56/itens,1
https://pncp.gov.br/api/pncp/v1/orgaos/13792329000184/compras/2025/61/itens,1
https://pncp.gov.br/api/pncp/v1/orgaos/13792329000184/compras/2025/62/itens,1
https://pncp.gov.br/api/pncp/v1/orgaos/76417005000186/compras/2025/68/itens,1
https://pncp.gov.br/api/pncp/v1/orgaos/76417005000186/compras/2025/69/itens,1
https://pncp.gov.br/api/pncp/v1/orgaos/76582337000116/compras/2024/4/itens,1
https://pncp.gov.br/api/pncp/v1/orgaos/76608736000109/compras/2025/6/itens,1
https://pncp.gov.br/api/pncp/v1/orgaos/76417005000186/compras/2025/77/itens,1
https://pncp.gov.br/api/pncp/v1/orgaos/76417005001743/compras/2025/30/itens,1
https://pncp.gov.br/api/pncp/v1/orgaos/76417005000186/compras/2025/83/itens,1
https://pncp.gov.br/api/pncp/v1/orgaos/13792329000184/compras/2024/318/itens,1
https://pncp.gov.br/api/pncp/v1/orgaos/13792329000184/compras/2024/320/itens,1
https://pncp.gov.br/api/pncp/v1/orgaos/13792329000184/compras/2024/320/itens,2
https://pncp.gov.br/api/pncp/v1/orgaos/13792329000184/compras/2024/320/itens,3
https://pncp.gov.br/api/pncp/v1/orgaos/13792329000184/compras/2024/320/itens,4
https://pncp.gov.br/api/pncp/v1/orgaos/13792329000184/compras/2024/320/itens,5
https://pncp.gov.br/api/pncp/v1/orgaos/13792329000184/compras/2024/320/itens,6
https://pncp.gov.br/api/pncp/v1/orgaos/13792329000184/compras/2024/320/itens,7
https://pncp.gov.br/api/pncp/v1/orgaos/13792329000184/compras/2024/320/itens,8
https://pncp.gov.br/api/pncp/v1/orgaos/13792329000184/compras/2025/63/itens,1
https://pncp.gov.br/api/pncp/v1/orgaos/13792329000184/compras/2025/63/itens,2
https://pncp.gov.br/api/pncp/v1/orgaos/13792329000184/compras/2025/63/itens,3
https://pncp.gov.br/api/pncp/v1/orgaos/13792329000184/compras/2025/63/itens,4
https://pncp.gov.br/api/pncp/v1/orgaos/13792329000184/compras/2025/63/itens,5
https://pncp.gov.br/api/pncp/v1/orgaos/13792329000184/compras/2025/63/itens,6
https://pncp.gov.br/api/pncp/v1/orgaos/13792329000184/compras/2025/63/itens,7
https://pncp.gov.br/api/pncp/v1/orgaos/13792329000184/compras/2025/63/itens,8
https://pncp.gov.br/api/pncp/v1/orgaos/13792329000184/compras/2025/63/itens,9
https://pncp.gov.br/api/pncp/v1/orgaos/76417005001743/compras/2025/29/itens,1
https://pncp.gov.br/api/pncp/v1/orgaos/76417005001743/compras/2025/29/itens,2
https://pncp.gov.br/api/pncp/v1/orgaos/76417005001743/compras/2025/29/itens,3
https://pncp.gov.br/api/pncp/v1/orgaos/76417005001743/compras/2025/29/itens,4
https://pncp.gov.br/api/pncp/v1/orgaos/76417005001743/compras/2025/29/itens,5
https://pncp.gov.br/api/pncp/v1/orgaos/76417005001743/compras/2025/29/itens,6
https://pncp.gov.br/api/pncp/v1/orgaos/76417005001743/compras/2025/29/itens,7
https://pncp.gov.br/api/pncp/v1/orgaos/14814139000183/compras/2025/82/itens,1
https://pncp.gov.br/api/pncp/v1/orgaos/14814139000183/compras/2025/82/itens,2
https://pncp.gov.br/api/pncp/v1/orgaos/14814139000183/compras/2025/82/itens,3
https://pncp.gov.br/api/pncp/v1/orgaos/14814139000183/compras/2025/82/itens,4
https://pncp.gov.br/api/pncp/v1/orgaos/14814139000183/compras/2025/82/itens,5
https://pncp.gov.br/api/pncp/v1/orgaos/14814139000183/compras/2025/82/itens,6
https://pncp.gov.br/api/pncp/v1/orgaos/14814139000183/compras/2025/82/itens,7
https://pncp.gov.br/api/pncp/v1/orgaos/14814139000183/compras/2025/82/itens,8
https://pncp.gov.br/api/pncp/v1/orgaos/14814139000183/compras/2025/82/itens,9
https://pncp.gov.br/api/pncp/v1/orgaos/14814139000183/compras/2025/82/itens,10
https://pncp.gov.br/api/pncp/v1/orgaos/75123125000108/compras/2025/34/itens,1
https://pncp.gov.br/api/pncp/v1/orgaos/76417005001743/compras/2025/66/itens,1
https://pncp.gov.br/api/pncp/v1/orgaos/76417005001743/compras/2025/66/itens,2
https://pncp.gov.br/api/pncp/v1/orgaos/75123125000108/compras/2025/35/itens,1
https://pncp.gov.br/api/pncp/v1/orgaos/75123125000108/compras/2025/35/itens,2
https://pncp.gov.br/api/pncp/v1/orgaos/76417005000186/compras/2025/80/itens,1
https://pncp.gov.br/api/pncp/v1/orgaos/14814139000183/compras/2025/60/itens,1
https://pncp.gov.br/api/pncp/v1/orgaos/14814139000183/compras/2025/60/itens,2
https://pncp.gov.br/api/pncp/v1/orgaos/14814139000183/compras/2025/60/itens,3
https://pncp.gov.br/api/pncp/v1/orgaos/14814139000183/compras/2025/60/itens,4
https://pncp.gov.br/api/pncp/v1/orgaos/14814139000183/compras/2025/60/itens,5
https://pncp.gov.br/api/pncp/v1/orgaos/14814139000183/compras/2025/60/itens,6
https://pncp.gov.br/api/pncp/v1/orgaos/14814139000183/compras/2025/60/itens,7
https://pncp.gov.br/api/pncp/v1/orgaos/14814139000183/compras/2025/60/itens,8
https://pncp.gov.br/api/pncp/v1/orgaos/76417005001743/compras/2025/67/itens,1
https://pncp.gov.br/api/pncp/v1/orgaos/76417005001743/compras/2025/67/itens,2
https://pncp.gov.br/api/pncp/v1/orgaos/76417005001743/compras/2025/68/itens,1
https://pncp.gov.br/api/pncp/v1/orgaos/76417005001743/compras/2025/68/itens,2
https://pncp.gov.br/api/pncp/v1/orgaos/76417005001743/compras/2025/68/itens,3
https://pncp.gov.br/api/pncp/v1/orgaos/76417005001743/compras/2025/68/itens,4
https://pncp.gov.br/api/pncp/v1/orgaos/76417005001743/compras/2025/68/itens,5
https://pncp.gov.br/api/pncp/v1/orgaos/76417005001743/compras/2025/68/itens,6
https://pncp.gov.br/api/pncp/v1/orgaos/76417005001743/compras/2025/69/itens,1
https://pncp.gov.br/api/pncp/v1/orgaos/76417005001743/compras/2025/69/itens,2
https://pncp.gov.br/api/pncp/v1/orgaos/76417005001743/compras/2025/69/itens,3
https://pncp.gov.br/api/pncp/v1/orgaos/76417005000186/compras/2024/448/itens,1
https://pncp.gov.br/api/pncp/v1/orgaos/76417005000186/compras/2024/448/itens,2
https://pncp.gov.br/api/pncp/v1/orgaos/76417005000186/compras/2024/448/itens,3
https://pncp.gov.br/api/pncp/v1/orgaos/76417005000186/compras/2024/448/itens,4
https://pncp.gov.br/api/pncp/v1/orgaos/76417005000186/compras/2024/448/itens,5
https://pncp.gov.br/api/pncp/v1/orgaos/76417005000186/compras/2024/448/itens,6
https://pncp.gov.br/api/pncp/v1/orgaos/76417005000186/compras/2024/448/itens,7
https://pncp.gov.br/api/pncp/v1/orgaos/76417005000186/compras/2024/448/itens,8
https://pncp.gov.br/api/pncp/v1/orgaos/76417005000186/compras/2024/448/itens,9
https://pncp.gov.br/api/pncp/v1/orgaos/76417005000186/compras/2024/448/itens,10
https://pncp.gov.br/api/pncp/v1/orgaos/76417005000186/compras/2025/81/itens,1
https://pncp.gov.br/api/pncp/v1/orgaos/14814139000183/compras/2025/62/itens,1
https://pncp.gov.br/api/pncp/v1/orgaos/76568930000108/compras/2024/46/itens,1
https://pncp.gov.br/api/pncp/v1/orgaos/76568930000108/compras/2024/46/itens,2
https://pncp.gov.br/api/pncp/v1/orgaos/76568930000108/compras/2024/46/itens,3
https://pncp.gov.br/api/pncp/v1/orgaos/76568930000108/compras/2024/46/itens,4
https://pncp.gov.br/api/pncp/v1/orgaos/76568930000108/compras/2024/46/itens,5
https://pncp.gov.br/api/pncp/v1/orgaos/76568930000108/compras/2024/46/itens,6
https://pncp.gov.br/api/pncp/v1/orgaos/76568930000108/compras/2024/46/itens,7
https://pncp.gov.br/api/pncp/v1/orgaos/76568930000108/compras/2024/46/itens,8
https://pncp.gov.br/api/pncp/v1/orgaos/76568930000108/compras/2024/46/itens,9
https://pncp.gov.br/api/pncp/v1/orgaos/76568930000108/compras/2024/46/itens,10
https://pncp.gov.br/api/pncp/v1/orgaos/76568930000108/compras/2025/3/itens,1
https://pncp.gov.br/api/pncp/v1/orgaos/76568930000108/compras/2025/3/itens,2
https://pncp.gov.br/api/pncp/v1/orgaos/76568930000108/compras/2025/3/itens,3
https://pncp.gov.br/api/pncp/v1/orgaos/76568930000108/compras/2025/3/itens,4
https://pncp.gov.br/api/pncp/v1/orgaos/76568930000108/compras/2025/3/itens,5
https://pncp.gov.br/api/pncp/v1/orgaos/76568930000108/compras/2025/3/itens,6
https://pncp.gov.br/api/pncp/v1/orgaos/76568930000108/compras/2025/3/itens,7
https://pncp.gov.br/api/pncp/v1/orgaos/76568930000108/compras/2024/23/itens,1
https://pncp.gov.br/api/pncp/v1/orgaos/76568930000108/compras/2024/23/itens,2
https://pncp.gov.br/api/pncp/v1/orgaos/76568930000108/compras/2024/23/itens,3
https://pncp.gov.br/api/pncp/v1/orgaos/76568930000108/compras/2024/23/itens,4
https://pncp.gov.br/api/pncp/v1/orgaos/76568930000108/compras/2024/23/itens,5
https://pncp.gov.br/api/pncp/v1/orgaos/76568930000108/compras/2024/23/itens,6
https://pncp.gov.br/api/pncp/v1/orgaos/76568930000108/compras/2024/23/itens,7
https://pncp.gov.br/api/pncp/v1/orgaos/76568930000108/compras/2024/23/itens,8
https://pncp.gov.br/api/pncp/v1/orgaos/76568930000108/compras/2024/23/itens,9
https://pncp.gov.br/api/pncp/v1/orgaos/76568930000108/compras/2024/23/itens,10
https://pncp.gov.br/api/pncp/v1/orgaos/76568930000108/compras/2024/40/itens,1
https://pncp.gov.br/api/pncp/v1/orgaos/76568930000108/compras/2024/40/itens,2
https://pncp.gov.br/api/pncp/v1/orgaos/76568930000108/compras/2024/40/itens,3
https://pncp.gov.br/api/pncp/v1/orgaos/76568930000108/compras/2024/40/itens,4
https://pncp.gov.br/api/pncp/v1/orgaos/76568930000108/compras/2024/40/itens,5
https://pncp.gov.br/api/pncp/v1/orgaos/76568930000108/compras/2024/40/itens,6
https://pncp.gov.br/api/pncp/v1/orgaos/76568930000108/compras/2024/40/itens,7
https://pncp.gov.br/api/pncp/v1/orgaos/76568930000108/compras/2024/40/itens,8
https://pncp.gov.br/api/pncp/v1/orgaos/76568930000108/compras/2024/40/itens,9
https://pncp.gov.br/api/pncp/v1/orgaos/76568930000108/compras/2024/40/itens,10
https://pncp.gov.br/api/pncp/v1/orgaos/76568930000108/compras/2024/48/itens,1
https://pncp.gov.br/api/pncp/v1/orgaos/76568930000108/compras/2024/48/itens,2
https://pncp.gov.br/api/pncp/v1/orgaos/76568930000108/compras/2024/48/itens,3
https://pncp.gov.br/api/pncp/v1/orgaos/76568930000108/compras/2024/48/itens,4
https://pncp.gov.br/api/pncp/v1/orgaos/76568930000108/compras/2024/48/itens,5
https://pncp.gov.br/api/pncp/v1/orgaos/76568930000108/compras/2024/48/itens,6
https://pncp.gov.br/api/pncp/v1/orgaos/76568930000108/compras/2024/48/itens,7
https://pncp.gov.br/api/pncp/v1/orgaos/76568930000108/compras/2024/48/itens,8
https://pncp.gov.br/api/pncp/v1/orgaos/76568930000108/compras/2024/48/itens,9
https://pncp.gov.br/api/pncp/v1/orgaos/76568930000108/compras/2024/48/itens,10
https://pncp.gov.br/api/pncp/v1/orgaos/13792329000184/compras/2025/26/itens,1
https://pncp.gov.br/api/pncp/v1/orgaos/13792329000184/compras/2025/26/itens,2
https://pncp.gov.br/api/pncp/v1/orgaos/13792329000184/compras/2025/26/itens,3
https://pncp.gov.br/api/pncp/v1/orgaos/13792329000184/compras/2025/26/itens,4
https://pncp.gov.br/api/pncp/v1/orgaos/13792329000184/compras/2025/26/itens,5
https://pncp.gov.br/api/pncp/v1/orgaos/13792329000184/compras/2025/26/itens,6
https://pncp.gov.br/api/pncp/v1/orgaos/13792329000184/compras/2025/26/itens,7
https://pncp.gov.br/api/pncp/v1/orgaos/13792329000184/compras/2025/26/itens,8
https://pncp.gov.br/api/pncp/v1/orgaos/13792329000184/compras/2025/26/itens,9
https://pncp.gov.br/api/pncp/v1/orgaos/13792329000184/compras/2025/26/itens,10
https://pncp.gov.br/api/pncp/v1/orgaos/76417005000186/compras/2024/48/itens,1
https://pncp.gov.br/api/pncp/v1/orgaos/76417005000186/compras/2024/48/itens,2
https://pncp.gov.br/api/pncp/v1/orgaos/76417005000186/compras/2024/48/itens,3
https://pncp.gov.br/api/pncp/v1/orgaos/13792329000184/compras/2025/34/itens,1
https://pncp.gov.br/api/pncp/v1/orgaos/13792329000184/compras/2025/34/itens,2
https://pncp.gov.br/api/pncp/v1/orgaos/13792329000184/compras/2025/34/itens,3
https://pncp.gov.br/api/pncp/v1/orgaos/13792329000184/compras/2025/34/itens,4
https://pncp.gov.br/api/pncp/v1/orgaos/76417005001743/compras/2025/71/itens,1
https://pncp.gov.br/api/pncp/v1/orgaos/76417005001743/compras/2025/71/itens,2
https://pncp.gov.br/api/pncp/v1/orgaos/76417005001743/compras/2025/71/itens,3
https://pncp.gov.br/api/pncp/v1/orgaos/76417005001743/compras/2025/71/itens,4
https://pncp.gov.br/api/pncp/v1/orgaos/76417005001743/compras/2025/71/itens,5
https://pncp.gov.br/api/pncp/v1/orgaos/76417005001743/compras/2025/71/itens,6
https://pncp.gov.br/api/pncp/v1/orgaos/76417005001743/compras/2025/71/itens,7
https://pncp.gov.br/api/pncp/v1/orgaos/14682109000160/compras/2025/29/itens,1
https://pncp.gov.br/api/pncp/v1/orgaos/14682109000160/compras/2025/29/itens,2
https://pncp.gov.br/api/pncp/v1/orgaos/14682109000160/compras/2025/29/itens,3
https://pncp.gov.br/api/pncp/v1/orgaos/76417005001743/compras/2025/44/itens,1
https://pncp.gov.br/api/pncp/v1/orgaos/76417005001743/compras/2025/44/itens,2
https://pncp.gov.br/api/pncp/v1/orgaos/76417005001743/compras/2025/44/itens,3
https://pncp.gov.br/api/pncp/v1/orgaos/76417005001743/compras/2025/44/itens,4
https://pncp.gov.br/api/pncp/v1/orgaos/13792329000184/compras/2024/300/itens,1
https://pncp.gov.br/api/pncp/v1/orgaos/14814139000183/compras/2025/85/itens,1
https://pncp.gov.br/api/pncp/v1/orgaos/14814139000183/compras/2025/85/itens,2
https://pncp.gov.br/api/pncp/v1/orgaos/14814139000183/compras/2025/85/itens,3
https://pncp.gov.br/api/pncp/v1/orgaos/14814139000183/compras/2025/85/itens,4
https://pncp.gov.br/api/pncp/v1/orgaos/14814139000183/compras/2025/85/itens,5
https://pncp.gov.br/api/pncp/v1/orgaos/14814139000183/compras/2025/85/itens,6
https://pncp.gov.br/api/pncp/v1/orgaos/14814139000183/compras/2025/85/itens,7
https://pncp.gov.br/api/pncp/v1/orgaos/13792329000184/compras/2025/71/itens,1
https://pncp.gov.br/api/pncp/v1/orgaos/13792329000184/compras/2025/71/itens,2
https://pncp.gov.br/api/pncp/v1/orgaos/13792329000184/compras/2025/71/itens,3
https://pncp.gov.br/api/pncp/v1/orgaos/13792329000184/compras/2025/71/itens,4
https://pncp.gov.br/api/pncp/v1/orgaos/13792329000184/compras/2025/71/itens,5
https://pncp.gov.br/api/pncp/v1/orgaos/13792329000184/compras/2025/71/itens,6
https://pncp.gov.br/api/pncp/v1/orgaos/13792329000184/compras/2025/71/itens,7
https://pncp.gov.br/api/pncp/v1/orgaos/13792329000184/compras/2025/71/itens,8
https://pncp.gov.br/api/pncp/v1/orgaos/13792329000184/compras/2025/71/itens,9
https://pncp.gov.br/api/pncp/v1/orgaos/13792329000184/compras/2025/71/itens,10
https://pncp.gov.br/api/pncp/v1/orgaos/76417005001743/compras/2025/72/itens,1
https://pncp.gov.br/api/pncp/v1/orgaos/75123125000108/compras/2025/41/itens,1
https://pncp.gov.br/api/pncp/v1/orgaos/77636520000110/compras/2025/8/itens,1
https://pncp.gov.br/api/pncp/v1/orgaos/77636520000110/compras/2025/8/itens,2
https://pncp.gov.br/api/pncp/v1/orgaos/77636520000110/compras/2025/8/itens,3
https://pncp.gov.br/api/pncp/v1/orgaos/14814139000183/compras/2025/86/itens,1
https://pncp.gov.br/api/pncp/v1/orgaos/13792329000184/compras/2025/74/itens,1
https://pncp.gov.br/api/pncp/v1/orgaos/13792329000184/compras/2025/74/itens,2
https://pncp.gov.br/api/pncp/v1/orgaos/13792329000184/compras/2025/74/itens,3
https://pncp.gov.br/api/pncp/v1/orgaos/13792329000184/compras/2025/74/itens,4
https://pncp.gov.br/api/pncp/v1/orgaos/13792329000184/compras/2025/74/itens,5
https://pncp.gov.br/api/pncp/v1/orgaos/13792329000184/compras/2025/74/itens,6
https://pncp.gov.br/api/pncp/v1/orgaos/13792329000184/compras/2025/74/itens,7
https://pncp.gov.br/api/pncp/v1/orgaos/13792329000184/compras/2025/74/itens,8
https://pncp.gov.br/api/pncp/v1/orgaos/13792329000184/compras/2025/74/itens,9
https://pncp.gov.br/api/pncp/v1/orgaos/13792329000184/compras/2025/74/itens,10
https://pncp.gov.br/api/pncp/v1/orgaos/75123125000108/compras/2025/42/itens,1
https://pncp.gov.br/api/pncp/v1/orgaos/75123125000108/compras/2025/42/itens,2
https://pncp.gov.br/api/pncp/v1/orgaos/75123125000108/compras/2025/42/itens,3
https://pncp.gov.br/api/pncp/v1/orgaos/75123125000108/compras/2025/42/itens,4
https://pncp.gov.br/api/pncp/v1/orgaos/75123125000108/compras/2025/42/itens,5
https://pncp.gov.br/api/pncp/v1/orgaos/75123125000108/compras/2025/42/itens,6
https://pncp.gov.br/api/pncp/v1/orgaos/75123125000108/compras/2025/42/itens,7
https://pncp.gov.br/api/pncp/v1/orgaos/75123125000108/compras/2025/42/itens,8
https://pncp.gov.br/api/pncp/v1/orgaos/75123125000108/compras/2025/42/itens,9
https://pncp.gov.br/api/pncp/v1/orgaos/75123125000108/compras/2025/42/itens,10
https://pncp.gov.br/api/pncp/v1/orgaos/76417005001743/compras/2025/73/itens,1
https://pncp.gov.br/api/pncp/v1/orgaos/76417005001743/compras/2025/73/itens,2
https://pncp.gov.br/api/pncp/v1/orgaos/76417005001743/compras/2025/74/itens,1
https://pncp.gov.br/api/pncp/v1/orgaos/13792329000184/compras/2025/77/itens,1
https://pncp.gov.br/api/pncp/v1/orgaos/13792329000184/compras/2025/77/itens,2
https://pncp.gov.br/api/pncp/v1/orgaos/13792329000184/compras/2025/77/itens,3
https://pncp.gov.br/api/pncp/v1/orgaos/13792329000184/compras/2025/77/itens,4
https://pncp.gov.br/api/pncp/v1/orgaos/13792329000184/compras/2025/77/itens,5
https://pncp.gov.br/api/pncp/v1/orgaos/76417005000186/compras/2025/89/itens,1
https://pncp.gov.br/api/pncp/v1/orgaos/76417005000186/compras/2025/89/itens,2
https://pncp.gov.br/api/pncp/v1/orgaos/76417005000186/compras/2025/89/itens,3
https://pncp.gov.br/api/pncp/v1/orgaos/76417005000186/compras/2025/89/itens,4
https://pncp.gov.br/api/pncp/v1/orgaos/76417005000186/compras/2025/89/itens,5
https://pncp.gov.br/api/pncp/v1/orgaos/76417005000186/compras/2025/89/itens,6
https://pncp.gov.br/api/pncp/v1/orgaos/76417005000186/compras/2025/89/itens,7
https://pncp.gov.br/api/pncp/v1/orgaos/76417005000186/compras/2025/89/itens,8
https://pncp.gov.br/api/pncp/v1/orgaos/76417005000186/compras/2025/89/itens,9
https://pncp.gov.br/api/pncp/v1/orgaos/76417005000186/compras/2025/89/itens,10
https://pncp.gov.br/api/pncp/v1/orgaos/76417005001743/compras/2025/46/itens,1
https://pncp.gov.br/api/pncp/v1/orgaos/76417005001743/compras/2025/46/itens,2
https://pncp.gov.br/api/pncp/v1/orgaos/76417005001743/compras/2025/46/itens,3
https://pncp.gov.br/api/pncp/v1/orgaos/76608736000109/compras/2025/7/itens,1
https://pncp.gov.br/api/pncp/v1/orgaos/76417005000186/compras/2025/78/itens,1
https://pncp.gov.br/api/pncp/v1/orgaos/76417005000186/compras/2025/78/itens,2
https://pncp.gov.br/api/pncp/v1/orgaos/76417005000186/compras/2025/78/itens,3
https://pncp.gov.br/api/pncp/v1/orgaos/76417005000186/compras/2025/78/itens,4
https://pncp.gov.br/api/pncp/v1/orgaos/77636520000110/compras/2025/16/itens,1
https://pncp.gov.br/api/pncp/v1/orgaos/13792329000184/compras/2025/64/itens,2
https://pncp.gov.br/api/pncp/v1/orgaos/76417005000186/compras/2025/79/itens,1
https://pncp.gov.br/api/pncp/v1/orgaos/13792329000184/compras/2025/67/itens,1
https://pncp.gov.br/api/pncp/v1/orgaos/76417005000186/compras/2025/54/itens,1
https://pncp.gov.br/api/pncp/v1/orgaos/13792329000184/compras/2025/69/itens,1
https://pncp.gov.br/api/pncp/v1/orgaos/76417005000186/compras/2025/82/itens,1
https://pncp.gov.br/api/pncp/v1/orgaos/76417005000186/compras/2025/82/itens,2
https://pncp.gov.br/api/pncp/v1/orgaos/76417005000186/compras/2025/82/itens,3
https://pncp.gov.br/api/pncp/v1/orgaos/76417005000186/compras/2025/82/itens,4
https://pncp.gov.br/api/pncp/v1/orgaos/76417005000186/compras/2025/82/itens,5
https://pncp.gov.br/api/pncp/v1/orgaos/76417005000186/compras/2025/82/itens,6
https://pncp.gov.br/api/pncp/v1/orgaos/76417005000186/compras/2025/82/itens,7
https://pncp.gov.br/api/pncp/v1/orgaos/76417005000186/compras/2025/82/itens,8
https://pncp.gov.br/api/pncp/v1/orgaos/76417005000186/compras/2025/82/itens,9
https://pncp.gov.br/api/pncp/v1/orgaos/76417005000186/compras/2025/82/itens,10
https://pncp.gov.br/api/pncp/v1/orgaos/76417005000186/compras/2025/84/itens,1
https://pncp.gov.br/api/pncp/v1/orgaos/76417005000186/compras/2025/85/itens,1
https://pncp.gov.br/api/pncp/v1/orgaos/76417005000186/compras/2025/86/itens,1
https://pncp.gov.br/api/pncp/v1/orgaos/14682109000160/compras/2025/25/itens,1
https://pncp.gov.br/api/pncp/v1/orgaos/77636520000110/compras/2025/17/itens,1
https://pncp.gov.br/api/pncp/v1/orgaos/13792329000184/compras/2025/70/itens,1
https://pncp.gov.br/api/pncp/v1/orgaos/76417005000186/compras/2025/87/itens,1
https://pncp.gov.br/api/pncp/v1/orgaos/76417005000186/compras/2025/87/itens,2
https://pncp.gov.br/api/pncp/v1/orgaos/76417005000186/compras/2025/87/itens,3
https://pncp.gov.br/api/pncp/v1/orgaos/76417005000186/compras/2025/87/itens,4
https://pncp.gov.br/api/pncp/v1/orgaos/76417005000186/compras/2025/87/itens,5
https://pncp.gov.br/api/pncp/v1/orgaos/13792329000184/compras/2025/72/itens,1
https://pncp.gov.br/api/pncp/v1/orgaos/13792329000184/compras/2025/73/itens,1
https://pncp.gov.br/api/pncp/v1/orgaos/13792329000184/compras/2025/75/itens,1
https://pncp.gov.br/api/pncp/v1/orgaos/13792329000184/compras/2025/76/itens,1
https://pncp.gov.br/api/pncp/v1/orgaos/13792329000184/compras/2025/78/itens,1
https://pncp.gov.br/api/pncp/v1/orgaos/76417005001743/compras/2025/61/itens,1
https://pncp.gov.br/api/pncp/v1/orgaos/76417005001743/compras/2025/61/itens,2
https://pncp.gov.br/api/pncp/v1/orgaos/76417005001743/compras/2025/61/itens,3
https://pncp.gov.br/api/pncp/v1/orgaos/76417005001743/compras/2025/62/itens,1
https://pncp.gov.br/api/pncp/v1/orgaos/76417005001743/compras/2025/63/itens,1
https://pncp.gov.br/api/pncp/v1/orgaos/76417005001743/compras/2025/64/itens,1
https://pncp.gov.br/api/pncp/v1/orgaos/76417005001743/compras/2025/64/itens,2
https://pncp.gov.br/api/pncp/v1/orgaos/76417005001743/compras/2025/65/itens,1
https://pncp.gov.br/api/pncp/v1/orgaos/13792329000184/compras/2025/65/itens,1
https://pncp.gov.br/api/pncp/v1/orgaos/13792329000184/compras/2025/66/itens,1
https://pncp.gov.br/api/pncp/v1/orgaos/75123125000108/compras/2025/36/itens,1
https://pncp.gov.br/api/pncp/v1/orgaos/75123125000108/compras/2025/36/itens,2
https://pncp.gov.br/api/pncp/v1/orgaos/75123125000108/compras/2025/37/itens,1
https://pncp.gov.br/api/pncp/v1/orgaos/75123125000108/compras/2025/38/itens,1
https://pncp.gov.br/api/pncp/v1/orgaos/75123125000108/compras/2025/38/itens,2
https://pncp.gov.br/api/pncp/v1/orgaos/75123125000108/compras/2025/38/itens,3
https://pncp.gov.br/api/pncp/v1/orgaos/75123125000108/compras/2025/39/itens,1
https://pncp.gov.br/api/pncp/v1/orgaos/76608736000109/compras/2025/8/itens,1
https://pncp.gov.br/api/pncp/v1/orgaos/76608736000109/compras/2025/9/itens,1
https://pncp.gov.br/api/pncp/v1/orgaos/07505809000114/compras/2025/13/itens,1
https://pncp.gov.br/api/pncp/v1/orgaos/76417005000186/compras/2025/88/itens,1
https://pncp.gov.br/api/pncp/v1/orgaos/76417005000186/compras/2025/88/itens,2
https://pncp.gov.br/api/pncp/v1/orgaos/76417005000186/compras/2025/88/itens,3
https://pncp.gov.br/api/pncp/v1/orgaos/76417005000186/compras/2025/55/itens,1
https://pncp.gov.br/api/pncp/v1/orgaos/76417005000186/compras/2025/55/itens,2
https://pncp.gov.br/api/pncp/v1/orgaos/76417005000186/compras/2025/55/itens,3
https://pncp.gov.br/api/pncp/v1/orgaos/76417005000186/compras/2025/55/itens,4
https://pncp.gov.br/api/pncp/v1/orgaos/76417005000186/compras/2025/55/itens,5
https://pncp.gov.br/api/pncp/v1/orgaos/76417005000186/compras/2025/55/itens,6
https://pncp.gov.br/api/pncp/v1/orgaos/76417005000186/compras/2025/55/itens,7
https://pncp.gov.br/api/pncp/v1/orgaos/76417005000186/compras/2025/55/itens,8
https://pncp.gov.br/api/pncp/v1/orgaos/76417005000186/compras/2025/55/itens,9
https://pncp.gov.br/api/pncp/v1/orgaos/76417005000186/compras/2025/55/itens,10
https://pncp.gov.br/api/pncp/v1/orgaos/76417005001743/compras/2025/31/itens,1
https://pncp.gov.br/api/pncp/v1/orgaos/76417005001743/compras/2025/32/itens,1
https://pncp.gov.br/api/pncp/v1/orgaos/76417005001743/compras/2025/33/itens,1
https://pncp.gov.br/api/pncp/v1/orgaos/14814139000183/compras/2024/207/itens,1
https://pncp.gov.br/api/pncp/v1/orgaos/14814139000183/compras/2024/207/itens,2
https://pncp.gov.br/api/pncp/v1/orgaos/14814139000183/compras/2024/207/itens,4
https://pncp.gov.br/api/pncp/v1/orgaos/14814139000183/compras/2024/207/itens,5
https://pncp.gov.br/api/pncp/v1/orgaos/14814139000183/compras/2024/207/itens,6
https://pncp.gov.br/api/pncp/v1/orgaos/14814139000183/compras/2024/207/itens,7
https://pncp.gov.br/api/pncp/v1/orgaos/14814139000183/compras/2024/207/itens,8
https://pncp.gov.br/api/pncp/v1/orgaos/14814139000183/compras/2024/207/itens,9
https://pncp.gov.br/api/pncp/v1/orgaos/14814139000183/compras/2024/207/itens,10
https://pncp.gov.br/api/pncp/v1/orgaos/03518900000113/compras/2024/18/itens,1
https://pncp.gov.br/api/pncp/v1/orgaos/03518900000113/compras/2024/18/itens,2
https://pncp.gov.br/api/pncp/v1/orgaos/03518900000113/compras/2024/18/itens,3
https://pncp.gov.br/api/pncp/v1/orgaos/03518900000113/compras/2024/18/itens,4
https://pncp.gov.br/api/pncp/v1/orgaos/03518900000113/compras/2024/18/itens,5
https://pncp.gov.br/api/pncp/v1/orgaos/03518900000113/compras/2024/18/itens,6
https://pncp.gov.br/api/pncp/v1/orgaos/03518900000113/compras/2024/18/itens,7
https://pncp.gov.br/api/pncp/v1/orgaos/03518900000113/compras/2024/18/itens,8
https://pncp.gov.br/api/pncp/v1/orgaos/03518900000113/compras/2024/18/itens,9
https://pncp.gov.br/api/pncp/v1/orgaos/14814139000183/compras/2024/202/itens,3
https://pncp.gov.br/api/pncp/v1/orgaos/14814139000183/compras/2024/202/itens,7
https://pncp.gov.br/api/pncp/v1/orgaos/13792329000184/compras/2024/305/itens,2
https://pncp.gov.br/api/pncp/v1/orgaos/13792329000184/compras/2024/218/itens,2
https://pncp.gov.br/api/pncp/v1/orgaos/13792329000184/compras/2024/218/itens,4
https://pncp.gov.br/api/pncp/v1/orgaos/13792329000184/compras/2024/218/itens,6
https://pncp.gov.br/api/pncp/v1/orgaos/13792329000184/compras/2024/218/itens,8
https://pncp.gov.br/api/pncp/v1/orgaos/13792329000184/compras/2024/218/itens,10
https://pncp.gov.br/api/pncp/v1/orgaos/13792329000184/compras/2024/233/itens,5
https://pncp.gov.br/api/pncp/v1/orgaos/13792329000184/compras/2024/262/itens,4
https://pncp.gov.br/api/pncp/v1/orgaos/13792329000184/compras/2024/55/itens,2
https://pncp.gov.br/api/pncp/v1/orgaos/13792329000184/compras/2024/55/itens,4
https://pncp.gov.br/api/pncp/v1/orgaos/13792329000184/compras/2024/55/itens,6
https://pncp.gov.br/api/pncp/v1/orgaos/13792329000184/compras/2024/55/itens,8
https://pncp.gov.br/api/pncp/v1/orgaos/13792329000184/compras/2024/55/itens,10
https://pncp.gov.br/api/pncp/v1/orgaos/13792329000184/compras/2024/62/itens,9
https://pncp.gov.br/api/pncp/v1/orgaos/13792329000184/compras/2024/62/itens,10
https://pncp.gov.br/api/pncp/v1/orgaos/13792329000184/compras/2024/132/itens,4
https://pncp.gov.br/api/pncp/v1/orgaos/13792329000184/compras/2024/158/itens,5
https://pncp.gov.br/api/pncp/v1/orgaos/14814139000183/compras/2024/210/itens,7
https://pncp.gov.br/api/pncp/v1/orgaos/14814139000183/compras/2025/26/itens,5
https://pncp.gov.br/api/pncp/v1/orgaos/14814139000183/compras/2025/11/itens,1
https://pncp.gov.br/api/pncp/v1/orgaos/14814139000183/compras/2025/11/itens,2
https://pncp.gov.br/api/pncp/v1/orgaos/14814139000183/compras/2025/11/itens,3
https://pncp.gov.br/api/pncp/v1/orgaos/14814139000183/compras/2025/11/itens,4
https://pncp.gov.br/api/pncp/v1/orgaos/14814139000183/compras/2025/11/itens,6
https://pncp.gov.br/api/pncp/v1/orgaos/14814139000183/compras/2025/11/itens,7
https://pncp.gov.br/api/pncp/v1/orgaos/14814139000183/compras/2025/11/itens,8
https://pncp.gov.br/api/pncp/v1/orgaos/14814139000183/compras/2025/11/itens,9
https://pncp.gov.br/api/pncp/v1/orgaos/14814139000183/compras/2025/11/itens,10
https://pncp.gov.br/api/pncp/v1/orgaos/03518900000113/compras/2024/24/itens,2
https://pncp.gov.br/api/pncp/v1/orgaos/14814139000183/compras/2025/33/itens,1
https://pncp.gov.br/api/pncp/v1/orgaos/14814139000183/compras/2025/33/itens,2
https://pncp.gov.br/api/pncp/v1/orgaos/14814139000183/compras/2025/33/itens,3
https://pncp.gov.br/api/pncp/v1/orgaos/14814139000183/compras/2025/33/itens,4
https://pncp.gov.br/api/pncp/v1/orgaos/14814139000183/compras/2025/33/itens,5
https://pncp.gov.br/api/pncp/v1/orgaos/14814139000183/compras/2025/33/itens,6
https://pncp.gov.br/api/pncp/v1/orgaos/14814139000183/compras/2025/33/itens,7
https://pncp.gov.br/api/pncp/v1/orgaos/14814139000183/compras/2025/33/itens,8
https://pncp.gov.br/api/pncp/v1/orgaos/14814139000183/compras/2025/33/itens,9
https://pncp.gov.br/api/pncp/v1/orgaos/14814139000183/compras/2025/33/itens,10
https://pncp.gov.br/api/pncp/v1/orgaos/13792329000184/compras/2025/21/itens,8
https://pncp.gov.br/api/pncp/v1/orgaos/13792329000184/compras/2025/16/itens,1
https://pncp.gov.br/api/pncp/v1/orgaos/13792329000184/compras/2025/19/itens,1
https://pncp.gov.br/api/pncp/v1/orgaos/13792329000184/compras/2025/20/itens,2
https://pncp.gov.br/api/pncp/v1/orgaos/76417005000186/compras/2023/35/itens,1
https://pncp.gov.br/api/pncp/v1/orgaos/76417005000186/compras/2023/35/itens,2
https://pncp.gov.br/api/pncp/v1/orgaos/76417005000186/compras/2023/35/itens,3
https://pncp.gov.br/api/pncp/v1/orgaos/76417005000186/compras/2023/35/itens,4
https://pncp.gov.br/api/pncp/v1/orgaos/76417005000186/compras/2023/35/itens,7
https://pncp.gov.br/api/pncp/v1/orgaos/76417005000186/compras/2023/35/itens,8
https://pncp.gov.br/api/pncp/v1/orgaos/03518900000113/compras/2023/9/itens,1
https://pncp.gov.br/api/pncp/v1/orgaos/03518900000113/compras/2023/9/itens,2
https://pncp.gov.br/api/pncp/v1/orgaos/03518900000113/compras/2023/9/itens,4
https://pncp.gov.br/api/pncp/v1/orgaos/03518900000113/compras/2023/9/itens,5
https://pncp.gov.br/api/pncp/v1/orgaos/03518900000113/compras/2023/9/itens,6
https://pncp.gov.br/api/pncp/v1/orgaos/03518900000113/compras/2023/9/itens,7
https://pncp.gov.br/api/pncp/v1/orgaos/03518900000113/compras/2023/9/itens,8
https://pncp.gov.br/api/pncp/v1/orgaos/03518900000113/compras/2023/9/itens,10
https://pncp.gov.br/api/pncp/v1/orgaos/76417005000186/compras/2023/46/itens,1
https://pncp.gov.br/api/pncp/v1/orgaos/76417005000186/compras/2023/46/itens,2
https://pncp.gov.br/api/pncp/v1/orgaos/76417005000186/compras/2023/46/itens,3
https://pncp.gov.br/api/pncp/v1/orgaos/76417005000186/compras/2023/46/itens,4
https://pncp.gov.br/api/pncp/v1/orgaos/76417005000186/compras/2023/46/itens,5
https://pncp.gov.br/api/pncp/v1/orgaos/76417005000186/compras/2023/46/itens,6
https://pncp.gov.br/api/pncp/v1/orgaos/76417005000186/compras/2023/46/itens,7
https://pncp.gov.br/api/pncp/v1/orgaos/76417005000186/compras/2023/46/itens,8
https://pncp.gov.br/api/pncp/v1/orgaos/76417005000186/compras/2023/46/itens,9
https://pncp.gov.br/api/pncp/v1/orgaos/76417005000186/compras/2023/46/itens,10
https://pncp.gov.br/api/pncp/v1/orgaos/76417005000186/compras/2023/47/itens,1
https://pncp.gov.br/api/pncp/v1/orgaos/76417005000186/compras/2023/47/itens,2
https://pncp.gov.br/api/pncp/v1/orgaos/76417005000186/compras/2023/47/itens,3
https://pncp.gov.br/api/pncp/v1/orgaos/76417005000186/compras/2023/47/itens,4
https://pncp.gov.br/api/pncp/v1/orgaos/76417005000186/compras/2023/47/itens,5
https://pncp.gov.br/api/pncp/v1/orgaos/76417005000186/compras/2023/47/itens,6
https://pncp.gov.br/api/pncp/v1/orgaos/76417005000186/compras/2023/47/itens,7
https://pncp.gov.br/api/pncp/v1/orgaos/76417005000186/compras/2023/47/itens,8
https://pncp.gov.br/api/pncp/v1/orgaos/76417005000186/compras/2023/47/itens,10
https://pncp.gov.br/api/pncp/v1/orgaos/76417005000186/compras/2023/59/itens,5
https://pncp.gov.br/api/pncp/v1/orgaos/14814139000183/compras/2025/6/itens,1
https://pncp.gov.br/api/pncp/v1/orgaos/14814139000183/compras/2025/6/itens,2
https://pncp.gov.br/api/pncp/v1/orgaos/14814139000183/compras/2025/6/itens,3
https://pncp.gov.br/api/pncp/v1/orgaos/14814139000183/compras/2025/6/itens,4
https://pncp.gov.br/api/pncp/v1/orgaos/14814139000183/compras/2025/6/itens,5
https://pncp.gov.br/api/pncp/v1/orgaos/14814139000183/compras/2025/6/itens,6
https://pncp.gov.br/api/pncp/v1/orgaos/14814139000183/compras/2025/6/itens,9
https://pncp.gov.br/api/pncp/v1/orgaos/14814139000183/compras/2025/6/itens,10
https://pncp.gov.br/api/pncp/v1/orgaos/76417005000186/compras/2023/94/itens,1
https://pncp.gov.br/api/pncp/v1/orgaos/76417005000186/compras/2023/94/itens,2
https://pncp.gov.br/api/pncp/v1/orgaos/76417005000186/compras/2023/94/itens,3
https://pncp.gov.br/api/pncp/v1/orgaos/76417005000186/compras/2023/94/itens,4
https://pncp.gov.br/api/pncp/v1/orgaos/76417005000186/compras/2023/94/itens,5
https://pncp.gov.br/api/pncp/v1/orgaos/76417005000186/compras/2023/94/itens,6
https://pncp.gov.br/api/pncp/v1/orgaos/76417005000186/compras/2023/94/itens,7
https://pncp.gov.br/api/pncp/v1/orgaos/76417005000186/compras/2023/94/itens,8
https://pncp.gov.br/api/pncp/v1/orgaos/76417005000186/compras/2023/94/itens,9
https://pncp.gov.br/api/pncp/v1/orgaos/03518900000113/compras/2023/14/itens,1
https://pncp.gov.br/api/pncp/v1/orgaos/03518900000113/compras/2023/14/itens,2
https://pncp.gov.br/api/pncp/v1/orgaos/03518900000113/compras/2023/14/itens,3
https://pncp.gov.br/api/pncp/v1/orgaos/03518900000113/compras/2023/14/itens,4
https://pncp.gov.br/api/pncp/v1/orgaos/03518900000113/compras/2023/14/itens,5
https://pncp.gov.br/api/pncp/v1/orgaos/03518900000113/compras/2023/14/itens,6
https://pncp.gov.br/api/pncp/v1/orgaos/03518900000113/compras/2023/14/itens,7
https://pncp.gov.br/api/pncp/v1/orgaos/03518900000113/compras/2023/14/itens,8
https://pncp.gov.br/api/pncp/v1/orgaos/03518900000113/compras/2023/14/itens,9
https://pncp.gov.br/api/pncp/v1/orgaos/03518900000113/compras/2023/14/itens,10
https://pncp.gov.br/api/pncp/v1/orgaos/03518900000113/compras/2023/10/itens,1
https://pncp.gov.br/api/pncp/v1/orgaos/03518900000113/compras/2023/10/itens,2
https://pncp.gov.br/api/pncp/v1/orgaos/03518900000113/compras/2023/10/itens,3
https://pncp.gov.br/api/pncp/v1/orgaos/03518900000113/compras/2023/10/itens,4
https://pncp.gov.br/api/pncp/v1/orgaos/03518900000113/compras/2023/10/itens,6
https://pncp.gov.br/api/pncp/v1/orgaos/03518900000113/compras/2023/10/itens,7
https://pncp.gov.br/api/pncp/v1/orgaos/03518900000113/compras/2023/10/itens,8
https://pncp.gov.br/api/pncp/v1/orgaos/03518900000113/compras/2023/10/itens,9
https://pncp.gov.br/api/pncp/v1/orgaos/03518900000113/compras/2023/10/itens,10
https://pncp.gov.br/api/pncp/v1/orgaos/76417005000186/compras/2023/114/itens,3
https://pncp.gov.br/api/pncp/v1/orgaos/76417005000186/compras/2023/114/itens,4
https://pncp.gov.br/api/pncp/v1/orgaos/76417005000186/compras/2023/114/itens,5
https://pncp.gov.br/api/pncp/v1/orgaos/76417005000186/compras/2023/119/itens,1
https://pncp.gov.br/api/pncp/v1/orgaos/76417005000186/compras/2023/119/itens,2
https://pncp.gov.br/api/pncp/v1/orgaos/76417005000186/compras/2023/119/itens,3
https://pncp.gov.br/api/pncp/v1/orgaos/76417005000186/compras/2023/119/itens,4
https://pncp.gov.br/api/pncp/v1/orgaos/76417005000186/compras/2023/119/itens,5
https://pncp.gov.br/api/pncp/v1/orgaos/76417005000186/compras/2023/119/itens,6
https://pncp.gov.br/api/pncp/v1/orgaos/76417005000186/compras/2023/119/itens,8
https://pncp.gov.br/api/pncp/v1/orgaos/76417005000186/compras/2023/119/itens,9
https://pncp.gov.br/api/pncp/v1/orgaos/76417005000186/compras/2023/119/itens,10
https://pncp.gov.br/api/pncp/v1/orgaos/76417005000186/compras/2023/150/itens,1
https://pncp.gov.br/api/pncp/v1/orgaos/76417005000186/compras/2023/150/itens,2
https://pncp.gov.br/api/pncp/v1/orgaos/76417005000186/compras/2023/150/itens,3
https://pncp.gov.br/api/pncp/v1/orgaos/76417005000186/compras/2023/150/itens,4
https://pncp.gov.br/api/pncp/v1/orgaos/76417005000186/compras/2023/150/itens,5
https://pncp.gov.br/api/pncp/v1/orgaos/76417005000186/compras/2023/150/itens,6
https://pncp.gov.br/api/pncp/v1/orgaos/76417005000186/compras/2023/150/itens,7
https://pncp.gov.br/api/pncp/v1/orgaos/76417005000186/compras/2023/150/itens,8
https://pncp.gov.br/api/pncp/v1/orgaos/76417005000186/compras/2023/150/itens,10
https://pncp.gov.br/api/pncp/v1/orgaos/76417005000186/compras/2023/165/itens,1
https://pncp.gov.br/api/pncp/v1/orgaos/76417005000186/compras/2023/165/itens,2
https://pncp.gov.br/api/pncp/v1/orgaos/76417005000186/compras/2023/136/itens,2
https://pncp.gov.br/api/pncp/v1/orgaos/76417005000186/compras/2023/136/itens,6
https://pncp.gov.br/api/pncp/v1/orgaos/03518900000113/compras/2023/23/itens,3
https://pncp.gov.br/api/pncp/v1/orgaos/03518900000113/compras/2023/23/itens,10
https://pncp.gov.br/api/pncp/v1/orgaos/76417005000186/compras/2024/5/itens,1
https://pncp.gov.br/api/pncp/v1/orgaos/76417005000186/compras/2024/5/itens,2
https://pncp.gov.br/api/pncp/v1/orgaos/76417005000186/compras/2024/3/itens,1
https://pncp.gov.br/api/pncp/v1/orgaos/76417005000186/compras/2024/3/itens,2
https://pncp.gov.br/api/pncp/v1/orgaos/76417005000186/compras/2024/3/itens,3
https://pncp.gov.br/api/pncp/v1/orgaos/76417005000186/compras/2024/3/itens,5
https://pncp.gov.br/api/pncp/v1/orgaos/76417005000186/compras/2024/3/itens,6
https://pncp.gov.br/api/pncp/v1/orgaos/76417005000186/compras/2024/3/itens,7
https://pncp.gov.br/api/pncp/v1/orgaos/76417005000186/compras/2024/3/itens,8
https://pncp.gov.br/api/pncp/v1/orgaos/76417005000186/compras/2024/3/itens,9
https://pncp.gov.br/api/pncp/v1/orgaos/76417005000186/compras/2024/3/itens,10
https://pncp.gov.br/api/pncp/v1/orgaos/76417005000186/compras/2024/11/itens,1
https://pncp.gov.br/api/pncp/v1/orgaos/76417005000186/compras/2024/11/itens,2
https://pncp.gov.br/api/pncp/v1/orgaos/76417005000186/compras/2024/11/itens,4
https://pncp.gov.br/api/pncp/v1/orgaos/76417005000186/compras/2024/11/itens,5
https://pncp.gov.br/api/pncp/v1/orgaos/76417005000186/compras/2024/11/itens,6
https://pncp.gov.br/api/pncp/v1/orgaos/76417005000186/compras/2024/11/itens,7
https://pncp.gov.br/api/pncp/v1/orgaos/76417005000186/compras/2024/11/itens,8
https://pncp.gov.br/api/pncp/v1/orgaos/76417005000186/compras/2024/11/itens,9
https://pncp.gov.br/api/pncp/v1/orgaos/76417005000186/compras/2024/11/itens,10
https://pncp.gov.br/api/pncp/v1/orgaos/14814139000183/compras/2024/2/itens,7
https://pncp.gov.br/api/pncp/v1/orgaos/13792329000184/compras/2025/36/itens,2
https://pncp.gov.br/api/pncp/v1/orgaos/13792329000184/compras/2025/36/itens,6
https://pncp.gov.br/api/pncp/v1/orgaos/13792329000184/compras/2025/36/itens,8
https://pncp.gov.br/api/pncp/v1/orgaos/13792329000184/compras/2025/36/itens,10
https://pncp.gov.br/api/pncp/v1/orgaos/14814139000183/compras/2024/54/itens,1
https://pncp.gov.br/api/pncp/v1/orgaos/14814139000183/compras/2024/54/itens,2
https://pncp.gov.br/api/pncp/v1/orgaos/14814139000183/compras/2024/54/itens,3
https://pncp.gov.br/api/pncp/v1/orgaos/14814139000183/compras/2024/54/itens,4
https://pncp.gov.br/api/pncp/v1/orgaos/14814139000183/compras/2024/54/itens,6
https://pncp.gov.br/api/pncp/v1/orgaos/14814139000183/compras/2024/54/itens,7
https://pncp.gov.br/api/pncp/v1/orgaos/14814139000183/compras/2024/54/itens,8
https://pncp.gov.br/api/pncp/v1/orgaos/14814139000183/compras/2024/54/itens,9
https://pncp.gov.br/api/pncp/v1/orgaos/14814139000183/compras/2024/54/itens,10
https://pncp.gov.br/api/pncp/v1/orgaos/03518900000113/compras/2024/5/itens,1
https://pncp.gov.br/api/pncp/v1/orgaos/03518900000113/compras/2024/5/itens,2
https://pncp.gov.br/api/pncp/v1/orgaos/03518900000113/compras/2024/5/itens,3
https://pncp.gov.br/api/pncp/v1/orgaos/03518900000113/compras/2024/5/itens,5
https://pncp.gov.br/api/pncp/v1/orgaos/03518900000113/compras/2024/5/itens,6
https://pncp.gov.br/api/pncp/v1/orgaos/03518900000113/compras/2024/7/itens,1
https://pncp.gov.br/api/pncp/v1/orgaos/03518900000113/compras/2024/7/itens,3
https://pncp.gov.br/api/pncp/v1/orgaos/03518900000113/compras/2024/7/itens,4
https://pncp.gov.br/api/pncp/v1/orgaos/03518900000113/compras/2024/7/itens,5
https://pncp.gov.br/api/pncp/v1/orgaos/03518900000113/compras/2024/7/itens,6
https://pncp.gov.br/api/pncp/v1/orgaos/03518900000113/compras/2024/7/itens,7
https://pncp.gov.br/api/pncp/v1/orgaos/03518900000113/compras/2024/7/itens,8
https://pncp.gov.br/api/pncp/v1/orgaos/03518900000113/compras/2024/7/itens,9
https://pncp.gov.br/api/pncp/v1/orgaos/14814139000183/compras/2024/61/itens,1
https://pncp.gov.br/api/pncp/v1/orgaos/14814139000183/compras/2024/61/itens,2
https://pncp.gov.br/api/pncp/v1/orgaos/14814139000183/compras/2024/61/itens,3
https://pncp.gov.br/api/pncp/v1/orgaos/14814139000183/compras/2024/61/itens,4
https://pncp.gov.br/api/pncp/v1/orgaos/14814139000183/compras/2024/61/itens,5
https://pncp.gov.br/api/pncp/v1/orgaos/14814139000183/compras/2024/61/itens,8
https://pncp.gov.br/api/pncp/v1/orgaos/14814139000183/compras/2024/61/itens,9
https://pncp.gov.br/api/pncp/v1/orgaos/14814139000183/compras/2024/61/itens,10
https://pncp.gov.br/api/pncp/v1/orgaos/03518900000113/compras/2024/13/itens,2
https://pncp.gov.br/api/pncp/v1/orgaos/03518900000113/compras/2024/13/itens,3
https://pncp.gov.br/api/pncp/v1/orgaos/03518900000113/compras/2024/13/itens,4
https://pncp.gov.br/api/pncp/v1/orgaos/03518900000113/compras/2024/13/itens,6
https://pncp.gov.br/api/pncp/v1/orgaos/03518900000113/compras/2024/13/itens,9
https://pncp.gov.br/api/pncp/v1/orgaos/14814139000183/compras/2024/74/itens,1
https://pncp.gov.br/api/pncp/v1/orgaos/14814139000183/compras/2024/74/itens,2
https://pncp.gov.br/api/pncp/v1/orgaos/14814139000183/compras/2024/74/itens,3
https://pncp.gov.br/api/pncp/v1/orgaos/14814139000183/compras/2024/74/itens,4
https://pncp.gov.br/api/pncp/v1/orgaos/14814139000183/compras/2024/74/itens,5
https://pncp.gov.br/api/pncp/v1/orgaos/14814139000183/compras/2024/74/itens,6
https://pncp.gov.br/api/pncp/v1/orgaos/14814139000183/compras/2024/74/itens,7
https://pncp.gov.br/api/pncp/v1/orgaos/14814139000183/compras/2024/74/itens,8
https://pncp.gov.br/api/pncp/v1/orgaos/14814139000183/compras/2024/74/itens,9
https://pncp.gov.br/api/pncp/v1/orgaos/14814139000183/compras/2024/74/itens,10
https://pncp.gov.br/api/pncp/v1/orgaos/14814139000183/compras/2024/41/itens,6
https://pncp.gov.br/api/pncp/v1/orgaos/14814139000183/compras/2024/66/itens,9
https://pncp.gov.br/api/pncp/v1/orgaos/14814139000183/compras/2024/81/itens,1
https://pncp.gov.br/api/pncp/v1/orgaos/14814139000183/compras/2024/81/itens,2
https://pncp.gov.br/api/pncp/v1/orgaos/14814139000183/compras/2024/81/itens,4
https://pncp.gov.br/api/pncp/v1/orgaos/14814139000183/compras/2024/81/itens,5
https://pncp.gov.br/api/pncp/v1/orgaos/14814139000183/compras/2024/81/itens,6
https://pncp.gov.br/api/pncp/v1/orgaos/14814139000183/compras/2024/81/itens,7
https://pncp.gov.br/api/pncp/v1/orgaos/14814139000183/compras/2024/81/itens,8
https://pncp.gov.br/api/pncp/v1/orgaos/14814139000183/compras/2024/81/itens,9
https://pncp.gov.br/api/pncp/v1/orgaos/14814139000183/compras/2024/81/itens,10
https://pncp.gov.br/api/pncp/v1/orgaos/14814139000183/compras/2024/114/itens,1
https://pncp.gov.br/api/pncp/v1/orgaos/14814139000183/compras/2024/114/itens,2
https://pncp.gov.br/api/pncp/v1/orgaos/14814139000183/compras/2024/114/itens,3
https://pncp.gov.br/api/pncp/v1/orgaos/14814139000183/compras/2024/114/itens,4
https://pncp.gov.br/api/pncp/v1/orgaos/14814139000183/compras/2024/114/itens,5
https://pncp.gov.br/api/pncp/v1/orgaos/14814139000183/compras/2024/114/itens,6
https://pncp.gov.br/api/pncp/v1/orgaos/14814139000183/compras/2024/114/itens,7
https://pncp.gov.br/api/pncp/v1/orgaos/14814139000183/compras/2024/114/itens,8
https://pncp.gov.br/api/pncp/v1/orgaos/14814139000183/compras/2024/114/itens,9
https://pncp.gov.br/api/pncp/v1/orgaos/14814139000183/compras/2024/114/itens,10
https://pncp.gov.br/api/pncp/v1/orgaos/14814139000183/compras/2024/119/itens,1
https://pncp.gov.br/api/pncp/v1/orgaos/14814139000183/compras/2024/119/itens,2
https://pncp.gov.br/api/pncp/v1/orgaos/14814139000183/compras/2024/119/itens,3
https://pncp.gov.br/api/pncp/v1/orgaos/14814139000183/compras/2024/119/itens,6
https://pncp.gov.br/api/pncp/v1/orgaos/14814139000183/compras/2024/119/itens,7
https://pncp.gov.br/api/pncp/v1/orgaos/14814139000183/compras/2024/132/itens,1
https://pncp.gov.br/api/pncp/v1/orgaos/14814139000183/compras/2024/132/itens,2
https://pncp.gov.br/api/pncp/v1/orgaos/14814139000183/compras/2024/126/itens,1
https://pncp.gov.br/api/pncp/v1/orgaos/14814139000183/compras/2024/126/itens,2
https://pncp.gov.br/api/pncp/v1/orgaos/14814139000183/compras/2024/126/itens,3
https://pncp.gov.br/api/pncp/v1/orgaos/14814139000183/compras/2024/126/itens,4
https://pncp.gov.br/api/pncp/v1/orgaos/14814139000183/compras/2024/126/itens,5
https://pncp.gov.br/api/pncp/v1/orgaos/14814139000183/compras/2024/126/itens,6
https://pncp.gov.br/api/pncp/v1/orgaos/14814139000183/compras/2024/126/itens,7
https://pncp.gov.br/api/pncp/v1/orgaos/14814139000183/compras/2024/126/itens,8
https://pncp.gov.br/api/pncp/v1/orgaos/14814139000183/compras/2024/126/itens,9
https://pncp.gov.br/api/pncp/v1/orgaos/14814139000183/compras/2024/126/itens,10
https://pncp.gov.br/api/pncp/v1/orgaos/13792329000184/compras/2025/11/itens,10
https://pncp.gov.br/api/pncp/v1/orgaos/13792329000184/compras/2025/13/itens,2
https://pncp.gov.br/api/pncp/v1/orgaos/13792329000184/compras/2025/13/itens,6
https://pncp.gov.br/api/pncp/v1/orgaos/13792329000184/compras/2025/38/itens,1
https://pncp.gov.br/api/pncp/v1/orgaos/14814139000183/compras/2025/56/itens,1
https://pncp.gov.br/api/pncp/v1/orgaos/14814139000183/compras/2025/56/itens,2
https://pncp.gov.br/api/pncp/v1/orgaos/14814139000183/compras/2025/56/itens,3
https://pncp.gov.br/api/pncp/v1/orgaos/14814139000183/compras/2025/56/itens,6
https://pncp.gov.br/api/pncp/v1/orgaos/14814139000183/compras/2025/56/itens,7
https://pncp.gov.br/api/pncp/v1/orgaos/14814139000183/compras/2025/67/itens,8
https://pncp.gov.br/api/pncp/v1/orgaos/13792329000184/compras/2025/56/itens,1
https://pncp.gov.br/api/pncp/v1/orgaos/13792329000184/compras/2025/57/itens,1
https://pncp.gov.br/api/pncp/v1/orgaos/13792329000184/compras/2025/58/itens,1
https://pncp.gov.br/api/pncp/v1/orgaos/14814139000183/compras/2025/56/itens,1
https://pncp.gov.br/api/pncp/v1/orgaos/14814139000183/compras/2025/56/itens,2
https://pncp.gov.br/api/pncp/v1/orgaos/14814139000183/compras/2025/56/itens,3
https://pncp.gov.br/api/pncp/v1/orgaos/14814139000183/compras/2025/56/itens,6
https://pncp.gov.br/api/pncp/v1/orgaos/14814139000183/compras/2025/56/itens,7
https://pncp.gov.br/api/pncp/v1/orgaos/14814139000183/compras/2025/67/itens,8
https://pncp.gov.br/api/pncp/v1/orgaos/13792329000184/compras/2025/56/itens,1
https://pncp.gov.br/api/pncp/v1/orgaos/13792329000184/compras/2025/57/itens,1
https://pncp.gov.br/api/pncp/v1/orgaos/13792329000184/compras/2025/58/itens,1
https://pncp.gov.br/api/pncp/v1/orgaos/14814139000183/compras/2025/58/itens,1
https://pncp.gov.br/api/pncp/v1/orgaos/14814139000183/compras/2025/58/itens,2
https://pncp.gov.br/api/pncp/v1/orgaos/14814139000183/compras/2025/58/itens,3
https://pncp.gov.br/api/pncp/v1/orgaos/14814139000183/compras/2025/58/itens,4
https://pncp.gov.br/api/pncp/v1/orgaos/14814139000183/compras/2025/58/itens,5
https://pncp.gov.br/api/pncp/v1/orgaos/14814139000183/compras/2025/58/itens,6
https://pncp.gov.br/api/pncp/v1/orgaos/14814139000183/compras/2025/58/itens,7
https://pncp.gov.br/api/pncp/v1/orgaos/14814139000183/compras/2025/58/itens,8
https://pncp.gov.br/api/pncp/v1/orgaos/14814139000183/compras/2025/58/itens,9
https://pncp.gov.br/api/pncp/v1/orgaos/14814139000183/compras/2025/58/itens,10
https://pncp.gov.br/api/pncp/v1/orgaos/13792329000184/compras/2025/21/itens,8
https://pncp.gov.br/api/pncp/v1/orgaos/14814139000183/compras/2025/26/itens,5
https://pncp.gov.br/api/pncp/v1/orgaos/13792329000184/compras/2025/63/itens,10
https://pncp.gov.br/api/pncp/v1/orgaos/14814139000183/compras/2025/81/itens,1
https://pncp.gov.br/api/pncp/v1/orgaos/14814139000183/compras/2025/81/itens,2
https://pncp.gov.br/api/pncp/v1/orgaos/14814139000183/compras/2025/81/itens,3
https://pncp.gov.br/api/pncp/v1/orgaos/14814139000183/compras/2025/81/itens,4
https://pncp.gov.br/api/pncp/v1/orgaos/14814139000183/compras/2025/81/itens,5
https://pncp.gov.br/api/pncp/v1/orgaos/14814139000183/compras/2025/81/itens,6
https://pncp.gov.br/api/pncp/v1/orgaos/14814139000183/compras/2025/81/itens,7
https://pncp.gov.br/api/pncp/v1/orgaos/14814139000183/compras/2025/81/itens,8
https://pncp.gov.br/api/pncp/v1/orgaos/14814139000183/compras/2025/81/itens,9
https://pncp.gov.br/api/pncp/v1/orgaos/14814139000183/compras/2025/81/itens,10
https://pncp.gov.br/api/pncp/v1/orgaos/13792329000184/compras/2025/64/itens,1
https://pncp.gov.br/api/pncp/v1/orgaos/13792329000184/compras/2025/68/itens,1
