"numeroControlePNCPCompra","numeroItem","endpoint","sequencialResultado","situacaoCompraItemResultadoId","situacaoCompraItemResultadoNome","dataInclusao","dataAtualizacao","niFornecedor","nomeRazaoSocialFornecedor","tipoPessoa","porteFornecedorId","porteFornecedorNome","naturezaJuridicaId","naturezaJuridicaNome","codigoPais","quantidadeHomologada","valorUnitarioHomologado","valorTotalHomologado","percentualDesconto","paisOrigemProdutoServico.id","paisOrigemProdutoServico.nome","moedaEstrangeira.id","moedaEstrangeira.simbolo","moedaEstrangeira.nome","timezoneCotacaoMoedaEstrangeira","valorNominalMoedaEstrangeira","dataCotacaoMoedaEstrangeira","aplicacaoMargemPreferencia","amparoLegalMargemPreferencia.id","amparoLegalMargemPreferencia.nome","amparoLegalMargemPreferencia.descricao","amparoLegalMargemPreferencia.statusAtivo","aplicacaoBeneficioMeEpp","aplicacaoCriterioDesempate","amparoLegalCriterioDesempate.id","amparoLegalCriterioDesempate.nome","amparoLegalCriterioDesempate.descricao","amparoLegalCriterioDesempate.statusAtivo","indicadorSubcontratacao","ordemClassificacaoSrp","dataResultado","dataCancelamento","motivoCancelamento","moedaEstrangeira","amparoLegalMargemPreferencia","amparoLegalCriterioDesempate","paisOrigemProdutoServico"
"14814139000183-1-000207/2024","3","https://pncp.gov.br/api/pncp/v1/orgaos/14814139000183/compras/2024/207/itens/3/resultados","1","1","Informado","2025-01-02T08:48:14","2025-01-02T08:48:14","02816696000154","PONTAMED FARMACEUTICA LTDA","PJ","3","Demais","2062","Sociedade Empresária Limitada","BRA","4000","13.88","55520","0",,,,,,,,,"FALSE",,,,,"FALSE","FALSE",,,,,"FALSE","1","2025-01-02",,,,,,
"14814139000183-1-000211/2024","1","https://pncp.gov.br/api/pncp/v1/orgaos/14814139000183/compras/2024/211/itens/1/resultados","1","1","Informado","2025-01-07T10:11:31","2025-01-07T10:11:31","00802002000102","ALTERMED MATERIAL MEDICO HOSPITALAR LTDA","PJ","3","Demais","2062","Sociedade Empresária Limitada","BRA","90000","1.2","108000","0",,,,,,,,,"FALSE",,,,,"FALSE","FALSE",,,,,"FALSE","1","2025-01-07",,,,,,
"14814139000183-1-000211/2024","2","https://pncp.gov.br/api/pncp/v1/orgaos/14814139000183/compras/2024/211/itens/2/resultados","1","1","Informado","2025-01-07T10:11:31","2025-01-07T10:11:31","37624223000130","ARKEEN COMERCIAL LTDA","PJ","1","ME","2062","Sociedade Empresária Limitada","BRA","30000","1.24","37200","0",,,,,,,,,"FALSE",,,,,"FALSE","FALSE",,,,,"FALSE","1","2025-01-07",,,,,,
"14814139000183-1-000211/2024","3","https://pncp.gov.br/api/pncp/v1/orgaos/14814139000183/compras/2024/211/itens/3/resultados","1","1","Informado","2025-01-07T10:11:31","2025-01-07T10:11:31","00802002000102","ALTERMED MATERIAL MEDICO HOSPITALAR LTDA","PJ","3","Demais","2062","Sociedade Empresária Limitada","BRA","172500","1.3","224250","0",,,,,,,,,"FALSE",,,,,"FALSE","FALSE",,,,,"FALSE","1","2025-01-07",,,,,,
"14814139000183-1-000211/2024","4","https://pncp.gov.br/api/pncp/v1/orgaos/14814139000183/compras/2024/211/itens/4/resultados","1","1","Informado","2025-01-07T10:11:31","2025-01-07T10:11:31","37624223000130","ARKEEN COMERCIAL LTDA","PJ","1","ME","2062","Sociedade Empresária Limitada","BRA","57500","1.34","77050","0",,,,,,,,,"FALSE",,,,,"FALSE","FALSE",,,,,"FALSE","1","2025-01-07",,,,,,
"14814139000183-1-000215/2024","1","https://pncp.gov.br/api/pncp/v1/orgaos/14814139000183/compras/2024/215/itens/1/resultados","1","1","Informado","2025-01-07T10:13:05","2025-01-07T10:13:05","21315653000130","QUALITY ACESSORIOS LTDA","PJ","1","ME","2062","Sociedade Empresária Limitada","BRA","800","33.73","26984","0",,,,,,,,,"FALSE",,,,,"FALSE","FALSE",,,,,"FALSE","1","2025-01-07",,,,,,
"14814139000183-1-000215/2024","2","https://pncp.gov.br/api/pncp/v1/orgaos/14814139000183/compras/2024/215/itens/2/resultados","1","1","Informado","2025-01-07T10:13:05","2025-01-07T10:13:05","21315653000130","QUALITY ACESSORIOS LTDA","PJ","1","ME","2062","Sociedade Empresária Limitada","BRA","1000","33.73","33730","0",,,,,,,,,"FALSE",,,,,"FALSE","FALSE",,,,,"FALSE","1","2025-01-07",,,,,,
"14814139000183-1-000215/2024","3","https://pncp.gov.br/api/pncp/v1/orgaos/14814139000183/compras/2024/215/itens/3/resultados","1","1","Informado","2025-01-07T10:13:05","2025-01-07T10:13:05","21315653000130","QUALITY ACESSORIOS LTDA","PJ","1","ME","2062","Sociedade Empresária Limitada","BRA","900","33.73","30357","0",,,,,,,,,"FALSE",,,,,"FALSE","FALSE",,,,,"FALSE","1","2025-01-07",,,,,,
"14814139000183-1-000215/2024","4","https://pncp.gov.br/api/pncp/v1/orgaos/14814139000183/compras/2024/215/itens/4/resultados","1","1","Informado","2025-01-07T10:13:05","2025-01-07T10:13:05","21315653000130","QUALITY ACESSORIOS LTDA","PJ","1","ME","2062","Sociedade Empresária Limitada","BRA","900","33.73","30357","0",,,,,,,,,"FALSE",,,,,"FALSE","FALSE",,,,,"FALSE","1","2025-01-07",,,,,,
"14814139000183-1-000215/2024","5","https://pncp.gov.br/api/pncp/v1/orgaos/14814139000183/compras/2024/215/itens/5/resultados","1","1","Informado","2025-01-07T10:13:05","2025-01-07T10:13:05","21315653000130","QUALITY ACESSORIOS LTDA","PJ","1","ME","2062","Sociedade Empresária Limitada","BRA","300","33.73","10119","0",,,,,,,,,"FALSE",,,,,"FALSE","FALSE",,,,,"FALSE","1","2025-01-07",,,,,,
"14814139000183-1-000215/2024","6","https://pncp.gov.br/api/pncp/v1/orgaos/14814139000183/compras/2024/215/itens/6/resultados","1","1","Informado","2025-01-07T10:13:06","2025-01-07T10:13:06","21315653000130","QUALITY ACESSORIOS LTDA","PJ","1","ME","2062","Sociedade Empresária Limitada","BRA","100","37.78","3778","0",,,,,,,,,"FALSE",,,,,"FALSE","FALSE",,,,,"FALSE","1","2025-01-07",,,,,,
"14814139000183-1-000212/2024","1","https://pncp.gov.br/api/pncp/v1/orgaos/14814139000183/compras/2024/212/itens/1/resultados","1","1","Informado","2025-01-07T10:31:46","2025-01-07T10:31:46","24118004000137","ANGULAR PRODUTOS PARA SAUDE LTDA","PJ","3","Demais","2062","Sociedade Empresária Limitada","BRA","150","255.936","38390.4","0",,,,,,,,,"FALSE",,,,,"FALSE","FALSE",,,,,"FALSE","1","2025-01-07",,,,,,
"14814139000183-1-000212/2024","2","https://pncp.gov.br/api/pncp/v1/orgaos/14814139000183/compras/2024/212/itens/2/resultados","1","1","Informado","2025-01-07T10:31:46","2025-01-07T10:31:46","24118004000137","ANGULAR PRODUTOS PARA SAUDE LTDA","PJ","3","Demais","2062","Sociedade Empresária Limitada","BRA","800","1.99","1592","0",,,,,,,,,"FALSE",,,,,"FALSE","FALSE",,,,,"FALSE","1","2025-01-07",,,,,,
"14814139000183-1-000188/2024","1","https://pncp.gov.br/api/pncp/v1/orgaos/14814139000183/compras/2024/188/itens/1/resultados","1","1","Informado","2025-01-07T10:33:09","2025-01-07T10:33:09","32043657000122","M C S AMBIENTAL DESENTUPIDORA LTDA","PJ","1","ME","2062","Sociedade Empresária Limitada","BRA","1","180000","180000","0",,,,,,,,,"FALSE",,,,,"FALSE","FALSE",,,,,"FALSE",,"2025-01-07",,,,,,
"03518900000113-1-000026/2024","2","https://pncp.gov.br/api/pncp/v1/orgaos/03518900000113/compras/2024/26/itens/2/resultados","1","2","Cancelado","2025-01-08T08:42:19","2025-04-11T15:16:26","46344050000197","SUL AGUA EQUIPAMENTOS LTDA","PJ","1","ME","2062","Sociedade Empresária Limitada","BRA","1","5360","5360","0",,,,,,,,,"FALSE",,,,,"FALSE","FALSE",,,,,"FALSE",,"2025-01-08","2025-04-11T00:00:00","Empresa adjudicada como vencedora não atendeu ao edital conforme consta em processo administrativo nº 01-202137/2024.",,,,
"03518900000113-1-000025/2024","2","https://pncp.gov.br/api/pncp/v1/orgaos/03518900000113/compras/2024/25/itens/2/resultados","1","1","Informado","2025-01-09T15:47:18","2025-01-09T15:47:18","11606767000185","CROSMEDICA COMERCIO DE PRODUTOS PARA SAUDE LTDA","PJ","1","ME","2062","Sociedade Empresária Limitada","BRA","500","0.3","150","0",,,,,,,,,"FALSE",,,,,"FALSE","FALSE",,,,,"FALSE","1","2025-01-09",,,,,,
"03518900000113-1-000025/2024","6","https://pncp.gov.br/api/pncp/v1/orgaos/03518900000113/compras/2024/25/itens/6/resultados","1","1","Informado","2025-01-09T15:47:14","2025-01-09T15:47:14","03968926000163","MASIF ARTIGOS MEDICOS E HOSPITALARES LTDA","PJ","1","ME","2062","Sociedade Empresária Limitada","BRA","10","3.2","32","0",,,,,,,,,"FALSE",,,,,"FALSE","FALSE",,,,,"FALSE","1","2025-01-09",,,,,,
"03518900000113-1-000025/2024","7","https://pncp.gov.br/api/pncp/v1/orgaos/03518900000113/compras/2024/25/itens/7/resultados","1","1","Informado","2025-01-09T15:47:14","2025-01-09T15:47:14","11606767000185","CROSMEDICA COMERCIO DE PRODUTOS PARA SAUDE LTDA","PJ","1","ME","2062","Sociedade Empresária Limitada","BRA","10","3","30","0",,,,,,,,,"FALSE",,,,,"FALSE","FALSE",,,,,"FALSE","1","2025-01-09",,,,,,
"03518900000113-1-000025/2024","8","https://pncp.gov.br/api/pncp/v1/orgaos/03518900000113/compras/2024/25/itens/8/resultados","1","1","Informado","2025-01-09T15:47:17","2025-01-09T15:47:17","11606767000185","CROSMEDICA COMERCIO DE PRODUTOS PARA SAUDE LTDA","PJ","1","ME","2062","Sociedade Empresária Limitada","BRA","10","3","30","0",,,,,,,,,"FALSE",,,,,"FALSE","FALSE",,,,,"FALSE","1","2025-01-09",,,,,,
"03518900000113-1-000025/2024","9","https://pncp.gov.br/api/pncp/v1/orgaos/03518900000113/compras/2024/25/itens/9/resultados","1","1","Informado","2025-01-09T15:48:22","2025-01-09T15:48:22","11606767000185","CROSMEDICA COMERCIO DE PRODUTOS PARA SAUDE LTDA","PJ","1","ME","2062","Sociedade Empresária Limitada","BRA","10","3","30","0",,,,,,,,,"FALSE",,,,,"FALSE","FALSE",,,,,"FALSE","1","2025-01-09",,,,,,
"03518900000113-1-000025/2024","10","https://pncp.gov.br/api/pncp/v1/orgaos/03518900000113/compras/2024/25/itens/10/resultados","1","1","Informado","2025-01-09T15:47:15","2025-01-09T15:47:15","11606767000185","CROSMEDICA COMERCIO DE PRODUTOS PARA SAUDE LTDA","PJ","1","ME","2062","Sociedade Empresária Limitada","BRA","10","3","30","0",,,,,,,,,"FALSE",,,,,"FALSE","FALSE",,,,,"FALSE","1","2025-01-09",,,,,,
"77636520000110-1-000002/2025","1","https://pncp.gov.br/api/pncp/v1/orgaos/77636520000110/compras/2025/2/itens/1/resultados","1","1","Informado","2025-04-23T10:16:14","2025-04-23T10:16:14","06329188000100","CRP TECNOLOGIA LTDA","PJ","1","ME","2062","Sociedade Empresária Limitada","BRA","1","1243499.99","1243499.99","0",,,,,,,,,"FALSE",,,,,"FALSE","FALSE",,,,,"FALSE",,"2025-04-23",,,,,,
"03518900000113-1-000020/2024","1","https://pncp.gov.br/api/pncp/v1/orgaos/03518900000113/compras/2024/20/itens/1/resultados","1","1","Informado","2025-01-13T08:37:38","2025-01-13T08:37:38","16741684000112","UNICENTER PHARMA INDUSTRIA E COMERCIO LTDA.","PJ","1","ME","2062","Sociedade Empresária Limitada","BRA","150","19","2850","0",,,,,,,,,"FALSE",,,,,"FALSE","FALSE",,,,,"FALSE","1","2025-01-13",,,,,,
"03518900000113-1-000020/2024","2","https://pncp.gov.br/api/pncp/v1/orgaos/03518900000113/compras/2024/20/itens/2/resultados","1","1","Informado","2025-01-13T08:37:38","2025-01-13T08:37:38","46328269000100","FUFA PR COMERCIO DE PRODUTOS HOSPITALARES LTDA","PJ","1","ME","2062","Sociedade Empresária Limitada","BRA","45","45.5","2047.5","0",,,,,,,,,"FALSE",,,,,"FALSE","FALSE",,,,,"FALSE","1","2025-01-13",,,,,,
"03518900000113-1-000020/2024","3","https://pncp.gov.br/api/pncp/v1/orgaos/03518900000113/compras/2024/20/itens/3/resultados","1","1","Informado","2025-01-13T08:37:38","2025-01-13T08:37:38","35854326000160","MULTIMED COMERCIO DE MATERIAL HOSPITALAR LTDA","PJ","1","ME","2062","Sociedade Empresária Limitada","BRA","50","22.14","1107","0",,,,,,,,,"FALSE",,,,,"FALSE","FALSE",,,,,"FALSE","1","2025-01-13",,,,,,
"03518900000113-1-000020/2024","4","https://pncp.gov.br/api/pncp/v1/orgaos/03518900000113/compras/2024/20/itens/4/resultados","1","1","Informado","2025-01-13T08:37:38","2025-01-13T08:37:38","28470340000103","METROSAUDE COMERCIO DE MATERIAIS MEDICOS E HOSPITALARES LTDA","PJ","1","ME","2062","Sociedade Empresária Limitada","BRA","24","120","2880","0",,,,,,,,,"FALSE",,,,,"FALSE","FALSE",,,,,"FALSE","1","2025-01-13",,,,,,
"03518900000113-1-000020/2024","5","https://pncp.gov.br/api/pncp/v1/orgaos/03518900000113/compras/2024/20/itens/5/resultados","1","1","Informado","2025-01-13T08:37:38","2025-01-13T08:37:38","23866426000128","HOSPBOX DISTRIBUIDORA DE PRODUTOS HOSPITALARES LTDA","PJ","1","ME","2062","Sociedade Empresária Limitada","BRA","135","75","10125","0",,,,,,,,,"FALSE",,,,,"FALSE","FALSE",,,,,"FALSE","1","2025-01-13",,,,,,
"03518900000113-1-000020/2024","6","https://pncp.gov.br/api/pncp/v1/orgaos/03518900000113/compras/2024/20/itens/6/resultados","1","1","Informado","2025-01-13T08:37:39","2025-01-13T08:37:39","35854326000160","MULTIMED COMERCIO DE MATERIAL HOSPITALAR LTDA","PJ","1","ME","2062","Sociedade Empresária Limitada","BRA","30","60","1800","0",,,,,,,,,"FALSE",,,,,"FALSE","FALSE",,,,,"FALSE","1","2025-01-13",,,,,,
"03518900000113-1-000020/2024","7","https://pncp.gov.br/api/pncp/v1/orgaos/03518900000113/compras/2024/20/itens/7/resultados","1","1","Informado","2025-01-13T08:37:39","2025-01-13T08:37:39","28470340000103","METROSAUDE COMERCIO DE MATERIAIS MEDICOS E HOSPITALARES LTDA","PJ","1","ME","2062","Sociedade Empresária Limitada","BRA","20","88","1760","0",,,,,,,,,"FALSE",,,,,"FALSE","FALSE",,,,,"FALSE","1","2025-01-13",,,,,,
"03518900000113-1-000020/2024","8","https://pncp.gov.br/api/pncp/v1/orgaos/03518900000113/compras/2024/20/itens/8/resultados","1","1","Informado","2025-01-13T08:37:39","2025-01-13T08:37:39","28470340000103","METROSAUDE COMERCIO DE MATERIAIS MEDICOS E HOSPITALARES LTDA","PJ","1","ME","2062","Sociedade Empresária Limitada","BRA","90","64.8","5832","0",,,,,,,,,"FALSE",,,,,"FALSE","FALSE",,,,,"FALSE","1","2025-01-13",,,,,,
"03518900000113-1-000020/2024","9","https://pncp.gov.br/api/pncp/v1/orgaos/03518900000113/compras/2024/20/itens/9/resultados","1","1","Informado","2025-01-13T08:37:39","2025-01-13T08:37:39","52448548000100","BIONDI & BUSCH COMERCIAL LTDA","PJ","1","ME","2062","Sociedade Empresária Limitada","BRA","30","25","750","0",,,,,,,,,"FALSE",,,,,"FALSE","FALSE",,,,,"FALSE","1","2025-01-13",,,,,,
"03518900000113-1-000020/2024","10","https://pncp.gov.br/api/pncp/v1/orgaos/03518900000113/compras/2024/20/itens/10/resultados","1","1","Informado","2025-01-13T08:37:39","2025-01-13T08:37:39","55311052000170","TM COMERCIO DE PRODUTOS PARA SAUDE LTDA","PJ","1","ME","2062","Sociedade Empresária Limitada","BRA","150","158.5","23775","0",,,,,,,,,"FALSE",,,,,"FALSE","FALSE",,,,,"FALSE","1","2025-01-13",,,,,,
"14814139000183-1-000202/2024","1","https://pncp.gov.br/api/pncp/v1/orgaos/14814139000183/compras/2024/202/itens/1/resultados","1","1","Informado","2025-01-13T15:02:19","2025-01-13T15:02:19","07752236000123","MEDILAR IMPORTACAO E DISTRIBUICAO DE PRODUTOS MEDICO HOSPITALARES S/A","PJ","3","Demais","2054","Sociedade Anônima Fechada","BRA","600","108.2186","64931.16","0",,,,,,,,,"FALSE",,,,,"FALSE","FALSE",,,,,"FALSE","1","2025-01-13",,,,,,
"14814139000183-1-000202/2024","2","https://pncp.gov.br/api/pncp/v1/orgaos/14814139000183/compras/2024/202/itens/2/resultados","1","1","Informado","2025-01-13T15:02:19","2025-01-13T15:02:19","48174071000137","WISDOM FARMA DISTRIBUIDORA DE MEDICAMENTOS LTDA","PJ","1","ME","2062","Sociedade Empresária Limitada","BRA","200","125.99","25198","0",,,,,,,,,"FALSE",,,,,"FALSE","TRUE","157","Instrução normativa de critério de julgamento e/ou edital (Sorteio)","Critério de desempate: Realização de sorteio.","TRUE","FALSE","1","2025-01-13",,,,,,
"14814139000183-1-000202/2024","4","https://pncp.gov.br/api/pncp/v1/orgaos/14814139000183/compras/2024/202/itens/4/resultados","1","1","Informado","2025-01-13T15:02:19","2025-01-13T15:02:19","05330520000186","UNIBIO DISTRIBUIDORA E SERVICOS LTDA","PJ","1","ME","2062","Sociedade Empresária Limitada","BRA","24","42","1008","0",,,,,,,,,"FALSE",,,,,"FALSE","FALSE",,,,,"FALSE","1","2025-01-13",,,,,,
"14814139000183-1-000202/2024","5","https://pncp.gov.br/api/pncp/v1/orgaos/14814139000183/compras/2024/202/itens/5/resultados","1","1","Informado","2025-01-13T15:02:19","2025-01-13T15:02:19","05330520000186","UNIBIO DISTRIBUIDORA E SERVICOS LTDA","PJ","1","ME","2062","Sociedade Empresária Limitada","BRA","24","60","1440","0",,,,,,,,,"FALSE",,,,,"FALSE","FALSE",,,,,"FALSE","1","2025-01-13",,,,,,
"14814139000183-1-000202/2024","6","https://pncp.gov.br/api/pncp/v1/orgaos/14814139000183/compras/2024/202/itens/6/resultados","1","1","Informado","2025-01-13T15:02:19","2025-01-13T15:02:19","24118004000137","ANGULAR PRODUTOS PARA SAUDE LTDA","PJ","3","Demais","2062","Sociedade Empresária Limitada","BRA","30","1020","30600","0",,,,,,,,,"FALSE",,,,,"FALSE","FALSE",,,,,"FALSE","1","2025-01-13",,,,,,
"14814139000183-1-000202/2024","8","https://pncp.gov.br/api/pncp/v1/orgaos/14814139000183/compras/2024/202/itens/8/resultados","1","1","Informado","2025-01-13T15:02:19","2025-01-13T15:02:19","48174071000137","WISDOM FARMA DISTRIBUIDORA DE MEDICAMENTOS LTDA","PJ","1","ME","2062","Sociedade Empresária Limitada","BRA","150000","0.0406","6090","0",,,,,,,,,"FALSE",,,,,"FALSE","FALSE",,,,,"FALSE","1","2025-01-13",,,,,,
"14814139000183-1-000202/2024","9","https://pncp.gov.br/api/pncp/v1/orgaos/14814139000183/compras/2024/202/itens/9/resultados","1","1","Informado","2025-01-13T15:02:35","2025-01-13T15:02:35","50694319000132","L F DISTRIBUIDORA DE MATERIAIS MEDICOS LTDA","PJ","1","ME","2062","Sociedade Empresária Limitada","BRA","3000","14","42000","0",,,,,,,,,"FALSE",,,,,"FALSE","FALSE",,,,,"FALSE","1","2025-01-13",,,,,,
"14814139000183-1-000209/2024","1","https://pncp.gov.br/api/pncp/v1/orgaos/14814139000183/compras/2024/209/itens/1/resultados","1","1","Informado","2025-01-13T17:24:41","2025-01-13T17:24:41","47999914000171","SUPORTH CIRURGICA - PONTA GROSSA LTDA","PJ","1","ME","2062","Sociedade Empresária Limitada","BRA","40","192","7680","0",,,,,,,,,"FALSE",,,,,"FALSE","FALSE",,,,,"FALSE","1","2025-01-13",,,,,,
"14814139000183-1-000209/2024","2","https://pncp.gov.br/api/pncp/v1/orgaos/14814139000183/compras/2024/209/itens/2/resultados","1","1","Informado","2025-01-13T17:26:40","2025-01-13T17:26:40","47999914000171","SUPORTH CIRURGICA - PONTA GROSSA LTDA","PJ","1","ME","2062","Sociedade Empresária Limitada","BRA","10","366","3660","0",,,,,,,,,"FALSE",,,,,"FALSE","FALSE",,,,,"FALSE","1","2025-01-13",,,,,,
"14814139000183-1-000209/2024","3","https://pncp.gov.br/api/pncp/v1/orgaos/14814139000183/compras/2024/209/itens/3/resultados","1","1","Informado","2025-01-13T17:24:40","2025-01-13T17:24:40","77970945000160","ORTOMETAL METALURGICA E ORTOPEDIA INDUSTRIAL LTDA","PJ","1","ME","2062","Sociedade Empresária Limitada","BRA","40","417","16680","0",,,,,,,,,"FALSE",,,,,"FALSE","FALSE",,,,,"FALSE","1","2025-01-13",,,,,,
"14814139000183-1-000003/2025","1","https://pncp.gov.br/api/pncp/v1/orgaos/14814139000183/compras/2025/3/itens/1/resultados","1","1","Informado","2025-01-10T14:46:39","2025-01-10T14:46:39","80392566000145","AABA COMERCIO DE EQUIPAMENTOS MEDICOS LTDA","PJ","3","Demais","2062","Sociedade Empresária Limitada","BRA","900","37","33300","0",,,,,,,,,"FALSE",,,,,"FALSE","FALSE",,,,,"FALSE","1","2025-01-10",,,,,,
"14814139000183-1-000098/2024","1","https://pncp.gov.br/api/pncp/v1/orgaos/14814139000183/compras/2024/98/itens/1/resultados","1","2","Cancelado","2024-11-04T15:12:41","2024-12-06T11:49:22","40882445000167","GM ADMINISTRACAO E SERVICOS PROFISSIONAIS LTDA","PJ","1","ME","2062","Sociedade Empresária Limitada","BRA","1","470000","470000","0",,,,,,,,,"FALSE",,,,,"FALSE","FALSE",,,,,"FALSE",,"2024-11-04","2024-12-06T00:00:00","Após reanálise dos documentos apresentados. Desta forma, decido pela desclassificação da proposta da empresa, em especial quanto a análise da planilha de composição de custos. Adequações foram solicitadas à empresa que, se nega a realiza- las, Nem mesmo j",,,,
"14814139000183-1-000098/2024","1","https://pncp.gov.br/api/pncp/v1/orgaos/14814139000183/compras/2024/98/itens/1/resultados","2","1","Informado","2025-01-20T16:20:39","2025-01-20T16:20:39","47128486000101","PS SERVICOS DE APOIO A CONDOMINIOS LTDA","PJ","1","ME","2062","Sociedade Empresária Limitada","BRA","1","475671","475671","0",,,,,,,,,"FALSE",,,,,"FALSE","FALSE",,,,,"FALSE",,"2025-01-20",,,,,,
"14814139000183-1-000098/2024","2","https://pncp.gov.br/api/pncp/v1/orgaos/14814139000183/compras/2024/98/itens/2/resultados","1","2","Cancelado","2024-11-04T15:12:41","2024-11-26T14:51:29","05684362000162","BRASIL MONITORAMENTO E VIGILANCIA LTDA","PJ","1","ME","2062","Sociedade Empresária Limitada","BRA","1","213000","213000","0",,,,,,,,,"FALSE",,,,,"FALSE","FALSE",,,,,"FALSE",,"2024-11-04","2024-11-26T00:00:00","Tendo em vista a representação recebida do TCE-PR e o declínio da empresa Brasil Monitaramento e Vigilância Ltda., convocaremos o próximo colocado para a negociação e demais trâmites relacionados ao pregão.",,,,
"14814139000183-1-000098/2024","2","https://pncp.gov.br/api/pncp/v1/orgaos/14814139000183/compras/2024/98/itens/2/resultados","2","1","Informado","2025-01-20T16:20:39","2025-01-20T16:20:39","47128486000101","PS SERVICOS DE APOIO A CONDOMINIOS LTDA","PJ","1","ME","2062","Sociedade Empresária Limitada","BRA","1","237900","237900","0",,,,,,,,,"FALSE",,,,,"FALSE","FALSE",,,,,"FALSE",,"2025-01-20",,,,,,
"03518900000113-1-000021/2024","1","https://pncp.gov.br/api/pncp/v1/orgaos/03518900000113/compras/2024/21/itens/1/resultados","1","1","Informado","2024-12-11T08:53:58","2024-12-11T08:53:58","46613430000180","DM IMPORTACAO E COMERCIO DE SUPRIMENTOS LTDA","PJ","1","ME","2062","Sociedade Empresária Limitada","BRA","400","19","7600","0",,,,,,,,,"FALSE",,,,,"FALSE","FALSE",,,,,"FALSE","1","2024-12-11",,,,,,
"03518900000113-1-000021/2024","2","https://pncp.gov.br/api/pncp/v1/orgaos/03518900000113/compras/2024/21/itens/2/resultados","1","1","Informado","2024-12-11T08:53:58","2024-12-11T08:53:58","46613430000180","DM IMPORTACAO E COMERCIO DE SUPRIMENTOS LTDA","PJ","1","ME","2062","Sociedade Empresária Limitada","BRA","200","19","3800","0",,,,,,,,,"FALSE",,,,,"FALSE","FALSE",,,,,"FALSE","1","2024-12-11",,,,,,
"03518900000113-1-000021/2024","3","https://pncp.gov.br/api/pncp/v1/orgaos/03518900000113/compras/2024/21/itens/3/resultados","1","1","Informado","2024-12-11T08:53:58","2024-12-11T08:53:58","46613430000180","DM IMPORTACAO E COMERCIO DE SUPRIMENTOS LTDA","PJ","1","ME","2062","Sociedade Empresária Limitada","BRA","10","20","200","0",,,,,,,,,"FALSE",,,,,"FALSE","FALSE",,,,,"FALSE","1","2024-12-11",,,,,,
"03518900000113-1-000021/2024","4","https://pncp.gov.br/api/pncp/v1/orgaos/03518900000113/compras/2024/21/itens/4/resultados","1","1","Informado","2024-12-11T08:53:58","2024-12-11T08:53:58","46613430000180","DM IMPORTACAO E COMERCIO DE SUPRIMENTOS LTDA","PJ","1","ME","2062","Sociedade Empresária Limitada","BRA","20","22","440","0",,,,,,,,,"FALSE",,,,,"FALSE","FALSE",,,,,"FALSE","1","2024-12-11",,,,,,
"03518900000113-1-000021/2024","5","https://pncp.gov.br/api/pncp/v1/orgaos/03518900000113/compras/2024/21/itens/5/resultados","1","1","Informado","2024-12-11T08:53:58","2024-12-11T08:53:58","46613430000180","DM IMPORTACAO E COMERCIO DE SUPRIMENTOS LTDA","PJ","1","ME","2062","Sociedade Empresária Limitada","BRA","20","22","440","0",,,,,,,,,"FALSE",,,,,"FALSE","FALSE",,,,,"FALSE","1","2024-12-11",,,,,,
"03518900000113-1-000021/2024","6","https://pncp.gov.br/api/pncp/v1/orgaos/03518900000113/compras/2024/21/itens/6/resultados","1","1","Informado","2024-12-11T08:53:58","2024-12-11T08:53:58","46613430000180","DM IMPORTACAO E COMERCIO DE SUPRIMENTOS LTDA","PJ","1","ME","2062","Sociedade Empresária Limitada","BRA","20","22","440","0",,,,,,,,,"FALSE",,,,,"FALSE","FALSE",,,,,"FALSE","1","2024-12-11",,,,,,
"03518900000113-1-000021/2024","7","https://pncp.gov.br/api/pncp/v1/orgaos/03518900000113/compras/2024/21/itens/7/resultados","1","1","Informado","2024-12-11T08:53:58","2024-12-11T08:53:58","46613430000180","DM IMPORTACAO E COMERCIO DE SUPRIMENTOS LTDA","PJ","1","ME","2062","Sociedade Empresária Limitada","BRA","20","22","440","0",,,,,,,,,"FALSE",,,,,"FALSE","FALSE",,,,,"FALSE","1","2024-12-11",,,,,,
"03518900000113-1-000021/2024","8","https://pncp.gov.br/api/pncp/v1/orgaos/03518900000113/compras/2024/21/itens/8/resultados","1","1","Informado","2024-12-11T08:54:00","2024-12-11T08:54:00","04338231000160","J & K COMERCIAL LTDA","PJ","1","ME","2062","Sociedade Empresária Limitada","BRA","100","150.51","15051","0",,,,,,,,,"FALSE",,,,,"FALSE","FALSE",,,,,"FALSE","1","2024-12-11",,,,,,
"03518900000113-1-000021/2024","9","https://pncp.gov.br/api/pncp/v1/orgaos/03518900000113/compras/2024/21/itens/9/resultados","1","1","Informado","2024-12-11T08:53:58","2024-12-11T08:53:58","33822326000153","JLZ SUPRIMENTOS LTDA","PJ","1","ME","2062","Sociedade Empresária Limitada","BRA","120","73","8760","0",,,,,,,,,"FALSE",,,,,"FALSE","FALSE",,,,,"FALSE","1","2024-12-11",,,,,,
"03518900000113-1-000021/2024","10","https://pncp.gov.br/api/pncp/v1/orgaos/03518900000113/compras/2024/21/itens/10/resultados","1","1","Informado","2024-12-11T08:54:00","2024-12-11T08:54:00","55149591000236","ALLSET TECNOLOGIA LTDA","PJ","1","ME","2062","Sociedade Empresária Limitada","BRA","40","277.11","11084.4","0",,,,,,,,,"FALSE",,,,,"FALSE","FALSE",,,,,"FALSE","1","2024-12-11",,,,,,
"75123125000108-1-000005/2024","1","https://pncp.gov.br/api/pncp/v1/orgaos/75123125000108/compras/2024/5/itens/1/resultados","1","1","Informado","2024-09-27T12:25:06","2024-09-27T12:25:06","17309336000133","POCHY ILUMINACÃO E ENGENHARIA LTDA","PJ","1","ME",,,"BRA","112","3700","414400","0",,,,,,,,,"FALSE",,,,,"FALSE","FALSE",,,,,"FALSE","1","2024-09-27",,,,,,
"75123125000108-1-000005/2024","2","https://pncp.gov.br/api/pncp/v1/orgaos/75123125000108/compras/2024/5/itens/2/resultados","1","1","Informado","2024-09-27T12:25:06","2024-09-27T12:25:06","20546583000168","S. ALMEIDA EVENTOS LTDA","PJ","1","ME",,,"BRA","123","5750","707250","0",,,,,,,,,"FALSE",,,,,"FALSE","FALSE",,,,,"FALSE","1","2024-09-27",,,,,,
"75123125000108-1-000005/2024","3","https://pncp.gov.br/api/pncp/v1/orgaos/75123125000108/compras/2024/5/itens/3/resultados","1","1","Informado","2024-09-27T12:25:07","2024-09-27T12:25:07","07004689000171","PH ÁUDIO E ILUMINAÇÃO LTDA- EPP","PJ","2","EPP",,,"BRA","81","9800","793800","0",,,,,,,,,"FALSE",,,,,"FALSE","FALSE",,,,,"FALSE","1","2024-09-27",,,,,,
"75123125000108-1-000005/2024","4","https://pncp.gov.br/api/pncp/v1/orgaos/75123125000108/compras/2024/5/itens/4/resultados","1","1","Informado","2024-09-27T12:25:09","2024-09-27T12:25:09","02899574000179","JA ÁUDIO SERVICES EVENTOS LTDA","PJ","1","ME",,,"BRA","100","17000","1700000","0",,,,,,,,,"FALSE",,,,,"FALSE","FALSE",,,,,"FALSE","1","2024-09-27",,,,,,
"75123125000108-1-000005/2024","5","https://pncp.gov.br/api/pncp/v1/orgaos/75123125000108/compras/2024/5/itens/5/resultados","1","1","Informado","2024-09-27T12:25:09","2024-09-27T12:25:09","53588605000101","SOM E LUZ CUIRITBA  LTDA","PJ","2","EPP",,,"BRA","52","6200","322400","0",,,,,,,,,"FALSE",,,,,"FALSE","FALSE",,,,,"FALSE","1","2024-09-27",,,,,,
"75123125000108-1-000005/2024","6","https://pncp.gov.br/api/pncp/v1/orgaos/75123125000108/compras/2024/5/itens/6/resultados","1","1","Informado","2024-09-27T12:25:09","2024-09-27T12:25:09","36517293000126","JOÃO RICARDO VENEIRA DRX PRODUCTION RESOURCE","PJ","1","ME",,,"BRA","40","9850","394000","0",,,,,,,,,"FALSE",,,,,"FALSE","FALSE",,,,,"FALSE","1","2024-09-27",,,,,,
"75123125000108-1-000005/2024","7","https://pncp.gov.br/api/pncp/v1/orgaos/75123125000108/compras/2024/5/itens/7/resultados","1","1","Informado","2024-09-27T12:25:09","2024-09-27T12:25:09","11391488000141","SB EVENTOS E PRODUÇÃO LTDA ME","PJ","2","EPP",,,"BRA","60","2900","174000","0",,,,,,,,,"FALSE",,,,,"FALSE","FALSE",,,,,"FALSE","1","2024-09-27",,,,,,
"75123125000108-1-000005/2024","8","https://pncp.gov.br/api/pncp/v1/orgaos/75123125000108/compras/2024/5/itens/8/resultados","1","1","Informado","2024-09-27T12:25:09","2024-09-27T12:25:09","53588605000101","SOM E LUZ CUIRITBA  LTDA","PJ","2","EPP",,,"BRA","60","4600","276000","0",,,,,,,,,"FALSE",,,,,"FALSE","FALSE",,,,,"FALSE","1","2024-09-27",,,,,,
"75123125000108-1-000005/2024","9","https://pncp.gov.br/api/pncp/v1/orgaos/75123125000108/compras/2024/5/itens/9/resultados","1","1","Informado","2024-09-27T12:25:09","2024-09-27T12:25:09","11391488000141","SB EVENTOS E PRODUÇÃO LTDA ME","PJ","2","EPP",,,"BRA","50","1440","72000","0",,,,,,,,,"FALSE",,,,,"FALSE","FALSE",,,,,"FALSE","1","2024-09-27",,,,,,
"75123125000108-1-000005/2024","10","https://pncp.gov.br/api/pncp/v1/orgaos/75123125000108/compras/2024/5/itens/10/resultados","1","1","Informado","2024-09-27T12:25:10","2024-09-27T12:25:10","11391488000141","SB EVENTOS E PRODUÇÃO LTDA ME","PJ","2","EPP",,,"BRA","50","2080","104000","0",,,,,,,,,"FALSE",,,,,"FALSE","FALSE",,,,,"FALSE","1","2024-09-27",,,,,,
"14814139000183-1-000133/2024","1","https://pncp.gov.br/api/pncp/v1/orgaos/14814139000183/compras/2024/133/itens/1/resultados","1","1","Informado","2025-01-30T09:08:56","2025-01-30T09:08:56","37381902000125","REDE NACIONAL DE APRENDIZAGEM, PROMOCAO SOCIAL E INTEGRACAO","PJ","3","Demais","3999","Associação Privada","BRA","1","171000","171000","0",,,,,,,,,"FALSE",,,,,"FALSE","FALSE",,,,,"FALSE",,"2025-01-30",,,,,,
"14814139000183-1-000007/2025","1","https://pncp.gov.br/api/pncp/v1/orgaos/14814139000183/compras/2025/7/itens/1/resultados","1","1","Informado","2025-01-16T15:21:47","2025-01-16T15:21:47","00656468000139","SOMA/PR COMERCIO DE PRODUTOS HOSPITALARES LTDA","PJ","3","Demais","2062","Sociedade Empresária Limitada","BRA","1200","1.5","1800","0",,,,,,,,,"FALSE",,,,,"FALSE","FALSE",,,,,"FALSE","1","2025-01-16",,,,,,
"14814139000183-1-000012/2025","1","https://pncp.gov.br/api/pncp/v1/orgaos/14814139000183/compras/2025/12/itens/1/resultados","1","1","Informado","2025-01-20T09:34:49","2025-01-20T09:34:49","04242860000192","MEDI-GLOBE BRASIL LTDA","PJ","3","Demais","2062","Sociedade Empresária Limitada","BRA","9","380","3420","0",,,,,,,,,"FALSE",,,,,"FALSE","FALSE",,,,,"FALSE","1","2025-01-20",,,,,,
"14814139000183-1-000191/2024","1","https://pncp.gov.br/api/pncp/v1/orgaos/14814139000183/compras/2024/191/itens/1/resultados","1","1","Informado","2025-02-03T08:11:19","2025-02-03T08:11:19","46344050000197","SUL AGUA EQUIPAMENTOS LTDA","PJ","1","ME","2062","Sociedade Empresária Limitada","BRA","400","44.05","17620","0",,,,,,,,,"FALSE",,,,,"FALSE","FALSE",,,,,"FALSE","1","2025-02-03",,,,,,
"14814139000183-1-000191/2024","2","https://pncp.gov.br/api/pncp/v1/orgaos/14814139000183/compras/2024/191/itens/2/resultados","1","1","Informado","2025-02-03T08:11:19","2025-02-03T08:11:19","39349946000101","MANFE - COMERCIO DE MAQUINAS E EQUIPAMENTOS LTDA","PJ","1","ME","2062","Sociedade Empresária Limitada","BRA","15","70","1050","0",,,,,,,,,"FALSE",,,,,"FALSE","FALSE",,,,,"FALSE","1","2025-02-03",,,,,,
"14814139000183-1-000191/2024","3","https://pncp.gov.br/api/pncp/v1/orgaos/14814139000183/compras/2024/191/itens/3/resultados","1","1","Informado","2025-02-03T08:11:19","2025-02-03T08:11:19","54793517000104","MAX-FER TOOLS COMERCIAL LTDA","PJ","1","ME","2062","Sociedade Empresária Limitada","BRA","10","22.19","221.9","0",,,,,,,,,"FALSE",,,,,"FALSE","FALSE",,,,,"FALSE","1","2025-02-03",,,,,,
"14814139000183-1-000191/2024","4","https://pncp.gov.br/api/pncp/v1/orgaos/14814139000183/compras/2024/191/itens/4/resultados","1","1","Informado","2025-02-03T08:11:19","2025-02-03T08:11:19","29843035000174","SENTINELA DO VALE COMERCIAL LTDA","PJ","1","ME","2062","Sociedade Empresária Limitada","BRA","10","40.58","405.8","0",,,,,,,,,"FALSE",,,,,"FALSE","FALSE",,,,,"FALSE","1","2025-02-03",,,,,,
"14814139000183-1-000191/2024","5","https://pncp.gov.br/api/pncp/v1/orgaos/14814139000183/compras/2024/191/itens/5/resultados","1","1","Informado","2025-02-03T08:11:20","2025-02-03T08:11:20","54793517000104","MAX-FER TOOLS COMERCIAL LTDA","PJ","1","ME","2062","Sociedade Empresária Limitada","BRA","6","14.82","88.92","0",,,,,,,,,"FALSE",,,,,"FALSE","FALSE",,,,,"FALSE","1","2025-02-03",,,,,,
"14814139000183-1-000191/2024","8","https://pncp.gov.br/api/pncp/v1/orgaos/14814139000183/compras/2024/191/itens/8/resultados","1","1","Informado","2025-02-03T08:11:20","2025-02-03T08:11:20","54793517000104","MAX-FER TOOLS COMERCIAL LTDA","PJ","1","ME","2062","Sociedade Empresária Limitada","BRA","50","0.56","28","0",,,,,,,,,"FALSE",,,,,"FALSE","FALSE",,,,,"FALSE","1","2025-02-03",,,,,,
"14814139000183-1-000191/2024","9","https://pncp.gov.br/api/pncp/v1/orgaos/14814139000183/compras/2024/191/itens/9/resultados","1","1","Informado","2025-02-03T08:11:20","2025-02-03T08:11:20","54793517000104","MAX-FER TOOLS COMERCIAL LTDA","PJ","1","ME","2062","Sociedade Empresária Limitada","BRA","50","0.86","43","0",,,,,,,,,"FALSE",,,,,"FALSE","FALSE",,,,,"FALSE","1","2025-02-03",,,,,,
"14814139000183-1-000191/2024","10","https://pncp.gov.br/api/pncp/v1/orgaos/14814139000183/compras/2024/191/itens/10/resultados","1","1","Informado","2025-02-03T08:11:20","2025-02-03T08:11:20","54793517000104","MAX-FER TOOLS COMERCIAL LTDA","PJ","1","ME","2062","Sociedade Empresária Limitada","BRA","50","0.75","37.5","0",,,,,,,,,"FALSE",,,,,"FALSE","FALSE",,,,,"FALSE","1","2025-02-03",,,,,,
"13792329000184-1-000055/2024","1","https://pncp.gov.br/api/pncp/v1/orgaos/13792329000184/compras/2024/55/itens/1/resultados","1","1","Informado","2024-07-24T11:13:32","2024-07-24T11:13:32","02814497000700","CIMED INDUSTRIA S.A","PJ","3","Demais",,,"BRA","630000","0.17","107100","0",,,,,,,,,"FALSE",,,,,"FALSE","FALSE",,,,,"FALSE","1","2024-07-04",,,,,,
"13792329000184-1-000055/2024","3","https://pncp.gov.br/api/pncp/v1/orgaos/13792329000184/compras/2024/55/itens/3/resultados","1","1","Informado","2024-07-24T11:13:33","2024-07-24T11:13:33","05782733000300","CIAMED DISTRIBUIDORA DE MEDICAMENTOS LTDA - FILIAL","PJ","3","Demais",,,"BRA","60000","15.2","912000","0",,,,,,,,,"FALSE",,,,,"FALSE","FALSE",,,,,"FALSE","1","2024-07-04",,,,,,
"13792329000184-1-000055/2024","5","https://pncp.gov.br/api/pncp/v1/orgaos/13792329000184/compras/2024/55/itens/5/resultados","1","1","Informado","2024-07-24T11:13:33","2024-07-24T11:13:33","02520829000140","DIMASTER COM. DE PROD. HOSP. LTDA","PJ","3","Demais",,,"BRA","48000","16","768000","0",,,,,,,,,"FALSE",,,,,"FALSE","FALSE",,,,,"FALSE","1","2024-07-04",,,,,,
"13792329000184-1-000055/2024","7","https://pncp.gov.br/api/pncp/v1/orgaos/13792329000184/compras/2024/55/itens/7/resultados","1","1","Informado","2024-07-24T11:13:33","2024-07-24T11:13:33","00656468000139","SOMA/PR COMERCIO DE PRODUTOS HOSPITALARES LTDA","PJ","3","Demais",,,"BRA","82500","6.23","513975","0",,,,,,,,,"FALSE",,,,,"FALSE","FALSE",,,,,"FALSE","1","2024-07-04",,,,,,
"13792329000184-1-000055/2024","9","https://pncp.gov.br/api/pncp/v1/orgaos/13792329000184/compras/2024/55/itens/9/resultados","1","1","Informado","2024-07-24T11:13:33","2024-07-24T11:13:33","73856593000166","PRATI, DONADUZZI & CIA LTDA","PJ","3","Demais",,,"BRA","78000","1.585","123630","0",,,,,,,,,"FALSE",,,,,"FALSE","FALSE",,,,,"FALSE","1","2024-07-04",,,,,,
"75123125000108-1-000006/2024","1","https://pncp.gov.br/api/pncp/v1/orgaos/75123125000108/compras/2024/6/itens/1/resultados","1","1","Informado","2024-09-27T12:24:27","2024-09-27T12:24:27","19968861000196","RJ EVENTOS EIRELI","PJ","1","ME",,,"BRA","40","684","27360","0",,,,,,,,,"FALSE",,,,,"FALSE","FALSE",,,,,"FALSE","1","2024-09-09",,,,,,
"75123125000108-1-000006/2024","2","https://pncp.gov.br/api/pncp/v1/orgaos/75123125000108/compras/2024/6/itens/2/resultados","1","1","Informado","2024-09-27T12:24:27","2024-09-27T12:24:27","19968861000196","RJ EVENTOS EIRELI","PJ","1","ME",,,"BRA","40","812","32480","0",,,,,,,,,"FALSE",,,,,"FALSE","FALSE",,,,,"FALSE","1","2024-09-09",,,,,,
"75123125000108-1-000006/2024","3","https://pncp.gov.br/api/pncp/v1/orgaos/75123125000108/compras/2024/6/itens/3/resultados","1","1","Informado","2024-09-27T12:24:27","2024-09-27T12:24:27","19968861000196","RJ EVENTOS EIRELI","PJ","1","ME",,,"BRA","40","1290","51600","0",,,,,,,,,"FALSE",,,,,"FALSE","FALSE",,,,,"FALSE","1","2024-09-09",,,,,,
"75123125000108-1-000006/2024","4","https://pncp.gov.br/api/pncp/v1/orgaos/75123125000108/compras/2024/6/itens/4/resultados","1","1","Informado","2024-09-27T12:24:28","2024-09-27T12:24:28","35725422000109","PARANA EVENTOS LTDA","PJ","1","ME",,,"BRA","40","3390","135600","0",,,,,,,,,"FALSE",,,,,"FALSE","FALSE",,,,,"FALSE","1","2024-09-09",,,,,,
"75123125000108-1-000006/2024","5","https://pncp.gov.br/api/pncp/v1/orgaos/75123125000108/compras/2024/6/itens/5/resultados","1","1","Informado","2024-09-27T12:24:28","2024-09-27T12:24:28","35725422000109","PARANA EVENTOS LTDA","PJ","1","ME",,,"BRA","40","1496","59840","0",,,,,,,,,"FALSE",,,,,"FALSE","FALSE",,,,,"FALSE","1","2024-09-09",,,,,,
"75123125000108-1-000006/2024","6","https://pncp.gov.br/api/pncp/v1/orgaos/75123125000108/compras/2024/6/itens/6/resultados","1","1","Informado","2024-09-27T12:24:28","2024-09-27T12:24:28","35725422000109","PARANA EVENTOS LTDA","PJ","1","ME",,,"BRA","40","847.5","33900","0",,,,,,,,,"FALSE",,,,,"FALSE","FALSE",,,,,"FALSE","1","2024-09-09",,,,,,
"75123125000108-1-000006/2024","7","https://pncp.gov.br/api/pncp/v1/orgaos/75123125000108/compras/2024/6/itens/7/resultados","1","1","Informado","2024-09-27T12:24:28","2024-09-27T12:24:28","35725422000109","PARANA EVENTOS LTDA","PJ","1","ME",,,"BRA","40","1995","79800","0",,,,,,,,,"FALSE",,,,,"FALSE","FALSE",,,,,"FALSE","1","2024-09-09",,,,,,
"75123125000108-1-000006/2024","8","https://pncp.gov.br/api/pncp/v1/orgaos/75123125000108/compras/2024/6/itens/8/resultados","1","1","Informado","2024-09-27T12:24:28","2024-09-27T12:24:28","07487277000130","ERS COMÉRCIO E SERVIÇOS LTDA","PJ","3","Demais",,,"BRA","30","4389","131670","0",,,,,,,,,"FALSE",,,,,"FALSE","FALSE",,,,,"FALSE","1","2024-09-09",,,,,,
"75123125000108-1-000006/2024","9","https://pncp.gov.br/api/pncp/v1/orgaos/75123125000108/compras/2024/6/itens/9/resultados","1","1","Informado","2024-09-27T12:24:28","2024-09-27T12:24:28","07454892000140","KLEIN LOCAÇÕES PARA EVENTOS LTDA - ME","PJ","1","ME",,,"BRA","30","1950","58500","0",,,,,,,,,"FALSE",,,,,"FALSE","FALSE",,,,,"FALSE","1","2024-09-09",,,,,,
"75123125000108-1-000006/2024","10","https://pncp.gov.br/api/pncp/v1/orgaos/75123125000108/compras/2024/6/itens/10/resultados","1","1","Informado","2024-09-27T12:24:28","2024-09-27T12:24:28","07454892000140","KLEIN LOCAÇÕES PARA EVENTOS LTDA - ME","PJ","1","ME",,,"BRA","30","700","21000","0",,,,,,,,,"FALSE",,,,,"FALSE","FALSE",,,,,"FALSE","1","2024-09-09",,,,,,
"14814139000183-1-000010/2025","1","https://pncp.gov.br/api/pncp/v1/orgaos/14814139000183/compras/2025/10/itens/1/resultados","1","1","Informado","2025-02-07T15:57:12","2025-02-07T15:57:12","52994508000156","JG MOBILIARIOS LTDA","PJ","1","ME","2062","Sociedade Empresária Limitada","BRA","200","115.99","23198","0",,,,,,,,,"FALSE",,,,,"FALSE","FALSE",,,,,"FALSE","1","2025-02-07",,,,,,
"14814139000183-1-000210/2024","2","https://pncp.gov.br/api/pncp/v1/orgaos/14814139000183/compras/2024/210/itens/2/resultados","1","1","Informado","2025-02-10T08:36:44","2025-02-10T08:36:44","05062455000155","ALPHARAD COMERCIO, IMPORTACAO E EXPORTACAO DE PRODUTOS HOSPITALARES LTDA","PJ","3","Demais","2062","Sociedade Empresária Limitada","BRA","120","53","6360","0",,,,,,,,,"FALSE",,,,,"FALSE","FALSE",,,,,"FALSE","1","2025-02-10",,,,,,
"14814139000183-1-000210/2024","3","https://pncp.gov.br/api/pncp/v1/orgaos/14814139000183/compras/2024/210/itens/3/resultados","1","1","Informado","2025-02-10T08:36:44","2025-02-10T08:36:44","61485900001132","SG TECNOLOGIA CLINICA LTDA","PJ","3","Demais","2062","Sociedade Empresária Limitada","BRA","180000","0.209","37620","0",,,,,,,,,"FALSE",,,,,"FALSE","FALSE",,,,,"FALSE","1","2025-02-10",,,,,,
"14814139000183-1-000210/2024","4","https://pncp.gov.br/api/pncp/v1/orgaos/14814139000183/compras/2024/210/itens/4/resultados","1","1","Informado","2025-02-10T08:36:44","2025-02-10T08:36:44","24118004000137","ANGULAR PRODUTOS PARA SAUDE LTDA","PJ","3","Demais","2062","Sociedade Empresária Limitada","BRA","1e+06","0.084","84000","0",,,,,,,,,"FALSE",,,,,"FALSE","FALSE",,,,,"FALSE","1","2025-02-10",,,,,,
"14814139000183-1-000210/2024","5","https://pncp.gov.br/api/pncp/v1/orgaos/14814139000183/compras/2024/210/itens/5/resultados","1","1","Informado","2025-02-10T08:36:44","2025-02-10T08:36:44","24118004000137","ANGULAR PRODUTOS PARA SAUDE LTDA","PJ","3","Demais","2062","Sociedade Empresária Limitada","BRA","800","3.5","2800","0",,,,,,,,,"FALSE",,,,,"FALSE","FALSE",,,,,"FALSE","1","2025-02-10",,,,,,
"14814139000183-1-000210/2024","6","https://pncp.gov.br/api/pncp/v1/orgaos/14814139000183/compras/2024/210/itens/6/resultados","1","1","Informado","2025-02-10T08:36:44","2025-02-10T08:36:44","37931064000116","LEMED COMERCIO DE MATERIAL E MEDICAMENTOS HOSPITALARES LTDA","PJ","1","ME","2062","Sociedade Empresária Limitada","BRA","1000","4.125","4125","0",,,,,,,,,"FALSE",,,,,"FALSE","FALSE",,,,,"FALSE","1","2025-02-10",,,,,,
"14814139000183-1-000210/2024","9","https://pncp.gov.br/api/pncp/v1/orgaos/14814139000183/compras/2024/210/itens/9/resultados","1","1","Informado","2025-02-10T08:36:45","2025-02-10T08:36:45","24118004000137","ANGULAR PRODUTOS PARA SAUDE LTDA","PJ","3","Demais","2062","Sociedade Empresária Limitada","BRA","100","2.8","280","0",,,,,,,,,"FALSE",,,,,"FALSE","FALSE",,,,,"FALSE","1","2025-02-10",,,,,,
"14814139000183-1-000210/2024","10","https://pncp.gov.br/api/pncp/v1/orgaos/14814139000183/compras/2024/210/itens/10/resultados","1","1","Informado","2025-02-10T08:36:45","2025-02-10T08:36:45","24118004000137","ANGULAR PRODUTOS PARA SAUDE LTDA","PJ","3","Demais","2062","Sociedade Empresária Limitada","BRA","100","2.8","280","0",,,,,,,,,"FALSE",,,,,"FALSE","FALSE",,,,,"FALSE","1","2025-02-10",,,,,,
"14814139000183-1-000002/2025","1","https://pncp.gov.br/api/pncp/v1/orgaos/14814139000183/compras/2025/2/itens/1/resultados","1","1","Informado","2025-02-10T08:42:06","2025-02-10T08:42:06","23712322000169","PRATO NOBRE REFEICOES COLETIVAS LTDA","PJ","1","ME","2062","Sociedade Empresária Limitada","BRA","1","141885","141885","0",,,,,,,,,"FALSE",,,,,"FALSE","FALSE",,,,,"FALSE",,"2025-02-10",,,,,,
"14814139000183-1-000026/2025","1","https://pncp.gov.br/api/pncp/v1/orgaos/14814139000183/compras/2025/26/itens/1/resultados","1","1","Informado","2025-05-12T12:05:43","2025-05-12T12:05:43","46328269000100","FUFA PR COMERCIO DE PRODUTOS HOSPITALARES LTDA","PJ","1","ME","2062","Sociedade Empresária Limitada","BRA","1200","25.4","30480","0",,,,,,,,,"FALSE",,,,,"FALSE","FALSE",,,,,"FALSE","1","2025-05-12",,,,,,
"14814139000183-1-000026/2025","2","https://pncp.gov.br/api/pncp/v1/orgaos/14814139000183/compras/2025/26/itens/2/resultados","1","1","Informado","2025-05-12T12:05:43","2025-05-12T12:05:43","47411780000126","BACE COMERCIO INTERNACIONAL LTDA","PJ","3","Demais","2062","Sociedade Empresária Limitada","BRA","2250","39.65","89212.5","0",,,,,,,,,"FALSE",,,,,"FALSE","FALSE",,,,,"FALSE","1","2025-05-12",,,,,,
"14814139000183-1-000026/2025","3","https://pncp.gov.br/api/pncp/v1/orgaos/14814139000183/compras/2025/26/itens/3/resultados","1","1","Informado","2025-05-12T12:05:43","2025-05-12T12:05:43","27311107000107","SC MED DISTRIBUIDORA MEDICO HOSPITALAR LTDA","PJ","1","ME","2062","Sociedade Empresária Limitada","BRA","750","122.4","91800","0",,,,,,,,,"FALSE",,,,,"FALSE","FALSE",,,,,"FALSE","1","2025-05-12",,,,,,
"14814139000183-1-000026/2025","4","https://pncp.gov.br/api/pncp/v1/orgaos/14814139000183/compras/2025/26/itens/4/resultados","1","1","Informado","2025-05-12T12:05:43","2025-05-12T12:05:43","54858014000927","ESSITY SOLUCOES MEDICAS DO BRASIL   COMERCIO E DISTRIBUICAO LTDA.","PJ","3","Demais","2062","Sociedade Empresária Limitada","BRA","5000","23.94","119700","0",,,,,,,,,"FALSE",,,,,"FALSE","FALSE",,,,,"FALSE","1","2025-05-12",,,,,,
"14814139000183-1-000026/2025","6","https://pncp.gov.br/api/pncp/v1/orgaos/14814139000183/compras/2025/26/itens/6/resultados","1","1","Informado","2025-05-12T12:05:43","2025-05-12T12:05:43","02881877000164","POLAR FIX INDUSTRIA E COMERCIO DE PRODUTOS HOSPITALARES LTDA","PJ","3","Demais","2062","Sociedade Empresária Limitada","BRA","15000","3.52","52800","0",,,,,,,,,"FALSE",,,,,"FALSE","FALSE",,,,,"FALSE","1","2025-05-12",,,,,,
"77636520000110-1-000005/2025","1","https://pncp.gov.br/api/pncp/v1/orgaos/77636520000110/compras/2025/5/itens/1/resultados","1","1","Informado","2025-02-03T09:34:57","2025-02-03T09:34:57","08680158000161","BIO RESIDUOS TRANSPORTES LTDA","PJ","3","Demais","2062","Sociedade Empresária Limitada","BRA","1","2000","2000","0",,,,,,,,,"FALSE",,,,,"FALSE","FALSE",,,,,"FALSE","1","2025-01-16",,,,,,
"77636520000110-1-000006/2025","1","https://pncp.gov.br/api/pncp/v1/orgaos/77636520000110/compras/2025/6/itens/1/resultados","1","1","Informado","2025-02-07T14:00:05","2025-02-07T14:00:05","09328018000191","J P TAPETES E CAPACHOS LTDA","PJ","1","ME","2062","Sociedade Empresária Limitada","BRA","19","183.6","3488.4","0",,,,,,,,,"FALSE",,,,,"FALSE","FALSE",,,,,"FALSE","1","2025-02-07",,,,,,
"77636520000110-1-000006/2025","2","https://pncp.gov.br/api/pncp/v1/orgaos/77636520000110/compras/2025/6/itens/2/resultados","1","1","Informado","2025-02-07T14:00:09","2025-02-07T14:00:09","09328018000191","J P TAPETES E CAPACHOS LTDA","PJ","1","ME","2062","Sociedade Empresária Limitada","BRA","1","489.6","489.6","0",,,,,,,,,"FALSE",,,,,"FALSE","FALSE",,,,,"FALSE","1","2025-02-07",,,,,,
"77636520000110-1-000006/2025","3","https://pncp.gov.br/api/pncp/v1/orgaos/77636520000110/compras/2025/6/itens/3/resultados","1","1","Informado","2025-02-07T14:00:01","2025-02-07T14:00:01","09328018000191","J P TAPETES E CAPACHOS LTDA","PJ","1","ME","2062","Sociedade Empresária Limitada","BRA","1","563.04","563.04","0",,,,,,,,,"FALSE",,,,,"FALSE","FALSE",,,,,"FALSE","1","2025-02-07",,,,,,
"77636520000110-1-000006/2025","4","https://pncp.gov.br/api/pncp/v1/orgaos/77636520000110/compras/2025/6/itens/4/resultados","1","1","Informado","2025-02-07T14:00:13","2025-02-07T14:00:13","09328018000191","J P TAPETES E CAPACHOS LTDA","PJ","1","ME","2062","Sociedade Empresária Limitada","BRA","1","430.44","430.44","0",,,,,,,,,"FALSE",,,,,"FALSE","FALSE",,,,,"FALSE","1","2025-02-07",,,,,,
"77636520000110-1-000006/2025","5","https://pncp.gov.br/api/pncp/v1/orgaos/77636520000110/compras/2025/6/itens/5/resultados","1","1","Informado","2025-02-07T14:00:17","2025-02-07T14:00:17","09328018000191","J P TAPETES E CAPACHOS LTDA","PJ","1","ME","2062","Sociedade Empresária Limitada","BRA","1","326.4","326.4","0",,,,,,,,,"FALSE",,,,,"FALSE","FALSE",,,,,"FALSE","1","2025-02-07",,,,,,
"77636520000110-1-000006/2025","6","https://pncp.gov.br/api/pncp/v1/orgaos/77636520000110/compras/2025/6/itens/6/resultados","1","1","Informado","2025-02-07T14:00:30","2025-02-07T14:00:30","29605776000117","TECNOKAP SOLUCOES LTDA","PJ","1","ME","2062","Sociedade Empresária Limitada","BRA","4","245.03","980.12","0",,,,,,,,,"FALSE",,,,,"FALSE","FALSE",,,,,"FALSE","1","2025-02-07",,,,,,
"77636520000110-1-000006/2025","7","https://pncp.gov.br/api/pncp/v1/orgaos/77636520000110/compras/2025/6/itens/7/resultados","1","1","Informado","2025-02-07T14:00:35","2025-02-07T14:00:35","29605776000117","TECNOKAP SOLUCOES LTDA","PJ","1","ME","2062","Sociedade Empresária Limitada","BRA","1","4403.51","4403.51","0",,,,,,,,,"FALSE",,,,,"FALSE","FALSE",,,,,"FALSE","1","2025-02-07",,,,,,
"77636520000110-1-000006/2025","8","https://pncp.gov.br/api/pncp/v1/orgaos/77636520000110/compras/2025/6/itens/8/resultados","1","1","Informado","2025-02-07T14:00:21","2025-02-07T14:00:21","29605776000117","TECNOKAP SOLUCOES LTDA","PJ","1","ME","2062","Sociedade Empresária Limitada","BRA","1","677.81","677.81","0",,,,,,,,,"FALSE",,,,,"FALSE","FALSE",,,,,"FALSE","1","2025-02-07",,,,,,
"77636520000110-1-000006/2025","9","https://pncp.gov.br/api/pncp/v1/orgaos/77636520000110/compras/2025/6/itens/9/resultados","1","1","Informado","2025-02-07T14:00:25","2025-02-07T14:00:25","29605776000117","TECNOKAP SOLUCOES LTDA","PJ","1","ME","2062","Sociedade Empresária Limitada","BRA","4","1089","4356","0",,,,,,,,,"FALSE",,,,,"FALSE","FALSE",,,,,"FALSE","1","2025-02-07",,,,,,
"77636520000110-1-000006/2025","10","https://pncp.gov.br/api/pncp/v1/orgaos/77636520000110/compras/2025/6/itens/10/resultados","1","1","Informado","2025-02-07T14:00:28","2025-02-07T14:00:28","29605776000117","TECNOKAP SOLUCOES LTDA","PJ","1","ME","2062","Sociedade Empresária Limitada","BRA","1","676.07","676.07","0",,,,,,,,,"FALSE",,,,,"FALSE","FALSE",,,,,"FALSE","1","2025-02-07",,,,,,
"14814139000183-1-000015/2025","1","https://pncp.gov.br/api/pncp/v1/orgaos/14814139000183/compras/2025/15/itens/1/resultados","1","1","Informado","2025-02-03T14:14:59","2025-02-03T14:14:59","03022656000101","PROFILATICA PRODUTOS ODONTO MEDICO HOSPITALARES S.A.","PJ","3","Demais","2054","Sociedade Anônima Fechada","BRA","1","19620","19620","0",,,,,,,,,"FALSE",,,,,"FALSE","FALSE",,,,,"FALSE","1","2025-02-03",,,,,,
"14814139000183-1-000018/2025","1","https://pncp.gov.br/api/pncp/v1/orgaos/14814139000183/compras/2025/18/itens/1/resultados","1","1","Informado","2025-02-04T14:57:03","2025-02-04T14:57:03","10780790000129","OPUSPAC INDUSTRIA E COMERCIO DE MAQUINAS LTDA","PJ","3","Demais","2062","Sociedade Empresária Limitada","BRA","36","1389.82","50033.52","0",,,,,,,,,"FALSE",,,,,"FALSE","FALSE",,,,,"FALSE","1","2025-02-04",,,,,,
"14814139000183-1-000018/2025","2","https://pncp.gov.br/api/pncp/v1/orgaos/14814139000183/compras/2025/18/itens/2/resultados","1","1","Informado","2025-02-04T14:57:07","2025-02-04T14:57:07","10780790000129","OPUSPAC INDUSTRIA E COMERCIO DE MAQUINAS LTDA","PJ","3","Demais","2062","Sociedade Empresária Limitada","BRA","12","1643.12","19717.44","0",,,,,,,,,"FALSE",,,,,"FALSE","FALSE",,,,,"FALSE","1","2025-02-04",,,,,,
"14814139000183-1-000018/2025","3","https://pncp.gov.br/api/pncp/v1/orgaos/14814139000183/compras/2025/18/itens/3/resultados","1","1","Informado","2025-02-04T14:57:00","2025-02-04T14:57:00","10780790000129","OPUSPAC INDUSTRIA E COMERCIO DE MAQUINAS LTDA","PJ","3","Demais","2062","Sociedade Empresária Limitada","BRA","36","148.06","5330.16","0",,,,,,,,,"FALSE",,,,,"FALSE","FALSE",,,,,"FALSE","1","2025-02-04",,,,,,
"14814139000183-1-000022/2025","1","https://pncp.gov.br/api/pncp/v1/orgaos/14814139000183/compras/2025/22/itens/1/resultados","1","1","Informado","2025-02-05T16:32:17","2025-02-05T16:32:17","09046469000136","YELO COMERCIO DE MATERIAIS HOSPITALARES LTDA","PJ","3","Demais","2062","Sociedade Empresária Limitada","BRA","1","99820","99820","0",,,,,,,,,"FALSE",,,,,"FALSE","FALSE",,,,,"FALSE","1","2025-02-05",,,,,,
"14814139000183-1-000213/2024","1","https://pncp.gov.br/api/pncp/v1/orgaos/14814139000183/compras/2024/213/itens/1/resultados","1","1","Informado","2025-02-18T08:59:00","2025-02-18T08:59:00","54793517000104","MAX-FER TOOLS COMERCIAL LTDA","PJ","1","ME","2062","Sociedade Empresária Limitada","BRA","4","36.96","147.84","0",,,,,,,,,"FALSE",,,,,"FALSE","FALSE",,,,,"FALSE","1","2025-02-18",,,,,,
"14814139000183-1-000213/2024","4","https://pncp.gov.br/api/pncp/v1/orgaos/14814139000183/compras/2024/213/itens/4/resultados","1","1","Informado","2025-02-18T08:59:00","2025-02-18T08:59:00","54152070000194","FERRAMENTAS E PNEUMATICOS 1001 LTDA","PJ","1","ME","2062","Sociedade Empresária Limitada","BRA","4","300","1200","0",,,,,,,,,"FALSE",,,,,"FALSE","FALSE",,,,,"FALSE","1","2025-02-18",,,,,,
"14814139000183-1-000213/2024","6","https://pncp.gov.br/api/pncp/v1/orgaos/14814139000183/compras/2024/213/itens/6/resultados","1","1","Informado","2025-02-18T08:59:00","2025-02-18T08:59:00","54793517000104","MAX-FER TOOLS COMERCIAL LTDA","PJ","1","ME","2062","Sociedade Empresária Limitada","BRA","35","2.64","92.4","0",,,,,,,,,"FALSE",,,,,"FALSE","FALSE",,,,,"FALSE","1","2025-02-18",,,,,,
"14814139000183-1-000213/2024","7","https://pncp.gov.br/api/pncp/v1/orgaos/14814139000183/compras/2024/213/itens/7/resultados","1","1","Informado","2025-02-18T08:59:00","2025-02-18T08:59:00","54793517000104","MAX-FER TOOLS COMERCIAL LTDA","PJ","1","ME","2062","Sociedade Empresária Limitada","BRA","30","4.29","128.7","0",,,,,,,,,"FALSE",,,,,"FALSE","FALSE",,,,,"FALSE","1","2025-02-18",,,,,,
"14814139000183-1-000213/2024","8","https://pncp.gov.br/api/pncp/v1/orgaos/14814139000183/compras/2024/213/itens/8/resultados","1","1","Informado","2025-02-18T08:59:01","2025-02-18T08:59:01","54793517000104","MAX-FER TOOLS COMERCIAL LTDA","PJ","1","ME","2062","Sociedade Empresária Limitada","BRA","10","4.13","41.3","0",,,,,,,,,"FALSE",,,,,"FALSE","FALSE",,,,,"FALSE","1","2025-02-18",,,,,,
"14814139000183-1-000213/2024","9","https://pncp.gov.br/api/pncp/v1/orgaos/14814139000183/compras/2024/213/itens/9/resultados","1","1","Informado","2025-02-18T08:59:00","2025-02-18T08:59:00","54793517000104","MAX-FER TOOLS COMERCIAL LTDA","PJ","1","ME","2062","Sociedade Empresária Limitada","BRA","10","10.56","105.6","0",,,,,,,,,"FALSE",,,,,"FALSE","FALSE",,,,,"FALSE","1","2025-02-18",,,,,,
"14814139000183-1-000213/2024","10","https://pncp.gov.br/api/pncp/v1/orgaos/14814139000183/compras/2024/213/itens/10/resultados","1","1","Informado","2025-02-18T08:59:00","2025-02-18T08:59:00","54793517000104","MAX-FER TOOLS COMERCIAL LTDA","PJ","1","ME","2062","Sociedade Empresária Limitada","BRA","15","9.24","138.6","0",,,,,,,,,"FALSE",,,,,"FALSE","FALSE",,,,,"FALSE","1","2025-02-18",,,,,,
"14814139000183-1-000031/2025","1","https://pncp.gov.br/api/pncp/v1/orgaos/14814139000183/compras/2025/31/itens/1/resultados","1","1","Informado","2025-04-23T16:51:22","2025-04-23T16:51:22","54511354000120","PROTECTOR CONTROLE DE PRAGAS URBANAS LTDA","PJ","1","ME","2062","Sociedade Empresária Limitada","BRA","1","9900","9900","0",,,,,,,,,"FALSE",,,,,"FALSE","FALSE",,,,,"FALSE",,"2025-04-23",,,,,,
"14814139000183-1-000017/2025","1","https://pncp.gov.br/api/pncp/v1/orgaos/14814139000183/compras/2025/17/itens/1/resultados","1","1","Informado","2025-05-06T13:50:50","2025-05-06T13:50:50","10218086000187","NUTRI HOSPITALAR ALIMENTACAO E SERVICOS LTDA","PJ","3","Demais","2062","Sociedade Empresária Limitada","BRA","1","9349970.76","9349970.76","0",,,,,,,,,"FALSE",,,,,"FALSE","FALSE",,,,,"FALSE",,"2025-05-06",,,,,,
"14814139000183-1-000011/2025","5","https://pncp.gov.br/api/pncp/v1/orgaos/14814139000183/compras/2025/11/itens/5/resultados","1","1","Informado","2025-02-20T08:28:16","2025-02-20T08:28:16","02816696000154","PONTAMED FARMACEUTICA LTDA","PJ","3","Demais","2062","Sociedade Empresária Limitada","BRA","600","10.44","6264","0",,,,,,,,,"FALSE",,,,,"FALSE","FALSE",,,,,"FALSE","1","2025-02-20",,,,,,
"03518900000113-1-000023/2024","1","https://pncp.gov.br/api/pncp/v1/orgaos/03518900000113/compras/2024/23/itens/1/resultados","1","1","Informado","2025-02-21T09:27:57","2025-02-21T09:27:57","28470340000103","METROSAUDE COMERCIO DE MATERIAIS MEDICOS E HOSPITALARES LTDA","PJ","1","ME","2062","Sociedade Empresária Limitada","BRA","475","21","9975","0",,,,,,,,,"FALSE",,,,,"FALSE","FALSE",,,,,"FALSE","1","2025-02-21",,,,,,
"03518900000113-1-000023/2024","2","https://pncp.gov.br/api/pncp/v1/orgaos/03518900000113/compras/2024/23/itens/2/resultados","1","1","Informado","2025-02-21T09:28:39","2025-02-21T09:28:39","28470340000103","METROSAUDE COMERCIO DE MATERIAIS MEDICOS E HOSPITALARES LTDA","PJ","1","ME","2062","Sociedade Empresária Limitada","BRA","325","29","9425","0",,,,,,,,,"FALSE",,,,,"FALSE","FALSE",,,,,"FALSE","1","2025-02-21",,,,,,
"03518900000113-1-000023/2024","3","https://pncp.gov.br/api/pncp/v1/orgaos/03518900000113/compras/2024/23/itens/3/resultados","1","1","Informado","2025-02-21T09:27:13","2025-02-21T09:27:13","28470340000103","METROSAUDE COMERCIO DE MATERIAIS MEDICOS E HOSPITALARES LTDA","PJ","1","ME","2062","Sociedade Empresária Limitada","BRA","325","35","11375","0",,,,,,,,,"FALSE",,,,,"FALSE","FALSE",,,,,"FALSE","1","2025-02-21",,,,,,
"03518900000113-1-000023/2024","4","https://pncp.gov.br/api/pncp/v1/orgaos/03518900000113/compras/2024/23/itens/4/resultados","1","1","Informado","2025-02-21T09:28:53","2025-02-21T09:28:53","46328269000100","FUFA PR COMERCIO DE PRODUTOS HOSPITALARES LTDA","PJ","1","ME","2062","Sociedade Empresária Limitada","BRA","325","16.9","5492.5","0",,,,,,,,,"FALSE",,,,,"FALSE","FALSE",,,,,"FALSE","1","2025-02-21",,,,,,
"03518900000113-1-000023/2024","5","https://pncp.gov.br/api/pncp/v1/orgaos/03518900000113/compras/2024/23/itens/5/resultados","1","1","Informado","2025-02-21T09:27:33","2025-02-21T09:27:33","46328269000100","FUFA PR COMERCIO DE PRODUTOS HOSPITALARES LTDA","PJ","1","ME","2062","Sociedade Empresária Limitada","BRA","325","38.5","12512.5","0",,,,,,,,,"FALSE",,,,,"FALSE","FALSE",,,,,"FALSE","1","2025-02-21",,,,,,
"03518900000113-1-000023/2024","6","https://pncp.gov.br/api/pncp/v1/orgaos/03518900000113/compras/2024/23/itens/6/resultados","1","1","Informado","2025-02-21T09:27:45","2025-02-21T09:27:45","46328269000100","FUFA PR COMERCIO DE PRODUTOS HOSPITALARES LTDA","PJ","1","ME","2062","Sociedade Empresária Limitada","BRA","325","16","5200","0",,,,,,,,,"FALSE",,,,,"FALSE","FALSE",,,,,"FALSE","1","2025-02-21",,,,,,
"03518900000113-1-000023/2024","7","https://pncp.gov.br/api/pncp/v1/orgaos/03518900000113/compras/2024/23/itens/7/resultados","1","1","Informado","2025-02-21T09:27:14","2025-02-21T09:27:14","46328269000100","FUFA PR COMERCIO DE PRODUTOS HOSPITALARES LTDA","PJ","1","ME","2062","Sociedade Empresária Limitada","BRA","325","32","10400","0",,,,,,,,,"FALSE",,,,,"FALSE","FALSE",,,,,"FALSE","1","2025-02-21",,,,,,
"03518900000113-1-000023/2024","8","https://pncp.gov.br/api/pncp/v1/orgaos/03518900000113/compras/2024/23/itens/8/resultados","1","1","Informado","2025-02-21T09:28:00","2025-02-21T09:28:00","28470340000103","METROSAUDE COMERCIO DE MATERIAIS MEDICOS E HOSPITALARES LTDA","PJ","1","ME","2062","Sociedade Empresária Limitada","BRA","625","19","11875","0",,,,,,,,,"FALSE",,,,,"FALSE","FALSE",,,,,"FALSE","1","2025-02-21",,,,,,
"03518900000113-1-000023/2024","9","https://pncp.gov.br/api/pncp/v1/orgaos/03518900000113/compras/2024/23/itens/9/resultados","1","1","Informado","2025-02-21T09:27:47","2025-02-21T09:27:47","28470340000103","METROSAUDE COMERCIO DE MATERIAIS MEDICOS E HOSPITALARES LTDA","PJ","1","ME","2062","Sociedade Empresária Limitada","BRA","625","29","18125","0",,,,,,,,,"FALSE",,,,,"FALSE","FALSE",,,,,"FALSE","1","2025-02-21",,,,,,
"03518900000113-1-000023/2024","10","https://pncp.gov.br/api/pncp/v1/orgaos/03518900000113/compras/2024/23/itens/10/resultados","1","1","Informado","2025-02-21T09:27:17","2025-02-21T09:27:17","28470340000103","METROSAUDE COMERCIO DE MATERIAIS MEDICOS E HOSPITALARES LTDA","PJ","1","ME","2062","Sociedade Empresária Limitada","BRA","625","35","21875","0",,,,,,,,,"FALSE",,,,,"FALSE","FALSE",,,,,"FALSE","1","2025-02-21",,,,,,
"03518900000113-1-000024/2024","1","https://pncp.gov.br/api/pncp/v1/orgaos/03518900000113/compras/2024/24/itens/1/resultados","1","1","Informado","2025-02-21T09:26:23","2025-02-21T09:26:23","28470340000103","METROSAUDE COMERCIO DE MATERIAIS MEDICOS E HOSPITALARES LTDA","PJ","1","ME","2062","Sociedade Empresária Limitada","BRA","230","19.9","4577","0",,,,,,,,,"FALSE",,,,,"FALSE","TRUE","146","Lei 14.133/2021, art. 60, §1º, I","Critério de desempate: Prioriza, em situações de empate onde nenhum outro critério resolve, as empresas localizadas no território do Estado ou Distrito Federal do órgão licitante, ou, em licitações municipais, no Estado onde o município está situado.","TRUE","FALSE","1","2025-02-21",,,,,,
"03518900000113-1-000024/2024","3","https://pncp.gov.br/api/pncp/v1/orgaos/03518900000113/compras/2024/24/itens/3/resultados","1","1","Informado","2025-02-21T09:26:45","2025-02-21T09:26:45","03968926000163","MASIF ARTIGOS MEDICOS E HOSPITALARES LTDA","PJ","1","ME","2062","Sociedade Empresária Limitada","BRA","2200","0.09","198","0",,,,,,,,,"FALSE",,,,,"FALSE","FALSE",,,,,"FALSE","1","2025-02-21",,,,,,
"03518900000113-1-000024/2024","7","https://pncp.gov.br/api/pncp/v1/orgaos/03518900000113/compras/2024/24/itens/7/resultados","1","1","Informado","2025-02-21T09:26:24","2025-02-21T09:26:24","03968926000163","MASIF ARTIGOS MEDICOS E HOSPITALARES LTDA","PJ","1","ME","2062","Sociedade Empresária Limitada","BRA","100","0.08","8","0",,,,,,,,,"FALSE",,,,,"FALSE","FALSE",,,,,"FALSE","1","2025-02-21",,,,,,
"03518900000113-1-000024/2024","8","https://pncp.gov.br/api/pncp/v1/orgaos/03518900000113/compras/2024/24/itens/8/resultados","1","1","Informado","2025-02-21T09:26:24","2025-02-21T09:26:24","57111717000128","LS DISTRIBUIDORA DE MEDICAMENTOS E MATERIAL HOSPITALAR LTDA","PJ","1","ME","2062","Sociedade Empresária Limitada","BRA","5000","0.08","400","0",,,,,,,,,"FALSE",,,,,"FALSE","FALSE",,,,,"FALSE","1","2025-02-21",,,,,,
"03518900000113-1-000024/2024","9","https://pncp.gov.br/api/pncp/v1/orgaos/03518900000113/compras/2024/24/itens/9/resultados","1","1","Informado","2025-02-21T09:26:41","2025-02-21T09:26:41","37859554000159","VICENZZOTTI & SILVA LTDA","PJ","1","ME","2062","Sociedade Empresária Limitada","BRA","1000","0.16","160","0",,,,,,,,,"FALSE",,,,,"FALSE","FALSE",,,,,"FALSE","1","2025-02-21",,,,,,
"03518900000113-1-000024/2024","10","https://pncp.gov.br/api/pncp/v1/orgaos/03518900000113/compras/2024/24/itens/10/resultados","1","1","Informado","2025-02-21T09:26:24","2025-02-21T09:26:24","37859554000159","VICENZZOTTI & SILVA LTDA","PJ","1","ME","2062","Sociedade Empresária Limitada","BRA","10000","0.16","1600","0",,,,,,,,,"FALSE",,,,,"FALSE","FALSE",,,,,"FALSE","1","2025-02-21",,,,,,
"14814139000183-1-000032/2025","1","https://pncp.gov.br/api/pncp/v1/orgaos/14814139000183/compras/2025/32/itens/1/resultados","1","1","Informado","2025-04-14T16:13:58","2025-04-14T16:13:58","00467916000156","MAJ LAB - COMERCIO E MANUTENCAO DE EQUIPAMENTOS PARA LABORATORIO LTDA","PJ","1","ME","2062","Sociedade Empresária Limitada","BRA","1","33900","33900","0",,,,,,,,,"FALSE",,,,,"FALSE","FALSE",,,,,"FALSE",,"2025-04-14",,,,,,
"14814139000183-1-000005/2025","1","https://pncp.gov.br/api/pncp/v1/orgaos/14814139000183/compras/2025/5/itens/1/resultados","1","1","Informado","2025-02-24T09:43:19","2025-02-24T09:43:19","40811541000114","FACE ATTIVITA COMMERCIALE LTDA","PJ","1","ME","2062","Sociedade Empresária Limitada","BRA","10","660","6600","0",,,,,,,,,"FALSE",,,,,"FALSE","FALSE",,,,,"FALSE","1","2025-02-24",,,,,,
"14814139000183-1-000005/2025","2","https://pncp.gov.br/api/pncp/v1/orgaos/14814139000183/compras/2025/5/itens/2/resultados","1","1","Informado","2025-02-24T09:43:19","2025-02-24T09:43:19","50605706000155","PREMIER COMERCIO DE MATERIAIS E EQUIPAMENTOS LTDA","PJ","1","ME","2062","Sociedade Empresária Limitada","BRA","10","2779","27790","0",,,,,,,,,"FALSE",,,,,"FALSE","FALSE",,,,,"FALSE","1","2025-02-24",,,,,,
"14814139000183-1-000005/2025","3","https://pncp.gov.br/api/pncp/v1/orgaos/14814139000183/compras/2025/5/itens/3/resultados","1","1","Informado","2025-02-24T09:43:19","2025-02-24T09:43:19","46344050000197","SUL AGUA EQUIPAMENTOS LTDA","PJ","1","ME","2062","Sociedade Empresária Limitada","BRA","10","573.99","5739.9","0",,,,,,,,,"FALSE",,,,,"FALSE","FALSE",,,,,"FALSE","1","2025-02-24",,,,,,
"76613835000189-1-000010/2024","1","https://pncp.gov.br/api/pncp/v1/orgaos/76613835000189/compras/2024/10/itens/1/resultados","1","1","Informado","2025-02-28T10:03:32","2025-02-28T10:03:32","48963415000197","GIEDI TECH COMERCIO ELETRONICO LTDA","PJ","5","Não Informado","0000","Natureza Jurídica não informada","BRA","18","2435.55","43839.9","0",,,,,,,,,"FALSE",,,,,"FALSE","FALSE",,,,,"FALSE","1","2025-02-27",,,,,,
"14814139000183-1-000029/2025","1","https://pncp.gov.br/api/pncp/v1/orgaos/14814139000183/compras/2025/29/itens/1/resultados","1","1","Informado","2025-02-17T14:14:21","2025-02-17T14:14:21","22565307000172","ADVAGEN BIOTECH LTDA","PJ","3","Demais","2062","Sociedade Empresária Limitada","BRA","1000","1.5","1500","0",,,,,,,,,"FALSE",,,,,"FALSE","FALSE",,,,,"FALSE","1","2025-02-17",,,,,,
"77636520000110-1-000007/2025","1","https://pncp.gov.br/api/pncp/v1/orgaos/77636520000110/compras/2025/7/itens/1/resultados","1","1","Informado","2025-05-05T15:47:57","2025-05-05T15:47:57","53127004000100","MITRIDATES SOLUCOES LTDA","PJ","3","Demais",,,"BRA","2","1249","2498","0",,,,,,,,,"FALSE",,,,,"FALSE","FALSE",,,,,"FALSE","1","2025-05-05",,,,,,
"77636520000110-1-000007/2025","2","https://pncp.gov.br/api/pncp/v1/orgaos/77636520000110/compras/2025/7/itens/2/resultados","1","1","Informado","2025-05-05T15:48:02","2025-05-05T15:48:02","53127004000100","MITRIDATES SOLUCOES LTDA","PJ","3","Demais",,,"BRA","2","460","920","0",,,,,,,,,"FALSE",,,,,"FALSE","FALSE",,,,,"FALSE","1","2025-05-05",,,,,,
"77636520000110-1-000007/2025","3","https://pncp.gov.br/api/pncp/v1/orgaos/77636520000110/compras/2025/7/itens/3/resultados","1","1","Informado","2025-05-05T15:48:08","2025-05-05T15:48:08","53127004000100","MITRIDATES SOLUCOES LTDA","PJ","3","Demais",,,"BRA","2","346","692","0",,,,,,,,,"FALSE",,,,,"FALSE","FALSE",,,,,"FALSE","1","2025-05-05",,,,,,
"77636520000110-1-000007/2025","4","https://pncp.gov.br/api/pncp/v1/orgaos/77636520000110/compras/2025/7/itens/4/resultados","1","1","Informado","2025-05-05T15:48:13","2025-05-05T15:48:13","53127004000100","MITRIDATES SOLUCOES LTDA","PJ","3","Demais",,,"BRA","2","749","1498","0",,,,,,,,,"FALSE",,,,,"FALSE","FALSE",,,,,"FALSE","1","2025-05-05",,,,,,
"77636520000110-1-000007/2025","6","https://pncp.gov.br/api/pncp/v1/orgaos/77636520000110/compras/2025/7/itens/6/resultados","1","1","Informado","2025-05-05T15:48:21","2025-05-05T15:48:21","53127004000100","MITRIDATES SOLUCOES LTDA","PJ","3","Demais",,,"BRA","3","2099","6297","0",,,,,,,,,"FALSE",,,,,"FALSE","FALSE",,,,,"FALSE","1","2025-05-05",,,,,,
"14814139000183-1-000025/2025","1","https://pncp.gov.br/api/pncp/v1/orgaos/14814139000183/compras/2025/25/itens/1/resultados","1","1","Informado","2025-02-24T08:30:32","2025-02-24T08:30:32","13938066000179","ELETRON ELEVADORES LTDA","PJ","3","Demais",,,"BRA","1","26204","26204","0",,,,,,,,,"FALSE",,,,,"FALSE","FALSE",,,,,"FALSE","1","2025-02-24",,,,,,
"14814139000183-1-000004/2025","1","https://pncp.gov.br/api/pncp/v1/orgaos/14814139000183/compras/2025/4/itens/1/resultados","1","1","Informado","2025-03-06T09:17:44","2025-03-06T09:17:44","51287327000127","HC GROUP DO BRASIL IMPORTACAO DISTRIBUICAO LTDA","PJ","1","ME","2062","Sociedade Empresária Limitada","BRA","1e+05","0.21","21000","0",,,,,,,,,"FALSE",,,,,"FALSE","FALSE",,,,,"FALSE","1","2025-03-06",,,,,,
"14814139000183-1-000004/2025","2","https://pncp.gov.br/api/pncp/v1/orgaos/14814139000183/compras/2025/4/itens/2/resultados","1","1","Informado","2025-03-06T09:17:44","2025-03-06T09:17:44","51287327000127","HC GROUP DO BRASIL IMPORTACAO DISTRIBUICAO LTDA","PJ","1","ME","2062","Sociedade Empresária Limitada","BRA","4e+06","0.21","840000","0",,,,,,,,,"FALSE",,,,,"FALSE","FALSE",,,,,"FALSE","1","2025-03-06",,,,,,
"14814139000183-1-000004/2025","3","https://pncp.gov.br/api/pncp/v1/orgaos/14814139000183/compras/2025/4/itens/3/resultados","1","1","Informado","2025-03-06T09:18:27","2025-03-06T09:18:27","51287327000127","HC GROUP DO BRASIL IMPORTACAO DISTRIBUICAO LTDA","PJ","1","ME","2062","Sociedade Empresária Limitada","BRA","2400000","0.21","504000","0",,,,,,,,,"FALSE",,,,,"FALSE","FALSE",,,,,"FALSE","1","2025-03-06",,,,,,
"14814139000183-1-000004/2025","4","https://pncp.gov.br/api/pncp/v1/orgaos/14814139000183/compras/2025/4/itens/4/resultados","1","1","Informado","2025-03-06T09:17:44","2025-03-06T09:17:44","11215901000117","CIRURGICA BIOMEDICA LTDA","PJ","1","ME","2062","Sociedade Empresária Limitada","BRA","4e+05","0.22","88000","0",,,,,,,,,"FALSE",,,,,"FALSE","FALSE",,,,,"FALSE","1","2025-03-06",,,,,,
"14814139000183-1-000004/2025","8","https://pncp.gov.br/api/pncp/v1/orgaos/14814139000183/compras/2025/4/itens/8/resultados","1","1","Informado","2025-03-06T09:17:45","2025-03-06T09:17:45","47181976000171","SUPERMED COMERCIO DE PRODUTOS MEDICOS E HOSPITALARES LTDA","PJ","1","ME","2062","Sociedade Empresária Limitada","BRA","1000","14","14000","0",,,,,,,,,"FALSE",,,,,"FALSE","FALSE",,,,,"FALSE","1","2025-03-06",,,,,,
"14814139000183-1-000004/2025","9","https://pncp.gov.br/api/pncp/v1/orgaos/14814139000183/compras/2025/4/itens/9/resultados","1","1","Informado","2025-03-06T09:17:45","2025-03-06T09:17:45","47181976000171","SUPERMED COMERCIO DE PRODUTOS MEDICOS E HOSPITALARES LTDA","PJ","1","ME","2062","Sociedade Empresária Limitada","BRA","3000","14","42000","0",,,,,,,,,"FALSE",,,,,"FALSE","FALSE",,,,,"FALSE","1","2025-03-06",,,,,,
"14814139000183-1-000004/2025","10","https://pncp.gov.br/api/pncp/v1/orgaos/14814139000183/compras/2025/4/itens/10/resultados","1","1","Informado","2025-03-06T09:17:45","2025-03-06T09:17:45","47181976000171","SUPERMED COMERCIO DE PRODUTOS MEDICOS E HOSPITALARES LTDA","PJ","1","ME","2062","Sociedade Empresária Limitada","BRA","1500","14","21000","0",,,,,,,,,"FALSE",,,,,"FALSE","FALSE",,,,,"FALSE","1","2025-03-06",,,,,,
"14814139000183-1-000008/2025","1","https://pncp.gov.br/api/pncp/v1/orgaos/14814139000183/compras/2025/8/itens/1/resultados","1","1","Informado","2025-03-06T09:18:20","2025-03-06T09:18:20","24603766000129","MANANCIAL MEDICAL LTDA","PJ","1","ME","2062","Sociedade Empresária Limitada","BRA","300","125","37500","0",,,,,,,,,"FALSE",,,,,"FALSE","FALSE",,,,,"FALSE","1","2025-03-06",,,,,,
"14814139000183-1-000008/2025","2","https://pncp.gov.br/api/pncp/v1/orgaos/14814139000183/compras/2025/8/itens/2/resultados","1","1","Informado","2025-03-06T09:18:04","2025-03-06T09:18:04","08697852000191","ENDOGERAIS EQUIPAMENTOS MEDICOS LTDA","PJ","1","ME","2062","Sociedade Empresária Limitada","BRA","150","84.96","12744","0",,,,,,,,,"FALSE",,,,,"FALSE","FALSE",,,,,"FALSE","1","2025-03-06",,,,,,
"14814139000183-1-000008/2025","3","https://pncp.gov.br/api/pncp/v1/orgaos/14814139000183/compras/2025/8/itens/3/resultados","1","1","Informado","2025-03-06T09:18:04","2025-03-06T09:18:04","08697852000191","ENDOGERAIS EQUIPAMENTOS MEDICOS LTDA","PJ","1","ME","2062","Sociedade Empresária Limitada","BRA","150","84.96","12744","0",,,,,,,,,"FALSE",,,,,"FALSE","FALSE",,,,,"FALSE","1","2025-03-06",,,,,,
"14814139000183-1-000008/2025","4","https://pncp.gov.br/api/pncp/v1/orgaos/14814139000183/compras/2025/8/itens/4/resultados","1","1","Informado","2025-03-06T09:18:04","2025-03-06T09:18:04","24603766000129","MANANCIAL MEDICAL LTDA","PJ","1","ME","2062","Sociedade Empresária Limitada","BRA","30","420","12600","0",,,,,,,,,"FALSE",,,,,"FALSE","FALSE",,,,,"FALSE","1","2025-03-06",,,,,,
"14814139000183-1-000008/2025","5","https://pncp.gov.br/api/pncp/v1/orgaos/14814139000183/compras/2025/8/itens/5/resultados","1","1","Informado","2025-03-06T09:18:20","2025-03-06T09:18:20","31282018000157","BRASIL MED IMPORTACAO E EXPORTACAO LTDA","PJ","1","ME","2062","Sociedade Empresária Limitada","BRA","24","550","13200","0",,,,,,,,,"FALSE",,,,,"FALSE","FALSE",,,,,"FALSE","1","2025-03-06",,,,,,
"14814139000183-1-000008/2025","6","https://pncp.gov.br/api/pncp/v1/orgaos/14814139000183/compras/2025/8/itens/6/resultados","1","1","Informado","2025-03-06T09:18:39","2025-03-06T09:18:39","24603766000129","MANANCIAL MEDICAL LTDA","PJ","1","ME","2062","Sociedade Empresária Limitada","BRA","5","750","3750","0",,,,,,,,,"FALSE",,,,,"FALSE","FALSE",,,,,"FALSE","1","2025-03-06",,,,,,
"14814139000183-1-000008/2025","7","https://pncp.gov.br/api/pncp/v1/orgaos/14814139000183/compras/2025/8/itens/7/resultados","1","1","Informado","2025-03-06T09:18:23","2025-03-06T09:18:23","24603766000129","MANANCIAL MEDICAL LTDA","PJ","1","ME","2062","Sociedade Empresária Limitada","BRA","5","780","3900","0",,,,,,,,,"FALSE",,,,,"FALSE","FALSE",,,,,"FALSE","1","2025-03-06",,,,,,
"14814139000183-1-000008/2025","8","https://pncp.gov.br/api/pncp/v1/orgaos/14814139000183/compras/2025/8/itens/8/resultados","1","1","Informado","2025-03-06T09:18:23","2025-03-06T09:18:23","24603766000129","MANANCIAL MEDICAL LTDA","PJ","1","ME","2062","Sociedade Empresária Limitada","BRA","50","750","37500","0",,,,,,,,,"FALSE",,,,,"FALSE","FALSE",,,,,"FALSE","1","2025-03-06",,,,,,
"14814139000183-1-000008/2025","9","https://pncp.gov.br/api/pncp/v1/orgaos/14814139000183/compras/2025/8/itens/9/resultados","1","1","Informado","2025-03-06T09:18:23","2025-03-06T09:18:23","24603766000129","MANANCIAL MEDICAL LTDA","PJ","1","ME","2062","Sociedade Empresária Limitada","BRA","5","800","4000","0",,,,,,,,,"FALSE",,,,,"FALSE","FALSE",,,,,"FALSE","1","2025-03-06",,,,,,
"14814139000183-1-000008/2025","10","https://pncp.gov.br/api/pncp/v1/orgaos/14814139000183/compras/2025/8/itens/10/resultados","1","1","Informado","2025-03-06T09:18:43","2025-03-06T09:18:43","32473099000135","DPS COMERCIO DE MATERIAIS HOSPITALARES LTDA","PJ","1","ME","2062","Sociedade Empresária Limitada","BRA","10","1190","11900","0",,,,,,,,,"FALSE",,,,,"FALSE","FALSE",,,,,"FALSE","1","2025-03-06",,,,,,
"76417005000186-1-000002/2023","1","https://pncp.gov.br/api/pncp/v1/orgaos/76417005000186/compras/2023/2/itens/1/resultados","1","1","Informado","2023-07-28T13:49:53","2023-07-28T13:49:53","23288828000192","LKA BRINDES E SERVICOS LTDA","PJ","1","ME","2062","Sociedade Empresária Limitada","BRA","15000","1.29","19350","0",,,,,,,,,"FALSE",,,,,"FALSE","FALSE",,,,,"FALSE",,"2023-07-28",,,,,,
"76417005000186-1-000002/2023","2","https://pncp.gov.br/api/pncp/v1/orgaos/76417005000186/compras/2023/2/itens/2/resultados","1","1","Informado","2023-07-28T13:49:53","2023-07-28T13:49:53","13919051000163","GRAFICA ALTA DEFINICAO LTDA","PJ","1","ME","2062","Sociedade Empresária Limitada","BRA","25000","0.31","7750","0",,,,,,,,,"FALSE",,,,,"FALSE","FALSE",,,,,"FALSE",,"2023-07-28",,,,,,
"76417005000186-1-000002/2023","3","https://pncp.gov.br/api/pncp/v1/orgaos/76417005000186/compras/2023/2/itens/3/resultados","1","1","Informado","2023-07-28T13:49:54","2023-07-28T13:49:54","13919051000163","GRAFICA ALTA DEFINICAO LTDA","PJ","1","ME","2062","Sociedade Empresária Limitada","BRA","20000","0.58","11600","0",,,,,,,,,"FALSE",,,,,"FALSE","FALSE",,,,,"FALSE",,"2023-07-28",,,,,,
"76417005000186-1-000002/2023","4","https://pncp.gov.br/api/pncp/v1/orgaos/76417005000186/compras/2023/2/itens/4/resultados","1","1","Informado","2023-07-28T13:49:54","2023-07-28T13:49:54","13919051000163","GRAFICA ALTA DEFINICAO LTDA","PJ","1","ME","2062","Sociedade Empresária Limitada","BRA","6000","0.67","4020","0",,,,,,,,,"FALSE",,,,,"FALSE","FALSE",,,,,"FALSE",,"2023-07-28",,,,,,
"76417005000186-1-000002/2023","5","https://pncp.gov.br/api/pncp/v1/orgaos/76417005000186/compras/2023/2/itens/5/resultados","1","1","Informado","2023-07-28T13:49:54","2023-07-28T13:49:54","03772965000190","PACIFIC FLOWERS INDUSTRIA E COMERCIO LTDA","PJ","1","ME","2062","Sociedade Empresária Limitada","BRA","40000","0.42","16800","0",,,,,,,,,"FALSE",,,,,"FALSE","FALSE",,,,,"FALSE",,"2023-07-28",,,,,,
"76417005000186-1-000002/2023","6","https://pncp.gov.br/api/pncp/v1/orgaos/76417005000186/compras/2023/2/itens/6/resultados","1","1","Informado","2023-07-28T13:49:55","2023-07-28T13:49:55","32316475000188","H2G COMERCIAL DE ETIQUETAS E PAPEIS LTDA","PJ","1","ME","2062","Sociedade Empresária Limitada","BRA","40000","0.017","680","0",,,,,,,,,"FALSE",,,,,"FALSE","FALSE",,,,,"FALSE",,"2023-07-28",,,,,,
"76417005000186-1-000002/2023","7","https://pncp.gov.br/api/pncp/v1/orgaos/76417005000186/compras/2023/2/itens/7/resultados","1","1","Informado","2023-07-28T13:49:55","2023-07-28T13:49:55","32316475000188","H2G COMERCIAL DE ETIQUETAS E PAPEIS LTDA","PJ","1","ME","2062","Sociedade Empresária Limitada","BRA","40000","0.017","680","0",,,,,,,,,"FALSE",,,,,"FALSE","FALSE",,,,,"FALSE",,"2023-07-28",,,,,,
"76417005000186-1-000002/2023","8","https://pncp.gov.br/api/pncp/v1/orgaos/76417005000186/compras/2023/2/itens/8/resultados","1","1","Informado","2023-07-28T13:49:55","2023-07-28T13:49:55","32316475000188","H2G COMERCIAL DE ETIQUETAS E PAPEIS LTDA","PJ","1","ME","2062","Sociedade Empresária Limitada","BRA","40000","0.017","680","0",,,,,,,,,"FALSE",,,,,"FALSE","FALSE",,,,,"FALSE",,"2023-07-28",,,,,,
"76417005000186-1-000002/2023","9","https://pncp.gov.br/api/pncp/v1/orgaos/76417005000186/compras/2023/2/itens/9/resultados","1","1","Informado","2023-07-28T13:49:56","2023-07-28T13:49:56","32316475000188","H2G COMERCIAL DE ETIQUETAS E PAPEIS LTDA","PJ","1","ME","2062","Sociedade Empresária Limitada","BRA","40000","0.0173","692","0",,,,,,,,,"FALSE",,,,,"FALSE","FALSE",,,,,"FALSE",,"2023-07-28",,,,,,
"76417005000186-1-000002/2023","10","https://pncp.gov.br/api/pncp/v1/orgaos/76417005000186/compras/2023/2/itens/10/resultados","1","1","Informado","2023-07-28T13:49:56","2023-07-28T13:49:56","32316475000188","H2G COMERCIAL DE ETIQUETAS E PAPEIS LTDA","PJ","1","ME","2062","Sociedade Empresária Limitada","BRA","20000","0.034","680","0",,,,,,,,,"FALSE",,,,,"FALSE","FALSE",,,,,"FALSE",,"2023-07-28",,,,,,
"14814139000183-1-000016/2025","1","https://pncp.gov.br/api/pncp/v1/orgaos/14814139000183/compras/2025/16/itens/1/resultados","1","1","Informado","2025-03-06T14:31:31","2025-03-06T14:31:31","34223536000198","LICITE SAUDE COMERCIO DE PRODUTOS HOSPITALARES LTDA","PJ","1","ME","2062","Sociedade Empresária Limitada","BRA","100","550","55000","0",,,,,,,,,"FALSE",,,,,"FALSE","FALSE",,,,,"FALSE","1","2025-03-06",,,,,,
"14814139000183-1-000016/2025","2","https://pncp.gov.br/api/pncp/v1/orgaos/14814139000183/compras/2025/16/itens/2/resultados","1","1","Informado","2025-03-06T14:31:31","2025-03-06T14:31:31","23866426000128","HOSPBOX DISTRIBUIDORA DE PRODUTOS HOSPITALARES LTDA","PJ","1","ME","2062","Sociedade Empresária Limitada","BRA","750000","0.017","12750","0",,,,,,,,,"FALSE",,,,,"FALSE","FALSE",,,,,"FALSE","1","2025-03-06",,,,,,
"03518900000113-1-000005/2023","1","https://pncp.gov.br/api/pncp/v1/orgaos/03518900000113/compras/2023/5/itens/1/resultados","1","1","Informado","2023-08-09T14:57:41","2023-08-09T14:57:41","04099948000105","ABL SYSTEM CONSULTORIA E INFORMATICA LTDA","PJ","3","Demais","2062","Sociedade Empresária Limitada","BRA","1","64722","64722","0",,,,,,,,,"FALSE",,,,,"FALSE","FALSE",,,,,"FALSE",,"2023-08-09",,,,,,
"76417005000186-1-000004/2023","1","https://pncp.gov.br/api/pncp/v1/orgaos/76417005000186/compras/2023/4/itens/1/resultados","1","1","Informado","2023-08-10T08:33:18","2023-08-10T08:33:18","03812429000171","POLYSUTURE INDUSTRIA E COMERCIO LTDA","PJ","3","Demais","2062","Sociedade Empresária Limitada","BRA","24","2.9","69.6","0",,,,,,,,,"FALSE",,,,,"FALSE","FALSE",,,,,"FALSE",,"2023-08-10",,,,,,
"76417005000186-1-000004/2023","2","https://pncp.gov.br/api/pncp/v1/orgaos/76417005000186/compras/2023/4/itens/2/resultados","1","1","Informado","2023-08-10T08:33:18","2023-08-10T08:33:18","00656468000139","SOMA/PR COMERCIO DE PRODUTOS HOSPITALARES LTDA","PJ","3","Demais","2062","Sociedade Empresária Limitada","BRA","120","7.13","855.6","0",,,,,,,,,"FALSE",,,,,"FALSE","FALSE",,,,,"FALSE",,"2023-08-10",,,,,,
"76417005000186-1-000004/2023","3","https://pncp.gov.br/api/pncp/v1/orgaos/76417005000186/compras/2023/4/itens/3/resultados","1","1","Informado","2023-08-10T08:33:18","2023-08-10T08:33:18","00656468000139","SOMA/PR COMERCIO DE PRODUTOS HOSPITALARES LTDA","PJ","3","Demais","2062","Sociedade Empresária Limitada","BRA","600","1.85","1110","0",,,,,,,,,"FALSE",,,,,"FALSE","FALSE",,,,,"FALSE",,"2023-08-10",,,,,,
"76417005000186-1-000004/2023","4","https://pncp.gov.br/api/pncp/v1/orgaos/76417005000186/compras/2023/4/itens/4/resultados","1","1","Informado","2023-08-10T08:33:18","2023-08-10T08:33:18","07118503000105","ATHOS COMERCIAL HOSPITALAR LTDA","PJ","1","ME","2062","Sociedade Empresária Limitada","BRA","120","1.99","238.8","0",,,,,,,,,"FALSE",,,,,"FALSE","FALSE",,,,,"FALSE",,"2023-08-10",,,,,,
"76417005000186-1-000004/2023","5","https://pncp.gov.br/api/pncp/v1/orgaos/76417005000186/compras/2023/4/itens/5/resultados","1","1","Informado","2023-08-10T08:33:18","2023-08-10T08:33:18","28199997000170","MOGI MEDICAL EQUIPAMENTOS LTDA","PJ","1","ME","2062","Sociedade Empresária Limitada","BRA","480","2.25","1080","0",,,,,,,,,"FALSE",,,,,"FALSE","FALSE",,,,,"FALSE",,"2023-08-10",,,,,,
"76417005000186-1-000004/2023","6","https://pncp.gov.br/api/pncp/v1/orgaos/76417005000186/compras/2023/4/itens/6/resultados","1","1","Informado","2023-08-10T08:33:18","2023-08-10T08:33:18","07118503000105","ATHOS COMERCIAL HOSPITALAR LTDA","PJ","1","ME","2062","Sociedade Empresária Limitada","BRA","240","5.1","1224","0",,,,,,,,,"FALSE",,,,,"FALSE","FALSE",,,,,"FALSE",,"2023-08-10",,,,,,
"76417005000186-1-000004/2023","7","https://pncp.gov.br/api/pncp/v1/orgaos/76417005000186/compras/2023/4/itens/7/resultados","1","1","Informado","2023-08-10T08:33:18","2023-08-10T08:33:18","03812429000171","POLYSUTURE INDUSTRIA E COMERCIO LTDA","PJ","3","Demais","2062","Sociedade Empresária Limitada","BRA","120","4","480","0",,,,,,,,,"FALSE",,,,,"FALSE","FALSE",,,,,"FALSE",,"2023-08-10",,,,,,
"76417005000186-1-000004/2023","8","https://pncp.gov.br/api/pncp/v1/orgaos/76417005000186/compras/2023/4/itens/8/resultados","1","1","Informado","2023-08-10T08:33:19","2023-08-10T08:33:19","03812429000171","POLYSUTURE INDUSTRIA E COMERCIO LTDA","PJ","3","Demais","2062","Sociedade Empresária Limitada","BRA","720","3.6","2592","0",,,,,,,,,"FALSE",,,,,"FALSE","FALSE",,,,,"FALSE",,"2023-08-10",,,,,,
"76417005000186-1-000004/2023","9","https://pncp.gov.br/api/pncp/v1/orgaos/76417005000186/compras/2023/4/itens/9/resultados","1","1","Informado","2023-08-10T08:33:19","2023-08-10T08:33:19","18255796000199","M MAGALHAES PRODUTOS HOSPITALAR LTDA","PJ","1","ME","2062","Sociedade Empresária Limitada","BRA","240","4.05","972","0",,,,,,,,,"FALSE",,,,,"FALSE","FALSE",,,,,"FALSE",,"2023-08-10",,,,,,
"76417005000186-1-000004/2023","10","https://pncp.gov.br/api/pncp/v1/orgaos/76417005000186/compras/2023/4/itens/10/resultados","1","1","Informado","2023-08-10T08:33:19","2023-08-10T08:33:19","18255796000199","M MAGALHAES PRODUTOS HOSPITALAR LTDA","PJ","1","ME","2062","Sociedade Empresária Limitada","BRA","240","4.05","972","0",,,,,,,,,"FALSE",,,,,"FALSE","FALSE",,,,,"FALSE",,"2023-08-10",,,,,,
"03518900000113-1-000003/2023","1","https://pncp.gov.br/api/pncp/v1/orgaos/03518900000113/compras/2023/3/itens/1/resultados","1","1","Informado","2023-08-10T10:25:49","2023-08-10T10:25:49","13806931000123","ANTONIO LEONARDO FERREIRA SANTOS","PJ","1","ME","2135","Empresário (Individual)","BRA","300","7.5","2250","0",,,,,,,,,"FALSE",,,,,"FALSE","FALSE",,,,,"FALSE","1","2023-08-10",,,,,,
"03518900000113-1-000003/2023","2","https://pncp.gov.br/api/pncp/v1/orgaos/03518900000113/compras/2023/3/itens/2/resultados","1","1","Informado","2023-08-10T10:25:49","2023-08-10T10:25:49","38113131000158","CUNHA COMERCIO DE PRODUTOS HOSPITALARES LTDA","PJ","1","ME","2062","Sociedade Empresária Limitada","BRA","300","16.4","4920","0",,,,,,,,,"FALSE",,,,,"FALSE","FALSE",,,,,"FALSE","1","2023-08-10",,,,,,
"03518900000113-1-000003/2023","3","https://pncp.gov.br/api/pncp/v1/orgaos/03518900000113/compras/2023/3/itens/3/resultados","1","1","Informado","2023-08-10T10:25:49","2023-08-10T10:25:49","13806931000123","ANTONIO LEONARDO FERREIRA SANTOS","PJ","1","ME","2135","Empresário (Individual)","BRA","300","21.8","6540","0",,,,,,,,,"FALSE",,,,,"FALSE","FALSE",,,,,"FALSE","1","2023-08-10",,,,,,
"03518900000113-1-000003/2023","4","https://pncp.gov.br/api/pncp/v1/orgaos/03518900000113/compras/2023/3/itens/4/resultados","1","1","Informado","2023-08-10T10:25:49","2023-08-10T10:25:49","13806931000123","ANTONIO LEONARDO FERREIRA SANTOS","PJ","1","ME","2135","Empresário (Individual)","BRA","300","3.3","990","0",,,,,,,,,"FALSE",,,,,"FALSE","FALSE",,,,,"FALSE","1","2023-08-10",,,,,,
"03518900000113-1-000003/2023","5","https://pncp.gov.br/api/pncp/v1/orgaos/03518900000113/compras/2023/3/itens/5/resultados","1","1","Informado","2023-08-10T10:25:49","2023-08-10T10:25:49","12811487000171","MULTISUL COMERCIO E DISTRIBUICAO LTDA","PJ","1","ME","2062","Sociedade Empresária Limitada","BRA","300","10.4","3120","0",,,,,,,,,"FALSE",,,,,"FALSE","FALSE",,,,,"FALSE","1","2023-08-10",,,,,,
"03518900000113-1-000001/2023","1","https://pncp.gov.br/api/pncp/v1/orgaos/03518900000113/compras/2023/1/itens/1/resultados","1","1","Informado","2023-08-17T11:06:14","2023-08-17T11:06:14","10981905000143","SAUDE SUPLEMENTAR SOLUCOES EM GESTAO DE CONSULTORIA E TREINAMENTO LTDA","PJ","3","Demais","2062","Sociedade Empresária Limitada","BRA","1","1489992.24","1489992.24","0",,,,,,,,,"FALSE",,,,,"FALSE","FALSE",,,,,"FALSE",,"2023-08-17",,,,,,
"76417005000186-1-000035/2023","5","https://pncp.gov.br/api/pncp/v1/orgaos/76417005000186/compras/2023/35/itens/5/resultados","1","1","Informado","2023-08-21T08:32:17","2023-08-21T08:32:17","31287695000168","SUPREMA FARMA FARMACIA DE MANIPULACAO LTDA","PJ","1","ME","2062","Sociedade Empresária Limitada","BRA","200","18.66","3732","0",,,,,,,,,"FALSE",,,,,"FALSE","FALSE",,,,,"FALSE",,"2023-08-21",,,,,,
"76417005000186-1-000035/2023","6","https://pncp.gov.br/api/pncp/v1/orgaos/76417005000186/compras/2023/35/itens/6/resultados","1","1","Informado","2023-08-21T08:32:17","2023-08-21T08:32:17","04522343000177","FARMACIA DE MANIPULACAO IDEAL FORMULAS LTDA","PJ","1","ME","2062","Sociedade Empresária Limitada","BRA","500","13.89","6945","0",,,,,,,,,"FALSE",,,,,"FALSE","FALSE",,,,,"FALSE",,"2023-08-21",,,,,,
"03518900000113-1-000008/2023","1","https://pncp.gov.br/api/pncp/v1/orgaos/03518900000113/compras/2023/8/itens/1/resultados","1","1","Informado","2023-08-22T12:22:04","2023-08-22T12:22:04","14280759000180","ECCOS AMBIENTAL RESIDUOS DE SAUDE LTDA","PJ","1","ME","2062","Sociedade Empresária Limitada","BRA","1","29337.6","29337.6","0",,,,,,,,,"FALSE",,,,,"FALSE","FALSE",,,,,"FALSE",,"2023-08-22",,,,,,
"14814139000183-1-000041/2025","1","https://pncp.gov.br/api/pncp/v1/orgaos/14814139000183/compras/2025/41/itens/1/resultados","1","1","Informado","2025-05-14T08:59:11","2025-05-14T08:59:11","36268317000150","JCM EMPREENDIMENTOS LTDA","PJ","1","ME","2062","Sociedade Empresária Limitada","BRA","60","810","48600","0",,,,,,,,,"FALSE",,,,,"FALSE","FALSE",,,,,"FALSE","1","2025-05-14",,,,,,
"14814139000183-1-000041/2025","2","https://pncp.gov.br/api/pncp/v1/orgaos/14814139000183/compras/2025/41/itens/2/resultados","1","1","Informado","2025-05-14T08:59:11","2025-05-14T08:59:11","36268317000150","JCM EMPREENDIMENTOS LTDA","PJ","1","ME","2062","Sociedade Empresária Limitada","BRA","60","39","2340","0",,,,,,,,,"FALSE",,,,,"FALSE","FALSE",,,,,"FALSE","1","2025-05-14",,,,,,
"76417005000186-1-000031/2023","1","https://pncp.gov.br/api/pncp/v1/orgaos/76417005000186/compras/2023/31/itens/1/resultados","1","1","Informado","2023-08-25T08:16:19","2023-08-25T08:16:19","33618396000194","FABRICIO RACHADEL COSTA","PJ","1","ME","2135","Empresário (Individual)","BRA","50","90","4500","0",,,,,,,,,"FALSE",,,,,"FALSE","FALSE",,,,,"FALSE",,"2023-08-25",,,,,,
"76417005000186-1-000031/2023","3","https://pncp.gov.br/api/pncp/v1/orgaos/76417005000186/compras/2023/31/itens/3/resultados","1","1","Informado","2023-08-25T08:16:19","2023-08-25T08:16:19","49649839000144","49.649.839 MARIANE WINKERT VEIGA","PJ","1","ME","2135","Empresário (Individual)","BRA","6","250","1500","0",,,,,,,,,"FALSE",,,,,"FALSE","FALSE",,,,,"FALSE",,"2023-08-25",,,,,,
"76417005000186-1-000031/2023","6","https://pncp.gov.br/api/pncp/v1/orgaos/76417005000186/compras/2023/31/itens/6/resultados","1","1","Informado","2023-08-25T08:16:20","2023-08-25T08:16:20","12793110000137","SIGPLAST EMBALAGENS LTDA","PJ","1","ME","2062","Sociedade Empresária Limitada","BRA","100","8.65","865","0",,,,,,,,,"FALSE",,,,,"FALSE","FALSE",,,,,"FALSE",,"2023-08-25",,,,,,
"76417005000186-1-000031/2023","7","https://pncp.gov.br/api/pncp/v1/orgaos/76417005000186/compras/2023/31/itens/7/resultados","1","1","Informado","2023-08-25T08:16:21","2023-08-25T08:16:21","43219256000105","LIFE CLEAN COMERCIO DE EQUIPAMENTOS LTDA","PJ","1","ME","2062","Sociedade Empresária Limitada","BRA","50","149.9","7495","0",,,,,,,,,"FALSE",,,,,"FALSE","FALSE",,,,,"FALSE",,"2023-08-25",,,,,,
"76417005000186-1-000031/2023","8","https://pncp.gov.br/api/pncp/v1/orgaos/76417005000186/compras/2023/31/itens/8/resultados","1","1","Informado","2023-08-25T08:16:20","2023-08-25T08:16:20","41197748000103","JLS COMERCIAL LTDA","PJ","1","ME","2062","Sociedade Empresária Limitada","BRA","36","14.98","539.28","0",,,,,,,,,"FALSE",,,,,"FALSE","FALSE",,,,,"FALSE",,"2023-08-25",,,,,,
"76417005000186-1-000031/2023","9","https://pncp.gov.br/api/pncp/v1/orgaos/76417005000186/compras/2023/31/itens/9/resultados","1","1","Informado","2023-08-25T08:16:21","2023-08-25T08:16:21","41197748000103","JLS COMERCIAL LTDA","PJ","1","ME","2062","Sociedade Empresária Limitada","BRA","36","13.46","484.56","0",,,,,,,,,"FALSE",,,,,"FALSE","FALSE",,,,,"FALSE",,"2023-08-25",,,,,,
"03518900000113-1-000004/2023","1","https://pncp.gov.br/api/pncp/v1/orgaos/03518900000113/compras/2023/4/itens/1/resultados","1","1","Informado","2023-08-29T13:19:12","2023-08-29T13:19:12","14868712000131","AKAD SEGUROS S.A.","PJ","3","Demais","2054","Sociedade Anônima Fechada","BRA","1","229000","229000","0",,,,,,,,,"FALSE",,,,,"FALSE","FALSE",,,,,"FALSE",,"2023-08-29",,,,,,
"76417005000186-1-000030/2023","2","https://pncp.gov.br/api/pncp/v1/orgaos/76417005000186/compras/2023/30/itens/2/resultados","1","1","Informado","2023-08-30T10:00:14","2023-08-30T10:00:14","13338681000144","COMERCIAL SPONCHIADO LTDA","PJ","1","ME","2062","Sociedade Empresária Limitada","BRA","500","1.5","750","0",,,,,,,,,"FALSE",,,,,"FALSE","FALSE",,,,,"FALSE",,"2023-08-30",,,,,,
"76417005000186-1-000030/2023","3","https://pncp.gov.br/api/pncp/v1/orgaos/76417005000186/compras/2023/30/itens/3/resultados","1","1","Informado","2023-08-30T10:00:14","2023-08-30T10:00:14","13338681000144","COMERCIAL SPONCHIADO LTDA","PJ","1","ME","2062","Sociedade Empresária Limitada","BRA","500","1.25","625","0",,,,,,,,,"FALSE",,,,,"FALSE","FALSE",,,,,"FALSE",,"2023-08-30",,,,,,
"76417005000186-1-000030/2023","4","https://pncp.gov.br/api/pncp/v1/orgaos/76417005000186/compras/2023/30/itens/4/resultados","1","1","Informado","2023-08-30T10:00:14","2023-08-30T10:00:14","13338681000144","COMERCIAL SPONCHIADO LTDA","PJ","1","ME","2062","Sociedade Empresária Limitada","BRA","500","1.4","700","0",,,,,,,,,"FALSE",,,,,"FALSE","FALSE",,,,,"FALSE",,"2023-08-30",,,,,,
"76417005000186-1-000030/2023","5","https://pncp.gov.br/api/pncp/v1/orgaos/76417005000186/compras/2023/30/itens/5/resultados","1","1","Informado","2023-08-30T10:00:14","2023-08-30T10:00:14","13338681000144","COMERCIAL SPONCHIADO LTDA","PJ","1","ME","2062","Sociedade Empresária Limitada","BRA","500","2.25","1125","0",,,,,,,,,"FALSE",,,,,"FALSE","FALSE",,,,,"FALSE",,"2023-08-30",,,,,,
"76417005000186-1-000030/2023","6","https://pncp.gov.br/api/pncp/v1/orgaos/76417005000186/compras/2023/30/itens/6/resultados","1","1","Informado","2023-08-30T10:00:14","2023-08-30T10:00:14","42698864000179","AUGE LUZ MATERIAIS ELETRICOS LTDA","PJ","1","ME","2062","Sociedade Empresária Limitada","BRA","700","5.54","3878","0",,,,,,,,,"FALSE",,,,,"FALSE","FALSE",,,,,"FALSE",,"2023-08-30",,,,,,
"76417005000186-1-000030/2023","8","https://pncp.gov.br/api/pncp/v1/orgaos/76417005000186/compras/2023/30/itens/8/resultados","1","1","Informado","2023-08-30T10:00:15","2023-08-30T10:00:15","45705767000154","ASTROLAR TECHNOLOGIE LTDA","PJ","1","ME","2062","Sociedade Empresária Limitada","BRA","400","8.29","3316","0",,,,,,,,,"FALSE",,,,,"FALSE","FALSE",,,,,"FALSE",,"2023-08-30",,,,,,
"76417005000186-1-000030/2023","9","https://pncp.gov.br/api/pncp/v1/orgaos/76417005000186/compras/2023/30/itens/9/resultados","1","1","Informado","2023-08-30T10:00:15","2023-08-30T10:00:15","13338681000144","COMERCIAL SPONCHIADO LTDA","PJ","1","ME","2062","Sociedade Empresária Limitada","BRA","10","90","900","0",,,,,,,,,"FALSE",,,,,"FALSE","FALSE",,,,,"FALSE",,"2023-08-30",,,,,,
"76417005000186-1-000005/2023","1","https://pncp.gov.br/api/pncp/v1/orgaos/76417005000186/compras/2023/5/itens/1/resultados","1","1","Informado","2023-09-06T10:28:32","2023-09-06T10:28:32","49324221000104","FRESENIUS KABI BRASIL LTDA.","PJ","3","Demais","2062","Sociedade Empresária Limitada","BRA","1125","53.75","60468.75","0",,,,,,,,,"FALSE",,,,,"FALSE","FALSE",,,,,"FALSE",,"2023-09-06",,,,,,
"76417005000186-1-000005/2023","2","https://pncp.gov.br/api/pncp/v1/orgaos/76417005000186/compras/2023/5/itens/2/resultados","1","1","Informado","2023-09-06T10:28:32","2023-09-06T10:28:32","26554718000113","LFP COMERCIO DE PRODUTOS PARA SAUDE LTDA","PJ","1","ME","2062","Sociedade Empresária Limitada","BRA","375","73.97","27738.75","0",,,,,,,,,"FALSE",,,,,"FALSE","FALSE",,,,,"FALSE",,"2023-09-06",,,,,,
"76417005000186-1-000005/2023","3","https://pncp.gov.br/api/pncp/v1/orgaos/76417005000186/compras/2023/5/itens/3/resultados","1","1","Informado","2023-09-06T10:28:32","2023-09-06T10:28:32","49324221000104","FRESENIUS KABI BRASIL LTDA.","PJ","3","Demais","2062","Sociedade Empresária Limitada","BRA","3000","30.25","90750","0",,,,,,,,,"FALSE",,,,,"FALSE","FALSE",,,,,"FALSE",,"2023-09-06",,,,,,
"76417005000186-1-000005/2023","5","https://pncp.gov.br/api/pncp/v1/orgaos/76417005000186/compras/2023/5/itens/5/resultados","1","1","Informado","2023-09-06T10:28:32","2023-09-06T10:28:32","49324221000104","FRESENIUS KABI BRASIL LTDA.","PJ","3","Demais","2062","Sociedade Empresária Limitada","BRA","6000","39.5","237000","0",,,,,,,,,"FALSE",,,,,"FALSE","FALSE",,,,,"FALSE",,"2023-09-06",,,,,,
"76417005000186-1-000005/2023","7","https://pncp.gov.br/api/pncp/v1/orgaos/76417005000186/compras/2023/5/itens/7/resultados","1","1","Informado","2023-09-06T10:28:32","2023-09-06T10:28:32","49324221000104","FRESENIUS KABI BRASIL LTDA.","PJ","3","Demais","2062","Sociedade Empresária Limitada","BRA","2250","29","65250","0",,,,,,,,,"FALSE",,,,,"FALSE","FALSE",,,,,"FALSE",,"2023-09-06",,,,,,
"76417005000186-1-000005/2023","8","https://pncp.gov.br/api/pncp/v1/orgaos/76417005000186/compras/2023/5/itens/8/resultados","1","1","Informado","2023-09-06T10:28:32","2023-09-06T10:28:32","26554718000113","LFP COMERCIO DE PRODUTOS PARA SAUDE LTDA","PJ","1","ME","2062","Sociedade Empresária Limitada","BRA","750","43.5","32625","0",,,,,,,,,"FALSE",,,,,"FALSE","FALSE",,,,,"FALSE",,"2023-09-06",,,,,,
"76417005000186-1-000005/2023","9","https://pncp.gov.br/api/pncp/v1/orgaos/76417005000186/compras/2023/5/itens/9/resultados","1","1","Informado","2023-09-06T10:28:32","2023-09-06T10:28:32","28921456000103","ALM COMERCIO DE PRODUTOS PARA SAUDE LTDA","PJ","3","Demais","2062","Sociedade Empresária Limitada","BRA","4000","27.9","111600","0",,,,,,,,,"FALSE",,,,,"FALSE","FALSE",,,,,"FALSE",,"2023-09-06",,,,,,
"76417005000186-1-000005/2023","10","https://pncp.gov.br/api/pncp/v1/orgaos/76417005000186/compras/2023/5/itens/10/resultados","1","1","Informado","2023-09-06T10:28:32","2023-09-06T10:28:32","28921456000103","ALM COMERCIO DE PRODUTOS PARA SAUDE LTDA","PJ","3","Demais","2062","Sociedade Empresária Limitada","BRA","8000","36.4","291200","0",,,,,,,,,"FALSE",,,,,"FALSE","FALSE",,,,,"FALSE",,"2023-09-06",,,,,,
"76417005000186-1-000029/2023","1","https://pncp.gov.br/api/pncp/v1/orgaos/76417005000186/compras/2023/29/itens/1/resultados","1","1","Informado","2023-09-12T15:30:06","2023-09-12T15:30:06","31722206000159","IVANETE APARECIDA MIRANDA","PJ","1","ME","2135","Empresário (Individual)","BRA","200","18.95","3790","0",,,,,,,,,"FALSE",,,,,"FALSE","FALSE",,,,,"FALSE",,"2023-09-12",,,,,,
"76417005000186-1-000029/2023","2","https://pncp.gov.br/api/pncp/v1/orgaos/76417005000186/compras/2023/29/itens/2/resultados","1","1","Informado","2023-09-12T15:30:06","2023-09-12T15:30:06","22009248000156","22.009.248 SIDNEI JOSE MOSELE","PJ","1","ME","2135","Empresário (Individual)","BRA","500","0.79","395","0",,,,,,,,,"FALSE",,,,,"FALSE","FALSE",,,,,"FALSE",,"2023-09-12",,,,,,
"76417005000186-1-000029/2023","3","https://pncp.gov.br/api/pncp/v1/orgaos/76417005000186/compras/2023/29/itens/3/resultados","1","1","Informado","2023-09-12T15:30:06","2023-09-12T15:30:06","22009248000156","22.009.248 SIDNEI JOSE MOSELE","PJ","1","ME","2135","Empresário (Individual)","BRA","2500","2.79","6975","0",,,,,,,,,"FALSE",,,,,"FALSE","FALSE",,,,,"FALSE",,"2023-09-12",,,,,,
"76417005000186-1-000029/2023","4","https://pncp.gov.br/api/pncp/v1/orgaos/76417005000186/compras/2023/29/itens/4/resultados","1","1","Informado","2023-09-12T15:30:06","2023-09-12T15:30:06","32111081000193","ANDRE MATIAS COMERCIO DE ARTIGOS DE PAPELARIA","PJ","1","ME","2135","Empresário (Individual)","BRA","500","1.49","745","0",,,,,,,,,"FALSE",,,,,"FALSE","FALSE",,,,,"FALSE",,"2023-09-12",,,,,,
"76417005000186-1-000029/2023","5","https://pncp.gov.br/api/pncp/v1/orgaos/76417005000186/compras/2023/29/itens/5/resultados","1","1","Informado","2023-09-12T15:30:06","2023-09-12T15:30:06","23099414000115","REIS DISTRIBUIDORA E SERVICOS LTDA","PJ","1","ME","2062","Sociedade Empresária Limitada","BRA","2000","1.56","3120","0",,,,,,,,,"FALSE",,,,,"FALSE","FALSE",,,,,"FALSE",,"2023-09-12",,,,,,
"76417005000186-1-000029/2023","6","https://pncp.gov.br/api/pncp/v1/orgaos/76417005000186/compras/2023/29/itens/6/resultados","1","1","Informado","2023-09-12T15:30:06","2023-09-12T15:30:06","09015414000169","EBA OFFICE COMERCIO DE MAQUINAS PARA ESCRITORIO LTDA","PJ","1","ME","2062","Sociedade Empresária Limitada","BRA","4","1490","5960","0",,,,,,,,,"FALSE",,,,,"FALSE","FALSE",,,,,"FALSE",,"2023-09-12",,,,,,
"76417005000186-1-000029/2023","7","https://pncp.gov.br/api/pncp/v1/orgaos/76417005000186/compras/2023/29/itens/7/resultados","1","1","Informado","2023-09-12T15:30:06","2023-09-12T15:30:06","26716048000194","MAXIMA ATACADISTA LTDA","PJ","1","ME","2062","Sociedade Empresária Limitada","BRA","500","3.95","1975","0",,,,,,,,,"FALSE",,,,,"FALSE","FALSE",,,,,"FALSE",,"2023-09-12",,,,,,
"76417005000186-1-000029/2023","8","https://pncp.gov.br/api/pncp/v1/orgaos/76417005000186/compras/2023/29/itens/8/resultados","1","1","Informado","2023-09-12T15:30:06","2023-09-12T15:30:06","32111081000193","ANDRE MATIAS COMERCIO DE ARTIGOS DE PAPELARIA","PJ","1","ME","2135","Empresário (Individual)","BRA","20","39.99","799.8","0",,,,,,,,,"FALSE",,,,,"FALSE","FALSE",,,,,"FALSE",,"2023-09-12",,,,,,
"76417005000186-1-000029/2023","9","https://pncp.gov.br/api/pncp/v1/orgaos/76417005000186/compras/2023/29/itens/9/resultados","1","1","Informado","2023-09-12T15:30:06","2023-09-12T15:30:06","81431777000102","MARCOS AURELIO COLLACO","PJ","1","ME","2135","Empresário (Individual)","BRA","200","7.45","1490","0",,,,,,,,,"FALSE",,,,,"FALSE","FALSE",,,,,"FALSE",,"2023-09-12",,,,,,
"76417005000186-1-000029/2023","10","https://pncp.gov.br/api/pncp/v1/orgaos/76417005000186/compras/2023/29/itens/10/resultados","1","1","Informado","2023-09-12T15:30:06","2023-09-12T15:30:06","32111081000193","ANDRE MATIAS COMERCIO DE ARTIGOS DE PAPELARIA","PJ","1","ME","2135","Empresário (Individual)","BRA","500","3.39","1695","0",,,,,,,,,"FALSE",,,,,"FALSE","FALSE",,,,,"FALSE",,"2023-09-12",,,,,,
"76417005000186-1-000036/2023","1","https://pncp.gov.br/api/pncp/v1/orgaos/76417005000186/compras/2023/36/itens/1/resultados","1","1","Informado","2023-09-13T08:32:18","2023-09-13T08:32:18","10670020000123","M.I. COMERCIO DE MATERIAIS LTDA.","PJ","1","ME","2062","Sociedade Empresária Limitada","BRA","100","14.9","1490","0",,,,,,,,,"FALSE",,,,,"FALSE","FALSE",,,,,"FALSE",,"2023-09-13",,,,,,
"76417005000186-1-000036/2023","2","https://pncp.gov.br/api/pncp/v1/orgaos/76417005000186/compras/2023/36/itens/2/resultados","1","1","Informado","2023-09-13T08:32:18","2023-09-13T08:32:18","10670020000123","M.I. COMERCIO DE MATERIAIS LTDA.","PJ","1","ME","2062","Sociedade Empresária Limitada","BRA","100","18.9","1890","0",,,,,,,,,"FALSE",,,,,"FALSE","FALSE",,,,,"FALSE",,"2023-09-13",,,,,,
"76417005000186-1-000036/2023","3","https://pncp.gov.br/api/pncp/v1/orgaos/76417005000186/compras/2023/36/itens/3/resultados","1","1","Informado","2023-09-13T08:32:18","2023-09-13T08:32:18","32111081000193","ANDRE MATIAS COMERCIO DE ARTIGOS DE PAPELARIA","PJ","1","ME","2135","Empresário (Individual)","BRA","120","6.8","816","0",,,,,,,,,"FALSE",,,,,"FALSE","FALSE",,,,,"FALSE",,"2023-09-13",,,,,,
"76417005000186-1-000036/2023","4","https://pncp.gov.br/api/pncp/v1/orgaos/76417005000186/compras/2023/36/itens/4/resultados","1","1","Informado","2023-09-13T08:32:18","2023-09-13T08:32:18","48500314000180","KINGDOM LICITACAO LTDA","PJ","1","ME","2062","Sociedade Empresária Limitada","BRA","500","0.35","175","0",,,,,,,,,"FALSE",,,,,"FALSE","FALSE",,,,,"FALSE",,"2023-09-13",,,,,,
"76417005000186-1-000036/2023","5","https://pncp.gov.br/api/pncp/v1/orgaos/76417005000186/compras/2023/36/itens/5/resultados","1","1","Informado","2023-09-13T08:32:18","2023-09-13T08:32:18","42542512000120","T2R COMERCIO DE ARTIGOS ESPORTIVOS E SERVICOS LTDA","PJ","1","ME","2062","Sociedade Empresária Limitada","BRA","100","17.8","1780","0",,,,,,,,,"FALSE",,,,,"FALSE","FALSE",,,,,"FALSE",,"2023-09-13",,,,,,
"76417005000186-1-000036/2023","6","https://pncp.gov.br/api/pncp/v1/orgaos/76417005000186/compras/2023/36/itens/6/resultados","1","1","Informado","2023-09-13T08:32:18","2023-09-13T08:32:18","48500314000180","KINGDOM LICITACAO LTDA","PJ","1","ME","2062","Sociedade Empresária Limitada","BRA","50","54","2700","0",,,,,,,,,"FALSE",,,,,"FALSE","FALSE",,,,,"FALSE",,"2023-09-13",,,,,,
"76417005000186-1-000036/2023","7","https://pncp.gov.br/api/pncp/v1/orgaos/76417005000186/compras/2023/36/itens/7/resultados","1","1","Informado","2023-09-13T08:32:18","2023-09-13T08:32:18","48500314000180","KINGDOM LICITACAO LTDA","PJ","1","ME","2062","Sociedade Empresária Limitada","BRA","50","53","2650","0",,,,,,,,,"FALSE",,,,,"FALSE","FALSE",,,,,"FALSE",,"2023-09-13",,,,,,
"76417005000186-1-000036/2023","8","https://pncp.gov.br/api/pncp/v1/orgaos/76417005000186/compras/2023/36/itens/8/resultados","1","1","Informado","2023-09-13T08:32:18","2023-09-13T08:32:18","40702941000191","P. C. DE ANDRADE LTDA","PJ","1","ME","2062","Sociedade Empresária Limitada","BRA","100","6.32","632","0",,,,,,,,,"FALSE",,,,,"FALSE","FALSE",,,,,"FALSE",,"2023-09-13",,,,,,
"76417005000186-1-000036/2023","9","https://pncp.gov.br/api/pncp/v1/orgaos/76417005000186/compras/2023/36/itens/9/resultados","1","1","Informado","2023-09-13T08:32:18","2023-09-13T08:32:18","10670020000123","M.I. COMERCIO DE MATERIAIS LTDA.","PJ","1","ME","2062","Sociedade Empresária Limitada","BRA","50","52","2600","0",,,,,,,,,"FALSE",,,,,"FALSE","FALSE",,,,,"FALSE",,"2023-09-13",,,,,,
"76417005000186-1-000036/2023","10","https://pncp.gov.br/api/pncp/v1/orgaos/76417005000186/compras/2023/36/itens/10/resultados","1","1","Informado","2023-09-13T08:32:18","2023-09-13T08:32:18","20798806000184","HERNANDES & CIA LTDA","PJ","1","ME","2062","Sociedade Empresária Limitada","BRA","400","3.84","1536","0",,,,,,,,,"FALSE",,,,,"FALSE","FALSE",,,,,"FALSE",,"2023-09-13",,,,,,
"76417005000186-1-000053/2023","1","https://pncp.gov.br/api/pncp/v1/orgaos/76417005000186/compras/2023/53/itens/1/resultados","1","1","Informado","2023-09-13T15:09:20","2023-09-13T15:09:20","79718748000184","VF CONFECCOES LTDA","PJ","1","ME","2062","Sociedade Empresária Limitada","BRA","36","230","8280","0",,,,,,,,,"FALSE",,,,,"FALSE","FALSE",,,,,"FALSE",,"2023-09-13",,,,,,
"76417005000186-1-000053/2023","2","https://pncp.gov.br/api/pncp/v1/orgaos/76417005000186/compras/2023/53/itens/2/resultados","1","1","Informado","2023-09-13T15:09:20","2023-09-13T15:09:20","79718748000184","VF CONFECCOES LTDA","PJ","1","ME","2062","Sociedade Empresária Limitada","BRA","80","230","18400","0",,,,,,,,,"FALSE",,,,,"FALSE","FALSE",,,,,"FALSE",,"2023-09-13",,,,,,
"76417005000186-1-000053/2023","3","https://pncp.gov.br/api/pncp/v1/orgaos/76417005000186/compras/2023/53/itens/3/resultados","1","1","Informado","2023-09-13T15:09:20","2023-09-13T15:09:20","79718748000184","VF CONFECCOES LTDA","PJ","1","ME","2062","Sociedade Empresária Limitada","BRA","160","230","36800","0",,,,,,,,,"FALSE",,,,,"FALSE","FALSE",,,,,"FALSE",,"2023-09-13",,,,,,
"76417005000186-1-000053/2023","4","https://pncp.gov.br/api/pncp/v1/orgaos/76417005000186/compras/2023/53/itens/4/resultados","1","1","Informado","2023-09-13T15:09:20","2023-09-13T15:09:20","79718748000184","VF CONFECCOES LTDA","PJ","1","ME","2062","Sociedade Empresária Limitada","BRA","130","230","29900","0",,,,,,,,,"FALSE",,,,,"FALSE","FALSE",,,,,"FALSE",,"2023-09-13",,,,,,
"76417005000186-1-000053/2023","5","https://pncp.gov.br/api/pncp/v1/orgaos/76417005000186/compras/2023/53/itens/5/resultados","1","1","Informado","2023-09-13T15:09:20","2023-09-13T15:09:20","79718748000184","VF CONFECCOES LTDA","PJ","1","ME","2062","Sociedade Empresária Limitada","BRA","66","230","15180","0",,,,,,,,,"FALSE",,,,,"FALSE","FALSE",,,,,"FALSE",,"2023-09-13",,,,,,
"76417005000186-1-000053/2023","6","https://pncp.gov.br/api/pncp/v1/orgaos/76417005000186/compras/2023/53/itens/6/resultados","1","1","Informado","2023-09-13T15:09:20","2023-09-13T15:09:20","79718748000184","VF CONFECCOES LTDA","PJ","1","ME","2062","Sociedade Empresária Limitada","BRA","32","240","7680","0",,,,,,,,,"FALSE",,,,,"FALSE","FALSE",,,,,"FALSE",,"2023-09-13",,,,,,
"76417005000186-1-000053/2023","7","https://pncp.gov.br/api/pncp/v1/orgaos/76417005000186/compras/2023/53/itens/7/resultados","1","1","Informado","2023-09-13T15:09:20","2023-09-13T15:09:20","79718748000184","VF CONFECCOES LTDA","PJ","1","ME","2062","Sociedade Empresária Limitada","BRA","20","245","4900","0",,,,,,,,,"FALSE",,,,,"FALSE","FALSE",,,,,"FALSE",,"2023-09-13",,,,,,
"03518900000113-1-000009/2023","9","https://pncp.gov.br/api/pncp/v1/orgaos/03518900000113/compras/2023/9/itens/9/resultados","1","1","Informado","2023-09-18T10:32:31","2023-09-18T10:32:31","12420164000238","CM HOSPITALAR S.A.","PJ","3","Demais","2046","Sociedade Anônima Aberta","BRA","180","1488.08","267854.4","0",,,,,,,,,"FALSE",,,,,"FALSE","FALSE",,,,,"FALSE","1","2023-09-18",,,,,,
"76417005000186-1-000067/2023","1","https://pncp.gov.br/api/pncp/v1/orgaos/76417005000186/compras/2023/67/itens/1/resultados","1","1","Informado","2023-09-25T11:39:43","2023-09-25T11:39:43","41098601000166","MC FARMA LTDA","PJ","1","ME","2062","Sociedade Empresária Limitada","BRA","480000","0.2499","119952","0",,,,,,,,,"FALSE",,,,,"FALSE","FALSE",,,,,"FALSE",,"2023-09-25",,,,,,
"76417005000186-1-000067/2023","2","https://pncp.gov.br/api/pncp/v1/orgaos/76417005000186/compras/2023/67/itens/2/resultados","1","1","Informado","2023-09-25T11:39:44","2023-09-25T11:39:44","37882886000154","VERDE DISTRIBUIDORA DE MEDICAMENTOS LTDA","PJ","1","ME","2062","Sociedade Empresária Limitada","BRA","480000","0.1","48000","0",,,,,,,,,"FALSE",,,,,"FALSE","FALSE",,,,,"FALSE",,"2023-09-25",,,,,,
"76417005000186-1-000063/2023","1","https://pncp.gov.br/api/pncp/v1/orgaos/76417005000186/compras/2023/63/itens/1/resultados","1","1","Informado","2023-09-27T08:47:38","2023-09-27T08:47:38","16643051000171","MALVAGLIA COMERCIAL LTDA","PJ","1","ME","2062","Sociedade Empresária Limitada","BRA","4e+05","0.1128","45120","0",,,,,,,,,"FALSE",,,,,"FALSE","FALSE",,,,,"FALSE",,"2023-09-27",,,,,,
"76417005000186-1-000063/2023","2","https://pncp.gov.br/api/pncp/v1/orgaos/76417005000186/compras/2023/63/itens/2/resultados","1","1","Informado","2023-09-27T08:47:38","2023-09-27T08:47:38","16643051000171","MALVAGLIA COMERCIAL LTDA","PJ","1","ME","2062","Sociedade Empresária Limitada","BRA","1500000","0.1119","167850","0",,,,,,,,,"FALSE",,,,,"FALSE","FALSE",,,,,"FALSE",,"2023-09-27",,,,,,
"76417005000186-1-000063/2023","3","https://pncp.gov.br/api/pncp/v1/orgaos/76417005000186/compras/2023/63/itens/3/resultados","1","1","Informado","2023-09-27T08:47:38","2023-09-27T08:47:38","16643051000171","MALVAGLIA COMERCIAL LTDA","PJ","1","ME","2062","Sociedade Empresária Limitada","BRA","5e+05","0.1119","55950","0",,,,,,,,,"FALSE",,,,,"FALSE","FALSE",,,,,"FALSE",,"2023-09-27",,,,,,
"76417005000186-1-000063/2023","4","https://pncp.gov.br/api/pncp/v1/orgaos/76417005000186/compras/2023/63/itens/4/resultados","1","1","Informado","2023-09-27T08:47:38","2023-09-27T08:47:38","16643051000171","MALVAGLIA COMERCIAL LTDA","PJ","1","ME","2062","Sociedade Empresária Limitada","BRA","3e+06","0.1119","335700","0",,,,,,,,,"FALSE",,,,,"FALSE","FALSE",,,,,"FALSE",,"2023-09-27",,,,,,
"76417005000186-1-000063/2023","5","https://pncp.gov.br/api/pncp/v1/orgaos/76417005000186/compras/2023/63/itens/5/resultados","1","1","Informado","2023-09-27T08:47:38","2023-09-27T08:47:38","16643051000171","MALVAGLIA COMERCIAL LTDA","PJ","1","ME","2062","Sociedade Empresária Limitada","BRA","1e+06","0.1119","111900","0",,,,,,,,,"FALSE",,,,,"FALSE","FALSE",,,,,"FALSE",,"2023-09-27",,,,,,
"76417005000186-1-000063/2023","6","https://pncp.gov.br/api/pncp/v1/orgaos/76417005000186/compras/2023/63/itens/6/resultados","1","1","Informado","2023-09-27T08:47:38","2023-09-27T08:47:38","48778881000100","FASTMED COMERCIO DE MEDICAMENTOS E MATERIAIS HOSPITALARES LTDA","PJ","1","ME","2062","Sociedade Empresária Limitada","BRA","4e+05","0.113","45200","0",,,,,,,,,"FALSE",,,,,"FALSE","FALSE",,,,,"FALSE",,"2023-09-27",,,,,,
"76417005000186-1-000059/2023","1","https://pncp.gov.br/api/pncp/v1/orgaos/76417005000186/compras/2023/59/itens/1/resultados","1","1","Informado","2023-10-03T08:17:15","2023-10-03T08:17:15","02482141000113","DENTAL BONSUCESSO PRODUTOS ODONTOLOGICOS LTDA","PJ","1","ME","2062","Sociedade Empresária Limitada","BRA","1000","0.34","340","0",,,,,,,,,"FALSE",,,,,"FALSE","FALSE",,,,,"FALSE",,"2023-10-03",,,,,,
"76417005000186-1-000059/2023","2","https://pncp.gov.br/api/pncp/v1/orgaos/76417005000186/compras/2023/59/itens/2/resultados","1","1","Informado","2023-10-03T08:17:15","2023-10-03T08:17:15","03596923000146","MEDIMAC COMERCIO DE ARTIGOS MEDICOS LTDA","PJ","1","ME","2062","Sociedade Empresária Limitada","BRA","200","46.9","9380","0",,,,,,,,,"FALSE",,,,,"FALSE","FALSE",,,,,"FALSE",,"2023-10-03",,,,,,
"76417005000186-1-000059/2023","3","https://pncp.gov.br/api/pncp/v1/orgaos/76417005000186/compras/2023/59/itens/3/resultados","1","1","Informado","2023-10-03T08:17:15","2023-10-03T08:17:15","02482141000113","DENTAL BONSUCESSO PRODUTOS ODONTOLOGICOS LTDA","PJ","1","ME","2062","Sociedade Empresária Limitada","BRA","5","30","150","0",,,,,,,,,"FALSE",,,,,"FALSE","FALSE",,,,,"FALSE",,"2023-10-03",,,,,,
"76417005000186-1-000059/2023","4","https://pncp.gov.br/api/pncp/v1/orgaos/76417005000186/compras/2023/59/itens/4/resultados","1","1","Informado","2023-10-03T08:17:15","2023-10-03T08:17:15","02482141000113","DENTAL BONSUCESSO PRODUTOS ODONTOLOGICOS LTDA","PJ","1","ME","2062","Sociedade Empresária Limitada","BRA","6","111.86","671.16","0",,,,,,,,,"FALSE",,,,,"FALSE","FALSE",,,,,"FALSE",,"2023-10-03",,,,,,
"76417005000186-1-000059/2023","7","https://pncp.gov.br/api/pncp/v1/orgaos/76417005000186/compras/2023/59/itens/7/resultados","1","1","Informado","2023-10-03T08:17:15","2023-10-03T08:17:15","02482141000113","DENTAL BONSUCESSO PRODUTOS ODONTOLOGICOS LTDA","PJ","1","ME","2062","Sociedade Empresária Limitada","BRA","120","45","5400","0",,,,,,,,,"FALSE",,,,,"FALSE","FALSE",,,,,"FALSE",,"2023-10-03",,,,,,
"03518900000113-1-000007/2023","1","https://pncp.gov.br/api/pncp/v1/orgaos/03518900000113/compras/2023/7/itens/1/resultados","1","1","Informado","2023-10-03T11:57:11","2023-10-03T11:57:11","04099948000105","ABL SYSTEM CONSULTORIA E INFORMATICA LTDA","PJ","3","Demais","2062","Sociedade Empresária Limitada","BRA","1","95800","95800","0",,,,,,,,,"FALSE",,,,,"FALSE","FALSE",,,,,"FALSE",,"2023-10-03",,,,,,
"76417005000186-1-000003/2023","1","https://pncp.gov.br/api/pncp/v1/orgaos/76417005000186/compras/2023/3/itens/1/resultados","1","1","Informado","2023-10-09T14:20:25","2023-10-09T14:20:25","34064557000108","MEDMED COMERCIO DE MATERIAIS HOSPITALARES LTDA","PJ","1","ME","2062","Sociedade Empresária Limitada","BRA","60","49.8078","2988.468","0",,,,,,,,,"FALSE",,,,,"FALSE","FALSE",,,,,"FALSE",,"2023-10-09",,,,,,
"76417005000186-1-000003/2023","2","https://pncp.gov.br/api/pncp/v1/orgaos/76417005000186/compras/2023/3/itens/2/resultados","1","1","Informado","2023-10-09T14:20:25","2023-10-09T14:20:25","30115113000101","CONATO COMERCIO E DISTRIBUIDORA DE PRODUTOS HOSPITALARES LTDA","PJ","1","ME","2062","Sociedade Empresária Limitada","BRA","120","54","6480","0",,,,,,,,,"FALSE",,,,,"FALSE","FALSE",,,,,"FALSE",,"2023-10-09",,,,,,
"76417005000186-1-000003/2023","3","https://pncp.gov.br/api/pncp/v1/orgaos/76417005000186/compras/2023/3/itens/3/resultados","1","1","Informado","2023-10-09T14:20:25","2023-10-09T14:20:25","73318693000139","V P - MEDICAMENTOS LTDA","PJ","1","ME","2062","Sociedade Empresária Limitada","BRA","120","63.02","7562.4","0",,,,,,,,,"FALSE",,,,,"FALSE","FALSE",,,,,"FALSE",,"2023-10-09",,,,,,
"76417005000186-1-000003/2023","4","https://pncp.gov.br/api/pncp/v1/orgaos/76417005000186/compras/2023/3/itens/4/resultados","1","1","Informado","2023-10-09T14:20:25","2023-10-09T14:20:25","73318693000139","V P - MEDICAMENTOS LTDA","PJ","1","ME","2062","Sociedade Empresária Limitada","BRA","150","84.01","12601.5","0",,,,,,,,,"FALSE",,,,,"FALSE","FALSE",,,,,"FALSE",,"2023-10-09",,,,,,
"76417005000186-1-000003/2023","5","https://pncp.gov.br/api/pncp/v1/orgaos/76417005000186/compras/2023/3/itens/5/resultados","1","1","Informado","2023-10-09T14:20:25","2023-10-09T14:20:25","73318693000139","V P - MEDICAMENTOS LTDA","PJ","1","ME","2062","Sociedade Empresária Limitada","BRA","120","106.07","12728.4","0",,,,,,,,,"FALSE",,,,,"FALSE","FALSE",,,,,"FALSE",,"2023-10-09",,,,,,
"76417005000186-1-000003/2023","6","https://pncp.gov.br/api/pncp/v1/orgaos/76417005000186/compras/2023/3/itens/6/resultados","1","1","Informado","2023-10-09T14:20:25","2023-10-09T14:20:25","73318693000139","V P - MEDICAMENTOS LTDA","PJ","1","ME","2062","Sociedade Empresária Limitada","BRA","80","126.03","10082.4","0",,,,,,,,,"FALSE",,,,,"FALSE","FALSE",,,,,"FALSE",,"2023-10-09",,,,,,
"76417005000186-1-000003/2023","7","https://pncp.gov.br/api/pncp/v1/orgaos/76417005000186/compras/2023/3/itens/7/resultados","1","1","Informado","2023-10-09T14:20:25","2023-10-09T14:20:25","00656468000139","SOMA/PR COMERCIO DE PRODUTOS HOSPITALARES LTDA","PJ","3","Demais","2062","Sociedade Empresária Limitada","BRA","30","199.8","5994","0",,,,,,,,,"FALSE",,,,,"FALSE","FALSE",,,,,"FALSE",,"2023-10-09",,,,,,
"76417005000186-1-000003/2023","8","https://pncp.gov.br/api/pncp/v1/orgaos/76417005000186/compras/2023/3/itens/8/resultados","1","1","Informado","2023-10-09T14:20:25","2023-10-09T14:20:25","27401513000160","DEVANT CARE COMERCIAL LTDA","PJ","1","ME","2062","Sociedade Empresária Limitada","BRA","720","20.99","15112.8","0",,,,,,,,,"FALSE",,,,,"FALSE","FALSE",,,,,"FALSE",,"2023-10-09",,,,,,
"76417005000186-1-000003/2023","9","https://pncp.gov.br/api/pncp/v1/orgaos/76417005000186/compras/2023/3/itens/9/resultados","1","1","Informado","2023-10-09T14:20:27","2023-10-09T14:20:27","27401513000160","DEVANT CARE COMERCIAL LTDA","PJ","1","ME","2062","Sociedade Empresária Limitada","BRA","3000","1","3000","0",,,,,,,,,"FALSE",,,,,"FALSE","FALSE",,,,,"FALSE",,"2023-10-09",,,,,,
"76417005000186-1-000066/2023","1","https://pncp.gov.br/api/pncp/v1/orgaos/76417005000186/compras/2023/66/itens/1/resultados","1","1","Informado","2023-10-09T14:54:05","2023-10-09T14:54:05","46202155000101","RMR GRAFICA LTDA","PJ","1","ME","2062","Sociedade Empresária Limitada","BRA","2000","0.59","1180","0",,,,,,,,,"FALSE",,,,,"FALSE","FALSE",,,,,"FALSE",,"2023-10-09",,,,,,
"76417005000186-1-000066/2023","2","https://pncp.gov.br/api/pncp/v1/orgaos/76417005000186/compras/2023/66/itens/2/resultados","1","1","Informado","2023-10-09T14:54:05","2023-10-09T14:54:05","14292313000175","POLIMPRESSOS SERVICOS GRAFICOS LTDA","PJ","1","ME","2062","Sociedade Empresária Limitada","BRA","100","13.24","1324","0",,,,,,,,,"FALSE",,,,,"FALSE","FALSE",,,,,"FALSE",,"2023-10-09",,,,,,
"76417005000186-1-000066/2023","3","https://pncp.gov.br/api/pncp/v1/orgaos/76417005000186/compras/2023/66/itens/3/resultados","1","1","Informado","2023-10-09T14:54:05","2023-10-09T14:54:05","41863541000120","ACS CUT PRINT CORTES E IMPRESSOES DIGITAIS LTDA","PJ","1","ME","2062","Sociedade Empresária Limitada","BRA","100","28.99","2899","0",,,,,,,,,"FALSE",,,,,"FALSE","FALSE",,,,,"FALSE",,"2023-10-09",,,,,,
"76417005000186-1-000066/2023","4","https://pncp.gov.br/api/pncp/v1/orgaos/76417005000186/compras/2023/66/itens/4/resultados","1","1","Informado","2023-10-09T14:54:05","2023-10-09T14:54:05","46202155000101","RMR GRAFICA LTDA","PJ","1","ME","2062","Sociedade Empresária Limitada","BRA","2000","0.89","1780","0",,,,,,,,,"FALSE",,,,,"FALSE","FALSE",,,,,"FALSE",,"2023-10-09",,,,,,
"76417005000186-1-000066/2023","5","https://pncp.gov.br/api/pncp/v1/orgaos/76417005000186/compras/2023/66/itens/5/resultados","1","1","Informado","2023-10-09T14:54:05","2023-10-09T14:54:05","46202155000101","RMR GRAFICA LTDA","PJ","1","ME","2062","Sociedade Empresária Limitada","BRA","20","94.9","1898","0",,,,,,,,,"FALSE",,,,,"FALSE","FALSE",,,,,"FALSE",,"2023-10-09",,,,,,
"76417005000186-1-000066/2023","6","https://pncp.gov.br/api/pncp/v1/orgaos/76417005000186/compras/2023/66/itens/6/resultados","1","1","Informado","2023-10-09T14:54:05","2023-10-09T14:54:05","14292313000175","POLIMPRESSOS SERVICOS GRAFICOS LTDA","PJ","1","ME","2062","Sociedade Empresária Limitada","BRA","5000","0.49","2450","0",,,,,,,,,"FALSE",,,,,"FALSE","FALSE",,,,,"FALSE",,"2023-10-09",,,,,,
"76417005000186-1-000066/2023","7","https://pncp.gov.br/api/pncp/v1/orgaos/76417005000186/compras/2023/66/itens/7/resultados","1","1","Informado","2023-10-09T14:54:05","2023-10-09T14:54:05","14292313000175","POLIMPRESSOS SERVICOS GRAFICOS LTDA","PJ","1","ME","2062","Sociedade Empresária Limitada","BRA","2000","1.84","3680","0",,,,,,,,,"FALSE",,,,,"FALSE","FALSE",,,,,"FALSE",,"2023-10-09",,,,,,
"14814139000183-1-000006/2025","7","https://pncp.gov.br/api/pncp/v1/orgaos/14814139000183/compras/2025/6/itens/7/resultados","1","1","Informado","2025-03-12T14:55:25","2025-03-12T14:55:25","08774906000175","HOSPDROGAS COMERCIAL LTDA","PJ","3","Demais","2062","Sociedade Empresária Limitada","BRA","4000","7.9","31600","0",,,,,,,,,"FALSE",,,,,"FALSE","FALSE",,,,,"FALSE","1","2025-03-12",,,,,,
"14814139000183-1-000006/2025","8","https://pncp.gov.br/api/pncp/v1/orgaos/14814139000183/compras/2025/6/itens/8/resultados","1","1","Informado","2025-03-12T14:55:25","2025-03-12T14:55:25","08774906000175","HOSPDROGAS COMERCIAL LTDA","PJ","3","Demais","2062","Sociedade Empresária Limitada","BRA","60000","0.45","27000","0",,,,,,,,,"FALSE",,,,,"FALSE","FALSE",,,,,"FALSE","1","2025-03-12",,,,,,
"76417005000186-1-000078/2023","1","https://pncp.gov.br/api/pncp/v1/orgaos/76417005000186/compras/2023/78/itens/1/resultados","1","1","Informado","2023-10-25T15:20:19","2023-10-25T15:20:19","48496674000155","R&L COMERCIAL LTDA","PJ","1","ME","2062","Sociedade Empresária Limitada","BRA","100","3.52","352","0",,,,,,,,,"FALSE",,,,,"FALSE","FALSE",,,,,"FALSE","1","2023-10-25",,,,,,
"76417005000186-1-000078/2023","2","https://pncp.gov.br/api/pncp/v1/orgaos/76417005000186/compras/2023/78/itens/2/resultados","1","1","Informado","2023-10-25T15:20:19","2023-10-25T15:20:19","48496674000155","R&L COMERCIAL LTDA","PJ","1","ME","2062","Sociedade Empresária Limitada","BRA","100","3.16","316","0",,,,,,,,,"FALSE",,,,,"FALSE","FALSE",,,,,"FALSE","1","2023-10-25",,,,,,
"76417005000186-1-000078/2023","3","https://pncp.gov.br/api/pncp/v1/orgaos/76417005000186/compras/2023/78/itens/3/resultados","1","1","Informado","2023-10-25T15:20:20","2023-10-25T15:20:20","35471891000149","35.471.891 RONIOMAR KOSLOSKI JUNIOR","PJ","1","ME","2135","Empresário (Individual)","BRA","200","0.67","134","0",,,,,,,,,"FALSE",,,,,"FALSE","FALSE",,,,,"FALSE","1","2023-10-25",,,,,,
"76417005000186-1-000078/2023","4","https://pncp.gov.br/api/pncp/v1/orgaos/76417005000186/compras/2023/78/itens/4/resultados","1","1","Informado","2023-10-25T15:20:20","2023-10-25T15:20:20","32111081000193","ANDRE MATIAS COMERCIO DE ARTIGOS DE PAPELARIA","PJ","1","ME","2135","Empresário (Individual)","BRA","200","0.43","86","0",,,,,,,,,"FALSE",,,,,"FALSE","FALSE",,,,,"FALSE","1","2023-10-25",,,,,,
"76417005000186-1-000078/2023","5","https://pncp.gov.br/api/pncp/v1/orgaos/76417005000186/compras/2023/78/itens/5/resultados","1","1","Informado","2023-10-25T15:20:20","2023-10-25T15:20:20","48496674000155","R&L COMERCIAL LTDA","PJ","1","ME","2062","Sociedade Empresária Limitada","BRA","400","2.03","812","0",,,,,,,,,"FALSE",,,,,"FALSE","FALSE",,,,,"FALSE","1","2023-10-25",,,,,,
"76417005000186-1-000078/2023","6","https://pncp.gov.br/api/pncp/v1/orgaos/76417005000186/compras/2023/78/itens/6/resultados","1","1","Informado","2023-10-25T15:20:20","2023-10-25T15:20:20","48496674000155","R&L COMERCIAL LTDA","PJ","1","ME","2062","Sociedade Empresária Limitada","BRA","200","8.92","1784","0",,,,,,,,,"FALSE",,,,,"FALSE","FALSE",,,,,"FALSE","1","2023-10-25",,,,,,
"76417005000186-1-000078/2023","7","https://pncp.gov.br/api/pncp/v1/orgaos/76417005000186/compras/2023/78/itens/7/resultados","1","1","Informado","2023-10-25T15:20:20","2023-10-25T15:20:20","26716048000194","MAXIMA ATACADISTA LTDA","PJ","1","ME","2062","Sociedade Empresária Limitada","BRA","300","4.9","1470","0",,,,,,,,,"FALSE",,,,,"FALSE","FALSE",,,,,"FALSE","1","2023-10-25",,,,,,
"76417005000186-1-000078/2023","8","https://pncp.gov.br/api/pncp/v1/orgaos/76417005000186/compras/2023/78/itens/8/resultados","1","1","Informado","2023-10-25T15:20:20","2023-10-25T15:20:20","10670020000123","M.I. COMERCIO DE MATERIAIS LTDA.","PJ","1","ME","2062","Sociedade Empresária Limitada","BRA","100","40.9","4090","0",,,,,,,,,"FALSE",,,,,"FALSE","FALSE",,,,,"FALSE","1","2023-10-25",,,,,,
"76417005000186-1-000078/2023","9","https://pncp.gov.br/api/pncp/v1/orgaos/76417005000186/compras/2023/78/itens/9/resultados","1","1","Informado","2023-10-25T15:20:20","2023-10-25T15:20:20","10670020000123","M.I. COMERCIO DE MATERIAIS LTDA.","PJ","1","ME","2062","Sociedade Empresária Limitada","BRA","400","0.69","276","0",,,,,,,,,"FALSE",,,,,"FALSE","FALSE",,,,,"FALSE","1","2023-10-25",,,,,,
"76417005000186-1-000078/2023","10","https://pncp.gov.br/api/pncp/v1/orgaos/76417005000186/compras/2023/78/itens/10/resultados","1","1","Informado","2023-10-25T15:20:20","2023-10-25T15:20:20","10670020000123","M.I. COMERCIO DE MATERIAIS LTDA.","PJ","1","ME","2062","Sociedade Empresária Limitada","BRA","240","7.95","1908","0",,,,,,,,,"FALSE",,,,,"FALSE","FALSE",,,,,"FALSE","1","2023-10-25",,,,,,
"76417005000186-1-000061/2023","1","https://pncp.gov.br/api/pncp/v1/orgaos/76417005000186/compras/2023/61/itens/1/resultados","1","1","Informado","2023-10-25T16:06:55","2023-10-25T16:06:55","58950775000108","COTACAO COM REPRESENTACAO IMPORTACAO E EXPORTACAO LTDA","PJ","3","Demais","2062","Sociedade Empresária Limitada","BRA","50","998.99","49949.5","0",,,,,,,,,"FALSE",,,,,"FALSE","FALSE",,,,,"FALSE",,"2023-10-25",,,,,,
"76417005000186-1-000061/2023","3","https://pncp.gov.br/api/pncp/v1/orgaos/76417005000186/compras/2023/61/itens/3/resultados","1","1","Informado","2023-10-25T16:06:55","2023-10-25T16:06:55","08435077000104","DUTRAMED DISTRIBUIDORA LTDA","PJ","1","ME","2062","Sociedade Empresária Limitada","BRA","300","16.63","4989","0",,,,,,,,,"FALSE",,,,,"FALSE","FALSE",,,,,"FALSE",,"2023-10-25",,,,,,
"76417005000186-1-000061/2023","5","https://pncp.gov.br/api/pncp/v1/orgaos/76417005000186/compras/2023/61/itens/5/resultados","1","1","Informado","2023-10-25T16:06:55","2023-10-25T16:06:55","73318693000139","V P - MEDICAMENTOS LTDA","PJ","1","ME","2062","Sociedade Empresária Limitada","BRA","100","2.2","220","0",,,,,,,,,"FALSE",,,,,"FALSE","FALSE",,,,,"FALSE",,"2023-10-25",,,,,,
"76417005000186-1-000061/2023","6","https://pncp.gov.br/api/pncp/v1/orgaos/76417005000186/compras/2023/61/itens/6/resultados","1","1","Informado","2023-10-25T16:06:55","2023-10-25T16:06:55","73318693000139","V P - MEDICAMENTOS LTDA","PJ","1","ME","2062","Sociedade Empresária Limitada","BRA","4000","1.14","4560","0",,,,,,,,,"FALSE",,,,,"FALSE","FALSE",,,,,"FALSE",,"2023-10-25",,,,,,
"76417005000186-1-000061/2023","7","https://pncp.gov.br/api/pncp/v1/orgaos/76417005000186/compras/2023/61/itens/7/resultados","1","1","Informado","2023-10-25T16:06:55","2023-10-25T16:06:55","39239472000137","MG35 ATACADO DA SAUDE LTDA","PJ","1","ME","2062","Sociedade Empresária Limitada","BRA","7000","1.09","7630","0",,,,,,,,,"FALSE",,,,,"FALSE","FALSE",,,,,"FALSE",,"2023-10-25",,,,,,
"76417005000186-1-000061/2023","8","https://pncp.gov.br/api/pncp/v1/orgaos/76417005000186/compras/2023/61/itens/8/resultados","1","1","Informado","2023-10-25T16:06:55","2023-10-25T16:06:55","73318693000139","V P - MEDICAMENTOS LTDA","PJ","1","ME","2062","Sociedade Empresária Limitada","BRA","120","12.54","1504.8","0",,,,,,,,,"FALSE",,,,,"FALSE","FALSE",,,,,"FALSE",,"2023-10-25",,,,,,
"76417005000186-1-000061/2023","9","https://pncp.gov.br/api/pncp/v1/orgaos/76417005000186/compras/2023/61/itens/9/resultados","1","1","Informado","2023-10-25T16:06:56","2023-10-25T16:06:56","12342435000101","PHBR MEDICAL COMERCIO E LOCACAO DE PRODUTOS MEDICOS LTDA","PJ","1","ME","2062","Sociedade Empresária Limitada","BRA","100","375","37500","0",,,,,,,,,"FALSE",,,,,"FALSE","FALSE",,,,,"FALSE",,"2023-10-25",,,,,,
"76417005000186-1-000061/2023","10","https://pncp.gov.br/api/pncp/v1/orgaos/76417005000186/compras/2023/61/itens/10/resultados","1","1","Informado","2023-10-25T16:06:55","2023-10-25T16:06:55","16643051000171","MALVAGLIA COMERCIAL LTDA","PJ","1","ME","2062","Sociedade Empresária Limitada","BRA","8e+05","0.1795","143600","0",,,,,,,,,"FALSE",,,,,"FALSE","FALSE",,,,,"FALSE",,"2023-10-25",,,,,,
"76417005000186-1-000084/2023","1","https://pncp.gov.br/api/pncp/v1/orgaos/76417005000186/compras/2023/84/itens/1/resultados","1","1","Informado","2023-10-26T08:34:29","2023-10-26T08:34:29","78796778000146","L.P. DE BORBA & CIA LTDA","PJ","1","ME","2062","Sociedade Empresária Limitada","BRA","50","219.87","10993.5","0",,,,,,,,,"FALSE",,,,,"FALSE","FALSE",,,,,"FALSE","1","2023-10-26",,,,,,
"76417005000186-1-000090/2023","1","https://pncp.gov.br/api/pncp/v1/orgaos/76417005000186/compras/2023/90/itens/1/resultados","1","1","Informado","2023-10-31T10:50:04","2023-10-31T10:50:04","07076643000168","ARP RESGATE COMERCIO DE EQUIPAMENTOS DE SEGURANCA LTDA","PJ","1","ME","2062","Sociedade Empresária Limitada","BRA","20","75.85","1517","0",,,,,,,,,"FALSE",,,,,"FALSE","FALSE",,,,,"FALSE","1","2023-10-31",,,,,,
"76417005000186-1-000090/2023","2","https://pncp.gov.br/api/pncp/v1/orgaos/76417005000186/compras/2023/90/itens/2/resultados","1","1","Informado","2023-10-31T10:50:04","2023-10-31T10:50:04","07076643000168","ARP RESGATE COMERCIO DE EQUIPAMENTOS DE SEGURANCA LTDA","PJ","1","ME","2062","Sociedade Empresária Limitada","BRA","10","607","6070","0",,,,,,,,,"FALSE",,,,,"FALSE","FALSE",,,,,"FALSE","1","2023-10-31",,,,,,
"76417005000186-1-000090/2023","3","https://pncp.gov.br/api/pncp/v1/orgaos/76417005000186/compras/2023/90/itens/3/resultados","1","1","Informado","2023-10-31T10:50:04","2023-10-31T10:50:04","21187080000106","EXTIMPLUS MANUTENCAO E REPARACAO LTDA","PJ","1","ME","2062","Sociedade Empresária Limitada","BRA","10","123","1230","0",,,,,,,,,"FALSE",,,,,"FALSE","FALSE",,,,,"FALSE","1","2023-10-31",,,,,,
"76417005000186-1-000090/2023","4","https://pncp.gov.br/api/pncp/v1/orgaos/76417005000186/compras/2023/90/itens/4/resultados","1","1","Informado","2023-10-31T10:50:04","2023-10-31T10:50:04","07076643000168","ARP RESGATE COMERCIO DE EQUIPAMENTOS DE SEGURANCA LTDA","PJ","1","ME","2062","Sociedade Empresária Limitada","BRA","50","310","15500","0",,,,,,,,,"FALSE",,,,,"FALSE","FALSE",,,,,"FALSE","1","2023-10-31",,,,,,
"76417005000186-1-000090/2023","5","https://pncp.gov.br/api/pncp/v1/orgaos/76417005000186/compras/2023/90/itens/5/resultados","1","1","Informado","2023-10-31T10:50:04","2023-10-31T10:50:04","21187080000106","EXTIMPLUS MANUTENCAO E REPARACAO LTDA","PJ","1","ME","2062","Sociedade Empresária Limitada","BRA","30","7.48","224.4","0",,,,,,,,,"FALSE",,,,,"FALSE","FALSE",,,,,"FALSE","1","2023-10-31",,,,,,
"76417005000186-1-000090/2023","6","https://pncp.gov.br/api/pncp/v1/orgaos/76417005000186/compras/2023/90/itens/6/resultados","1","1","Informado","2023-10-31T10:50:04","2023-10-31T10:50:04","21187080000106","EXTIMPLUS MANUTENCAO E REPARACAO LTDA","PJ","1","ME","2062","Sociedade Empresária Limitada","BRA","30","7.49","224.7","0",,,,,,,,,"FALSE",,,,,"FALSE","FALSE",,,,,"FALSE","1","2023-10-31",,,,,,
"76417005000186-1-000090/2023","7","https://pncp.gov.br/api/pncp/v1/orgaos/76417005000186/compras/2023/90/itens/7/resultados","1","1","Informado","2023-10-31T10:50:04","2023-10-31T10:50:04","21187080000106","EXTIMPLUS MANUTENCAO E REPARACAO LTDA","PJ","1","ME","2062","Sociedade Empresária Limitada","BRA","30","6.95","208.5","0",,,,,,,,,"FALSE",,,,,"FALSE","FALSE",,,,,"FALSE","1","2023-10-31",,,,,,
"76417005000186-1-000090/2023","8","https://pncp.gov.br/api/pncp/v1/orgaos/76417005000186/compras/2023/90/itens/8/resultados","1","1","Informado","2023-10-31T10:50:04","2023-10-31T10:50:04","21187080000106","EXTIMPLUS MANUTENCAO E REPARACAO LTDA","PJ","1","ME","2062","Sociedade Empresária Limitada","BRA","30","6.4","192","0",,,,,,,,,"FALSE",,,,,"FALSE","FALSE",,,,,"FALSE","1","2023-10-31",,,,,,
"76417005000186-1-000090/2023","9","https://pncp.gov.br/api/pncp/v1/orgaos/76417005000186/compras/2023/90/itens/9/resultados","1","1","Informado","2023-10-31T10:50:04","2023-10-31T10:50:04","20795155000179","INFANTARIA COMERCIAL LTDA","PJ","1","ME","2062","Sociedade Empresária Limitada","BRA","20","7.2","144","0",,,,,,,,,"FALSE",,,,,"FALSE","FALSE",,,,,"FALSE","1","2023-10-31",,,,,,
"76417005000186-1-000094/2023","10","https://pncp.gov.br/api/pncp/v1/orgaos/76417005000186/compras/2023/94/itens/10/resultados","1","1","Informado","2023-10-31T14:37:27","2023-10-31T14:37:27","44734671002286","CRISTALIA PRODUTOS QUIMICOS FARMACEUTICOS LTDA","PJ","3","Demais","2062","Sociedade Empresária Limitada","BRA","2000","0.58","1160","0",,,,,,,,,"FALSE",,,,,"FALSE","FALSE",,,,,"FALSE","1","2023-10-31",,,,,,
"76417005000186-1-000101/2023","1","https://pncp.gov.br/api/pncp/v1/orgaos/76417005000186/compras/2023/101/itens/1/resultados","1","1","Informado","2023-11-01T11:00:53","2023-11-01T11:00:53","06327037000105","MICRORAR INFORMATICA LTDA","PJ","1","ME","2062","Sociedade Empresária Limitada","BRA","2e+05","0.19","38000","0",,,,,,,,,"FALSE",,,,,"FALSE","FALSE",,,,,"FALSE","1","2023-11-01",,,,,,
"03518900000113-1-000010/2023","5","https://pncp.gov.br/api/pncp/v1/orgaos/03518900000113/compras/2023/10/itens/5/resultados","1","1","Informado","2023-11-10T11:49:25","2023-11-10T11:49:25","37174625000260","MODENA PRODUTOS E SOLUCOES PARA SAUDE LTDA","PJ","1","ME","2062","Sociedade Empresária Limitada","BRA","24","1279.275","30702.6","0",,,,,,,,,"FALSE",,,,,"FALSE","FALSE",,,,,"FALSE","1","2023-11-10",,,,,,
"03518900000113-1-000013/2023","1","https://pncp.gov.br/api/pncp/v1/orgaos/03518900000113/compras/2023/13/itens/1/resultados","1","1","Informado","2023-11-16T16:00:40","2023-11-16T16:00:40","74183385000106","DOMPEL INFORMATICA E EQUIPAMENTOS P/ ESCRITORIO LTDA","PJ","1","ME","2062","Sociedade Empresária Limitada","BRA","1","73000","73000","0",,,,,,,,,"FALSE",,,,,"FALSE","FALSE",,,,,"FALSE",,"2023-11-16",,,,,,
"76417005000186-1-000102/2023","1","https://pncp.gov.br/api/pncp/v1/orgaos/76417005000186/compras/2023/102/itens/1/resultados","1","1","Informado","2023-11-17T16:44:21","2023-11-17T16:44:21","77970945000160","ORTOMETAL METALURGICA E ORTOPEDIA INDUSTRIAL LTDA","PJ","1","ME","2062","Sociedade Empresária Limitada","BRA","15","1600","24000","0",,,,,,,,,"FALSE",,,,,"FALSE","FALSE",,,,,"FALSE","1","2023-11-17",,,,,,
"03518900000113-1-000018/2023","1","https://pncp.gov.br/api/pncp/v1/orgaos/03518900000113/compras/2023/18/itens/1/resultados","1","1","Informado","2023-11-21T09:02:10","2023-11-21T09:02:10","17451234000158","GR COMERCIO LTDA","PJ","1","ME","2062","Sociedade Empresária Limitada","BRA","1","48853.25","48853.25","0",,,,,,,,,"FALSE",,,,,"FALSE","FALSE",,,,,"FALSE","1","2023-11-21",,,,,,
"03518900000113-1-000018/2023","2","https://pncp.gov.br/api/pncp/v1/orgaos/03518900000113/compras/2023/18/itens/2/resultados","1","1","Informado","2023-11-21T09:02:10","2023-11-21T09:02:10","45769285000168","REDNOV FERRAMENTAS LTDA.","PJ","1","ME","2062","Sociedade Empresária Limitada","BRA","1","27651.6","27651.6","0",,,,,,,,,"FALSE",,,,,"FALSE","FALSE",,,,,"FALSE","1","2023-11-21",,,,,,
"03518900000113-1-000018/2023","5","https://pncp.gov.br/api/pncp/v1/orgaos/03518900000113/compras/2023/18/itens/5/resultados","1","1","Informado","2023-11-21T09:02:11","2023-11-21T09:02:11","43892634000109","BRAVE DISTRIBUIDORA LTDA","PJ","1","ME","2062","Sociedade Empresária Limitada","BRA","1","13486.4","13486.4","0",,,,,,,,,"FALSE",,,,,"FALSE","FALSE",,,,,"FALSE","1","2023-11-21",,,,,,
"03518900000113-1-000018/2023","6","https://pncp.gov.br/api/pncp/v1/orgaos/03518900000113/compras/2023/18/itens/6/resultados","1","1","Informado","2023-11-21T09:02:11","2023-11-21T09:02:11","44650853000144","DOAC COMERCIO & SERVICOS LTDA","PJ","1","ME","2062","Sociedade Empresária Limitada","BRA","1","18114","18114","0",,,,,,,,,"FALSE",,,,,"FALSE","FALSE",,,,,"FALSE","1","2023-11-21",,,,,,
"03518900000113-1-000018/2023","7","https://pncp.gov.br/api/pncp/v1/orgaos/03518900000113/compras/2023/18/itens/7/resultados","1","1","Informado","2023-11-21T09:02:11","2023-11-21T09:02:11","28756580000160","RODRIGUES & PLETSCH EMPREENDIMENTOS LTDA","PJ","1","ME","2062","Sociedade Empresária Limitada","BRA","1","25925.79","25925.79","0",,,,,,,,,"FALSE",,,,,"FALSE","FALSE",,,,,"FALSE","1","2023-11-21",,,,,,
"03518900000113-1-000018/2023","8","https://pncp.gov.br/api/pncp/v1/orgaos/03518900000113/compras/2023/18/itens/8/resultados","1","1","Informado","2023-11-21T09:02:11","2023-11-21T09:02:11","27022848000178","BRAGA COMERCIO DE TINTAS LTDA","PJ","1","ME","2062","Sociedade Empresária Limitada","BRA","1","34400","34400","0",,,,,,,,,"FALSE",,,,,"FALSE","FALSE",,,,,"FALSE","1","2023-11-21",,,,,,
"03518900000113-1-000018/2023","9","https://pncp.gov.br/api/pncp/v1/orgaos/03518900000113/compras/2023/18/itens/9/resultados","1","1","Informado","2023-11-21T09:02:11","2023-11-21T09:02:11","44258379000100","LANCA PRODUTOS - COMERCIO E SERVICOS LTDA","PJ","1","ME","2062","Sociedade Empresária Limitada","BRA","1","5600","5600","0",,,,,,,,,"FALSE",,,,,"FALSE","FALSE",,,,,"FALSE","1","2023-11-21",,,,,,
"03518900000113-1-000018/2023","10","https://pncp.gov.br/api/pncp/v1/orgaos/03518900000113/compras/2023/18/itens/10/resultados","1","1","Informado","2023-11-21T09:02:12","2023-11-21T09:02:12","44207436000121","JORDAO LICITACOES E SERVICOS LTDA","PJ","1","ME","2062","Sociedade Empresária Limitada","BRA","1","67900","67900","0",,,,,,,,,"FALSE",,,,,"FALSE","FALSE",,,,,"FALSE","1","2023-11-21",,,,,,
"14814139000183-1-000027/2025","1","https://pncp.gov.br/api/pncp/v1/orgaos/14814139000183/compras/2025/27/itens/1/resultados","1","1","Informado","2025-03-14T08:20:33","2025-03-14T08:20:33","85467264000102","GESTPAR COMERCIO DE MAQUINAS COPIADORAS E IMPRESSORAS LTDA","PJ","3","Demais","2062","Sociedade Empresária Limitada","BRA","3","169","507","0",,,,,,,,,"FALSE",,,,,"FALSE","TRUE","145","Lei 14.133/2021, art. 60, I","Critério de desempate: Estipula que, em caso de empate entre propostas de licitação, os licitantes envolvidos devem participar de uma disputa final onde podem apresentar novas propostas imediatamente após a classificação, proporcionando uma chance adicional para vencer a licitação.","TRUE","FALSE",,"2025-03-14",,,,,,
"03518900000113-1-000020/2023","3","https://pncp.gov.br/api/pncp/v1/orgaos/03518900000113/compras/2023/20/itens/3/resultados","1","1","Informado","2023-11-28T08:34:56","2023-11-28T08:34:56","33506730000118","CONSTRUTORA RESOLUCAO LTDA","PJ","1","ME","2062","Sociedade Empresária Limitada","BRA","1","459900","459900","0",,,,,,,,,"FALSE",,,,,"FALSE","FALSE",,,,,"FALSE",,"2023-11-28",,,,,,
"03518900000113-1-000020/2023","4","https://pncp.gov.br/api/pncp/v1/orgaos/03518900000113/compras/2023/20/itens/4/resultados","1","1","Informado","2023-11-28T08:34:56","2023-11-28T08:34:56","13187093000157","AIRLESS PINTURAS BC LTDA","PJ","1","ME","2062","Sociedade Empresária Limitada","BRA","1","193700","193700","0",,,,,,,,,"FALSE",,,,,"FALSE","FALSE",,,,,"FALSE",,"2023-11-28",,,,,,
"03518900000113-1-000024/2023","1","https://pncp.gov.br/api/pncp/v1/orgaos/03518900000113/compras/2023/24/itens/1/resultados","1","1","Informado","2023-11-28T14:52:08","2023-11-28T14:52:08","12044700000167","G.B.STRAPASSON & CIA LTDA","PJ","1","ME","2062","Sociedade Empresária Limitada","BRA","1","85","85","15",,,,,,,,,"FALSE",,,,,"FALSE","FALSE",,,,,"FALSE",,"2023-11-28",,,,,,
"03518900000113-1-000024/2023","2","https://pncp.gov.br/api/pncp/v1/orgaos/03518900000113/compras/2023/24/itens/2/resultados","1","1","Informado","2023-11-28T14:52:08","2023-11-28T14:52:08","12044700000167","G.B.STRAPASSON & CIA LTDA","PJ","1","ME","2062","Sociedade Empresária Limitada","BRA","1","85","85","15",,,,,,,,,"FALSE",,,,,"FALSE","FALSE",,,,,"FALSE",,"2023-11-28",,,,,,
"76417005000186-1-000118/2023","1","https://pncp.gov.br/api/pncp/v1/orgaos/76417005000186/compras/2023/118/itens/1/resultados","1","1","Informado","2023-11-29T16:26:10","2023-11-29T16:26:10","37647921000150","SD MED PRODUTOS HOSPITALARES LTDA","PJ","1","ME","2062","Sociedade Empresária Limitada","BRA","800","1.81","1448","0",,,,,,,,,"FALSE",,,,,"FALSE","FALSE",,,,,"FALSE","1","2023-11-29",,,,,,
"76417005000186-1-000118/2023","2","https://pncp.gov.br/api/pncp/v1/orgaos/76417005000186/compras/2023/118/itens/2/resultados","1","1","Informado","2023-11-29T16:26:10","2023-11-29T16:26:10","04157810000107","VSD INDUSTRIA DE CALCADOS LTDA","PJ","1","ME","2062","Sociedade Empresária Limitada","BRA","500","9.89","4945","0",,,,,,,,,"FALSE",,,,,"FALSE","FALSE",,,,,"FALSE","1","2023-11-29",,,,,,
"76417005000186-1-000118/2023","3","https://pncp.gov.br/api/pncp/v1/orgaos/76417005000186/compras/2023/118/itens/3/resultados","1","1","Informado","2023-11-29T16:26:10","2023-11-29T16:26:10","80851249000140","CAMPO E FLOR INDUSTRIA E COMERCIO DE PERFUMARIA LTDA","PJ","1","ME","2062","Sociedade Empresária Limitada","BRA","400","28.5","11400","0",,,,,,,,,"FALSE",,,,,"FALSE","FALSE",,,,,"FALSE","1","2023-11-29",,,,,,
"76417005000186-1-000118/2023","4","https://pncp.gov.br/api/pncp/v1/orgaos/76417005000186/compras/2023/118/itens/4/resultados","1","1","Informado","2023-11-29T16:26:10","2023-11-29T16:26:10","42671235000155","VILLAS CESTAS COMERCIO DE PRODUTOS ALIMENTICIOS LTDA","PJ","1","ME","2062","Sociedade Empresária Limitada","BRA","400","1.46","584","0",,,,,,,,,"FALSE",,,,,"FALSE","FALSE",,,,,"FALSE","1","2023-11-29",,,,,,
"76417005000186-1-000118/2023","5","https://pncp.gov.br/api/pncp/v1/orgaos/76417005000186/compras/2023/118/itens/5/resultados","1","1","Informado","2023-11-29T16:26:10","2023-11-29T16:26:10","37937325000105","KARLA KAROLINE FONTES MENESES","PJ","1","ME","2135","Empresário (Individual)","BRA","7000","4.19","29330","0",,,,,,,,,"FALSE",,,,,"FALSE","FALSE",,,,,"FALSE","1","2023-11-29",,,,,,
"76417005000186-1-000118/2023","6","https://pncp.gov.br/api/pncp/v1/orgaos/76417005000186/compras/2023/118/itens/6/resultados","1","1","Informado","2023-11-29T16:26:10","2023-11-29T16:26:10","26686422000156","PIUNATURE COMERCIO DE COSMETICOS E ALIMENTOS LTDA","PJ","1","ME","2062","Sociedade Empresária Limitada","BRA","2000","0.7","1400","0",,,,,,,,,"FALSE",,,,,"FALSE","FALSE",,,,,"FALSE","1","2023-11-29",,,,,,
"76417005000186-1-000118/2023","7","https://pncp.gov.br/api/pncp/v1/orgaos/76417005000186/compras/2023/118/itens/7/resultados","1","1","Informado","2023-11-29T16:26:10","2023-11-29T16:26:10","42671235000155","VILLAS CESTAS COMERCIO DE PRODUTOS ALIMENTICIOS LTDA","PJ","1","ME","2062","Sociedade Empresária Limitada","BRA","400","12.8","5120","0",,,,,,,,,"FALSE",,,,,"FALSE","FALSE",,,,,"FALSE","1","2023-11-29",,,,,,
"76417005000186-1-000118/2023","8","https://pncp.gov.br/api/pncp/v1/orgaos/76417005000186/compras/2023/118/itens/8/resultados","1","1","Informado","2023-11-29T16:26:10","2023-11-29T16:26:10","42671235000155","VILLAS CESTAS COMERCIO DE PRODUTOS ALIMENTICIOS LTDA","PJ","1","ME","2062","Sociedade Empresária Limitada","BRA","400","21.2","8480","0",,,,,,,,,"FALSE",,,,,"FALSE","FALSE",,,,,"FALSE","1","2023-11-29",,,,,,
"03518900000113-1-000012/2023","1","https://pncp.gov.br/api/pncp/v1/orgaos/03518900000113/compras/2023/12/itens/1/resultados","1","1","Informado","2023-11-30T12:12:02","2023-11-30T12:12:02","00331788003304","AIR LIQUIDE BRASIL LTDA","PJ","3","Demais","2062","Sociedade Empresária Limitada","BRA","1","488300","488300","0",,,,,,,,,"FALSE",,,,,"FALSE","FALSE",,,,,"FALSE",,"2023-11-30",,,,,,
"76417005000186-1-000139/2023","1","https://pncp.gov.br/api/pncp/v1/orgaos/76417005000186/compras/2023/139/itens/1/resultados","1","1","Informado","2023-12-01T07:43:46","2023-12-01T07:43:46","14349591000111","BK ENGENHARIA E METROLOGIA LTDA","PJ","3","Demais","2062","Sociedade Empresária Limitada","BRA","1","204009.2407","204009.2407","10.48",,,,,,,,,"FALSE",,,,,"FALSE","FALSE",,,,,"FALSE",,"2023-12-01",,,,,,
"76417005000186-1-000143/2023","1","https://pncp.gov.br/api/pncp/v1/orgaos/76417005000186/compras/2023/143/itens/1/resultados","1","1","Informado","2023-12-01T08:27:23","2023-12-01T08:27:23","24603766000129","MANANCIAL MEDICAL LTDA","PJ","1","ME","2062","Sociedade Empresária Limitada","BRA","50","640","32000","0",,,,,,,,,"FALSE",,,,,"FALSE","FALSE",,,,,"FALSE","1","2023-12-01",,,,,,
"76417005000186-1-000081/2023","1","https://pncp.gov.br/api/pncp/v1/orgaos/76417005000186/compras/2023/81/itens/1/resultados","1","1","Informado","2023-12-07T10:43:24","2023-12-07T10:43:24","20254135000190","AUX CONTACT CENTER LTDA","PJ","1","ME","2062","Sociedade Empresária Limitada","BRA","1","189899.52","189899.52","0",,,,,,,,,"FALSE",,,,,"FALSE","FALSE",,,,,"FALSE",,"2023-12-01",,,,,,
"76417005000186-1-000144/2023","1","https://pncp.gov.br/api/pncp/v1/orgaos/76417005000186/compras/2023/144/itens/1/resultados","1","1","Informado","2023-12-07T10:58:05","2023-12-07T10:58:05","06217117000108","ART MEDICAL PRODUTOS MEDICO-HOSPITALARES LTDA","PJ","1","ME","2062","Sociedade Empresária Limitada","BRA","150","85","12750","0",,,,,,,,,"FALSE",,,,,"FALSE","FALSE",,,,,"FALSE","1","2023-12-04",,,,,,
"76417005000186-1-000144/2023","2","https://pncp.gov.br/api/pncp/v1/orgaos/76417005000186/compras/2023/144/itens/2/resultados","1","1","Informado","2023-12-07T10:58:06","2023-12-07T10:58:06","06217117000108","ART MEDICAL PRODUTOS MEDICO-HOSPITALARES LTDA","PJ","1","ME","2062","Sociedade Empresária Limitada","BRA","600","74","44400","0",,,,,,,,,"FALSE",,,,,"FALSE","FALSE",,,,,"FALSE","1","2023-12-04",,,,,,
"76417005000186-1-000112/2023","1","https://pncp.gov.br/api/pncp/v1/orgaos/76417005000186/compras/2023/112/itens/1/resultados","1","1","Informado","2023-12-07T11:08:15","2023-12-07T11:08:15","37902352000142","ARMY BATERIAS LTDA","PJ","1","ME","2062","Sociedade Empresária Limitada","BRA","4","275","1100","0",,,,,,,,,"FALSE",,,,,"FALSE","FALSE",,,,,"FALSE","1","2023-12-04",,,,,,
"76417005000186-1-000112/2023","2","https://pncp.gov.br/api/pncp/v1/orgaos/76417005000186/compras/2023/112/itens/2/resultados","1","1","Informado","2023-12-07T11:08:16","2023-12-07T11:08:16","36469275000116","SO BATERIAS - COMERCIO DE BATERIAS LTDA","PJ","1","ME","2062","Sociedade Empresária Limitada","BRA","20","86","1720","0",,,,,,,,,"FALSE",,,,,"FALSE","FALSE",,,,,"FALSE","1","2023-12-04",,,,,,
"76417005000186-1-000112/2023","3","https://pncp.gov.br/api/pncp/v1/orgaos/76417005000186/compras/2023/112/itens/3/resultados","1","1","Informado","2023-12-07T11:08:17","2023-12-07T11:08:17","43313812000108","POWER TECH SOLUCOES INDUSTRIAIS LTDA","PJ","1","ME","2062","Sociedade Empresária Limitada","BRA","128","88.88","11376.64","0",,,,,,,,,"FALSE",,,,,"FALSE","FALSE",,,,,"FALSE","1","2023-12-04",,,,,,
"76417005000186-1-000112/2023","4","https://pncp.gov.br/api/pncp/v1/orgaos/76417005000186/compras/2023/112/itens/4/resultados","1","1","Informado","2023-12-07T11:08:17","2023-12-07T11:08:17","36469275000116","SO BATERIAS - COMERCIO DE BATERIAS LTDA","PJ","1","ME","2062","Sociedade Empresária Limitada","BRA","4","280","1120","0",,,,,,,,,"FALSE",,,,,"FALSE","FALSE",,,,,"FALSE","1","2023-12-04",,,,,,
"76417005000186-1-000112/2023","5","https://pncp.gov.br/api/pncp/v1/orgaos/76417005000186/compras/2023/112/itens/5/resultados","1","1","Informado","2023-12-07T11:08:18","2023-12-07T11:08:18","36469275000116","SO BATERIAS - COMERCIO DE BATERIAS LTDA","PJ","1","ME","2062","Sociedade Empresária Limitada","BRA","4","259","1036","0",,,,,,,,,"FALSE",,,,,"FALSE","FALSE",,,,,"FALSE","1","2023-12-04",,,,,,
"76417005000186-1-000111/2023","1","https://pncp.gov.br/api/pncp/v1/orgaos/76417005000186/compras/2023/111/itens/1/resultados","1","1","Informado","2023-12-11T11:15:31","2023-12-11T11:15:31","08306023000130","NOVA ESTRUTURA CONSTRUCOES LTDA","PJ","1","ME","2062","Sociedade Empresária Limitada","BRA","1","717115.8603","717115.8603","16.2",,,,,,,,,"FALSE",,,,,"FALSE","FALSE",,,,,"FALSE",,"2023-12-11",,,,,,
"76417005000186-1-000132/2023","1","https://pncp.gov.br/api/pncp/v1/orgaos/76417005000186/compras/2023/132/itens/1/resultados","1","1","Informado","2023-12-12T09:33:46","2023-12-12T09:33:46","23380517000159","ELO MEDICAL COMERCIAL LTDA","PJ","1","ME","2062","Sociedade Empresária Limitada","BRA","1","150","150","0",,,,,,,,,"FALSE",,,,,"FALSE","FALSE",,,,,"FALSE",,"2023-12-12",,,,,,
"76417005000186-1-000132/2023","2","https://pncp.gov.br/api/pncp/v1/orgaos/76417005000186/compras/2023/132/itens/2/resultados","1","1","Informado","2023-12-12T09:33:46","2023-12-12T09:33:46","23380517000159","ELO MEDICAL COMERCIAL LTDA","PJ","1","ME","2062","Sociedade Empresária Limitada","BRA","1","250","250","0",,,,,,,,,"FALSE",,,,,"FALSE","FALSE",,,,,"FALSE",,"2023-12-12",,,,,,
"76417005000186-1-000138/2023","2","https://pncp.gov.br/api/pncp/v1/orgaos/76417005000186/compras/2023/138/itens/2/resultados","1","1","Informado","2023-12-12T09:48:34","2023-12-12T09:48:34","02480417000124","QUERETARO TECNOLOGIA DE PROTECAO AMBIENTAL LTDA","PJ","1","ME","2062","Sociedade Empresária Limitada","BRA","1500","5","7500","0",,,,,,,,,"FALSE",,,,,"FALSE","FALSE",,,,,"FALSE","1","2023-12-12",,,,,,
"76417005000186-1-000138/2023","3","https://pncp.gov.br/api/pncp/v1/orgaos/76417005000186/compras/2023/138/itens/3/resultados","1","1","Informado","2023-12-12T09:48:34","2023-12-12T09:48:34","02480417000124","QUERETARO TECNOLOGIA DE PROTECAO AMBIENTAL LTDA","PJ","1","ME","2062","Sociedade Empresária Limitada","BRA","1500","5.7","8550","0",,,,,,,,,"FALSE",,,,,"FALSE","FALSE",,,,,"FALSE","1","2023-12-12",,,,,,
"76417005000186-1-000138/2023","4","https://pncp.gov.br/api/pncp/v1/orgaos/76417005000186/compras/2023/138/itens/4/resultados","1","1","Informado","2023-12-12T09:48:34","2023-12-12T09:48:34","47171447000197","VOGLIO IMPORTADORA, EXPORTADORA E REPRESENTACOES LTDA.","PJ","1","ME","2062","Sociedade Empresária Limitada","BRA","1500","5.97","8955","0",,,,,,,,,"FALSE",,,,,"FALSE","FALSE",,,,,"FALSE","1","2023-12-12",,,,,,
"76417005000186-1-000138/2023","5","https://pncp.gov.br/api/pncp/v1/orgaos/76417005000186/compras/2023/138/itens/5/resultados","1","1","Informado","2023-12-12T09:48:34","2023-12-12T09:48:34","05893370000119","OGT DISTRIBUIDORA LTDA","PJ","1","ME","2062","Sociedade Empresária Limitada","BRA","700","19.59","13713","0",,,,,,,,,"FALSE",,,,,"FALSE","FALSE",,,,,"FALSE","1","2023-12-12",,,,,,
"76417005000186-1-000138/2023","6","https://pncp.gov.br/api/pncp/v1/orgaos/76417005000186/compras/2023/138/itens/6/resultados","1","1","Informado","2023-12-12T09:48:35","2023-12-12T09:48:35","05893370000119","OGT DISTRIBUIDORA LTDA","PJ","1","ME","2062","Sociedade Empresária Limitada","BRA","1500","2.27","3405","0",,,,,,,,,"FALSE",,,,,"FALSE","FALSE",,,,,"FALSE","1","2023-12-12",,,,,,
"76417005000186-1-000138/2023","7","https://pncp.gov.br/api/pncp/v1/orgaos/76417005000186/compras/2023/138/itens/7/resultados","1","1","Informado","2023-12-12T09:48:35","2023-12-12T09:48:35","42698864000179","AUGE LUZ MATERIAIS ELETRICOS LTDA","PJ","1","ME","2062","Sociedade Empresária Limitada","BRA","200","168.75","33750","0",,,,,,,,,"FALSE",,,,,"FALSE","FALSE",,,,,"FALSE","1","2023-12-12",,,,,,
"76417005000186-1-000131/2023","1","https://pncp.gov.br/api/pncp/v1/orgaos/76417005000186/compras/2023/131/itens/1/resultados","1","1","Informado","2023-12-12T09:48:59","2023-12-12T09:48:59","27091513000101","GOLDEN COMERCIO E LOCACAO DE EQUIPAMENTOS MEDICOS LTDA","PJ","1","ME","2062","Sociedade Empresária Limitada","BRA","1","54800","54800","0",,,,,,,,,"FALSE",,,,,"FALSE","FALSE",,,,,"FALSE",,"2023-12-12",,,,,,
"76417005000186-1-000114/2023","1","https://pncp.gov.br/api/pncp/v1/orgaos/76417005000186/compras/2023/114/itens/1/resultados","1","1","Informado","2023-12-13T15:47:46","2023-12-13T15:47:46","81706251000198","PROMEFARMA MEDICAMENTOS E PRODUTOS HOSPITALARES LTDA","PJ","3","Demais","2062","Sociedade Empresária Limitada","BRA","160000","0.245","39200","0",,,,,,,,,"FALSE",,,,,"FALSE","FALSE",,,,,"FALSE","1","2023-12-13",,,,,,
"76417005000186-1-000114/2023","2","https://pncp.gov.br/api/pncp/v1/orgaos/76417005000186/compras/2023/114/itens/2/resultados","1","1","Informado","2023-12-13T15:47:46","2023-12-13T15:47:46","49324221001690","FRESENIUS KABI BRASIL LTDA.","PJ","3","Demais","2062","Sociedade Empresária Limitada","BRA","25000","3.8","95000","0",,,,,,,,,"FALSE",,,,,"FALSE","FALSE",,,,,"FALSE","1","2023-12-13",,,,,,
"76417005000186-1-000114/2023","6","https://pncp.gov.br/api/pncp/v1/orgaos/76417005000186/compras/2023/114/itens/6/resultados","1","1","Informado","2023-12-13T15:47:46","2023-12-13T15:47:46","01571702000198","HALEX ISTAR INDUSTRIA FARMACEUTICA SA","PJ","3","Demais","2054","Sociedade Anônima Fechada","BRA","40000","3.33","133200","0",,,,,,,,,"FALSE",,,,,"FALSE","FALSE",,,,,"FALSE","1","2023-12-13",,,,,,
"76417005000186-1-000114/2023","7","https://pncp.gov.br/api/pncp/v1/orgaos/76417005000186/compras/2023/114/itens/7/resultados","1","1","Informado","2023-12-13T15:47:46","2023-12-13T15:47:46","49324221001690","FRESENIUS KABI BRASIL LTDA.","PJ","3","Demais","2062","Sociedade Empresária Limitada","BRA","20000","3.8","76000","0",,,,,,,,,"FALSE",,,,,"FALSE","FALSE",,,,,"FALSE","1","2023-12-13",,,,,,
"76417005000186-1-000114/2023","8","https://pncp.gov.br/api/pncp/v1/orgaos/76417005000186/compras/2023/114/itens/8/resultados","1","1","Informado","2023-12-13T15:47:46","2023-12-13T15:47:46","49324221001690","FRESENIUS KABI BRASIL LTDA.","PJ","3","Demais","2062","Sociedade Empresária Limitada","BRA","8000","4.96","39680","0",,,,,,,,,"FALSE",,,,,"FALSE","FALSE",,,,,"FALSE","1","2023-12-13",,,,,,
"76417005000186-1-000114/2023","9","https://pncp.gov.br/api/pncp/v1/orgaos/76417005000186/compras/2023/114/itens/9/resultados","1","1","Informado","2023-12-13T15:47:46","2023-12-13T15:47:46","49324221001690","FRESENIUS KABI BRASIL LTDA.","PJ","3","Demais","2062","Sociedade Empresária Limitada","BRA","5000","7.55","37750","0",,,,,,,,,"FALSE",,,,,"FALSE","FALSE",,,,,"FALSE","1","2023-12-13",,,,,,
"76417005000186-1-000114/2023","10","https://pncp.gov.br/api/pncp/v1/orgaos/76417005000186/compras/2023/114/itens/10/resultados","1","1","Informado","2023-12-13T15:47:46","2023-12-13T15:47:46","01328535000159","CLASSMED - PRODUTOS HOSPITALARES LTDA","PJ","1","ME","2062","Sociedade Empresária Limitada","BRA","1200","8.8832","10659.84","0",,,,,,,,,"FALSE",,,,,"FALSE","FALSE",,,,,"FALSE","1","2023-12-13",,,,,,
"76417005000186-1-000142/2023","1","https://pncp.gov.br/api/pncp/v1/orgaos/76417005000186/compras/2023/142/itens/1/resultados","1","1","Informado","2023-12-18T09:52:41","2023-12-18T09:52:41","22250101000153","PROJEGAS - PROJETOS E INSTALACOES DE GASES LTDA","PJ","1","ME","2062","Sociedade Empresária Limitada","BRA","1","104000","104000","0",,,,,,,,,"FALSE",,,,,"FALSE","FALSE",,,,,"FALSE",,"2023-12-18",,,,,,
"76417005000186-1-000077/2023","1","https://pncp.gov.br/api/pncp/v1/orgaos/76417005000186/compras/2023/77/itens/1/resultados","1","1","Informado","2023-12-19T16:31:39","2023-12-19T16:31:39","10596721000160","GEORGINI PRODUTOS HOSPITALARES LTDA","PJ","3","Demais","2062","Sociedade Empresária Limitada","BRA","6000","7.3","43800","0",,,,,,,,,"FALSE",,,,,"FALSE","FALSE",,,,,"FALSE","1","2023-12-19",,,,,,
"76417005000186-1-000077/2023","2","https://pncp.gov.br/api/pncp/v1/orgaos/76417005000186/compras/2023/77/itens/2/resultados","1","1","Informado","2023-12-19T16:31:39","2023-12-19T16:31:39","37778759000100","CWBCARE PRODUTOS MEDICO HOSPITALARES LTDA","PJ","3","Demais","2062","Sociedade Empresária Limitada","BRA","1000","15.7","15700","0",,,,,,,,,"FALSE",,,,,"FALSE","FALSE",,,,,"FALSE","1","2023-12-19",,,,,,
"76417005000186-1-000077/2023","3","https://pncp.gov.br/api/pncp/v1/orgaos/76417005000186/compras/2023/77/itens/3/resultados","1","1","Informado","2023-12-19T16:31:39","2023-12-19T16:31:39","09390408000191","DMAX - DISTRIBUIDORA DE MEDICAMENTOS E MATERIAL HOSPITALAR LTDA.","PJ","1","ME","2062","Sociedade Empresária Limitada","BRA","6000","7.8","46800","0",,,,,,,,,"FALSE",,,,,"FALSE","FALSE",,,,,"FALSE","1","2023-12-19",,,,,,
"76417005000186-1-000077/2023","4","https://pncp.gov.br/api/pncp/v1/orgaos/76417005000186/compras/2023/77/itens/4/resultados","1","1","Informado","2023-12-19T16:31:39","2023-12-19T16:31:39","24118004000137","ANGULAR PRODUTOS PARA SAUDE LTDA","PJ","3","Demais","2062","Sociedade Empresária Limitada","BRA","60","9.4","564","0",,,,,,,,,"FALSE",,,,,"FALSE","FALSE",,,,,"FALSE","1","2023-12-19",,,,,,
"76417005000186-1-000077/2023","5","https://pncp.gov.br/api/pncp/v1/orgaos/76417005000186/compras/2023/77/itens/5/resultados","1","1","Informado","2023-12-19T16:31:39","2023-12-19T16:31:39","10596721000160","GEORGINI PRODUTOS HOSPITALARES LTDA","PJ","3","Demais","2062","Sociedade Empresária Limitada","BRA","5000","7.25","36250","0",,,,,,,,,"FALSE",,,,,"FALSE","FALSE",,,,,"FALSE","1","2023-12-19",,,,,,
"76417005000186-1-000077/2023","6","https://pncp.gov.br/api/pncp/v1/orgaos/76417005000186/compras/2023/77/itens/6/resultados","1","1","Informado","2023-12-19T16:31:39","2023-12-19T16:31:39","31445696000193","HRMEDICAL SOLUCOES LTDA","PJ","1","ME","2062","Sociedade Empresária Limitada","BRA","200","38.99","7798","0",,,,,,,,,"FALSE",,,,,"FALSE","FALSE",,,,,"FALSE","1","2023-12-19",,,,,,
"76417005000186-1-000077/2023","7","https://pncp.gov.br/api/pncp/v1/orgaos/76417005000186/compras/2023/77/itens/7/resultados","1","1","Informado","2023-12-19T16:31:39","2023-12-19T16:31:39","31445696000193","HRMEDICAL SOLUCOES LTDA","PJ","1","ME","2062","Sociedade Empresária Limitada","BRA","100","41","4100","0",,,,,,,,,"FALSE",,,,,"FALSE","FALSE",,,,,"FALSE","1","2023-12-19",,,,,,
"76417005000186-1-000077/2023","9","https://pncp.gov.br/api/pncp/v1/orgaos/76417005000186/compras/2023/77/itens/9/resultados","1","1","Informado","2023-12-19T16:31:39","2023-12-19T16:31:39","00802002000102","ALTERMED MATERIAL MEDICO HOSPITALAR LTDA","PJ","3","Demais","2062","Sociedade Empresária Limitada","BRA","100","18.4137","1841.37","0",,,,,,,,,"FALSE",,,,,"FALSE","FALSE",,,,,"FALSE","1","2023-12-19",,,,,,
"76417005000186-1-000077/2023","10","https://pncp.gov.br/api/pncp/v1/orgaos/76417005000186/compras/2023/77/itens/10/resultados","1","1","Informado","2023-12-19T16:31:39","2023-12-19T16:31:39","39151912000108","PAVA HOSPITALAR LTDA","PJ","1","ME","2062","Sociedade Empresária Limitada","BRA","240","649","155760","0",,,,,,,,,"FALSE",,,,,"FALSE","FALSE",,,,,"FALSE","1","2023-12-19",,,,,,
"03518900000113-1-000002/2023","1","https://pncp.gov.br/api/pncp/v1/orgaos/03518900000113/compras/2023/2/itens/1/resultados","1","1","Informado","2023-07-19T14:30:22","2023-07-19T14:30:22","42556618000182","MIDIA COLLOR COMUNICACAO VISUAL LTDA","PJ","3","Demais",,,"BRA","1","22000","22000","0",,,,,,,,,"FALSE",,,,,"FALSE","FALSE",,,,,"FALSE","1","2023-07-19",,,,,,
"14814139000183-1-000037/2025","1","https://pncp.gov.br/api/pncp/v1/orgaos/14814139000183/compras/2025/37/itens/1/resultados","1","1","Informado","2025-03-06T10:38:07","2025-03-06T10:38:07","13881437000123","PROAMED REPARACAO DE EQUIPAMENTOS HOSPITALARES LTDA","PJ","1","ME","2062","Sociedade Empresária Limitada","BRA","1","32736","32736","0",,,,,,,,,"FALSE",,,,,"FALSE","FALSE",,,,,"FALSE","1","2025-03-06",,,,,,
"76417005000186-1-000155/2023","1","https://pncp.gov.br/api/pncp/v1/orgaos/76417005000186/compras/2023/155/itens/1/resultados","1","1","Informado","2023-11-29T16:28:28","2023-11-29T16:28:28","14278276000140","SX TECNOLOGIA E SERVICOS CORPORATIVOS LTDA","PJ","3","Demais",,,"BRA","1","53010","53010","0",,,,,,,,,"FALSE",,,,,"FALSE","FALSE",,,,,"FALSE","1","2023-11-29",,,,,,
"76417005000186-1-000156/2023","1","https://pncp.gov.br/api/pncp/v1/orgaos/76417005000186/compras/2023/156/itens/1/resultados","1","1","Informado","2023-12-05T14:04:44","2023-12-05T14:04:44","45502808000105","ASAE SERVICOS ELETRICOS LTDA","PJ","3","Demais",,,"BRA","1","23659","23659","0",,,,,,,,,"FALSE",,,,,"FALSE","FALSE",,,,,"FALSE","1","2023-12-05",,,,,,
"76417005000186-1-000150/2023","9","https://pncp.gov.br/api/pncp/v1/orgaos/76417005000186/compras/2023/150/itens/9/resultados","1","1","Informado","2023-12-20T14:44:02","2023-12-20T14:44:02","00802002000102","ALTERMED MATERIAL MEDICO HOSPITALAR LTDA","PJ","3","Demais","2062","Sociedade Empresária Limitada","BRA","40000","0.022","880","0",,,,,,,,,"FALSE",,,,,"FALSE","FALSE",,,,,"FALSE","1","2023-12-20",,,,,,
"03518900000113-1-000021/2023","1","https://pncp.gov.br/api/pncp/v1/orgaos/03518900000113/compras/2023/21/itens/1/resultados","1","1","Informado","2023-12-20T14:48:45","2023-12-20T14:48:45","25027024000165","BRUDERTEC INFORMATICA E SISTEMA DE SEGURANCA LTDA","PJ","1","ME","2062","Sociedade Empresária Limitada","BRA","1","3911","3911","0",,,,,,,,,"FALSE",,,,,"FALSE","FALSE",,,,,"FALSE","1","2023-12-20",,,,,,
"03518900000113-1-000021/2023","2","https://pncp.gov.br/api/pncp/v1/orgaos/03518900000113/compras/2023/21/itens/2/resultados","1","1","Informado","2023-12-20T14:48:45","2023-12-20T14:48:45","41010343000114","HABITUS DIGITAL - COMERCIO E SERVICOS DE INFORMATICA LTDA","PJ","1","ME","2062","Sociedade Empresária Limitada","BRA","3","2090","6270","0",,,,,,,,,"FALSE",,,,,"FALSE","FALSE",,,,,"FALSE","1","2023-12-20",,,,,,
"03518900000113-1-000021/2023","3","https://pncp.gov.br/api/pncp/v1/orgaos/03518900000113/compras/2023/21/itens/3/resultados","1","1","Informado","2023-12-20T14:48:45","2023-12-20T14:48:45","25027024000165","BRUDERTEC INFORMATICA E SISTEMA DE SEGURANCA LTDA","PJ","1","ME","2062","Sociedade Empresária Limitada","BRA","15","717","10755","0",,,,,,,,,"FALSE",,,,,"FALSE","FALSE",,,,,"FALSE","1","2023-12-20",,,,,,
"03518900000113-1-000021/2023","4","https://pncp.gov.br/api/pncp/v1/orgaos/03518900000113/compras/2023/21/itens/4/resultados","1","1","Informado","2023-12-20T14:48:45","2023-12-20T14:48:45","48411373000181","TECHX INFORMATICA LTDA","PJ","1","ME","2062","Sociedade Empresária Limitada","BRA","10","2574","25740","0",,,,,,,,,"FALSE",,,,,"FALSE","FALSE",,,,,"FALSE","1","2023-12-20",,,,,,
"03518900000113-1-000021/2023","5","https://pncp.gov.br/api/pncp/v1/orgaos/03518900000113/compras/2023/21/itens/5/resultados","1","1","Informado","2023-12-20T14:48:45","2023-12-20T14:48:45","31216370000194","FATOR X TECNOLOGIA DIGITAL LTDA","PJ","3","Demais","2062","Sociedade Empresária Limitada","BRA","30","2100","63000","0",,,,,,,,,"FALSE",,,,,"FALSE","FALSE",,,,,"FALSE","1","2023-12-20",,,,,,
"03518900000113-1-000021/2023","6","https://pncp.gov.br/api/pncp/v1/orgaos/03518900000113/compras/2023/21/itens/6/resultados","1","1","Informado","2023-12-20T14:48:45","2023-12-20T14:48:45","48411373000181","TECHX INFORMATICA LTDA","PJ","1","ME","2062","Sociedade Empresária Limitada","BRA","3","2699.44","8098.32","0",,,,,,,,,"FALSE",,,,,"FALSE","FALSE",,,,,"FALSE","1","2023-12-20",,,,,,
"03518900000113-1-000021/2023","7","https://pncp.gov.br/api/pncp/v1/orgaos/03518900000113/compras/2023/21/itens/7/resultados","1","1","Informado","2023-12-20T14:48:45","2023-12-20T14:48:45","48849767000116","BX DISTRIBUIDORA DE EQUIPAMENTOS LTDA","PJ","1","ME","2062","Sociedade Empresária Limitada","BRA","45","473.83","21322.35","0",,,,,,,,,"FALSE",,,,,"FALSE","FALSE",,,,,"FALSE","1","2023-12-20",,,,,,
"03518900000113-1-000021/2023","8","https://pncp.gov.br/api/pncp/v1/orgaos/03518900000113/compras/2023/21/itens/8/resultados","1","1","Informado","2023-12-20T14:48:45","2023-12-20T14:48:45","34091197000133","TECHTOYS BRINQUEDOS E TECNOLOGIA LTDA","PJ","1","ME","2062","Sociedade Empresária Limitada","BRA","10","140","1400","0",,,,,,,,,"FALSE",,,,,"FALSE","FALSE",,,,,"FALSE","1","2023-12-20",,,,,,
"03518900000113-1-000021/2023","9","https://pncp.gov.br/api/pncp/v1/orgaos/03518900000113/compras/2023/21/itens/9/resultados","1","1","Informado","2023-12-20T14:48:46","2023-12-20T14:48:46","34091197000133","TECHTOYS BRINQUEDOS E TECNOLOGIA LTDA","PJ","1","ME","2062","Sociedade Empresária Limitada","BRA","10","128","1280","0",,,,,,,,,"FALSE",,,,,"FALSE","FALSE",,,,,"FALSE","1","2023-12-20",,,,,,
"03518900000113-1-000021/2023","10","https://pncp.gov.br/api/pncp/v1/orgaos/03518900000113/compras/2023/21/itens/10/resultados","1","1","Informado","2023-12-20T14:48:46","2023-12-20T14:48:46","35046657000174","AUDIO E CIA COMERCIO E IMPORTACAO LTDA","PJ","1","ME","2062","Sociedade Empresária Limitada","BRA","30","69.99","2099.7","0",,,,,,,,,"FALSE",,,,,"FALSE","FALSE",,,,,"FALSE","1","2023-12-20",,,,,,
"03518900000113-1-000026/2023","1","https://pncp.gov.br/api/pncp/v1/orgaos/03518900000113/compras/2023/26/itens/1/resultados","1","1","Informado","2023-12-20T16:48:05","2023-12-20T16:48:05","14218014000190","BRM INDUSTRIA E COMERCIO DE ROTULOS LTDA","PJ","1","ME","2062","Sociedade Empresária Limitada","BRA","50","9","450","0",,,,,,,,,"FALSE",,,,,"FALSE","FALSE",,,,,"FALSE","1","2023-12-20",,,,,,
"03518900000113-1-000026/2023","2","https://pncp.gov.br/api/pncp/v1/orgaos/03518900000113/compras/2023/26/itens/2/resultados","1","1","Informado","2023-12-20T16:48:05","2023-12-20T16:48:05","14218014000190","BRM INDUSTRIA E COMERCIO DE ROTULOS LTDA","PJ","1","ME","2062","Sociedade Empresária Limitada","BRA","30","24.1","723","0",,,,,,,,,"FALSE",,,,,"FALSE","FALSE",,,,,"FALSE","1","2023-12-20",,,,,,
"03518900000113-1-000026/2023","3","https://pncp.gov.br/api/pncp/v1/orgaos/03518900000113/compras/2023/26/itens/3/resultados","1","1","Informado","2023-12-20T16:48:05","2023-12-20T16:48:05","14218014000190","BRM INDUSTRIA E COMERCIO DE ROTULOS LTDA","PJ","1","ME","2062","Sociedade Empresária Limitada","BRA","300","18","5400","0",,,,,,,,,"FALSE",,,,,"FALSE","FALSE",,,,,"FALSE","1","2023-12-20",,,,,,
"03518900000113-1-000026/2023","4","https://pncp.gov.br/api/pncp/v1/orgaos/03518900000113/compras/2023/26/itens/4/resultados","1","1","Informado","2023-12-20T16:48:06","2023-12-20T16:48:06","29199910000208","VB PAPELARIA E PRESENTES LTDA","PJ","1","ME","2062","Sociedade Empresária Limitada","BRA","2","4","8","0",,,,,,,,,"FALSE",,,,,"FALSE","FALSE",,,,,"FALSE","1","2023-12-20",,,,,,
"03518900000113-1-000026/2023","5","https://pncp.gov.br/api/pncp/v1/orgaos/03518900000113/compras/2023/26/itens/5/resultados","1","1","Informado","2023-12-20T16:48:06","2023-12-20T16:48:06","29199910000208","VB PAPELARIA E PRESENTES LTDA","PJ","1","ME","2062","Sociedade Empresária Limitada","BRA","20","35","700","0",,,,,,,,,"FALSE",,,,,"FALSE","FALSE",,,,,"FALSE","1","2023-12-20",,,,,,
"03518900000113-1-000026/2023","6","https://pncp.gov.br/api/pncp/v1/orgaos/03518900000113/compras/2023/26/itens/6/resultados","1","1","Informado","2023-12-20T16:48:11","2023-12-20T16:48:11","29199910000208","VB PAPELARIA E PRESENTES LTDA","PJ","1","ME","2062","Sociedade Empresária Limitada","BRA","20","3.8","76","0",,,,,,,,,"FALSE",,,,,"FALSE","FALSE",,,,,"FALSE","1","2023-12-20",,,,,,
"03518900000113-1-000026/2023","7","https://pncp.gov.br/api/pncp/v1/orgaos/03518900000113/compras/2023/26/itens/7/resultados","1","1","Informado","2023-12-20T16:48:06","2023-12-20T16:48:06","29199910000208","VB PAPELARIA E PRESENTES LTDA","PJ","1","ME","2062","Sociedade Empresária Limitada","BRA","200","3.2","640","0",,,,,,,,,"FALSE",,,,,"FALSE","FALSE",,,,,"FALSE","1","2023-12-20",,,,,,
"03518900000113-1-000026/2023","8","https://pncp.gov.br/api/pncp/v1/orgaos/03518900000113/compras/2023/26/itens/8/resultados","1","1","Informado","2023-12-20T16:48:11","2023-12-20T16:48:11","29199910000208","VB PAPELARIA E PRESENTES LTDA","PJ","1","ME","2062","Sociedade Empresária Limitada","BRA","200","5.1","1020","0",,,,,,,,,"FALSE",,,,,"FALSE","FALSE",,,,,"FALSE","1","2023-12-20",,,,,,
"03518900000113-1-000026/2023","9","https://pncp.gov.br/api/pncp/v1/orgaos/03518900000113/compras/2023/26/itens/9/resultados","1","1","Informado","2023-12-20T16:48:11","2023-12-20T16:48:11","29199910000208","VB PAPELARIA E PRESENTES LTDA","PJ","1","ME","2062","Sociedade Empresária Limitada","BRA","5","6.9","34.5","0",,,,,,,,,"FALSE",,,,,"FALSE","FALSE",,,,,"FALSE","1","2023-12-20",,,,,,
"03518900000113-1-000026/2023","10","https://pncp.gov.br/api/pncp/v1/orgaos/03518900000113/compras/2023/26/itens/10/resultados","1","1","Informado","2023-12-20T16:48:06","2023-12-20T16:48:06","29199910000208","VB PAPELARIA E PRESENTES LTDA","PJ","1","ME","2062","Sociedade Empresária Limitada","BRA","10","0.65","6.5","0",,,,,,,,,"FALSE",,,,,"FALSE","FALSE",,,,,"FALSE","1","2023-12-20",,,,,,
"76417005000186-1-000103/2023","1","https://pncp.gov.br/api/pncp/v1/orgaos/76417005000186/compras/2023/103/itens/1/resultados","1","1","Informado","2023-12-21T10:19:21","2023-12-21T10:19:21","39540572000107","WOLF VIGILANCIA PATRIMONIAL LTDA","PJ","1","ME","2062","Sociedade Empresária Limitada","BRA","1","294000","294000","0",,,,,,,,,"FALSE",,,,,"FALSE","FALSE",,,,,"FALSE",,"2023-12-21",,,,,,
"76417005000186-1-000103/2023","2","https://pncp.gov.br/api/pncp/v1/orgaos/76417005000186/compras/2023/103/itens/2/resultados","1","1","Informado","2023-12-21T10:19:21","2023-12-21T10:19:21","39540572000107","WOLF VIGILANCIA PATRIMONIAL LTDA","PJ","1","ME","2062","Sociedade Empresária Limitada","BRA","1","440000","440000","0",,,,,,,,,"FALSE",,,,,"FALSE","FALSE",,,,,"FALSE",,"2023-12-21",,,,,,
"76417005000186-1-000103/2023","3","https://pncp.gov.br/api/pncp/v1/orgaos/76417005000186/compras/2023/103/itens/3/resultados","1","1","Informado","2023-12-21T10:19:21","2023-12-21T10:19:21","39540572000107","WOLF VIGILANCIA PATRIMONIAL LTDA","PJ","1","ME","2062","Sociedade Empresária Limitada","BRA","1","440000","440000","0",,,,,,,,,"FALSE",,,,,"FALSE","FALSE",,,,,"FALSE",,"2023-12-21",,,,,,
"76417005000186-1-000130/2023","1","https://pncp.gov.br/api/pncp/v1/orgaos/76417005000186/compras/2023/130/itens/1/resultados","1","1","Informado","2023-12-21T15:08:15","2023-12-21T15:08:15","00912957000104","CASPERE ASSIST TEC EM EQUIPAMENTOS HOSPITALARES LTDA","PJ","1","ME","2062","Sociedade Empresária Limitada","BRA","1","148300","148300","0",,,,,,,,,"FALSE",,,,,"FALSE","FALSE",,,,,"FALSE",,"2023-12-21",,,,,,
"76417005000186-1-000160/2023","1","https://pncp.gov.br/api/pncp/v1/orgaos/76417005000186/compras/2023/160/itens/1/resultados","1","1","Informado","2023-12-21T16:45:28","2023-12-21T16:45:28","03302477000110","ROSSANE SERAFIM MATOS","PJ","1","ME","2135","Empresário (Individual)","BRA","2700","45.75","123525","0",,,,,,,,,"FALSE",,,,,"FALSE","FALSE",,,,,"FALSE","1","2023-12-21",,,,,,
"76417005000186-1-000160/2023","2","https://pncp.gov.br/api/pncp/v1/orgaos/76417005000186/compras/2023/160/itens/2/resultados","1","1","Informado","2023-12-21T16:45:28","2023-12-21T16:45:28","03302477000110","ROSSANE SERAFIM MATOS","PJ","1","ME","2135","Empresário (Individual)","BRA","900","45.75","41175","0",,,,,,,,,"FALSE",,,,,"FALSE","FALSE",,,,,"FALSE","1","2023-12-21",,,,,,
"76417005000186-1-000160/2023","3","https://pncp.gov.br/api/pncp/v1/orgaos/76417005000186/compras/2023/160/itens/3/resultados","1","1","Informado","2023-12-21T16:45:28","2023-12-21T16:45:28","03612312000497","NUTRIPORT COMERCIAL LTDA.","PJ","3","Demais","2062","Sociedade Empresária Limitada","BRA","960","61.36","58905.6","0",,,,,,,,,"FALSE",,,,,"FALSE","FALSE",,,,,"FALSE","1","2023-12-21",,,,,,
"76417005000186-1-000160/2023","4","https://pncp.gov.br/api/pncp/v1/orgaos/76417005000186/compras/2023/160/itens/4/resultados","1","1","Informado","2023-12-21T16:45:29","2023-12-21T16:45:29","12694747000176","NUTRICLIN SAUDE COMERCIO DE PRODUTOS NUTRICIONAIS LTDA","PJ","3","Demais","2062","Sociedade Empresária Limitada","BRA","30000","0.63","18900","0",,,,,,,,,"FALSE",,,,,"FALSE","FALSE",,,,,"FALSE","1","2023-12-21",,,,,,
"76417005000186-1-000160/2023","5","https://pncp.gov.br/api/pncp/v1/orgaos/76417005000186/compras/2023/160/itens/5/resultados","1","1","Informado","2023-12-21T16:45:28","2023-12-21T16:45:28","03302477000110","ROSSANE SERAFIM MATOS","PJ","1","ME","2135","Empresário (Individual)","BRA","5000","10.81","54050","0",,,,,,,,,"FALSE",,,,,"FALSE","FALSE",,,,,"FALSE","1","2023-12-21",,,,,,
"76417005000186-1-000095/2023","1","https://pncp.gov.br/api/pncp/v1/orgaos/76417005000186/compras/2023/95/itens/1/resultados","1","1","Informado","2023-12-29T08:31:08","2023-12-29T08:31:08","37882886000154","VERDE DISTRIBUIDORA DE MEDICAMENTOS LTDA","PJ","1","ME","2062","Sociedade Empresária Limitada","BRA","30000","0.2555","7665","0",,,,,,,,,"FALSE",,,,,"FALSE","FALSE",,,,,"FALSE","1","2023-12-29",,,,,,
"76417005000186-1-000095/2023","2","https://pncp.gov.br/api/pncp/v1/orgaos/76417005000186/compras/2023/95/itens/2/resultados","1","1","Informado","2023-12-29T08:31:07","2023-12-29T08:31:07","05247406000197","TORRE FORTE ATACADO E VAREJO LTDA","PJ","1","ME","2062","Sociedade Empresária Limitada","BRA","4000","1.05","4200","0",,,,,,,,,"FALSE",,,,,"FALSE","FALSE",,,,,"FALSE","1","2023-12-29",,,,,,
"76417005000186-1-000095/2023","3","https://pncp.gov.br/api/pncp/v1/orgaos/76417005000186/compras/2023/95/itens/3/resultados","1","1","Informado","2023-12-29T08:31:07","2023-12-29T08:31:07","18255796000199","M MAGALHAES PRODUTOS HOSPITALAR LTDA","PJ","1","ME","2062","Sociedade Empresária Limitada","BRA","5000","0.32","1600","0",,,,,,,,,"FALSE",,,,,"FALSE","FALSE",,,,,"FALSE","1","2023-12-29",,,,,,
"76417005000186-1-000095/2023","4","https://pncp.gov.br/api/pncp/v1/orgaos/76417005000186/compras/2023/95/itens/4/resultados","1","1","Informado","2023-12-29T08:31:07","2023-12-29T08:31:07","18255796000199","M MAGALHAES PRODUTOS HOSPITALAR LTDA","PJ","1","ME","2062","Sociedade Empresária Limitada","BRA","25000","0.32","8000","0",,,,,,,,,"FALSE",,,,,"FALSE","FALSE",,,,,"FALSE","1","2023-12-29",,,,,,
"76417005000186-1-000095/2023","5","https://pncp.gov.br/api/pncp/v1/orgaos/76417005000186/compras/2023/95/itens/5/resultados","1","1","Informado","2023-12-29T08:31:07","2023-12-29T08:31:07","18255796000199","M MAGALHAES PRODUTOS HOSPITALAR LTDA","PJ","1","ME","2062","Sociedade Empresária Limitada","BRA","25000","0.32","8000","0",,,,,,,,,"FALSE",,,,,"FALSE","FALSE",,,,,"FALSE","1","2023-12-29",,,,,,
"76417005000186-1-000095/2023","6","https://pncp.gov.br/api/pncp/v1/orgaos/76417005000186/compras/2023/95/itens/6/resultados","1","1","Informado","2023-12-29T08:31:07","2023-12-29T08:31:07","48778881000100","FASTMED COMERCIO DE MEDICAMENTOS E MATERIAIS HOSPITALARES LTDA","PJ","1","ME","2062","Sociedade Empresária Limitada","BRA","9000","2.32","20880","0",,,,,,,,,"FALSE",,,,,"FALSE","FALSE",,,,,"FALSE","1","2023-12-29",,,,,,
"76417005000186-1-000095/2023","7","https://pncp.gov.br/api/pncp/v1/orgaos/76417005000186/compras/2023/95/itens/7/resultados","1","1","Informado","2023-12-29T08:31:07","2023-12-29T08:31:07","30450803000109","ZAMMI INSTRUMENTAL LTDA","PJ","3","Demais","2062","Sociedade Empresária Limitada","BRA","100","16.8","1680","0",,,,,,,,,"FALSE",,,,,"FALSE","FALSE",,,,,"FALSE","1","2023-12-29",,,,,,
"76417005000186-1-000095/2023","8","https://pncp.gov.br/api/pncp/v1/orgaos/76417005000186/compras/2023/95/itens/8/resultados","1","1","Informado","2023-12-29T08:31:07","2023-12-29T08:31:07","30450803000109","ZAMMI INSTRUMENTAL LTDA","PJ","3","Demais","2062","Sociedade Empresária Limitada","BRA","100","17.4","1740","0",,,,,,,,,"FALSE",,,,,"FALSE","FALSE",,,,,"FALSE","1","2023-12-29",,,,,,
"76417005000186-1-000095/2023","9","https://pncp.gov.br/api/pncp/v1/orgaos/76417005000186/compras/2023/95/itens/9/resultados","1","1","Informado","2023-12-29T08:31:07","2023-12-29T08:31:07","17213439000103","ALDREY PAUCIO DA SILVA","PJ","1","ME","2135","Empresário (Individual)","BRA","1000","1.3","1300","0",,,,,,,,,"FALSE",,,,,"FALSE","FALSE",,,,,"FALSE","1","2023-12-29",,,,,,
"76417005000186-1-000095/2023","10","https://pncp.gov.br/api/pncp/v1/orgaos/76417005000186/compras/2023/95/itens/10/resultados","1","1","Informado","2023-12-29T08:31:08","2023-12-29T08:31:08","25463374000174","MEDEFE PRODUTOS MEDICO- HOSPITALARES LTDA","PJ","3","Demais","2062","Sociedade Empresária Limitada","BRA","2000","1.29","2580","0",,,,,,,,,"FALSE",,,,,"FALSE","FALSE",,,,,"FALSE","1","2023-12-29",,,,,,
"76417005000186-1-000166/2023","1","https://pncp.gov.br/api/pncp/v1/orgaos/76417005000186/compras/2023/166/itens/1/resultados","1","1","Informado","2024-01-02T16:23:06","2024-01-02T16:23:06","01582046000129","SR SERVICOS TERCEIRIZADOS LTDA","PJ","3","Demais","2062","Sociedade Empresária Limitada","BRA","1","4899999.96","4899999.96","0",,,,,,,,,"FALSE",,,,,"FALSE","FALSE",,,,,"FALSE",,"2024-01-02",,,,,,
"76417005000186-1-000097/2023","1","https://pncp.gov.br/api/pncp/v1/orgaos/76417005000186/compras/2023/97/itens/1/resultados","1","1","Informado","2024-01-03T10:09:49","2024-01-03T10:09:49","18255796000199","M MAGALHAES PRODUTOS HOSPITALAR LTDA","PJ","1","ME","2062","Sociedade Empresária Limitada","BRA","30000","0.3","9000","0",,,,,,,,,"FALSE",,,,,"FALSE","FALSE",,,,,"FALSE","1","2024-01-03",,,,,,
"76417005000186-1-000097/2023","2","https://pncp.gov.br/api/pncp/v1/orgaos/76417005000186/compras/2023/97/itens/2/resultados","1","1","Informado","2024-01-03T10:09:50","2024-01-03T10:09:50","00802002000102","ALTERMED MATERIAL MEDICO HOSPITALAR LTDA","PJ","3","Demais","2062","Sociedade Empresária Limitada","BRA","150","5.1948","779.22","0",,,,,,,,,"FALSE",,,,,"FALSE","FALSE",,,,,"FALSE","1","2024-01-03",,,,,,
"76417005000186-1-000097/2023","3","https://pncp.gov.br/api/pncp/v1/orgaos/76417005000186/compras/2023/97/itens/3/resultados","1","1","Informado","2024-01-03T10:09:50","2024-01-03T10:09:50","25463374000174","MEDEFE PRODUTOS MEDICO- HOSPITALARES LTDA","PJ","3","Demais","2062","Sociedade Empresária Limitada","BRA","150","14.24","2136","0",,,,,,,,,"FALSE",,,,,"FALSE","FALSE",,,,,"FALSE","1","2024-01-03",,,,,,
"76417005000186-1-000097/2023","4","https://pncp.gov.br/api/pncp/v1/orgaos/76417005000186/compras/2023/97/itens/4/resultados","1","1","Informado","2024-01-03T10:09:50","2024-01-03T10:09:50","00656468000139","SOMA/PR COMERCIO DE PRODUTOS HOSPITALARES LTDA","PJ","3","Demais","2062","Sociedade Empresária Limitada","BRA","100","10.4","1040","0",,,,,,,,,"FALSE",,,,,"FALSE","FALSE",,,,,"FALSE","1","2024-01-03",,,,,,
"76417005000186-1-000097/2023","5","https://pncp.gov.br/api/pncp/v1/orgaos/76417005000186/compras/2023/97/itens/5/resultados","1","1","Informado","2024-01-03T10:09:50","2024-01-03T10:09:50","00656468000139","SOMA/PR COMERCIO DE PRODUTOS HOSPITALARES LTDA","PJ","3","Demais","2062","Sociedade Empresária Limitada","BRA","100","10.4","1040","0",,,,,,,,,"FALSE",,,,,"FALSE","FALSE",,,,,"FALSE","1","2024-01-03",,,,,,
"76417005000186-1-000097/2023","6","https://pncp.gov.br/api/pncp/v1/orgaos/76417005000186/compras/2023/97/itens/6/resultados","1","1","Informado","2024-01-03T10:09:50","2024-01-03T10:09:50","49918306000110","INNOVE COMERCIO DE PRODUTOS MEDICO HOSPITALARES LTDA","PJ","1","ME","2062","Sociedade Empresária Limitada","BRA","100","9.48","948","0",,,,,,,,,"FALSE",,,,,"FALSE","FALSE",,,,,"FALSE","1","2024-01-03",,,,,,
"76417005000186-1-000097/2023","7","https://pncp.gov.br/api/pncp/v1/orgaos/76417005000186/compras/2023/97/itens/7/resultados","1","1","Informado","2024-01-03T10:09:50","2024-01-03T10:09:50","49918306000110","INNOVE COMERCIO DE PRODUTOS MEDICO HOSPITALARES LTDA","PJ","1","ME","2062","Sociedade Empresária Limitada","BRA","100","9.48","948","0",,,,,,,,,"FALSE",,,,,"FALSE","FALSE",,,,,"FALSE","1","2024-01-03",,,,,,
"76417005000186-1-000097/2023","8","https://pncp.gov.br/api/pncp/v1/orgaos/76417005000186/compras/2023/97/itens/8/resultados","1","1","Informado","2024-01-03T10:09:50","2024-01-03T10:09:50","49918306000110","INNOVE COMERCIO DE PRODUTOS MEDICO HOSPITALARES LTDA","PJ","1","ME","2062","Sociedade Empresária Limitada","BRA","150","9.14","1371","0",,,,,,,,,"FALSE",,,,,"FALSE","FALSE",,,,,"FALSE","1","2024-01-03",,,,,,
"76417005000186-1-000097/2023","9","https://pncp.gov.br/api/pncp/v1/orgaos/76417005000186/compras/2023/97/itens/9/resultados","1","1","Informado","2024-01-03T10:09:50","2024-01-03T10:09:50","49918306000110","INNOVE COMERCIO DE PRODUTOS MEDICO HOSPITALARES LTDA","PJ","1","ME","2062","Sociedade Empresária Limitada","BRA","150","9.14","1371","0",,,,,,,,,"FALSE",,,,,"FALSE","FALSE",,,,,"FALSE","1","2024-01-03",,,,,,
"76417005000186-1-000097/2023","10","https://pncp.gov.br/api/pncp/v1/orgaos/76417005000186/compras/2023/97/itens/10/resultados","1","1","Informado","2024-01-03T10:09:50","2024-01-03T10:09:50","49918306000110","INNOVE COMERCIO DE PRODUTOS MEDICO HOSPITALARES LTDA","PJ","1","ME","2062","Sociedade Empresária Limitada","BRA","200","9.14","1828","0",,,,,,,,,"FALSE",,,,,"FALSE","FALSE",,,,,"FALSE","1","2024-01-03",,,,,,
"76417005000186-1-000162/2023","1","https://pncp.gov.br/api/pncp/v1/orgaos/76417005000186/compras/2023/162/itens/1/resultados","1","1","Informado","2024-01-03T14:03:00","2024-01-03T14:03:00","28537922000151","RBR COMERCIO DE PRODUTOS MEDICO HOSPITALARES LTDA","PJ","1","ME","2062","Sociedade Empresária Limitada","BRA","1800000","0.213","383400","0",,,,,,,,,"FALSE",,,,,"FALSE","FALSE",,,,,"FALSE","1","2024-01-03",,,,,,
"76417005000186-1-000162/2023","2","https://pncp.gov.br/api/pncp/v1/orgaos/76417005000186/compras/2023/162/itens/2/resultados","1","1","Informado","2024-01-03T14:03:00","2024-01-03T14:03:00","28537922000151","RBR COMERCIO DE PRODUTOS MEDICO HOSPITALARES LTDA","PJ","1","ME","2062","Sociedade Empresária Limitada","BRA","6e+05","0.213","127800","0",,,,,,,,,"FALSE",,,,,"FALSE","FALSE",,,,,"FALSE","1","2024-01-03",,,,,,
"03518900000113-1-000028/2023","1","https://pncp.gov.br/api/pncp/v1/orgaos/03518900000113/compras/2023/28/itens/1/resultados","1","1","Informado","2024-01-04T14:47:01","2024-01-04T14:47:01","22214570000117","IPE, PISOS REVESTIMENTOS & DECORACOES LTDA","PJ","1","ME","2062","Sociedade Empresária Limitada","BRA","1","317125.31","317125.31","0",,,,,,,,,"FALSE",,,,,"FALSE","FALSE",,,,,"FALSE",,"2024-01-04",,,,,,
"03518900000113-1-000028/2023","2","https://pncp.gov.br/api/pncp/v1/orgaos/03518900000113/compras/2023/28/itens/2/resultados","1","1","Informado","2024-01-04T14:47:01","2024-01-04T14:47:01","22214570000117","IPE, PISOS REVESTIMENTOS & DECORACOES LTDA","PJ","1","ME","2062","Sociedade Empresária Limitada","BRA","1","160758.47","160758.47","0",,,,,,,,,"FALSE",,,,,"FALSE","FALSE",,,,,"FALSE",,"2024-01-04",,,,,,
"03518900000113-1-000025/2023","1","https://pncp.gov.br/api/pncp/v1/orgaos/03518900000113/compras/2023/25/itens/1/resultados","1","1","Informado","2024-01-08T11:22:08","2024-01-08T11:22:08","28470340000103","METROSAUDE COMERCIO DE MATERIAIS MEDICOS E HOSPITALARES LTDA","PJ","1","ME","2062","Sociedade Empresária Limitada","BRA","200","20","4000","0",,,,,,,,,"FALSE",,,,,"FALSE","FALSE",,,,,"FALSE","1","2024-01-08",,,,,,
"03518900000113-1-000025/2023","2","https://pncp.gov.br/api/pncp/v1/orgaos/03518900000113/compras/2023/25/itens/2/resultados","1","1","Informado","2024-01-08T11:22:08","2024-01-08T11:22:08","28470340000103","METROSAUDE COMERCIO DE MATERIAIS MEDICOS E HOSPITALARES LTDA","PJ","1","ME","2062","Sociedade Empresária Limitada","BRA","200","35.5","7100","0",,,,,,,,,"FALSE",,,,,"FALSE","FALSE",,,,,"FALSE","1","2024-01-08",,,,,,
"03518900000113-1-000025/2023","3","https://pncp.gov.br/api/pncp/v1/orgaos/03518900000113/compras/2023/25/itens/3/resultados","1","1","Informado","2024-01-08T11:22:08","2024-01-08T11:22:08","28470340000103","METROSAUDE COMERCIO DE MATERIAIS MEDICOS E HOSPITALARES LTDA","PJ","1","ME","2062","Sociedade Empresária Limitada","BRA","200","44","8800","0",,,,,,,,,"FALSE",,,,,"FALSE","FALSE",,,,,"FALSE","1","2024-01-08",,,,,,
"03518900000113-1-000025/2023","4","https://pncp.gov.br/api/pncp/v1/orgaos/03518900000113/compras/2023/25/itens/4/resultados","1","1","Informado","2024-01-08T11:22:08","2024-01-08T11:22:08","28470340000103","METROSAUDE COMERCIO DE MATERIAIS MEDICOS E HOSPITALARES LTDA","PJ","1","ME","2062","Sociedade Empresária Limitada","BRA","500","20","10000","0",,,,,,,,,"FALSE",,,,,"FALSE","FALSE",,,,,"FALSE","1","2024-01-08",,,,,,
"03518900000113-1-000025/2023","5","https://pncp.gov.br/api/pncp/v1/orgaos/03518900000113/compras/2023/25/itens/5/resultados","1","1","Informado","2024-01-08T11:22:08","2024-01-08T11:22:08","28470340000103","METROSAUDE COMERCIO DE MATERIAIS MEDICOS E HOSPITALARES LTDA","PJ","1","ME","2062","Sociedade Empresária Limitada","BRA","500","35","17500","0",,,,,,,,,"FALSE",,,,,"FALSE","FALSE",,,,,"FALSE","1","2024-01-08",,,,,,
"03518900000113-1-000025/2023","6","https://pncp.gov.br/api/pncp/v1/orgaos/03518900000113/compras/2023/25/itens/6/resultados","1","1","Informado","2024-01-08T11:22:08","2024-01-08T11:22:08","28470340000103","METROSAUDE COMERCIO DE MATERIAIS MEDICOS E HOSPITALARES LTDA","PJ","1","ME","2062","Sociedade Empresária Limitada","BRA","500","44","22000","0",,,,,,,,,"FALSE",,,,,"FALSE","FALSE",,,,,"FALSE","1","2024-01-08",,,,,,
"03518900000113-1-000025/2023","7","https://pncp.gov.br/api/pncp/v1/orgaos/03518900000113/compras/2023/25/itens/7/resultados","1","1","Informado","2024-01-08T11:22:08","2024-01-08T11:22:08","28470340000103","METROSAUDE COMERCIO DE MATERIAIS MEDICOS E HOSPITALARES LTDA","PJ","1","ME","2062","Sociedade Empresária Limitada","BRA","500","20","10000","0",,,,,,,,,"FALSE",,,,,"FALSE","FALSE",,,,,"FALSE","1","2024-01-08",,,,,,
"03518900000113-1-000025/2023","8","https://pncp.gov.br/api/pncp/v1/orgaos/03518900000113/compras/2023/25/itens/8/resultados","1","1","Informado","2024-01-08T11:22:08","2024-01-08T11:22:08","28470340000103","METROSAUDE COMERCIO DE MATERIAIS MEDICOS E HOSPITALARES LTDA","PJ","1","ME","2062","Sociedade Empresária Limitada","BRA","500","35","17500","0",,,,,,,,,"FALSE",,,,,"FALSE","FALSE",,,,,"FALSE","1","2024-01-08",,,,,,
"03518900000113-1-000025/2023","9","https://pncp.gov.br/api/pncp/v1/orgaos/03518900000113/compras/2023/25/itens/9/resultados","1","1","Informado","2024-01-08T11:22:08","2024-01-08T11:22:08","28470340000103","METROSAUDE COMERCIO DE MATERIAIS MEDICOS E HOSPITALARES LTDA","PJ","1","ME","2062","Sociedade Empresária Limitada","BRA","500","44","22000","0",,,,,,,,,"FALSE",,,,,"FALSE","FALSE",,,,,"FALSE","1","2024-01-08",,,,,,
"03518900000113-1-000025/2023","10","https://pncp.gov.br/api/pncp/v1/orgaos/03518900000113/compras/2023/25/itens/10/resultados","1","1","Informado","2024-01-08T11:22:08","2024-01-08T11:22:08","28470340000103","METROSAUDE COMERCIO DE MATERIAIS MEDICOS E HOSPITALARES LTDA","PJ","1","ME","2062","Sociedade Empresária Limitada","BRA","500","20","10000","0",,,,,,,,,"FALSE",,,,,"FALSE","FALSE",,,,,"FALSE","1","2024-01-08",,,,,,
"76417005000186-1-000153/2023","1","https://pncp.gov.br/api/pncp/v1/orgaos/76417005000186/compras/2023/153/itens/1/resultados","1","1","Informado","2024-01-10T08:27:15","2024-01-10T08:27:15","32494340000102","ADVANCED STERILIZATION PRODUCTS DISTRIBUICAO E COMERCIO DE PRODUTOS PARA SAUDE L","PJ","3","Demais","2062","Sociedade Empresária Limitada","BRA","24","320.34","7688.16","0",,,,,,,,,"FALSE",,,,,"FALSE","FALSE",,,,,"FALSE","1","2024-01-10",,,,,,
"76417005000186-1-000153/2023","3","https://pncp.gov.br/api/pncp/v1/orgaos/76417005000186/compras/2023/153/itens/3/resultados","1","1","Informado","2024-01-10T08:27:15","2024-01-10T08:27:15","86647138000100","SANTALMAS COMERCIO LTDA","PJ","3","Demais","2062","Sociedade Empresária Limitada","BRA","48","450","21600","0",,,,,,,,,"FALSE",,,,,"FALSE","FALSE",,,,,"FALSE","1","2024-01-10",,,,,,
"76417005000186-1-000153/2023","4","https://pncp.gov.br/api/pncp/v1/orgaos/76417005000186/compras/2023/153/itens/4/resultados","1","1","Informado","2024-01-10T08:27:15","2024-01-10T08:27:15","86647138000100","SANTALMAS COMERCIO LTDA","PJ","3","Demais","2062","Sociedade Empresária Limitada","BRA","48","590","28320","0",,,,,,,,,"FALSE",,,,,"FALSE","FALSE",,,,,"FALSE","1","2024-01-10",,,,,,
"76417005000186-1-000153/2023","5","https://pncp.gov.br/api/pncp/v1/orgaos/76417005000186/compras/2023/153/itens/5/resultados","1","1","Informado","2024-01-10T08:27:15","2024-01-10T08:27:15","86647138000100","SANTALMAS COMERCIO LTDA","PJ","3","Demais","2062","Sociedade Empresária Limitada","BRA","48","750","36000","0",,,,,,,,,"FALSE",,,,,"FALSE","FALSE",,,,,"FALSE","1","2024-01-10",,,,,,
"76417005000186-1-000153/2023","6","https://pncp.gov.br/api/pncp/v1/orgaos/76417005000186/compras/2023/153/itens/6/resultados","1","1","Informado","2024-01-10T08:27:15","2024-01-10T08:27:15","32494340000102","ADVANCED STERILIZATION PRODUCTS DISTRIBUICAO E COMERCIO DE PRODUTOS PARA SAUDE L","PJ","3","Demais","2062","Sociedade Empresária Limitada","BRA","48","1197.64","57486.72","0",,,,,,,,,"FALSE",,,,,"FALSE","FALSE",,,,,"FALSE","1","2024-01-10",,,,,,
"76417005000186-1-000117/2023","1","https://pncp.gov.br/api/pncp/v1/orgaos/76417005000186/compras/2023/117/itens/1/resultados","1","1","Informado","2024-01-10T08:28:09","2024-01-10T08:28:09","46328269000100","FUFA PR COMERCIO DE PRODUTOS HOSPITALARES LTDA","PJ","1","ME","2062","Sociedade Empresária Limitada","BRA","1000","13.65","13650","0",,,,,,,,,"FALSE",,,,,"FALSE","FALSE",,,,,"FALSE","1","2024-01-10",,,,,,
"76417005000186-1-000117/2023","2","https://pncp.gov.br/api/pncp/v1/orgaos/76417005000186/compras/2023/117/itens/2/resultados","1","1","Informado","2024-01-10T08:28:09","2024-01-10T08:28:09","46328269000100","FUFA PR COMERCIO DE PRODUTOS HOSPITALARES LTDA","PJ","1","ME","2062","Sociedade Empresária Limitada","BRA","800","28.56","22848","0",,,,,,,,,"FALSE",,,,,"FALSE","FALSE",,,,,"FALSE","1","2024-01-10",,,,,,
"76417005000186-1-000117/2023","3","https://pncp.gov.br/api/pncp/v1/orgaos/76417005000186/compras/2023/117/itens/3/resultados","1","1","Informado","2024-01-10T08:28:09","2024-01-10T08:28:09","46328269000100","FUFA PR COMERCIO DE PRODUTOS HOSPITALARES LTDA","PJ","1","ME","2062","Sociedade Empresária Limitada","BRA","600","11.96","7176","0",,,,,,,,,"FALSE",,,,,"FALSE","FALSE",,,,,"FALSE","1","2024-01-10",,,,,,
"76417005000186-1-000117/2023","4","https://pncp.gov.br/api/pncp/v1/orgaos/76417005000186/compras/2023/117/itens/4/resultados","1","1","Informado","2024-01-10T08:28:09","2024-01-10T08:28:09","80392566000145","AABA COMERCIO DE EQUIPAMENTOS MEDICOS LTDA","PJ","3","Demais","2062","Sociedade Empresária Limitada","BRA","3200","37","118400","0",,,,,,,,,"FALSE",,,,,"FALSE","FALSE",,,,,"FALSE","1","2024-01-10",,,,,,
"76417005000186-1-000117/2023","5","https://pncp.gov.br/api/pncp/v1/orgaos/76417005000186/compras/2023/117/itens/5/resultados","1","1","Informado","2024-01-10T08:28:09","2024-01-10T08:28:09","02005077000180","KORAL HOSPITALAR LTDA","PJ","1","ME","2062","Sociedade Empresária Limitada","BRA","1500","7.5","11250","0",,,,,,,,,"FALSE",,,,,"FALSE","FALSE",,,,,"FALSE","1","2024-01-10",,,,,,
"76417005000186-1-000117/2023","6","https://pncp.gov.br/api/pncp/v1/orgaos/76417005000186/compras/2023/117/itens/6/resultados","1","1","Informado","2024-01-10T08:28:09","2024-01-10T08:28:09","35714560000192","STAPSUL PRODUTOS MEDICOS LTDA","PJ","1","ME","2062","Sociedade Empresária Limitada","BRA","2000","52","104000","0",,,,,,,,,"FALSE",,,,,"FALSE","FALSE",,,,,"FALSE","1","2024-01-10",,,,,,
"76417005000186-1-000117/2023","7","https://pncp.gov.br/api/pncp/v1/orgaos/76417005000186/compras/2023/117/itens/7/resultados","1","1","Informado","2024-01-10T08:28:09","2024-01-10T08:28:09","03302477000110","ROSSANE SERAFIM MATOS","PJ","1","ME","2135","Empresário (Individual)","BRA","2500","11.8","29500","0",,,,,,,,,"FALSE",,,,,"FALSE","FALSE",,,,,"FALSE","1","2024-01-10",,,,,,
"76417005000186-1-000117/2023","8","https://pncp.gov.br/api/pncp/v1/orgaos/76417005000186/compras/2023/117/itens/8/resultados","1","1","Informado","2024-01-10T08:28:09","2024-01-10T08:28:09","35854326000160","MULTIMED COMERCIO DE MATERIAL HOSPITALAR LTDA","PJ","1","ME","2062","Sociedade Empresária Limitada","BRA","25000","8.15","203750","0",,,,,,,,,"FALSE",,,,,"FALSE","FALSE",,,,,"FALSE","1","2024-01-10",,,,,,
"76417005000186-1-000136/2023","1","https://pncp.gov.br/api/pncp/v1/orgaos/76417005000186/compras/2023/136/itens/1/resultados","1","1","Informado","2024-01-10T08:28:55","2024-01-10T08:28:55","00656468000139","SOMA/PR COMERCIO DE PRODUTOS HOSPITALARES LTDA","PJ","3","Demais","2062","Sociedade Empresária Limitada","BRA","1000","102.9","102900","0",,,,,,,,,"FALSE",,,,,"FALSE","FALSE",,,,,"FALSE","1","2024-01-10",,,,,,
"76417005000186-1-000136/2023","3","https://pncp.gov.br/api/pncp/v1/orgaos/76417005000186/compras/2023/136/itens/3/resultados","1","1","Informado","2024-01-10T08:28:55","2024-01-10T08:28:55","28788905000197","DUMALE PRODUTOS PARA SAUDE LTDA","PJ","1","ME","2062","Sociedade Empresária Limitada","BRA","24","83.2","1996.8","0",,,,,,,,,"FALSE",,,,,"FALSE","FALSE",,,,,"FALSE","1","2024-01-10",,,,,,
"76417005000186-1-000136/2023","4","https://pncp.gov.br/api/pncp/v1/orgaos/76417005000186/compras/2023/136/itens/4/resultados","1","1","Informado","2024-01-10T08:28:55","2024-01-10T08:28:55","05923871000109","ALPHARAD MATERIAIS PARA DIAGNOSTICOS LTDA","PJ","1","ME","2062","Sociedade Empresária Limitada","BRA","24","95","2280","0",,,,,,,,,"FALSE",,,,,"FALSE","FALSE",,,,,"FALSE","1","2024-01-10",,,,,,
"76417005000186-1-000136/2023","5","https://pncp.gov.br/api/pncp/v1/orgaos/76417005000186/compras/2023/136/itens/5/resultados","1","1","Informado","2024-01-10T08:28:55","2024-01-10T08:28:55","24118004000137","ANGULAR PRODUTOS PARA SAUDE LTDA","PJ","3","Demais","2062","Sociedade Empresária Limitada","BRA","30","1100","33000","0",,,,,,,,,"FALSE",,,,,"FALSE","FALSE",,,,,"FALSE","1","2024-01-10",,,,,,
"76417005000186-1-000136/2023","7","https://pncp.gov.br/api/pncp/v1/orgaos/76417005000186/compras/2023/136/itens/7/resultados","1","1","Informado","2024-01-10T08:28:55","2024-01-10T08:28:55","41665545000102","DNA MED BRASIL LTDA","PJ","1","ME","2062","Sociedade Empresária Limitada","BRA","150000","0.08","12000","0",,,,,,,,,"FALSE",,,,,"FALSE","FALSE",,,,,"FALSE","1","2024-01-10",,,,,,
"76417005000186-1-000136/2023","8","https://pncp.gov.br/api/pncp/v1/orgaos/76417005000186/compras/2023/136/itens/8/resultados","1","1","Informado","2024-01-10T08:28:55","2024-01-10T08:28:55","00339246000192","LONDRICIR COMERCIO DE MATERIAL HOSPITALAR LTDA","PJ","3","Demais","2062","Sociedade Empresária Limitada","BRA","3000","12.45","37350","0",,,,,,,,,"FALSE",,,,,"FALSE","FALSE",,,,,"FALSE","1","2024-01-10",,,,,,
"76417005000186-1-000136/2023","9","https://pncp.gov.br/api/pncp/v1/orgaos/76417005000186/compras/2023/136/itens/9/resultados","1","1","Informado","2024-01-10T08:28:55","2024-01-10T08:28:55","33375370000162","MAPMED PRODUTOS HOSPITALARES LTDA","PJ","1","ME","2062","Sociedade Empresária Limitada","BRA","500","147","73500","0",,,,,,,,,"FALSE",,,,,"FALSE","FALSE",,,,,"FALSE","1","2024-01-10",,,,,,
"76417005000186-1-000136/2023","10","https://pncp.gov.br/api/pncp/v1/orgaos/76417005000186/compras/2023/136/itens/10/resultados","1","1","Informado","2024-01-10T08:28:55","2024-01-10T08:28:55","21008058000151","FERNANDO UNIFORMES LTDA","PJ","3","Demais","2062","Sociedade Empresária Limitada","BRA","500","6","3000","0",,,,,,,,,"FALSE",,,,,"FALSE","FALSE",,,,,"FALSE","1","2024-01-10",,,,,,
"03518900000113-1-000027/2023","1","https://pncp.gov.br/api/pncp/v1/orgaos/03518900000113/compras/2023/27/itens/1/resultados","1","1","Informado","2024-01-10T11:01:12","2024-01-10T11:01:12","16898125000110","DIFERENCIAL SERVICOS TERCEIRIZADOS LTDA","PJ","1","ME","2062","Sociedade Empresária Limitada","BRA","1","101701","101701","0",,,,,,,,,"FALSE",,,,,"FALSE","FALSE",,,,,"FALSE",,"2024-01-10",,,,,,
"76417005000186-1-000181/2023","1","https://pncp.gov.br/api/pncp/v1/orgaos/76417005000186/compras/2023/181/itens/1/resultados","1","1","Informado","2024-01-11T09:02:14","2024-01-11T09:02:14","10218086000187","NUTRI HOSPITALAR ALIMENTACAO E SERVICOS LTDA","PJ","3","Demais","2062","Sociedade Empresária Limitada","BRA","1","6799987.32","6799987.32","0",,,,,,,,,"FALSE",,,,,"FALSE","FALSE",,,,,"FALSE",,"2024-01-11",,,,,,
"76417005000186-1-000163/2023","1","https://pncp.gov.br/api/pncp/v1/orgaos/76417005000186/compras/2023/163/itens/1/resultados","1","1","Informado","2024-01-15T11:24:27","2024-01-15T11:24:27","47270248000136","CURITIBA COMERCIO DE PNEUMATICOS E TINTAS LTDA","PJ","1","ME","2062","Sociedade Empresária Limitada","BRA","10","19.38","193.8","0",,,,,,,,,"FALSE",,,,,"FALSE","FALSE",,,,,"FALSE","1","2024-01-15",,,,,,
"76417005000186-1-000163/2023","2","https://pncp.gov.br/api/pncp/v1/orgaos/76417005000186/compras/2023/163/itens/2/resultados","1","1","Informado","2024-01-15T11:24:27","2024-01-15T11:24:27","13338681000144","COMERCIAL SPONCHIADO LTDA","PJ","1","ME","2062","Sociedade Empresária Limitada","BRA","50","4","200","0",,,,,,,,,"FALSE",,,,,"FALSE","FALSE",,,,,"FALSE","1","2024-01-15",,,,,,
"76417005000186-1-000163/2023","3","https://pncp.gov.br/api/pncp/v1/orgaos/76417005000186/compras/2023/163/itens/3/resultados","1","1","Informado","2024-01-15T11:24:27","2024-01-15T11:24:27","41197748000103","JLS COMERCIAL LTDA","PJ","1","ME","2062","Sociedade Empresária Limitada","BRA","50","7.85","392.5","0",,,,,,,,,"FALSE",,,,,"FALSE","FALSE",,,,,"FALSE","1","2024-01-15",,,,,,
"76417005000186-1-000163/2023","5","https://pncp.gov.br/api/pncp/v1/orgaos/76417005000186/compras/2023/163/itens/5/resultados","1","1","Informado","2024-01-15T11:24:28","2024-01-15T11:24:28","41197748000103","JLS COMERCIAL LTDA","PJ","1","ME","2062","Sociedade Empresária Limitada","BRA","1000","0.39","390","0",,,,,,,,,"FALSE",,,,,"FALSE","FALSE",,,,,"FALSE","1","2024-01-15",,,,,,
"76417005000186-1-000163/2023","7","https://pncp.gov.br/api/pncp/v1/orgaos/76417005000186/compras/2023/163/itens/7/resultados","1","1","Informado","2024-01-15T11:24:27","2024-01-15T11:24:27","13338681000144","COMERCIAL SPONCHIADO LTDA","PJ","1","ME","2062","Sociedade Empresária Limitada","BRA","1500","0.07","105","0",,,,,,,,,"FALSE",,,,,"FALSE","FALSE",,,,,"FALSE","1","2024-01-15",,,,,,
"76417005000186-1-000163/2023","8","https://pncp.gov.br/api/pncp/v1/orgaos/76417005000186/compras/2023/163/itens/8/resultados","1","1","Informado","2024-01-15T11:24:28","2024-01-15T11:24:28","41197748000103","JLS COMERCIAL LTDA","PJ","1","ME","2062","Sociedade Empresária Limitada","BRA","2000","0.04","80","0",,,,,,,,,"FALSE",,,,,"FALSE","FALSE",,,,,"FALSE","1","2024-01-15",,,,,,
"76417005000186-1-000163/2023","9","https://pncp.gov.br/api/pncp/v1/orgaos/76417005000186/compras/2023/163/itens/9/resultados","1","1","Informado","2024-01-15T11:24:28","2024-01-15T11:24:28","13338681000144","COMERCIAL SPONCHIADO LTDA","PJ","1","ME","2062","Sociedade Empresária Limitada","BRA","1500","0.25","375","0",,,,,,,,,"FALSE",,,,,"FALSE","FALSE",,,,,"FALSE","1","2024-01-15",,,,,,
"76417005000186-1-000163/2023","10","https://pncp.gov.br/api/pncp/v1/orgaos/76417005000186/compras/2023/163/itens/10/resultados","1","1","Informado","2024-01-15T11:24:28","2024-01-15T11:24:28","41197748000103","JLS COMERCIAL LTDA","PJ","1","ME","2062","Sociedade Empresária Limitada","BRA","2000","0.25","500","0",,,,,,,,,"FALSE",,,,,"FALSE","FALSE",,,,,"FALSE","1","2024-01-15",,,,,,
"03518900000113-1-000022/2023","2","https://pncp.gov.br/api/pncp/v1/orgaos/03518900000113/compras/2023/22/itens/2/resultados","1","1","Informado","2024-01-15T14:26:22","2024-01-15T14:26:22","02223342000104","STARMED ARTIGOS MEDICOS E HOSPITALARES LTDA","PJ","1","ME","2062","Sociedade Empresária Limitada","BRA","2000","0.38","760","0",,,,,,,,,"FALSE",,,,,"FALSE","FALSE",,,,,"FALSE","1","2024-01-15",,,,,,
"03518900000113-1-000022/2023","3","https://pncp.gov.br/api/pncp/v1/orgaos/03518900000113/compras/2023/22/itens/3/resultados","1","1","Informado","2024-01-15T14:26:23","2024-01-15T14:26:23","09138326000154","PABLO LUIS MARTINS","PJ","1","ME","2135","Empresário (Individual)","BRA","150","9.5","1425","0",,,,,,,,,"FALSE",,,,,"FALSE","FALSE",,,,,"FALSE","1","2024-01-15",,,,,,
"03518900000113-1-000022/2023","4","https://pncp.gov.br/api/pncp/v1/orgaos/03518900000113/compras/2023/22/itens/4/resultados","1","1","Informado","2024-01-15T14:26:23","2024-01-15T14:26:23","02223342000104","STARMED ARTIGOS MEDICOS E HOSPITALARES LTDA","PJ","1","ME","2062","Sociedade Empresária Limitada","BRA","10","3.69","36.9","0",,,,,,,,,"FALSE",,,,,"FALSE","FALSE",,,,,"FALSE","1","2024-01-15",,,,,,
"03518900000113-1-000022/2023","5","https://pncp.gov.br/api/pncp/v1/orgaos/03518900000113/compras/2023/22/itens/5/resultados","1","1","Informado","2024-01-15T14:26:23","2024-01-15T14:26:23","02223342000104","STARMED ARTIGOS MEDICOS E HOSPITALARES LTDA","PJ","1","ME","2062","Sociedade Empresária Limitada","BRA","10","3.69","36.9","0",,,,,,,,,"FALSE",,,,,"FALSE","FALSE",,,,,"FALSE","1","2024-01-15",,,,,,
"03518900000113-1-000022/2023","6","https://pncp.gov.br/api/pncp/v1/orgaos/03518900000113/compras/2023/22/itens/6/resultados","1","1","Informado","2024-01-15T14:26:23","2024-01-15T14:26:23","02223342000104","STARMED ARTIGOS MEDICOS E HOSPITALARES LTDA","PJ","1","ME","2062","Sociedade Empresária Limitada","BRA","20","3.69","73.8","0",,,,,,,,,"FALSE",,,,,"FALSE","FALSE",,,,,"FALSE","1","2024-01-15",,,,,,
"03518900000113-1-000022/2023","7","https://pncp.gov.br/api/pncp/v1/orgaos/03518900000113/compras/2023/22/itens/7/resultados","1","1","Informado","2024-01-15T14:26:23","2024-01-15T14:26:23","02223342000104","STARMED ARTIGOS MEDICOS E HOSPITALARES LTDA","PJ","1","ME","2062","Sociedade Empresária Limitada","BRA","20","3.69","73.8","0",,,,,,,,,"FALSE",,,,,"FALSE","FALSE",,,,,"FALSE","1","2024-01-15",,,,,,
"03518900000113-1-000022/2023","8","https://pncp.gov.br/api/pncp/v1/orgaos/03518900000113/compras/2023/22/itens/8/resultados","1","1","Informado","2024-01-15T14:26:23","2024-01-15T14:26:23","02223342000104","STARMED ARTIGOS MEDICOS E HOSPITALARES LTDA","PJ","1","ME","2062","Sociedade Empresária Limitada","BRA","20","3.69","73.8","0",,,,,,,,,"FALSE",,,,,"FALSE","FALSE",,,,,"FALSE","1","2024-01-15",,,,,,
"03518900000113-1-000022/2023","9","https://pncp.gov.br/api/pncp/v1/orgaos/03518900000113/compras/2023/22/itens/9/resultados","1","1","Informado","2024-01-15T14:26:23","2024-01-15T14:26:23","37882886000154","VERDE DISTRIBUIDORA DE MEDICAMENTOS LTDA","PJ","1","ME","2062","Sociedade Empresária Limitada","BRA","100","1.41","141","0",,,,,,,,,"FALSE",,,,,"FALSE","FALSE",,,,,"FALSE","1","2024-01-15",,,,,,
"03518900000113-1-000022/2023","10","https://pncp.gov.br/api/pncp/v1/orgaos/03518900000113/compras/2023/22/itens/10/resultados","1","1","Informado","2024-01-15T14:26:23","2024-01-15T14:26:23","37882886000154","VERDE DISTRIBUIDORA DE MEDICAMENTOS LTDA","PJ","1","ME","2062","Sociedade Empresária Limitada","BRA","1200","1.39","1668","0",,,,,,,,,"FALSE",,,,,"FALSE","FALSE",,,,,"FALSE","1","2024-01-15",,,,,,
"76417005000186-1-000194/2023","1","https://pncp.gov.br/api/pncp/v1/orgaos/76417005000186/compras/2023/194/itens/1/resultados","1","1","Informado","2024-01-16T08:56:51","2024-01-16T08:56:51","42695523000140","CORPORATIVA AUDITORIA E CONSULTORIA LTDA","PJ","1","ME","2062","Sociedade Empresária Limitada","BRA","1","20000","20000","0",,,,,,,,,"FALSE",,,,,"FALSE","FALSE",,,,,"FALSE",,"2024-01-16",,,,,,
"03518900000113-1-000023/2023","4","https://pncp.gov.br/api/pncp/v1/orgaos/03518900000113/compras/2023/23/itens/4/resultados","1","1","Informado","2024-01-16T10:57:24","2024-01-16T10:57:24","46381269000166","NUTRI-ELE DISTRIBUIDORA DE NUTRICAO, CORRELATOS E PRODUTOS MEDICOS E HOSPITALARE","PJ","1","ME","2062","Sociedade Empresária Limitada","BRA","1000","0.096","96","0",,,,,,,,,"FALSE",,,,,"FALSE","FALSE",,,,,"FALSE","1","2024-01-16",,,,,,
"03518900000113-1-000023/2023","5","https://pncp.gov.br/api/pncp/v1/orgaos/03518900000113/compras/2023/23/itens/5/resultados","1","1","Informado","2024-01-16T10:57:26","2024-01-16T10:57:26","02223342000104","STARMED ARTIGOS MEDICOS E HOSPITALARES LTDA","PJ","1","ME","2062","Sociedade Empresária Limitada","BRA","200","0.34","68","0",,,,,,,,,"FALSE",,,,,"FALSE","FALSE",,,,,"FALSE","1","2024-01-16",,,,,,
"03518900000113-1-000023/2023","6","https://pncp.gov.br/api/pncp/v1/orgaos/03518900000113/compras/2023/23/itens/6/resultados","1","1","Informado","2024-01-16T10:57:26","2024-01-16T10:57:26","35473398000168","SOUZAMED IMPORTADORA E DISTRIBUIDORA HOSPITALAR LTDA","PJ","1","ME","2062","Sociedade Empresária Limitada","BRA","1000","0.2","200","0",,,,,,,,,"FALSE",,,,,"FALSE","FALSE",,,,,"FALSE","1","2024-01-16",,,,,,
"03518900000113-1-000023/2023","7","https://pncp.gov.br/api/pncp/v1/orgaos/03518900000113/compras/2023/23/itens/7/resultados","1","1","Informado","2024-01-16T10:57:25","2024-01-16T10:57:25","28470340000103","METROSAUDE COMERCIO DE MATERIAIS MEDICOS E HOSPITALARES LTDA","PJ","1","ME","2062","Sociedade Empresária Limitada","BRA","1000","0.26","260","0",,,,,,,,,"FALSE",,,,,"FALSE","FALSE",,,,,"FALSE","1","2024-01-16",,,,,,
"03518900000113-1-000023/2023","8","https://pncp.gov.br/api/pncp/v1/orgaos/03518900000113/compras/2023/23/itens/8/resultados","1","1","Informado","2024-01-16T10:57:26","2024-01-16T10:57:26","46381269000166","NUTRI-ELE DISTRIBUIDORA DE NUTRICAO, CORRELATOS E PRODUTOS MEDICOS E HOSPITALARE","PJ","1","ME","2062","Sociedade Empresária Limitada","BRA","1000","0.102","102","0",,,,,,,,,"FALSE",,,,,"FALSE","FALSE",,,,,"FALSE","1","2024-01-16",,,,,,
"03518900000113-1-000023/2023","9","https://pncp.gov.br/api/pncp/v1/orgaos/03518900000113/compras/2023/23/itens/9/resultados","1","1","Informado","2024-01-16T10:57:25","2024-01-16T10:57:25","46381269000166","NUTRI-ELE DISTRIBUIDORA DE NUTRICAO, CORRELATOS E PRODUTOS MEDICOS E HOSPITALARE","PJ","1","ME","2062","Sociedade Empresária Limitada","BRA","2500","0.102","255","0",,,,,,,,,"FALSE",,,,,"FALSE","FALSE",,,,,"FALSE","1","2024-01-16",,,,,,
"76417005000186-1-000159/2023","1","https://pncp.gov.br/api/pncp/v1/orgaos/76417005000186/compras/2023/159/itens/1/resultados","1","1","Informado","2024-01-16T15:43:21","2024-01-16T15:43:21","12793110000137","SIGPLAST EMBALAGENS LTDA","PJ","1","ME","2062","Sociedade Empresária Limitada","BRA","50","39","1950","0",,,,,,,,,"FALSE",,,,,"FALSE","FALSE",,,,,"FALSE","1","2024-01-16",,,,,,
"76417005000186-1-000159/2023","2","https://pncp.gov.br/api/pncp/v1/orgaos/76417005000186/compras/2023/159/itens/2/resultados","1","1","Informado","2024-01-16T15:43:21","2024-01-16T15:43:21","48560136000182","JET COMERCIO SOLUCOES INTEGRADAS LTDA.","PJ","1","ME","2062","Sociedade Empresária Limitada","BRA","1000","11.17","11170","0",,,,,,,,,"FALSE",,,,,"FALSE","FALSE",,,,,"FALSE","1","2024-01-16",,,,,,
"76417005000186-1-000159/2023","3","https://pncp.gov.br/api/pncp/v1/orgaos/76417005000186/compras/2023/159/itens/3/resultados","1","1","Informado","2024-01-16T15:43:21","2024-01-16T15:43:21","13220783000160","ETIPLASTI COMERCIO E SERVICOS EM PLASTICOS LTDA","PJ","1","ME","2062","Sociedade Empresária Limitada","BRA","100","39.9","3990","0",,,,,,,,,"FALSE",,,,,"FALSE","FALSE",,,,,"FALSE","1","2024-01-16",,,,,,
"76417005000186-1-000159/2023","4","https://pncp.gov.br/api/pncp/v1/orgaos/76417005000186/compras/2023/159/itens/4/resultados","1","1","Informado","2024-01-16T15:43:21","2024-01-16T15:43:21","48560136000182","JET COMERCIO SOLUCOES INTEGRADAS LTDA.","PJ","1","ME","2062","Sociedade Empresária Limitada","BRA","10","23.73","237.3","0",,,,,,,,,"FALSE",,,,,"FALSE","FALSE",,,,,"FALSE","1","2024-01-16",,,,,,
"76417005000186-1-000159/2023","5","https://pncp.gov.br/api/pncp/v1/orgaos/76417005000186/compras/2023/159/itens/5/resultados","1","1","Informado","2024-01-16T15:43:21","2024-01-16T15:43:21","48560136000182","JET COMERCIO SOLUCOES INTEGRADAS LTDA.","PJ","1","ME","2062","Sociedade Empresária Limitada","BRA","10","23.76","237.6","0",,,,,,,,,"FALSE",,,,,"FALSE","FALSE",,,,,"FALSE","1","2024-01-16",,,,,,
"76417005000186-1-000159/2023","6","https://pncp.gov.br/api/pncp/v1/orgaos/76417005000186/compras/2023/159/itens/6/resultados","1","1","Informado","2024-01-16T15:43:21","2024-01-16T15:43:21","16640717000138","D'COLAR GRAFICA E ETIQUETAS LTDA","PJ","1","ME","2062","Sociedade Empresária Limitada","BRA","10","12.2","122","0",,,,,,,,,"FALSE",,,,,"FALSE","FALSE",,,,,"FALSE","1","2024-01-16",,,,,,
"76417005000186-1-000159/2023","7","https://pncp.gov.br/api/pncp/v1/orgaos/76417005000186/compras/2023/159/itens/7/resultados","1","1","Informado","2024-01-16T15:43:21","2024-01-16T15:43:21","12793110000137","SIGPLAST EMBALAGENS LTDA","PJ","1","ME","2062","Sociedade Empresária Limitada","BRA","50","39","1950","0",,,,,,,,,"FALSE",,,,,"FALSE","FALSE",,,,,"FALSE","1","2024-01-16",,,,,,
"76417005000186-1-000157/2023","1","https://pncp.gov.br/api/pncp/v1/orgaos/76417005000186/compras/2023/157/itens/1/resultados","1","1","Informado","2024-01-16T15:52:57","2024-01-16T15:52:57","25371614000100","HOFFMANNLAB PRODUTOS PARA LABORATORIO LTDA","PJ","1","ME","2062","Sociedade Empresária Limitada","BRA","1","6980","6980","0",,,,,,,,,"FALSE",,,,,"FALSE","FALSE",,,,,"FALSE","1","2024-01-16",,,,,,
"03518900000113-1-000030/2023","1","https://pncp.gov.br/api/pncp/v1/orgaos/03518900000113/compras/2023/30/itens/1/resultados","1","1","Informado","2024-01-17T08:57:14","2024-01-17T08:57:14","42561594000150","A BALLESTA","PJ","1","ME","2135","Empresário (Individual)","BRA","100","54","5400","0",,,,,,,,,"FALSE",,,,,"FALSE","FALSE",,,,,"FALSE","1","2024-01-17",,,,,,
"03518900000113-1-000030/2023","2","https://pncp.gov.br/api/pncp/v1/orgaos/03518900000113/compras/2023/30/itens/2/resultados","1","1","Informado","2024-01-17T08:57:14","2024-01-17T08:57:14","42561594000150","A BALLESTA","PJ","1","ME","2135","Empresário (Individual)","BRA","100","54","5400","0",,,,,,,,,"FALSE",,,,,"FALSE","FALSE",,,,,"FALSE","1","2024-01-17",,,,,,
"03518900000113-1-000030/2023","3","https://pncp.gov.br/api/pncp/v1/orgaos/03518900000113/compras/2023/30/itens/3/resultados","1","1","Informado","2024-01-17T08:57:14","2024-01-17T08:57:14","42561594000150","A BALLESTA","PJ","1","ME","2135","Empresário (Individual)","BRA","50","54","2700","0",,,,,,,,,"FALSE",,,,,"FALSE","FALSE",,,,,"FALSE","1","2024-01-17",,,,,,
"03518900000113-1-000030/2023","4","https://pncp.gov.br/api/pncp/v1/orgaos/03518900000113/compras/2023/30/itens/4/resultados","1","1","Informado","2024-01-17T08:57:14","2024-01-17T08:57:14","42561594000150","A BALLESTA","PJ","1","ME","2135","Empresário (Individual)","BRA","25","54.9","1372.5","0",,,,,,,,,"FALSE",,,,,"FALSE","FALSE",,,,,"FALSE","1","2024-01-17",,,,,,
"03518900000113-1-000030/2023","5","https://pncp.gov.br/api/pncp/v1/orgaos/03518900000113/compras/2023/30/itens/5/resultados","1","1","Informado","2024-01-17T08:57:14","2024-01-17T08:57:14","42561594000150","A BALLESTA","PJ","1","ME","2135","Empresário (Individual)","BRA","30","54.9","1647","0",,,,,,,,,"FALSE",,,,,"FALSE","FALSE",,,,,"FALSE","1","2024-01-17",,,,,,
"76417005000186-1-000158/2023","1","https://pncp.gov.br/api/pncp/v1/orgaos/76417005000186/compras/2023/158/itens/1/resultados","1","1","Informado","2024-01-18T08:43:14","2024-01-18T08:43:14","32473099000135","DPS COMERCIO DE MATERIAIS HOSPITALARES LTDA","PJ","1","ME","2062","Sociedade Empresária Limitada","BRA","6","2460","14760","0",,,,,,,,,"FALSE",,,,,"FALSE","FALSE",,,,,"FALSE","1","2024-01-18",,,,,,
"76417005000186-1-000158/2023","4","https://pncp.gov.br/api/pncp/v1/orgaos/76417005000186/compras/2023/158/itens/4/resultados","1","1","Informado","2024-01-18T08:43:15","2024-01-18T08:43:15","47031476000153","GS MATERIAIS E EQUIPAMENTOS LTDA","PJ","1","ME","2062","Sociedade Empresária Limitada","BRA","1","6600","6600","0",,,,,,,,,"FALSE",,,,,"FALSE","FALSE",,,,,"FALSE","1","2024-01-18",,,,,,
"76417005000186-1-000158/2023","6","https://pncp.gov.br/api/pncp/v1/orgaos/76417005000186/compras/2023/158/itens/6/resultados","1","1","Informado","2024-01-18T08:43:14","2024-01-18T08:43:14","13533610000100","WEBLABOR SAO PAULO MATERIAIS DIDATICOS LTDA","PJ","1","ME","2062","Sociedade Empresária Limitada","BRA","3","2450","7350","0",,,,,,,,,"FALSE",,,,,"FALSE","FALSE",,,,,"FALSE","1","2024-01-18",,,,,,
"76417005000186-1-000158/2023","9","https://pncp.gov.br/api/pncp/v1/orgaos/76417005000186/compras/2023/158/itens/9/resultados","1","1","Informado","2024-01-18T08:43:14","2024-01-18T08:43:14","32473099000135","DPS COMERCIO DE MATERIAIS HOSPITALARES LTDA","PJ","1","ME","2062","Sociedade Empresária Limitada","BRA","1","10000","10000","0",,,,,,,,,"FALSE",,,,,"FALSE","FALSE",,,,,"FALSE","1","2024-01-18",,,,,,
"76417005000186-1-000158/2023","10","https://pncp.gov.br/api/pncp/v1/orgaos/76417005000186/compras/2023/158/itens/10/resultados","1","1","Informado","2024-01-18T08:43:15","2024-01-18T08:43:15","29926189000120","SIS COMERCIO DE MATERIAIS E EQUIPAMENTOS LTDA","PJ","1","ME","2062","Sociedade Empresária Limitada","BRA","6","174","1044","0",,,,,,,,,"FALSE",,,,,"FALSE","FALSE",,,,,"FALSE","1","2024-01-18",,,,,,
"03518900000113-1-000016/2023","1","https://pncp.gov.br/api/pncp/v1/orgaos/03518900000113/compras/2023/16/itens/1/resultados","1","1","Informado","2024-01-19T16:53:45","2024-01-19T16:53:45","78738101000151","DENTAL UNI - COOPERATIVA ODONTOLOGICA","PJ","2","EPP","2143","Cooperativa","BRA","1","3e+06","3e+06","0",,,,,,,,,"FALSE",,,,,"FALSE","FALSE",,,,,"FALSE",,"2024-01-19",,,,,,
"76417005000186-1-000092/2023","5","https://pncp.gov.br/api/pncp/v1/orgaos/76417005000186/compras/2023/92/itens/5/resultados","1","1","Informado","2024-01-29T10:55:29","2024-01-29T10:55:29","04785103000165","N3N MEDICAL LTDA","PJ","1","ME","2062","Sociedade Empresária Limitada","BRA","337500","4.999","1687162.5","0",,,,,,,,,"FALSE",,,,,"FALSE","FALSE",,,,,"FALSE","1","2024-01-29",,,,,,
"76417005000186-1-000092/2023","6","https://pncp.gov.br/api/pncp/v1/orgaos/76417005000186/compras/2023/92/itens/6/resultados","1","1","Informado","2024-01-29T10:55:29","2024-01-29T10:55:29","04785103000165","N3N MEDICAL LTDA","PJ","1","ME","2062","Sociedade Empresária Limitada","BRA","112500","4.999","562387.5","0",,,,,,,,,"FALSE",,,,,"FALSE","FALSE",,,,,"FALSE","1","2024-01-29",,,,,,
"76417005000186-1-000092/2023","7","https://pncp.gov.br/api/pncp/v1/orgaos/76417005000186/compras/2023/92/itens/7/resultados","1","1","Informado","2024-01-29T10:55:29","2024-01-29T10:55:29","04785103000165","N3N MEDICAL LTDA","PJ","1","ME","2062","Sociedade Empresária Limitada","BRA","45000","7.69","346050","0",,,,,,,,,"FALSE",,,,,"FALSE","FALSE",,,,,"FALSE","1","2024-01-29",,,,,,
"76417005000186-1-000092/2023","8","https://pncp.gov.br/api/pncp/v1/orgaos/76417005000186/compras/2023/92/itens/8/resultados","1","1","Informado","2024-01-29T10:55:29","2024-01-29T10:55:29","04785103000165","N3N MEDICAL LTDA","PJ","1","ME","2062","Sociedade Empresária Limitada","BRA","15000","7.69","115350","0",,,,,,,,,"FALSE",,,,,"FALSE","FALSE",,,,,"FALSE","1","2024-01-29",,,,,,
"76613835000189-1-000008/2024","1","https://pncp.gov.br/api/pncp/v1/orgaos/76613835000189/compras/2024/8/itens/1/resultados","1","1","Informado","2025-03-17T08:39:25","2025-03-17T08:39:25","35714560000192","STAPSUL PRODUTOS MEDICOS LTDA","PJ","2","EPP","0000","Natureza Jurídica não informada","BRA","3","99996.65","299989.95","0",,,,,,,,,"FALSE",,,,,"FALSE","FALSE",,,,,"FALSE","1","2025-03-13",,,,,,
"14814139000183-1-000036/2025","1","https://pncp.gov.br/api/pncp/v1/orgaos/14814139000183/compras/2025/36/itens/1/resultados","1","1","Informado","2025-05-05T08:21:59","2025-05-05T08:21:59","20339865000194","MARIMAX COMERCIO E IMPORTACAO DE PRODUTOS PARA SAUDE E VETERINARIOS LTDA","PJ","1","ME","2062","Sociedade Empresária Limitada","BRA","50","225.5","11275","0",,,,,,,,,"FALSE",,,,,"FALSE","FALSE",,,,,"FALSE","1","2025-05-05",,,,,,
"14814139000183-1-000036/2025","2","https://pncp.gov.br/api/pncp/v1/orgaos/14814139000183/compras/2025/36/itens/2/resultados","1","1","Informado","2025-05-05T08:21:59","2025-05-05T08:21:59","80392566000145","AABA COMERCIO DE EQUIPAMENTOS MEDICOS LTDA","PJ","3","Demais","2062","Sociedade Empresária Limitada","BRA","50","32","1600","0",,,,,,,,,"FALSE",,,,,"FALSE","FALSE",,,,,"FALSE","1","2025-05-05",,,,,,
"14814139000183-1-000036/2025","3","https://pncp.gov.br/api/pncp/v1/orgaos/14814139000183/compras/2025/36/itens/3/resultados","1","1","Informado","2025-05-05T08:21:59","2025-05-05T08:21:59","80392566000145","AABA COMERCIO DE EQUIPAMENTOS MEDICOS LTDA","PJ","3","Demais","2062","Sociedade Empresária Limitada","BRA","5000","48","240000","0",,,,,,,,,"FALSE",,,,,"FALSE","FALSE",,,,,"FALSE","1","2025-05-05",,,,,,
"14814139000183-1-000036/2025","4","https://pncp.gov.br/api/pncp/v1/orgaos/14814139000183/compras/2025/36/itens/4/resultados","1","1","Informado","2025-05-05T08:21:59","2025-05-05T08:21:59","37778759000100","CWBCARE PRODUTOS MEDICO HOSPITALARES LTDA","PJ","3","Demais","2062","Sociedade Empresária Limitada","BRA","3000","17.7434","53230.2","0",,,,,,,,,"FALSE",,,,,"FALSE","FALSE",,,,,"FALSE","1","2025-05-05",,,,,,
"14814139000183-1-000036/2025","5","https://pncp.gov.br/api/pncp/v1/orgaos/14814139000183/compras/2025/36/itens/5/resultados","1","1","Informado","2025-05-05T08:22:00","2025-05-05T08:22:00","80392566000145","AABA COMERCIO DE EQUIPAMENTOS MEDICOS LTDA","PJ","3","Demais","2062","Sociedade Empresária Limitada","BRA","1000","17.8","17800","0",,,,,,,,,"FALSE",,,,,"FALSE","FALSE",,,,,"FALSE","1","2025-05-05",,,,,,
"14814139000183-1-000036/2025","6","https://pncp.gov.br/api/pncp/v1/orgaos/14814139000183/compras/2025/36/itens/6/resultados","1","1","Informado","2025-05-05T08:22:00","2025-05-05T08:22:00","05247406000197","TORRE FORTE ATACADO E VAREJO LTDA","PJ","1","ME","2062","Sociedade Empresária Limitada","BRA","500","6.88","3440","0",,,,,,,,,"FALSE",,,,,"FALSE","FALSE",,,,,"FALSE","1","2025-05-05",,,,,,
"14814139000183-1-000036/2025","7","https://pncp.gov.br/api/pncp/v1/orgaos/14814139000183/compras/2025/36/itens/7/resultados","1","1","Informado","2025-05-05T08:22:00","2025-05-05T08:22:00","37778759000100","CWBCARE PRODUTOS MEDICO HOSPITALARES LTDA","PJ","3","Demais","2062","Sociedade Empresária Limitada","BRA","300","46.4121","13923.63","0",,,,,,,,,"FALSE",,,,,"FALSE","FALSE",,,,,"FALSE","1","2025-05-05",,,,,,
"14814139000183-1-000036/2025","8","https://pncp.gov.br/api/pncp/v1/orgaos/14814139000183/compras/2025/36/itens/8/resultados","1","1","Informado","2025-05-05T08:22:00","2025-05-05T08:22:00","04516470000163","TECNOPRINT IMPRESSOS TECNICOS LTDA","PJ","1","ME","2062","Sociedade Empresária Limitada","BRA","1200","18","21600","0",,,,,,,,,"FALSE",,,,,"FALSE","FALSE",,,,,"FALSE","1","2025-05-05",,,,,,
"14814139000183-1-000036/2025","9","https://pncp.gov.br/api/pncp/v1/orgaos/14814139000183/compras/2025/36/itens/9/resultados","1","1","Informado","2025-05-05T08:22:00","2025-05-05T08:22:00","56081482000106","DIMEBRAS COMERCIAL HOSPITALAR LTDA","PJ","3","Demais","2062","Sociedade Empresária Limitada","BRA","500","4.36","2180","0",,,,,,,,,"FALSE",,,,,"FALSE","FALSE",,,,,"FALSE","1","2025-05-05",,,,,,
"14814139000183-1-000036/2025","10","https://pncp.gov.br/api/pncp/v1/orgaos/14814139000183/compras/2025/36/itens/10/resultados","1","1","Informado","2025-05-05T08:22:00","2025-05-05T08:22:00","57394275000174","MEDVERSUS COMERCIO DE PRODUTOS HOSPITALARES LTDA","PJ","1","ME","2062","Sociedade Empresária Limitada","BRA","50","59","2950","0",,,,,,,,,"FALSE",,,,,"FALSE","FALSE",,,,,"FALSE","1","2025-05-05",,,,,,
"76417005000186-1-000182/2023","1","https://pncp.gov.br/api/pncp/v1/orgaos/76417005000186/compras/2023/182/itens/1/resultados","1","1","Informado","2024-01-31T14:18:36","2024-01-31T14:18:36","00995046000198","PARANA EM REDE SISTEMAS LTDA","PJ","1","ME","2062","Sociedade Empresária Limitada","BRA","1","190998","190998","0",,,,,,,,,"FALSE",,,,,"FALSE","FALSE",,,,,"FALSE",,"2024-01-31",,,,,,
"76417005000186-1-000154/2023","1","https://pncp.gov.br/api/pncp/v1/orgaos/76417005000186/compras/2023/154/itens/1/resultados","1","1","Informado","2024-02-01T09:15:58","2024-02-01T09:15:58","00467916000156","MAJ LAB - COMERCIO E MANUTENCAO DE EQUIPAMENTOS PARA LABORATORIO LTDA","PJ","1","ME","2062","Sociedade Empresária Limitada","BRA","1","276","276","0",,,,,,,,,"FALSE",,,,,"FALSE","FALSE",,,,,"FALSE",,"2024-02-01",,,,,,
"76417005000186-1-000154/2023","2","https://pncp.gov.br/api/pncp/v1/orgaos/76417005000186/compras/2023/154/itens/2/resultados","1","1","Informado","2024-02-01T09:15:58","2024-02-01T09:15:58","00467916000156","MAJ LAB - COMERCIO E MANUTENCAO DE EQUIPAMENTOS PARA LABORATORIO LTDA","PJ","1","ME","2062","Sociedade Empresária Limitada","BRA","1","175","175","0",,,,,,,,,"FALSE",,,,,"FALSE","FALSE",,,,,"FALSE",,"2024-02-01",,,,,,
"76417005000186-1-000154/2023","3","https://pncp.gov.br/api/pncp/v1/orgaos/76417005000186/compras/2023/154/itens/3/resultados","1","1","Informado","2024-02-01T09:15:58","2024-02-01T09:15:58","00467916000156","MAJ LAB - COMERCIO E MANUTENCAO DE EQUIPAMENTOS PARA LABORATORIO LTDA","PJ","1","ME","2062","Sociedade Empresária Limitada","BRA","1","400","400","0",,,,,,,,,"FALSE",,,,,"FALSE","FALSE",,,,,"FALSE",,"2024-02-01",,,,,,
"76417005000186-1-000116/2023","6","https://pncp.gov.br/api/pncp/v1/orgaos/76417005000186/compras/2023/116/itens/6/resultados","1","1","Informado","2024-02-05T08:19:45","2024-02-05T08:19:45","30597921000144","IS 8 INTERNATIONAL SUPPLIES IMPORTACAO E COMERCIO DE PRODUTOS HOSPITALARES LTDA","PJ","1","ME","2062","Sociedade Empresária Limitada","BRA","18000","0.17","3060","0",,,,,,,,,"FALSE",,,,,"FALSE","FALSE",,,,,"FALSE","1","2024-02-05",,,,,,
"76417005000186-1-000161/2023","1","https://pncp.gov.br/api/pncp/v1/orgaos/76417005000186/compras/2023/161/itens/1/resultados","1","1","Informado","2024-02-09T11:32:47","2024-02-09T11:32:47","80246309000103","CAOBIANCO MATERIAIS MEDICOS E HOSPITALARES LTDA","PJ","1","ME","2062","Sociedade Empresária Limitada","BRA","1","641","641","0",,,,,,,,,"FALSE",,,,,"FALSE","FALSE",,,,,"FALSE",,"2024-02-09",,,,,,
"76417005000186-1-000161/2023","2","https://pncp.gov.br/api/pncp/v1/orgaos/76417005000186/compras/2023/161/itens/2/resultados","1","1","Informado","2024-02-09T11:32:45","2024-02-09T11:32:45","80246309000103","CAOBIANCO MATERIAIS MEDICOS E HOSPITALARES LTDA","PJ","1","ME","2062","Sociedade Empresária Limitada","BRA","1","1100","1100","0",,,,,,,,,"FALSE",,,,,"FALSE","FALSE",,,,,"FALSE",,"2024-02-09",,,,,,
"76417005000186-1-000161/2023","3","https://pncp.gov.br/api/pncp/v1/orgaos/76417005000186/compras/2023/161/itens/3/resultados","1","1","Informado","2024-02-09T11:32:45","2024-02-09T11:32:45","80246309000103","CAOBIANCO MATERIAIS MEDICOS E HOSPITALARES LTDA","PJ","1","ME","2062","Sociedade Empresária Limitada","BRA","1","600","600","0",,,,,,,,,"FALSE",,,,,"FALSE","FALSE",,,,,"FALSE",,"2024-02-09",,,,,,
"76417005000186-1-000161/2023","4","https://pncp.gov.br/api/pncp/v1/orgaos/76417005000186/compras/2023/161/itens/4/resultados","1","1","Informado","2024-02-09T11:32:45","2024-02-09T11:32:45","80246309000103","CAOBIANCO MATERIAIS MEDICOS E HOSPITALARES LTDA","PJ","1","ME","2062","Sociedade Empresária Limitada","BRA","1","1050","1050","0",,,,,,,,,"FALSE",,,,,"FALSE","FALSE",,,,,"FALSE",,"2024-02-09",,,,,,
"76417005000186-1-000008/2024","1","https://pncp.gov.br/api/pncp/v1/orgaos/76417005000186/compras/2024/8/itens/1/resultados","1","1","Informado","2024-02-15T09:17:27","2024-02-15T09:17:27","13944402000196","AG - COMERCIO DE MAQUINAS E EQUIPAMENTOS PARA SAUDE LTDA","PJ","1","ME","2062","Sociedade Empresária Limitada","BRA","250000","0.005","1250","0",,,,,,,,,"FALSE",,,,,"FALSE","FALSE",,,,,"FALSE","1","2024-02-15",,,,,,
"76417005000186-1-000008/2024","2","https://pncp.gov.br/api/pncp/v1/orgaos/76417005000186/compras/2024/8/itens/2/resultados","1","1","Informado","2024-02-15T09:17:25","2024-02-15T09:17:25","13944402000196","AG - COMERCIO DE MAQUINAS E EQUIPAMENTOS PARA SAUDE LTDA","PJ","1","ME","2062","Sociedade Empresária Limitada","BRA","250000","0.005","1250","0",,,,,,,,,"FALSE",,,,,"FALSE","FALSE",,,,,"FALSE","1","2024-02-15",,,,,,
"76417005000186-1-000008/2024","3","https://pncp.gov.br/api/pncp/v1/orgaos/76417005000186/compras/2024/8/itens/3/resultados","1","1","Informado","2024-02-15T09:17:27","2024-02-15T09:17:27","38261300000105","P H P DE FREITAS RODRIGUES","PJ","1","ME","2135","Empresário (Individual)","BRA","2e+06","0.01","20000","0",,,,,,,,,"FALSE",,,,,"FALSE","FALSE",,,,,"FALSE","1","2024-02-15",,,,,,
"76417005000186-1-000008/2024","4","https://pncp.gov.br/api/pncp/v1/orgaos/76417005000186/compras/2024/8/itens/4/resultados","1","1","Informado","2024-02-15T09:17:26","2024-02-15T09:17:26","13944402000196","AG - COMERCIO DE MAQUINAS E EQUIPAMENTOS PARA SAUDE LTDA","PJ","1","ME","2062","Sociedade Empresária Limitada","BRA","350000","0.0106","3710","0",,,,,,,,,"FALSE",,,,,"FALSE","FALSE",,,,,"FALSE","1","2024-02-15",,,,,,
"03518900000113-1-000031/2023","1","https://pncp.gov.br/api/pncp/v1/orgaos/03518900000113/compras/2023/31/itens/1/resultados","1","1","Informado","2024-02-15T14:00:18","2024-02-15T14:00:18","02558157000162","TELEFONICA BRASIL S.A.","PJ","3","Demais","2046","Sociedade Anônima Aberta","BRA","1","15600","15600","0",,,,,,,,,"FALSE",,,,,"FALSE","FALSE",,,,,"FALSE",,"2024-02-15",,,,,,
"03518900000113-1-000011/2023","1","https://pncp.gov.br/api/pncp/v1/orgaos/03518900000113/compras/2023/11/itens/1/resultados","1","1","Informado","2024-02-16T12:38:02","2024-02-16T12:38:02","50810993000135","ASSOCIACAO ITUANA DE ASSISTENCIA AOS DEFICIENTES VISUAIS INSTITUTO SANTA LUZIA","PJ","3","Demais","3999","Associação Privada","BRA","1","2000001","2000001","0",,,,,,,,,"FALSE",,,,,"FALSE","FALSE",,,,,"FALSE",,"2024-02-16",,,,,,
"76417005000186-1-000003/2024","4","https://pncp.gov.br/api/pncp/v1/orgaos/76417005000186/compras/2024/3/itens/4/resultados","1","1","Informado","2024-02-20T15:02:34","2024-02-20T15:02:34","04355394000151","PROHOSP DISTRIBUIDORA DE MEDICAMENTOS LTDA.","PJ","3","Demais","2062","Sociedade Empresária Limitada","BRA","24","2611.48","62675.52","0",,,,,,,,,"FALSE",,,,,"FALSE","FALSE",,,,,"FALSE","1","2024-02-20",,,,,,
"76417005000186-1-000009/2024","1","https://pncp.gov.br/api/pncp/v1/orgaos/76417005000186/compras/2024/9/itens/1/resultados","1","1","Informado","2024-02-22T10:52:52","2024-02-22T10:52:52","23206565000125","ARAUJO MOVEIS E TRANSPORTES LTDA","PJ","1","ME","2062","Sociedade Empresária Limitada","BRA","40","824","32960","0",,,,,,,,,"FALSE",,,,,"FALSE","FALSE",,,,,"FALSE","1","2024-02-22",,,,,,
"76417005000186-1-000009/2024","2","https://pncp.gov.br/api/pncp/v1/orgaos/76417005000186/compras/2024/9/itens/2/resultados","1","1","Informado","2024-02-22T10:52:52","2024-02-22T10:52:52","26334347000164","CPS MOBILIARIO E EQUIPAMENTOS LTDA","PJ","1","ME","2062","Sociedade Empresária Limitada","BRA","30","390","11700","0",,,,,,,,,"FALSE",,,,,"FALSE","FALSE",,,,,"FALSE","1","2024-02-22",,,,,,
"76417005000186-1-000009/2024","3","https://pncp.gov.br/api/pncp/v1/orgaos/76417005000186/compras/2024/9/itens/3/resultados","1","1","Informado","2024-02-22T10:52:52","2024-02-22T10:52:52","25043791000168","F SANTOS DE ALMEIDA","PJ","1","ME","2135","Empresário (Individual)","BRA","30","500","15000","0",,,,,,,,,"FALSE",,,,,"FALSE","FALSE",,,,,"FALSE","1","2024-02-22",,,,,,
"76417005000186-1-000009/2024","4","https://pncp.gov.br/api/pncp/v1/orgaos/76417005000186/compras/2024/9/itens/4/resultados","1","1","Informado","2024-02-22T10:52:52","2024-02-22T10:52:52","25043791000168","F SANTOS DE ALMEIDA","PJ","1","ME","2135","Empresário (Individual)","BRA","10","450","4500","0",,,,,,,,,"FALSE",,,,,"FALSE","FALSE",,,,,"FALSE","1","2024-02-22",,,,,,
"03518900000113-1-000003/2024","1","https://pncp.gov.br/api/pncp/v1/orgaos/03518900000113/compras/2024/3/itens/1/resultados","1","1","Informado","2024-02-22T12:05:24","2024-02-22T12:05:24","17309336000133","POCHY ILUMINACAO E ENGENHARIA LTDA","PJ","1","ME","2062","Sociedade Empresária Limitada","BRA","1","35500","35500","0",,,,,,,,,"FALSE",,,,,"FALSE","FALSE",,,,,"FALSE",,"2024-02-22",,,,,,
"76417005000186-1-000007/2024","1","https://pncp.gov.br/api/pncp/v1/orgaos/76417005000186/compras/2024/7/itens/1/resultados","1","1","Informado","2024-02-23T11:12:26","2024-02-23T11:12:26","26405348000152","PLANEJAR DISTRIBUIDORA E IMPORTADORA LTDA","PJ","1","ME","2062","Sociedade Empresária Limitada","BRA","50","65.8","3290","0",,,,,,,,,"FALSE",,,,,"FALSE","FALSE",,,,,"FALSE","1","2024-02-23",,,,,,
"76417005000186-1-000007/2024","2","https://pncp.gov.br/api/pncp/v1/orgaos/76417005000186/compras/2024/7/itens/2/resultados","1","1","Informado","2024-02-23T11:12:27","2024-02-23T11:12:27","26405348000152","PLANEJAR DISTRIBUIDORA E IMPORTADORA LTDA","PJ","1","ME","2062","Sociedade Empresária Limitada","BRA","40","65.4","2616","0",,,,,,,,,"FALSE",,,,,"FALSE","FALSE",,,,,"FALSE","1","2024-02-23",,,,,,
"76417005000186-1-000007/2024","3","https://pncp.gov.br/api/pncp/v1/orgaos/76417005000186/compras/2024/7/itens/3/resultados","1","1","Informado","2024-02-23T11:12:26","2024-02-23T11:12:26","26405348000152","PLANEJAR DISTRIBUIDORA E IMPORTADORA LTDA","PJ","1","ME","2062","Sociedade Empresária Limitada","BRA","40","65.5","2620","0",,,,,,,,,"FALSE",,,,,"FALSE","FALSE",,,,,"FALSE","1","2024-02-23",,,,,,
"76417005000186-1-000007/2024","4","https://pncp.gov.br/api/pncp/v1/orgaos/76417005000186/compras/2024/7/itens/4/resultados","1","1","Informado","2024-02-23T11:12:27","2024-02-23T11:12:27","26405348000152","PLANEJAR DISTRIBUIDORA E IMPORTADORA LTDA","PJ","1","ME","2062","Sociedade Empresária Limitada","BRA","50","66","3300","0",,,,,,,,,"FALSE",,,,,"FALSE","FALSE",,,,,"FALSE","1","2024-02-23",,,,,,
"76417005000186-1-000007/2024","5","https://pncp.gov.br/api/pncp/v1/orgaos/76417005000186/compras/2024/7/itens/5/resultados","1","1","Informado","2024-02-23T11:12:27","2024-02-23T11:12:27","26405348000152","PLANEJAR DISTRIBUIDORA E IMPORTADORA LTDA","PJ","1","ME","2062","Sociedade Empresária Limitada","BRA","100","146","14600","0",,,,,,,,,"FALSE",,,,,"FALSE","FALSE",,,,,"FALSE","1","2024-02-23",,,,,,
"76417005000186-1-000007/2024","6","https://pncp.gov.br/api/pncp/v1/orgaos/76417005000186/compras/2024/7/itens/6/resultados","1","1","Informado","2024-02-23T11:12:27","2024-02-23T11:12:27","26405348000152","PLANEJAR DISTRIBUIDORA E IMPORTADORA LTDA","PJ","1","ME","2062","Sociedade Empresária Limitada","BRA","100","142","14200","0",,,,,,,,,"FALSE",,,,,"FALSE","FALSE",,,,,"FALSE","1","2024-02-23",,,,,,
"76417005000186-1-000007/2024","7","https://pncp.gov.br/api/pncp/v1/orgaos/76417005000186/compras/2024/7/itens/7/resultados","1","1","Informado","2024-02-23T11:12:27","2024-02-23T11:12:27","26405348000152","PLANEJAR DISTRIBUIDORA E IMPORTADORA LTDA","PJ","1","ME","2062","Sociedade Empresária Limitada","BRA","100","152","15200","0",,,,,,,,,"FALSE",,,,,"FALSE","FALSE",,,,,"FALSE","1","2024-02-23",,,,,,
"76417005000186-1-000007/2024","8","https://pncp.gov.br/api/pncp/v1/orgaos/76417005000186/compras/2024/7/itens/8/resultados","1","1","Informado","2024-02-23T11:12:27","2024-02-23T11:12:27","26405348000152","PLANEJAR DISTRIBUIDORA E IMPORTADORA LTDA","PJ","1","ME","2062","Sociedade Empresária Limitada","BRA","40","155","6200","0",,,,,,,,,"FALSE",,,,,"FALSE","FALSE",,,,,"FALSE","1","2024-02-23",,,,,,
"76417005000186-1-000007/2024","9","https://pncp.gov.br/api/pncp/v1/orgaos/76417005000186/compras/2024/7/itens/9/resultados","1","1","Informado","2024-02-23T11:12:27","2024-02-23T11:12:27","34257820000185","MEGA BOR COMERCIO DE EQUIPAMENTOS E VESTUARIO LTDA","PJ","1","ME","2062","Sociedade Empresária Limitada","BRA","100","189.42","18942","0",,,,,,,,,"FALSE",,,,,"FALSE","FALSE",,,,,"FALSE","1","2024-02-23",,,,,,
"76417005000186-1-000007/2024","10","https://pncp.gov.br/api/pncp/v1/orgaos/76417005000186/compras/2024/7/itens/10/resultados","1","1","Informado","2024-02-23T11:12:27","2024-02-23T11:12:27","34257820000185","MEGA BOR COMERCIO DE EQUIPAMENTOS E VESTUARIO LTDA","PJ","1","ME","2062","Sociedade Empresária Limitada","BRA","100","189.42","18942","0",,,,,,,,,"FALSE",,,,,"FALSE","FALSE",,,,,"FALSE","1","2024-02-23",,,,,,
"03518900000113-1-000029/2023","1","https://pncp.gov.br/api/pncp/v1/orgaos/03518900000113/compras/2023/29/itens/1/resultados","1","1","Informado","2024-02-26T09:26:30","2024-02-26T09:26:30","01371416000189","SERCOMTEL S.A. - TELECOMUNICACOES","PJ","3","Demais","2054","Sociedade Anônima Fechada","BRA","1","16576","16576","0",,,,,,,,,"FALSE",,,,,"FALSE","FALSE",,,,,"FALSE",,"2024-02-26",,,,,,
"14814139000183-1-000194/2024","1","https://pncp.gov.br/api/pncp/v1/orgaos/14814139000183/compras/2024/194/itens/1/resultados","1","1","Informado","2025-03-18T10:19:46","2025-03-18T10:19:46","00656468000139","SOMA/PR COMERCIO DE PRODUTOS HOSPITALARES LTDA","PJ","3","Demais","2062","Sociedade Empresária Limitada","BRA","4000","1.6","6400","0",,,,,,,,,"FALSE",,,,,"FALSE","FALSE",,,,,"FALSE","1","2025-03-18",,,,,,
"14814139000183-1-000194/2024","2","https://pncp.gov.br/api/pncp/v1/orgaos/14814139000183/compras/2024/194/itens/2/resultados","1","1","Informado","2025-03-18T10:19:53","2025-03-18T10:19:53","35536845000180","FESTMED COMERCIO E IMPORTACAO LTDA","PJ","1","ME","2062","Sociedade Empresária Limitada","BRA","500","45","22500","0",,,,,,,,,"FALSE",,,,,"FALSE","FALSE",,,,,"FALSE","1","2025-03-18",,,,,,
"14814139000183-1-000194/2024","3","https://pncp.gov.br/api/pncp/v1/orgaos/14814139000183/compras/2024/194/itens/3/resultados","1","1","Informado","2025-03-18T10:19:46","2025-03-18T10:19:46","09603161000497","CONVATEC BRASIL LTDA","PJ","3","Demais","2062","Sociedade Empresária Limitada","BRA","800","10.5","8400","0",,,,,,,,,"FALSE",,,,,"FALSE","FALSE",,,,,"FALSE","1","2025-03-18",,,,,,
"14814139000183-1-000194/2024","4","https://pncp.gov.br/api/pncp/v1/orgaos/14814139000183/compras/2024/194/itens/4/resultados","1","1","Informado","2025-03-18T10:19:46","2025-03-18T10:19:46","09603161000497","CONVATEC BRASIL LTDA","PJ","3","Demais","2062","Sociedade Empresária Limitada","BRA","800","20.5","16400","0",,,,,,,,,"FALSE",,,,,"FALSE","FALSE",,,,,"FALSE","1","2025-03-18",,,,,,
"14814139000183-1-000194/2024","5","https://pncp.gov.br/api/pncp/v1/orgaos/14814139000183/compras/2024/194/itens/5/resultados","1","1","Informado","2025-03-18T10:19:55","2025-03-18T10:19:55","28470340000103","METROSAUDE COMERCIO DE MATERIAIS MEDICOS E HOSPITALARES LTDA","PJ","1","ME","2062","Sociedade Empresária Limitada","BRA","300","14","4200","0",,,,,,,,,"FALSE",,,,,"FALSE","FALSE",,,,,"FALSE","1","2025-03-18",,,,,,
"14814139000183-1-000194/2024","6","https://pncp.gov.br/api/pncp/v1/orgaos/14814139000183/compras/2024/194/itens/6/resultados","1","1","Informado","2025-03-18T10:19:46","2025-03-18T10:19:46","28470340000103","METROSAUDE COMERCIO DE MATERIAIS MEDICOS E HOSPITALARES LTDA","PJ","1","ME","2062","Sociedade Empresária Limitada","BRA","300","28.5","8550","0",,,,,,,,,"FALSE",,,,,"FALSE","FALSE",,,,,"FALSE","1","2025-03-18",,,,,,
"14814139000183-1-000194/2024","7","https://pncp.gov.br/api/pncp/v1/orgaos/14814139000183/compras/2024/194/itens/7/resultados","1","1","Informado","2025-03-18T10:19:46","2025-03-18T10:19:46","09603161000497","CONVATEC BRASIL LTDA","PJ","3","Demais","2062","Sociedade Empresária Limitada","BRA","400","8.7","3480","0",,,,,,,,,"FALSE",,,,,"FALSE","FALSE",,,,,"FALSE","1","2025-03-18",,,,,,
"14814139000183-1-000194/2024","9","https://pncp.gov.br/api/pncp/v1/orgaos/14814139000183/compras/2024/194/itens/9/resultados","1","1","Informado","2025-03-18T10:19:47","2025-03-18T10:19:47","35536845000180","FESTMED COMERCIO E IMPORTACAO LTDA","PJ","1","ME","2062","Sociedade Empresária Limitada","BRA","1500","11","16500","0",,,,,,,,,"FALSE",,,,,"FALSE","FALSE",,,,,"FALSE","1","2025-03-18",,,,,,
"14814139000183-1-000194/2024","10","https://pncp.gov.br/api/pncp/v1/orgaos/14814139000183/compras/2024/194/itens/10/resultados","1","1","Informado","2025-03-18T10:19:48","2025-03-18T10:19:48","47411780000126","BACE COMERCIO INTERNACIONAL LTDA","PJ","3","Demais","2062","Sociedade Empresária Limitada","BRA","1125","9.18","10327.5","0",,,,,,,,,"FALSE",,,,,"FALSE","FALSE",,,,,"FALSE","1","2025-03-18",,,,,,
"76417005000186-1-000011/2024","3","https://pncp.gov.br/api/pncp/v1/orgaos/76417005000186/compras/2024/11/itens/3/resultados","1","1","Informado","2024-02-28T15:37:15","2024-02-28T15:37:15","12889035000102","INOVAMED HOSPITALAR LTDA","PJ","3","Demais","2062","Sociedade Empresária Limitada","BRA","4000","14","56000","0",,,,,,,,,"FALSE",,,,,"FALSE","FALSE",,,,,"FALSE","1","2024-02-28",,,,,,
"03518900000113-1-000017/2023","1","https://pncp.gov.br/api/pncp/v1/orgaos/03518900000113/compras/2023/17/itens/1/resultados","1","1","Informado","2024-03-01T12:29:44","2024-03-01T12:29:44","00609334000167","IMPACTO AUDITORIA EM SAUDE LTDA","PJ","3","Demais","2062","Sociedade Empresária Limitada","BRA","1","230000","230000","0",,,,,,,,,"FALSE",,,,,"FALSE","FALSE",,,,,"FALSE",,"2024-03-01",,,,,,
"14814139000183-1-000002/2024","1","https://pncp.gov.br/api/pncp/v1/orgaos/14814139000183/compras/2024/2/itens/1/resultados","1","1","Informado","2024-03-04T08:03:39","2024-03-04T08:03:39","80392566000145","AABA COMERCIO DE EQUIPAMENTOS MEDICOS LTDA","PJ","3","Demais","2062","Sociedade Empresária Limitada","BRA","1000","2.5","2500","0",,,,,,,,,"FALSE",,,,,"FALSE","FALSE",,,,,"FALSE","1","2024-03-04",,,,,,
"14814139000183-1-000002/2024","2","https://pncp.gov.br/api/pncp/v1/orgaos/14814139000183/compras/2024/2/itens/2/resultados","1","1","Informado","2024-03-04T08:03:42","2024-03-04T08:03:42","66969262000177","UNIT - INDUSTRIA, COMERCIO, IMPORTACAO E EXPORTACAO LIMITADA","PJ","3","Demais","2062","Sociedade Empresária Limitada","BRA","120","90","10800","0",,,,,,,,,"FALSE",,,,,"FALSE","FALSE",,,,,"FALSE","1","2024-03-04",,,,,,
"14814139000183-1-000002/2024","3","https://pncp.gov.br/api/pncp/v1/orgaos/14814139000183/compras/2024/2/itens/3/resultados","1","1","Informado","2024-03-04T08:03:39","2024-03-04T08:03:39","28345933000130","BRAMED COMERCIO HOSPITALAR DO BRASIL LTDA","PJ","3","Demais","2062","Sociedade Empresária Limitada","BRA","180000","0.19","34200","0",,,,,,,,,"FALSE",,,,,"FALSE","FALSE",,,,,"FALSE","1","2024-03-04",,,,,,
"14814139000183-1-000002/2024","4","https://pncp.gov.br/api/pncp/v1/orgaos/14814139000183/compras/2024/2/itens/4/resultados","1","1","Informado","2024-03-04T08:03:41","2024-03-04T08:03:41","21681325000157","MULTIFARMA COMERCIO E REPRESENTACOES LTDA.","PJ","3","Demais","2062","Sociedade Empresária Limitada","BRA","1e+06","0.07","70000","0",,,,,,,,,"FALSE",,,,,"FALSE","FALSE",,,,,"FALSE","1","2024-03-04",,,,,,
"14814139000183-1-000002/2024","5","https://pncp.gov.br/api/pncp/v1/orgaos/14814139000183/compras/2024/2/itens/5/resultados","1","1","Informado","2024-03-04T08:03:42","2024-03-04T08:03:42","24118004000137","ANGULAR PRODUTOS PARA SAUDE LTDA","PJ","3","Demais","2062","Sociedade Empresária Limitada","BRA","800","2.988","2390.4","0",,,,,,,,,"FALSE",,,,,"FALSE","FALSE",,,,,"FALSE","1","2024-03-04",,,,,,
"14814139000183-1-000002/2024","6","https://pncp.gov.br/api/pncp/v1/orgaos/14814139000183/compras/2024/2/itens/6/resultados","1","1","Informado","2024-03-04T08:03:40","2024-03-04T08:03:40","22774865000148","PRM COMERCIAL LTDA","PJ","1","ME","2062","Sociedade Empresária Limitada","BRA","1000","4.33","4330","0",,,,,,,,,"FALSE",,,,,"FALSE","FALSE",,,,,"FALSE","1","2024-03-04",,,,,,
"14814139000183-1-000002/2024","8","https://pncp.gov.br/api/pncp/v1/orgaos/14814139000183/compras/2024/2/itens/8/resultados","1","1","Informado","2024-03-04T08:03:40","2024-03-04T08:03:40","37778759000100","CWBCARE PRODUTOS MEDICO HOSPITALARES LTDA","PJ","3","Demais","2062","Sociedade Empresária Limitada","BRA","1000","0.69","690","0",,,,,,,,,"FALSE",,,,,"FALSE","FALSE",,,,,"FALSE","1","2024-03-04",,,,,,
"14814139000183-1-000002/2024","9","https://pncp.gov.br/api/pncp/v1/orgaos/14814139000183/compras/2024/2/itens/9/resultados","1","1","Informado","2024-03-04T08:03:39","2024-03-04T08:03:39","37778759000100","CWBCARE PRODUTOS MEDICO HOSPITALARES LTDA","PJ","3","Demais","2062","Sociedade Empresária Limitada","BRA","100","1.9","190","0",,,,,,,,,"FALSE",,,,,"FALSE","FALSE",,,,,"FALSE","1","2024-03-04",,,,,,
"14814139000183-1-000002/2024","10","https://pncp.gov.br/api/pncp/v1/orgaos/14814139000183/compras/2024/2/itens/10/resultados","1","1","Informado","2024-03-04T08:03:39","2024-03-04T08:03:39","24118004000137","ANGULAR PRODUTOS PARA SAUDE LTDA","PJ","3","Demais","2062","Sociedade Empresária Limitada","BRA","100","2.388","238.8","0",,,,,,,,,"FALSE",,,,,"FALSE","FALSE",,,,,"FALSE","1","2024-03-04",,,,,,
"14814139000183-1-000008/2024","1","https://pncp.gov.br/api/pncp/v1/orgaos/14814139000183/compras/2024/8/itens/1/resultados","1","1","Informado","2024-03-04T10:31:18","2024-03-04T10:31:18","41255596000158","VENDGO LTDA","PJ","1","ME","2062","Sociedade Empresária Limitada","BRA","4","35","140","0",,,,,,,,,"FALSE",,,,,"FALSE","FALSE",,,,,"FALSE","1","2024-03-04",,,,,,
"14814139000183-1-000008/2024","2","https://pncp.gov.br/api/pncp/v1/orgaos/14814139000183/compras/2024/8/itens/2/resultados","1","1","Informado","2024-03-04T10:31:18","2024-03-04T10:31:18","41255596000158","VENDGO LTDA","PJ","1","ME","2062","Sociedade Empresária Limitada","BRA","4","21","84","0",,,,,,,,,"FALSE",,,,,"FALSE","FALSE",,,,,"FALSE","1","2024-03-04",,,,,,
"14814139000183-1-000008/2024","3","https://pncp.gov.br/api/pncp/v1/orgaos/14814139000183/compras/2024/8/itens/3/resultados","1","1","Informado","2024-03-04T10:31:20","2024-03-04T10:31:20","41255596000158","VENDGO LTDA","PJ","1","ME","2062","Sociedade Empresária Limitada","BRA","4","17","68","0",,,,,,,,,"FALSE",,,,,"FALSE","FALSE",,,,,"FALSE","1","2024-03-04",,,,,,
"14814139000183-1-000008/2024","4","https://pncp.gov.br/api/pncp/v1/orgaos/14814139000183/compras/2024/8/itens/4/resultados","1","1","Informado","2024-03-04T10:31:19","2024-03-04T10:31:19","41255596000158","VENDGO LTDA","PJ","1","ME","2062","Sociedade Empresária Limitada","BRA","10","114","1140","0",,,,,,,,,"FALSE",,,,,"FALSE","FALSE",,,,,"FALSE","1","2024-03-04",,,,,,
"14814139000183-1-000008/2024","5","https://pncp.gov.br/api/pncp/v1/orgaos/14814139000183/compras/2024/8/itens/5/resultados","1","1","Informado","2024-03-04T10:31:19","2024-03-04T10:31:19","19967499000139","HILLARY PRESENTES E ELETRONICOS LTDA","PJ","1","ME","2062","Sociedade Empresária Limitada","BRA","20","185","3700","0",,,,,,,,,"FALSE",,,,,"FALSE","FALSE",,,,,"FALSE","1","2024-03-04",,,,,,
"14814139000183-1-000008/2024","6","https://pncp.gov.br/api/pncp/v1/orgaos/14814139000183/compras/2024/8/itens/6/resultados","1","1","Informado","2024-03-04T10:31:18","2024-03-04T10:31:18","14208959000121","KW INFORMATICA LTDA","PJ","1","ME","2062","Sociedade Empresária Limitada","BRA","10","7.99","79.9","0",,,,,,,,,"FALSE",,,,,"FALSE","FALSE",,,,,"FALSE","1","2024-03-04",,,,,,
"14814139000183-1-000008/2024","7","https://pncp.gov.br/api/pncp/v1/orgaos/14814139000183/compras/2024/8/itens/7/resultados","1","1","Informado","2024-03-04T10:31:19","2024-03-04T10:31:19","14208959000121","KW INFORMATICA LTDA","PJ","1","ME","2062","Sociedade Empresária Limitada","BRA","4","25.08","100.32","0",,,,,,,,,"FALSE",,,,,"FALSE","FALSE",,,,,"FALSE","1","2024-03-04",,,,,,
"14814139000183-1-000008/2024","8","https://pncp.gov.br/api/pncp/v1/orgaos/14814139000183/compras/2024/8/itens/8/resultados","1","1","Informado","2024-03-04T10:31:19","2024-03-04T10:31:19","33889178000194","LICITA PREMIER REPRESENTACOES LTDA","PJ","1","ME","2062","Sociedade Empresária Limitada","BRA","20","165","3300","0",,,,,,,,,"FALSE",,,,,"FALSE","FALSE",,,,,"FALSE","1","2024-03-04",,,,,,
"03518900000113-1-000001/2024","1","https://pncp.gov.br/api/pncp/v1/orgaos/03518900000113/compras/2024/1/itens/1/resultados","1","1","Informado","2024-03-07T08:51:16","2024-03-07T08:51:16","46613430000180","46.613.430 RENATA YUMI TAKAHASHI MARTINS","PJ","1","ME","2062","Sociedade Empresária Limitada","BRA","450","15","6750","0",,,,,,,,,"FALSE",,,,,"FALSE","FALSE",,,,,"FALSE","1","2024-03-07",,,,,,
"03518900000113-1-000001/2024","2","https://pncp.gov.br/api/pncp/v1/orgaos/03518900000113/compras/2024/1/itens/2/resultados","1","1","Informado","2024-03-07T08:51:16","2024-03-07T08:51:16","46613430000180","46.613.430 RENATA YUMI TAKAHASHI MARTINS","PJ","1","ME","2062","Sociedade Empresária Limitada","BRA","80","15","1200","0",,,,,,,,,"FALSE",,,,,"FALSE","FALSE",,,,,"FALSE","1","2024-03-07",,,,,,
"03518900000113-1-000001/2024","3","https://pncp.gov.br/api/pncp/v1/orgaos/03518900000113/compras/2024/1/itens/3/resultados","1","1","Informado","2024-03-07T08:51:16","2024-03-07T08:51:16","46613430000180","46.613.430 RENATA YUMI TAKAHASHI MARTINS","PJ","1","ME","2062","Sociedade Empresária Limitada","BRA","30","15","450","0",,,,,,,,,"FALSE",,,,,"FALSE","FALSE",,,,,"FALSE","1","2024-03-07",,,,,,
"03518900000113-1-000001/2024","4","https://pncp.gov.br/api/pncp/v1/orgaos/03518900000113/compras/2024/1/itens/4/resultados","1","1","Informado","2024-03-07T08:51:16","2024-03-07T08:51:16","46613430000180","46.613.430 RENATA YUMI TAKAHASHI MARTINS","PJ","1","ME","2062","Sociedade Empresária Limitada","BRA","10","24","240","0",,,,,,,,,"FALSE",,,,,"FALSE","FALSE",,,,,"FALSE","1","2024-03-07",,,,,,
"03518900000113-1-000001/2024","5","https://pncp.gov.br/api/pncp/v1/orgaos/03518900000113/compras/2024/1/itens/5/resultados","1","1","Informado","2024-03-07T08:51:16","2024-03-07T08:51:16","23186928000108","J. L. MARTINS - INFORMATICA","PJ","1","ME","2135","Empresário (Individual)","BRA","200","50","10000","0",,,,,,,,,"FALSE",,,,,"FALSE","FALSE",,,,,"FALSE","1","2024-03-07",,,,,,
"03518900000113-1-000001/2024","6","https://pncp.gov.br/api/pncp/v1/orgaos/03518900000113/compras/2024/1/itens/6/resultados","1","1","Informado","2024-03-07T08:51:16","2024-03-07T08:51:16","23186928000108","J. L. MARTINS - INFORMATICA","PJ","1","ME","2135","Empresário (Individual)","BRA","50","99.97","4998.5","0",,,,,,,,,"FALSE",,,,,"FALSE","FALSE",,,,,"FALSE","1","2024-03-07",,,,,,
"03518900000113-1-000001/2024","7","https://pncp.gov.br/api/pncp/v1/orgaos/03518900000113/compras/2024/1/itens/7/resultados","1","1","Informado","2024-03-07T08:51:16","2024-03-07T08:51:16","32602639000133","LUKATONER SUPPLIES LTDA","PJ","1","ME","2062","Sociedade Empresária Limitada","BRA","60","30","1800","0",,,,,,,,,"FALSE",,,,,"FALSE","FALSE",,,,,"FALSE","1","2024-03-07",,,,,,
"03518900000113-1-000001/2024","8","https://pncp.gov.br/api/pncp/v1/orgaos/03518900000113/compras/2024/1/itens/8/resultados","1","1","Informado","2024-03-07T08:51:16","2024-03-07T08:51:16","32602639000133","LUKATONER SUPPLIES LTDA","PJ","1","ME","2062","Sociedade Empresária Limitada","BRA","40","30","1200","0",,,,,,,,,"FALSE",,,,,"FALSE","FALSE",,,,,"FALSE","1","2024-03-07",,,,,,
"03518900000113-1-000001/2024","9","https://pncp.gov.br/api/pncp/v1/orgaos/03518900000113/compras/2024/1/itens/9/resultados","1","1","Informado","2024-03-07T08:51:16","2024-03-07T08:51:16","32602639000133","LUKATONER SUPPLIES LTDA","PJ","1","ME","2062","Sociedade Empresária Limitada","BRA","40","30","1200","0",,,,,,,,,"FALSE",,,,,"FALSE","FALSE",,,,,"FALSE","1","2024-03-07",,,,,,
"03518900000113-1-000001/2024","10","https://pncp.gov.br/api/pncp/v1/orgaos/03518900000113/compras/2024/1/itens/10/resultados","1","1","Informado","2024-03-07T08:51:16","2024-03-07T08:51:16","32602639000133","LUKATONER SUPPLIES LTDA","PJ","1","ME","2062","Sociedade Empresária Limitada","BRA","40","30","1200","0",,,,,,,,,"FALSE",,,,,"FALSE","FALSE",,,,,"FALSE","1","2024-03-07",,,,,,
"76417005000186-1-000195/2023","1","https://pncp.gov.br/api/pncp/v1/orgaos/76417005000186/compras/2023/195/itens/1/resultados","1","1","Informado","2024-03-08T15:26:35","2024-03-08T15:26:35","01582046000129","SR SERVICOS TERCEIRIZADOS LTDA","PJ","3","Demais","2062","Sociedade Empresária Limitada","BRA","1","1598900","1598900","0",,,,,,,,,"FALSE",,,,,"FALSE","FALSE",,,,,"FALSE",,"2024-03-08",,,,,,
"14814139000183-1-000015/2024","1","https://pncp.gov.br/api/pncp/v1/orgaos/14814139000183/compras/2024/15/itens/1/resultados","1","1","Informado","2024-03-15T11:02:02","2024-03-15T11:02:02","48849683000182","LIFEPAR DISTRIBUIDORA LTDA","PJ","1","ME","2062","Sociedade Empresária Limitada","BRA","1","64125","64125","0",,,,,,,,,"FALSE",,,,,"FALSE","FALSE",,,,,"FALSE",,"2024-03-15",,,,,,
"14814139000183-1-000014/2024","1","https://pncp.gov.br/api/pncp/v1/orgaos/14814139000183/compras/2024/14/itens/1/resultados","1","1","Informado","2024-03-22T11:14:12","2024-03-22T11:14:12","33375370000162","MAPMED PRODUTOS HOSPITALARES LTDA","PJ","1","ME","2062","Sociedade Empresária Limitada","BRA","40","225","9000","0",,,,,,,,,"FALSE",,,,,"FALSE","FALSE",,,,,"FALSE","1","2024-03-22",,,,,,
"14814139000183-1-000014/2024","2","https://pncp.gov.br/api/pncp/v1/orgaos/14814139000183/compras/2024/14/itens/2/resultados","1","1","Informado","2024-03-22T11:14:12","2024-03-22T11:14:12","33583026000169","OLIMPIO EQUIPAMENTOS HOSPITALARES LTDA","PJ","1","ME","2062","Sociedade Empresária Limitada","BRA","10","416","4160","0",,,,,,,,,"FALSE",,,,,"FALSE","FALSE",,,,,"FALSE","1","2024-03-22",,,,,,
"14814139000183-1-000019/2024","1","https://pncp.gov.br/api/pncp/v1/orgaos/14814139000183/compras/2024/19/itens/1/resultados","1","1","Informado","2024-03-22T14:09:09","2024-03-22T14:09:09","23866385000170","DAAN COMERCIO E SERVICOS EM EQUIPAMENTOS MEDICOS LTDA","PJ","1","ME","2062","Sociedade Empresária Limitada","BRA","1","38640","38640","0",,,,,,,,,"FALSE",,,,,"FALSE","FALSE",,,,,"FALSE",,"2024-03-22",,,,,,
"14814139000183-1-000017/2024","1","https://pncp.gov.br/api/pncp/v1/orgaos/14814139000183/compras/2024/17/itens/1/resultados","1","1","Informado","2024-03-22T16:07:30","2024-03-22T16:07:30","23712322000169","PRATO NOBRE REFEICOES COLETIVAS LTDA","PJ","1","ME","2062","Sociedade Empresária Limitada","BRA","1","167979","167979","0",,,,,,,,,"FALSE",,,,,"FALSE","FALSE",,,,,"FALSE",,"2024-03-22",,,,,,
"14814139000183-1-000001/2025","2","https://pncp.gov.br/api/pncp/v1/orgaos/14814139000183/compras/2025/1/itens/2/resultados","1","1","Informado","2025-03-20T16:07:22","2025-03-20T16:07:22","39840107000183","MASTERMEDIC DISTRIBUIDORA LTDA","PJ","1","ME","2062","Sociedade Empresária Limitada","BRA","50","15","750","0",,,,,,,,,"FALSE",,,,,"FALSE","FALSE",,,,,"FALSE","1","2025-03-20",,,,,,
"14814139000183-1-000001/2025","3","https://pncp.gov.br/api/pncp/v1/orgaos/14814139000183/compras/2025/1/itens/3/resultados","1","1","Informado","2025-03-20T16:07:22","2025-03-20T16:07:22","32421421000182","MULTIHOSP COMERCIAL DE PRODUTOS HOSPITALARES LTDA","PJ","1","ME","2062","Sociedade Empresária Limitada","BRA","22500","1.9","42750","0",,,,,,,,,"FALSE",,,,,"FALSE","FALSE",,,,,"FALSE","1","2025-03-20",,,,,,
"14814139000183-1-000001/2025","4","https://pncp.gov.br/api/pncp/v1/orgaos/14814139000183/compras/2025/1/itens/4/resultados","1","1","Informado","2025-03-20T16:07:22","2025-03-20T16:07:22","37931064000116","LEMED COMERCIO DE MATERIAL E MEDICAMENTOS HOSPITALARES LTDA","PJ","1","ME","2062","Sociedade Empresária Limitada","BRA","7500","2","15000","0",,,,,,,,,"FALSE",,,,,"FALSE","FALSE",,,,,"FALSE","1","2025-03-20",,,,,,
"14814139000183-1-000001/2025","5","https://pncp.gov.br/api/pncp/v1/orgaos/14814139000183/compras/2025/1/itens/5/resultados","1","1","Informado","2025-03-20T16:07:22","2025-03-20T16:07:22","01328535000159","CLASSMED - PRODUTOS HOSPITALARES LTDA","PJ","1","ME","2062","Sociedade Empresária Limitada","BRA","1200","2.8854","3462.48","0",,,,,,,,,"FALSE",,,,,"FALSE","FALSE",,,,,"FALSE","1","2025-03-20",,,,,,
"14814139000183-1-000001/2025","6","https://pncp.gov.br/api/pncp/v1/orgaos/14814139000183/compras/2025/1/itens/6/resultados","1","1","Informado","2025-03-20T16:07:23","2025-03-20T16:07:23","47181976000171","SUPERMED COMERCIO DE PRODUTOS MEDICOS E HOSPITALARES LTDA","PJ","1","ME","2062","Sociedade Empresária Limitada","BRA","500","2.25","1125","0",,,,,,,,,"FALSE",,,,,"FALSE","FALSE",,,,,"FALSE","1","2025-03-20",,,,,,
"14814139000183-1-000001/2025","7","https://pncp.gov.br/api/pncp/v1/orgaos/14814139000183/compras/2025/1/itens/7/resultados","1","1","Informado","2025-03-20T16:07:23","2025-03-20T16:07:23","00656468000139","SOMA/PR COMERCIO DE PRODUTOS HOSPITALARES LTDA","PJ","3","Demais","2062","Sociedade Empresária Limitada","BRA","30","64.9","1947","0",,,,,,,,,"FALSE",,,,,"FALSE","FALSE",,,,,"FALSE","1","2025-03-20",,,,,,
"14814139000183-1-000001/2025","8","https://pncp.gov.br/api/pncp/v1/orgaos/14814139000183/compras/2025/1/itens/8/resultados","1","1","Informado","2025-03-20T16:07:23","2025-03-20T16:07:23","28470340000103","METROSAUDE COMERCIO DE MATERIAIS MEDICOS E HOSPITALARES LTDA","PJ","1","ME","2062","Sociedade Empresária Limitada","BRA","150","400","60000","0",,,,,,,,,"FALSE",,,,,"FALSE","FALSE",,,,,"FALSE","1","2025-03-20",,,,,,
"14814139000183-1-000001/2025","9","https://pncp.gov.br/api/pncp/v1/orgaos/14814139000183/compras/2025/1/itens/9/resultados","1","1","Informado","2025-03-20T16:07:23","2025-03-20T16:07:23","48135227000170","ABN COMERCIAL HOSPITALAR LTDA","PJ","1","ME","2062","Sociedade Empresária Limitada","BRA","6000","6.99","41940","0",,,,,,,,,"FALSE",,,,,"TRUE","TRUE","148","Lei 14.133/2021, art. 60, outros incisos","Critério de desempate: Utilizar esse código quando a justificativa de desempate via art. 60, derivar de outros incisos da Lei 14.133/2021 que não estão previstos nos Amparos Legais, códigos 145; 146; e 147, constantes no Manual de Integração do PNCP em seu item 5.15. Amparo Legal.","TRUE","FALSE","1","2025-03-20",,,,,,
"14814139000183-1-000001/2025","10","https://pncp.gov.br/api/pncp/v1/orgaos/14814139000183/compras/2025/1/itens/10/resultados","1","1","Informado","2025-03-20T16:07:23","2025-03-20T16:07:23","48135227000170","ABN COMERCIAL HOSPITALAR LTDA","PJ","1","ME","2062","Sociedade Empresária Limitada","BRA","2000","6.99","13980","0",,,,,,,,,"FALSE",,,,,"FALSE","FALSE",,,,,"FALSE","1","2025-03-20",,,,,,
"14814139000183-1-000021/2025","1","https://pncp.gov.br/api/pncp/v1/orgaos/14814139000183/compras/2025/21/itens/1/resultados","1","1","Informado","2025-03-20T16:49:42","2025-03-20T16:49:42","31061888000104","MEDSALUS INDUSTRIA E COMERCIO DE PRODUTOS DE USO UNICO LTDA","PJ","3","Demais","2062","Sociedade Empresária Limitada","BRA","30000","4","120000","0",,,,,,,,,"FALSE",,,,,"FALSE","FALSE",,,,,"FALSE","1","2025-03-20",,,,,,
"76417005000186-1-000167/2023","1","https://pncp.gov.br/api/pncp/v1/orgaos/76417005000186/compras/2023/167/itens/1/resultados","1","1","Informado","2024-03-11T15:40:07","2024-03-11T15:40:07","41010343000114","HABITUS DIGITAL - COMERCIO E SERVICOS DE INFORMATICA LTDA","PJ","1","ME","2062","Sociedade Empresária Limitada","BRA","6","723.59","4341.54","0",,,,,,,,,"FALSE",,,,,"FALSE","FALSE",,,,,"FALSE","1","2024-03-11",,,,,,
"76417005000186-1-000167/2023","5","https://pncp.gov.br/api/pncp/v1/orgaos/76417005000186/compras/2023/167/itens/5/resultados","1","1","Informado","2024-03-11T15:40:11","2024-03-11T15:40:11","36310930000199","Y S DIAS COMERCIO DE PAPELARIA","PJ","1","ME","2135","Empresário (Individual)","BRA","10","16.94","169.4","0",,,,,,,,,"FALSE",,,,,"FALSE","FALSE",,,,,"FALSE","1","2024-03-11",,,,,,
"76417005000186-1-000167/2023","6","https://pncp.gov.br/api/pncp/v1/orgaos/76417005000186/compras/2023/167/itens/6/resultados","1","1","Informado","2024-03-11T15:40:08","2024-03-11T15:40:08","20721030000102","ALL IN - SOLUCOES TECNOLOGICAS LTDA","PJ","1","ME","2062","Sociedade Empresária Limitada","BRA","5","380","1900","0",,,,,,,,,"FALSE",,,,,"FALSE","FALSE",,,,,"FALSE","1","2024-03-11",,,,,,
"76417005000186-1-000167/2023","7","https://pncp.gov.br/api/pncp/v1/orgaos/76417005000186/compras/2023/167/itens/7/resultados","1","1","Informado","2024-03-11T15:40:10","2024-03-11T15:40:10","05854663000197","ELETROQUIP COMERCIO E LICITACOES LTDA","PJ","1","ME","2062","Sociedade Empresária Limitada","BRA","10","30","300","0",,,,,,,,,"FALSE",,,,,"FALSE","FALSE",,,,,"FALSE","1","2024-03-11",,,,,,
"76417005000186-1-000167/2023","8","https://pncp.gov.br/api/pncp/v1/orgaos/76417005000186/compras/2023/167/itens/8/resultados","1","1","Informado","2024-03-11T15:40:12","2024-03-11T15:40:12","41010343000114","HABITUS DIGITAL - COMERCIO E SERVICOS DE INFORMATICA LTDA","PJ","1","ME","2062","Sociedade Empresária Limitada","BRA","100","5","500","0",,,,,,,,,"FALSE",,,,,"FALSE","FALSE",,,,,"FALSE","1","2024-03-11",,,,,,
"76417005000186-1-000167/2023","9","https://pncp.gov.br/api/pncp/v1/orgaos/76417005000186/compras/2023/167/itens/9/resultados","1","1","Informado","2024-03-11T15:40:12","2024-03-11T15:40:12","05854663000197","ELETROQUIP COMERCIO E LICITACOES LTDA","PJ","1","ME","2062","Sociedade Empresária Limitada","BRA","1000","0.44","440","0",,,,,,,,,"FALSE",,,,,"FALSE","FALSE",,,,,"FALSE","1","2024-03-11",,,,,,
"76417005000186-1-000004/2024","1","https://pncp.gov.br/api/pncp/v1/orgaos/76417005000186/compras/2024/4/itens/1/resultados","1","1","Informado","2024-04-02T10:57:12","2024-04-02T10:57:12","48369742000115","ORIGINARE UNIFORMES LTDA","PJ","1","ME","2062","Sociedade Empresária Limitada","BRA","800","34","27200","0",,,,,,,,,"FALSE",,,,,"FALSE","FALSE",,,,,"FALSE","1","2024-04-02",,,,,,
"76417005000186-1-000004/2024","2","https://pncp.gov.br/api/pncp/v1/orgaos/76417005000186/compras/2024/4/itens/2/resultados","1","1","Informado","2024-04-02T10:57:12","2024-04-02T10:57:12","48369742000115","ORIGINARE UNIFORMES LTDA","PJ","1","ME","2062","Sociedade Empresária Limitada","BRA","1000","34","34000","0",,,,,,,,,"FALSE",,,,,"FALSE","FALSE",,,,,"FALSE","1","2024-04-02",,,,,,
"76417005000186-1-000004/2024","3","https://pncp.gov.br/api/pncp/v1/orgaos/76417005000186/compras/2024/4/itens/3/resultados","1","1","Informado","2024-04-02T10:57:12","2024-04-02T10:57:12","48369742000115","ORIGINARE UNIFORMES LTDA","PJ","1","ME","2062","Sociedade Empresária Limitada","BRA","800","34","27200","0",,,,,,,,,"FALSE",,,,,"FALSE","FALSE",,,,,"FALSE","1","2024-04-02",,,,,,
"76417005000186-1-000004/2024","4","https://pncp.gov.br/api/pncp/v1/orgaos/76417005000186/compras/2024/4/itens/4/resultados","1","1","Informado","2024-04-02T10:57:12","2024-04-02T10:57:12","48369742000115","ORIGINARE UNIFORMES LTDA","PJ","1","ME","2062","Sociedade Empresária Limitada","BRA","800","34","27200","0",,,,,,,,,"FALSE",,,,,"FALSE","FALSE",,,,,"FALSE","1","2024-04-02",,,,,,
"76417005000186-1-000004/2024","5","https://pncp.gov.br/api/pncp/v1/orgaos/76417005000186/compras/2024/4/itens/5/resultados","1","1","Informado","2024-04-02T10:57:12","2024-04-02T10:57:12","48369742000115","ORIGINARE UNIFORMES LTDA","PJ","1","ME","2062","Sociedade Empresária Limitada","BRA","200","34","6800","0",,,,,,,,,"FALSE",,,,,"FALSE","FALSE",,,,,"FALSE","1","2024-04-02",,,,,,
"76417005000186-1-000004/2024","6","https://pncp.gov.br/api/pncp/v1/orgaos/76417005000186/compras/2024/4/itens/6/resultados","1","1","Informado","2024-04-02T10:57:12","2024-04-02T10:57:12","79718748000184","VF CONFECCOES LTDA","PJ","1","ME","2062","Sociedade Empresária Limitada","BRA","100","34.8","3480","0",,,,,,,,,"FALSE",,,,,"FALSE","FALSE",,,,,"FALSE","1","2024-04-02",,,,,,
"14814139000183-1-000021/2024","1","https://pncp.gov.br/api/pncp/v1/orgaos/14814139000183/compras/2024/21/itens/1/resultados","1","1","Informado","2024-04-02T13:56:49","2024-04-02T13:56:49","82057407000110","TECNENGE TELECOMUNICACOES LTDA","PJ","1","ME","2062","Sociedade Empresária Limitada","BRA","1","78000","78000","0",,,,,,,,,"FALSE",,,,,"FALSE","FALSE",,,,,"FALSE",,"2024-04-02",,,,,,
"14814139000183-1-000031/2024","1","https://pncp.gov.br/api/pncp/v1/orgaos/14814139000183/compras/2024/31/itens/1/resultados","1","1","Informado","2024-04-09T09:48:23","2024-04-09T09:48:23","13482516000161","SUPERAR LTDA","PJ","1","ME","2062","Sociedade Empresária Limitada","BRA","8","2509","20072","0",,,,,,,,,"FALSE",,,,,"FALSE","FALSE",,,,,"FALSE","1","2024-04-09",,,,,,
"14814139000183-1-000031/2024","2","https://pncp.gov.br/api/pncp/v1/orgaos/14814139000183/compras/2024/31/itens/2/resultados","1","1","Informado","2024-04-09T09:48:23","2024-04-09T09:48:23","47725628000118","PRIMER SOLUCOES LTDA","PJ","1","ME","2062","Sociedade Empresária Limitada","BRA","27","2440","65880","0",,,,,,,,,"FALSE",,,,,"FALSE","FALSE",,,,,"FALSE","1","2024-04-09",,,,,,
"14814139000183-1-000031/2024","3","https://pncp.gov.br/api/pncp/v1/orgaos/14814139000183/compras/2024/31/itens/3/resultados","1","1","Informado","2024-04-09T09:48:23","2024-04-09T09:48:23","45769285000168","REDNOV FERRAMENTAS LTDA.","PJ","1","ME","2062","Sociedade Empresária Limitada","BRA","35","854.12","29894.2","0",,,,,,,,,"FALSE",,,,,"FALSE","FALSE",,,,,"FALSE","1","2024-04-09",,,,,,
"14814139000183-1-000026/2024","1","https://pncp.gov.br/api/pncp/v1/orgaos/14814139000183/compras/2024/26/itens/1/resultados","1","1","Informado","2024-04-10T09:39:22","2024-04-10T09:39:22","00467916000156","MAJ LAB - COMERCIO E MANUTENCAO DE EQUIPAMENTOS PARA LABORATORIO LTDA","PJ","1","ME","2062","Sociedade Empresária Limitada","BRA","1","44583.5","44583.5","0",,,,,,,,,"FALSE",,,,,"FALSE","FALSE",,,,,"FALSE",,"2024-04-10",,,,,,
"14814139000183-1-000023/2024","1","https://pncp.gov.br/api/pncp/v1/orgaos/14814139000183/compras/2024/23/itens/1/resultados","1","1","Informado","2024-04-10T15:23:17","2024-04-10T15:23:17","00802002000102","ALTERMED MATERIAL MEDICO HOSPITALAR LTDA","PJ","3","Demais","2062","Sociedade Empresária Limitada","BRA","90000","1.22","109800","0",,,,,,,,,"FALSE",,,,,"FALSE","FALSE",,,,,"FALSE","1","2024-04-10",,,,,,
"14814139000183-1-000023/2024","2","https://pncp.gov.br/api/pncp/v1/orgaos/14814139000183/compras/2024/23/itens/2/resultados","1","1","Informado","2024-04-10T15:23:17","2024-04-10T15:23:17","52415955000103","ALTO URUGUAI COMERCIO DE PRODUTOS HOSPITALARES LTDA","PJ","1","ME","2062","Sociedade Empresária Limitada","BRA","30000","1.278","38340","0",,,,,,,,,"FALSE",,,,,"FALSE","FALSE",,,,,"FALSE","1","2024-04-10",,,,,,
"14814139000183-1-000023/2024","3","https://pncp.gov.br/api/pncp/v1/orgaos/14814139000183/compras/2024/23/itens/3/resultados","1","1","Informado","2024-04-10T15:23:17","2024-04-10T15:23:17","00802002000102","ALTERMED MATERIAL MEDICO HOSPITALAR LTDA","PJ","3","Demais","2062","Sociedade Empresária Limitada","BRA","150000","1.3","195000","0",,,,,,,,,"FALSE",,,,,"FALSE","FALSE",,,,,"FALSE","1","2024-04-10",,,,,,
"14814139000183-1-000023/2024","4","https://pncp.gov.br/api/pncp/v1/orgaos/14814139000183/compras/2024/23/itens/4/resultados","1","1","Informado","2024-04-10T15:23:17","2024-04-10T15:23:17","52415955000103","ALTO URUGUAI COMERCIO DE PRODUTOS HOSPITALARES LTDA","PJ","1","ME","2062","Sociedade Empresária Limitada","BRA","50000","1.43","71500","0",,,,,,,,,"FALSE",,,,,"FALSE","FALSE",,,,,"FALSE","1","2024-04-10",,,,,,
"14814139000183-1-000034/2024","1","https://pncp.gov.br/api/pncp/v1/orgaos/14814139000183/compras/2024/34/itens/1/resultados","1","1","Informado","2024-04-11T09:22:20","2024-04-11T09:22:20","29695306000191","A+ EMERGENCIAS MEDICAS LTDA","PJ","1","ME","2062","Sociedade Empresária Limitada","BRA","1","285800","285800","0",,,,,,,,,"FALSE",,,,,"FALSE","FALSE",,,,,"FALSE",,"2024-04-11",,,,,,
"14814139000183-1-000024/2024","1","https://pncp.gov.br/api/pncp/v1/orgaos/14814139000183/compras/2024/24/itens/1/resultados","1","1","Informado","2024-04-16T09:43:51","2024-04-16T09:43:51","47928331000150","MP SOLUCOES INDUSTRIAIS LTDA","PJ","1","ME","2062","Sociedade Empresária Limitada","BRA","1","197000","197000","0",,,,,,,,,"FALSE",,,,,"FALSE","FALSE",,,,,"FALSE",,"2024-04-16",,,,,,
"14814139000183-1-000020/2024","1","https://pncp.gov.br/api/pncp/v1/orgaos/14814139000183/compras/2024/20/itens/1/resultados","1","1","Informado","2024-04-17T14:38:01","2024-04-17T14:38:01","11647068000183","UNICA IMAGEM PRODUTOS E SERVICOS PARA DIAGNOSTICOS LTDA","PJ","3","Demais","2062","Sociedade Empresária Limitada","BRA","1","1487000","1487000","0",,,,,,,,,"FALSE",,,,,"FALSE","FALSE",,,,,"FALSE",,"2024-04-17",,,,,,
"14814139000183-1-000007/2024","1","https://pncp.gov.br/api/pncp/v1/orgaos/14814139000183/compras/2024/7/itens/1/resultados","1","1","Informado","2024-04-17T14:39:01","2024-04-17T14:39:01","08686288000101","GENSET ENERGY LTDA","PJ","1","ME","2062","Sociedade Empresária Limitada","BRA","1","189000","189000","0",,,,,,,,,"FALSE",,,,,"FALSE","FALSE",,,,,"FALSE",,"2024-04-17",,,,,,
"14814139000183-1-000020/2025","2","https://pncp.gov.br/api/pncp/v1/orgaos/14814139000183/compras/2025/20/itens/2/resultados","1","1","Informado","2025-03-21T08:16:51","2025-03-21T08:16:51","44883034000147","MARCELO SOUSA GONCALVES","PJ","1","ME","2135","Empresário (Individual)","BRA","4","22","88","0",,,,,,,,,"FALSE",,,,,"FALSE","FALSE",,,,,"FALSE","1","2025-03-21",,,,,,
"14814139000183-1-000020/2025","3","https://pncp.gov.br/api/pncp/v1/orgaos/14814139000183/compras/2025/20/itens/3/resultados","1","1","Informado","2025-03-21T08:16:51","2025-03-21T08:16:51","13919820000123","ISA NOGUEIRA COMERCIAL LTDA","PJ","1","ME","2062","Sociedade Empresária Limitada","BRA","4","20","80","0",,,,,,,,,"FALSE",,,,,"FALSE","FALSE",,,,,"FALSE","1","2025-03-21",,,,,,
"14814139000183-1-000020/2025","4","https://pncp.gov.br/api/pncp/v1/orgaos/14814139000183/compras/2025/20/itens/4/resultados","1","1","Informado","2025-03-21T08:16:51","2025-03-21T08:16:51","13919820000123","ISA NOGUEIRA COMERCIAL LTDA","PJ","1","ME","2062","Sociedade Empresária Limitada","BRA","4","28.01","112.04","0",,,,,,,,,"FALSE",,,,,"FALSE","FALSE",,,,,"FALSE","1","2025-03-21",,,,,,
"14814139000183-1-000020/2025","5","https://pncp.gov.br/api/pncp/v1/orgaos/14814139000183/compras/2025/20/itens/5/resultados","1","1","Informado","2025-03-21T08:16:51","2025-03-21T08:16:51","33149502000138","I.R. COMERCIO E MATERIAIS ELETRICOS LTDA","PJ","1","ME","2062","Sociedade Empresária Limitada","BRA","5","424.65","2123.25","0",,,,,,,,,"FALSE",,,,,"FALSE","FALSE",,,,,"FALSE","1","2025-03-21",,,,,,
"14814139000183-1-000020/2025","6","https://pncp.gov.br/api/pncp/v1/orgaos/14814139000183/compras/2025/20/itens/6/resultados","1","1","Informado","2025-03-21T08:16:52","2025-03-21T08:16:52","45606844000119","KGR ATACADISTA LTDA","PJ","1","ME","2062","Sociedade Empresária Limitada","BRA","5","17.48","87.4","0",,,,,,,,,"FALSE",,,,,"FALSE","FALSE",,,,,"FALSE","1","2025-03-21",,,,,,
"14814139000183-1-000020/2025","7","https://pncp.gov.br/api/pncp/v1/orgaos/14814139000183/compras/2025/20/itens/7/resultados","1","1","Informado","2025-03-21T08:16:52","2025-03-21T08:16:52","65529489000139","COMPUSET INFORMATICA LTDA","PJ","1","ME","2062","Sociedade Empresária Limitada","BRA","10","18.72","187.2","0",,,,,,,,,"FALSE",,,,,"FALSE","FALSE",,,,,"FALSE","1","2025-03-21",,,,,,
"14814139000183-1-000020/2025","8","https://pncp.gov.br/api/pncp/v1/orgaos/14814139000183/compras/2025/20/itens/8/resultados","1","1","Informado","2025-03-21T08:16:52","2025-03-21T08:16:52","13919820000123","ISA NOGUEIRA COMERCIAL LTDA","PJ","1","ME","2062","Sociedade Empresária Limitada","BRA","4","53","212","0",,,,,,,,,"FALSE",,,,,"FALSE","FALSE",,,,,"FALSE","1","2025-03-21",,,,,,
"14814139000183-1-000020/2025","9","https://pncp.gov.br/api/pncp/v1/orgaos/14814139000183/compras/2025/20/itens/9/resultados","1","1","Informado","2025-03-21T08:16:52","2025-03-21T08:16:52","65529489000139","COMPUSET INFORMATICA LTDA","PJ","1","ME","2062","Sociedade Empresária Limitada","BRA","100","3.96","396","0",,,,,,,,,"FALSE",,,,,"FALSE","FALSE",,,,,"FALSE","1","2025-03-21",,,,,,
"14814139000183-1-000020/2025","10","https://pncp.gov.br/api/pncp/v1/orgaos/14814139000183/compras/2025/20/itens/10/resultados","1","1","Informado","2025-03-21T08:16:52","2025-03-21T08:16:52","65529489000139","COMPUSET INFORMATICA LTDA","PJ","1","ME","2062","Sociedade Empresária Limitada","BRA","1000","0.19","190","0",,,,,,,,,"FALSE",,,,,"FALSE","FALSE",,,,,"FALSE","1","2025-03-21",,,,,,
"14814139000183-1-000009/2025","1","https://pncp.gov.br/api/pncp/v1/orgaos/14814139000183/compras/2025/9/itens/1/resultados","1","1","Informado","2025-03-21T09:10:52","2025-03-21T09:10:52","27018095000127","IMAXE RADIOLOGIC - SERVICO EM IMAGEM E DIAGNOSTICO LTDA","PJ","1","ME","2062","Sociedade Empresária Limitada","BRA","1","1175491.2","1175491.2","0",,,,,,,,,"FALSE",,,,,"TRUE","TRUE","148","Lei 14.133/2021, art. 60, outros incisos","Critério de desempate: Utilizar esse código quando a justificativa de desempate via art. 60, derivar de outros incisos da Lei 14.133/2021 que não estão previstos nos Amparos Legais, códigos 145; 146; e 147, constantes no Manual de Integração do PNCP em seu item 5.15. Amparo Legal.","TRUE","FALSE",,"2025-03-21",,,,,,
"14814139000183-1-000016/2024","1","https://pncp.gov.br/api/pncp/v1/orgaos/14814139000183/compras/2024/16/itens/1/resultados","1","1","Informado","2024-04-19T13:11:43","2024-04-19T13:11:43","13338581000118","RALTEC ELETRO AUTOMACAO LTDA","PJ","1","ME","2062","Sociedade Empresária Limitada","BRA","150","24.5","3675","0",,,,,,,,,"FALSE",,,,,"FALSE","FALSE",,,,,"FALSE","1","2024-04-19",,,,,,
"14814139000183-1-000016/2024","2","https://pncp.gov.br/api/pncp/v1/orgaos/14814139000183/compras/2024/16/itens/2/resultados","1","1","Informado","2024-04-19T13:11:36","2024-04-19T13:11:36","37902157000112","DG SOLUTION INDUSTRIA DE EQUIPAMENTOS ELETRICOS LTDA","PJ","1","ME","2062","Sociedade Empresária Limitada","BRA","20","152","3040","0",,,,,,,,,"FALSE",,,,,"FALSE","FALSE",,,,,"FALSE","1","2024-04-19",,,,,,
"14814139000183-1-000016/2024","3","https://pncp.gov.br/api/pncp/v1/orgaos/14814139000183/compras/2024/16/itens/3/resultados","1","1","Informado","2024-04-19T13:11:36","2024-04-19T13:11:36","27466469000177","RRW LICITA LTDA","PJ","1","ME","2062","Sociedade Empresária Limitada","BRA","20","135","2700","0",,,,,,,,,"FALSE",,,,,"FALSE","FALSE",,,,,"FALSE","1","2024-04-19",,,,,,
"14814139000183-1-000016/2024","4","https://pncp.gov.br/api/pncp/v1/orgaos/14814139000183/compras/2024/16/itens/4/resultados","1","1","Informado","2024-04-19T13:11:51","2024-04-19T13:11:51","27466469000177","RRW LICITA LTDA","PJ","1","ME","2062","Sociedade Empresária Limitada","BRA","20","135","2700","0",,,,,,,,,"FALSE",,,,,"FALSE","FALSE",,,,,"FALSE","1","2024-04-19",,,,,,
"14814139000183-1-000016/2024","5","https://pncp.gov.br/api/pncp/v1/orgaos/14814139000183/compras/2024/16/itens/5/resultados","1","1","Informado","2024-04-19T13:11:36","2024-04-19T13:11:36","27466469000177","RRW LICITA LTDA","PJ","1","ME","2062","Sociedade Empresária Limitada","BRA","20","199","3980","0",,,,,,,,,"FALSE",,,,,"FALSE","FALSE",,,,,"FALSE","1","2024-04-19",,,,,,
"14814139000183-1-000016/2024","6","https://pncp.gov.br/api/pncp/v1/orgaos/14814139000183/compras/2024/16/itens/6/resultados","1","1","Informado","2024-04-19T13:11:44","2024-04-19T13:11:44","27253891000144","S.K FERNANDES AUTOMACAO INDUSTRIAL LTDA","PJ","1","ME","2062","Sociedade Empresária Limitada","BRA","150","34","5100","0",,,,,,,,,"FALSE",,,,,"FALSE","FALSE",,,,,"FALSE","1","2024-04-19",,,,,,
"14814139000183-1-000016/2024","7","https://pncp.gov.br/api/pncp/v1/orgaos/14814139000183/compras/2024/16/itens/7/resultados","1","1","Informado","2024-04-19T13:11:37","2024-04-19T13:11:37","33149502000138","I.R. COMERCIO E MATERIAIS ELETRICOS LTDA","PJ","1","ME","2062","Sociedade Empresária Limitada","BRA","150","44.03","6604.5","0",,,,,,,,,"FALSE",,,,,"FALSE","FALSE",,,,,"FALSE","1","2024-04-19",,,,,,
"14814139000183-1-000016/2024","8","https://pncp.gov.br/api/pncp/v1/orgaos/14814139000183/compras/2024/16/itens/8/resultados","1","1","Informado","2024-04-19T13:11:32","2024-04-19T13:11:32","33149502000138","I.R. COMERCIO E MATERIAIS ELETRICOS LTDA","PJ","1","ME","2062","Sociedade Empresária Limitada","BRA","150","44.95","6742.5","0",,,,,,,,,"FALSE",,,,,"FALSE","FALSE",,,,,"FALSE","1","2024-04-19",,,,,,
"14814139000183-1-000016/2024","9","https://pncp.gov.br/api/pncp/v1/orgaos/14814139000183/compras/2024/16/itens/9/resultados","1","1","Informado","2024-04-19T13:11:31","2024-04-19T13:11:31","27466469000177","RRW LICITA LTDA","PJ","1","ME","2062","Sociedade Empresária Limitada","BRA","150","73","10950","0",,,,,,,,,"FALSE",,,,,"FALSE","FALSE",,,,,"FALSE","1","2024-04-19",,,,,,
"14814139000183-1-000016/2024","10","https://pncp.gov.br/api/pncp/v1/orgaos/14814139000183/compras/2024/16/itens/10/resultados","1","1","Informado","2024-04-19T13:11:32","2024-04-19T13:11:32","27466469000177","RRW LICITA LTDA","PJ","1","ME","2062","Sociedade Empresária Limitada","BRA","150","73","10950","0",,,,,,,,,"FALSE",,,,,"FALSE","FALSE",,,,,"FALSE","1","2024-04-19",,,,,,
"14814139000183-1-000036/2024","1","https://pncp.gov.br/api/pncp/v1/orgaos/14814139000183/compras/2024/36/itens/1/resultados","1","1","Informado","2024-04-19T16:18:17","2024-04-19T16:18:17","51812818000140","VOGUE IND E COM DE COLCHOES LTDA","PJ","1","ME","2062","Sociedade Empresária Limitada","BRA","300","49.5","14850","0",,,,,,,,,"FALSE",,,,,"FALSE","FALSE",,,,,"FALSE","1","2024-04-19",,,,,,
"14814139000183-1-000036/2024","2","https://pncp.gov.br/api/pncp/v1/orgaos/14814139000183/compras/2024/36/itens/2/resultados","1","1","Informado","2024-04-19T16:18:18","2024-04-19T16:18:18","48223831000159","MULTIFOAM DO BRASIL LTDA","PJ","1","ME","2062","Sociedade Empresária Limitada","BRA","250","167.8","41950","0",,,,,,,,,"FALSE",,,,,"FALSE","FALSE",,,,,"FALSE","1","2024-04-19",,,,,,
"14814139000183-1-000036/2024","3","https://pncp.gov.br/api/pncp/v1/orgaos/14814139000183/compras/2024/36/itens/3/resultados","1","1","Informado","2024-04-19T16:18:23","2024-04-19T16:18:23","48223831000159","MULTIFOAM DO BRASIL LTDA","PJ","1","ME","2062","Sociedade Empresária Limitada","BRA","150","68.8","10320","0",,,,,,,,,"FALSE",,,,,"FALSE","FALSE",,,,,"FALSE","1","2024-04-19",,,,,,
"14814139000183-1-000036/2024","4","https://pncp.gov.br/api/pncp/v1/orgaos/14814139000183/compras/2024/36/itens/4/resultados","1","1","Informado","2024-04-19T16:18:23","2024-04-19T16:18:23","48223831000159","MULTIFOAM DO BRASIL LTDA","PJ","1","ME","2062","Sociedade Empresária Limitada","BRA","300","18","5400","0",,,,,,,,,"FALSE",,,,,"FALSE","FALSE",,,,,"FALSE","1","2024-04-19",,,,,,
"14814139000183-1-000022/2024","1","https://pncp.gov.br/api/pncp/v1/orgaos/14814139000183/compras/2024/22/itens/1/resultados","1","1","Informado","2024-04-19T16:22:00","2024-04-19T16:22:00","35820448016482","WHITE MARTINS GASES INDUSTRIAIS LTDA","PJ","3","Demais","2062","Sociedade Empresária Limitada","BRA","1","48075","48075","0",,,,,,,,,"FALSE",,,,,"FALSE","FALSE",,,,,"FALSE",,"2024-04-19",,,,,,
"14814139000183-1-000011/2024","1","https://pncp.gov.br/api/pncp/v1/orgaos/14814139000183/compras/2024/11/itens/1/resultados","1","1","Informado","2024-04-22T13:20:05","2024-04-22T13:20:05","97456636000184","REALLUZ COMERCIO DE MATERIAIS ELETRICOS LTDA","PJ","1","ME","2062","Sociedade Empresária Limitada","BRA","180","1.15","207","0",,,,,,,,,"FALSE",,,,,"FALSE","FALSE",,,,,"FALSE","1","2024-04-22",,,,,,
"14814139000183-1-000011/2024","2","https://pncp.gov.br/api/pncp/v1/orgaos/14814139000183/compras/2024/11/itens/2/resultados","1","1","Informado","2024-04-22T13:20:04","2024-04-22T13:20:04","50210605000185","50.210.605 GABRIEL TAVARES SILVA CONCEICAO","PJ","1","ME","2135","Empresário (Individual)","BRA","1000","1.1","1100","0",,,,,,,,,"FALSE",,,,,"FALSE","FALSE",,,,,"FALSE","1","2024-04-22",,,,,,
"14814139000183-1-000011/2024","3","https://pncp.gov.br/api/pncp/v1/orgaos/14814139000183/compras/2024/11/itens/3/resultados","1","1","Informado","2024-04-22T13:19:59","2024-04-22T13:19:59","97456636000184","REALLUZ COMERCIO DE MATERIAIS ELETRICOS LTDA","PJ","1","ME","2062","Sociedade Empresária Limitada","BRA","1000","1.59","1590","0",,,,,,,,,"FALSE",,,,,"FALSE","FALSE",,,,,"FALSE","1","2024-04-22",,,,,,
"14814139000183-1-000011/2024","4","https://pncp.gov.br/api/pncp/v1/orgaos/14814139000183/compras/2024/11/itens/4/resultados","1","1","Informado","2024-04-22T13:19:56","2024-04-22T13:19:56","97456636000184","REALLUZ COMERCIO DE MATERIAIS ELETRICOS LTDA","PJ","1","ME","2062","Sociedade Empresária Limitada","BRA","1000","2.07","2070","0",,,,,,,,,"FALSE",,,,,"FALSE","FALSE",,,,,"FALSE","1","2024-04-22",,,,,,
"14814139000183-1-000011/2024","5","https://pncp.gov.br/api/pncp/v1/orgaos/14814139000183/compras/2024/11/itens/5/resultados","1","1","Informado","2024-04-22T13:20:05","2024-04-22T13:20:05","23662635000150","RM CORREA COMERCIO LTDA","PJ","1","ME","2062","Sociedade Empresária Limitada","BRA","300","5.3","1590","0",,,,,,,,,"FALSE",,,,,"FALSE","FALSE",,,,,"FALSE","1","2024-04-22",,,,,,
"14814139000183-1-000011/2024","6","https://pncp.gov.br/api/pncp/v1/orgaos/14814139000183/compras/2024/11/itens/6/resultados","1","1","Informado","2024-04-22T13:19:54","2024-04-22T13:19:54","13338581000118","RALTEC ELETRO AUTOMACAO LTDA","PJ","1","ME","2062","Sociedade Empresária Limitada","BRA","500","8.5","4250","0",,,,,,,,,"FALSE",,,,,"FALSE","FALSE",,,,,"FALSE","1","2024-04-22",,,,,,
"14814139000183-1-000011/2024","7","https://pncp.gov.br/api/pncp/v1/orgaos/14814139000183/compras/2024/11/itens/7/resultados","1","1","Informado","2024-04-22T13:20:00","2024-04-22T13:20:00","13338581000118","RALTEC ELETRO AUTOMACAO LTDA","PJ","1","ME","2062","Sociedade Empresária Limitada","BRA","500","0.28","140","0",,,,,,,,,"FALSE",,,,,"FALSE","FALSE",,,,,"FALSE","1","2024-04-22",,,,,,
"14814139000183-1-000011/2024","8","https://pncp.gov.br/api/pncp/v1/orgaos/14814139000183/compras/2024/11/itens/8/resultados","1","1","Informado","2024-04-22T13:19:59","2024-04-22T13:19:59","13338581000118","RALTEC ELETRO AUTOMACAO LTDA","PJ","1","ME","2062","Sociedade Empresária Limitada","BRA","500","0.31","155","0",,,,,,,,,"FALSE",,,,,"FALSE","FALSE",,,,,"FALSE","1","2024-04-22",,,,,,
"14814139000183-1-000011/2024","10","https://pncp.gov.br/api/pncp/v1/orgaos/14814139000183/compras/2024/11/itens/10/resultados","1","1","Informado","2024-04-22T13:19:54","2024-04-22T13:19:54","13338581000118","RALTEC ELETRO AUTOMACAO LTDA","PJ","1","ME","2062","Sociedade Empresária Limitada","BRA","500","0.29","145","0",,,,,,,,,"FALSE",,,,,"FALSE","FALSE",,,,,"FALSE","1","2024-04-22",,,,,,
"14814139000183-1-000037/2024","1","https://pncp.gov.br/api/pncp/v1/orgaos/14814139000183/compras/2024/37/itens/1/resultados","1","1","Informado","2024-04-22T15:09:12","2024-04-22T15:09:12","35236131000157","GGV COMERCIAL LTDA","PJ","1","ME","2062","Sociedade Empresária Limitada","BRA","10","7","70","0",,,,,,,,,"FALSE",,,,,"FALSE","FALSE",,,,,"FALSE","1","2024-04-22",,,,,,
"14814139000183-1-000037/2024","2","https://pncp.gov.br/api/pncp/v1/orgaos/14814139000183/compras/2024/37/itens/2/resultados","1","1","Informado","2024-04-22T15:09:14","2024-04-22T15:09:14","35236131000157","GGV COMERCIAL LTDA","PJ","1","ME","2062","Sociedade Empresária Limitada","BRA","10","4.35","43.5","0",,,,,,,,,"FALSE",,,,,"FALSE","FALSE",,,,,"FALSE","1","2024-04-22",,,,,,
"14814139000183-1-000037/2024","3","https://pncp.gov.br/api/pncp/v1/orgaos/14814139000183/compras/2024/37/itens/3/resultados","1","1","Informado","2024-04-22T15:09:14","2024-04-22T15:09:14","41197748000103","JLS COMERCIAL LTDA","PJ","1","ME","2062","Sociedade Empresária Limitada","BRA","10","4.4","44","0",,,,,,,,,"FALSE",,,,,"FALSE","FALSE",,,,,"FALSE","1","2024-04-22",,,,,,
"14814139000183-1-000037/2024","4","https://pncp.gov.br/api/pncp/v1/orgaos/14814139000183/compras/2024/37/itens/4/resultados","1","1","Informado","2024-04-22T15:09:19","2024-04-22T15:09:19","35236131000157","GGV COMERCIAL LTDA","PJ","1","ME","2062","Sociedade Empresária Limitada","BRA","5","6.09","30.45","0",,,,,,,,,"FALSE",,,,,"FALSE","FALSE",,,,,"FALSE","1","2024-04-22",,,,,,
"14814139000183-1-000037/2024","5","https://pncp.gov.br/api/pncp/v1/orgaos/14814139000183/compras/2024/37/itens/5/resultados","1","1","Informado","2024-04-22T15:09:22","2024-04-22T15:09:22","46988889000168","4 NINJAS COMERCIO E DISTRIBUICAO DE PRODUTOS LTDA","PJ","1","ME","2062","Sociedade Empresária Limitada","BRA","5","13.23","66.15","0",,,,,,,,,"FALSE",,,,,"FALSE","FALSE",,,,,"FALSE","1","2024-04-22",,,,,,
"14814139000183-1-000037/2024","6","https://pncp.gov.br/api/pncp/v1/orgaos/14814139000183/compras/2024/37/itens/6/resultados","1","1","Informado","2024-04-22T15:09:20","2024-04-22T15:09:20","35236131000157","GGV COMERCIAL LTDA","PJ","1","ME","2062","Sociedade Empresária Limitada","BRA","10","5.15","51.5","0",,,,,,,,,"FALSE",,,,,"FALSE","FALSE",,,,,"FALSE","1","2024-04-22",,,,,,
"14814139000183-1-000037/2024","7","https://pncp.gov.br/api/pncp/v1/orgaos/14814139000183/compras/2024/37/itens/7/resultados","1","1","Informado","2024-04-22T15:09:26","2024-04-22T15:09:26","35236131000157","GGV COMERCIAL LTDA","PJ","1","ME","2062","Sociedade Empresária Limitada","BRA","10","5.15","51.5","0",,,,,,,,,"FALSE",,,,,"FALSE","FALSE",,,,,"FALSE","1","2024-04-22",,,,,,
"14814139000183-1-000037/2024","8","https://pncp.gov.br/api/pncp/v1/orgaos/14814139000183/compras/2024/37/itens/8/resultados","1","1","Informado","2024-04-22T15:09:28","2024-04-22T15:09:28","35236131000157","GGV COMERCIAL LTDA","PJ","1","ME","2062","Sociedade Empresária Limitada","BRA","10","6.75","67.5","0",,,,,,,,,"FALSE",,,,,"FALSE","FALSE",,,,,"FALSE","1","2024-04-22",,,,,,
"14814139000183-1-000037/2024","9","https://pncp.gov.br/api/pncp/v1/orgaos/14814139000183/compras/2024/37/itens/9/resultados","1","1","Informado","2024-04-22T15:09:26","2024-04-22T15:09:26","35236131000157","GGV COMERCIAL LTDA","PJ","1","ME","2062","Sociedade Empresária Limitada","BRA","10","7.17","71.7","0",,,,,,,,,"FALSE",,,,,"FALSE","FALSE",,,,,"FALSE","1","2024-04-22",,,,,,
"14814139000183-1-000037/2024","10","https://pncp.gov.br/api/pncp/v1/orgaos/14814139000183/compras/2024/37/itens/10/resultados","1","1","Informado","2024-04-22T15:09:31","2024-04-22T15:09:31","35236131000157","GGV COMERCIAL LTDA","PJ","1","ME","2062","Sociedade Empresária Limitada","BRA","10","10.31","103.1","0",,,,,,,,,"FALSE",,,,,"FALSE","FALSE",,,,,"FALSE","1","2024-04-22",,,,,,
"14814139000183-1-000049/2024","1","https://pncp.gov.br/api/pncp/v1/orgaos/14814139000183/compras/2024/49/itens/1/resultados","1","1","Informado","2024-04-23T08:16:48","2024-04-23T08:16:48","07698260000121","TEXAS IMPORTS COMERCIO IMPORTACAO E EXPORTACAO LTDA","PJ","1","ME","2062","Sociedade Empresária Limitada","BRA","9","1440","12960","0",,,,,,,,,"FALSE",,,,,"FALSE","FALSE",,,,,"FALSE","1","2024-04-23",,,,,,
"14814139000183-1-000049/2024","2","https://pncp.gov.br/api/pncp/v1/orgaos/14814139000183/compras/2024/49/itens/2/resultados","1","1","Informado","2024-04-23T08:16:48","2024-04-23T08:16:48","13573964000170","EMMENSA VAREJISTA DE SUPRIMENTOS E ALIMENTOS LTDA.","PJ","1","ME","2062","Sociedade Empresária Limitada","BRA","15","527.98","7919.7","0",,,,,,,,,"FALSE",,,,,"FALSE","FALSE",,,,,"FALSE","1","2024-04-23",,,,,,
"14814139000183-1-000049/2024","3","https://pncp.gov.br/api/pncp/v1/orgaos/14814139000183/compras/2024/49/itens/3/resultados","1","1","Informado","2024-04-23T08:16:50","2024-04-23T08:16:50","13573964000170","EMMENSA VAREJISTA DE SUPRIMENTOS E ALIMENTOS LTDA.","PJ","1","ME","2062","Sociedade Empresária Limitada","BRA","14","385.61","5398.54","0",,,,,,,,,"FALSE",,,,,"FALSE","FALSE",,,,,"FALSE","1","2024-04-23",,,,,,
"14814139000183-1-000049/2024","4","https://pncp.gov.br/api/pncp/v1/orgaos/14814139000183/compras/2024/49/itens/4/resultados","1","1","Informado","2024-04-23T08:16:50","2024-04-23T08:16:50","35171422000104","AGUIATRON COMERCIO E IMPORTACAO LTDA","PJ","1","ME","2062","Sociedade Empresária Limitada","BRA","40","900","36000","0",,,,,,,,,"FALSE",,,,,"FALSE","FALSE",,,,,"FALSE","1","2024-04-23",,,,,,
"14814139000183-1-000048/2024","1","https://pncp.gov.br/api/pncp/v1/orgaos/14814139000183/compras/2024/48/itens/1/resultados","1","1","Informado","2024-04-30T08:07:21","2024-04-30T08:07:21","49972973000181","ATENA NEGOCIOS E SERVICOS LTDA","PJ","1","ME","2062","Sociedade Empresária Limitada","BRA","5","105","525","0",,,,,,,,,"FALSE",,,,,"FALSE","FALSE",,,,,"FALSE","1","2024-04-30",,,,,,
"14814139000183-1-000048/2024","2","https://pncp.gov.br/api/pncp/v1/orgaos/14814139000183/compras/2024/48/itens/2/resultados","1","1","Informado","2024-04-30T08:07:21","2024-04-30T08:07:21","52913760000193","52.913.760 DIMITRI SILVA DOS SANTOS","PJ","1","ME","2135","Empresário (Individual)","BRA","2","360","720","0",,,,,,,,,"FALSE",,,,,"FALSE","FALSE",,,,,"FALSE","1","2024-04-30",,,,,,
"14814139000183-1-000048/2024","4","https://pncp.gov.br/api/pncp/v1/orgaos/14814139000183/compras/2024/48/itens/4/resultados","1","1","Informado","2024-04-30T08:09:15","2024-04-30T08:09:15","44899803000103","3B COMERCIAL LTDA","PJ","1","ME","2062","Sociedade Empresária Limitada","BRA","30","109.9","3297","0",,,,,,,,,"FALSE",,,,,"FALSE","FALSE",,,,,"FALSE","1","2024-04-30",,,,,,
"14814139000183-1-000048/2024","5","https://pncp.gov.br/api/pncp/v1/orgaos/14814139000183/compras/2024/48/itens/5/resultados","1","1","Informado","2024-04-30T08:07:21","2024-04-30T08:07:21","13338681000144","COMERCIAL SPONCHIADO LTDA","PJ","1","ME","2062","Sociedade Empresária Limitada","BRA","500","1.5","750","0",,,,,,,,,"FALSE",,,,,"FALSE","FALSE",,,,,"FALSE","1","2024-04-30",,,,,,
"14814139000183-1-000048/2024","7","https://pncp.gov.br/api/pncp/v1/orgaos/14814139000183/compras/2024/48/itens/7/resultados","1","1","Informado","2024-04-30T08:07:25","2024-04-30T08:07:25","49972973000181","ATENA NEGOCIOS E SERVICOS LTDA","PJ","1","ME","2062","Sociedade Empresária Limitada","BRA","100","33.9","3390","0",,,,,,,,,"FALSE",,,,,"FALSE","FALSE",,,,,"FALSE","1","2024-04-30",,,,,,
"14814139000183-1-000048/2024","9","https://pncp.gov.br/api/pncp/v1/orgaos/14814139000183/compras/2024/48/itens/9/resultados","1","1","Informado","2024-04-30T08:07:33","2024-04-30T08:07:33","13338681000144","COMERCIAL SPONCHIADO LTDA","PJ","1","ME","2062","Sociedade Empresária Limitada","BRA","200","2.99","598","0",,,,,,,,,"FALSE",,,,,"FALSE","FALSE",,,,,"FALSE","1","2024-04-30",,,,,,
"76417005000186-1-000010/2024","1","https://pncp.gov.br/api/pncp/v1/orgaos/76417005000186/compras/2024/10/itens/1/resultados","1","1","Informado","2024-04-30T16:36:29","2024-04-30T16:36:29","19052023000178","PWB - MANUTENCAO INDUSTRIAL LTDA","PJ","1","ME","2062","Sociedade Empresária Limitada","BRA","1","1922544","1922544","28",,,,,,,,,"FALSE",,,,,"FALSE","FALSE",,,,,"FALSE",,"2024-04-30",,,,,,
"14814139000183-1-000038/2024","1","https://pncp.gov.br/api/pncp/v1/orgaos/14814139000183/compras/2024/38/itens/1/resultados","1","1","Informado","2024-05-02T08:43:25","2024-05-02T08:43:25","42587791000148","CSMED PRODUTOS MEDICO-HOSPITALARES LTDA","PJ","1","ME","2062","Sociedade Empresária Limitada","BRA","300","118.68","35604","0",,,,,,,,,"FALSE",,,,,"FALSE","FALSE",,,,,"FALSE","1","2024-05-02",,,,,,
"14814139000183-1-000038/2024","2","https://pncp.gov.br/api/pncp/v1/orgaos/14814139000183/compras/2024/38/itens/2/resultados","1","1","Informado","2024-05-02T08:43:27","2024-05-02T08:43:27","42587791000148","CSMED PRODUTOS MEDICO-HOSPITALARES LTDA","PJ","1","ME","2062","Sociedade Empresária Limitada","BRA","150","118.68","17802","0",,,,,,,,,"FALSE",,,,,"FALSE","FALSE",,,,,"FALSE","1","2024-05-02",,,,,,
"14814139000183-1-000038/2024","3","https://pncp.gov.br/api/pncp/v1/orgaos/14814139000183/compras/2024/38/itens/3/resultados","1","1","Informado","2024-05-02T08:43:25","2024-05-02T08:43:25","42587791000148","CSMED PRODUTOS MEDICO-HOSPITALARES LTDA","PJ","1","ME","2062","Sociedade Empresária Limitada","BRA","150","118.68","17802","0",,,,,,,,,"FALSE",,,,,"FALSE","FALSE",,,,,"FALSE","1","2024-05-02",,,,,,
"14814139000183-1-000038/2024","4","https://pncp.gov.br/api/pncp/v1/orgaos/14814139000183/compras/2024/38/itens/4/resultados","1","1","Informado","2024-05-02T08:43:25","2024-05-02T08:43:25","19877178000143","CRUZEL COMERCIAL LTDA","PJ","1","ME","2062","Sociedade Empresária Limitada","BRA","5","875","4375","0",,,,,,,,,"FALSE",,,,,"FALSE","FALSE",,,,,"FALSE","1","2024-05-02",,,,,,
"14814139000183-1-000038/2024","5","https://pncp.gov.br/api/pncp/v1/orgaos/14814139000183/compras/2024/38/itens/5/resultados","1","1","Informado","2024-05-02T08:43:26","2024-05-02T08:43:26","04956527000145","ORION COMERCIO DE ARTIGOS MEDICOS LTDA","PJ","1","ME","2062","Sociedade Empresária Limitada","BRA","5","865","4325","0",,,,,,,,,"FALSE",,,,,"FALSE","FALSE",,,,,"FALSE","1","2024-05-02",,,,,,
"14814139000183-1-000038/2024","6","https://pncp.gov.br/api/pncp/v1/orgaos/14814139000183/compras/2024/38/itens/6/resultados","1","1","Informado","2024-05-02T08:43:26","2024-05-02T08:43:26","42587791000148","CSMED PRODUTOS MEDICO-HOSPITALARES LTDA","PJ","1","ME","2062","Sociedade Empresária Limitada","BRA","50","738","36900","0",,,,,,,,,"FALSE",,,,,"FALSE","FALSE",,,,,"FALSE","1","2024-05-02",,,,,,
"14814139000183-1-000050/2024","1","https://pncp.gov.br/api/pncp/v1/orgaos/14814139000183/compras/2024/50/itens/1/resultados","1","1","Informado","2024-05-03T11:24:47","2024-05-03T11:24:47","15556601000152","A10 DISTRIBUIDORA DE MOVEIS LTDA","PJ","1","ME","2062","Sociedade Empresária Limitada","BRA","1","5428","5428","0",,,,,,,,,"FALSE",,,,,"FALSE","FALSE",,,,,"FALSE","1","2024-05-03",,,,,,
"14814139000183-1-000050/2024","2","https://pncp.gov.br/api/pncp/v1/orgaos/14814139000183/compras/2024/50/itens/2/resultados","1","1","Informado","2024-05-03T11:22:46","2024-05-03T11:22:46","15556601000152","A10 DISTRIBUIDORA DE MOVEIS LTDA","PJ","1","ME","2062","Sociedade Empresária Limitada","BRA","1","4890","4890","0",,,,,,,,,"FALSE",,,,,"FALSE","FALSE",,,,,"FALSE","1","2024-05-03",,,,,,
"14814139000183-1-000050/2024","3","https://pncp.gov.br/api/pncp/v1/orgaos/14814139000183/compras/2024/50/itens/3/resultados","1","1","Informado","2024-05-03T11:20:53","2024-05-03T11:20:53","08925642000103","OFFICER MOVEIS E ELETRONICOS LTDA","PJ","1","ME","2062","Sociedade Empresária Limitada","BRA","1","1089","1089","0",,,,,,,,,"FALSE",,,,,"FALSE","FALSE",,,,,"FALSE","1","2024-05-03",,,,,,
"14814139000183-1-000050/2024","4","https://pncp.gov.br/api/pncp/v1/orgaos/14814139000183/compras/2024/50/itens/4/resultados","1","1","Informado","2024-05-03T11:20:49","2024-05-03T11:20:49","08925642000103","OFFICER MOVEIS E ELETRONICOS LTDA","PJ","1","ME","2062","Sociedade Empresária Limitada","BRA","1","5398","5398","0",,,,,,,,,"FALSE",,,,,"FALSE","FALSE",,,,,"FALSE","1","2024-05-03",,,,,,
"14814139000183-1-000035/2024","1","https://pncp.gov.br/api/pncp/v1/orgaos/14814139000183/compras/2024/35/itens/1/resultados","1","1","Informado","2024-05-09T16:18:00","2024-05-09T16:18:00","06207441000145","PROTEC EXPORT INDUSTRIA, COMERCIO, IMPORTACAO E EXPORTACAO DE EQUIPAMENTOS MEDIC","PJ","3","Demais","2062","Sociedade Empresária Limitada","BRA","15","8500","127500","0",,,,,,,,,"FALSE",,,,,"FALSE","FALSE",,,,,"FALSE",,"2024-05-09",,,,,,
"14814139000183-1-000035/2024","2","https://pncp.gov.br/api/pncp/v1/orgaos/14814139000183/compras/2024/35/itens/2/resultados","1","1","Informado","2024-05-09T16:17:56","2024-05-09T16:17:56","95433397000111","COMERCIO DE MATERIAIS MEDICOS HOSPITALARES MACROSUL LTDA","PJ","3","Demais","2062","Sociedade Empresária Limitada","BRA","11","16290","179190","0",,,,,,,,,"FALSE",,,,,"FALSE","FALSE",,,,,"FALSE",,"2024-05-09",,,,,,
"14814139000183-1-000035/2024","3","https://pncp.gov.br/api/pncp/v1/orgaos/14814139000183/compras/2024/35/itens/3/resultados","1","1","Informado","2024-05-09T16:17:59","2024-05-09T16:17:59","11405384000149","ALFA MED SISTEMAS MEDICOS LTDA","PJ","3","Demais","2062","Sociedade Empresária Limitada","BRA","30","806","24180","0",,,,,,,,,"FALSE",,,,,"FALSE","FALSE",,,,,"FALSE",,"2024-05-09",,,,,,
"76417005000186-1-000006/2024","1","https://pncp.gov.br/api/pncp/v1/orgaos/76417005000186/compras/2024/6/itens/1/resultados","1","1","Informado","2024-05-10T10:28:17","2024-05-10T10:28:17","81351967000110","VOLNEI SERVICOS DE ANATOMIA PATOLOGICA LTDA","PJ","1","ME","2062","Sociedade Empresária Limitada","BRA","1","429999.96","429999.96","0",,,,,,,,,"FALSE",,,,,"FALSE","FALSE",,,,,"FALSE",,"2024-05-10",,,,,,
"14814139000183-1-000054/2024","5","https://pncp.gov.br/api/pncp/v1/orgaos/14814139000183/compras/2024/54/itens/5/resultados","1","1","Informado","2024-05-10T11:23:00","2024-05-10T11:23:00","02816696000154","PONTAMED FARMACEUTICA LTDA","PJ","3","Demais","2062","Sociedade Empresária Limitada","BRA","600","10.48","6288","0",,,,,,,,,"FALSE",,,,,"FALSE","FALSE",,,,,"FALSE","1","2024-05-10",,,,,,
"14814139000183-1-000028/2024","1","https://pncp.gov.br/api/pncp/v1/orgaos/14814139000183/compras/2024/28/itens/1/resultados","1","1","Informado","2024-05-14T15:58:20","2024-05-14T15:58:20","00802002000102","ALTERMED MATERIAL MEDICO HOSPITALAR LTDA","PJ","3","Demais","2062","Sociedade Empresária Limitada","BRA","5000","0.5831","2915.5","0",,,,,,,,,"FALSE",,,,,"FALSE","FALSE",,,,,"FALSE","1","2024-05-14",,,,,,
"14814139000183-1-000028/2024","2","https://pncp.gov.br/api/pncp/v1/orgaos/14814139000183/compras/2024/28/itens/2/resultados","1","1","Informado","2024-05-14T15:58:20","2024-05-14T15:58:20","34064557000108","MEDMED COMERCIO DE MATERIAIS HOSPITALARES LTDA","PJ","1","ME","2062","Sociedade Empresária Limitada","BRA","15000","0.0533","799.5","0",,,,,,,,,"FALSE",,,,,"FALSE","FALSE",,,,,"FALSE","1","2024-05-14",,,,,,
"14814139000183-1-000028/2024","3","https://pncp.gov.br/api/pncp/v1/orgaos/14814139000183/compras/2024/28/itens/3/resultados","1","1","Informado","2024-05-14T15:58:20","2024-05-14T15:58:20","66969262000177","UNIT - INDUSTRIA, COMERCIO, IMPORTACAO E EXPORTACAO LIMITADA","PJ","3","Demais","2062","Sociedade Empresária Limitada","BRA","100","35","3500","0",,,,,,,,,"FALSE",,,,,"FALSE","FALSE",,,,,"FALSE","1","2024-05-14",,,,,,
"14814139000183-1-000028/2024","4","https://pncp.gov.br/api/pncp/v1/orgaos/14814139000183/compras/2024/28/itens/4/resultados","1","1","Informado","2024-05-14T15:58:20","2024-05-14T15:58:20","66437831000133","HTS - TECNOLOGIA EM SAUDE COMERCIO IMPORTACAO E EXPORTACAO LTDA","PJ","3","Demais","2062","Sociedade Empresária Limitada","BRA","150","50","7500","0",,,,,,,,,"FALSE",,,,,"FALSE","FALSE",,,,,"FALSE","1","2024-05-14",,,,,,
"14814139000183-1-000028/2024","5","https://pncp.gov.br/api/pncp/v1/orgaos/14814139000183/compras/2024/28/itens/5/resultados","1","1","Informado","2024-05-14T15:58:21","2024-05-14T15:58:21","24118004000137","ANGULAR PRODUTOS PARA SAUDE LTDA","PJ","3","Demais","2062","Sociedade Empresária Limitada","BRA","40","13","520","0",,,,,,,,,"FALSE",,,,,"FALSE","FALSE",,,,,"FALSE","1","2024-05-14",,,,,,
"14814139000183-1-000028/2024","6","https://pncp.gov.br/api/pncp/v1/orgaos/14814139000183/compras/2024/28/itens/6/resultados","1","1","Informado","2024-05-14T15:58:20","2024-05-14T15:58:20","42587791000148","CSMED PRODUTOS MEDICO-HOSPITALARES LTDA","PJ","1","ME","2062","Sociedade Empresária Limitada","BRA","10","99","990","0",,,,,,,,,"FALSE",,,,,"FALSE","FALSE",,,,,"FALSE","1","2024-05-14",,,,,,
"14814139000183-1-000028/2024","7","https://pncp.gov.br/api/pncp/v1/orgaos/14814139000183/compras/2024/28/itens/7/resultados","1","1","Informado","2024-05-14T15:58:21","2024-05-14T15:58:21","00656468000139","SOMA/PR COMERCIO DE PRODUTOS HOSPITALARES LTDA","PJ","3","Demais","2062","Sociedade Empresária Limitada","BRA","1000","1.33","1330","0",,,,,,,,,"FALSE",,,,,"FALSE","FALSE",,,,,"FALSE","1","2024-05-14",,,,,,
"14814139000183-1-000028/2024","8","https://pncp.gov.br/api/pncp/v1/orgaos/14814139000183/compras/2024/28/itens/8/resultados","1","1","Informado","2024-05-14T15:58:20","2024-05-14T15:58:20","44899803000103","3B COMERCIAL LTDA","PJ","1","ME","2062","Sociedade Empresária Limitada","BRA","70","90","6300","0",,,,,,,,,"FALSE",,,,,"FALSE","FALSE",,,,,"FALSE","1","2024-05-14",,,,,,
"14814139000183-1-000028/2024","9","https://pncp.gov.br/api/pncp/v1/orgaos/14814139000183/compras/2024/28/itens/9/resultados","1","1","Informado","2024-05-14T15:58:20","2024-05-14T15:58:20","09138326000154","PABLO LUIS MARTINS","PJ","1","ME","2135","Empresário (Individual)","BRA","40","35.16","1406.4","0",,,,,,,,,"FALSE",,,,,"FALSE","FALSE",,,,,"FALSE","1","2024-05-14",,,,,,
"14814139000183-1-000028/2024","10","https://pncp.gov.br/api/pncp/v1/orgaos/14814139000183/compras/2024/28/itens/10/resultados","1","1","Informado","2024-05-14T15:58:20","2024-05-14T15:58:20","09138326000154","PABLO LUIS MARTINS","PJ","1","ME","2135","Empresário (Individual)","BRA","40","62.53","2501.2","0",,,,,,,,,"FALSE",,,,,"FALSE","FALSE",,,,,"FALSE","1","2024-05-14",,,,,,
"03518900000113-1-000005/2024","4","https://pncp.gov.br/api/pncp/v1/orgaos/03518900000113/compras/2024/5/itens/4/resultados","1","1","Informado","2024-04-26T11:56:29","2024-04-26T11:56:29","08145933000189","FAMADER FARMACIA DE MANIPULACAO LTDA","PJ","1","ME","2062","Sociedade Empresária Limitada","BRA","10","130.4","1304","0",,,,,,,,,"FALSE",,,,,"FALSE","FALSE",,,,,"FALSE","1","2024-04-26",,,,,,
"03518900000113-1-000005/2024","7","https://pncp.gov.br/api/pncp/v1/orgaos/03518900000113/compras/2024/5/itens/7/resultados","1","1","Informado","2024-04-26T11:56:31","2024-04-26T11:56:31","08145933000189","FAMADER FARMACIA DE MANIPULACAO LTDA","PJ","1","ME","2062","Sociedade Empresária Limitada","BRA","12","28","336","0",,,,,,,,,"FALSE",,,,,"FALSE","FALSE",,,,,"FALSE","1","2024-04-26",,,,,,
"03518900000113-1-000005/2024","8","https://pncp.gov.br/api/pncp/v1/orgaos/03518900000113/compras/2024/5/itens/8/resultados","1","1","Informado","2024-04-26T11:56:38","2024-04-26T11:56:38","08145933000189","FAMADER FARMACIA DE MANIPULACAO LTDA","PJ","1","ME","2062","Sociedade Empresária Limitada","BRA","10","32","320","0",,,,,,,,,"FALSE",,,,,"FALSE","FALSE",,,,,"FALSE","1","2024-04-26",,,,,,
"03518900000113-1-000005/2024","9","https://pncp.gov.br/api/pncp/v1/orgaos/03518900000113/compras/2024/5/itens/9/resultados","1","1","Informado","2024-04-26T11:56:29","2024-04-26T11:56:29","08145933000189","FAMADER FARMACIA DE MANIPULACAO LTDA","PJ","1","ME","2062","Sociedade Empresária Limitada","BRA","10","25.9","259","0",,,,,,,,,"FALSE",,,,,"FALSE","FALSE",,,,,"FALSE","1","2024-04-26",,,,,,
"03518900000113-1-000005/2024","10","https://pncp.gov.br/api/pncp/v1/orgaos/03518900000113/compras/2024/5/itens/10/resultados","1","1","Informado","2024-04-26T11:56:36","2024-04-26T11:56:36","08145933000189","FAMADER FARMACIA DE MANIPULACAO LTDA","PJ","1","ME","2062","Sociedade Empresária Limitada","BRA","10","262","2620","0",,,,,,,,,"FALSE",,,,,"FALSE","FALSE",,,,,"FALSE","1","2024-04-26",,,,,,
"03518900000113-1-000007/2024","2","https://pncp.gov.br/api/pncp/v1/orgaos/03518900000113/compras/2024/7/itens/2/resultados","1","1","Informado","2024-06-17T10:05:51","2024-06-17T10:05:51","12420164000157","CM HOSPITALAR S.A.","PJ","3","Demais","2046","Sociedade Anônima Aberta","BRA","900","607.02","546318","0",,,,,,,,,"FALSE",,,,,"FALSE","FALSE",,,,,"FALSE","1","2024-06-17",,,,,,
"03518900000113-1-000006/2024","1","https://pncp.gov.br/api/pncp/v1/orgaos/03518900000113/compras/2024/6/itens/1/resultados","1","1","Informado","2024-06-18T16:12:13","2024-06-18T16:12:13","06895210000171","CURITIBA ESTERILIZACAO DE MATERIAIS MEDICOS LTDA","PJ","3","Demais","2062","Sociedade Empresária Limitada","BRA","1","55614","55614","0",,,,,,,,,"FALSE",,,,,"FALSE","FALSE",,,,,"FALSE",,"2024-06-18",,,,,,
"14814139000183-1-000060/2024","1","https://pncp.gov.br/api/pncp/v1/orgaos/14814139000183/compras/2024/60/itens/1/resultados","1","1","Informado","2024-05-16T11:20:28","2024-05-16T11:20:28","39707683000157","GTMED DISTRIBUIDORA DE MATERIAIS E EQUIPAMENTOS HOSPITALARES E ODONTOLOGICOS LTD","PJ","1","ME","2062","Sociedade Empresária Limitada","BRA","3e+05","0.195","58500","0",,,,,,,,,"FALSE",,,,,"FALSE","FALSE",,,,,"FALSE","1","2024-05-16",,,,,,
"14814139000183-1-000060/2024","2","https://pncp.gov.br/api/pncp/v1/orgaos/14814139000183/compras/2024/60/itens/2/resultados","1","1","Informado","2024-05-16T11:20:06","2024-05-16T11:20:06","14792179000171","SUPRA DISTRIBUIDORA LTDA","PJ","1","ME","2062","Sociedade Empresária Limitada","BRA","1e+05","0.2144","21440","0",,,,,,,,,"FALSE",,,,,"FALSE","FALSE",,,,,"FALSE","1","2024-05-16",,,,,,
"14814139000183-1-000060/2024","3","https://pncp.gov.br/api/pncp/v1/orgaos/14814139000183/compras/2024/60/itens/3/resultados","1","1","Informado","2024-05-16T11:19:57","2024-05-16T11:19:57","44328371000172","VERO MEDICAL IMPORTACAO, EXPORTACAO E COMERCIO DE PRODUTOS MEDICOS LTDA","PJ","3","Demais","2062","Sociedade Empresária Limitada","BRA","3e+06","0.179","537000","0",,,,,,,,,"FALSE",,,,,"FALSE","FALSE",,,,,"FALSE","1","2024-05-16",,,,,,
"14814139000183-1-000060/2024","4","https://pncp.gov.br/api/pncp/v1/orgaos/14814139000183/compras/2024/60/itens/4/resultados","1","1","Informado","2024-05-16T11:20:10","2024-05-16T11:20:10","14792179000171","SUPRA DISTRIBUIDORA LTDA","PJ","1","ME","2062","Sociedade Empresária Limitada","BRA","1e+06","0.2147","214700","0",,,,,,,,,"FALSE",,,,,"FALSE","FALSE",,,,,"FALSE","1","2024-05-16",,,,,,
"14814139000183-1-000060/2024","5","https://pncp.gov.br/api/pncp/v1/orgaos/14814139000183/compras/2024/60/itens/5/resultados","1","1","Informado","2024-05-16T11:22:08","2024-05-16T11:22:08","44328371000172","VERO MEDICAL IMPORTACAO, EXPORTACAO E COMERCIO DE PRODUTOS MEDICOS LTDA","PJ","3","Demais","2062","Sociedade Empresária Limitada","BRA","1500000","0.179","268500","0",,,,,,,,,"FALSE",,,,,"FALSE","FALSE",,,,,"FALSE","1","2024-05-16",,,,,,
"14814139000183-1-000060/2024","6","https://pncp.gov.br/api/pncp/v1/orgaos/14814139000183/compras/2024/60/itens/6/resultados","1","1","Informado","2024-05-16T11:22:49","2024-05-16T11:22:49","14792179000171","SUPRA DISTRIBUIDORA LTDA","PJ","1","ME","2062","Sociedade Empresária Limitada","BRA","5e+05","0.2157","107850","0",,,,,,,,,"FALSE",,,,,"FALSE","FALSE",,,,,"FALSE","1","2024-05-16",,,,,,
"14814139000183-1-000060/2024","7","https://pncp.gov.br/api/pncp/v1/orgaos/14814139000183/compras/2024/60/itens/7/resultados","1","1","Informado","2024-05-16T11:22:51","2024-05-16T11:22:51","44328371000172","VERO MEDICAL IMPORTACAO, EXPORTACAO E COMERCIO DE PRODUTOS MEDICOS LTDA","PJ","3","Demais","2062","Sociedade Empresária Limitada","BRA","3e+05","0.179","53700","0",,,,,,,,,"FALSE",,,,,"FALSE","FALSE",,,,,"FALSE","1","2024-05-16",,,,,,
"14814139000183-1-000060/2024","8","https://pncp.gov.br/api/pncp/v1/orgaos/14814139000183/compras/2024/60/itens/8/resultados","1","1","Informado","2024-05-16T11:20:53","2024-05-16T11:20:53","14792179000171","SUPRA DISTRIBUIDORA LTDA","PJ","1","ME","2062","Sociedade Empresária Limitada","BRA","1e+05","0.2148","21480","0",,,,,,,,,"FALSE",,,,,"FALSE","FALSE",,,,,"FALSE","1","2024-05-16",,,,,,
"14814139000183-1-000060/2024","9","https://pncp.gov.br/api/pncp/v1/orgaos/14814139000183/compras/2024/60/itens/9/resultados","1","1","Informado","2024-05-16T11:20:32","2024-05-16T11:20:32","52685881000125","CIRURGICA MEDPLUS - DISTRIBUIDORA DE MEDICAMENTOS E PRODUTOS HOSPITALARES LTDA","PJ","1","ME","2062","Sociedade Empresária Limitada","BRA","200","16.99","3398","0",,,,,,,,,"FALSE",,,,,"FALSE","FALSE",,,,,"FALSE","1","2024-05-16",,,,,,
"14814139000183-1-000060/2024","10","https://pncp.gov.br/api/pncp/v1/orgaos/14814139000183/compras/2024/60/itens/10/resultados","1","1","Informado","2024-05-16T11:20:20","2024-05-16T11:20:20","52685881000125","CIRURGICA MEDPLUS - DISTRIBUIDORA DE MEDICAMENTOS E PRODUTOS HOSPITALARES LTDA","PJ","1","ME","2062","Sociedade Empresária Limitada","BRA","500","16.99","8495","0",,,,,,,,,"FALSE",,,,,"FALSE","FALSE",,,,,"FALSE","1","2024-05-16",,,,,,
"14814139000183-1-000073/2024","1","https://pncp.gov.br/api/pncp/v1/orgaos/14814139000183/compras/2024/73/itens/1/resultados","1","1","Informado","2024-05-22T11:33:41","2024-05-22T11:33:41","17545961000184","ICARAI DO BRASIL INDUSTRIA QUIMICA LTDA","PJ","1","ME","2062","Sociedade Empresária Limitada","BRA","750000","0.016","12000","0",,,,,,,,,"FALSE",,,,,"FALSE","FALSE",,,,,"FALSE","1","2024-05-22",,,,,,
"14814139000183-1-000061/2024","6","https://pncp.gov.br/api/pncp/v1/orgaos/14814139000183/compras/2024/61/itens/6/resultados","1","1","Informado","2024-05-22T11:46:53","2024-05-22T11:46:53","08774906000175","HOSPDROGAS COMERCIAL LTDA","PJ","3","Demais","2062","Sociedade Empresária Limitada","BRA","3000","9.45","28350","0",,,,,,,,,"FALSE",,,,,"FALSE","FALSE",,,,,"FALSE","1","2024-05-22",,,,,,
"14814139000183-1-000061/2024","7","https://pncp.gov.br/api/pncp/v1/orgaos/14814139000183/compras/2024/61/itens/7/resultados","1","1","Informado","2024-05-22T11:45:57","2024-05-22T11:45:57","12889035000102","INOVAMED HOSPITALAR LTDA","PJ","3","Demais","2062","Sociedade Empresária Limitada","BRA","40000","0.4679","18716","0",,,,,,,,,"FALSE",,,,,"FALSE","FALSE",,,,,"FALSE","1","2024-05-22",,,,,,
"14814139000183-1-000069/2024","1","https://pncp.gov.br/api/pncp/v1/orgaos/14814139000183/compras/2024/69/itens/1/resultados","1","1","Informado","2024-05-23T08:47:04","2024-05-23T08:47:04","04251374000130","CREATIVE SOLUCOES COMERCIO DE MOVEIS LTDA","PJ","1","ME","2062","Sociedade Empresária Limitada","BRA","16","2580","41280","0",,,,,,,,,"FALSE",,,,,"FALSE","FALSE",,,,,"FALSE","1","2024-05-23",,,,,,
"14814139000183-1-000056/2024","1","https://pncp.gov.br/api/pncp/v1/orgaos/14814139000183/compras/2024/56/itens/1/resultados","1","1","Informado","2024-05-29T14:42:26","2024-05-29T14:42:26","00171258000150","EXCELLENCE COMERCIAL LTDA","PJ","1","ME","2062","Sociedade Empresária Limitada","BRA","14","2347.8","32869.2","0",,,,,,,,,"FALSE",,,,,"FALSE","FALSE",,,,,"FALSE","1","2024-05-29",,,,,,
"14814139000183-1-000056/2024","2","https://pncp.gov.br/api/pncp/v1/orgaos/14814139000183/compras/2024/56/itens/2/resultados","1","1","Informado","2024-05-29T14:42:26","2024-05-29T14:42:26","13482516000161","SUPERAR LTDA","PJ","1","ME","2062","Sociedade Empresária Limitada","BRA","136","3430","466480","0",,,,,,,,,"FALSE",,,,,"FALSE","FALSE",,,,,"FALSE","1","2024-05-29",,,,,,
"14814139000183-1-000056/2024","4","https://pncp.gov.br/api/pncp/v1/orgaos/14814139000183/compras/2024/56/itens/4/resultados","1","1","Informado","2024-05-29T14:42:26","2024-05-29T14:42:26","48207859000100","EAGLE CLIMATIZACAO LTDA","PJ","1","ME","2062","Sociedade Empresária Limitada","BRA","6","13000","78000","0",,,,,,,,,"FALSE",,,,,"FALSE","FALSE",,,,,"FALSE","1","2024-05-29",,,,,,
"14814139000183-1-000056/2024","6","https://pncp.gov.br/api/pncp/v1/orgaos/14814139000183/compras/2024/56/itens/6/resultados","1","1","Informado","2024-05-29T14:42:26","2024-05-29T14:42:26","32519346000197","GASKAM COMERCIO E CONSTRUCAO CIVIL LTDA","PJ","1","ME","2062","Sociedade Empresária Limitada","BRA","1","1100","1100","0",,,,,,,,,"FALSE",,,,,"FALSE","FALSE",,,,,"FALSE","1","2024-05-29",,,,,,
"14814139000183-1-000056/2024","7","https://pncp.gov.br/api/pncp/v1/orgaos/14814139000183/compras/2024/56/itens/7/resultados","1","1","Informado","2024-05-29T14:42:26","2024-05-29T14:42:26","32519346000197","GASKAM COMERCIO E CONSTRUCAO CIVIL LTDA","PJ","1","ME","2062","Sociedade Empresária Limitada","BRA","1","1370","1370","0",,,,,,,,,"FALSE",,,,,"FALSE","FALSE",,,,,"FALSE","1","2024-05-29",,,,,,
"14814139000183-1-000056/2024","8","https://pncp.gov.br/api/pncp/v1/orgaos/14814139000183/compras/2024/56/itens/8/resultados","1","1","Informado","2024-05-29T14:42:27","2024-05-29T14:42:27","14238297000132","DI BENTO COMERCIO E SERVICOS LTDA","PJ","1","ME","2062","Sociedade Empresária Limitada","BRA","10","175.63","1756.3","0",,,,,,,,,"FALSE",,,,,"FALSE","FALSE",,,,,"FALSE","1","2024-05-29",,,,,,
"14814139000183-1-000046/2024","1","https://pncp.gov.br/api/pncp/v1/orgaos/14814139000183/compras/2024/46/itens/1/resultados","1","1","Informado","2024-06-04T11:35:02","2024-06-04T11:35:02","08470879000147","GIGABOX DOCUMENTAL LTDA","PJ","1","ME","2062","Sociedade Empresária Limitada","BRA","1","196959.68","196959.68","0",,,,,,,,,"FALSE",,,,,"FALSE","FALSE",,,,,"FALSE",,"2024-06-04",,,,,,
"14814139000183-1-000078/2024","1","https://pncp.gov.br/api/pncp/v1/orgaos/14814139000183/compras/2024/78/itens/1/resultados","1","1","Informado","2024-06-04T15:05:53","2024-06-04T15:05:53","77970945000160","ORTOMETAL METALURGICA E ORTOPEDIA INDUSTRIAL LTDA","PJ","1","ME","2062","Sociedade Empresária Limitada","BRA","40","500","20000","0",,,,,,,,,"FALSE",,,,,"FALSE","FALSE",,,,,"FALSE","1","2024-06-04",,,,,,
"14814139000183-1-000078/2024","2","https://pncp.gov.br/api/pncp/v1/orgaos/14814139000183/compras/2024/78/itens/2/resultados","1","1","Informado","2024-06-04T15:05:53","2024-06-04T15:05:53","77970945000160","ORTOMETAL METALURGICA E ORTOPEDIA INDUSTRIAL LTDA","PJ","1","ME","2062","Sociedade Empresária Limitada","BRA","15","1700","25500","0",,,,,,,,,"FALSE",,,,,"FALSE","FALSE",,,,,"FALSE","1","2024-06-04",,,,,,
"03518900000113-1-000008/2024","2","https://pncp.gov.br/api/pncp/v1/orgaos/03518900000113/compras/2024/8/itens/2/resultados","1","1","Informado","2024-07-02T11:43:00","2024-07-02T11:43:00","19316524000114","DELTA SHOP - DISTRIBUIDORA DE PRODUTOS HOSPITALARES LTDA","PJ","1","ME","2062","Sociedade Empresária Limitada","BRA","10","265","2650","0",,,,,,,,,"FALSE",,,,,"FALSE","FALSE",,,,,"FALSE",,"2024-07-02",,,,,,
"03518900000113-1-000008/2024","3","https://pncp.gov.br/api/pncp/v1/orgaos/03518900000113/compras/2024/8/itens/3/resultados","1","1","Informado","2024-07-02T11:43:00","2024-07-02T11:43:00","28470340000103","METROSAUDE COMERCIO DE MATERIAIS MEDICOS E HOSPITALARES LTDA","PJ","1","ME","2062","Sociedade Empresária Limitada","BRA","20","65","1300","0",,,,,,,,,"FALSE",,,,,"FALSE","FALSE",,,,,"FALSE",,"2024-07-02",,,,,,
"03518900000113-1-000008/2024","4","https://pncp.gov.br/api/pncp/v1/orgaos/03518900000113/compras/2024/8/itens/4/resultados","1","1","Informado","2024-07-02T11:43:00","2024-07-02T11:43:00","28470340000103","METROSAUDE COMERCIO DE MATERIAIS MEDICOS E HOSPITALARES LTDA","PJ","1","ME","2062","Sociedade Empresária Limitada","BRA","10","78","780","0",,,,,,,,,"FALSE",,,,,"FALSE","FALSE",,,,,"FALSE",,"2024-07-02",,,,,,
"03518900000113-1-000008/2024","5","https://pncp.gov.br/api/pncp/v1/orgaos/03518900000113/compras/2024/8/itens/5/resultados","1","1","Informado","2024-07-02T11:43:00","2024-07-02T11:43:00","48849683000182","LIFEPAR DISTRIBUIDORA LTDA","PJ","1","ME","2062","Sociedade Empresária Limitada","BRA","20","73","1460","0",,,,,,,,,"FALSE",,,,,"FALSE","FALSE",,,,,"FALSE",,"2024-07-02",,,,,,
"03518900000113-1-000008/2024","6","https://pncp.gov.br/api/pncp/v1/orgaos/03518900000113/compras/2024/8/itens/6/resultados","1","1","Informado","2024-07-02T11:43:00","2024-07-02T11:43:00","28470340000103","METROSAUDE COMERCIO DE MATERIAIS MEDICOS E HOSPITALARES LTDA","PJ","1","ME","2062","Sociedade Empresária Limitada","BRA","10","35.54","355.4","0",,,,,,,,,"FALSE",,,,,"FALSE","FALSE",,,,,"FALSE",,"2024-07-02",,,,,,
"03518900000113-1-000008/2024","7","https://pncp.gov.br/api/pncp/v1/orgaos/03518900000113/compras/2024/8/itens/7/resultados","1","1","Informado","2024-07-02T11:43:01","2024-07-02T11:43:01","19316524000114","DELTA SHOP - DISTRIBUIDORA DE PRODUTOS HOSPITALARES LTDA","PJ","1","ME","2062","Sociedade Empresária Limitada","BRA","10","65.55","655.5","0",,,,,,,,,"FALSE",,,,,"FALSE","FALSE",,,,,"FALSE",,"2024-07-02",,,,,,
"03518900000113-1-000008/2024","8","https://pncp.gov.br/api/pncp/v1/orgaos/03518900000113/compras/2024/8/itens/8/resultados","1","1","Informado","2024-07-02T11:43:01","2024-07-02T11:43:01","17605216000183","EFICAZ MED COMERCIO DE PRODUTOS HOSPITALARES LTDA","PJ","1","ME","2062","Sociedade Empresária Limitada","BRA","200","9.34","1868","0",,,,,,,,,"FALSE",,,,,"FALSE","FALSE",,,,,"FALSE",,"2024-07-02",,,,,,
"03518900000113-1-000008/2024","9","https://pncp.gov.br/api/pncp/v1/orgaos/03518900000113/compras/2024/8/itens/9/resultados","1","1","Informado","2024-07-02T11:43:01","2024-07-02T11:43:01","19316524000114","DELTA SHOP - DISTRIBUIDORA DE PRODUTOS HOSPITALARES LTDA","PJ","1","ME","2062","Sociedade Empresária Limitada","BRA","50","13","650","0",,,,,,,,,"FALSE",,,,,"FALSE","FALSE",,,,,"FALSE",,"2024-07-02",,,,,,
"03518900000113-1-000008/2024","10","https://pncp.gov.br/api/pncp/v1/orgaos/03518900000113/compras/2024/8/itens/10/resultados","1","1","Informado","2024-07-02T11:43:01","2024-07-02T11:43:01","19316524000114","DELTA SHOP - DISTRIBUIDORA DE PRODUTOS HOSPITALARES LTDA","PJ","1","ME","2062","Sociedade Empresária Limitada","BRA","5","165","825","0",,,,,,,,,"FALSE",,,,,"FALSE","FALSE",,,,,"FALSE",,"2024-07-02",,,,,,
"03518900000113-1-000014/2024","1","https://pncp.gov.br/api/pncp/v1/orgaos/03518900000113/compras/2024/14/itens/1/resultados","1","1","Informado","2024-07-17T10:21:25","2024-07-17T10:21:25","04981618000130","SPS AR CONDICIONADO LTDA","PJ","1","ME","2062","Sociedade Empresária Limitada","BRA","1","26900","26900","0",,,,,,,,,"FALSE",,,,,"FALSE","FALSE",,,,,"FALSE",,"2024-07-17",,,,,,
"03518900000113-1-000013/2024","8","https://pncp.gov.br/api/pncp/v1/orgaos/03518900000113/compras/2024/13/itens/8/resultados","1","1","Informado","2024-07-18T11:29:05","2024-07-18T11:29:05","40274237000185","CLM FARMA COMERCIO E DISTRIBUIDORA DE MEDICAMENTOS LTDA","PJ","1","ME","2062","Sociedade Empresária Limitada","BRA","6000","0.21","1260","0",,,,,,,,,"FALSE",,,,,"FALSE","FALSE",,,,,"FALSE","1","2024-07-18",,,,,,
"03518900000113-1-000009/2024","1","https://pncp.gov.br/api/pncp/v1/orgaos/03518900000113/compras/2024/9/itens/1/resultados","1","1","Informado","2024-07-23T15:31:12","2024-07-23T15:31:12","04252693000160","LBSX COMERCIO DE PRODUTOS ALIMENTICIOS LTDA","PJ","1","ME","2062","Sociedade Empresária Limitada","BRA","400","1","400","0",,,,,,,,,"FALSE",,,,,"FALSE","FALSE",,,,,"FALSE","1","2024-07-23",,,,,,
"03518900000113-1-000009/2024","2","https://pncp.gov.br/api/pncp/v1/orgaos/03518900000113/compras/2024/9/itens/2/resultados","1","2","Cancelado","2024-07-23T15:31:12","2025-02-25T14:05:20","51412036000113","NAKA EXPRESS LTDA","PJ","1","ME","2062","Sociedade Empresária Limitada","BRA","3500","3.95","13825","0",,,,,,,,,"FALSE",,,,,"FALSE","FALSE",,,,,"FALSE","1","2024-07-23","2025-02-25T00:00:00","Homologação cancelada, em virtude de solicitação oficial por parte da empresa, quanto ao cancelamento da Ata de Registro de Preços nº 007/2024. Em virtude de fatores externos, alheios à vontade da empresa NAKA EXPRESS, causaram profundo impacto no equilíb",,,,
"03518900000113-1-000009/2024","2","https://pncp.gov.br/api/pncp/v1/orgaos/03518900000113/compras/2024/9/itens/2/resultados","2","1","Informado","2025-02-26T08:56:12","2025-02-26T08:56:12","02706629000187","BRIOJARAGUA COM PRODUTOS DE LIMPEZA E HIGIENE LTDA","PJ","1","ME","2062","Sociedade Empresária Limitada","BRA","3500","4.25","14875","0",,,,,,,,,"FALSE",,,,,"FALSE","FALSE",,,,,"FALSE","1","2025-02-26",,,,,,
"03518900000113-1-000009/2024","3","https://pncp.gov.br/api/pncp/v1/orgaos/03518900000113/compras/2024/9/itens/3/resultados","1","1","Informado","2024-07-23T15:31:12","2024-07-23T15:31:12","37525798000103","ATENA LICITA LTDA","PJ","1","ME","2062","Sociedade Empresária Limitada","BRA","120","5.18","621.6","0",,,,,,,,,"FALSE",,,,,"FALSE","FALSE",,,,,"FALSE","1","2024-07-23",,,,,,
"03518900000113-1-000009/2024","4","https://pncp.gov.br/api/pncp/v1/orgaos/03518900000113/compras/2024/9/itens/4/resultados","1","1","Informado","2024-07-23T15:31:12","2024-07-23T15:31:12","00528262000123","FERRALLY - COMERCIO DE EMBALAGENS LTDA","PJ","1","ME","2062","Sociedade Empresária Limitada","BRA","100","4.2","420","0",,,,,,,,,"FALSE",,,,,"FALSE","FALSE",,,,,"FALSE","1","2024-07-23",,,,,,
"03518900000113-1-000009/2024","5","https://pncp.gov.br/api/pncp/v1/orgaos/03518900000113/compras/2024/9/itens/5/resultados","1","1","Informado","2024-07-23T15:31:12","2024-07-23T15:31:12","37525798000103","ATENA LICITA LTDA","PJ","1","ME","2062","Sociedade Empresária Limitada","BRA","4","6.47","25.88","0",,,,,,,,,"FALSE",,,,,"FALSE","FALSE",,,,,"FALSE","1","2024-07-23",,,,,,
"03518900000113-1-000009/2024","6","https://pncp.gov.br/api/pncp/v1/orgaos/03518900000113/compras/2024/9/itens/6/resultados","1","1","Informado","2024-07-23T15:31:12","2024-07-23T15:31:12","22327937000109","BEATRIZ BRUST DE SOUZA","PJ","1","ME","2135","Empresário (Individual)","BRA","12","9.9","118.8","0",,,,,,,,,"FALSE",,,,,"FALSE","FALSE",,,,,"FALSE","1","2024-07-23",,,,,,
"03518900000113-1-000009/2024","8","https://pncp.gov.br/api/pncp/v1/orgaos/03518900000113/compras/2024/9/itens/8/resultados","1","1","Informado","2024-07-23T15:31:12","2024-07-23T15:31:12","22327937000109","BEATRIZ BRUST DE SOUZA","PJ","1","ME","2135","Empresário (Individual)","BRA","4","35","140","0",,,,,,,,,"FALSE",,,,,"FALSE","FALSE",,,,,"FALSE","1","2024-07-23",,,,,,
"03518900000113-1-000009/2024","9","https://pncp.gov.br/api/pncp/v1/orgaos/03518900000113/compras/2024/9/itens/9/resultados","1","1","Informado","2024-07-23T15:31:12","2024-07-23T15:31:12","22327937000109","BEATRIZ BRUST DE SOUZA","PJ","1","ME","2135","Empresário (Individual)","BRA","4","40","160","0",,,,,,,,,"FALSE",,,,,"FALSE","FALSE",,,,,"FALSE","1","2024-07-23",,,,,,
"03518900000113-1-000009/2024","10","https://pncp.gov.br/api/pncp/v1/orgaos/03518900000113/compras/2024/9/itens/10/resultados","1","1","Informado","2024-07-23T15:31:12","2024-07-23T15:31:12","40626859000125","40.626.859 FLAVIA PERANDRE DIAS","PJ","1","ME","2062","Sociedade Empresária Limitada","BRA","4","68.95","275.8","0",,,,,,,,,"FALSE",,,,,"FALSE","FALSE",,,,,"FALSE","1","2024-07-23",,,,,,
"03518900000113-1-000015/2024","1","https://pncp.gov.br/api/pncp/v1/orgaos/03518900000113/compras/2024/15/itens/1/resultados","1","1","Informado","2024-08-02T08:36:31","2024-08-02T08:36:31","10913818000159","POSTO CANAL BATEL LTDA","PJ","1","ME","2062","Sociedade Empresária Limitada","BRA","1","99.94","99.94","0.06",,,,,,,,,"FALSE",,,,,"FALSE","FALSE",,,,,"FALSE",,"2024-08-02",,,,,,
"03518900000113-1-000015/2024","2","https://pncp.gov.br/api/pncp/v1/orgaos/03518900000113/compras/2024/15/itens/2/resultados","1","1","Informado","2024-08-02T08:36:31","2024-08-02T08:36:31","10913818000159","POSTO CANAL BATEL LTDA","PJ","1","ME","2062","Sociedade Empresária Limitada","BRA","1","99.94","99.94","0.06",,,,,,,,,"FALSE",,,,,"FALSE","FALSE",,,,,"FALSE",,"2024-08-02",,,,,,
"77636520000110-1-000007/2024","1","https://pncp.gov.br/api/pncp/v1/orgaos/77636520000110/compras/2024/7/itens/1/resultados","1","1","Informado","2024-04-25T15:10:22","2024-04-25T15:10:22","41339637000194","MASCARELLO & SANTOS LTDA","PJ","1","ME","2062","Sociedade Empresária Limitada","BRA","3600","5","18000","0",,,,,,,,,"FALSE",,,,,"FALSE","FALSE",,,,,"FALSE",,"2024-04-25",,,,,,
"14814139000183-1-000030/2024","1","https://pncp.gov.br/api/pncp/v1/orgaos/14814139000183/compras/2024/30/itens/1/resultados","1","1","Informado","2024-06-06T15:06:19","2024-06-06T15:06:19","31499939000176","M.K.R. COMERCIO DE EQUIPAMENTOS LTDA","PJ","1","ME","2062","Sociedade Empresária Limitada","BRA","5","910","4550","0",,,,,,,,,"FALSE",,,,,"FALSE","FALSE",,,,,"FALSE","1","2024-06-06",,,,,,
"14814139000183-1-000030/2024","2","https://pncp.gov.br/api/pncp/v1/orgaos/14814139000183/compras/2024/30/itens/2/resultados","1","1","Informado","2024-06-06T15:06:19","2024-06-06T15:06:19","21831246000185","TECH-SUL MEDICAL INDUSTRIA E COMERCIO LTDA","PJ","1","ME","2062","Sociedade Empresária Limitada","BRA","50","2.25","112.5","0",,,,,,,,,"FALSE",,,,,"FALSE","FALSE",,,,,"FALSE","1","2024-06-06",,,,,,
"14814139000183-1-000030/2024","3","https://pncp.gov.br/api/pncp/v1/orgaos/14814139000183/compras/2024/30/itens/3/resultados","1","1","Informado","2024-06-06T15:06:19","2024-06-06T15:06:19","24384602000158","MZZ - COMERCIO DE PRODUTOS PARA SAUDE LTDA","PJ","1","ME","2062","Sociedade Empresária Limitada","BRA","50","2.11","105.5","0",,,,,,,,,"FALSE",,,,,"FALSE","FALSE",,,,,"FALSE","1","2024-06-06",,,,,,
"14814139000183-1-000030/2024","4","https://pncp.gov.br/api/pncp/v1/orgaos/14814139000183/compras/2024/30/itens/4/resultados","1","1","Informado","2024-06-06T15:06:19","2024-06-06T15:06:19","24384602000158","MZZ - COMERCIO DE PRODUTOS PARA SAUDE LTDA","PJ","1","ME","2062","Sociedade Empresária Limitada","BRA","50","2.11","105.5","0",,,,,,,,,"FALSE",,,,,"FALSE","FALSE",,,,,"FALSE","1","2024-06-06",,,,,,
"14814139000183-1-000030/2024","5","https://pncp.gov.br/api/pncp/v1/orgaos/14814139000183/compras/2024/30/itens/5/resultados","1","1","Informado","2024-06-06T15:06:19","2024-06-06T15:06:19","37778759000100","CWBCARE PRODUTOS MEDICO HOSPITALARES LTDA","PJ","3","Demais","2062","Sociedade Empresária Limitada","BRA","200","1.9","380","0",,,,,,,,,"FALSE",,,,,"FALSE","FALSE",,,,,"FALSE","1","2024-06-06",,,,,,
"14814139000183-1-000030/2024","6","https://pncp.gov.br/api/pncp/v1/orgaos/14814139000183/compras/2024/30/itens/6/resultados","1","1","Informado","2024-06-06T15:06:19","2024-06-06T15:06:19","37778759000100","CWBCARE PRODUTOS MEDICO HOSPITALARES LTDA","PJ","3","Demais","2062","Sociedade Empresária Limitada","BRA","200","1.5","300","0",,,,,,,,,"FALSE",,,,,"FALSE","FALSE",,,,,"FALSE","1","2024-06-06",,,,,,
"14814139000183-1-000030/2024","7","https://pncp.gov.br/api/pncp/v1/orgaos/14814139000183/compras/2024/30/itens/7/resultados","1","1","Informado","2024-06-06T15:06:19","2024-06-06T15:06:19","06089071000270","TRADEHOSP COMERCIO DE PRODUTOS PARA SAUDE LTDA","PJ","3","Demais","2062","Sociedade Empresária Limitada","BRA","600","18","10800","0",,,,,,,,,"FALSE",,,,,"FALSE","FALSE",,,,,"FALSE","1","2024-06-06",,,,,,
"14814139000183-1-000030/2024","8","https://pncp.gov.br/api/pncp/v1/orgaos/14814139000183/compras/2024/30/itens/8/resultados","1","1","Informado","2024-06-06T15:06:19","2024-06-06T15:06:19","11666105000362","DELLAMED S.A.","PJ","3","Demais","2054","Sociedade Anônima Fechada","BRA","100","156.42","15642","0",,,,,,,,,"FALSE",,,,,"FALSE","FALSE",,,,,"FALSE","1","2024-06-06",,,,,,
"14814139000183-1-000030/2024","9","https://pncp.gov.br/api/pncp/v1/orgaos/14814139000183/compras/2024/30/itens/9/resultados","1","1","Informado","2024-06-06T15:06:19","2024-06-06T15:06:19","00802002000102","ALTERMED MATERIAL MEDICO HOSPITALAR LTDA","PJ","3","Demais","2062","Sociedade Empresária Limitada","BRA","200","1.6609","332.18","0",,,,,,,,,"FALSE",,,,,"FALSE","FALSE",,,,,"FALSE","1","2024-06-06",,,,,,
"14814139000183-1-000030/2024","10","https://pncp.gov.br/api/pncp/v1/orgaos/14814139000183/compras/2024/30/itens/10/resultados","1","1","Informado","2024-06-06T15:06:19","2024-06-06T15:06:19","39707683000157","GTMED DISTRIBUIDORA DE MATERIAIS E EQUIPAMENTOS HOSPITALARES E ODONTOLOGICOS LTD","PJ","1","ME","2062","Sociedade Empresária Limitada","BRA","5000","0.58","2900","0",,,,,,,,,"FALSE",,,,,"FALSE","FALSE",,,,,"FALSE","1","2024-06-06",,,,,,
"14814139000183-1-000053/2024","1","https://pncp.gov.br/api/pncp/v1/orgaos/14814139000183/compras/2024/53/itens/1/resultados","1","1","Informado","2024-06-06T15:40:05","2024-06-06T15:40:05","01468855000104","ARTMED IND. E COM. DE MOVEIS E PRODUTOS HOSPITALARES LTDA","PJ","1","ME","2062","Sociedade Empresária Limitada","BRA","2","9700","19400","0",,,,,,,,,"FALSE",,,,,"FALSE","FALSE",,,,,"FALSE","1","2024-06-06",,,,,,
"14814139000183-1-000053/2024","2","https://pncp.gov.br/api/pncp/v1/orgaos/14814139000183/compras/2024/53/itens/2/resultados","1","1","Informado","2024-06-06T15:40:05","2024-06-06T15:40:05","01468855000104","ARTMED IND. E COM. DE MOVEIS E PRODUTOS HOSPITALARES LTDA","PJ","1","ME","2062","Sociedade Empresária Limitada","BRA","30","570","17100","0",,,,,,,,,"FALSE",,,,,"FALSE","FALSE",,,,,"FALSE","1","2024-06-06",,,,,,
"14814139000183-1-000053/2024","3","https://pncp.gov.br/api/pncp/v1/orgaos/14814139000183/compras/2024/53/itens/3/resultados","1","1","Informado","2024-06-06T15:40:05","2024-06-06T15:40:05","47928331000150","MP SOLUCOES INDUSTRIAIS LTDA","PJ","1","ME","2062","Sociedade Empresária Limitada","BRA","5","600","3000","0",,,,,,,,,"FALSE",,,,,"FALSE","FALSE",,,,,"FALSE","1","2024-06-06",,,,,,
"14814139000183-1-000053/2024","4","https://pncp.gov.br/api/pncp/v1/orgaos/14814139000183/compras/2024/53/itens/4/resultados","1","1","Informado","2024-06-06T15:40:05","2024-06-06T15:40:05","32597474000159","STOKMETAL INDUSTRIA E COMERCIO LTDA","PJ","1","ME","2062","Sociedade Empresária Limitada","BRA","65","639","41535","0",,,,,,,,,"FALSE",,,,,"FALSE","FALSE",,,,,"FALSE","1","2024-06-06",,,,,,
"14814139000183-1-000080/2024","1","https://pncp.gov.br/api/pncp/v1/orgaos/14814139000183/compras/2024/80/itens/1/resultados","1","1","Informado","2024-06-06T15:55:47","2024-06-06T15:55:47","81322141000122","LABB LABORATORIOS LTDA","PJ","3","Demais","2062","Sociedade Empresária Limitada","BRA","1","44769.96","44769.96","0",,,,,,,,,"FALSE",,,,,"FALSE","FALSE",,,,,"FALSE",,"2024-06-06",,,,,,
"14814139000183-1-000084/2024","1","https://pncp.gov.br/api/pncp/v1/orgaos/14814139000183/compras/2024/84/itens/1/resultados","1","1","Informado","2024-06-07T08:05:18","2024-06-07T08:05:18","24603766000129","MANANCIAL MEDICAL LTDA","PJ","1","ME","2062","Sociedade Empresária Limitada","BRA","12","390","4680","0",,,,,,,,,"FALSE",,,,,"FALSE","FALSE",,,,,"FALSE","1","2024-06-07",,,,,,
"14814139000183-1-000084/2024","2","https://pncp.gov.br/api/pncp/v1/orgaos/14814139000183/compras/2024/84/itens/2/resultados","1","1","Informado","2024-06-07T08:05:18","2024-06-07T08:05:18","17035479000102","PORTO 71 IMPORTACAO E EXPORTACAO LTDA","PJ","1","ME","2062","Sociedade Empresária Limitada","BRA","24","412","9888","0",,,,,,,,,"FALSE",,,,,"FALSE","FALSE",,,,,"FALSE","1","2024-06-07",,,,,,
"14814139000183-1-000084/2024","3","https://pncp.gov.br/api/pncp/v1/orgaos/14814139000183/compras/2024/84/itens/3/resultados","1","1","Informado","2024-06-07T08:05:18","2024-06-07T08:05:18","24603766000129","MANANCIAL MEDICAL LTDA","PJ","1","ME","2062","Sociedade Empresária Limitada","BRA","5","740","3700","0",,,,,,,,,"FALSE",,,,,"FALSE","FALSE",,,,,"FALSE","1","2024-06-07",,,,,,
"14814139000183-1-000084/2024","4","https://pncp.gov.br/api/pncp/v1/orgaos/14814139000183/compras/2024/84/itens/4/resultados","1","1","Informado","2024-06-07T08:05:18","2024-06-07T08:05:18","24603766000129","MANANCIAL MEDICAL LTDA","PJ","1","ME","2062","Sociedade Empresária Limitada","BRA","10","990","9900","0",,,,,,,,,"FALSE",,,,,"FALSE","FALSE",,,,,"FALSE","1","2024-06-07",,,,,,
"14814139000183-1-000091/2024","1","https://pncp.gov.br/api/pncp/v1/orgaos/14814139000183/compras/2024/91/itens/1/resultados","1","1","Informado","2024-06-10T09:17:15","2024-06-10T09:17:15","34514779000185","INSTRULABOR LICITACAO LTDA","PJ","1","ME","2062","Sociedade Empresária Limitada","BRA","1","3825","3825","0",,,,,,,,,"FALSE",,,,,"FALSE","FALSE",,,,,"FALSE","1","2024-06-10",,,,,,
"14814139000183-1-000091/2024","2","https://pncp.gov.br/api/pncp/v1/orgaos/14814139000183/compras/2024/91/itens/2/resultados","1","1","Informado","2024-06-10T09:17:15","2024-06-10T09:17:15","12134879000143","AIQ FERRAMENTAS E INSTRUMENTOS LTDA","PJ","1","ME","2062","Sociedade Empresária Limitada","BRA","1","958.33","958.33","0",,,,,,,,,"FALSE",,,,,"FALSE","FALSE",,,,,"FALSE","1","2024-06-10",,,,,,
"14814139000183-1-000091/2024","3","https://pncp.gov.br/api/pncp/v1/orgaos/14814139000183/compras/2024/91/itens/3/resultados","1","1","Informado","2024-06-10T09:17:15","2024-06-10T09:17:15","34514779000185","INSTRULABOR LICITACAO LTDA","PJ","1","ME","2062","Sociedade Empresária Limitada","BRA","1","3780","3780","0",,,,,,,,,"FALSE",,,,,"FALSE","FALSE",,,,,"FALSE","1","2024-06-10",,,,,,
"14814139000183-1-000079/2024","1","https://pncp.gov.br/api/pncp/v1/orgaos/14814139000183/compras/2024/79/itens/1/resultados","1","1","Informado","2024-06-10T09:53:24","2024-06-10T09:53:24","10620279000160","SLS HOSPITALAR SERVICO EM EQUIPAMENTOS HOSPITALARES LTDA","PJ","1","ME","2062","Sociedade Empresária Limitada","BRA","1","36000","36000","0",,,,,,,,,"FALSE",,,,,"FALSE","FALSE",,,,,"FALSE",,"2024-06-10",,,,,,
"14814139000183-1-000067/2024","1","https://pncp.gov.br/api/pncp/v1/orgaos/14814139000183/compras/2024/67/itens/1/resultados","1","1","Informado","2024-06-10T16:26:39","2024-06-10T16:26:39","77522225000132","ASSOCIACAO RADIOTAXI FAIXA VERMELHA","PJ","3","Demais","3999","Associação Privada","BRA","1","0","0","100",,,,,,,,,"FALSE",,,,,"FALSE","FALSE",,,,,"FALSE",,"2024-06-10",,,,,,
"14814139000183-1-000077/2024","1","https://pncp.gov.br/api/pncp/v1/orgaos/14814139000183/compras/2024/77/itens/1/resultados","1","1","Informado","2024-06-12T10:02:56","2024-06-12T10:02:56","03022656000101","PROFILATICA PRODUTOS ODONTO MEDICO HOSPITALARES S.A.","PJ","3","Demais","2054","Sociedade Anônima Fechada","BRA","75","568","42600","0",,,,,,,,,"FALSE",,,,,"FALSE","FALSE",,,,,"FALSE","1","2024-06-12",,,,,,
"14814139000183-1-000083/2024","4","https://pncp.gov.br/api/pncp/v1/orgaos/14814139000183/compras/2024/83/itens/4/resultados","1","1","Informado","2024-06-18T09:26:14","2024-06-18T09:26:14","18258209000115","CIRURGICA CERON IMPORTADORA E EXPORTADORA DE EQUIPAMENTOS HOSPITALARES E VETERIN","PJ","1","ME","2062","Sociedade Empresária Limitada","BRA","1","4188.21","4188.21","0",,,,,,,,,"FALSE",,,,,"FALSE","FALSE",,,,,"FALSE","1","2024-06-18",,,,,,
"14814139000183-1-000083/2024","5","https://pncp.gov.br/api/pncp/v1/orgaos/14814139000183/compras/2024/83/itens/5/resultados","1","1","Informado","2024-06-18T09:26:14","2024-06-18T09:26:14","47031476000153","GS MATERIAIS E EQUIPAMENTOS LTDA","PJ","1","ME","2062","Sociedade Empresária Limitada","BRA","2","3110","6220","0",,,,,,,,,"FALSE",,,,,"FALSE","FALSE",,,,,"FALSE","1","2024-06-18",,,,,,
"14814139000183-1-000083/2024","6","https://pncp.gov.br/api/pncp/v1/orgaos/14814139000183/compras/2024/83/itens/6/resultados","1","1","Informado","2024-06-18T09:26:14","2024-06-18T09:26:14","47031476000153","GS MATERIAIS E EQUIPAMENTOS LTDA","PJ","1","ME","2062","Sociedade Empresária Limitada","BRA","6","3800","22800","0",,,,,,,,,"FALSE",,,,,"FALSE","FALSE",,,,,"FALSE","1","2024-06-18",,,,,,
"14814139000183-1-000063/2024","1","https://pncp.gov.br/api/pncp/v1/orgaos/14814139000183/compras/2024/63/itens/1/resultados","1","1","Informado","2024-06-20T13:24:49","2024-06-20T13:24:49","37014740000197","MAPLE HOSPITALAR COMERCIO E SERVICOS LTDA","PJ","1","ME","2062","Sociedade Empresária Limitada","BRA","50","158.5","7925","0",,,,,,,,,"FALSE",,,,,"FALSE","FALSE",,,,,"FALSE","1","2024-06-20",,,,,,
"14814139000183-1-000063/2024","2","https://pncp.gov.br/api/pncp/v1/orgaos/14814139000183/compras/2024/63/itens/2/resultados","1","1","Informado","2024-06-20T13:24:49","2024-06-20T13:24:49","28788905000197","DUMALE PRODUTOS PARA SAUDE LTDA","PJ","1","ME","2062","Sociedade Empresária Limitada","BRA","50","30","1500","0",,,,,,,,,"FALSE",,,,,"FALSE","FALSE",,,,,"FALSE","1","2024-06-20",,,,,,
"14814139000183-1-000063/2024","3","https://pncp.gov.br/api/pncp/v1/orgaos/14814139000183/compras/2024/63/itens/3/resultados","1","1","Informado","2024-06-20T13:24:49","2024-06-20T13:24:49","00802002000102","ALTERMED MATERIAL MEDICO HOSPITALAR LTDA","PJ","3","Demais","2062","Sociedade Empresária Limitada","BRA","3000","17.68","53040","0",,,,,,,,,"FALSE",,,,,"FALSE","FALSE",,,,,"FALSE","1","2024-06-20",,,,,,
"14814139000183-1-000063/2024","4","https://pncp.gov.br/api/pncp/v1/orgaos/14814139000183/compras/2024/63/itens/4/resultados","1","1","Informado","2024-06-20T13:24:49","2024-06-20T13:24:49","80392566000145","AABA COMERCIO DE EQUIPAMENTOS MEDICOS LTDA","PJ","3","Demais","2062","Sociedade Empresária Limitada","BRA","1000","16","16000","0",,,,,,,,,"FALSE",,,,,"FALSE","FALSE",,,,,"FALSE","1","2024-06-20",,,,,,
"14814139000183-1-000063/2024","5","https://pncp.gov.br/api/pncp/v1/orgaos/14814139000183/compras/2024/63/itens/5/resultados","1","1","Informado","2024-06-20T13:24:49","2024-06-20T13:24:49","05247406000197","TORRE FORTE ATACADO E VAREJO LTDA","PJ","1","ME","2062","Sociedade Empresária Limitada","BRA","500","5.95","2975","0",,,,,,,,,"FALSE",,,,,"FALSE","FALSE",,,,,"FALSE","1","2024-06-20",,,,,,
"14814139000183-1-000063/2024","6","https://pncp.gov.br/api/pncp/v1/orgaos/14814139000183/compras/2024/63/itens/6/resultados","1","1","Informado","2024-06-20T13:24:49","2024-06-20T13:24:49","80392566000145","AABA COMERCIO DE EQUIPAMENTOS MEDICOS LTDA","PJ","3","Demais","2062","Sociedade Empresária Limitada","BRA","300","51.5","15450","0",,,,,,,,,"FALSE",,,,,"FALSE","FALSE",,,,,"FALSE","1","2024-06-20",,,,,,
"14814139000183-1-000063/2024","7","https://pncp.gov.br/api/pncp/v1/orgaos/14814139000183/compras/2024/63/itens/7/resultados","1","1","Informado","2024-06-20T13:24:49","2024-06-20T13:24:49","04516470000163","TECNOPRINT IMPRESSOS TECNICOS LTDA","PJ","1","ME","2062","Sociedade Empresária Limitada","BRA","500","17.8","8900","0",,,,,,,,,"FALSE",,,,,"FALSE","FALSE",,,,,"FALSE","1","2024-06-20",,,,,,
"14814139000183-1-000063/2024","8","https://pncp.gov.br/api/pncp/v1/orgaos/14814139000183/compras/2024/63/itens/8/resultados","1","1","Informado","2024-06-20T13:24:49","2024-06-20T13:24:49","04516470000163","TECNOPRINT IMPRESSOS TECNICOS LTDA","PJ","1","ME","2062","Sociedade Empresária Limitada","BRA","1000","17.4","17400","0",,,,,,,,,"FALSE",,,,,"FALSE","FALSE",,,,,"FALSE","1","2024-06-20",,,,,,
"14814139000183-1-000063/2024","9","https://pncp.gov.br/api/pncp/v1/orgaos/14814139000183/compras/2024/63/itens/9/resultados","1","1","Informado","2024-06-20T13:24:49","2024-06-20T13:24:49","04516470000163","TECNOPRINT IMPRESSOS TECNICOS LTDA","PJ","1","ME","2062","Sociedade Empresária Limitada","BRA","500","4.937","2468.5","0",,,,,,,,,"FALSE",,,,,"FALSE","FALSE",,,,,"FALSE","1","2024-06-20",,,,,,
"14814139000183-1-000063/2024","10","https://pncp.gov.br/api/pncp/v1/orgaos/14814139000183/compras/2024/63/itens/10/resultados","1","1","Informado","2024-06-20T13:24:49","2024-06-20T13:24:49","36658639000106","MOLVIMED COMERCIO, IMPORTACAO E EXPORTACAO DE INSTRUMENTOS E PRODUTOS CIRURGICOS","PJ","1","ME","2062","Sociedade Empresária Limitada","BRA","50","48.71","2435.5","0",,,,,,,,,"FALSE",,,,,"FALSE","FALSE",,,,,"FALSE","1","2024-06-20",,,,,,
"14814139000183-1-000041/2024","1","https://pncp.gov.br/api/pncp/v1/orgaos/14814139000183/compras/2024/41/itens/1/resultados","1","1","Informado","2024-06-21T09:44:41","2024-06-21T09:44:41","00656468000139","SOMA/PR COMERCIO DE PRODUTOS HOSPITALARES LTDA","PJ","3","Demais","2062","Sociedade Empresária Limitada","BRA","1600","1.63","2608","0",,,,,,,,,"FALSE",,,,,"FALSE","FALSE",,,,,"FALSE","1","2024-06-21",,,,,,
"14814139000183-1-000041/2024","3","https://pncp.gov.br/api/pncp/v1/orgaos/14814139000183/compras/2024/41/itens/3/resultados","1","1","Informado","2024-06-21T09:44:41","2024-06-21T09:44:41","80392566000145","AABA COMERCIO DE EQUIPAMENTOS MEDICOS LTDA","PJ","3","Demais","2062","Sociedade Empresária Limitada","BRA","1000","21.5","21500","0",,,,,,,,,"FALSE",,,,,"FALSE","FALSE",,,,,"FALSE","1","2024-06-21",,,,,,
"14814139000183-1-000041/2024","4","https://pncp.gov.br/api/pncp/v1/orgaos/14814139000183/compras/2024/41/itens/4/resultados","1","1","Informado","2024-06-21T09:44:41","2024-06-21T09:44:41","47411780000126","BACE COMERCIO INTERNACIONAL LTDA","PJ","3","Demais","2062","Sociedade Empresária Limitada","BRA","1600","39.89","63824","0",,,,,,,,,"FALSE",,,,,"FALSE","FALSE",,,,,"FALSE","1","2024-06-21",,,,,,
"14814139000183-1-000041/2024","5","https://pncp.gov.br/api/pncp/v1/orgaos/14814139000183/compras/2024/41/itens/5/resultados","1","1","Informado","2024-06-21T09:44:41","2024-06-21T09:44:41","54858014000927","ESSITY SOLUCOES MEDICAS DO BRASIL   COMERCIO E DISTRIBUICAO LTDA.","PJ","3","Demais","2062","Sociedade Empresária Limitada","BRA","4000","16","64000","0",,,,,,,,,"FALSE",,,,,"FALSE","FALSE",,,,,"FALSE","1","2024-06-21",,,,,,
"14814139000183-1-000041/2024","7","https://pncp.gov.br/api/pncp/v1/orgaos/14814139000183/compras/2024/41/itens/7/resultados","1","1","Informado","2024-06-21T09:44:42","2024-06-21T09:44:42","37778759000100","CWBCARE PRODUTOS MEDICO HOSPITALARES LTDA","PJ","3","Demais","2062","Sociedade Empresária Limitada","BRA","15000","3.27","49050","0",,,,,,,,,"FALSE",,,,,"FALSE","FALSE",,,,,"FALSE","1","2024-06-21",,,,,,
"14814139000183-1-000071/2024","1","https://pncp.gov.br/api/pncp/v1/orgaos/14814139000183/compras/2024/71/itens/1/resultados","1","1","Informado","2024-06-21T09:52:17","2024-06-21T09:52:17","36045363000190","SORELLE COMERCIO ELETROS E EQUIPAMENTOS LTDA","PJ","1","ME","2062","Sociedade Empresária Limitada","BRA","60","692.86","41571.6","0",,,,,,,,,"FALSE",,,,,"FALSE","FALSE",,,,,"FALSE","1","2024-06-21",,,,,,
"14814139000183-1-000071/2024","2","https://pncp.gov.br/api/pncp/v1/orgaos/14814139000183/compras/2024/71/itens/2/resultados","1","1","Informado","2024-06-21T09:52:18","2024-06-21T09:52:18","36045363000190","SORELLE COMERCIO ELETROS E EQUIPAMENTOS LTDA","PJ","1","ME","2062","Sociedade Empresária Limitada","BRA","60","27.92","1675.2","0",,,,,,,,,"FALSE",,,,,"FALSE","FALSE",,,,,"FALSE","1","2024-06-21",,,,,,
"14814139000183-1-000089/2024","1","https://pncp.gov.br/api/pncp/v1/orgaos/14814139000183/compras/2024/89/itens/1/resultados","1","1","Informado","2024-06-24T11:07:29","2024-06-24T11:07:29","14633154000206","ECO DIAGNOSTICA LTDA","PJ","3","Demais","2062","Sociedade Empresária Limitada","BRA","60000","5.22","313200","0",,,,,,,,,"FALSE",,,,,"FALSE","FALSE",,,,,"FALSE","1","2024-06-24",,,,,,
"14814139000183-1-000089/2024","2","https://pncp.gov.br/api/pncp/v1/orgaos/14814139000183/compras/2024/89/itens/2/resultados","1","1","Informado","2024-06-24T11:07:29","2024-06-24T11:07:29","09686716000169","PROCELA PARTICIPACOES LTDA","PJ","1","ME","2062","Sociedade Empresária Limitada","BRA","20000","6.9","138000","0",,,,,,,,,"FALSE",,,,,"FALSE","FALSE",,,,,"FALSE","1","2024-06-24",,,,,,
"14814139000183-1-000093/2024","1","https://pncp.gov.br/api/pncp/v1/orgaos/14814139000183/compras/2024/93/itens/1/resultados","1","1","Informado","2024-06-24T12:26:04","2024-06-24T12:26:04","85081446000140","RAIOMEDIC SUPRIMENTOS LTDA","PJ","1","ME","2062","Sociedade Empresária Limitada","BRA","150","26.6","3990","0",,,,,,,,,"FALSE",,,,,"FALSE","FALSE",,,,,"FALSE","1","2024-06-24",,,,,,
"14814139000183-1-000093/2024","2","https://pncp.gov.br/api/pncp/v1/orgaos/14814139000183/compras/2024/93/itens/2/resultados","1","1","Informado","2024-06-24T12:26:04","2024-06-24T12:26:04","11367066000130","ALPHARAD INDUSTRIA, COMERCIO, IMPORTACAO E EXPORTACAO DE PRODUTOS HOSPITALARES L","PJ","1","ME","2062","Sociedade Empresária Limitada","BRA","1000","21.88","21880","0",,,,,,,,,"FALSE",,,,,"FALSE","FALSE",,,,,"FALSE","1","2024-06-24",,,,,,
"14814139000183-1-000093/2024","3","https://pncp.gov.br/api/pncp/v1/orgaos/14814139000183/compras/2024/93/itens/3/resultados","1","1","Informado","2024-06-24T12:26:04","2024-06-24T12:26:04","85081446000140","RAIOMEDIC SUPRIMENTOS LTDA","PJ","1","ME","2062","Sociedade Empresária Limitada","BRA","300","145","43500","0",,,,,,,,,"FALSE",,,,,"FALSE","FALSE",,,,,"FALSE","1","2024-06-24",,,,,,
"14814139000183-1-000066/2024","1","https://pncp.gov.br/api/pncp/v1/orgaos/14814139000183/compras/2024/66/itens/1/resultados","1","1","Informado","2024-06-27T08:36:17","2024-06-27T08:36:17","07752236000808","MEDILAR IMPORTACAO E DISTRIBUICAO DE PRODUTOS MEDICO HOSPITALARES S/A","PJ","3","Demais","2054","Sociedade Anônima Fechada","BRA","5000","2.99","14950","0",,,,,,,,,"FALSE",,,,,"FALSE","FALSE",,,,,"FALSE","1","2024-06-27",,,,,,
"14814139000183-1-000066/2024","2","https://pncp.gov.br/api/pncp/v1/orgaos/14814139000183/compras/2024/66/itens/2/resultados","1","1","Informado","2024-06-27T08:36:12","2024-06-27T08:36:12","22774865000148","PRM COMERCIAL LTDA","PJ","1","ME","2062","Sociedade Empresária Limitada","BRA","8000","0.18","1440","0",,,,,,,,,"FALSE",,,,,"FALSE","FALSE",,,,,"FALSE","1","2024-06-27",,,,,,
"14814139000183-1-000066/2024","3","https://pncp.gov.br/api/pncp/v1/orgaos/14814139000183/compras/2024/66/itens/3/resultados","1","1","Informado","2024-06-27T08:36:12","2024-06-27T08:36:12","28345933000130","BRAMED COMERCIO HOSPITALAR DO BRASIL LTDA","PJ","3","Demais","2062","Sociedade Empresária Limitada","BRA","165000","0.1899","31333.5","0",,,,,,,,,"FALSE",,,,,"FALSE","FALSE",,,,,"FALSE","1","2024-06-27",,,,,,
"14814139000183-1-000066/2024","4","https://pncp.gov.br/api/pncp/v1/orgaos/14814139000183/compras/2024/66/itens/4/resultados","1","1","Informado","2024-06-27T08:36:12","2024-06-27T08:36:12","41665545000102","DNA MED BRASIL LTDA","PJ","1","ME","2062","Sociedade Empresária Limitada","BRA","55000","0.19","10450","0",,,,,,,,,"FALSE",,,,,"FALSE","FALSE",,,,,"FALSE","1","2024-06-27",,,,,,
"14814139000183-1-000066/2024","5","https://pncp.gov.br/api/pncp/v1/orgaos/14814139000183/compras/2024/66/itens/5/resultados","1","1","Informado","2024-06-27T08:36:12","2024-06-27T08:36:12","22774865000148","PRM COMERCIAL LTDA","PJ","1","ME","2062","Sociedade Empresária Limitada","BRA","25000","0.18","4500","0",,,,,,,,,"FALSE",,,,,"FALSE","FALSE",,,,,"FALSE","1","2024-06-27",,,,,,
"14814139000183-1-000066/2024","6","https://pncp.gov.br/api/pncp/v1/orgaos/14814139000183/compras/2024/66/itens/6/resultados","1","1","Informado","2024-06-27T08:36:12","2024-06-27T08:36:12","00802002000102","ALTERMED MATERIAL MEDICO HOSPITALAR LTDA","PJ","3","Demais","2062","Sociedade Empresária Limitada","BRA","50","4.3578","217.89","0",,,,,,,,,"FALSE",,,,,"FALSE","FALSE",,,,,"FALSE","1","2024-06-27",,,,,,
"14814139000183-1-000066/2024","7","https://pncp.gov.br/api/pncp/v1/orgaos/14814139000183/compras/2024/66/itens/7/resultados","1","1","Informado","2024-06-27T08:36:12","2024-06-27T08:36:12","25463374000174","MEDEFE PRODUTOS MEDICO- HOSPITALARES LTDA","PJ","3","Demais","2062","Sociedade Empresária Limitada","BRA","50","5.29","264.5","0",,,,,,,,,"FALSE",,,,,"FALSE","FALSE",,,,,"FALSE","1","2024-06-27",,,,,,
"14814139000183-1-000066/2024","8","https://pncp.gov.br/api/pncp/v1/orgaos/14814139000183/compras/2024/66/itens/8/resultados","1","1","Informado","2024-06-27T08:36:12","2024-06-27T08:36:12","17213439000103","ALDREY PAUCIO DA SILVA","PJ","1","ME","2135","Empresário (Individual)","BRA","400","2.59","1036","0",,,,,,,,,"FALSE",,,,,"FALSE","FALSE",,,,,"FALSE","1","2024-06-27",,,,,,
"14814139000183-1-000066/2024","10","https://pncp.gov.br/api/pncp/v1/orgaos/14814139000183/compras/2024/66/itens/10/resultados","1","1","Informado","2024-06-27T08:36:12","2024-06-27T08:36:12","00802002000102","ALTERMED MATERIAL MEDICO HOSPITALAR LTDA","PJ","3","Demais","2062","Sociedade Empresária Limitada","BRA","400","2.7285","1091.4","0",,,,,,,,,"FALSE",,,,,"FALSE","FALSE",,,,,"FALSE","1","2024-06-27",,,,,,
"14814139000183-1-000109/2024","1","https://pncp.gov.br/api/pncp/v1/orgaos/14814139000183/compras/2024/109/itens/1/resultados","1","1","Informado","2024-07-05T16:56:37","2024-07-05T16:56:37","44119251000165","BPMAQ EQUIPAMENTOS LTDA","PJ","1","ME","2062","Sociedade Empresária Limitada","BRA","1","2899.26","2899.26","0",,,,,,,,,"FALSE",,,,,"FALSE","FALSE",,,,,"FALSE","1","2024-07-05",,,,,,
"14814139000183-1-000115/2024","1","https://pncp.gov.br/api/pncp/v1/orgaos/14814139000183/compras/2024/115/itens/1/resultados","1","1","Informado","2024-07-08T16:11:06","2024-07-08T16:11:06","41786083000173","NOVI GAMING COMERCIO DE PRODUTOS PARA INFORMATICA LTDA","PJ","1","ME","2062","Sociedade Empresária Limitada","BRA","6000","1.32","7920","0",,,,,,,,,"FALSE",,,,,"FALSE","FALSE",,,,,"FALSE","1","2024-07-08",,,,,,
"14814139000183-1-000115/2024","2","https://pncp.gov.br/api/pncp/v1/orgaos/14814139000183/compras/2024/115/itens/2/resultados","1","1","Informado","2024-07-08T16:11:11","2024-07-08T16:11:11","17791755000154","IDPROMO COMERCIAL LTDA","PJ","1","ME","2062","Sociedade Empresária Limitada","BRA","4000","1.7","6800","0",,,,,,,,,"FALSE",,,,,"FALSE","FALSE",,,,,"FALSE","1","2024-07-08",,,,,,
"14814139000183-1-000115/2024","3","https://pncp.gov.br/api/pncp/v1/orgaos/14814139000183/compras/2024/115/itens/3/resultados","1","1","Informado","2024-07-08T16:11:06","2024-07-08T16:11:06","17791755000154","IDPROMO COMERCIAL LTDA","PJ","1","ME","2062","Sociedade Empresária Limitada","BRA","6000","0.48","2880","0",,,,,,,,,"FALSE",,,,,"FALSE","FALSE",,,,,"FALSE","1","2024-07-08",,,,,,
"14814139000183-1-000115/2024","4","https://pncp.gov.br/api/pncp/v1/orgaos/14814139000183/compras/2024/115/itens/4/resultados","1","1","Informado","2024-07-08T16:11:06","2024-07-08T16:11:06","11383230000101","AMAZONAS COMERCIO DE ADESIVOS E BRINDES LTDA","PJ","1","ME","2062","Sociedade Empresária Limitada","BRA","4000","1.99","7960","0",,,,,,,,,"FALSE",,,,,"FALSE","FALSE",,,,,"FALSE","1","2024-07-08",,,,,,
"14814139000183-1-000107/2024","1","https://pncp.gov.br/api/pncp/v1/orgaos/14814139000183/compras/2024/107/itens/1/resultados","1","1","Informado","2024-07-09T07:53:30","2024-07-09T07:53:30","68905074000100","DGA DISTRIBUIDORA LTDA","PJ","1","ME","2062","Sociedade Empresária Limitada","BRA","10","1200","12000","0",,,,,,,,,"FALSE",,,,,"FALSE","FALSE",,,,,"FALSE","1","2024-07-09",,,,,,
"14814139000183-1-000107/2024","2","https://pncp.gov.br/api/pncp/v1/orgaos/14814139000183/compras/2024/107/itens/2/resultados","1","1","Informado","2024-07-09T07:53:30","2024-07-09T07:53:30","68905074000100","DGA DISTRIBUIDORA LTDA","PJ","1","ME","2062","Sociedade Empresária Limitada","BRA","25","1400","35000","0",,,,,,,,,"FALSE",,,,,"FALSE","FALSE",,,,,"FALSE","1","2024-07-09",,,,,,
"14814139000183-1-000107/2024","3","https://pncp.gov.br/api/pncp/v1/orgaos/14814139000183/compras/2024/107/itens/3/resultados","1","1","Informado","2024-07-09T07:53:30","2024-07-09T07:53:30","32608866000176","TROIKA DISTRIBUICAO LTDA","PJ","1","ME","2062","Sociedade Empresária Limitada","BRA","25","1200","30000","0",,,,,,,,,"FALSE",,,,,"FALSE","FALSE",,,,,"FALSE","1","2024-07-09",,,,,,
"14814139000183-1-000107/2024","4","https://pncp.gov.br/api/pncp/v1/orgaos/14814139000183/compras/2024/107/itens/4/resultados","1","1","Informado","2024-07-09T07:53:30","2024-07-09T07:53:30","68905074000100","DGA DISTRIBUIDORA LTDA","PJ","1","ME","2062","Sociedade Empresária Limitada","BRA","10","300","3000","0",,,,,,,,,"FALSE",,,,,"FALSE","FALSE",,,,,"FALSE","1","2024-07-09",,,,,,
"14814139000183-1-000107/2024","5","https://pncp.gov.br/api/pncp/v1/orgaos/14814139000183/compras/2024/107/itens/5/resultados","1","1","Informado","2024-07-09T07:53:30","2024-07-09T07:53:30","23524957000132","SAO PAULO ARTIGOS HOSPITALARES LTDA","PJ","1","ME","2062","Sociedade Empresária Limitada","BRA","2","3300","6600","0",,,,,,,,,"FALSE",,,,,"FALSE","FALSE",,,,,"FALSE","1","2024-07-09",,,,,,
"14814139000183-1-000107/2024","6","https://pncp.gov.br/api/pncp/v1/orgaos/14814139000183/compras/2024/107/itens/6/resultados","1","1","Informado","2024-07-09T07:53:30","2024-07-09T07:53:30","68905074000100","DGA DISTRIBUIDORA LTDA","PJ","1","ME","2062","Sociedade Empresária Limitada","BRA","10","620","6200","0",,,,,,,,,"FALSE",,,,,"FALSE","FALSE",,,,,"FALSE","1","2024-07-09",,,,,,
"14814139000183-1-000107/2024","7","https://pncp.gov.br/api/pncp/v1/orgaos/14814139000183/compras/2024/107/itens/7/resultados","1","1","Informado","2024-07-09T07:53:30","2024-07-09T07:53:30","23524957000132","SAO PAULO ARTIGOS HOSPITALARES LTDA","PJ","1","ME","2062","Sociedade Empresária Limitada","BRA","10","900","9000","0",,,,,,,,,"FALSE",,,,,"FALSE","FALSE",,,,,"FALSE","1","2024-07-09",,,,,,
"14814139000183-1-000107/2024","8","https://pncp.gov.br/api/pncp/v1/orgaos/14814139000183/compras/2024/107/itens/8/resultados","1","1","Informado","2024-07-09T07:53:30","2024-07-09T07:53:30","68905074000100","DGA DISTRIBUIDORA LTDA","PJ","1","ME","2062","Sociedade Empresária Limitada","BRA","25","200","5000","0",,,,,,,,,"FALSE",,,,,"FALSE","FALSE",,,,,"FALSE","1","2024-07-09",,,,,,
"14814139000183-1-000116/2024","1","https://pncp.gov.br/api/pncp/v1/orgaos/14814139000183/compras/2024/116/itens/1/resultados","1","1","Informado","2024-07-09T08:01:21","2024-07-09T08:01:21","02482141000113","DENTAL BONSUCESSO PRODUTOS ODONTOLOGICOS LTDA","PJ","1","ME","2062","Sociedade Empresária Limitada","BRA","1000","0.23","230","0",,,,,,,,,"FALSE",,,,,"FALSE","FALSE",,,,,"FALSE","1","2024-07-09",,,,,,
"14814139000183-1-000116/2024","2","https://pncp.gov.br/api/pncp/v1/orgaos/14814139000183/compras/2024/116/itens/2/resultados","1","1","Informado","2024-07-09T08:01:21","2024-07-09T08:01:21","32737279000187","NOEM MEDICAL IMPORTACAO E EXPORTACAO DE PRODUTOS MEDICOS-HOSPITALARES LTDA","PJ","1","ME","2062","Sociedade Empresária Limitada","BRA","200","12.6","2520","0",,,,,,,,,"FALSE",,,,,"FALSE","FALSE",,,,,"FALSE","1","2024-07-09",,,,,,
"14814139000183-1-000116/2024","3","https://pncp.gov.br/api/pncp/v1/orgaos/14814139000183/compras/2024/116/itens/3/resultados","1","1","Informado","2024-07-09T08:01:21","2024-07-09T08:01:21","02482141000113","DENTAL BONSUCESSO PRODUTOS ODONTOLOGICOS LTDA","PJ","1","ME","2062","Sociedade Empresária Limitada","BRA","10","18.9","189","0",,,,,,,,,"FALSE",,,,,"FALSE","FALSE",,,,,"FALSE","1","2024-07-09",,,,,,
"14814139000183-1-000116/2024","4","https://pncp.gov.br/api/pncp/v1/orgaos/14814139000183/compras/2024/116/itens/4/resultados","1","1","Informado","2024-07-09T08:01:21","2024-07-09T08:01:21","02482141000113","DENTAL BONSUCESSO PRODUTOS ODONTOLOGICOS LTDA","PJ","1","ME","2062","Sociedade Empresária Limitada","BRA","12","128.12","1537.44","0",,,,,,,,,"FALSE",,,,,"FALSE","FALSE",,,,,"FALSE","1","2024-07-09",,,,,,
"14814139000183-1-000116/2024","5","https://pncp.gov.br/api/pncp/v1/orgaos/14814139000183/compras/2024/116/itens/5/resultados","1","1","Informado","2024-07-09T08:01:21","2024-07-09T08:01:21","22382705000153","RMM SPORTS COMERCIO DE PRODUTOS ESPORTIVOS LTDA","PJ","1","ME","2062","Sociedade Empresária Limitada","BRA","100","22.1","2210","0",,,,,,,,,"FALSE",,,,,"FALSE","FALSE",,,,,"FALSE","1","2024-07-09",,,,,,
"14814139000183-1-000116/2024","6","https://pncp.gov.br/api/pncp/v1/orgaos/14814139000183/compras/2024/116/itens/6/resultados","1","1","Informado","2024-07-09T08:01:21","2024-07-09T08:01:21","02482141000113","DENTAL BONSUCESSO PRODUTOS ODONTOLOGICOS LTDA","PJ","1","ME","2062","Sociedade Empresária Limitada","BRA","120","43.5","5220","0",,,,,,,,,"FALSE",,,,,"FALSE","FALSE",,,,,"FALSE","1","2024-07-09",,,,,,
"14814139000183-1-000094/2024","1","https://pncp.gov.br/api/pncp/v1/orgaos/14814139000183/compras/2024/94/itens/1/resultados","1","1","Informado","2024-07-11T09:34:34","2024-07-11T09:34:34","30249208000100","OPERACIONAIS COMERCIO DE CALCADOS LTDA","PJ","1","ME","2062","Sociedade Empresária Limitada","BRA","225","184","41400","0",,,,,,,,,"FALSE",,,,,"FALSE","FALSE",,,,,"FALSE","1","2024-07-11",,,,,,
"14814139000183-1-000094/2024","2","https://pncp.gov.br/api/pncp/v1/orgaos/14814139000183/compras/2024/94/itens/2/resultados","1","1","Informado","2024-07-11T09:34:34","2024-07-11T09:34:34","30249208000100","OPERACIONAIS COMERCIO DE CALCADOS LTDA","PJ","1","ME","2062","Sociedade Empresária Limitada","BRA","75","184","13800","0",,,,,,,,,"FALSE",,,,,"FALSE","FALSE",,,,,"FALSE","1","2024-07-11",,,,,,
"14814139000183-1-000094/2024","3","https://pncp.gov.br/api/pncp/v1/orgaos/14814139000183/compras/2024/94/itens/3/resultados","1","1","Informado","2024-07-11T09:34:34","2024-07-11T09:34:34","14350929000155","RWAF TEXTIL INDUSTRIA, COMERCIO E IMPORTACAO DE TECIDOS LTDA","PJ","1","ME","2062","Sociedade Empresária Limitada","BRA","60","14.3","858","0",,,,,,,,,"FALSE",,,,,"FALSE","FALSE",,,,,"FALSE","1","2024-07-11",,,,,,
"14814139000183-1-000094/2024","4","https://pncp.gov.br/api/pncp/v1/orgaos/14814139000183/compras/2024/94/itens/4/resultados","1","1","Informado","2024-07-11T09:34:34","2024-07-11T09:34:34","14350929000155","RWAF TEXTIL INDUSTRIA, COMERCIO E IMPORTACAO DE TECIDOS LTDA","PJ","1","ME","2062","Sociedade Empresária Limitada","BRA","80","14.7","1176","0",,,,,,,,,"FALSE",,,,,"FALSE","FALSE",,,,,"FALSE","1","2024-07-11",,,,,,
"14814139000183-1-000094/2024","5","https://pncp.gov.br/api/pncp/v1/orgaos/14814139000183/compras/2024/94/itens/5/resultados","1","1","Informado","2024-07-11T09:34:34","2024-07-11T09:34:34","14350929000155","RWAF TEXTIL INDUSTRIA, COMERCIO E IMPORTACAO DE TECIDOS LTDA","PJ","1","ME","2062","Sociedade Empresária Limitada","BRA","150","16","2400","0",,,,,,,,,"FALSE",,,,,"FALSE","FALSE",,,,,"FALSE","1","2024-07-11",,,,,,
"14814139000183-1-000094/2024","6","https://pncp.gov.br/api/pncp/v1/orgaos/14814139000183/compras/2024/94/itens/6/resultados","1","1","Informado","2024-07-11T09:34:34","2024-07-11T09:34:34","14350929000155","RWAF TEXTIL INDUSTRIA, COMERCIO E IMPORTACAO DE TECIDOS LTDA","PJ","1","ME","2062","Sociedade Empresária Limitada","BRA","150","16","2400","0",,,,,,,,,"FALSE",,,,,"FALSE","FALSE",,,,,"FALSE","1","2024-07-11",,,,,,
"14814139000183-1-000094/2024","7","https://pncp.gov.br/api/pncp/v1/orgaos/14814139000183/compras/2024/94/itens/7/resultados","1","1","Informado","2024-07-11T09:34:34","2024-07-11T09:34:34","14350929000155","RWAF TEXTIL INDUSTRIA, COMERCIO E IMPORTACAO DE TECIDOS LTDA","PJ","1","ME","2062","Sociedade Empresária Limitada","BRA","80","18.99","1519.2","0",,,,,,,,,"FALSE",,,,,"FALSE","FALSE",,,,,"FALSE","1","2024-07-11",,,,,,
"14814139000183-1-000094/2024","8","https://pncp.gov.br/api/pncp/v1/orgaos/14814139000183/compras/2024/94/itens/8/resultados","1","1","Informado","2024-07-11T09:34:34","2024-07-11T09:34:34","14350929000155","RWAF TEXTIL INDUSTRIA, COMERCIO E IMPORTACAO DE TECIDOS LTDA","PJ","1","ME","2062","Sociedade Empresária Limitada","BRA","20","19.5","390","0",,,,,,,,,"FALSE",,,,,"FALSE","FALSE",,,,,"FALSE","1","2024-07-11",,,,,,
"14814139000183-1-000094/2024","9","https://pncp.gov.br/api/pncp/v1/orgaos/14814139000183/compras/2024/94/itens/9/resultados","1","1","Informado","2024-07-11T09:34:34","2024-07-11T09:34:34","14350929000155","RWAF TEXTIL INDUSTRIA, COMERCIO E IMPORTACAO DE TECIDOS LTDA","PJ","1","ME","2062","Sociedade Empresária Limitada","BRA","20","20.2","404","0",,,,,,,,,"FALSE",,,,,"FALSE","FALSE",,,,,"FALSE","1","2024-07-11",,,,,,
"14814139000183-1-000094/2024","10","https://pncp.gov.br/api/pncp/v1/orgaos/14814139000183/compras/2024/94/itens/10/resultados","1","1","Informado","2024-07-11T09:34:34","2024-07-11T09:34:34","08002204000173","ECOVEST CONFECCOES LTDA","PJ","1","ME","2062","Sociedade Empresária Limitada","BRA","30","350","10500","0",,,,,,,,,"FALSE",,,,,"FALSE","FALSE",,,,,"FALSE","1","2024-07-11",,,,,,
"14814139000183-1-000100/2024","1","https://pncp.gov.br/api/pncp/v1/orgaos/14814139000183/compras/2024/100/itens/1/resultados","1","1","Informado","2024-07-12T10:17:48","2024-07-12T10:17:48","29322621000173","COMERCIO ATACADISTA ILHA BELA DISTRIBUIDORA LTDA","PJ","1","ME","2062","Sociedade Empresária Limitada","BRA","60","7.98","478.8","0",,,,,,,,,"FALSE",,,,,"FALSE","FALSE",,,,,"FALSE","1","2024-07-12",,,,,,
"14814139000183-1-000100/2024","2","https://pncp.gov.br/api/pncp/v1/orgaos/14814139000183/compras/2024/100/itens/2/resultados","1","1","Informado","2024-07-12T10:17:48","2024-07-12T10:17:48","29322621000173","COMERCIO ATACADISTA ILHA BELA DISTRIBUIDORA LTDA","PJ","1","ME","2062","Sociedade Empresária Limitada","BRA","60","10.2","612","0",,,,,,,,,"FALSE",,,,,"FALSE","FALSE",,,,,"FALSE","1","2024-07-12",,,,,,
"14814139000183-1-000100/2024","3","https://pncp.gov.br/api/pncp/v1/orgaos/14814139000183/compras/2024/100/itens/3/resultados","1","1","Informado","2024-07-12T10:17:48","2024-07-12T10:17:48","29322621000173","COMERCIO ATACADISTA ILHA BELA DISTRIBUIDORA LTDA","PJ","1","ME","2062","Sociedade Empresária Limitada","BRA","100","26.04","2604","0",,,,,,,,,"FALSE",,,,,"FALSE","FALSE",,,,,"FALSE","1","2024-07-12",,,,,,
"14814139000183-1-000100/2024","4","https://pncp.gov.br/api/pncp/v1/orgaos/14814139000183/compras/2024/100/itens/4/resultados","1","1","Informado","2024-07-12T10:17:48","2024-07-12T10:17:48","41197748000103","JLS COMERCIAL LTDA","PJ","1","ME","2062","Sociedade Empresária Limitada","BRA","80","29.95","2396","0",,,,,,,,,"FALSE",,,,,"FALSE","FALSE",,,,,"FALSE","1","2024-07-12",,,,,,
"14814139000183-1-000100/2024","5","https://pncp.gov.br/api/pncp/v1/orgaos/14814139000183/compras/2024/100/itens/5/resultados","1","1","Informado","2024-07-12T10:17:48","2024-07-12T10:17:48","44651148000161","M.L. COMERCIO E REPRESENTACOES LTDA","PJ","1","ME","2062","Sociedade Empresária Limitada","BRA","100","55.3","5530","0",,,,,,,,,"FALSE",,,,,"FALSE","FALSE",,,,,"FALSE","1","2024-07-12",,,,,,
"14814139000183-1-000100/2024","6","https://pncp.gov.br/api/pncp/v1/orgaos/14814139000183/compras/2024/100/itens/6/resultados","1","1","Informado","2024-07-12T10:17:49","2024-07-12T10:17:49","41197748000103","JLS COMERCIAL LTDA","PJ","1","ME","2062","Sociedade Empresária Limitada","BRA","50","66.95","3347.5","0",,,,,,,,,"FALSE",,,,,"FALSE","FALSE",,,,,"FALSE","1","2024-07-12",,,,,,
"14814139000183-1-000100/2024","7","https://pncp.gov.br/api/pncp/v1/orgaos/14814139000183/compras/2024/100/itens/7/resultados","1","1","Informado","2024-07-12T10:17:49","2024-07-12T10:17:49","13713800000100","M. L. ALENCAR","PJ","1","ME","2135","Empresário (Individual)","BRA","100","7","700","0",,,,,,,,,"FALSE",,,,,"FALSE","FALSE",,,,,"FALSE","1","2024-07-12",,,,,,
"14814139000183-1-000100/2024","8","https://pncp.gov.br/api/pncp/v1/orgaos/14814139000183/compras/2024/100/itens/8/resultados","1","1","Informado","2024-07-12T10:17:49","2024-07-12T10:17:49","43219256000105","LIFE CLEAN COMERCIO DE EQUIPAMENTOS LTDA","PJ","1","ME","2062","Sociedade Empresária Limitada","BRA","50","117.8","5890","0",,,,,,,,,"FALSE",,,,,"FALSE","FALSE",,,,,"FALSE","1","2024-07-12",,,,,,
"14814139000183-1-000110/2024","2","https://pncp.gov.br/api/pncp/v1/orgaos/14814139000183/compras/2024/110/itens/2/resultados","1","1","Informado","2024-07-15T14:37:56","2024-07-15T14:37:56","07118503000105","ATHOS COMERCIAL HOSPITALAR LTDA","PJ","1","ME","2062","Sociedade Empresária Limitada","BRA","120","8.6","1032","0",,,,,,,,,"FALSE",,,,,"FALSE","FALSE",,,,,"FALSE","1","2024-07-15",,,,,,
"14814139000183-1-000110/2024","3","https://pncp.gov.br/api/pncp/v1/orgaos/14814139000183/compras/2024/110/itens/3/resultados","1","1","Informado","2024-07-15T14:37:56","2024-07-15T14:37:56","07118503000105","ATHOS COMERCIAL HOSPITALAR LTDA","PJ","1","ME","2062","Sociedade Empresária Limitada","BRA","600","2.1","1260","0",,,,,,,,,"FALSE",,,,,"FALSE","FALSE",,,,,"FALSE","1","2024-07-15",,,,,,
"14814139000183-1-000110/2024","4","https://pncp.gov.br/api/pncp/v1/orgaos/14814139000183/compras/2024/110/itens/4/resultados","1","1","Informado","2024-07-15T14:37:56","2024-07-15T14:37:56","07118503000105","ATHOS COMERCIAL HOSPITALAR LTDA","PJ","1","ME","2062","Sociedade Empresária Limitada","BRA","120","2.09","250.8","0",,,,,,,,,"FALSE",,,,,"FALSE","FALSE",,,,,"FALSE","1","2024-07-15",,,,,,
"14814139000183-1-000110/2024","5","https://pncp.gov.br/api/pncp/v1/orgaos/14814139000183/compras/2024/110/itens/5/resultados","1","1","Informado","2024-07-15T14:37:56","2024-07-15T14:37:56","07118503000105","ATHOS COMERCIAL HOSPITALAR LTDA","PJ","1","ME","2062","Sociedade Empresária Limitada","BRA","480","2.09","1003.2","0",,,,,,,,,"FALSE",,,,,"FALSE","FALSE",,,,,"FALSE","1","2024-07-15",,,,,,
"14814139000183-1-000110/2024","6","https://pncp.gov.br/api/pncp/v1/orgaos/14814139000183/compras/2024/110/itens/6/resultados","1","1","Informado","2024-07-15T14:37:56","2024-07-15T14:37:56","37882886000154","VERDE DISTRIBUIDORA DE MEDICAMENTOS LTDA","PJ","1","ME","2062","Sociedade Empresária Limitada","BRA","240","3.75","900","0",,,,,,,,,"FALSE",,,,,"FALSE","FALSE",,,,,"FALSE","1","2024-07-15",,,,,,
"14814139000183-1-000110/2024","7","https://pncp.gov.br/api/pncp/v1/orgaos/14814139000183/compras/2024/110/itens/7/resultados","1","1","Informado","2024-07-15T14:37:56","2024-07-15T14:37:56","37882886000154","VERDE DISTRIBUIDORA DE MEDICAMENTOS LTDA","PJ","1","ME","2062","Sociedade Empresária Limitada","BRA","312","3.75","1170","0",,,,,,,,,"FALSE",,,,,"FALSE","FALSE",,,,,"FALSE","1","2024-07-15",,,,,,
"14814139000183-1-000110/2024","8","https://pncp.gov.br/api/pncp/v1/orgaos/14814139000183/compras/2024/110/itens/8/resultados","1","1","Informado","2024-07-15T14:37:56","2024-07-15T14:37:56","03812429000171","POLYSUTURE INDUSTRIA E COMERCIO LTDA","PJ","3","Demais","2062","Sociedade Empresária Limitada","BRA","120","4.15","498","0",,,,,,,,,"FALSE",,,,,"FALSE","FALSE",,,,,"FALSE","1","2024-07-15",,,,,,
"14814139000183-1-000110/2024","9","https://pncp.gov.br/api/pncp/v1/orgaos/14814139000183/compras/2024/110/itens/9/resultados","1","1","Informado","2024-07-15T14:37:56","2024-07-15T14:37:56","37882886000154","VERDE DISTRIBUIDORA DE MEDICAMENTOS LTDA","PJ","1","ME","2062","Sociedade Empresária Limitada","BRA","720","3.75","2700","0",,,,,,,,,"FALSE",,,,,"FALSE","FALSE",,,,,"FALSE","1","2024-07-15",,,,,,
"14814139000183-1-000110/2024","10","https://pncp.gov.br/api/pncp/v1/orgaos/14814139000183/compras/2024/110/itens/10/resultados","1","1","Informado","2024-07-15T14:37:56","2024-07-15T14:37:56","37882886000154","VERDE DISTRIBUIDORA DE MEDICAMENTOS LTDA","PJ","1","ME","2062","Sociedade Empresária Limitada","BRA","240","3.75","900","0",,,,,,,,,"FALSE",,,,,"FALSE","FALSE",,,,,"FALSE","1","2024-07-15",,,,,,
"14814139000183-1-000009/2024","1","https://pncp.gov.br/api/pncp/v1/orgaos/14814139000183/compras/2024/9/itens/1/resultados","1","1","Informado","2024-07-17T08:42:06","2024-07-17T08:42:06","01475960000170","A DIOGO COMERCIO DE FERRAGENS LTDA","PJ","1","ME","2062","Sociedade Empresária Limitada","BRA","200","8","1600","0",,,,,,,,,"FALSE",,,,,"FALSE","FALSE",,,,,"FALSE","1","2024-07-17",,,,,,
"14814139000183-1-000009/2024","3","https://pncp.gov.br/api/pncp/v1/orgaos/14814139000183/compras/2024/9/itens/3/resultados","1","1","Informado","2024-07-17T08:42:06","2024-07-17T08:42:06","01475960000170","A DIOGO COMERCIO DE FERRAGENS LTDA","PJ","1","ME","2062","Sociedade Empresária Limitada","BRA","50","88.5","4425","0",,,,,,,,,"FALSE",,,,,"FALSE","FALSE",,,,,"FALSE","1","2024-07-17",,,,,,
"14814139000183-1-000009/2024","7","https://pncp.gov.br/api/pncp/v1/orgaos/14814139000183/compras/2024/9/itens/7/resultados","1","1","Informado","2024-07-17T08:42:06","2024-07-17T08:42:06","01475960000170","A DIOGO COMERCIO DE FERRAGENS LTDA","PJ","1","ME","2062","Sociedade Empresária Limitada","BRA","2000","0.31","620","0",,,,,,,,,"FALSE",,,,,"FALSE","FALSE",,,,,"FALSE","1","2024-07-17",,,,,,
"14814139000183-1-000009/2024","8","https://pncp.gov.br/api/pncp/v1/orgaos/14814139000183/compras/2024/9/itens/8/resultados","1","1","Informado","2024-07-17T08:42:06","2024-07-17T08:42:06","01475960000170","A DIOGO COMERCIO DE FERRAGENS LTDA","PJ","1","ME","2062","Sociedade Empresária Limitada","BRA","2000","0.05","100","0",,,,,,,,,"FALSE",,,,,"FALSE","FALSE",,,,,"FALSE","1","2024-07-17",,,,,,
"14814139000183-1-000009/2024","9","https://pncp.gov.br/api/pncp/v1/orgaos/14814139000183/compras/2024/9/itens/9/resultados","1","1","Informado","2024-07-17T08:42:06","2024-07-17T08:42:06","01475960000170","A DIOGO COMERCIO DE FERRAGENS LTDA","PJ","1","ME","2062","Sociedade Empresária Limitada","BRA","3000","0.05","150","0",,,,,,,,,"FALSE",,,,,"FALSE","FALSE",,,,,"FALSE","1","2024-07-17",,,,,,
"14814139000183-1-000009/2024","10","https://pncp.gov.br/api/pncp/v1/orgaos/14814139000183/compras/2024/9/itens/10/resultados","1","1","Informado","2024-07-17T08:42:11","2024-07-17T08:42:11","01475960000170","A DIOGO COMERCIO DE FERRAGENS LTDA","PJ","1","ME","2062","Sociedade Empresária Limitada","BRA","2000","0.06","120","0",,,,,,,,,"FALSE",,,,,"FALSE","FALSE",,,,,"FALSE","1","2024-07-17",,,,,,
"14814139000183-1-000043/2024","1","https://pncp.gov.br/api/pncp/v1/orgaos/14814139000183/compras/2024/43/itens/1/resultados","1","1","Informado","2024-07-17T10:22:54","2024-07-17T10:22:54","07843902000139","METROPOLE SOLUCOES EMPRESARIAIS E GOVERNAMENTAIS LTDA","PJ","1","ME","2062","Sociedade Empresária Limitada","BRA","1","69000","69000","0",,,,,,,,,"FALSE",,,,,"FALSE","FALSE",,,,,"FALSE",,"2024-07-17",,,,,,
"77636520000110-1-000016/2024","1","https://pncp.gov.br/api/pncp/v1/orgaos/77636520000110/compras/2024/16/itens/1/resultados","1","1","Informado","2024-05-21T08:50:19","2024-05-21T08:50:19","00111511000504","DCA DELTA CABLE AMERICAS LTDA","PJ","3","Demais","2062","Sociedade Empresária Limitada","BRA","60","5190","311400","0",,,,,,,,,"FALSE",,,,,"FALSE","FALSE",,,,,"FALSE",,"2024-05-21",,,,,,
"77636520000110-1-000016/2024","2","https://pncp.gov.br/api/pncp/v1/orgaos/77636520000110/compras/2024/16/itens/2/resultados","1","1","Informado","2024-05-21T08:50:21","2024-05-21T08:50:21","06329188000100","CRP TECNOLOGIA LTDA","PJ","1","ME","2062","Sociedade Empresária Limitada","BRA","20","3840","76800","0",,,,,,,,,"FALSE",,,,,"FALSE","FALSE",,,,,"FALSE",,"2024-05-21",,,,,,
"14814139000183-1-000088/2024","1","https://pncp.gov.br/api/pncp/v1/orgaos/14814139000183/compras/2024/88/itens/1/resultados","1","1","Informado","2024-07-19T14:43:54","2024-07-19T14:43:54","41948062000107","GRANETTO EMBALAGENS LTDA","PJ","1","ME","2062","Sociedade Empresária Limitada","BRA","200","4","800","0",,,,,,,,,"FALSE",,,,,"FALSE","FALSE",,,,,"FALSE","1","2024-07-19",,,,,,
"14814139000183-1-000088/2024","2","https://pncp.gov.br/api/pncp/v1/orgaos/14814139000183/compras/2024/88/itens/2/resultados","1","1","Informado","2024-07-19T14:43:54","2024-07-19T14:43:54","02706629000187","BRIOJARAGUA COM PRODUTOS DE LIMPEZA E HIGIENE LTDA","PJ","1","ME","2062","Sociedade Empresária Limitada","BRA","5000","7.8","39000","0",,,,,,,,,"FALSE",,,,,"FALSE","FALSE",,,,,"FALSE","1","2024-07-19",,,,,,
"14814139000183-1-000088/2024","3","https://pncp.gov.br/api/pncp/v1/orgaos/14814139000183/compras/2024/88/itens/3/resultados","1","1","Informado","2024-07-19T14:43:54","2024-07-19T14:43:54","02706629000187","BRIOJARAGUA COM PRODUTOS DE LIMPEZA E HIGIENE LTDA","PJ","1","ME","2062","Sociedade Empresária Limitada","BRA","18000","3.09","55620","0",,,,,,,,,"FALSE",,,,,"FALSE","FALSE",,,,,"FALSE","1","2024-07-19",,,,,,
"14814139000183-1-000088/2024","4","https://pncp.gov.br/api/pncp/v1/orgaos/14814139000183/compras/2024/88/itens/4/resultados","1","1","Informado","2024-07-19T14:43:54","2024-07-19T14:43:54","11102277000141","SOLO G9 LTDA","PJ","1","ME","2062","Sociedade Empresária Limitada","BRA","5000","1.94","9700","0",,,,,,,,,"FALSE",,,,,"FALSE","FALSE",,,,,"FALSE","1","2024-07-19",,,,,,
"14814139000183-1-000088/2024","5","https://pncp.gov.br/api/pncp/v1/orgaos/14814139000183/compras/2024/88/itens/5/resultados","1","1","Informado","2024-07-19T14:43:54","2024-07-19T14:43:54","40223106000179","DARLU INDUSTRIA TEXTIL LTDA","PJ","1","ME","2062","Sociedade Empresária Limitada","BRA","2000","0.98","1960","0",,,,,,,,,"FALSE",,,,,"FALSE","FALSE",,,,,"FALSE","1","2024-07-19",,,,,,
"14814139000183-1-000088/2024","6","https://pncp.gov.br/api/pncp/v1/orgaos/14814139000183/compras/2024/88/itens/6/resultados","1","1","Informado","2024-07-19T14:43:54","2024-07-19T14:43:54","03448836000141","NEW REGLY LTDA","PJ","1","ME","2062","Sociedade Empresária Limitada","BRA","2000","0.95","1900","0",,,,,,,,,"FALSE",,,,,"FALSE","FALSE",,,,,"FALSE","1","2024-07-19",,,,,,
"14814139000183-1-000088/2024","7","https://pncp.gov.br/api/pncp/v1/orgaos/14814139000183/compras/2024/88/itens/7/resultados","1","1","Informado","2024-07-19T14:43:54","2024-07-19T14:43:54","44899803000103","3B COMERCIAL LTDA","PJ","1","ME","2062","Sociedade Empresária Limitada","BRA","500","3.82","1910","0",,,,,,,,,"FALSE",,,,,"FALSE","FALSE",,,,,"FALSE","1","2024-07-19",,,,,,
"14814139000183-1-000088/2024","8","https://pncp.gov.br/api/pncp/v1/orgaos/14814139000183/compras/2024/88/itens/8/resultados","1","1","Informado","2024-07-19T14:43:54","2024-07-19T14:43:54","02706629000187","BRIOJARAGUA COM PRODUTOS DE LIMPEZA E HIGIENE LTDA","PJ","1","ME","2062","Sociedade Empresária Limitada","BRA","5","149.5","747.5","0",,,,,,,,,"FALSE",,,,,"FALSE","FALSE",,,,,"FALSE","1","2024-07-19",,,,,,
"14814139000183-1-000088/2024","9","https://pncp.gov.br/api/pncp/v1/orgaos/14814139000183/compras/2024/88/itens/9/resultados","1","1","Informado","2024-07-19T14:43:54","2024-07-19T14:43:54","03448836000141","NEW REGLY LTDA","PJ","1","ME","2062","Sociedade Empresária Limitada","BRA","200","28.9","5780","0",,,,,,,,,"FALSE",,,,,"FALSE","FALSE",,,,,"FALSE","1","2024-07-19",,,,,,
"14814139000183-1-000088/2024","10","https://pncp.gov.br/api/pncp/v1/orgaos/14814139000183/compras/2024/88/itens/10/resultados","1","1","Informado","2024-07-19T14:43:54","2024-07-19T14:43:54","03448836000141","NEW REGLY LTDA","PJ","1","ME","2062","Sociedade Empresária Limitada","BRA","200","15.5","3100","0",,,,,,,,,"FALSE",,,,,"FALSE","FALSE",,,,,"FALSE","1","2024-07-19",,,,,,
"14814139000183-1-000105/2024","1","https://pncp.gov.br/api/pncp/v1/orgaos/14814139000183/compras/2024/105/itens/1/resultados","1","1","Informado","2024-07-19T15:22:24","2024-07-19T15:22:24","66437831000133","HTS - TECNOLOGIA EM SAUDE COMERCIO IMPORTACAO E EXPORTACAO LTDA","PJ","3","Demais","2062","Sociedade Empresária Limitada","BRA","200","17","3400","0",,,,,,,,,"FALSE",,,,,"FALSE","FALSE",,,,,"FALSE","1","2024-07-19",,,,,,
"14814139000183-1-000105/2024","2","https://pncp.gov.br/api/pncp/v1/orgaos/14814139000183/compras/2024/105/itens/2/resultados","1","1","Informado","2024-07-19T15:22:24","2024-07-19T15:22:24","28788905000197","DUMALE PRODUTOS PARA SAUDE LTDA","PJ","1","ME","2062","Sociedade Empresária Limitada","BRA","5","40","200","0",,,,,,,,,"FALSE",,,,,"FALSE","FALSE",,,,,"FALSE","1","2024-07-19",,,,,,
"14814139000183-1-000105/2024","3","https://pncp.gov.br/api/pncp/v1/orgaos/14814139000183/compras/2024/105/itens/3/resultados","1","1","Informado","2024-07-19T15:22:24","2024-07-19T15:22:24","28788905000197","DUMALE PRODUTOS PARA SAUDE LTDA","PJ","1","ME","2062","Sociedade Empresária Limitada","BRA","5","40","200","0",,,,,,,,,"FALSE",,,,,"FALSE","FALSE",,,,,"FALSE","1","2024-07-19",,,,,,
"14814139000183-1-000105/2024","4","https://pncp.gov.br/api/pncp/v1/orgaos/14814139000183/compras/2024/105/itens/4/resultados","1","1","Informado","2024-07-19T15:22:24","2024-07-19T15:22:24","66437831000133","HTS - TECNOLOGIA EM SAUDE COMERCIO IMPORTACAO E EXPORTACAO LTDA","PJ","3","Demais","2062","Sociedade Empresária Limitada","BRA","600","95","57000","0",,,,,,,,,"FALSE",,,,,"FALSE","FALSE",,,,,"FALSE","1","2024-07-19",,,,,,
"14814139000183-1-000105/2024","5","https://pncp.gov.br/api/pncp/v1/orgaos/14814139000183/compras/2024/105/itens/5/resultados","1","1","Informado","2024-07-19T15:22:24","2024-07-19T15:22:24","50694319000132","L F DISTRIBUIDORA DE MATERIAIS MEDICOS LTDA","PJ","1","ME","2062","Sociedade Empresária Limitada","BRA","2000","1.63","3260","0",,,,,,,,,"FALSE",,,,,"FALSE","FALSE",,,,,"FALSE","1","2024-07-19",,,,,,
"14814139000183-1-000105/2024","6","https://pncp.gov.br/api/pncp/v1/orgaos/14814139000183/compras/2024/105/itens/6/resultados","1","1","Informado","2024-07-19T15:22:25","2024-07-19T15:22:25","50694319000132","L F DISTRIBUIDORA DE MATERIAIS MEDICOS LTDA","PJ","1","ME","2062","Sociedade Empresária Limitada","BRA","2000","1.6","3200","0",,,,,,,,,"FALSE",,,,,"FALSE","FALSE",,,,,"FALSE","1","2024-07-19",,,,,,
"14814139000183-1-000105/2024","7","https://pncp.gov.br/api/pncp/v1/orgaos/14814139000183/compras/2024/105/itens/7/resultados","1","1","Informado","2024-07-19T15:22:25","2024-07-19T15:22:25","25463374000174","MEDEFE PRODUTOS MEDICO- HOSPITALARES LTDA","PJ","3","Demais","2062","Sociedade Empresária Limitada","BRA","40000","1.6358","65432","0",,,,,,,,,"FALSE",,,,,"FALSE","FALSE",,,,,"FALSE","1","2024-07-19",,,,,,
"14814139000183-1-000105/2024","8","https://pncp.gov.br/api/pncp/v1/orgaos/14814139000183/compras/2024/105/itens/8/resultados","1","1","Informado","2024-07-19T15:22:25","2024-07-19T15:22:25","50694319000132","L F DISTRIBUIDORA DE MATERIAIS MEDICOS LTDA","PJ","1","ME","2062","Sociedade Empresária Limitada","BRA","1e+05","1.56","156000","0",,,,,,,,,"FALSE",,,,,"FALSE","FALSE",,,,,"FALSE","1","2024-07-19",,,,,,
"14814139000183-1-000105/2024","9","https://pncp.gov.br/api/pncp/v1/orgaos/14814139000183/compras/2024/105/itens/9/resultados","1","1","Informado","2024-07-19T15:22:25","2024-07-19T15:22:25","05216859000156","BIOBASE INDUSTRIA E COMERCIO LTDA","PJ","3","Demais","2062","Sociedade Empresária Limitada","BRA","20000","0.8","16000","0",,,,,,,,,"FALSE",,,,,"FALSE","FALSE",,,,,"FALSE","1","2024-07-19",,,,,,
"14814139000183-1-000105/2024","10","https://pncp.gov.br/api/pncp/v1/orgaos/14814139000183/compras/2024/105/itens/10/resultados","1","1","Informado","2024-07-19T15:22:25","2024-07-19T15:22:25","25463374000174","MEDEFE PRODUTOS MEDICO- HOSPITALARES LTDA","PJ","3","Demais","2062","Sociedade Empresária Limitada","BRA","12000","2.43","29160","0",,,,,,,,,"FALSE",,,,,"FALSE","FALSE",,,,,"FALSE","1","2024-07-19",,,,,,
"14814139000183-1-000092/2024","1","https://pncp.gov.br/api/pncp/v1/orgaos/14814139000183/compras/2024/92/itens/1/resultados","1","1","Informado","2024-07-22T09:47:11","2024-07-22T09:47:11","24118004000137","ANGULAR PRODUTOS PARA SAUDE LTDA","PJ","3","Demais","2062","Sociedade Empresária Limitada","BRA","20","33","660","0",,,,,,,,,"FALSE",,,,,"FALSE","FALSE",,,,,"FALSE","1","2024-07-22",,,,,,
"14814139000183-1-000092/2024","2","https://pncp.gov.br/api/pncp/v1/orgaos/14814139000183/compras/2024/92/itens/2/resultados","1","1","Informado","2024-07-22T09:47:11","2024-07-22T09:47:11","49875336000197","L E P LIFE EDUCACAO EM SAUDE E COMERCIO LTDA","PJ","1","ME","2062","Sociedade Empresária Limitada","BRA","30","1097.4","32922","0",,,,,,,,,"FALSE",,,,,"FALSE","FALSE",,,,,"FALSE","1","2024-07-22",,,,,,
"14814139000183-1-000092/2024","3","https://pncp.gov.br/api/pncp/v1/orgaos/14814139000183/compras/2024/92/itens/3/resultados","1","1","Informado","2024-07-22T09:47:11","2024-07-22T09:47:11","08697852000191","ENDOGERAIS EQUIPAMENTOS MEDICOS LTDA","PJ","1","ME","2062","Sociedade Empresária Limitada","BRA","1000","3.2","3200","0",,,,,,,,,"FALSE",,,,,"FALSE","FALSE",,,,,"FALSE","1","2024-07-22",,,,,,
"14814139000183-1-000092/2024","4","https://pncp.gov.br/api/pncp/v1/orgaos/14814139000183/compras/2024/92/itens/4/resultados","1","1","Informado","2024-07-22T09:47:11","2024-07-22T09:47:11","08697852000191","ENDOGERAIS EQUIPAMENTOS MEDICOS LTDA","PJ","1","ME","2062","Sociedade Empresária Limitada","BRA","1000","3.2","3200","0",,,,,,,,,"FALSE",,,,,"FALSE","FALSE",,,,,"FALSE","1","2024-07-22",,,,,,
"14814139000183-1-000092/2024","5","https://pncp.gov.br/api/pncp/v1/orgaos/14814139000183/compras/2024/92/itens/5/resultados","1","1","Informado","2024-07-22T09:47:11","2024-07-22T09:47:11","37778759000100","CWBCARE PRODUTOS MEDICO HOSPITALARES LTDA","PJ","3","Demais","2062","Sociedade Empresária Limitada","BRA","5000","1.99","9950","0",,,,,,,,,"FALSE",,,,,"FALSE","FALSE",,,,,"FALSE","1","2024-07-22",,,,,,
"14814139000183-1-000092/2024","6","https://pncp.gov.br/api/pncp/v1/orgaos/14814139000183/compras/2024/92/itens/6/resultados","1","1","Informado","2024-07-22T09:47:11","2024-07-22T09:47:11","66437831000133","HTS - TECNOLOGIA EM SAUDE COMERCIO IMPORTACAO E EXPORTACAO LTDA","PJ","3","Demais","2062","Sociedade Empresária Limitada","BRA","400","5.5","2200","0",,,,,,,,,"FALSE",,,,,"FALSE","FALSE",,,,,"FALSE","1","2024-07-22",,,,,,
"14814139000183-1-000092/2024","7","https://pncp.gov.br/api/pncp/v1/orgaos/14814139000183/compras/2024/92/itens/7/resultados","1","1","Informado","2024-07-22T09:47:11","2024-07-22T09:47:11","66437831000133","HTS - TECNOLOGIA EM SAUDE COMERCIO IMPORTACAO E EXPORTACAO LTDA","PJ","3","Demais","2062","Sociedade Empresária Limitada","BRA","100","110","11000","0",,,,,,,,,"FALSE",,,,,"FALSE","FALSE",,,,,"FALSE","1","2024-07-22",,,,,,
"14814139000183-1-000092/2024","8","https://pncp.gov.br/api/pncp/v1/orgaos/14814139000183/compras/2024/92/itens/8/resultados","1","1","Informado","2024-07-22T09:47:11","2024-07-22T09:47:11","49875336000197","L E P LIFE EDUCACAO EM SAUDE E COMERCIO LTDA","PJ","1","ME","2062","Sociedade Empresária Limitada","BRA","300","59.97","17991","0",,,,,,,,,"FALSE",,,,,"FALSE","FALSE",,,,,"FALSE","1","2024-07-22",,,,,,
"14814139000183-1-000092/2024","9","https://pncp.gov.br/api/pncp/v1/orgaos/14814139000183/compras/2024/92/itens/9/resultados","1","1","Informado","2024-07-22T09:47:11","2024-07-22T09:47:11","03951140000133","DE PAULI COMERCIO REPRESENTACAO IMPORTACAO E EXPORTACAO LTDA","PJ","3","Demais","2062","Sociedade Empresária Limitada","BRA","150","50.85","7627.5","0",,,,,,,,,"FALSE",,,,,"FALSE","FALSE",,,,,"FALSE","1","2024-07-22",,,,,,
"14814139000183-1-000092/2024","10","https://pncp.gov.br/api/pncp/v1/orgaos/14814139000183/compras/2024/92/itens/10/resultados","1","1","Informado","2024-07-22T09:47:11","2024-07-22T09:47:11","03951140000133","DE PAULI COMERCIO REPRESENTACAO IMPORTACAO E EXPORTACAO LTDA","PJ","3","Demais","2062","Sociedade Empresária Limitada","BRA","150","54.91","8236.5","0",,,,,,,,,"FALSE",,,,,"FALSE","FALSE",,,,,"FALSE","1","2024-07-22",,,,,,
"14814139000183-1-000001/2024","1","https://pncp.gov.br/api/pncp/v1/orgaos/14814139000183/compras/2024/1/itens/1/resultados","1","2","Cancelado","2024-03-07T16:06:20","2024-07-08T15:51:02","09617802000110","CEBRAD CENTRO BRASILEIRO DE DIAGNOSTICO POR IMAGEM LTDA","PJ","1","ME","2062","Sociedade Empresária Limitada","BRA","6000","25","150000","0",,,,,,,,,"FALSE",,,,,"FALSE","FALSE",,,,,"FALSE",,"2024-03-07",,,,,,
"14814139000183-1-000001/2024","1","https://pncp.gov.br/api/pncp/v1/orgaos/14814139000183/compras/2024/1/itens/1/resultados","2","1","Informado","2024-07-22T14:32:15","2024-07-22T14:32:15","07319898000104","ASSEMED ASSESSORIA MEDICA EM DIAGNOSTICOS POR IMAGEM LTDA","PJ","3","Demais","2062","Sociedade Empresária Limitada","BRA","6000","26","156000","0",,,,,,,,,"FALSE",,,,,"FALSE","FALSE",,,,,"FALSE",,"2024-07-22",,,,,,
"14814139000183-1-000001/2024","2","https://pncp.gov.br/api/pncp/v1/orgaos/14814139000183/compras/2024/1/itens/2/resultados","1","2","Cancelado","2024-03-07T16:06:17","2024-07-08T15:51:02","09617802000110","CEBRAD CENTRO BRASILEIRO DE DIAGNOSTICO POR IMAGEM LTDA","PJ","1","ME","2062","Sociedade Empresária Limitada","BRA","3600","30","108000","0",,,,,,,,,"FALSE",,,,,"FALSE","FALSE",,,,,"FALSE",,"2024-03-07",,,,,,
"14814139000183-1-000001/2024","2","https://pncp.gov.br/api/pncp/v1/orgaos/14814139000183/compras/2024/1/itens/2/resultados","2","1","Informado","2024-07-22T14:34:16","2024-07-22T14:34:16","07319898000104","ASSEMED ASSESSORIA MEDICA EM DIAGNOSTICOS POR IMAGEM LTDA","PJ","3","Demais","2062","Sociedade Empresária Limitada","BRA","3600","43.85","157860","0",,,,,,,,,"FALSE",,,,,"FALSE","FALSE",,,,,"FALSE",,"2024-07-22",,,,,,
"14814139000183-1-000001/2024","3","https://pncp.gov.br/api/pncp/v1/orgaos/14814139000183/compras/2024/1/itens/3/resultados","1","2","Cancelado","2024-03-07T16:06:12","2024-07-08T15:51:02","09617802000110","CEBRAD CENTRO BRASILEIRO DE DIAGNOSTICO POR IMAGEM LTDA","PJ","1","ME","2062","Sociedade Empresária Limitada","BRA","144000","5","720000","0",,,,,,,,,"FALSE",,,,,"FALSE","FALSE",,,,,"FALSE",,"2024-03-07",,,,,,
"14814139000183-1-000001/2024","3","https://pncp.gov.br/api/pncp/v1/orgaos/14814139000183/compras/2024/1/itens/3/resultados","2","1","Informado","2024-07-22T14:32:15","2024-07-22T14:32:15","07319898000104","ASSEMED ASSESSORIA MEDICA EM DIAGNOSTICOS POR IMAGEM LTDA","PJ","3","Demais","2062","Sociedade Empresária Limitada","BRA","144000","5","720000","0",,,,,,,,,"FALSE",,,,,"FALSE","FALSE",,,,,"FALSE",,"2024-07-22",,,,,,
"14814139000183-1-000001/2024","5","https://pncp.gov.br/api/pncp/v1/orgaos/14814139000183/compras/2024/1/itens/5/resultados","1","1","Informado","2024-03-07T15:59:38","2024-03-07T15:59:38","38468746000105","ELITE LAUDOS LTDA","PJ","1","ME","2062","Sociedade Empresária Limitada","BRA","2400","14.35","34440","0",,,,,,,,,"FALSE",,,,,"FALSE","FALSE",,,,,"FALSE",,"2024-03-07",,,,,,
"14814139000183-1-000099/2024","1","https://pncp.gov.br/api/pncp/v1/orgaos/14814139000183/compras/2024/99/itens/1/resultados","1","1","Informado","2024-07-24T14:33:23","2024-07-24T14:33:23","20784313000195","RM COMERCIO DE MERCADORIAS E MATERIAIS LTDA","PJ","1","ME","2062","Sociedade Empresária Limitada","BRA","300","13.27","3981","0",,,,,,,,,"FALSE",,,,,"FALSE","FALSE",,,,,"FALSE","1","2024-07-24",,,,,,
"14814139000183-1-000099/2024","2","https://pncp.gov.br/api/pncp/v1/orgaos/14814139000183/compras/2024/99/itens/2/resultados","1","1","Informado","2024-07-24T14:33:23","2024-07-24T14:33:23","54793517000104","MAX-FER TOOLS COMERCIAL LTDA","PJ","1","ME","2062","Sociedade Empresária Limitada","BRA","10","8.28","82.8","0",,,,,,,,,"FALSE",,,,,"FALSE","FALSE",,,,,"FALSE","1","2024-07-24",,,,,,
"14814139000183-1-000099/2024","3","https://pncp.gov.br/api/pncp/v1/orgaos/14814139000183/compras/2024/99/itens/3/resultados","1","1","Informado","2024-07-24T14:33:23","2024-07-24T14:33:23","39349946000101","MANFE - COMERCIO DE MAQUINAS E EQUIPAMENTOS LTDA","PJ","1","ME","2062","Sociedade Empresária Limitada","BRA","2","7998","15996","0",,,,,,,,,"FALSE",,,,,"FALSE","FALSE",,,,,"FALSE","1","2024-07-24",,,,,,
"14814139000183-1-000099/2024","6","https://pncp.gov.br/api/pncp/v1/orgaos/14814139000183/compras/2024/99/itens/6/resultados","1","1","Informado","2024-07-24T14:33:23","2024-07-24T14:33:23","41197748000103","JLS COMERCIAL LTDA","PJ","1","ME","2062","Sociedade Empresária Limitada","BRA","10","47.59","475.9","0",,,,,,,,,"FALSE",,,,,"FALSE","FALSE",,,,,"FALSE","1","2024-07-24",,,,,,
"14814139000183-1-000099/2024","7","https://pncp.gov.br/api/pncp/v1/orgaos/14814139000183/compras/2024/99/itens/7/resultados","1","1","Informado","2024-07-24T14:33:23","2024-07-24T14:33:23","41197748000103","JLS COMERCIAL LTDA","PJ","1","ME","2062","Sociedade Empresária Limitada","BRA","1000","1.6","1600","0",,,,,,,,,"FALSE",,,,,"FALSE","FALSE",,,,,"FALSE","1","2024-07-24",,,,,,
"14814139000183-1-000099/2024","8","https://pncp.gov.br/api/pncp/v1/orgaos/14814139000183/compras/2024/99/itens/8/resultados","1","1","Informado","2024-07-24T14:33:23","2024-07-24T14:33:23","17586131000103","SANDPLAST COMERCIO DE PLASTICOS LTDA","PJ","1","ME","2062","Sociedade Empresária Limitada","BRA","1000","4.14","4140","0",,,,,,,,,"FALSE",,,,,"FALSE","FALSE",,,,,"FALSE","1","2024-07-24",,,,,,
"14814139000183-1-000099/2024","9","https://pncp.gov.br/api/pncp/v1/orgaos/14814139000183/compras/2024/99/itens/9/resultados","1","1","Informado","2024-07-24T14:33:23","2024-07-24T14:33:23","41197748000103","JLS COMERCIAL LTDA","PJ","1","ME","2062","Sociedade Empresária Limitada","BRA","1000","4.28","4280","0",,,,,,,,,"FALSE",,,,,"FALSE","FALSE",,,,,"FALSE","1","2024-07-24",,,,,,
"14814139000183-1-000099/2024","10","https://pncp.gov.br/api/pncp/v1/orgaos/14814139000183/compras/2024/99/itens/10/resultados","1","1","Informado","2024-07-24T14:33:23","2024-07-24T14:33:23","29322621000173","COMERCIO ATACADISTA ILHA BELA DISTRIBUIDORA LTDA","PJ","1","ME","2062","Sociedade Empresária Limitada","BRA","1000","7.27","7270","0",,,,,,,,,"FALSE",,,,,"FALSE","FALSE",,,,,"FALSE","1","2024-07-24",,,,,,
"14814139000183-1-000120/2024","4","https://pncp.gov.br/api/pncp/v1/orgaos/14814139000183/compras/2024/120/itens/4/resultados","1","1","Informado","2024-07-24T15:12:46","2024-07-24T15:12:46","25463374000174","MEDEFE PRODUTOS MEDICO- HOSPITALARES LTDA","PJ","3","Demais","2062","Sociedade Empresária Limitada","BRA","3000","0.35","1050","0",,,,,,,,,"FALSE",,,,,"FALSE","FALSE",,,,,"FALSE","1","2024-07-24",,,,,,
"14814139000183-1-000120/2024","5","https://pncp.gov.br/api/pncp/v1/orgaos/14814139000183/compras/2024/120/itens/5/resultados","1","1","Informado","2024-07-24T15:12:46","2024-07-24T15:12:46","25463374000174","MEDEFE PRODUTOS MEDICO- HOSPITALARES LTDA","PJ","3","Demais","2062","Sociedade Empresária Limitada","BRA","15000","1.09","16350","0",,,,,,,,,"FALSE",,,,,"FALSE","FALSE",,,,,"FALSE","1","2024-07-24",,,,,,
"14814139000183-1-000120/2024","6","https://pncp.gov.br/api/pncp/v1/orgaos/14814139000183/compras/2024/120/itens/6/resultados","1","1","Informado","2024-07-24T15:12:46","2024-07-24T15:12:46","12516438000106","AUDIO POWER COMERCIO E SERVICOS DE EQUIPAMENTOS MEDICOS LTDA","PJ","1","ME","2062","Sociedade Empresária Limitada","BRA","100","60","6000","0",,,,,,,,,"FALSE",,,,,"FALSE","FALSE",,,,,"FALSE","1","2024-07-24",,,,,,
"14814139000183-1-000120/2024","7","https://pncp.gov.br/api/pncp/v1/orgaos/14814139000183/compras/2024/120/itens/7/resultados","1","1","Informado","2024-07-24T15:12:46","2024-07-24T15:12:46","03704024000110","ENDOTECH COMERCIO, IMPORTACAO, EXPORTACAO E SERVICOS LTDA","PJ","3","Demais","2062","Sociedade Empresária Limitada","BRA","20","391.55","7831","0",,,,,,,,,"FALSE",,,,,"FALSE","FALSE",,,,,"FALSE","1","2024-07-24",,,,,,
"14814139000183-1-000120/2024","8","https://pncp.gov.br/api/pncp/v1/orgaos/14814139000183/compras/2024/120/itens/8/resultados","1","1","Informado","2024-07-24T15:12:46","2024-07-24T15:12:46","44572364000111","MCL COMERCIO E IMPORTACAO DE PRODUTOS HOSPITALARES LTDA","PJ","1","ME","2062","Sociedade Empresária Limitada","BRA","25","1000","25000","0",,,,,,,,,"FALSE",,,,,"FALSE","FALSE",,,,,"FALSE","1","2024-07-24",,,,,,
"14814139000183-1-000120/2024","9","https://pncp.gov.br/api/pncp/v1/orgaos/14814139000183/compras/2024/120/itens/9/resultados","1","1","Informado","2024-07-24T15:12:46","2024-07-24T15:12:46","44572364000111","MCL COMERCIO E IMPORTACAO DE PRODUTOS HOSPITALARES LTDA","PJ","1","ME","2062","Sociedade Empresária Limitada","BRA","5","1000","5000","0",,,,,,,,,"FALSE",,,,,"FALSE","FALSE",,,,,"FALSE","1","2024-07-24",,,,,,
"14814139000183-1-000120/2024","10","https://pncp.gov.br/api/pncp/v1/orgaos/14814139000183/compras/2024/120/itens/10/resultados","1","1","Informado","2024-07-24T15:12:46","2024-07-24T15:12:46","25463374000174","MEDEFE PRODUTOS MEDICO- HOSPITALARES LTDA","PJ","3","Demais","2062","Sociedade Empresária Limitada","BRA","12000","1.15","13800","0",,,,,,,,,"FALSE",,,,,"FALSE","FALSE",,,,,"FALSE","1","2024-07-24",,,,,,
"14814139000183-1-000122/2024","1","https://pncp.gov.br/api/pncp/v1/orgaos/14814139000183/compras/2024/122/itens/1/resultados","1","1","Informado","2024-07-24T15:25:15","2024-07-24T15:25:15","36441185000117","OK BIOTECH COMERCIO E DISTRIBUICAO DE MATERIAIS ODONTO-MEDICO HOSPITALARES LTDA.","PJ","1","ME","2062","Sociedade Empresária Limitada","BRA","540000","0.22","118800","0",,,,,,,,,"FALSE",,,,,"FALSE","FALSE",,,,,"FALSE","1","2024-07-24",,,,,,
"14814139000183-1-000122/2024","2","https://pncp.gov.br/api/pncp/v1/orgaos/14814139000183/compras/2024/122/itens/2/resultados","1","1","Informado","2024-07-24T15:25:15","2024-07-24T15:25:15","02248312000144","CEPALAB LABORATORIOS S.A","PJ","3","Demais","2054","Sociedade Anônima Fechada","BRA","540000","0.09","48600","0",,,,,,,,,"FALSE",,,,,"FALSE","FALSE",,,,,"FALSE","1","2024-07-24",,,,,,
"14814139000183-1-000104/2024","1","https://pncp.gov.br/api/pncp/v1/orgaos/14814139000183/compras/2024/104/itens/1/resultados","1","1","Informado","2024-07-25T16:06:51","2024-07-25T16:06:51","32494340000102","ADVANCED STERILIZATION PRODUCTS DISTRIBUICAO E COMERCIO DE PRODUTOS PARA SAUDE L","PJ","3","Demais","2062","Sociedade Empresária Limitada","BRA","360","820","295200","0",,,,,,,,,"FALSE",,,,,"FALSE","FALSE",,,,,"FALSE","1","2024-07-25",,,,,,
"14814139000183-1-000104/2024","2","https://pncp.gov.br/api/pncp/v1/orgaos/14814139000183/compras/2024/104/itens/2/resultados","1","1","Informado","2024-07-25T16:06:51","2024-07-25T16:06:51","32494340000102","ADVANCED STERILIZATION PRODUCTS DISTRIBUICAO E COMERCIO DE PRODUTOS PARA SAUDE L","PJ","3","Demais","2062","Sociedade Empresária Limitada","BRA","12000","0.8","9600","0",,,,,,,,,"FALSE",,,,,"FALSE","FALSE",,,,,"FALSE","1","2024-07-25",,,,,,
"14814139000183-1-000104/2024","3","https://pncp.gov.br/api/pncp/v1/orgaos/14814139000183/compras/2024/104/itens/3/resultados","1","1","Informado","2024-07-25T16:06:51","2024-07-25T16:06:51","59233783000449","STERIS SOLUTIONS DO BRASIL IMPORTACAO E COMERCIALIZACAO DE PRODUTOS DA SAUDE LTD","PJ","3","Demais","2062","Sociedade Empresária Limitada","BRA","48","49.29","2365.92","0",,,,,,,,,"FALSE",,,,,"FALSE","FALSE",,,,,"FALSE","1","2024-07-25",,,,,,
"14814139000183-1-000104/2024","4","https://pncp.gov.br/api/pncp/v1/orgaos/14814139000183/compras/2024/104/itens/4/resultados","1","1","Informado","2024-07-25T16:06:51","2024-07-25T16:06:51","32494340000102","ADVANCED STERILIZATION PRODUCTS DISTRIBUICAO E COMERCIO DE PRODUTOS PARA SAUDE L","PJ","3","Demais","2062","Sociedade Empresária Limitada","BRA","960","42","40320","0",,,,,,,,,"FALSE",,,,,"FALSE","FALSE",,,,,"FALSE","1","2024-07-25",,,,,,
"14814139000183-1-000051/2024","1","https://pncp.gov.br/api/pncp/v1/orgaos/14814139000183/compras/2024/51/itens/1/resultados","1","1","Informado","2024-07-26T09:53:26","2024-07-26T09:53:26","14566765000106","CRH EQUIPAMENTOS DE SEGURANCA LTDA","PJ","1","ME","2062","Sociedade Empresária Limitada","BRA","50","34","1700","0",,,,,,,,,"FALSE",,,,,"FALSE","FALSE",,,,,"FALSE","1","2024-07-26",,,,,,
"14814139000183-1-000051/2024","2","https://pncp.gov.br/api/pncp/v1/orgaos/14814139000183/compras/2024/51/itens/2/resultados","1","1","Informado","2024-07-26T09:53:26","2024-07-26T09:53:26","14566765000106","CRH EQUIPAMENTOS DE SEGURANCA LTDA","PJ","1","ME","2062","Sociedade Empresária Limitada","BRA","6","70","420","0",,,,,,,,,"FALSE",,,,,"FALSE","FALSE",,,,,"FALSE","1","2024-07-26",,,,,,
"14814139000183-1-000051/2024","4","https://pncp.gov.br/api/pncp/v1/orgaos/14814139000183/compras/2024/51/itens/4/resultados","1","1","Informado","2024-07-26T09:53:26","2024-07-26T09:53:26","40223106000179","DARLU INDUSTRIA TEXTIL LTDA","PJ","1","ME","2062","Sociedade Empresária Limitada","BRA","200","69.87","13974","0",,,,,,,,,"FALSE",,,,,"FALSE","FALSE",,,,,"FALSE","1","2024-07-26",,,,,,
"14814139000183-1-000051/2024","5","https://pncp.gov.br/api/pncp/v1/orgaos/14814139000183/compras/2024/51/itens/5/resultados","1","1","Informado","2024-07-26T09:53:26","2024-07-26T09:53:26","43219256000105","LIFE CLEAN COMERCIO DE EQUIPAMENTOS LTDA","PJ","1","ME","2062","Sociedade Empresária Limitada","BRA","200","8.78","1756","0",,,,,,,,,"FALSE",,,,,"FALSE","FALSE",,,,,"FALSE","1","2024-07-26",,,,,,
"14814139000183-1-000051/2024","6","https://pncp.gov.br/api/pncp/v1/orgaos/14814139000183/compras/2024/51/itens/6/resultados","1","1","Informado","2024-07-26T09:53:26","2024-07-26T09:53:26","47363565000105","L. DE NARDIN LTDA","PJ","1","ME","2062","Sociedade Empresária Limitada","BRA","40","22.9","916","0",,,,,,,,,"FALSE",,,,,"FALSE","FALSE",,,,,"FALSE","1","2024-07-26",,,,,,
"14814139000183-1-000051/2024","7","https://pncp.gov.br/api/pncp/v1/orgaos/14814139000183/compras/2024/51/itens/7/resultados","1","1","Informado","2024-07-26T09:53:26","2024-07-26T09:53:26","12904870000174","DATA EQUIPAMENTOS DE SEGURANCA LTDA","PJ","1","ME","2062","Sociedade Empresária Limitada","BRA","500","11.9","5950","0",,,,,,,,,"FALSE",,,,,"FALSE","FALSE",,,,,"FALSE","1","2024-07-26",,,,,,
"14814139000183-1-000051/2024","9","https://pncp.gov.br/api/pncp/v1/orgaos/14814139000183/compras/2024/51/itens/9/resultados","1","1","Informado","2024-07-26T09:53:26","2024-07-26T09:53:26","43219256000105","LIFE CLEAN COMERCIO DE EQUIPAMENTOS LTDA","PJ","1","ME","2062","Sociedade Empresária Limitada","BRA","200","28.8","5760","0",,,,,,,,,"FALSE",,,,,"FALSE","FALSE",,,,,"FALSE","1","2024-07-26",,,,,,
"14814139000183-1-000051/2024","10","https://pncp.gov.br/api/pncp/v1/orgaos/14814139000183/compras/2024/51/itens/10/resultados","1","1","Informado","2024-07-26T09:53:26","2024-07-26T09:53:26","20604417000170","RP COMERCIAL LTDA","PJ","1","ME","2062","Sociedade Empresária Limitada","BRA","50","65.4","3270","0",,,,,,,,,"FALSE",,,,,"FALSE","FALSE",,,,,"FALSE","1","2024-07-26",,,,,,
"14814139000183-1-000108/2024","1","https://pncp.gov.br/api/pncp/v1/orgaos/14814139000183/compras/2024/108/itens/1/resultados","1","1","Informado","2024-07-31T10:25:25","2024-07-31T10:25:25","42507136000132","MIGUEL ALVES DE LIMA 45988885802","PJ","1","ME","2135","Empresário (Individual)","BRA","15000","1.16","17400","0",,,,,,,,,"FALSE",,,,,"FALSE","FALSE",,,,,"FALSE","1","2024-07-31",,,,,,
"14814139000183-1-000108/2024","2","https://pncp.gov.br/api/pncp/v1/orgaos/14814139000183/compras/2024/108/itens/2/resultados","1","1","Informado","2024-07-31T10:25:25","2024-07-31T10:25:25","13919051000163","GRAFICA ALTA DEFINICAO LTDA","PJ","1","ME","2062","Sociedade Empresária Limitada","BRA","15000","0.34","5100","0",,,,,,,,,"FALSE",,,,,"FALSE","FALSE",,,,,"FALSE","1","2024-07-31",,,,,,
"14814139000183-1-000108/2024","3","https://pncp.gov.br/api/pncp/v1/orgaos/14814139000183/compras/2024/108/itens/3/resultados","1","1","Informado","2024-07-31T10:25:25","2024-07-31T10:25:25","13919051000163","GRAFICA ALTA DEFINICAO LTDA","PJ","1","ME","2062","Sociedade Empresária Limitada","BRA","15000","0.59","8850","0",,,,,,,,,"FALSE",,,,,"FALSE","FALSE",,,,,"FALSE","1","2024-07-31",,,,,,
"14814139000183-1-000108/2024","4","https://pncp.gov.br/api/pncp/v1/orgaos/14814139000183/compras/2024/108/itens/4/resultados","1","1","Informado","2024-07-31T10:25:25","2024-07-31T10:25:25","13919051000163","GRAFICA ALTA DEFINICAO LTDA","PJ","1","ME","2062","Sociedade Empresária Limitada","BRA","6000","0.64","3840","0",,,,,,,,,"FALSE",,,,,"FALSE","FALSE",,,,,"FALSE","1","2024-07-31",,,,,,
"14814139000183-1-000108/2024","5","https://pncp.gov.br/api/pncp/v1/orgaos/14814139000183/compras/2024/108/itens/5/resultados","1","1","Informado","2024-07-31T10:25:25","2024-07-31T10:25:25","13919051000163","GRAFICA ALTA DEFINICAO LTDA","PJ","1","ME","2062","Sociedade Empresária Limitada","BRA","40000","0.43","17200","0",,,,,,,,,"FALSE",,,,,"FALSE","FALSE",,,,,"FALSE","1","2024-07-31",,,,,,
"14814139000183-1-000108/2024","6","https://pncp.gov.br/api/pncp/v1/orgaos/14814139000183/compras/2024/108/itens/6/resultados","1","1","Informado","2024-07-31T10:25:25","2024-07-31T10:25:25","13919051000163","GRAFICA ALTA DEFINICAO LTDA","PJ","1","ME","2062","Sociedade Empresária Limitada","BRA","40000","0.023","920","0",,,,,,,,,"FALSE",,,,,"FALSE","FALSE",,,,,"FALSE","1","2024-07-31",,,,,,
"14814139000183-1-000108/2024","7","https://pncp.gov.br/api/pncp/v1/orgaos/14814139000183/compras/2024/108/itens/7/resultados","1","1","Informado","2024-07-31T10:25:25","2024-07-31T10:25:25","05194417000156","BRAGGIO ETIQUETAS ADESIVAS E ROTULOS LTDA","PJ","1","ME","2062","Sociedade Empresária Limitada","BRA","40000","0.022","880","0",,,,,,,,,"FALSE",,,,,"FALSE","FALSE",,,,,"FALSE","1","2024-07-31",,,,,,
"14814139000183-1-000108/2024","8","https://pncp.gov.br/api/pncp/v1/orgaos/14814139000183/compras/2024/108/itens/8/resultados","1","1","Informado","2024-07-31T10:25:25","2024-07-31T10:25:25","13919051000163","GRAFICA ALTA DEFINICAO LTDA","PJ","1","ME","2062","Sociedade Empresária Limitada","BRA","40000","0.023","920","0",,,,,,,,,"FALSE",,,,,"FALSE","FALSE",,,,,"FALSE","1","2024-07-31",,,,,,
"14814139000183-1-000108/2024","9","https://pncp.gov.br/api/pncp/v1/orgaos/14814139000183/compras/2024/108/itens/9/resultados","1","1","Informado","2024-07-31T10:25:25","2024-07-31T10:25:25","05194417000156","BRAGGIO ETIQUETAS ADESIVAS E ROTULOS LTDA","PJ","1","ME","2062","Sociedade Empresária Limitada","BRA","40000","0.022","880","0",,,,,,,,,"FALSE",,,,,"FALSE","FALSE",,,,,"FALSE","1","2024-07-31",,,,,,
"14814139000183-1-000108/2024","10","https://pncp.gov.br/api/pncp/v1/orgaos/14814139000183/compras/2024/108/itens/10/resultados","1","1","Informado","2024-07-31T10:25:25","2024-07-31T10:25:25","04664811000148","VELHA GRAFICA LTDA","PJ","1","ME","2062","Sociedade Empresária Limitada","BRA","20000","0.0099","198","0",,,,,,,,,"FALSE",,,,,"FALSE","FALSE",,,,,"FALSE","1","2024-07-31",,,,,,
"14814139000183-1-000090/2024","1","https://pncp.gov.br/api/pncp/v1/orgaos/14814139000183/compras/2024/90/itens/1/resultados","1","1","Informado","2024-07-31T14:47:39","2024-07-31T14:47:39","14474219000137","CLEAN UP COMERCIO DE PRODUTOS DE LIMPEZA LTDA","PJ","1","ME","2062","Sociedade Empresária Limitada","BRA","1800","49.95","89910","0",,,,,,,,,"FALSE",,,,,"FALSE","FALSE",,,,,"FALSE","1","2024-07-31",,,,,,
"14814139000183-1-000090/2024","2","https://pncp.gov.br/api/pncp/v1/orgaos/14814139000183/compras/2024/90/itens/2/resultados","1","1","Informado","2024-07-31T14:47:39","2024-07-31T14:47:39","14474219000137","CLEAN UP COMERCIO DE PRODUTOS DE LIMPEZA LTDA","PJ","1","ME","2062","Sociedade Empresária Limitada","BRA","600","49.95","29970","0",,,,,,,,,"FALSE",,,,,"FALSE","FALSE",,,,,"FALSE","1","2024-07-31",,,,,,
"14814139000183-1-000090/2024","3","https://pncp.gov.br/api/pncp/v1/orgaos/14814139000183/compras/2024/90/itens/3/resultados","1","1","Informado","2024-07-31T14:47:39","2024-07-31T14:47:39","44899803000103","3B COMERCIAL LTDA","PJ","1","ME","2062","Sociedade Empresária Limitada","BRA","18000","3.7","66600","0",,,,,,,,,"FALSE",,,,,"FALSE","FALSE",,,,,"FALSE","1","2024-07-31",,,,,,
"14814139000183-1-000090/2024","4","https://pncp.gov.br/api/pncp/v1/orgaos/14814139000183/compras/2024/90/itens/4/resultados","1","1","Informado","2024-07-31T14:47:39","2024-07-31T14:47:39","44899803000103","3B COMERCIAL LTDA","PJ","1","ME","2062","Sociedade Empresária Limitada","BRA","6000","3.7","22200","0",,,,,,,,,"FALSE",,,,,"FALSE","FALSE",,,,,"FALSE","1","2024-07-31",,,,,,
"14814139000183-1-000090/2024","5","https://pncp.gov.br/api/pncp/v1/orgaos/14814139000183/compras/2024/90/itens/5/resultados","1","1","Informado","2024-07-31T14:47:39","2024-07-31T14:47:39","44899803000103","3B COMERCIAL LTDA","PJ","1","ME","2062","Sociedade Empresária Limitada","BRA","3600000","0.0659","237240","0",,,,,,,,,"FALSE",,,,,"FALSE","FALSE",,,,,"FALSE","1","2024-07-31",,,,,,
"14814139000183-1-000090/2024","6","https://pncp.gov.br/api/pncp/v1/orgaos/14814139000183/compras/2024/90/itens/6/resultados","1","1","Informado","2024-07-31T14:47:39","2024-07-31T14:47:39","44899803000103","3B COMERCIAL LTDA","PJ","1","ME","2062","Sociedade Empresária Limitada","BRA","1200000","0.0659","79080","0",,,,,,,,,"FALSE",,,,,"FALSE","FALSE",,,,,"FALSE","1","2024-07-31",,,,,,
"14814139000183-1-000090/2024","7","https://pncp.gov.br/api/pncp/v1/orgaos/14814139000183/compras/2024/90/itens/7/resultados","1","1","Informado","2024-07-31T14:47:39","2024-07-31T14:47:39","44899803000103","3B COMERCIAL LTDA","PJ","1","ME","2062","Sociedade Empresária Limitada","BRA","3e+06","0.012","36000","0",,,,,,,,,"FALSE",,,,,"FALSE","FALSE",,,,,"FALSE","1","2024-07-31",,,,,,
"14814139000183-1-000090/2024","8","https://pncp.gov.br/api/pncp/v1/orgaos/14814139000183/compras/2024/90/itens/8/resultados","1","1","Informado","2024-07-31T14:47:39","2024-07-31T14:47:39","02706629000187","BRIOJARAGUA COM PRODUTOS DE LIMPEZA E HIGIENE LTDA","PJ","1","ME","2062","Sociedade Empresária Limitada","BRA","300","19.2","5760","0",,,,,,,,,"FALSE",,,,,"FALSE","FALSE",,,,,"FALSE","1","2024-07-31",,,,,,
"14814139000183-1-000095/2024","1","https://pncp.gov.br/api/pncp/v1/orgaos/14814139000183/compras/2024/95/itens/1/resultados","1","1","Informado","2024-08-02T11:00:00","2024-08-02T11:00:00","52813485000136","HYDROLUZ LTDA","PJ","1","ME","2062","Sociedade Empresária Limitada","BRA","1000","4.15","4150","0",,,,,,,,,"FALSE",,,,,"FALSE","FALSE",,,,,"FALSE","1","2024-08-02",,,,,,
"14814139000183-1-000095/2024","2","https://pncp.gov.br/api/pncp/v1/orgaos/14814139000183/compras/2024/95/itens/2/resultados","1","1","Informado","2024-08-02T11:00:00","2024-08-02T11:00:00","42334856000143","FABIO DE OLIVEIRA DE SOUZA COMERCIO DE INFORMATICA","PJ","1","ME","2135","Empresário (Individual)","BRA","1000","6","6000","0",,,,,,,,,"FALSE",,,,,"FALSE","FALSE",,,,,"FALSE","1","2024-08-02",,,,,,
"14814139000183-1-000095/2024","3","https://pncp.gov.br/api/pncp/v1/orgaos/14814139000183/compras/2024/95/itens/3/resultados","1","1","Informado","2024-08-02T11:00:00","2024-08-02T11:00:00","42334856000143","FABIO DE OLIVEIRA DE SOUZA COMERCIO DE INFORMATICA","PJ","1","ME","2135","Empresário (Individual)","BRA","1000","6.6","6600","0",,,,,,,,,"FALSE",,,,,"FALSE","FALSE",,,,,"FALSE","1","2024-08-02",,,,,,
"14814139000183-1-000095/2024","4","https://pncp.gov.br/api/pncp/v1/orgaos/14814139000183/compras/2024/95/itens/4/resultados","1","1","Informado","2024-08-02T11:00:00","2024-08-02T11:00:00","26950671000107","LICERI COMERCIO DE PRODUTOS EM GERAL LTDA","PJ","1","ME","2062","Sociedade Empresária Limitada","BRA","1000","7.17","7170","0",,,,,,,,,"FALSE",,,,,"FALSE","FALSE",,,,,"FALSE","1","2024-08-02",,,,,,
"14814139000183-1-000095/2024","5","https://pncp.gov.br/api/pncp/v1/orgaos/14814139000183/compras/2024/95/itens/5/resultados","1","1","Informado","2024-08-02T11:00:00","2024-08-02T11:00:00","41197748000103","JLS COMERCIAL LTDA","PJ","1","ME","2062","Sociedade Empresária Limitada","BRA","100","1.15","115","0",,,,,,,,,"FALSE",,,,,"FALSE","FALSE",,,,,"FALSE","1","2024-08-02",,,,,,
"14814139000183-1-000095/2024","6","https://pncp.gov.br/api/pncp/v1/orgaos/14814139000183/compras/2024/95/itens/6/resultados","1","1","Informado","2024-08-02T11:00:00","2024-08-02T11:00:00","41197748000103","JLS COMERCIAL LTDA","PJ","1","ME","2062","Sociedade Empresária Limitada","BRA","60","1.07","64.2","0",,,,,,,,,"FALSE",,,,,"FALSE","FALSE",,,,,"FALSE","1","2024-08-02",,,,,,
"14814139000183-1-000095/2024","7","https://pncp.gov.br/api/pncp/v1/orgaos/14814139000183/compras/2024/95/itens/7/resultados","1","1","Informado","2024-08-02T11:00:00","2024-08-02T11:00:00","52813485000136","HYDROLUZ LTDA","PJ","1","ME","2062","Sociedade Empresária Limitada","BRA","20","6.32","126.4","0",,,,,,,,,"FALSE",,,,,"FALSE","FALSE",,,,,"FALSE","1","2024-08-02",,,,,,
"14814139000183-1-000095/2024","9","https://pncp.gov.br/api/pncp/v1/orgaos/14814139000183/compras/2024/95/itens/9/resultados","1","1","Informado","2024-08-02T11:00:00","2024-08-02T11:00:00","31313294000135","31.313.294 KARINA FERREIRA DA CRUZ","PJ","1","ME","2135","Empresário (Individual)","BRA","60","12.5","750","0",,,,,,,,,"FALSE",,,,,"FALSE","FALSE",,,,,"FALSE","1","2024-08-02",,,,,,
"14814139000183-1-000095/2024","10","https://pncp.gov.br/api/pncp/v1/orgaos/14814139000183/compras/2024/95/itens/10/resultados","1","1","Informado","2024-08-02T11:00:00","2024-08-02T11:00:00","51290459000108","51.290.459 ROBSON DE SOUZA RODRIGUES","PJ","1","ME","2135","Empresário (Individual)","BRA","100","13.35","1335","0",,,,,,,,,"FALSE",,,,,"FALSE","FALSE",,,,,"FALSE","1","2024-08-02",,,,,,
"14814139000183-1-000118/2024","1","https://pncp.gov.br/api/pncp/v1/orgaos/14814139000183/compras/2024/118/itens/1/resultados","1","1","Informado","2024-08-05T08:22:10","2024-08-05T08:22:10","23297441000100","BERTHAX SURGICAL LTDA","PJ","1","ME","2062","Sociedade Empresária Limitada","BRA","1","5200","5200","0",,,,,,,,,"FALSE",,,,,"FALSE","FALSE",,,,,"FALSE",,"2024-08-05",,,,,,
"14814139000183-1-000118/2024","2","https://pncp.gov.br/api/pncp/v1/orgaos/14814139000183/compras/2024/118/itens/2/resultados","1","1","Informado","2024-08-05T08:22:10","2024-08-05T08:22:10","23297441000100","BERTHAX SURGICAL LTDA","PJ","1","ME","2062","Sociedade Empresária Limitada","BRA","1","17300","17300","0",,,,,,,,,"FALSE",,,,,"FALSE","FALSE",,,,,"FALSE",,"2024-08-05",,,,,,
"14814139000183-1-000118/2024","3","https://pncp.gov.br/api/pncp/v1/orgaos/14814139000183/compras/2024/118/itens/3/resultados","1","1","Informado","2024-08-05T08:22:10","2024-08-05T08:22:10","23297441000100","BERTHAX SURGICAL LTDA","PJ","1","ME","2062","Sociedade Empresária Limitada","BRA","1","5900","5900","0",,,,,,,,,"FALSE",,,,,"FALSE","FALSE",,,,,"FALSE",,"2024-08-05",,,,,,
"14814139000183-1-000118/2024","4","https://pncp.gov.br/api/pncp/v1/orgaos/14814139000183/compras/2024/118/itens/4/resultados","1","1","Informado","2024-08-05T08:22:10","2024-08-05T08:22:10","23297441000100","BERTHAX SURGICAL LTDA","PJ","1","ME","2062","Sociedade Empresária Limitada","BRA","1","5380","5380","0",,,,,,,,,"FALSE",,,,,"FALSE","FALSE",,,,,"FALSE",,"2024-08-05",,,,,,
"14814139000183-1-000118/2024","5","https://pncp.gov.br/api/pncp/v1/orgaos/14814139000183/compras/2024/118/itens/5/resultados","1","1","Informado","2024-08-05T08:22:10","2024-08-05T08:22:10","23297441000100","BERTHAX SURGICAL LTDA","PJ","1","ME","2062","Sociedade Empresária Limitada","BRA","1","21580","21580","0",,,,,,,,,"FALSE",,,,,"FALSE","FALSE",,,,,"FALSE",,"2024-08-05",,,,,,
"14814139000183-1-000124/2024","1","https://pncp.gov.br/api/pncp/v1/orgaos/14814139000183/compras/2024/124/itens/1/resultados","1","1","Informado","2024-08-05T15:19:07","2024-08-05T15:19:07","40649293000157","ANA JULIA MARTINS FALEIROS DE ANDRADE LTDA","PJ","1","ME","2062","Sociedade Empresária Limitada","BRA","30","11.79","353.7","0",,,,,,,,,"FALSE",,,,,"FALSE","FALSE",,,,,"FALSE","1","2024-08-05",,,,,,
"14814139000183-1-000124/2024","2","https://pncp.gov.br/api/pncp/v1/orgaos/14814139000183/compras/2024/124/itens/2/resultados","1","1","Informado","2024-08-05T15:19:07","2024-08-05T15:19:07","40649293000157","ANA JULIA MARTINS FALEIROS DE ANDRADE LTDA","PJ","1","ME","2062","Sociedade Empresária Limitada","BRA","30","9.9","297","0",,,,,,,,,"FALSE",,,,,"FALSE","FALSE",,,,,"FALSE","1","2024-08-05",,,,,,
"14814139000183-1-000124/2024","3","https://pncp.gov.br/api/pncp/v1/orgaos/14814139000183/compras/2024/124/itens/3/resultados","1","1","Informado","2024-08-05T15:19:07","2024-08-05T15:19:07","38405762000140","STAN COMERCIO DE PRODUTOS MEDICOS LTDA","PJ","1","ME","2062","Sociedade Empresária Limitada","BRA","30","20.8","624","0",,,,,,,,,"FALSE",,,,,"FALSE","FALSE",,,,,"FALSE","1","2024-08-05",,,,,,
"14814139000183-1-000124/2024","4","https://pncp.gov.br/api/pncp/v1/orgaos/14814139000183/compras/2024/124/itens/4/resultados","1","1","Informado","2024-08-05T15:19:07","2024-08-05T15:19:07","38405762000140","STAN COMERCIO DE PRODUTOS MEDICOS LTDA","PJ","1","ME","2062","Sociedade Empresária Limitada","BRA","1","680","680","0",,,,,,,,,"FALSE",,,,,"FALSE","FALSE",,,,,"FALSE","1","2024-08-05",,,,,,
"14814139000183-1-000124/2024","6","https://pncp.gov.br/api/pncp/v1/orgaos/14814139000183/compras/2024/124/itens/6/resultados","1","1","Informado","2024-08-05T15:19:07","2024-08-05T15:19:07","36658639000106","MOLVIMED COMERCIO, IMPORTACAO E EXPORTACAO DE INSTRUMENTOS E PRODUTOS CIRURGICOS","PJ","1","ME","2062","Sociedade Empresária Limitada","BRA","1","590","590","0",,,,,,,,,"FALSE",,,,,"FALSE","FALSE",,,,,"FALSE","1","2024-08-05",,,,,,
"14814139000183-1-000124/2024","7","https://pncp.gov.br/api/pncp/v1/orgaos/14814139000183/compras/2024/124/itens/7/resultados","1","1","Informado","2024-08-05T15:19:07","2024-08-05T15:19:07","19316524000114","DELTA SHOP - DISTRIBUIDORA DE PRODUTOS HOSPITALARES LTDA","PJ","1","ME","2062","Sociedade Empresária Limitada","BRA","12","105","1260","0",,,,,,,,,"FALSE",,,,,"FALSE","FALSE",,,,,"FALSE","1","2024-08-05",,,,,,
"14814139000183-1-000124/2024","8","https://pncp.gov.br/api/pncp/v1/orgaos/14814139000183/compras/2024/124/itens/8/resultados","1","1","Informado","2024-08-05T15:19:08","2024-08-05T15:19:08","37955443000146","EDHMED EQUIPAMENTOS MEDICOS E HOSPITALARES LTDA.","PJ","1","ME","2062","Sociedade Empresária Limitada","BRA","200","41.2","8240","0",,,,,,,,,"FALSE",,,,,"FALSE","FALSE",,,,,"FALSE","1","2024-08-05",,,,,,
"14814139000183-1-000124/2024","9","https://pncp.gov.br/api/pncp/v1/orgaos/14814139000183/compras/2024/124/itens/9/resultados","1","1","Informado","2024-08-05T15:19:08","2024-08-05T15:19:08","36658639000106","MOLVIMED COMERCIO, IMPORTACAO E EXPORTACAO DE INSTRUMENTOS E PRODUTOS CIRURGICOS","PJ","1","ME","2062","Sociedade Empresária Limitada","BRA","10","75.01","750.1","0",,,,,,,,,"FALSE",,,,,"FALSE","FALSE",,,,,"FALSE","1","2024-08-05",,,,,,
"14814139000183-1-000124/2024","10","https://pncp.gov.br/api/pncp/v1/orgaos/14814139000183/compras/2024/124/itens/10/resultados","1","1","Informado","2024-08-05T15:19:08","2024-08-05T15:19:08","36658639000106","MOLVIMED COMERCIO, IMPORTACAO E EXPORTACAO DE INSTRUMENTOS E PRODUTOS CIRURGICOS","PJ","1","ME","2062","Sociedade Empresária Limitada","BRA","10","74.5","745","0",,,,,,,,,"FALSE",,,,,"FALSE","FALSE",,,,,"FALSE","1","2024-08-05",,,,,,
"14814139000183-1-000119/2024","4","https://pncp.gov.br/api/pncp/v1/orgaos/14814139000183/compras/2024/119/itens/4/resultados","1","1","Informado","2024-08-05T15:24:31","2024-08-05T15:24:31","04522343000177","FARMACIA DE MANIPULACAO IDEAL FORMULAS LTDA","PJ","1","ME","2062","Sociedade Empresária Limitada","BRA","200","16.99","3398","0",,,,,,,,,"FALSE",,,,,"FALSE","FALSE",,,,,"FALSE","1","2024-08-05",,,,,,
"14814139000183-1-000119/2024","5","https://pncp.gov.br/api/pncp/v1/orgaos/14814139000183/compras/2024/119/itens/5/resultados","1","1","Informado","2024-08-05T15:24:31","2024-08-05T15:24:31","08145933000189","FAMADER FARMACIA DE MANIPULACAO LTDA","PJ","1","ME","2062","Sociedade Empresária Limitada","BRA","500","13.8","6900","0",,,,,,,,,"FALSE",,,,,"FALSE","FALSE",,,,,"FALSE","1","2024-08-05",,,,,,
"14814139000183-1-000052/2024","1","https://pncp.gov.br/api/pncp/v1/orgaos/14814139000183/compras/2024/52/itens/1/resultados","1","1","Informado","2024-08-06T14:25:52","2024-08-06T14:25:52","47924255000104","ESPAZIO VITALE SERVICOS MEDICOS LTDA","PJ","1","ME","2062","Sociedade Empresária Limitada","BRA","1","175000","175000","0",,,,,,,,,"FALSE",,,,,"FALSE","FALSE",,,,,"FALSE",,"2024-08-06",,,,,,
"14814139000183-1-000085/2024","1","https://pncp.gov.br/api/pncp/v1/orgaos/14814139000183/compras/2024/85/itens/1/resultados","1","1","Informado","2024-08-08T11:42:37","2024-08-08T11:42:37","14208959000121","KW INFORMATICA LTDA","PJ","1","ME","2062","Sociedade Empresária Limitada","BRA","300","25.2","7560","0",,,,,,,,,"FALSE",,,,,"FALSE","FALSE",,,,,"FALSE","1","2024-08-08",,,,,,
"14814139000183-1-000085/2024","2","https://pncp.gov.br/api/pncp/v1/orgaos/14814139000183/compras/2024/85/itens/2/resultados","1","1","Informado","2024-08-08T11:42:37","2024-08-08T11:42:37","10649722000125","LEMONIE & CIA LTDA","PJ","1","ME","2062","Sociedade Empresária Limitada","BRA","30","87","2610","0",,,,,,,,,"FALSE",,,,,"FALSE","FALSE",,,,,"FALSE","1","2024-08-08",,,,,,
"14814139000183-1-000085/2024","3","https://pncp.gov.br/api/pncp/v1/orgaos/14814139000183/compras/2024/85/itens/3/resultados","1","1","Informado","2024-08-08T11:42:37","2024-08-08T11:42:37","20798806000184","HERNANDES & CIA LTDA","PJ","1","ME","2062","Sociedade Empresária Limitada","BRA","50","17.19","859.5","0",,,,,,,,,"FALSE",,,,,"FALSE","FALSE",,,,,"FALSE","1","2024-08-08",,,,,,
"14814139000183-1-000085/2024","4","https://pncp.gov.br/api/pncp/v1/orgaos/14814139000183/compras/2024/85/itens/4/resultados","1","1","Informado","2024-08-08T11:42:42","2024-08-08T11:42:42","82323965000180","LEO COMERCIAL DE PRODUTOS MANUFATURADOS LTDA","PJ","1","ME","2062","Sociedade Empresária Limitada","BRA","30","88.5","2655","0",,,,,,,,,"FALSE",,,,,"FALSE","FALSE",,,,,"FALSE","1","2024-08-08",,,,,,
"14814139000183-1-000085/2024","5","https://pncp.gov.br/api/pncp/v1/orgaos/14814139000183/compras/2024/85/itens/5/resultados","1","1","Informado","2024-08-08T11:42:37","2024-08-08T11:42:37","51231745000100","RHR ATACADO E VAREJO LTDA","PJ","1","ME","2062","Sociedade Empresária Limitada","BRA","30","27.9","837","0",,,,,,,,,"FALSE",,,,,"FALSE","FALSE",,,,,"FALSE","1","2024-08-08",,,,,,
"14814139000183-1-000085/2024","6","https://pncp.gov.br/api/pncp/v1/orgaos/14814139000183/compras/2024/85/itens/6/resultados","1","1","Informado","2024-08-08T11:42:37","2024-08-08T11:42:37","14208959000121","KW INFORMATICA LTDA","PJ","1","ME","2062","Sociedade Empresária Limitada","BRA","50","12.99","649.5","0",,,,,,,,,"FALSE",,,,,"FALSE","FALSE",,,,,"FALSE","1","2024-08-08",,,,,,
"14814139000183-1-000085/2024","7","https://pncp.gov.br/api/pncp/v1/orgaos/14814139000183/compras/2024/85/itens/7/resultados","1","1","Informado","2024-08-08T11:42:38","2024-08-08T11:42:38","41197748000103","JLS COMERCIAL LTDA","PJ","1","ME","2062","Sociedade Empresária Limitada","BRA","50","13.49","674.5","0",,,,,,,,,"FALSE",,,,,"FALSE","FALSE",,,,,"FALSE","1","2024-08-08",,,,,,
"14814139000183-1-000085/2024","8","https://pncp.gov.br/api/pncp/v1/orgaos/14814139000183/compras/2024/85/itens/8/resultados","1","1","Informado","2024-08-08T11:42:37","2024-08-08T11:42:37","51231745000100","RHR ATACADO E VAREJO LTDA","PJ","1","ME","2062","Sociedade Empresária Limitada","BRA","50","12","600","0",,,,,,,,,"FALSE",,,,,"FALSE","FALSE",,,,,"FALSE","1","2024-08-08",,,,,,
"14814139000183-1-000085/2024","9","https://pncp.gov.br/api/pncp/v1/orgaos/14814139000183/compras/2024/85/itens/9/resultados","1","1","Informado","2024-08-08T11:42:37","2024-08-08T11:42:37","82323965000180","LEO COMERCIAL DE PRODUTOS MANUFATURADOS LTDA","PJ","1","ME","2062","Sociedade Empresária Limitada","BRA","30","74.5","2235","0",,,,,,,,,"FALSE",,,,,"FALSE","FALSE",,,,,"FALSE","1","2024-08-08",,,,,,
"14814139000183-1-000085/2024","10","https://pncp.gov.br/api/pncp/v1/orgaos/14814139000183/compras/2024/85/itens/10/resultados","1","1","Informado","2024-08-08T11:42:37","2024-08-08T11:42:37","82323965000180","LEO COMERCIAL DE PRODUTOS MANUFATURADOS LTDA","PJ","1","ME","2062","Sociedade Empresária Limitada","BRA","30","77.5","2325","0",,,,,,,,,"FALSE",,,,,"FALSE","FALSE",,,,,"FALSE","1","2024-08-08",,,,,,
"14814139000183-1-000125/2024","1","https://pncp.gov.br/api/pncp/v1/orgaos/14814139000183/compras/2024/125/itens/1/resultados","1","1","Informado","2024-08-12T12:35:39","2024-08-12T12:35:39","24927801000165","THIAGO MARQUES DE OLIVEIRA 70634734172","PJ","1","ME","2062","Sociedade Empresária Limitada","BRA","2000","0.8","1600","0",,,,,,,,,"FALSE",,,,,"FALSE","FALSE",,,,,"FALSE","1","2024-08-12",,,,,,
"14814139000183-1-000125/2024","2","https://pncp.gov.br/api/pncp/v1/orgaos/14814139000183/compras/2024/125/itens/2/resultados","1","1","Informado","2024-08-12T12:35:39","2024-08-12T12:35:39","54064037000102","OTT SERVICOS GRAFICOS LTDA","PJ","1","ME","2062","Sociedade Empresária Limitada","BRA","100","13.6","1360","0",,,,,,,,,"FALSE",,,,,"FALSE","FALSE",,,,,"FALSE","1","2024-08-12",,,,,,
"14814139000183-1-000125/2024","3","https://pncp.gov.br/api/pncp/v1/orgaos/14814139000183/compras/2024/125/itens/3/resultados","1","1","Informado","2024-08-12T12:35:39","2024-08-12T12:35:39","44272638000157","GIF PRINT SOLUCOES EMPRESARIAIS LTDA","PJ","1","ME","2062","Sociedade Empresária Limitada","BRA","100","33.9","3390","0",,,,,,,,,"FALSE",,,,,"FALSE","FALSE",,,,,"FALSE","1","2024-08-12",,,,,,
"14814139000183-1-000125/2024","4","https://pncp.gov.br/api/pncp/v1/orgaos/14814139000183/compras/2024/125/itens/4/resultados","1","1","Informado","2024-08-12T12:35:39","2024-08-12T12:35:39","46202155000101","RMR GRAFICA LTDA","PJ","1","ME","2062","Sociedade Empresária Limitada","BRA","2000","0.79","1580","0",,,,,,,,,"FALSE",,,,,"FALSE","FALSE",,,,,"FALSE","1","2024-08-12",,,,,,
"14814139000183-1-000125/2024","5","https://pncp.gov.br/api/pncp/v1/orgaos/14814139000183/compras/2024/125/itens/5/resultados","1","1","Informado","2024-08-12T12:35:39","2024-08-12T12:35:39","44272638000157","GIF PRINT SOLUCOES EMPRESARIAIS LTDA","PJ","1","ME","2062","Sociedade Empresária Limitada","BRA","20","79.9","1598","0",,,,,,,,,"FALSE",,,,,"FALSE","FALSE",,,,,"FALSE","1","2024-08-12",,,,,,
"14814139000183-1-000125/2024","6","https://pncp.gov.br/api/pncp/v1/orgaos/14814139000183/compras/2024/125/itens/6/resultados","1","1","Informado","2024-08-12T12:35:39","2024-08-12T12:35:39","13919051000163","GRAFICA ALTA DEFINICAO LTDA","PJ","1","ME","2062","Sociedade Empresária Limitada","BRA","5000","0.33","1650","0",,,,,,,,,"FALSE",,,,,"FALSE","FALSE",,,,,"FALSE","1","2024-08-12",,,,,,
"14814139000183-1-000125/2024","7","https://pncp.gov.br/api/pncp/v1/orgaos/14814139000183/compras/2024/125/itens/7/resultados","1","1","Informado","2024-08-12T12:35:39","2024-08-12T12:35:39","04772585000119","EDITORA PROGRESSIVA LTDA","PJ","1","ME","2062","Sociedade Empresária Limitada","BRA","2000","1.25","2500","0",,,,,,,,,"FALSE",,,,,"FALSE","FALSE",,,,,"FALSE","1","2024-08-12",,,,,,
"14814139000183-1-000117/2024","1","https://pncp.gov.br/api/pncp/v1/orgaos/14814139000183/compras/2024/117/itens/1/resultados","1","1","Informado","2024-08-12T16:52:14","2024-08-12T16:52:14","08847656000156","JK ENERGIA LTDA","PJ","1","ME","2062","Sociedade Empresária Limitada","BRA","1","3800","3800","0",,,,,,,,,"FALSE",,,,,"FALSE","FALSE",,,,,"FALSE",,"2024-08-12",,,,,,
"77636520000110-1-000012/2024","1","https://pncp.gov.br/api/pncp/v1/orgaos/77636520000110/compras/2024/12/itens/1/resultados","1","1","Informado","2024-05-22T14:42:04","2024-05-22T14:42:04","07475524000188","VALOR LOCACOES LTDA","PJ","1","ME","2062","Sociedade Empresária Limitada","BRA","1","1200537","1200537","0",,,,,,,,,"FALSE",,,,,"FALSE","FALSE",,,,,"FALSE",,"2024-05-22",,,,,,
"14814139000183-1-000097/2024","1","https://pncp.gov.br/api/pncp/v1/orgaos/14814139000183/compras/2024/97/itens/1/resultados","1","1","Informado","2024-08-16T08:16:22","2024-08-16T08:16:22","51231745000100","RHR ATACADO E VAREJO LTDA","PJ","1","ME","2062","Sociedade Empresária Limitada","BRA","400","7.4","2960","0",,,,,,,,,"FALSE",,,,,"FALSE","FALSE",,,,,"FALSE","1","2024-08-16",,,,,,
"14814139000183-1-000097/2024","2","https://pncp.gov.br/api/pncp/v1/orgaos/14814139000183/compras/2024/97/itens/2/resultados","1","1","Informado","2024-08-16T08:16:22","2024-08-16T08:16:22","41197748000103","JLS COMERCIAL LTDA","PJ","1","ME","2062","Sociedade Empresária Limitada","BRA","200","6.97","1394","0",,,,,,,,,"FALSE",,,,,"FALSE","FALSE",,,,,"FALSE","1","2024-08-16",,,,,,
"14814139000183-1-000097/2024","3","https://pncp.gov.br/api/pncp/v1/orgaos/14814139000183/compras/2024/97/itens/3/resultados","1","1","Informado","2024-08-16T08:16:22","2024-08-16T08:16:22","51231745000100","RHR ATACADO E VAREJO LTDA","PJ","1","ME","2062","Sociedade Empresária Limitada","BRA","100","6.2","620","0",,,,,,,,,"FALSE",,,,,"FALSE","FALSE",,,,,"FALSE","1","2024-08-16",,,,,,
"14814139000183-1-000097/2024","4","https://pncp.gov.br/api/pncp/v1/orgaos/14814139000183/compras/2024/97/itens/4/resultados","1","1","Informado","2024-08-16T08:16:22","2024-08-16T08:16:22","39349946000101","MANFE - COMERCIO DE MAQUINAS E EQUIPAMENTOS LTDA","PJ","1","ME","2062","Sociedade Empresária Limitada","BRA","50","64","3200","0",,,,,,,,,"FALSE",,,,,"FALSE","FALSE",,,,,"FALSE","1","2024-08-16",,,,,,
"14814139000183-1-000097/2024","5","https://pncp.gov.br/api/pncp/v1/orgaos/14814139000183/compras/2024/97/itens/5/resultados","1","1","Informado","2024-08-16T08:16:22","2024-08-16T08:16:22","41197748000103","JLS COMERCIAL LTDA","PJ","1","ME","2062","Sociedade Empresária Limitada","BRA","200","1.35","270","0",,,,,,,,,"FALSE",,,,,"FALSE","FALSE",,,,,"FALSE","1","2024-08-16",,,,,,
"14814139000183-1-000097/2024","6","https://pncp.gov.br/api/pncp/v1/orgaos/14814139000183/compras/2024/97/itens/6/resultados","1","1","Informado","2024-08-16T08:16:22","2024-08-16T08:16:22","51231745000100","RHR ATACADO E VAREJO LTDA","PJ","1","ME","2062","Sociedade Empresária Limitada","BRA","50","53","2650","0",,,,,,,,,"FALSE",,,,,"FALSE","FALSE",,,,,"FALSE","1","2024-08-16",,,,,,
"14814139000183-1-000097/2024","7","https://pncp.gov.br/api/pncp/v1/orgaos/14814139000183/compras/2024/97/itens/7/resultados","1","1","Informado","2024-08-16T08:16:22","2024-08-16T08:16:22","32111081000193","ANDRE MATIAS COMERCIO DE ARTIGOS DE PAPELARIA","PJ","1","ME","2135","Empresário (Individual)","BRA","1000","2.28","2280","0",,,,,,,,,"FALSE",,,,,"FALSE","FALSE",,,,,"FALSE","1","2024-08-16",,,,,,
"14814139000183-1-000097/2024","8","https://pncp.gov.br/api/pncp/v1/orgaos/14814139000183/compras/2024/97/itens/8/resultados","1","1","Informado","2024-08-16T08:16:22","2024-08-16T08:16:22","26716048000194","MAXIMA ATACADISTA LTDA","PJ","1","ME","2062","Sociedade Empresária Limitada","BRA","3000","0.16","480","0",,,,,,,,,"FALSE",,,,,"FALSE","FALSE",,,,,"FALSE","1","2024-08-16",,,,,,
"14814139000183-1-000097/2024","9","https://pncp.gov.br/api/pncp/v1/orgaos/14814139000183/compras/2024/97/itens/9/resultados","1","1","Informado","2024-08-16T08:16:22","2024-08-16T08:16:22","26716048000194","MAXIMA ATACADISTA LTDA","PJ","1","ME","2062","Sociedade Empresária Limitada","BRA","3000","0.52","1560","0",,,,,,,,,"FALSE",,,,,"FALSE","FALSE",,,,,"FALSE","1","2024-08-16",,,,,,
"14814139000183-1-000097/2024","10","https://pncp.gov.br/api/pncp/v1/orgaos/14814139000183/compras/2024/97/itens/10/resultados","1","1","Informado","2024-08-16T08:16:22","2024-08-16T08:16:22","32111081000193","ANDRE MATIAS COMERCIO DE ARTIGOS DE PAPELARIA","PJ","1","ME","2135","Empresário (Individual)","BRA","50","9.47","473.5","0",,,,,,,,,"FALSE",,,,,"FALSE","FALSE",,,,,"FALSE","1","2024-08-16",,,,,,
"14814139000183-1-000062/2024","1","https://pncp.gov.br/api/pncp/v1/orgaos/14814139000183/compras/2024/62/itens/1/resultados","1","1","Informado","2024-08-21T14:43:45","2024-08-21T14:43:45","21023977000102","OLGA HITOMI TAKAHASHI MATERIAIS MEDICOS E HOSPITALARES LTDA","PJ","1","ME","2062","Sociedade Empresária Limitada","BRA","48","359.6","17260.8","0",,,,,,,,,"FALSE",,,,,"FALSE","FALSE",,,,,"FALSE","1","2024-08-21",,,,,,
"14814139000183-1-000062/2024","2","https://pncp.gov.br/api/pncp/v1/orgaos/14814139000183/compras/2024/62/itens/2/resultados","1","1","Informado","2024-08-21T14:43:45","2024-08-21T14:43:45","00656468000139","SOMA/PR COMERCIO DE PRODUTOS HOSPITALARES LTDA","PJ","3","Demais","2062","Sociedade Empresária Limitada","BRA","37500","0.98","36750","0",,,,,,,,,"FALSE",,,,,"FALSE","FALSE",,,,,"FALSE","1","2024-08-21",,,,,,
"14814139000183-1-000062/2024","3","https://pncp.gov.br/api/pncp/v1/orgaos/14814139000183/compras/2024/62/itens/3/resultados","1","1","Informado","2024-08-21T14:43:45","2024-08-21T14:43:45","16791413000171","V. L. BARISON MATERIAIS MEDICOS E HOSPITALARES LTDA","PJ","1","ME","2062","Sociedade Empresária Limitada","BRA","12500","2.2","27500","0",,,,,,,,,"FALSE",,,,,"FALSE","FALSE",,,,,"FALSE","1","2024-08-21",,,,,,
"14814139000183-1-000062/2024","4","https://pncp.gov.br/api/pncp/v1/orgaos/14814139000183/compras/2024/62/itens/4/resultados","1","1","Informado","2024-08-21T14:43:45","2024-08-21T14:43:45","00656468000139","SOMA/PR COMERCIO DE PRODUTOS HOSPITALARES LTDA","PJ","3","Demais","2062","Sociedade Empresária Limitada","BRA","15000","2.53","37950","0",,,,,,,,,"FALSE",,,,,"FALSE","FALSE",,,,,"FALSE","1","2024-08-21",,,,,,
"14814139000183-1-000062/2024","6","https://pncp.gov.br/api/pncp/v1/orgaos/14814139000183/compras/2024/62/itens/6/resultados","1","1","Informado","2024-08-21T14:43:45","2024-08-21T14:43:45","16791413000171","V. L. BARISON MATERIAIS MEDICOS E HOSPITALARES LTDA","PJ","1","ME","2062","Sociedade Empresária Limitada","BRA","5000","7.3","36500","0",,,,,,,,,"FALSE",,,,,"FALSE","FALSE",,,,,"FALSE","1","2024-08-21",,,,,,
"14814139000183-1-000062/2024","7","https://pncp.gov.br/api/pncp/v1/orgaos/14814139000183/compras/2024/62/itens/7/resultados","1","1","Informado","2024-08-21T14:43:45","2024-08-21T14:43:45","30597921000144","IS 8 INTERNATIONAL SUPPLIES IMPORTACAO E COMERCIO DE PRODUTOS HOSPITALARES LTDA","PJ","1","ME","2062","Sociedade Empresária Limitada","BRA","3000","6.29","18870","0",,,,,,,,,"FALSE",,,,,"FALSE","FALSE",,,,,"FALSE","1","2024-08-21",,,,,,
"14814139000183-1-000062/2024","8","https://pncp.gov.br/api/pncp/v1/orgaos/14814139000183/compras/2024/62/itens/8/resultados","1","1","Informado","2024-08-21T14:43:45","2024-08-21T14:43:45","21023977000102","OLGA HITOMI TAKAHASHI MATERIAIS MEDICOS E HOSPITALARES LTDA","PJ","1","ME","2062","Sociedade Empresária Limitada","BRA","80","299","23920","0",,,,,,,,,"FALSE",,,,,"FALSE","FALSE",,,,,"FALSE","1","2024-08-21",,,,,,
"14814139000183-1-000062/2024","9","https://pncp.gov.br/api/pncp/v1/orgaos/14814139000183/compras/2024/62/itens/9/resultados","1","1","Informado","2024-08-21T14:43:45","2024-08-21T14:43:45","40772091000106","TECHSTERI LTDA","PJ","3","Demais","2062","Sociedade Empresária Limitada","BRA","1800","18","32400","0",,,,,,,,,"FALSE",,,,,"FALSE","FALSE",,,,,"FALSE","1","2024-08-21",,,,,,
"14814139000183-1-000062/2024","10","https://pncp.gov.br/api/pncp/v1/orgaos/14814139000183/compras/2024/62/itens/10/resultados","1","1","Informado","2024-08-21T14:43:45","2024-08-21T14:43:45","25302929000104","L. A. BERGAMIM MATERIAIS MEDICOS E HOSPITALARES LTDA","PJ","1","ME","2062","Sociedade Empresária Limitada","BRA","600","42.65","25590","0",,,,,,,,,"FALSE",,,,,"FALSE","FALSE",,,,,"FALSE","1","2024-08-21",,,,,,
"14814139000183-1-000065/2024","1","https://pncp.gov.br/api/pncp/v1/orgaos/14814139000183/compras/2024/65/itens/1/resultados","1","1","Informado","2024-08-23T15:23:57","2024-08-23T15:23:57","13457500000107","FARIA RODRIGUES INDUSTRIA DE MOVEIS LTDA","PJ","1","ME","2062","Sociedade Empresária Limitada","BRA","40","645","25800","0",,,,,,,,,"FALSE",,,,,"FALSE","FALSE",,,,,"FALSE","1","2024-08-23",,,,,,
"14814139000183-1-000065/2024","2","https://pncp.gov.br/api/pncp/v1/orgaos/14814139000183/compras/2024/65/itens/2/resultados","1","1","Informado","2024-08-23T15:23:57","2024-08-23T15:23:57","13457500000107","FARIA RODRIGUES INDUSTRIA DE MOVEIS LTDA","PJ","1","ME","2062","Sociedade Empresária Limitada","BRA","40","426","17040","0",,,,,,,,,"FALSE",,,,,"FALSE","FALSE",,,,,"FALSE","1","2024-08-23",,,,,,
"14814139000183-1-000065/2024","3","https://pncp.gov.br/api/pncp/v1/orgaos/14814139000183/compras/2024/65/itens/3/resultados","1","1","Informado","2024-08-23T15:23:57","2024-08-23T15:23:57","35263905000139","PAULO HENRIQUE LUCIANO COMERCIO DE MOVEIS","PJ","1","ME","2135","Empresário (Individual)","BRA","20","1014.7","20294","0",,,,,,,,,"FALSE",,,,,"FALSE","FALSE",,,,,"FALSE","1","2024-08-23",,,,,,
"14814139000183-1-000065/2024","4","https://pncp.gov.br/api/pncp/v1/orgaos/14814139000183/compras/2024/65/itens/4/resultados","1","1","Informado","2024-08-23T15:23:57","2024-08-23T15:23:57","35263905000139","PAULO HENRIQUE LUCIANO COMERCIO DE MOVEIS","PJ","1","ME","2135","Empresário (Individual)","BRA","20","1496.74","29934.8","0",,,,,,,,,"FALSE",,,,,"FALSE","FALSE",,,,,"FALSE","1","2024-08-23",,,,,,
"14814139000183-1-000065/2024","6","https://pncp.gov.br/api/pncp/v1/orgaos/14814139000183/compras/2024/65/itens/6/resultados","1","1","Informado","2024-08-23T15:23:57","2024-08-23T15:23:57","44547422000157","ELIZANDRA ANDRES  LTDA","PJ","1","ME","2062","Sociedade Empresária Limitada","BRA","150","119","17850","0",,,,,,,,,"FALSE",,,,,"FALSE","FALSE",,,,,"FALSE","1","2024-08-23",,,,,,
"14814139000183-1-000065/2024","7","https://pncp.gov.br/api/pncp/v1/orgaos/14814139000183/compras/2024/65/itens/7/resultados","1","1","Informado","2024-08-23T15:23:57","2024-08-23T15:23:57","44547422000157","ELIZANDRA ANDRES  LTDA","PJ","1","ME","2062","Sociedade Empresária Limitada","BRA","50","199","9950","0",,,,,,,,,"FALSE",,,,,"FALSE","FALSE",,,,,"FALSE","1","2024-08-23",,,,,,
"14814139000183-1-000065/2024","9","https://pncp.gov.br/api/pncp/v1/orgaos/14814139000183/compras/2024/65/itens/9/resultados","1","1","Informado","2024-08-23T15:23:57","2024-08-23T15:23:57","44547422000157","ELIZANDRA ANDRES  LTDA","PJ","1","ME","2062","Sociedade Empresária Limitada","BRA","10","580","5800","0",,,,,,,,,"FALSE",,,,,"FALSE","FALSE",,,,,"FALSE","1","2024-08-23",,,,,,
"14814139000183-1-000065/2024","10","https://pncp.gov.br/api/pncp/v1/orgaos/14814139000183/compras/2024/65/itens/10/resultados","1","1","Informado","2024-08-23T15:23:57","2024-08-23T15:23:57","44547422000157","ELIZANDRA ANDRES  LTDA","PJ","1","ME","2062","Sociedade Empresária Limitada","BRA","15","322","4830","0",,,,,,,,,"FALSE",,,,,"FALSE","FALSE",,,,,"FALSE","1","2024-08-23",,,,,,
"14814139000183-1-000030/2025","1","https://pncp.gov.br/api/pncp/v1/orgaos/14814139000183/compras/2025/30/itens/1/resultados","1","1","Informado","2025-03-25T08:12:25","2025-03-25T08:12:25","24118004000137","ANGULAR PRODUTOS PARA SAUDE LTDA","PJ","3","Demais","2062","Sociedade Empresária Limitada","BRA","1500","1.99","2985","0",,,,,,,,,"FALSE",,,,,"FALSE","FALSE",,,,,"FALSE","1","2025-03-25",,,,,,
"14814139000183-1-000030/2025","2","https://pncp.gov.br/api/pncp/v1/orgaos/14814139000183/compras/2025/30/itens/2/resultados","1","1","Informado","2025-03-25T08:12:56","2025-03-25T08:12:56","52496119000109","B. D. R. COMERCIO DE EQUIPAMENTOS LTDA","PJ","1","ME","2062","Sociedade Empresária Limitada","BRA","5","860","4300","0",,,,,,,,,"FALSE",,,,,"FALSE","FALSE",,,,,"FALSE","1","2025-03-25",,,,,,
"14814139000183-1-000030/2025","3","https://pncp.gov.br/api/pncp/v1/orgaos/14814139000183/compras/2025/30/itens/3/resultados","1","1","Informado","2025-03-25T08:12:52","2025-03-25T08:12:52","39840107000183","MASTERMEDIC DISTRIBUIDORA LTDA","PJ","1","ME","2062","Sociedade Empresária Limitada","BRA","50","1.5","75","0",,,,,,,,,"FALSE",,,,,"FALSE","FALSE",,,,,"FALSE","1","2025-03-25",,,,,,
"14814139000183-1-000030/2025","4","https://pncp.gov.br/api/pncp/v1/orgaos/14814139000183/compras/2025/30/itens/4/resultados","1","1","Informado","2025-03-25T08:13:26","2025-03-25T08:13:26","47181976000171","SUPERMED COMERCIO DE PRODUTOS MEDICOS E HOSPITALARES LTDA","PJ","1","ME","2062","Sociedade Empresária Limitada","BRA","50","1.24","62","0",,,,,,,,,"FALSE",,,,,"FALSE","FALSE",,,,,"FALSE","1","2025-03-25",,,,,,
"14814139000183-1-000030/2025","5","https://pncp.gov.br/api/pncp/v1/orgaos/14814139000183/compras/2025/30/itens/5/resultados","1","1","Informado","2025-03-25T08:13:18","2025-03-25T08:13:18","39840107000183","MASTERMEDIC DISTRIBUIDORA LTDA","PJ","1","ME","2062","Sociedade Empresária Limitada","BRA","50","1.5","75","0",,,,,,,,,"FALSE",,,,,"FALSE","FALSE",,,,,"FALSE","1","2025-03-25",,,,,,
"14814139000183-1-000030/2025","6","https://pncp.gov.br/api/pncp/v1/orgaos/14814139000183/compras/2025/30/itens/6/resultados","1","1","Informado","2025-03-25T08:12:52","2025-03-25T08:12:52","21831246000185","TECH-SUL MEDICAL INDUSTRIA E COMERCIO LTDA","PJ","1","ME","2062","Sociedade Empresária Limitada","BRA","200","2.21","442","0",,,,,,,,,"FALSE",,,,,"FALSE","FALSE",,,,,"FALSE","1","2025-03-25",,,,,,
"14814139000183-1-000030/2025","7","https://pncp.gov.br/api/pncp/v1/orgaos/14814139000183/compras/2025/30/itens/7/resultados","1","1","Informado","2025-03-25T08:13:20","2025-03-25T08:13:20","47181976000171","SUPERMED COMERCIO DE PRODUTOS MEDICOS E HOSPITALARES LTDA","PJ","1","ME","2062","Sociedade Empresária Limitada","BRA","200","1.12","224","0",,,,,,,,,"FALSE",,,,,"FALSE","FALSE",,,,,"FALSE","1","2025-03-25",,,,,,
"14814139000183-1-000030/2025","8","https://pncp.gov.br/api/pncp/v1/orgaos/14814139000183/compras/2025/30/itens/8/resultados","1","1","Informado","2025-03-25T08:12:25","2025-03-25T08:12:25","39840107000183","MASTERMEDIC DISTRIBUIDORA LTDA","PJ","1","ME","2062","Sociedade Empresária Limitada","BRA","200","1.23","246","0",,,,,,,,,"FALSE",,,,,"FALSE","FALSE",,,,,"FALSE","1","2025-03-25",,,,,,
"14814139000183-1-000030/2025","9","https://pncp.gov.br/api/pncp/v1/orgaos/14814139000183/compras/2025/30/itens/9/resultados","1","1","Informado","2025-03-25T08:12:42","2025-03-25T08:12:42","05247406000197","TORRE FORTE ATACADO E VAREJO LTDA","PJ","1","ME","2062","Sociedade Empresária Limitada","BRA","100","11.42","1142","0",,,,,,,,,"FALSE",,,,,"FALSE","FALSE",,,,,"FALSE","1","2025-03-25",,,,,,
"14814139000183-1-000030/2025","10","https://pncp.gov.br/api/pncp/v1/orgaos/14814139000183/compras/2025/30/itens/10/resultados","1","1","Informado","2025-03-25T08:12:25","2025-03-25T08:12:25","47181976000171","SUPERMED COMERCIO DE PRODUTOS MEDICOS E HOSPITALARES LTDA","PJ","1","ME","2062","Sociedade Empresária Limitada","BRA","500","0.62","310","0",,,,,,,,,"FALSE",,,,,"FALSE","FALSE",,,,,"FALSE","1","2025-03-25",,,,,,
"77636520000110-1-000025/2024","1","https://pncp.gov.br/api/pncp/v1/orgaos/77636520000110/compras/2024/25/itens/1/resultados","1","1","Informado","2024-06-11T08:05:25","2024-06-11T08:05:25","17963709000195","AGENCIA DE COMUNICACAO INTEGRA LTDA","PJ","1","ME","2062","Sociedade Empresária Limitada","BRA","1","44400","44400","0",,,,,,,,,"FALSE",,,,,"FALSE","FALSE",,,,,"FALSE",,"2024-06-11",,,,,,
"77636520000110-1-000027/2024","1","https://pncp.gov.br/api/pncp/v1/orgaos/77636520000110/compras/2024/27/itens/1/resultados","1","1","Informado","2024-06-20T11:08:57","2024-06-20T11:08:57","06043786000100","RNL TRADE AND FACILITIES LTDA","PJ","1","ME","2062","Sociedade Empresária Limitada","BRA","1","90492","90492","0",,,,,,,,,"FALSE",,,,,"FALSE","FALSE",,,,,"FALSE",,"2024-06-20",,,,,,
"77636520000110-1-000032/2024","1","https://pncp.gov.br/api/pncp/v1/orgaos/77636520000110/compras/2024/32/itens/1/resultados","1","1","Informado","2024-07-10T11:20:12","2024-07-10T11:20:12","07136551000126","CENTRO DE INTEGRACAO NACIONAL DE ESTAGIOS PARA ESTUDANTES - CEINEE","PJ","3","Demais","3999","Associação Privada","BRA","1","2741340","2741340","0",,,,,,,,,"FALSE",,,,,"FALSE","FALSE",,,,,"FALSE",,"2024-07-10",,,,,,
"77636520000110-1-000033/2024","1","https://pncp.gov.br/api/pncp/v1/orgaos/77636520000110/compras/2024/33/itens/1/resultados","1","1","Informado","2024-07-18T11:57:13","2024-07-18T11:57:13","06555267000121","CLEMIR SCHMITT","PJ","1","ME","2135","Empresário (Individual)","BRA","1","311832","311832","0",,,,,,,,,"FALSE",,,,,"FALSE","FALSE",,,,,"FALSE",,"2024-07-18",,,,,,
"77636520000110-1-000038/2024","1","https://pncp.gov.br/api/pncp/v1/orgaos/77636520000110/compras/2024/38/itens/1/resultados","1","1","Informado","2024-07-23T13:42:46","2024-07-23T13:42:46","19052023000178","PWB - MANUTENCAO INDUSTRIAL LTDA","PJ","1","ME","2062","Sociedade Empresária Limitada","BRA","1","778371.396","778371.396","22.01",,,,,,,,,"FALSE",,,,,"FALSE","FALSE",,,,,"FALSE",,"2024-07-23",,,,,,
"14814139000183-1-000038/2025","1","https://pncp.gov.br/api/pncp/v1/orgaos/14814139000183/compras/2025/38/itens/1/resultados","1","1","Informado","2025-03-17T14:01:45","2025-03-17T14:01:45","21308480000122","AR RP CERTIFICACAO DIGITAL LTDA","PJ","3","Demais",,,"BRA","150","67.99","10198.5","0",,,,,,,,,"FALSE",,,,,"FALSE","FALSE",,,,,"FALSE","1","2025-03-17",,,,,,
"14814139000183-1-000005/2024","1","https://pncp.gov.br/api/pncp/v1/orgaos/14814139000183/compras/2024/5/itens/1/resultados","1","1","Informado","2024-02-07T14:13:30","2024-02-07T14:13:30","35486862000150","MOVX TECNOLOGIA LTDA","PJ","3","Demais",,,"BRA","1","5600","5600","0",,,,,,,,,"FALSE",,,,,"FALSE","FALSE",,,,,"FALSE","1","2024-02-07",,,,,,
"14814139000183-1-000034/2025","1","https://pncp.gov.br/api/pncp/v1/orgaos/14814139000183/compras/2025/34/itens/1/resultados","1","1","Informado","2025-03-18T14:13:14","2025-03-18T14:13:14","18375226000132","J.P EXTINTORES COMERCIO E EQUIPAMENTOS LTDA","PJ","3","Demais",,,"BRA","1","8999","8999","0",,,,,,,,,"FALSE",,,,,"FALSE","FALSE",,,,,"FALSE","1","2025-03-18",,,,,,
"14814139000183-1-000013/2024","1","https://pncp.gov.br/api/pncp/v1/orgaos/14814139000183/compras/2024/13/itens/1/resultados","1","1","Informado","2024-03-01T08:34:18","2024-03-01T08:34:18","33605436000163","ABC TRAINNING QUALIFICACAO PROFISSIONAL LTDA","PJ","3","Demais",,,"BRA","20","134","2680","0",,,,,,,,,"FALSE",,,,,"FALSE","FALSE",,,,,"FALSE","1","2024-03-01",,,,,,
"14814139000183-1-000013/2024","2","https://pncp.gov.br/api/pncp/v1/orgaos/14814139000183/compras/2024/13/itens/2/resultados","1","1","Informado","2024-03-01T08:34:19","2024-03-01T08:34:19","10728567000132","RZ ENGENHARIA E MEDICINA DO TRABALHO LTDA","PJ","3","Demais",,,"BRA","17","275","4675","0",,,,,,,,,"FALSE",,,,,"FALSE","FALSE",,,,,"FALSE","1","2024-03-01",,,,,,
"14814139000183-1-000013/2024","3","https://pncp.gov.br/api/pncp/v1/orgaos/14814139000183/compras/2024/13/itens/3/resultados","1","1","Informado","2024-03-01T08:34:19","2024-03-01T08:34:19","33605436000163","ABC TRAINNING QUALIFICACAO PROFISSIONAL LTDA","PJ","3","Demais",,,"BRA","17","80","1360","0",,,,,,,,,"FALSE",,,,,"FALSE","FALSE",,,,,"FALSE","1","2024-03-01",,,,,,
"14814139000183-1-000047/2025","1","https://pncp.gov.br/api/pncp/v1/orgaos/14814139000183/compras/2025/47/itens/1/resultados","1","1","Informado","2025-03-19T13:52:44","2025-03-19T13:52:44","03270896000117","ELETROMEDICA MANUTENCAO DE APARELHOS MEDICOS HOSPITALARES LTDA","PJ","1","ME","2062","Sociedade Empresária Limitada","BRA","1","18700","18700","0",,,,,,,,,"FALSE",,,,,"FALSE","FALSE",,,,,"FALSE","1","2025-03-19",,,,,,
"14814139000183-1-000029/2024","1","https://pncp.gov.br/api/pncp/v1/orgaos/14814139000183/compras/2024/29/itens/1/resultados","1","1","Informado","2024-03-19T15:54:04","2024-03-19T15:54:04","48604808000104","FASTER SOLUTIONS LTDA","PJ","3","Demais",,,"BRA","1","7500","7500","0",,,,,,,,,"FALSE",,,,,"FALSE","FALSE",,,,,"FALSE","1","2024-03-19",,,,,,
"14814139000183-1-000044/2024","1","https://pncp.gov.br/api/pncp/v1/orgaos/14814139000183/compras/2024/44/itens/1/resultados","1","1","Informado","2024-03-26T16:08:13","2024-03-26T16:08:13","11414843000150","ATITUDE DISTRIBUICAO DE BOLETINS JURIDICOS LTDA","PJ","3","Demais",,,"BRA","1","996","996","0",,,,,,,,,"FALSE",,,,,"FALSE","FALSE",,,,,"FALSE","1","2024-03-26",,,,,,
"14814139000183-1-000006/2024","1","https://pncp.gov.br/api/pncp/v1/orgaos/14814139000183/compras/2024/6/itens/1/resultados","1","2","Cancelado","2024-02-07T08:33:21","2024-04-01T09:16:38","20085105000106","FUTURA CERTIFICACAO DIGITAL LTDA","PJ","3","Demais",,,"BRA","0","0","0","0",,,,,,,,,"FALSE",,,,,"FALSE","FALSE",,,,,"FALSE","1","2024-04-01",,,,,,
"14814139000183-1-000006/2024","1","https://pncp.gov.br/api/pncp/v1/orgaos/14814139000183/compras/2024/6/itens/1/resultados","2","1","Informado","2024-04-03T15:38:01","2024-04-03T15:38:01","21308480000122","AR RP CERTIFICACAO DIGITAL LTDA","PJ","3","Demais",,,"BRA","100","60","6000","0",,,,,,,,,"FALSE",,,,,"FALSE","FALSE",,,,,"FALSE","1","2024-04-03",,,,,,
"14814139000183-1-000047/2024","1","https://pncp.gov.br/api/pncp/v1/orgaos/14814139000183/compras/2024/47/itens/1/resultados","1","1","Informado","2024-04-05T13:33:04","2024-04-05T13:33:04","45502808000105","ASAE SERVICOS ELETRICOS LTDA","PJ","3","Demais",,,"BRA","20","1800","36000","0",,,,,,,,,"FALSE",,,,,"FALSE","FALSE",,,,,"FALSE","1","2024-04-05",,,,,,
"77636520000110-1-000010/2025","1","https://pncp.gov.br/api/pncp/v1/orgaos/77636520000110/compras/2025/10/itens/1/resultados","1","1","Informado","2025-03-21T14:58:05","2025-03-21T14:58:05","04252693000160","LBSX COMERCIO DE PRODUTOS ALIMENTICIOS LTDA","PJ","1","ME","2062","Sociedade Empresária Limitada","BRA","4200","5.19","21798","0",,,,,,,,,"FALSE",,,,,"FALSE","FALSE",,,,,"FALSE","1","2025-03-21",,,,,,
"77636520000110-1-000005/2024","1","https://pncp.gov.br/api/pncp/v1/orgaos/77636520000110/compras/2024/5/itens/1/resultados","1","1","Informado","2024-04-09T14:42:51","2024-04-09T14:42:51","12043671000119","AGUA & MINERIO SONDAGENS DE SOLO LTDA","PJ","3","Demais",,,"BRA","1","5989.92","5989.92","0",,,,,,,,,"FALSE",,,,,"FALSE","FALSE",,,,,"FALSE","1","2024-04-09",,,,,,
"77636520000110-1-000008/2024","1","https://pncp.gov.br/api/pncp/v1/orgaos/77636520000110/compras/2024/8/itens/1/resultados","1","1","Informado","2024-05-09T08:29:58","2024-05-09T08:29:58","44353963000144","GRAZIANE GREIN 07570822978","PJ","3","Demais",,,"BRA","1","8100","8100","0",,,,,,,,,"FALSE",,,,,"FALSE","FALSE",,,,,"FALSE","1","2024-05-09",,,,,,
"14814139000183-1-000121/2024","1","https://pncp.gov.br/api/pncp/v1/orgaos/14814139000183/compras/2024/121/itens/1/resultados","1","1","Informado","2024-07-03T10:07:48","2024-07-03T10:07:48","89125389000105","RIBEIRO & JUNIOR LTDA","PJ","3","Demais",,,"BRA","1","32500","32500","0",,,,,,,,,"FALSE",,,,,"FALSE","FALSE",,,,,"FALSE","1","2024-07-03",,,,,,
"14814139000183-1-000033/2024","1","https://pncp.gov.br/api/pncp/v1/orgaos/14814139000183/compras/2024/33/itens/1/resultados","1","2","Cancelado","2024-03-21T10:16:48","2024-07-03T16:46:10","21187080000106","EXTIMPLUS MANUTENCAO E REPARACAO LTDA","PJ","3","Demais",,,"BRA","0","0","0","0",,,,,,,,,"FALSE",,,,,"FALSE","FALSE",,,,,"FALSE","1","2024-07-03",,,,,,
"14814139000183-1-000033/2024","1","https://pncp.gov.br/api/pncp/v1/orgaos/14814139000183/compras/2024/33/itens/1/resultados","2","1","Informado","2024-07-09T14:33:19","2024-07-09T14:33:19","18375226000132","J.P EXTINTORES COMERCIO E EQUIPAMENTOS LTDA","PJ","3","Demais",,,"BRA","1","9185","9185","0",,,,,,,,,"FALSE",,,,,"FALSE","FALSE",,,,,"FALSE","1","2024-07-09",,,,,,
"77636520000110-1-000018/2024","1","https://pncp.gov.br/api/pncp/v1/orgaos/77636520000110/compras/2024/18/itens/1/resultados","1","1","Informado","2024-05-21T16:12:54","2024-05-21T16:12:54","45319408000169","TECNOGOV COMERCIAL LTDA","PJ","3","Demais",,,"BRA","5","511","2555","0",,,,,,,,,"FALSE",,,,,"FALSE","FALSE",,,,,"FALSE","1","2024-05-21",,,,,,
"14814139000183-1-000112/2024","1","https://pncp.gov.br/api/pncp/v1/orgaos/14814139000183/compras/2024/112/itens/1/resultados","1","1","Informado","2024-07-24T14:27:11","2024-07-24T14:27:11","46411961000190","PRADO DISTRIBUICOES E SOLUCOES LTDA","PJ","3","Demais",,,"BRA","1","43300","43300","0",,,,,,,,,"FALSE",,,,,"FALSE","FALSE",,,,,"FALSE","1","2024-07-24",,,,,,
"14814139000183-1-000127/2024","1","https://pncp.gov.br/api/pncp/v1/orgaos/14814139000183/compras/2024/127/itens/1/resultados","1","1","Informado","2024-07-25T13:38:40","2024-07-25T13:38:40","21324407000144","A E S MARIANO ASSESSORIA","PJ","3","Demais",,,"BRA","72000","0.058","4176","0",,,,,,,,,"FALSE",,,,,"FALSE","FALSE",,,,,"FALSE","1","2024-07-25",,,,,,
"14814139000183-1-000013/2025","1","https://pncp.gov.br/api/pncp/v1/orgaos/14814139000183/compras/2025/13/itens/1/resultados","1","2","Cancelado","2025-02-28T13:29:44","2025-03-25T14:49:56","44880091000172","EVO SISTEMAS INTELIGENTES LTDA","PJ","3","Demais",,,"BRA","20","0","0","0",,,,,,,,,"FALSE",,,,,"FALSE","FALSE",,,,,"FALSE","1","2025-03-25",,,,,,
"77636520000110-1-000030/2024","1","https://pncp.gov.br/api/pncp/v1/orgaos/77636520000110/compras/2024/30/itens/1/resultados","1","1","Informado","2024-07-03T10:30:16","2024-07-03T10:30:16","49525466000108","OP TECNOLOGIA E SERVICOS LTDA","PJ","3","Demais",,,"BRA","20","354","7080","0",,,,,,,,,"FALSE",,,,,"FALSE","FALSE",,,,,"FALSE","1","2024-07-03",,,,,,
"77636520000110-1-000036/2024","1","https://pncp.gov.br/api/pncp/v1/orgaos/77636520000110/compras/2024/36/itens/1/resultados","1","1","Informado","2024-08-13T08:46:22","2024-08-13T08:46:22","11860728000100","CLIME LOCACAO E SERVICOS LTDA.","PJ","3","Demais",,,"BRA","1","17900","17900","0",,,,,,,,,"FALSE",,,,,"FALSE","FALSE",,,,,"FALSE","1","2024-08-13",,,,,,
"77636520000110-1-000009/2025","1","https://pncp.gov.br/api/pncp/v1/orgaos/77636520000110/compras/2025/9/itens/1/resultados","1","1","Informado","2025-03-19T08:41:29","2025-03-19T08:41:29","09094300000151","OPEN SOLUCOES TRIBUTARIAS LTDA","PJ","1","ME","2062","Sociedade Empresária Limitada","BRA","3","3290","9870","0",,,,,,,,,"FALSE",,,,,"FALSE","FALSE",,,,,"FALSE","1","2025-03-18",,,,,,
"77636520000110-1-000013/2025","1","https://pncp.gov.br/api/pncp/v1/orgaos/77636520000110/compras/2025/13/itens/1/resultados","1","1","Informado","2025-04-15T14:54:05","2025-04-15T14:54:05","04252693000160","LBSX COMERCIO DE PRODUTOS ALIMENTICIOS LTDA","PJ","1","ME","2062","Sociedade Empresária Limitada","BRA","1980","2.99","5920.2","0",,,,,,,,,"FALSE",,,,,"FALSE","FALSE",,,,,"FALSE","1","2025-04-15",,,,,,
"77636520000110-1-000002/2025","1","https://pncp.gov.br/api/pncp/v1/orgaos/77636520000110/compras/2025/2/itens/1/resultados","1","1","Informado","2025-04-23T10:16:14","2025-04-23T10:16:14","06329188000100","CRP TECNOLOGIA LTDA","PJ","1","ME","2062","Sociedade Empresária Limitada","BRA","1","1243499.99","1243499.99","0",,,,,,,,,"FALSE",,,,,"FALSE","FALSE",,,,,"FALSE",,"2025-04-23",,,,,,
"14814139000183-1-000031/2025","1","https://pncp.gov.br/api/pncp/v1/orgaos/14814139000183/compras/2025/31/itens/1/resultados","1","1","Informado","2025-04-23T16:51:22","2025-04-23T16:51:22","54511354000120","PROTECTOR CONTROLE DE PRAGAS URBANAS LTDA","PJ","1","ME","2062","Sociedade Empresária Limitada","BRA","1","9900","9900","0",,,,,,,,,"FALSE",,,,,"FALSE","FALSE",,,,,"FALSE",,"2025-04-23",,,,,,
"14814139000183-1-000019/2025","6","https://pncp.gov.br/api/pncp/v1/orgaos/14814139000183/compras/2025/19/itens/6/resultados","1","1","Informado","2025-06-23T16:58:02","2025-06-23T16:58:02","23297441000100","BERTHAX SURGICAL LTDA","PJ","1","ME","2062","Sociedade Empresária Limitada","BRA","1","662638.75","662638.75","0",,,,,,,,,"FALSE",,,,,"FALSE","FALSE",,,,,"FALSE",,"2025-06-23",,,,,,
"14814139000183-1-000056/2025","4","https://pncp.gov.br/api/pncp/v1/orgaos/14814139000183/compras/2025/56/itens/4/resultados","1","1","Informado","2025-04-24T08:13:58","2025-04-24T08:13:58","04522343000177","FARMACIA DE MANIPULACAO IDEAL FORMULAS LTDA","PJ","1","ME","2062","Sociedade Empresária Limitada","BRA","200","14.9","2980","0",,,,,,,,,"FALSE",,,,,"FALSE","FALSE",,,,,"FALSE","1","2025-04-24",,,,,,
"14814139000183-1-000056/2025","5","https://pncp.gov.br/api/pncp/v1/orgaos/14814139000183/compras/2025/56/itens/5/resultados","1","1","Informado","2025-04-24T08:13:58","2025-04-24T08:13:58","04522343000177","FARMACIA DE MANIPULACAO IDEAL FORMULAS LTDA","PJ","1","ME","2062","Sociedade Empresária Limitada","BRA","200","12.99","2598","0",,,,,,,,,"FALSE",,,,,"FALSE","FALSE",,,,,"FALSE","1","2025-04-24",,,,,,
"14814139000183-1-000067/2025","1","https://pncp.gov.br/api/pncp/v1/orgaos/14814139000183/compras/2025/67/itens/1/resultados","1","1","Informado","2025-06-23T13:42:54","2025-06-23T13:42:54","67729178000572","COMERCIAL CIRURGICA RIOCLARENSE LTDA","PJ","3","Demais","2062","Sociedade Empresária Limitada","BRA","5000","2.737","13685","0",,,,,,,,,"FALSE",,,,,"FALSE","FALSE",,,,,"FALSE","1","2025-06-23",,,,,,
"14814139000183-1-000067/2025","5","https://pncp.gov.br/api/pncp/v1/orgaos/14814139000183/compras/2025/67/itens/5/resultados","1","1","Informado","2025-06-23T13:42:54","2025-06-23T13:42:54","47181976000171","SUPERMED COMERCIO DE PRODUTOS MEDICOS E HOSPITALARES LTDA","PJ","1","ME","2062","Sociedade Empresária Limitada","BRA","50","4.13","206.5","0",,,,,,,,,"FALSE",,,,,"FALSE","FALSE",,,,,"FALSE","1","2025-06-23",,,,,,
"14814139000183-1-000067/2025","6","https://pncp.gov.br/api/pncp/v1/orgaos/14814139000183/compras/2025/67/itens/6/resultados","1","1","Informado","2025-06-23T13:42:54","2025-06-23T13:42:54","47181976000171","SUPERMED COMERCIO DE PRODUTOS MEDICOS E HOSPITALARES LTDA","PJ","1","ME","2062","Sociedade Empresária Limitada","BRA","50","4.09","204.5","0",,,,,,,,,"FALSE",,,,,"FALSE","FALSE",,,,,"FALSE","1","2025-06-23",,,,,,
"14814139000183-1-000067/2025","7","https://pncp.gov.br/api/pncp/v1/orgaos/14814139000183/compras/2025/67/itens/7/resultados","1","1","Informado","2025-06-23T13:42:54","2025-06-23T13:42:54","00802002000102","ALTERMED MATERIAL MEDICO HOSPITALAR LTDA","PJ","3","Demais","2062","Sociedade Empresária Limitada","BRA","400","3.8817","1552.68","0",,,,,,,,,"FALSE",,,,,"FALSE","FALSE",,,,,"FALSE","1","2025-06-23",,,,,,
"14814139000183-1-000067/2025","9","https://pncp.gov.br/api/pncp/v1/orgaos/14814139000183/compras/2025/67/itens/9/resultados","1","1","Informado","2025-06-23T13:42:54","2025-06-23T13:42:54","49742266000107","49.742.266 FIRMINO LUIS DE BARROS","PJ","1","ME","2135","Empresário (Individual)","BRA","10000","0.62","6200","0",,,,,,,,,"FALSE",,,,,"FALSE","FALSE",,,,,"FALSE","1","2025-06-23",,,,,,
"14814139000183-1-000067/2025","10","https://pncp.gov.br/api/pncp/v1/orgaos/14814139000183/compras/2025/67/itens/10/resultados","1","1","Informado","2025-06-23T13:42:54","2025-06-23T13:42:54","37052250000185","INVICTO COMERCIO DE PRODUTOS PARA SAUDE LTDA","PJ","1","ME","2062","Sociedade Empresária Limitada","BRA","1e+05","0.58","58000","0",,,,,,,,,"FALSE",,,,,"FALSE","TRUE","157","Instrução normativa de critério de julgamento e/ou edital (Sorteio)","Critério de desempate: Realização de sorteio.","TRUE","FALSE","1","2025-06-23",,,,,,
"14814139000183-1-000054/2025","1","https://pncp.gov.br/api/pncp/v1/orgaos/14814139000183/compras/2025/54/itens/1/resultados","1","1","Informado","2025-04-25T16:21:13","2025-04-25T16:21:13","47396413000109","DIFIO PRODUTOS MEDICOS LTDA","PJ","1","ME","2062","Sociedade Empresária Limitada","BRA","120","8.98","1077.6","0",,,,,,,,,"FALSE",,,,,"TRUE","TRUE","148","Lei 14.133/2021, art. 60, outros incisos","Critério de desempate: Utilizar esse código quando a justificativa de desempate via art. 60, derivar de outros incisos da Lei 14.133/2021 que não estão previstos nos Amparos Legais, códigos 145; 146; e 147, constantes no Manual de Integração do PNCP em seu item 5.15. Amparo Legal.","TRUE","FALSE","1","2025-04-25",,,,,,
"14814139000183-1-000054/2025","2","https://pncp.gov.br/api/pncp/v1/orgaos/14814139000183/compras/2025/54/itens/2/resultados","1","1","Informado","2025-04-25T16:21:13","2025-04-25T16:21:13","19717870000104","KIENTRO BRASIL LTDA","PJ","1","ME","2062","Sociedade Empresária Limitada","BRA","600","2.02","1212","0",,,,,,,,,"FALSE",,,,,"FALSE","FALSE",,,,,"FALSE","1","2025-04-25",,,,,,
"14814139000183-1-000054/2025","3","https://pncp.gov.br/api/pncp/v1/orgaos/14814139000183/compras/2025/54/itens/3/resultados","1","1","Informado","2025-04-25T16:21:13","2025-04-25T16:21:13","47396413000109","DIFIO PRODUTOS MEDICOS LTDA","PJ","1","ME","2062","Sociedade Empresária Limitada","BRA","120","2.25","270","0",,,,,,,,,"FALSE",,,,,"FALSE","FALSE",,,,,"FALSE","1","2025-04-25",,,,,,
"14814139000183-1-000054/2025","4","https://pncp.gov.br/api/pncp/v1/orgaos/14814139000183/compras/2025/54/itens/4/resultados","1","1","Informado","2025-04-25T16:21:13","2025-04-25T16:21:13","47396413000109","DIFIO PRODUTOS MEDICOS LTDA","PJ","1","ME","2062","Sociedade Empresária Limitada","BRA","480","2.25","1080","0",,,,,,,,,"FALSE",,,,,"FALSE","FALSE",,,,,"FALSE","1","2025-04-25",,,,,,
"14814139000183-1-000054/2025","5","https://pncp.gov.br/api/pncp/v1/orgaos/14814139000183/compras/2025/54/itens/5/resultados","1","1","Informado","2025-04-25T16:21:13","2025-04-25T16:21:13","29032826000114","DATA - MEDICAL PRODUTOS MEDICOS HOSPITALARES LTDA","PJ","1","ME","2062","Sociedade Empresária Limitada","BRA","120","3.77","452.4","0",,,,,,,,,"FALSE",,,,,"FALSE","FALSE",,,,,"FALSE","1","2025-04-25",,,,,,
"14814139000183-1-000054/2025","6","https://pncp.gov.br/api/pncp/v1/orgaos/14814139000183/compras/2025/54/itens/6/resultados","1","1","Informado","2025-04-25T16:21:14","2025-04-25T16:21:14","29032826000114","DATA - MEDICAL PRODUTOS MEDICOS HOSPITALARES LTDA","PJ","1","ME","2062","Sociedade Empresária Limitada","BRA","312","3.77","1176.24","0",,,,,,,,,"FALSE",,,,,"FALSE","FALSE",,,,,"FALSE","1","2025-04-25",,,,,,
"14814139000183-1-000054/2025","7","https://pncp.gov.br/api/pncp/v1/orgaos/14814139000183/compras/2025/54/itens/7/resultados","1","1","Informado","2025-04-25T16:21:14","2025-04-25T16:21:14","29032826000114","DATA - MEDICAL PRODUTOS MEDICOS HOSPITALARES LTDA","PJ","1","ME","2062","Sociedade Empresária Limitada","BRA","120","3.77","452.4","0",,,,,,,,,"FALSE",,,,,"FALSE","FALSE",,,,,"FALSE","1","2025-04-25",,,,,,
"14814139000183-1-000054/2025","8","https://pncp.gov.br/api/pncp/v1/orgaos/14814139000183/compras/2025/54/itens/8/resultados","1","1","Informado","2025-04-25T16:21:14","2025-04-25T16:21:14","29032826000114","DATA - MEDICAL PRODUTOS MEDICOS HOSPITALARES LTDA","PJ","1","ME","2062","Sociedade Empresária Limitada","BRA","480","3.77","1809.6","0",,,,,,,,,"FALSE",,,,,"FALSE","FALSE",,,,,"FALSE","1","2025-04-25",,,,,,
"14814139000183-1-000054/2025","9","https://pncp.gov.br/api/pncp/v1/orgaos/14814139000183/compras/2025/54/itens/9/resultados","1","1","Informado","2025-04-25T16:21:14","2025-04-25T16:21:14","29032826000114","DATA - MEDICAL PRODUTOS MEDICOS HOSPITALARES LTDA","PJ","1","ME","2062","Sociedade Empresária Limitada","BRA","240","3.77","904.8","0",,,,,,,,,"FALSE",,,,,"FALSE","FALSE",,,,,"FALSE","1","2025-04-25",,,,,,
"14814139000183-1-000054/2025","10","https://pncp.gov.br/api/pncp/v1/orgaos/14814139000183/compras/2025/54/itens/10/resultados","1","1","Informado","2025-04-25T16:21:14","2025-04-25T16:21:14","37882886000154","VERDE DISTRIBUIDORA DE MEDICAMENTOS LTDA","PJ","1","ME","2062","Sociedade Empresária Limitada","BRA","480","3.78","1814.4","0",,,,,,,,,"FALSE",,,,,"FALSE","FALSE",,,,,"FALSE","1","2025-04-25",,,,,,
"77636520000110-1-000015/2025","1","https://pncp.gov.br/api/pncp/v1/orgaos/77636520000110/compras/2025/15/itens/1/resultados","1","1","Informado","2025-04-28T08:28:43","2025-04-28T08:28:43","54719745000134","SUSSEL TROFEUS E PLACAS LTDA","PJ","1","ME","2062","Sociedade Empresária Limitada","BRA","1","4250","4250","0",,,,,,,,,"FALSE",,,,,"FALSE","FALSE",,,,,"FALSE","1","2025-04-25",,,,,,
"14814139000183-1-000070/2025","1","https://pncp.gov.br/api/pncp/v1/orgaos/14814139000183/compras/2025/70/itens/1/resultados","1","1","Informado","2025-04-28T09:39:26","2025-04-28T09:39:26","02916028000107","FRADEL-MED INDUSTRIA E COMERCIO DE APARELHOS MEDICOS LTDA","PJ","1","ME","2062","Sociedade Empresária Limitada","BRA","2","3542.01","7084.02","0",,,,,,,,,"FALSE",,,,,"FALSE","FALSE",,,,,"FALSE","1","2025-04-28",,,,,,
"14814139000183-1-000071/2025","1","https://pncp.gov.br/api/pncp/v1/orgaos/14814139000183/compras/2025/71/itens/1/resultados","1","1","Informado","2025-04-28T15:12:08","2025-04-28T15:12:08","13881437000123","PROAMED REPARACAO DE EQUIPAMENTOS HOSPITALARES LTDA","PJ","1","ME","2062","Sociedade Empresária Limitada","BRA","1","137320","137320","0",,,,,,,,,"FALSE",,,,,"FALSE","FALSE",,,,,"FALSE","1","2025-04-28",,,,,,
"77636520000110-1-000002/2025","1","https://pncp.gov.br/api/pncp/v1/orgaos/77636520000110/compras/2025/2/itens/1/resultados","1","1","Informado","2025-04-23T10:16:14","2025-04-23T10:16:14","06329188000100","CRP TECNOLOGIA LTDA","PJ","1","ME","2062","Sociedade Empresária Limitada","BRA","1","1243499.99","1243499.99","0",,,,,,,,,"FALSE",,,,,"FALSE","FALSE",,,,,"FALSE",,"2025-04-23",,,,,,
"14814139000183-1-000031/2025","1","https://pncp.gov.br/api/pncp/v1/orgaos/14814139000183/compras/2025/31/itens/1/resultados","1","1","Informado","2025-04-23T16:51:22","2025-04-23T16:51:22","54511354000120","PROTECTOR CONTROLE DE PRAGAS URBANAS LTDA","PJ","1","ME","2062","Sociedade Empresária Limitada","BRA","1","9900","9900","0",,,,,,,,,"FALSE",,,,,"FALSE","FALSE",,,,,"FALSE",,"2025-04-23",,,,,,
"14814139000183-1-000019/2025","6","https://pncp.gov.br/api/pncp/v1/orgaos/14814139000183/compras/2025/19/itens/6/resultados","1","1","Informado","2025-06-23T16:58:02","2025-06-23T16:58:02","23297441000100","BERTHAX SURGICAL LTDA","PJ","1","ME","2062","Sociedade Empresária Limitada","BRA","1","662638.75","662638.75","0",,,,,,,,,"FALSE",,,,,"FALSE","FALSE",,,,,"FALSE",,"2025-06-23",,,,,,
"14814139000183-1-000056/2025","4","https://pncp.gov.br/api/pncp/v1/orgaos/14814139000183/compras/2025/56/itens/4/resultados","1","1","Informado","2025-04-24T08:13:58","2025-04-24T08:13:58","04522343000177","FARMACIA DE MANIPULACAO IDEAL FORMULAS LTDA","PJ","1","ME","2062","Sociedade Empresária Limitada","BRA","200","14.9","2980","0",,,,,,,,,"FALSE",,,,,"FALSE","FALSE",,,,,"FALSE","1","2025-04-24",,,,,,
"14814139000183-1-000056/2025","5","https://pncp.gov.br/api/pncp/v1/orgaos/14814139000183/compras/2025/56/itens/5/resultados","1","1","Informado","2025-04-24T08:13:58","2025-04-24T08:13:58","04522343000177","FARMACIA DE MANIPULACAO IDEAL FORMULAS LTDA","PJ","1","ME","2062","Sociedade Empresária Limitada","BRA","200","12.99","2598","0",,,,,,,,,"FALSE",,,,,"FALSE","FALSE",,,,,"FALSE","1","2025-04-24",,,,,,
"14814139000183-1-000067/2025","1","https://pncp.gov.br/api/pncp/v1/orgaos/14814139000183/compras/2025/67/itens/1/resultados","1","1","Informado","2025-06-23T13:42:54","2025-06-23T13:42:54","67729178000572","COMERCIAL CIRURGICA RIOCLARENSE LTDA","PJ","3","Demais","2062","Sociedade Empresária Limitada","BRA","5000","2.737","13685","0",,,,,,,,,"FALSE",,,,,"FALSE","FALSE",,,,,"FALSE","1","2025-06-23",,,,,,
"14814139000183-1-000067/2025","5","https://pncp.gov.br/api/pncp/v1/orgaos/14814139000183/compras/2025/67/itens/5/resultados","1","1","Informado","2025-06-23T13:42:54","2025-06-23T13:42:54","47181976000171","SUPERMED COMERCIO DE PRODUTOS MEDICOS E HOSPITALARES LTDA","PJ","1","ME","2062","Sociedade Empresária Limitada","BRA","50","4.13","206.5","0",,,,,,,,,"FALSE",,,,,"FALSE","FALSE",,,,,"FALSE","1","2025-06-23",,,,,,
"14814139000183-1-000067/2025","6","https://pncp.gov.br/api/pncp/v1/orgaos/14814139000183/compras/2025/67/itens/6/resultados","1","1","Informado","2025-06-23T13:42:54","2025-06-23T13:42:54","47181976000171","SUPERMED COMERCIO DE PRODUTOS MEDICOS E HOSPITALARES LTDA","PJ","1","ME","2062","Sociedade Empresária Limitada","BRA","50","4.09","204.5","0",,,,,,,,,"FALSE",,,,,"FALSE","FALSE",,,,,"FALSE","1","2025-06-23",,,,,,
"14814139000183-1-000067/2025","7","https://pncp.gov.br/api/pncp/v1/orgaos/14814139000183/compras/2025/67/itens/7/resultados","1","1","Informado","2025-06-23T13:42:54","2025-06-23T13:42:54","00802002000102","ALTERMED MATERIAL MEDICO HOSPITALAR LTDA","PJ","3","Demais","2062","Sociedade Empresária Limitada","BRA","400","3.8817","1552.68","0",,,,,,,,,"FALSE",,,,,"FALSE","FALSE",,,,,"FALSE","1","2025-06-23",,,,,,
"14814139000183-1-000067/2025","9","https://pncp.gov.br/api/pncp/v1/orgaos/14814139000183/compras/2025/67/itens/9/resultados","1","1","Informado","2025-06-23T13:42:54","2025-06-23T13:42:54","49742266000107","49.742.266 FIRMINO LUIS DE BARROS","PJ","1","ME","2135","Empresário (Individual)","BRA","10000","0.62","6200","0",,,,,,,,,"FALSE",,,,,"FALSE","FALSE",,,,,"FALSE","1","2025-06-23",,,,,,
"14814139000183-1-000067/2025","10","https://pncp.gov.br/api/pncp/v1/orgaos/14814139000183/compras/2025/67/itens/10/resultados","1","1","Informado","2025-06-23T13:42:54","2025-06-23T13:42:54","37052250000185","INVICTO COMERCIO DE PRODUTOS PARA SAUDE LTDA","PJ","1","ME","2062","Sociedade Empresária Limitada","BRA","1e+05","0.58","58000","0",,,,,,,,,"FALSE",,,,,"FALSE","TRUE","157","Instrução normativa de critério de julgamento e/ou edital (Sorteio)","Critério de desempate: Realização de sorteio.","TRUE","FALSE","1","2025-06-23",,,,,,
"14814139000183-1-000054/2025","1","https://pncp.gov.br/api/pncp/v1/orgaos/14814139000183/compras/2025/54/itens/1/resultados","1","1","Informado","2025-04-25T16:21:13","2025-04-25T16:21:13","47396413000109","DIFIO PRODUTOS MEDICOS LTDA","PJ","1","ME","2062","Sociedade Empresária Limitada","BRA","120","8.98","1077.6","0",,,,,,,,,"FALSE",,,,,"TRUE","TRUE","148","Lei 14.133/2021, art. 60, outros incisos","Critério de desempate: Utilizar esse código quando a justificativa de desempate via art. 60, derivar de outros incisos da Lei 14.133/2021 que não estão previstos nos Amparos Legais, códigos 145; 146; e 147, constantes no Manual de Integração do PNCP em seu item 5.15. Amparo Legal.","TRUE","FALSE","1","2025-04-25",,,,,,
"14814139000183-1-000054/2025","2","https://pncp.gov.br/api/pncp/v1/orgaos/14814139000183/compras/2025/54/itens/2/resultados","1","1","Informado","2025-04-25T16:21:13","2025-04-25T16:21:13","19717870000104","KIENTRO BRASIL LTDA","PJ","1","ME","2062","Sociedade Empresária Limitada","BRA","600","2.02","1212","0",,,,,,,,,"FALSE",,,,,"FALSE","FALSE",,,,,"FALSE","1","2025-04-25",,,,,,
"14814139000183-1-000054/2025","3","https://pncp.gov.br/api/pncp/v1/orgaos/14814139000183/compras/2025/54/itens/3/resultados","1","1","Informado","2025-04-25T16:21:13","2025-04-25T16:21:13","47396413000109","DIFIO PRODUTOS MEDICOS LTDA","PJ","1","ME","2062","Sociedade Empresária Limitada","BRA","120","2.25","270","0",,,,,,,,,"FALSE",,,,,"FALSE","FALSE",,,,,"FALSE","1","2025-04-25",,,,,,
"14814139000183-1-000054/2025","4","https://pncp.gov.br/api/pncp/v1/orgaos/14814139000183/compras/2025/54/itens/4/resultados","1","1","Informado","2025-04-25T16:21:13","2025-04-25T16:21:13","47396413000109","DIFIO PRODUTOS MEDICOS LTDA","PJ","1","ME","2062","Sociedade Empresária Limitada","BRA","480","2.25","1080","0",,,,,,,,,"FALSE",,,,,"FALSE","FALSE",,,,,"FALSE","1","2025-04-25",,,,,,
"14814139000183-1-000054/2025","5","https://pncp.gov.br/api/pncp/v1/orgaos/14814139000183/compras/2025/54/itens/5/resultados","1","1","Informado","2025-04-25T16:21:13","2025-04-25T16:21:13","29032826000114","DATA - MEDICAL PRODUTOS MEDICOS HOSPITALARES LTDA","PJ","1","ME","2062","Sociedade Empresária Limitada","BRA","120","3.77","452.4","0",,,,,,,,,"FALSE",,,,,"FALSE","FALSE",,,,,"FALSE","1","2025-04-25",,,,,,
"14814139000183-1-000054/2025","6","https://pncp.gov.br/api/pncp/v1/orgaos/14814139000183/compras/2025/54/itens/6/resultados","1","1","Informado","2025-04-25T16:21:14","2025-04-25T16:21:14","29032826000114","DATA - MEDICAL PRODUTOS MEDICOS HOSPITALARES LTDA","PJ","1","ME","2062","Sociedade Empresária Limitada","BRA","312","3.77","1176.24","0",,,,,,,,,"FALSE",,,,,"FALSE","FALSE",,,,,"FALSE","1","2025-04-25",,,,,,
"14814139000183-1-000054/2025","7","https://pncp.gov.br/api/pncp/v1/orgaos/14814139000183/compras/2025/54/itens/7/resultados","1","1","Informado","2025-04-25T16:21:14","2025-04-25T16:21:14","29032826000114","DATA - MEDICAL PRODUTOS MEDICOS HOSPITALARES LTDA","PJ","1","ME","2062","Sociedade Empresária Limitada","BRA","120","3.77","452.4","0",,,,,,,,,"FALSE",,,,,"FALSE","FALSE",,,,,"FALSE","1","2025-04-25",,,,,,
"14814139000183-1-000054/2025","8","https://pncp.gov.br/api/pncp/v1/orgaos/14814139000183/compras/2025/54/itens/8/resultados","1","1","Informado","2025-04-25T16:21:14","2025-04-25T16:21:14","29032826000114","DATA - MEDICAL PRODUTOS MEDICOS HOSPITALARES LTDA","PJ","1","ME","2062","Sociedade Empresária Limitada","BRA","480","3.77","1809.6","0",,,,,,,,,"FALSE",,,,,"FALSE","FALSE",,,,,"FALSE","1","2025-04-25",,,,,,
"14814139000183-1-000054/2025","9","https://pncp.gov.br/api/pncp/v1/orgaos/14814139000183/compras/2025/54/itens/9/resultados","1","1","Informado","2025-04-25T16:21:14","2025-04-25T16:21:14","29032826000114","DATA - MEDICAL PRODUTOS MEDICOS HOSPITALARES LTDA","PJ","1","ME","2062","Sociedade Empresária Limitada","BRA","240","3.77","904.8","0",,,,,,,,,"FALSE",,,,,"FALSE","FALSE",,,,,"FALSE","1","2025-04-25",,,,,,
"14814139000183-1-000054/2025","10","https://pncp.gov.br/api/pncp/v1/orgaos/14814139000183/compras/2025/54/itens/10/resultados","1","1","Informado","2025-04-25T16:21:14","2025-04-25T16:21:14","37882886000154","VERDE DISTRIBUIDORA DE MEDICAMENTOS LTDA","PJ","1","ME","2062","Sociedade Empresária Limitada","BRA","480","3.78","1814.4","0",,,,,,,,,"FALSE",,,,,"FALSE","FALSE",,,,,"FALSE","1","2025-04-25",,,,,,
"77636520000110-1-000015/2025","1","https://pncp.gov.br/api/pncp/v1/orgaos/77636520000110/compras/2025/15/itens/1/resultados","1","1","Informado","2025-04-28T08:28:43","2025-04-28T08:28:43","54719745000134","SUSSEL TROFEUS E PLACAS LTDA","PJ","1","ME","2062","Sociedade Empresária Limitada","BRA","1","4250","4250","0",,,,,,,,,"FALSE",,,,,"FALSE","FALSE",,,,,"FALSE","1","2025-04-25",,,,,,
"14814139000183-1-000070/2025","1","https://pncp.gov.br/api/pncp/v1/orgaos/14814139000183/compras/2025/70/itens/1/resultados","1","1","Informado","2025-04-28T09:39:26","2025-04-28T09:39:26","02916028000107","FRADEL-MED INDUSTRIA E COMERCIO DE APARELHOS MEDICOS LTDA","PJ","1","ME","2062","Sociedade Empresária Limitada","BRA","2","3542.01","7084.02","0",,,,,,,,,"FALSE",,,,,"FALSE","FALSE",,,,,"FALSE","1","2025-04-28",,,,,,
"14814139000183-1-000071/2025","1","https://pncp.gov.br/api/pncp/v1/orgaos/14814139000183/compras/2025/71/itens/1/resultados","1","1","Informado","2025-04-28T15:12:08","2025-04-28T15:12:08","13881437000123","PROAMED REPARACAO DE EQUIPAMENTOS HOSPITALARES LTDA","PJ","1","ME","2062","Sociedade Empresária Limitada","BRA","1","137320","137320","0",,,,,,,,,"FALSE",,,,,"FALSE","FALSE",,,,,"FALSE","1","2025-04-28",,,,,,
"14814139000183-1-000065/2025","1","https://pncp.gov.br/api/pncp/v1/orgaos/14814139000183/compras/2025/65/itens/1/resultados","1","1","Informado","2025-04-22T16:33:43","2025-04-22T16:33:43","42507940000111","JFN IMOVEIS LTDA","PJ","3","Demais","2062","Sociedade Empresária Limitada","BRA","1","91477.44","91477.44","0",,,,,,,,,"FALSE",,,,,"FALSE","FALSE",,,,,"FALSE","1","2025-04-22",,,,,,
"14814139000183-1-000036/2025","1","https://pncp.gov.br/api/pncp/v1/orgaos/14814139000183/compras/2025/36/itens/1/resultados","1","1","Informado","2025-05-05T08:21:59","2025-05-05T08:21:59","20339865000194","MARIMAX COMERCIO E IMPORTACAO DE PRODUTOS PARA SAUDE E VETERINARIOS LTDA","PJ","1","ME","2062","Sociedade Empresária Limitada","BRA","50","225.5","11275","0",,,,,,,,,"FALSE",,,,,"FALSE","FALSE",,,,,"FALSE","1","2025-05-05",,,,,,
"14814139000183-1-000036/2025","2","https://pncp.gov.br/api/pncp/v1/orgaos/14814139000183/compras/2025/36/itens/2/resultados","1","1","Informado","2025-05-05T08:21:59","2025-05-05T08:21:59","80392566000145","AABA COMERCIO DE EQUIPAMENTOS MEDICOS LTDA","PJ","3","Demais","2062","Sociedade Empresária Limitada","BRA","50","32","1600","0",,,,,,,,,"FALSE",,,,,"FALSE","FALSE",,,,,"FALSE","1","2025-05-05",,,,,,
"14814139000183-1-000036/2025","3","https://pncp.gov.br/api/pncp/v1/orgaos/14814139000183/compras/2025/36/itens/3/resultados","1","1","Informado","2025-05-05T08:21:59","2025-05-05T08:21:59","80392566000145","AABA COMERCIO DE EQUIPAMENTOS MEDICOS LTDA","PJ","3","Demais","2062","Sociedade Empresária Limitada","BRA","5000","48","240000","0",,,,,,,,,"FALSE",,,,,"FALSE","FALSE",,,,,"FALSE","1","2025-05-05",,,,,,
"14814139000183-1-000036/2025","4","https://pncp.gov.br/api/pncp/v1/orgaos/14814139000183/compras/2025/36/itens/4/resultados","1","1","Informado","2025-05-05T08:21:59","2025-05-05T08:21:59","37778759000100","CWBCARE PRODUTOS MEDICO HOSPITALARES LTDA","PJ","3","Demais","2062","Sociedade Empresária Limitada","BRA","3000","17.7434","53230.2","0",,,,,,,,,"FALSE",,,,,"FALSE","FALSE",,,,,"FALSE","1","2025-05-05",,,,,,
"14814139000183-1-000036/2025","5","https://pncp.gov.br/api/pncp/v1/orgaos/14814139000183/compras/2025/36/itens/5/resultados","1","1","Informado","2025-05-05T08:22:00","2025-05-05T08:22:00","80392566000145","AABA COMERCIO DE EQUIPAMENTOS MEDICOS LTDA","PJ","3","Demais","2062","Sociedade Empresária Limitada","BRA","1000","17.8","17800","0",,,,,,,,,"FALSE",,,,,"FALSE","FALSE",,,,,"FALSE","1","2025-05-05",,,,,,
"14814139000183-1-000036/2025","6","https://pncp.gov.br/api/pncp/v1/orgaos/14814139000183/compras/2025/36/itens/6/resultados","1","1","Informado","2025-05-05T08:22:00","2025-05-05T08:22:00","05247406000197","TORRE FORTE ATACADO E VAREJO LTDA","PJ","1","ME","2062","Sociedade Empresária Limitada","BRA","500","6.88","3440","0",,,,,,,,,"FALSE",,,,,"FALSE","FALSE",,,,,"FALSE","1","2025-05-05",,,,,,
"14814139000183-1-000036/2025","7","https://pncp.gov.br/api/pncp/v1/orgaos/14814139000183/compras/2025/36/itens/7/resultados","1","1","Informado","2025-05-05T08:22:00","2025-05-05T08:22:00","37778759000100","CWBCARE PRODUTOS MEDICO HOSPITALARES LTDA","PJ","3","Demais","2062","Sociedade Empresária Limitada","BRA","300","46.4121","13923.63","0",,,,,,,,,"FALSE",,,,,"FALSE","FALSE",,,,,"FALSE","1","2025-05-05",,,,,,
"14814139000183-1-000036/2025","8","https://pncp.gov.br/api/pncp/v1/orgaos/14814139000183/compras/2025/36/itens/8/resultados","1","1","Informado","2025-05-05T08:22:00","2025-05-05T08:22:00","04516470000163","TECNOPRINT IMPRESSOS TECNICOS LTDA","PJ","1","ME","2062","Sociedade Empresária Limitada","BRA","1200","18","21600","0",,,,,,,,,"FALSE",,,,,"FALSE","FALSE",,,,,"FALSE","1","2025-05-05",,,,,,
"14814139000183-1-000036/2025","9","https://pncp.gov.br/api/pncp/v1/orgaos/14814139000183/compras/2025/36/itens/9/resultados","1","1","Informado","2025-05-05T08:22:00","2025-05-05T08:22:00","56081482000106","DIMEBRAS COMERCIAL HOSPITALAR LTDA","PJ","3","Demais","2062","Sociedade Empresária Limitada","BRA","500","4.36","2180","0",,,,,,,,,"FALSE",,,,,"FALSE","FALSE",,,,,"FALSE","1","2025-05-05",,,,,,
"14814139000183-1-000036/2025","10","https://pncp.gov.br/api/pncp/v1/orgaos/14814139000183/compras/2025/36/itens/10/resultados","1","1","Informado","2025-05-05T08:22:00","2025-05-05T08:22:00","57394275000174","MEDVERSUS COMERCIO DE PRODUTOS HOSPITALARES LTDA","PJ","1","ME","2062","Sociedade Empresária Limitada","BRA","50","59","2950","0",,,,,,,,,"FALSE",,,,,"FALSE","FALSE",,,,,"FALSE","1","2025-05-05",,,,,,
"14814139000183-1-000055/2025","1","https://pncp.gov.br/api/pncp/v1/orgaos/14814139000183/compras/2025/55/itens/1/resultados","1","1","Informado","2025-05-08T13:55:54","2025-05-08T13:55:54","91083212000135","DENTARIA E DISTRIBUIDORA HOSPITALAR PORTO ALEGRENSE LTD","PJ","1","ME","2062","Sociedade Empresária Limitada","BRA","1000","0.28","280","0",,,,,,,,,"FALSE",,,,,"FALSE","FALSE",,,,,"FALSE","1","2025-05-08",,,,,,
"14814139000183-1-000055/2025","2","https://pncp.gov.br/api/pncp/v1/orgaos/14814139000183/compras/2025/55/itens/2/resultados","1","1","Informado","2025-05-08T13:56:00","2025-05-08T13:56:00","31401798000107","DENTAL BH BRASIL COMERCIO DE PRODUTOS ODONTO-MEDICO-HOSPITALAR LTDA","PJ","1","ME","2062","Sociedade Empresária Limitada","BRA","200","6.05","1210","0",,,,,,,,,"FALSE",,,,,"FALSE","FALSE",,,,,"FALSE","1","2025-05-08",,,,,,
"14814139000183-1-000055/2025","3","https://pncp.gov.br/api/pncp/v1/orgaos/14814139000183/compras/2025/55/itens/3/resultados","1","1","Informado","2025-05-08T13:55:58","2025-05-08T13:55:58","31401798000107","DENTAL BH BRASIL COMERCIO DE PRODUTOS ODONTO-MEDICO-HOSPITALAR LTDA","PJ","1","ME","2062","Sociedade Empresária Limitada","BRA","10","23","230","0",,,,,,,,,"FALSE",,,,,"FALSE","FALSE",,,,,"FALSE","1","2025-05-08",,,,,,
"14814139000183-1-000059/2025","1","https://pncp.gov.br/api/pncp/v1/orgaos/14814139000183/compras/2025/59/itens/1/resultados","1","1","Informado","2025-05-12T08:23:22","2025-05-12T08:23:22","79761672000170","LEONIR JOAO PECHER","PJ","1","ME","2135","Empresário (Individual)","BRA","1","117000","117000","0",,,,,,,,,"FALSE",,,,,"FALSE","FALSE",,,,,"FALSE",,"2025-05-12",,,,,,
"14814139000183-1-000026/2025","1","https://pncp.gov.br/api/pncp/v1/orgaos/14814139000183/compras/2025/26/itens/1/resultados","1","1","Informado","2025-05-12T12:05:43","2025-05-12T12:05:43","46328269000100","FUFA PR COMERCIO DE PRODUTOS HOSPITALARES LTDA","PJ","1","ME","2062","Sociedade Empresária Limitada","BRA","1200","25.4","30480","0",,,,,,,,,"FALSE",,,,,"FALSE","FALSE",,,,,"FALSE","1","2025-05-12",,,,,,
"14814139000183-1-000026/2025","2","https://pncp.gov.br/api/pncp/v1/orgaos/14814139000183/compras/2025/26/itens/2/resultados","1","1","Informado","2025-05-12T12:05:43","2025-05-12T12:05:43","47411780000126","BACE COMERCIO INTERNACIONAL LTDA","PJ","3","Demais","2062","Sociedade Empresária Limitada","BRA","2250","39.65","89212.5","0",,,,,,,,,"FALSE",,,,,"FALSE","FALSE",,,,,"FALSE","1","2025-05-12",,,,,,
"14814139000183-1-000026/2025","3","https://pncp.gov.br/api/pncp/v1/orgaos/14814139000183/compras/2025/26/itens/3/resultados","1","1","Informado","2025-05-12T12:05:43","2025-05-12T12:05:43","27311107000107","SC MED DISTRIBUIDORA MEDICO HOSPITALAR LTDA","PJ","1","ME","2062","Sociedade Empresária Limitada","BRA","750","122.4","91800","0",,,,,,,,,"FALSE",,,,,"FALSE","FALSE",,,,,"FALSE","1","2025-05-12",,,,,,
"14814139000183-1-000026/2025","4","https://pncp.gov.br/api/pncp/v1/orgaos/14814139000183/compras/2025/26/itens/4/resultados","1","1","Informado","2025-05-12T12:05:43","2025-05-12T12:05:43","54858014000927","ESSITY SOLUCOES MEDICAS DO BRASIL   COMERCIO E DISTRIBUICAO LTDA.","PJ","3","Demais","2062","Sociedade Empresária Limitada","BRA","5000","23.94","119700","0",,,,,,,,,"FALSE",,,,,"FALSE","FALSE",,,,,"FALSE","1","2025-05-12",,,,,,
"14814139000183-1-000026/2025","6","https://pncp.gov.br/api/pncp/v1/orgaos/14814139000183/compras/2025/26/itens/6/resultados","1","1","Informado","2025-05-12T12:05:43","2025-05-12T12:05:43","02881877000164","POLAR FIX INDUSTRIA E COMERCIO DE PRODUTOS HOSPITALARES LTDA","PJ","3","Demais","2062","Sociedade Empresária Limitada","BRA","15000","3.52","52800","0",,,,,,,,,"FALSE",,,,,"FALSE","FALSE",,,,,"FALSE","1","2025-05-12",,,,,,
"14814139000183-1-000040/2025","1","https://pncp.gov.br/api/pncp/v1/orgaos/14814139000183/compras/2025/40/itens/1/resultados","1","1","Informado","2025-05-13T14:25:20","2025-05-13T14:25:20","45502808000105","ASAE SERVICOS ELETRICOS LTDA","PJ","1","ME","2062","Sociedade Empresária Limitada","BRA","1","13316.16","13316.16","0",,,,,,,,,"FALSE",,,,,"FALSE","FALSE",,,,,"FALSE",,"2025-05-13",,,,,,
"14814139000183-1-000040/2025","2","https://pncp.gov.br/api/pncp/v1/orgaos/14814139000183/compras/2025/40/itens/2/resultados","1","1","Informado","2025-05-13T14:25:18","2025-05-13T14:25:18","45502808000105","ASAE SERVICOS ELETRICOS LTDA","PJ","1","ME","2062","Sociedade Empresária Limitada","BRA","1","19500","19500","0",,,,,,,,,"FALSE",,,,,"FALSE","FALSE",,,,,"FALSE",,"2025-05-13",,,,,,
"14814139000183-1-000040/2025","3","https://pncp.gov.br/api/pncp/v1/orgaos/14814139000183/compras/2025/40/itens/3/resultados","1","1","Informado","2025-05-13T14:25:32","2025-05-13T14:25:32","45502808000105","ASAE SERVICOS ELETRICOS LTDA","PJ","1","ME","2062","Sociedade Empresária Limitada","BRA","1","3900","3900","0",,,,,,,,,"FALSE",,,,,"FALSE","FALSE",,,,,"FALSE",,"2025-05-13",,,,,,
"14814139000183-1-000041/2025","1","https://pncp.gov.br/api/pncp/v1/orgaos/14814139000183/compras/2025/41/itens/1/resultados","1","1","Informado","2025-05-14T08:59:11","2025-05-14T08:59:11","36268317000150","JCM EMPREENDIMENTOS LTDA","PJ","1","ME","2062","Sociedade Empresária Limitada","BRA","60","810","48600","0",,,,,,,,,"FALSE",,,,,"FALSE","FALSE",,,,,"FALSE","1","2025-05-14",,,,,,
"14814139000183-1-000041/2025","2","https://pncp.gov.br/api/pncp/v1/orgaos/14814139000183/compras/2025/41/itens/2/resultados","1","1","Informado","2025-05-14T08:59:11","2025-05-14T08:59:11","36268317000150","JCM EMPREENDIMENTOS LTDA","PJ","1","ME","2062","Sociedade Empresária Limitada","BRA","60","39","2340","0",,,,,,,,,"FALSE",,,,,"FALSE","FALSE",,,,,"FALSE","1","2025-05-14",,,,,,
"14814139000183-1-000043/2025","1","https://pncp.gov.br/api/pncp/v1/orgaos/14814139000183/compras/2025/43/itens/1/resultados","1","1","Informado","2025-05-15T10:16:26","2025-05-15T10:16:26","10224279000140","STILLO AR CONDICIONADO LTDA.","PJ","1","ME","2062","Sociedade Empresária Limitada","BRA","1","549900","549900","0",,,,,,,,,"FALSE",,,,,"FALSE","FALSE",,,,,"FALSE",,"2025-05-15",,,,,,
"14814139000183-1-000063/2025","1","https://pncp.gov.br/api/pncp/v1/orgaos/14814139000183/compras/2025/63/itens/1/resultados","1","1","Informado","2025-05-15T11:22:32","2025-05-15T11:22:32","50429810000136","SAPRA LANDAUER SERVICO DE ASSESSORIA E PROTECAO RADIOLOGICA LTDA.","PJ","3","Demais","2062","Sociedade Empresária Limitada","BRA","1","50997.6","50997.6","0",,,,,,,,,"FALSE",,,,,"FALSE","FALSE",,,,,"FALSE",,"2025-05-15",,,,,,
"77636520000110-1-000007/2025","1","https://pncp.gov.br/api/pncp/v1/orgaos/77636520000110/compras/2025/7/itens/1/resultados","1","1","Informado","2025-05-05T15:47:57","2025-05-05T15:47:57","53127004000100","MITRIDATES SOLUCOES LTDA","PJ","3","Demais",,,"BRA","2","1249","2498","0",,,,,,,,,"FALSE",,,,,"FALSE","FALSE",,,,,"FALSE","1","2025-05-05",,,,,,
"77636520000110-1-000007/2025","2","https://pncp.gov.br/api/pncp/v1/orgaos/77636520000110/compras/2025/7/itens/2/resultados","1","1","Informado","2025-05-05T15:48:02","2025-05-05T15:48:02","53127004000100","MITRIDATES SOLUCOES LTDA","PJ","3","Demais",,,"BRA","2","460","920","0",,,,,,,,,"FALSE",,,,,"FALSE","FALSE",,,,,"FALSE","1","2025-05-05",,,,,,
"77636520000110-1-000007/2025","3","https://pncp.gov.br/api/pncp/v1/orgaos/77636520000110/compras/2025/7/itens/3/resultados","1","1","Informado","2025-05-05T15:48:08","2025-05-05T15:48:08","53127004000100","MITRIDATES SOLUCOES LTDA","PJ","3","Demais",,,"BRA","2","346","692","0",,,,,,,,,"FALSE",,,,,"FALSE","FALSE",,,,,"FALSE","1","2025-05-05",,,,,,
"77636520000110-1-000007/2025","4","https://pncp.gov.br/api/pncp/v1/orgaos/77636520000110/compras/2025/7/itens/4/resultados","1","1","Informado","2025-05-05T15:48:13","2025-05-05T15:48:13","53127004000100","MITRIDATES SOLUCOES LTDA","PJ","3","Demais",,,"BRA","2","749","1498","0",,,,,,,,,"FALSE",,,,,"FALSE","FALSE",,,,,"FALSE","1","2025-05-05",,,,,,
"77636520000110-1-000007/2025","6","https://pncp.gov.br/api/pncp/v1/orgaos/77636520000110/compras/2025/7/itens/6/resultados","1","1","Informado","2025-05-05T15:48:21","2025-05-05T15:48:21","53127004000100","MITRIDATES SOLUCOES LTDA","PJ","3","Demais",,,"BRA","3","2099","6297","0",,,,,,,,,"FALSE",,,,,"FALSE","FALSE",,,,,"FALSE","1","2025-05-05",,,,,,
"14814139000183-1-000064/2025","1","https://pncp.gov.br/api/pncp/v1/orgaos/14814139000183/compras/2025/64/itens/1/resultados","1","1","Informado","2025-05-08T10:17:19","2025-05-08T10:17:19","16796180000108","LOGIKA ENGENHARIA LTDA","PJ","3","Demais",,,"BRA","1","8900","8900","0",,,,,,,,,"FALSE",,,,,"FALSE","FALSE",,,,,"FALSE","1","2025-05-08",,,,,,
"14814139000183-1-000074/2025","1","https://pncp.gov.br/api/pncp/v1/orgaos/14814139000183/compras/2025/74/itens/1/resultados","1","1","Informado","2025-05-09T09:00:40","2025-05-09T09:00:40","21324407000144","A E S MARIANO ASSESSORIA","PJ","3","Demais",,,"BRA","75772","0.06","4546.32","0",,,,,,,,,"FALSE",,,,,"FALSE","FALSE",,,,,"FALSE","1","2025-05-09",,,,,,
"14814139000183-1-000077/2025","1","https://pncp.gov.br/api/pncp/v1/orgaos/14814139000183/compras/2025/77/itens/1/resultados","1","1","Informado","2025-05-05T10:07:20","2025-05-05T10:07:20","10411637000124","GRUPO BRASILEIRO DE CLASSIFICACAO DE RISCO-GBCR","PJ","3","Demais","3999","Associação Privada","BRA","1","138000","138000","0",,,,,,,,,"FALSE",,,,,"FALSE","FALSE",,,,,"FALSE","1","2025-05-05",,,,,,
"14814139000183-1-000060/2025","1","https://pncp.gov.br/api/pncp/v1/orgaos/14814139000183/compras/2025/60/itens/1/resultados","1","1","Informado","2025-05-21T08:15:46","2025-05-21T08:15:46","17213439000103","ALDREY PAUCIO DA SILVA","PJ","1","ME","2135","Empresário (Individual)","BRA","1800","65","117000","0",,,,,,,,,"FALSE",,,,,"FALSE","FALSE",,,,,"FALSE","1","2025-05-21",,,,,,
"14814139000183-1-000060/2025","2","https://pncp.gov.br/api/pncp/v1/orgaos/14814139000183/compras/2025/60/itens/2/resultados","1","1","Informado","2025-05-21T08:16:38","2025-05-21T08:16:38","17213439000103","ALDREY PAUCIO DA SILVA","PJ","1","ME","2135","Empresário (Individual)","BRA","600","65","39000","0",,,,,,,,,"FALSE",,,,,"FALSE","FALSE",,,,,"FALSE","1","2025-05-21",,,,,,
"14814139000183-1-000060/2025","3","https://pncp.gov.br/api/pncp/v1/orgaos/14814139000183/compras/2025/60/itens/3/resultados","1","1","Informado","2025-05-21T08:15:24","2025-05-21T08:15:24","12793110000137","SIGPLAST EMBALAGENS LTDA","PJ","1","ME","2062","Sociedade Empresária Limitada","BRA","22500","4.74","106650","0",,,,,,,,,"FALSE",,,,,"FALSE","FALSE",,,,,"FALSE","1","2025-05-21",,,,,,
"14814139000183-1-000060/2025","4","https://pncp.gov.br/api/pncp/v1/orgaos/14814139000183/compras/2025/60/itens/4/resultados","1","1","Informado","2025-05-21T08:17:10","2025-05-21T08:17:10","12793110000137","SIGPLAST EMBALAGENS LTDA","PJ","1","ME","2062","Sociedade Empresária Limitada","BRA","7500","4.74","35550","0",,,,,,,,,"FALSE",,,,,"FALSE","FALSE",,,,,"FALSE","1","2025-05-21",,,,,,
"14814139000183-1-000060/2025","5","https://pncp.gov.br/api/pncp/v1/orgaos/14814139000183/compras/2025/60/itens/5/resultados","1","1","Informado","2025-05-21T08:15:24","2025-05-21T08:15:24","12793110000137","SIGPLAST EMBALAGENS LTDA","PJ","1","ME","2062","Sociedade Empresária Limitada","BRA","5850000","0.056","327600","0",,,,,,,,,"FALSE",,,,,"FALSE","FALSE",,,,,"FALSE","1","2025-05-21",,,,,,
"14814139000183-1-000060/2025","6","https://pncp.gov.br/api/pncp/v1/orgaos/14814139000183/compras/2025/60/itens/6/resultados","1","1","Informado","2025-05-21T08:16:32","2025-05-21T08:16:32","12793110000137","SIGPLAST EMBALAGENS LTDA","PJ","1","ME","2062","Sociedade Empresária Limitada","BRA","1950000","0.056","109200","0",,,,,,,,,"FALSE",,,,,"FALSE","FALSE",,,,,"FALSE","1","2025-05-21",,,,,,
"14814139000183-1-000060/2025","7","https://pncp.gov.br/api/pncp/v1/orgaos/14814139000183/compras/2025/60/itens/7/resultados","1","1","Informado","2025-05-21T08:15:04","2025-05-21T08:15:04","12793110000137","SIGPLAST EMBALAGENS LTDA","PJ","1","ME","2062","Sociedade Empresária Limitada","BRA","5e+06","0.0123","61500","0",,,,,,,,,"FALSE",,,,,"FALSE","FALSE",,,,,"FALSE","1","2025-05-21",,,,,,
"14814139000183-1-000060/2025","8","https://pncp.gov.br/api/pncp/v1/orgaos/14814139000183/compras/2025/60/itens/8/resultados","1","1","Informado","2025-05-21T08:17:44","2025-05-21T08:17:44","52996455000102","ELEVATE UTILIDADES LTDA","PJ","1","ME","2062","Sociedade Empresária Limitada","BRA","300","19.79","5937","0",,,,,,,,,"FALSE",,,,,"FALSE","FALSE",,,,,"FALSE","1","2025-05-21",,,,,,
"14814139000183-1-000062/2025","1","https://pncp.gov.br/api/pncp/v1/orgaos/14814139000183/compras/2025/62/itens/1/resultados","1","1","Informado","2025-05-22T08:36:31","2025-05-22T08:36:31","00980608000120","PRISMA INFORMATICA LTDA","PJ","3","Demais","2062","Sociedade Empresária Limitada","BRA","1","1005000","1005000","0",,,,,,,,,"FALSE",,,,,"FALSE","FALSE",,,,,"FALSE",,"2025-05-22",,,,,,
"76417005000186-1-000048/2024","1","https://pncp.gov.br/api/pncp/v1/orgaos/76417005000186/compras/2024/48/itens/1/resultados","1","1","Informado","2024-05-20T11:05:33","2024-05-20T11:05:33","36581851000112","BRASIL COMÉRCIO DE MATERIAL ESPORTIVO EIRELI","PJ","1","ME",,,"BRA","33500","8.99","301165","0",,,,,,,,,"FALSE",,,,,"FALSE","FALSE",,,,,"FALSE","1","2024-05-16",,,,,,
"76417005000186-1-000048/2024","1","https://pncp.gov.br/api/pncp/v1/orgaos/76417005000186/compras/2024/48/itens/1/resultados","2","1","Informado","2024-05-20T11:05:48","2024-05-20T11:05:48","14141243000154","ANDERSON LANGELOH ROOS ME","PJ","1","ME",,,"BRA","33500","10.99","368165","0",,,,,,,,,"FALSE",,,,,"FALSE","FALSE",,,,,"FALSE","2","2024-05-16",,,,,,
"76417005000186-1-000048/2024","1","https://pncp.gov.br/api/pncp/v1/orgaos/76417005000186/compras/2024/48/itens/1/resultados","3","1","Informado","2024-05-20T11:06:13","2024-05-20T11:06:13","46165404000136","ESTRATÉGIA ESPORTES LTDA","PJ","1","ME",,,"BRA","33500","11","368500","0",,,,,,,,,"FALSE",,,,,"FALSE","FALSE",,,,,"FALSE","3","2024-05-16",,,,,,
"76417005000186-1-000048/2024","1","https://pncp.gov.br/api/pncp/v1/orgaos/76417005000186/compras/2024/48/itens/1/resultados","4","1","Informado","2024-05-20T11:06:24","2024-05-20T11:06:24","27151363000184","ALEXYAN DE L. CAVALI & CIA LTDA ME","PJ","1","ME",,,"BRA","33500","11.35","380225","0",,,,,,,,,"FALSE",,,,,"FALSE","FALSE",,,,,"FALSE","4","2024-05-16",,,,,,
"76417005000186-1-000048/2024","1","https://pncp.gov.br/api/pncp/v1/orgaos/76417005000186/compras/2024/48/itens/1/resultados","5","1","Informado","2024-05-20T11:06:55","2024-05-20T11:06:55","27082127000153","FAGNER CORREA FREIRE 08175778903","PJ","3","Demais",,,"BRA","33500","12","402000","0",,,,,,,,,"FALSE",,,,,"FALSE","FALSE",,,,,"FALSE","5","2024-05-16",,,,,,
"76417005000186-1-000048/2024","2","https://pncp.gov.br/api/pncp/v1/orgaos/76417005000186/compras/2024/48/itens/2/resultados","1","1","Informado","2024-05-20T11:07:11","2024-05-20T11:07:11","27151363000184","ALEXYAN DE L. CAVALI & CIA LTDA ME","PJ","1","ME",,,"BRA","6000","9.97","59820","0",,,,,,,,,"FALSE",,,,,"FALSE","FALSE",,,,,"FALSE","1","2024-05-16",,,,,,
"76417005000186-1-000048/2024","2","https://pncp.gov.br/api/pncp/v1/orgaos/76417005000186/compras/2024/48/itens/2/resultados","2","1","Informado","2024-05-20T11:07:26","2024-05-20T11:07:26","36581851000112","BRASIL COMÉRCIO DE MATERIAL ESPORTIVO EIRELI","PJ","1","ME",,,"BRA","6000","10.4","62400","0",,,,,,,,,"FALSE",,,,,"FALSE","FALSE",,,,,"FALSE","2","2024-05-16",,,,,,
"76417005000186-1-000048/2024","2","https://pncp.gov.br/api/pncp/v1/orgaos/76417005000186/compras/2024/48/itens/2/resultados","3","1","Informado","2024-05-20T11:07:45","2024-05-20T11:07:45","46165404000136","ESTRATÉGIA ESPORTES LTDA","PJ","1","ME",,,"BRA","6000","11","66000","0",,,,,,,,,"FALSE",,,,,"FALSE","FALSE",,,,,"FALSE","3","2024-05-16",,,,,,
"76417005000186-1-000048/2024","2","https://pncp.gov.br/api/pncp/v1/orgaos/76417005000186/compras/2024/48/itens/2/resultados","4","1","Informado","2024-05-20T11:08:10","2024-05-20T11:08:10","14141243000154","ANDERSON LANGELOH ROOS ME","PJ","1","ME",,,"BRA","6000","11.02","66120","0",,,,,,,,,"FALSE",,,,,"FALSE","FALSE",,,,,"FALSE","4","2024-05-16",,,,,,
"76417005000186-1-000048/2024","2","https://pncp.gov.br/api/pncp/v1/orgaos/76417005000186/compras/2024/48/itens/2/resultados","5","1","Informado","2024-05-20T11:08:39","2024-05-20T11:08:39","27082127000153","FAGNER CORREA FREIRE 08175778903","PJ","3","Demais",,,"BRA","6000","11.68","70080","0",,,,,,,,,"FALSE",,,,,"FALSE","FALSE",,,,,"FALSE","5","2024-05-16",,,,,,
"76417005000186-1-000048/2024","3","https://pncp.gov.br/api/pncp/v1/orgaos/76417005000186/compras/2024/48/itens/3/resultados","1","1","Informado","2024-05-20T11:09:00","2024-05-20T11:09:00","36581851000112","BRASIL COMÉRCIO DE MATERIAL ESPORTIVO EIRELI","PJ","1","ME",,,"BRA","10000","11.2","112000","0",,,,,,,,,"FALSE",,,,,"FALSE","FALSE",,,,,"FALSE","1","2024-05-16",,,,,,
"76417005000186-1-000048/2024","3","https://pncp.gov.br/api/pncp/v1/orgaos/76417005000186/compras/2024/48/itens/3/resultados","2","1","Informado","2024-05-20T11:09:30","2024-05-20T11:09:30","46165404000136","ESTRATÉGIA ESPORTES LTDA","PJ","1","ME",,,"BRA","10000","11.99","119900","0",,,,,,,,,"FALSE",,,,,"FALSE","FALSE",,,,,"FALSE","2","2024-05-16",,,,,,
"76417005000186-1-000048/2024","3","https://pncp.gov.br/api/pncp/v1/orgaos/76417005000186/compras/2024/48/itens/3/resultados","3","1","Informado","2024-05-20T11:10:02","2024-05-20T11:10:02","14141243000154","ANDERSON LANGELOH ROOS ME","PJ","1","ME",,,"BRA","10000","12","120000","0",,,,,,,,,"FALSE",,,,,"FALSE","FALSE",,,,,"FALSE","3","2024-05-16",,,,,,
"76417005000186-1-000048/2024","3","https://pncp.gov.br/api/pncp/v1/orgaos/76417005000186/compras/2024/48/itens/3/resultados","4","1","Informado","2024-05-20T11:10:24","2024-05-20T11:10:24","27151363000184","ALEXYAN DE L. CAVALI & CIA LTDA ME","PJ","1","ME",,,"BRA","10000","12.01","120100","0",,,,,,,,,"FALSE",,,,,"FALSE","FALSE",,,,,"FALSE","4","2024-05-16",,,,,,
"76417005000186-1-000048/2024","3","https://pncp.gov.br/api/pncp/v1/orgaos/76417005000186/compras/2024/48/itens/3/resultados","5","1","Informado","2024-05-20T11:10:47","2024-05-20T11:10:47","27082127000153","FAGNER CORREA FREIRE 08175778903","PJ","3","Demais",,,"BRA","10000","12.33","123300","0",,,,,,,,,"FALSE",,,,,"FALSE","FALSE",,,,,"FALSE","5","2024-05-16",,,,,,
"77636520000110-1-000008/2025","1","https://pncp.gov.br/api/pncp/v1/orgaos/77636520000110/compras/2025/8/itens/1/resultados","1","1","Informado","2025-05-28T18:08:23","2025-05-28T18:08:23","21782356000102","KELLY MINIOLI COMERCIO DE PRODUTOS LTDA","PJ","1","ME","2062","Sociedade Empresária Limitada","BRA","2520","29.21","73609.2","0",,,,,,,,,"FALSE",,,,,"FALSE","FALSE",,,,,"FALSE",,"2025-05-28",,,,,,
"77636520000110-1-000008/2025","2","https://pncp.gov.br/api/pncp/v1/orgaos/77636520000110/compras/2025/8/itens/2/resultados","1","1","Informado","2025-05-28T17:58:23","2025-05-28T17:58:23","21782356000102","KELLY MINIOLI COMERCIO DE PRODUTOS LTDA","PJ","1","ME","2062","Sociedade Empresária Limitada","BRA","3000","9.66","28980","0",,,,,,,,,"FALSE",,,,,"FALSE","FALSE",,,,,"FALSE",,"2025-05-28",,,,,,
"77636520000110-1-000008/2025","3","https://pncp.gov.br/api/pncp/v1/orgaos/77636520000110/compras/2025/8/itens/3/resultados","1","1","Informado","2025-05-28T17:58:23","2025-05-28T17:58:23","32667747000194","COMERCIAL ACESSO- MATERIAIS E SERVICOS CORRELATOS DA CONSTRUCAO CIVILLTDA","PJ","1","ME","2062","Sociedade Empresária Limitada","BRA","144","97","13968","0",,,,,,,,,"FALSE",,,,,"FALSE","TRUE","145","Lei 14.133/2021, art. 60, I","Critério de desempate: Estipula que, em caso de empate entre propostas de licitação, os licitantes envolvidos devem participar de uma disputa final onde podem apresentar novas propostas imediatamente após a classificação, proporcionando uma chance adicional para vencer a licitação.","TRUE","FALSE",,"2025-05-28",,,,,,
"76417005000186-1-000054/2025","1","https://pncp.gov.br/api/pncp/v1/orgaos/76417005000186/compras/2025/54/itens/1/resultados","1","1","Informado","2025-05-05T13:45:06","2025-05-21T14:32:42","04207857000138","FILTROS APOL NEW LTDA","PJ","2","EPP",,,"BRA","28","115","3220","0",,,,,,,,,"FALSE",,,,,"TRUE","TRUE","145","Lei 14.133/2021, art. 60, I","Critério de desempate: Estipula que, em caso de empate entre propostas de licitação, os licitantes envolvidos devem participar de uma disputa final onde podem apresentar novas propostas imediatamente após a classificação, proporcionando uma chance adicional para vencer a licitação.","TRUE","FALSE","1","2025-04-30",,,,,,
"77636520000110-1-000017/2025","1","https://pncp.gov.br/api/pncp/v1/orgaos/77636520000110/compras/2025/17/itens/1/resultados","1","1","Informado","2025-05-27T11:10:42","2025-05-27T11:10:42","23961031000104","TECNO SOLUCOES EM LOGISTICA LTDA","PJ","1","ME","2062","Sociedade Empresária Limitada","BRA","10","1580","15800","0",,,,,,,,,"FALSE",,,,,"FALSE","FALSE",,,,,"FALSE","1","2025-05-27",,,,,,
"14814139000183-1-000207/2024","1","https://pncp.gov.br/api/pncp/v1/orgaos/14814139000183/compras/2024/207/itens/1/resultados","1","1","Informado","2025-01-02T08:46:14","2025-01-02T08:46:14","00656468000139","SOMA/PR COMERCIO DE PRODUTOS HOSPITALARES LTDA","PJ","3","Demais","2062","Sociedade Empresária Limitada","BRA","500","0.588","294","0",,,,,,,,,"FALSE",,,,,"FALSE","FALSE",,,,,"FALSE","1","2025-01-02",,,,,,
"14814139000183-1-000207/2024","4","https://pncp.gov.br/api/pncp/v1/orgaos/14814139000183/compras/2024/207/itens/4/resultados","1","1","Informado","2025-01-02T08:46:14","2025-01-02T08:46:14","60665981000975","UNIAO QUIMICA FARMACEUTICA NACIONAL S A","PJ","3","Demais","2054","Sociedade Anônima Fechada","BRA","1e+05","1.16","116000","0",,,,,,,,,"FALSE",,,,,"FALSE","FALSE",,,,,"FALSE","1","2025-01-02",,,,,,
"14814139000183-1-000207/2024","6","https://pncp.gov.br/api/pncp/v1/orgaos/14814139000183/compras/2024/207/itens/6/resultados","1","1","Informado","2025-01-02T08:46:15","2025-01-02T08:46:15","13485130000103","PHARMA LOG PRODUTOS FARMACEUTICOS LTDA","PJ","3","Demais","2062","Sociedade Empresária Limitada","BRA","500","0.3","150","0",,,,,,,,,"FALSE",,,,,"FALSE","FALSE",,,,,"FALSE","1","2025-01-02",,,,,,
"14814139000183-1-000207/2024","7","https://pncp.gov.br/api/pncp/v1/orgaos/14814139000183/compras/2024/207/itens/7/resultados","1","1","Informado","2025-01-02T08:46:15","2025-01-02T08:46:15","02816696000154","PONTAMED FARMACEUTICA LTDA","PJ","3","Demais","2062","Sociedade Empresária Limitada","BRA","2000","0.169","338","0",,,,,,,,,"FALSE",,,,,"FALSE","FALSE",,,,,"FALSE","1","2025-01-02",,,,,,
"14814139000183-1-000207/2024","8","https://pncp.gov.br/api/pncp/v1/orgaos/14814139000183/compras/2024/207/itens/8/resultados","1","1","Informado","2025-01-02T08:46:15","2025-01-02T08:46:15","05439635000456","ANTIBIOTICOS DO BRASIL LTDA.","PJ","3","Demais","2062","Sociedade Empresária Limitada","BRA","500","140","70000","0",,,,,,,,,"FALSE",,,,,"FALSE","FALSE",,,,,"FALSE","1","2025-01-02",,,,,,
"14814139000183-1-000207/2024","9","https://pncp.gov.br/api/pncp/v1/orgaos/14814139000183/compras/2024/207/itens/9/resultados","1","1","Informado","2025-01-02T08:46:15","2025-01-02T08:46:15","00656468000139","SOMA/PR COMERCIO DE PRODUTOS HOSPITALARES LTDA","PJ","3","Demais","2062","Sociedade Empresária Limitada","BRA","3000","0.545","1635","0",,,,,,,,,"FALSE",,,,,"FALSE","FALSE",,,,,"FALSE","1","2025-01-02",,,,,,
"14814139000183-1-000207/2024","10","https://pncp.gov.br/api/pncp/v1/orgaos/14814139000183/compras/2024/207/itens/10/resultados","1","1","Informado","2025-01-02T08:46:15","2025-01-02T08:46:15","81706251000198","PROMEFARMA MEDICAMENTOS E PRODUTOS HOSPITALARES LTDA","PJ","3","Demais","2062","Sociedade Empresária Limitada","BRA","1000","1.58","1580","0",,,,,,,,,"FALSE",,,,,"FALSE","FALSE",,,,,"FALSE","1","2025-01-02",,,,,,
"03518900000113-1-000018/2024","1","https://pncp.gov.br/api/pncp/v1/orgaos/03518900000113/compras/2024/18/itens/1/resultados","1","1","Informado","2025-01-08T08:43:39","2025-01-08T08:43:39","04307650001298","ONCO PROD DISTRIBUIDORA DE PRODUTOS HOSPITALARES E ONCOLOGICOS LTDA.","PJ","3","Demais","2062","Sociedade Empresária Limitada","BRA","5400","251.74","1359396","0",,,,,,,,,"FALSE",,,,,"FALSE","FALSE",,,,,"FALSE","1","2025-01-08",,,,,,
"03518900000113-1-000018/2024","2","https://pncp.gov.br/api/pncp/v1/orgaos/03518900000113/compras/2024/18/itens/2/resultados","1","1","Informado","2025-01-08T08:43:39","2025-01-08T08:43:39","04307650001298","ONCO PROD DISTRIBUIDORA DE PRODUTOS HOSPITALARES E ONCOLOGICOS LTDA.","PJ","3","Demais","2062","Sociedade Empresária Limitada","BRA","1800","251.74","453132","0",,,,,,,,,"FALSE",,,,,"FALSE","FALSE",,,,,"FALSE","1","2025-01-08",,,,,,
"03518900000113-1-000018/2024","4","https://pncp.gov.br/api/pncp/v1/orgaos/03518900000113/compras/2024/18/itens/4/resultados","1","1","Informado","2025-01-08T08:43:39","2025-01-08T08:43:39","94516671000234","CIRURGICA SANTA CRUZ COM. DE PRODUTOS HOSPITALARES LTDA.","PJ","3","Demais","2062","Sociedade Empresária Limitada","BRA","600","66.43","39858","0",,,,,,,,,"FALSE",,,,,"FALSE","FALSE",,,,,"FALSE","1","2025-01-08",,,,,,
"03518900000113-1-000018/2024","5","https://pncp.gov.br/api/pncp/v1/orgaos/03518900000113/compras/2024/18/itens/5/resultados","1","1","Informado","2025-01-08T08:43:39","2025-01-08T08:43:39","43232006000105","W.A. COMERCIO DE MEDICAMENTOS LTDA","PJ","1","ME","2062","Sociedade Empresária Limitada","BRA","180","188.34","33901.2","0",,,,,,,,,"FALSE",,,,,"FALSE","FALSE",,,,,"FALSE","1","2025-01-08",,,,,,
"03518900000113-1-000018/2024","7","https://pncp.gov.br/api/pncp/v1/orgaos/03518900000113/compras/2024/18/itens/7/resultados","1","1","Informado","2025-01-08T08:43:39","2025-01-08T08:43:39","35473492000117","MEDMAX MEDICAMENTOS LTDA","PJ","1","ME","2062","Sociedade Empresária Limitada","BRA","162","65.94","10682.28","0",,,,,,,,,"FALSE",,,,,"FALSE","FALSE",,,,,"FALSE","1","2025-01-08",,,,,,
"14814139000183-1-000202/2024","3","https://pncp.gov.br/api/pncp/v1/orgaos/14814139000183/compras/2024/202/itens/3/resultados","1","1","Informado","2025-01-13T15:02:19","2025-01-13T15:02:19","37931064000116","LEMED COMERCIO DE MATERIAL E MEDICAMENTOS HOSPITALARES LTDA","PJ","1","ME","2062","Sociedade Empresária Limitada","BRA","360","5","1800","0",,,,,,,,,"FALSE",,,,,"FALSE","FALSE",,,,,"FALSE","1","2025-01-13",,,,,,
"14814139000183-1-000202/2024","7","https://pncp.gov.br/api/pncp/v1/orgaos/14814139000183/compras/2024/202/itens/7/resultados","1","1","Informado","2025-01-13T15:03:35","2025-01-13T15:03:35","07308817000170","GLOBAL BRANDS COMERCIO LTDA","PJ","1","ME","2062","Sociedade Empresária Limitada","BRA","4000","4.62","18480","0",,,,,,,,,"FALSE",,,,,"FALSE","FALSE",,,,,"FALSE","1","2025-01-13",,,,,,
"13792329000184-1-000055/2024","2","https://pncp.gov.br/api/pncp/v1/orgaos/13792329000184/compras/2024/55/itens/2/resultados","1","1","Informado","2024-07-24T11:13:33","2024-07-24T11:13:33","41683262000185","VERO MEDICAMENTOS LTDA","PJ","2","EPP",,,"BRA","210000","0.185","38850","0",,,,,,,,,"FALSE",,,,,"FALSE","FALSE",,,,,"FALSE","1","2024-07-04",,,,,,
"13792329000184-1-000055/2024","4","https://pncp.gov.br/api/pncp/v1/orgaos/13792329000184/compras/2024/55/itens/4/resultados","1","1","Informado","2024-07-24T11:13:33","2024-07-24T11:13:33","21438123000189","BR SUL DISTRIBUIDORA DE MEDICAMENTOS LTDA","PJ","2","EPP",,,"BRA","20000","19.9599","399198","0",,,,,,,,,"FALSE",,,,,"FALSE","FALSE",,,,,"FALSE","1","2024-07-04",,,,,,
"13792329000184-1-000055/2024","8","https://pncp.gov.br/api/pncp/v1/orgaos/13792329000184/compras/2024/55/itens/8/resultados","1","1","Informado","2024-07-24T11:13:33","2024-07-24T11:13:33","01328535000159","CLASSMED PRODUTOS HOSPITALARES LTDA","PJ","2","EPP",,,"BRA","27500","6.566","180565","0",,,,,,,,,"FALSE",,,,,"FALSE","FALSE",,,,,"FALSE","1","2024-07-04",,,,,,
"14814139000183-1-000210/2024","7","https://pncp.gov.br/api/pncp/v1/orgaos/14814139000183/compras/2024/210/itens/7/resultados","1","1","Informado","2025-02-10T08:36:45","2025-02-10T08:36:45","25463374000174","MEDEFE PRODUTOS MEDICO- HOSPITALARES LTDA","PJ","3","Demais","2062","Sociedade Empresária Limitada","BRA","1e+05","1.14","114000","0",,,,,,,,,"FALSE",,,,,"FALSE","FALSE",,,,,"FALSE","1","2025-02-10",,,,,,
"14814139000183-1-000026/2025","5","https://pncp.gov.br/api/pncp/v1/orgaos/14814139000183/compras/2025/26/itens/5/resultados","1","1","Informado","2025-05-12T12:05:43","2025-05-12T12:05:43","51240420000186","PHARMA-LOG PRODUTOS PARA SAUDE LTDA","PJ","1","ME","2062","Sociedade Empresária Limitada","BRA","6e+05","0.0699","41940","0",,,,,,,,,"FALSE",,,,,"FALSE","FALSE",,,,,"FALSE","1","2025-05-12",,,,,,
"14814139000183-1-000011/2025","1","https://pncp.gov.br/api/pncp/v1/orgaos/14814139000183/compras/2025/11/itens/1/resultados","1","1","Informado","2025-02-20T08:28:15","2025-02-20T08:28:15","02816696000154","PONTAMED FARMACEUTICA LTDA","PJ","3","Demais","2062","Sociedade Empresária Limitada","BRA","5000","6.14","30700","0",,,,,,,,,"FALSE",,,,,"FALSE","FALSE",,,,,"FALSE","1","2025-02-20",,,,,,
"14814139000183-1-000011/2025","2","https://pncp.gov.br/api/pncp/v1/orgaos/14814139000183/compras/2025/11/itens/2/resultados","1","1","Informado","2025-02-20T08:28:15","2025-02-20T08:28:15","02816696000154","PONTAMED FARMACEUTICA LTDA","PJ","3","Demais","2062","Sociedade Empresária Limitada","BRA","5000","0.037","185","0",,,,,,,,,"FALSE",,,,,"FALSE","FALSE",,,,,"FALSE","1","2025-02-20",,,,,,
"14814139000183-1-000011/2025","3","https://pncp.gov.br/api/pncp/v1/orgaos/14814139000183/compras/2025/11/itens/3/resultados","1","1","Informado","2025-02-20T08:28:15","2025-02-20T08:28:15","02816696000154","PONTAMED FARMACEUTICA LTDA","PJ","3","Demais","2062","Sociedade Empresária Limitada","BRA","3000","3.78","11340","0",,,,,,,,,"FALSE",,,,,"FALSE","FALSE",,,,,"FALSE","1","2025-02-20",,,,,,
"14814139000183-1-000011/2025","4","https://pncp.gov.br/api/pncp/v1/orgaos/14814139000183/compras/2025/11/itens/4/resultados","1","1","Informado","2025-02-20T08:28:15","2025-02-20T08:28:15","05782733000300","CIAMED - DISTRIBUIDORA DE MEDICAMENTOS LTDA.","PJ","3","Demais","2062","Sociedade Empresária Limitada","BRA","15000","0.28","4200","0",,,,,,,,,"FALSE",,,,,"FALSE","FALSE",,,,,"FALSE","1","2025-02-20",,,,,,
"14814139000183-1-000011/2025","6","https://pncp.gov.br/api/pncp/v1/orgaos/14814139000183/compras/2025/11/itens/6/resultados","1","1","Informado","2025-02-20T08:28:16","2025-02-20T08:28:16","02816696000154","PONTAMED FARMACEUTICA LTDA","PJ","3","Demais","2062","Sociedade Empresária Limitada","BRA","1500","0.137","205.5","0",,,,,,,,,"FALSE",,,,,"FALSE","FALSE",,,,,"FALSE","1","2025-02-20",,,,,,
"14814139000183-1-000011/2025","7","https://pncp.gov.br/api/pncp/v1/orgaos/14814139000183/compras/2025/11/itens/7/resultados","1","1","Informado","2025-02-20T08:28:16","2025-02-20T08:28:16","13485130000103","PHARMA LOG PRODUTOS FARMACEUTICOS LTDA","PJ","3","Demais","2062","Sociedade Empresária Limitada","BRA","50","82.34","4117","0",,,,,,,,,"FALSE",,,,,"FALSE","FALSE",,,,,"FALSE","1","2025-02-20",,,,,,
"14814139000183-1-000011/2025","8","https://pncp.gov.br/api/pncp/v1/orgaos/14814139000183/compras/2025/11/itens/8/resultados","1","1","Informado","2025-02-20T08:28:16","2025-02-20T08:28:16","00656468000139","SOMA/PR COMERCIO DE PRODUTOS HOSPITALARES LTDA","PJ","3","Demais","2062","Sociedade Empresária Limitada","BRA","3000","0.2","600","0",,,,,,,,,"FALSE",,,,,"FALSE","FALSE",,,,,"FALSE","1","2025-02-20",,,,,,
"14814139000183-1-000011/2025","9","https://pncp.gov.br/api/pncp/v1/orgaos/14814139000183/compras/2025/11/itens/9/resultados","1","1","Informado","2025-02-20T08:28:16","2025-02-20T08:28:16","44639493000180","EUGIA PHARMA INDUSTRIA FARMACEUTICA LIMITADA","PJ","3","Demais","2062","Sociedade Empresária Limitada","BRA","8000","5.4","43200","0",,,,,,,,,"FALSE",,,,,"FALSE","FALSE",,,,,"FALSE","1","2025-02-20",,,,,,
"14814139000183-1-000011/2025","10","https://pncp.gov.br/api/pncp/v1/orgaos/14814139000183/compras/2025/11/itens/10/resultados","1","1","Informado","2025-02-20T08:28:16","2025-02-20T08:28:16","81706251000198","PROMEFARMA MEDICAMENTOS E PRODUTOS HOSPITALARES LTDA","PJ","3","Demais","2062","Sociedade Empresária Limitada","BRA","2000","0.46","920","0",,,,,,,,,"FALSE",,,,,"FALSE","FALSE",,,,,"FALSE","1","2025-02-20",,,,,,
"03518900000113-1-000024/2024","2","https://pncp.gov.br/api/pncp/v1/orgaos/03518900000113/compras/2024/24/itens/2/resultados","1","1","Informado","2025-02-21T09:26:23","2025-02-21T09:26:23","48174071000137","WISDOM FARMA DISTRIBUIDORA DE MEDICAMENTOS LTDA","PJ","1","ME","2062","Sociedade Empresária Limitada","BRA","60","3.78","226.8","0",,,,,,,,,"FALSE",,,,,"FALSE","FALSE",,,,,"FALSE","1","2025-02-21",,,,,,
"14814139000183-1-000033/2025","1","https://pncp.gov.br/api/pncp/v1/orgaos/14814139000183/compras/2025/33/itens/1/resultados","1","1","Informado","2025-04-14T08:05:28","2025-04-14T08:05:28","44639493000180","EUGIA PHARMA INDUSTRIA FARMACEUTICA LIMITADA","PJ","3","Demais","2062","Sociedade Empresária Limitada","BRA","8000","4.15","33200","0",,,,,,,,,"FALSE",,,,,"FALSE","FALSE",,,,,"FALSE","1","2025-04-14",,,,,,
"14814139000183-1-000033/2025","3","https://pncp.gov.br/api/pncp/v1/orgaos/14814139000183/compras/2025/33/itens/3/resultados","1","1","Informado","2025-04-14T08:05:28","2025-04-14T08:05:28","00802002000102","ALTERMED MATERIAL MEDICO HOSPITALAR LTDA","PJ","3","Demais","2062","Sociedade Empresária Limitada","BRA","2000","0.2","400","0",,,,,,,,,"FALSE",,,,,"FALSE","FALSE",,,,,"FALSE","1","2025-04-14",,,,,,
"14814139000183-1-000033/2025","4","https://pncp.gov.br/api/pncp/v1/orgaos/14814139000183/compras/2025/33/itens/4/resultados","1","1","Informado","2025-04-14T08:05:28","2025-04-14T08:05:28","46381269000166","NUTRI-ELE DISTRIBUIDORA DE NUTRICAO, CORRELATOS E PRODUTOS MEDICOS E HOSPITALARE","PJ","3","Demais","2062","Sociedade Empresária Limitada","BRA","1200","9.5","11400","0",,,,,,,,,"FALSE",,,,,"FALSE","FALSE",,,,,"FALSE","1","2025-04-14",,,,,,
"14814139000183-1-000033/2025","5","https://pncp.gov.br/api/pncp/v1/orgaos/14814139000183/compras/2025/33/itens/5/resultados","1","1","Informado","2025-04-14T08:05:28","2025-04-14T08:05:28","44734671002286","CRISTALIA PRODUTOS QUIMICOS FARMACEUTICOS LTDA","PJ","3","Demais","2062","Sociedade Empresária Limitada","BRA","2000","4.3","8600","0",,,,,,,,,"FALSE",,,,,"FALSE","FALSE",,,,,"FALSE","1","2025-04-14",,,,,,
"14814139000183-1-000033/2025","6","https://pncp.gov.br/api/pncp/v1/orgaos/14814139000183/compras/2025/33/itens/6/resultados","1","1","Informado","2025-04-14T08:05:28","2025-04-14T08:05:28","81706251000198","PROMEFARMA MEDICAMENTOS E PRODUTOS HOSPITALARES LTDA","PJ","3","Demais","2062","Sociedade Empresária Limitada","BRA","2000","2.35","4700","0",,,,,,,,,"FALSE",,,,,"FALSE","TRUE","146","Lei 14.133/2021, art. 60, §1º, I","Critério de desempate: Prioriza, em situações de empate onde nenhum outro critério resolve, as empresas localizadas no território do Estado ou Distrito Federal do órgão licitante, ou, em licitações municipais, no Estado onde o município está situado.","TRUE","FALSE","1","2025-04-14",,,,,,
"14814139000183-1-000033/2025","7","https://pncp.gov.br/api/pncp/v1/orgaos/14814139000183/compras/2025/33/itens/7/resultados","1","1","Informado","2025-04-14T08:05:28","2025-04-14T08:05:28","58635830000175","FARMARIN INDUSTRIA E COMERCIO LTDA","PJ","3","Demais","2062","Sociedade Empresária Limitada","BRA","6e+05","0.21","126000","0",,,,,,,,,"FALSE",,,,,"FALSE","FALSE",,,,,"FALSE","1","2025-04-14",,,,,,
"14814139000183-1-000033/2025","8","https://pncp.gov.br/api/pncp/v1/orgaos/14814139000183/compras/2025/33/itens/8/resultados","1","1","Informado","2025-04-14T08:05:28","2025-04-14T08:05:28","02816696000154","PONTAMED FARMACEUTICA LTDA","PJ","3","Demais","2062","Sociedade Empresária Limitada","BRA","4000","0.39","1560","0",,,,,,,,,"FALSE",,,,,"FALSE","FALSE",,,,,"FALSE","1","2025-04-14",,,,,,
"14814139000183-1-000033/2025","9","https://pncp.gov.br/api/pncp/v1/orgaos/14814139000183/compras/2025/33/itens/9/resultados","1","1","Informado","2025-04-14T08:05:28","2025-04-14T08:05:28","04654861000144","INDALABOR INDAIA LABORATORIO FARMACEUTICO LTDA","PJ","3","Demais","2062","Sociedade Empresária Limitada","BRA","3000","4.35","13050","0",,,,,,,,,"FALSE",,,,,"FALSE","FALSE",,,,,"FALSE","1","2025-04-14",,,,,,
"14814139000183-1-000033/2025","10","https://pncp.gov.br/api/pncp/v1/orgaos/14814139000183/compras/2025/33/itens/10/resultados","1","1","Informado","2025-04-14T08:05:28","2025-04-14T08:05:28","44734671002286","CRISTALIA PRODUTOS QUIMICOS FARMACEUTICOS LTDA","PJ","3","Demais","2062","Sociedade Empresária Limitada","BRA","10000","0.28","2800","0",,,,,,,,,"FALSE",,,,,"FALSE","FALSE",,,,,"FALSE","1","2025-04-14",,,,,,
"76417005000186-1-000035/2023","1","https://pncp.gov.br/api/pncp/v1/orgaos/76417005000186/compras/2023/35/itens/1/resultados","1","1","Informado","2023-08-21T08:32:16","2023-08-21T08:32:16","01640262000183","CITOPHARMA MANIPULACAO DE MEDICAMENTOS ESPECIAIS LTDA","PJ","3","Demais","2062","Sociedade Empresária Limitada","BRA","500","9.75","4875","0",,,,,,,,,"FALSE",,,,,"FALSE","FALSE",,,,,"FALSE",,"2023-08-21",,,,,,
"76417005000186-1-000035/2023","3","https://pncp.gov.br/api/pncp/v1/orgaos/76417005000186/compras/2023/35/itens/3/resultados","1","1","Informado","2023-08-21T08:32:17","2023-08-21T08:32:17","31287695000168","SUPREMA FARMA FARMACIA DE MANIPULACAO LTDA","PJ","1","ME","2062","Sociedade Empresária Limitada","BRA","600","9.4","5640","0",,,,,,,,,"FALSE",,,,,"FALSE","FALSE",,,,,"FALSE",,"2023-08-21",,,,,,
"76417005000186-1-000035/2023","4","https://pncp.gov.br/api/pncp/v1/orgaos/76417005000186/compras/2023/35/itens/4/resultados","1","1","Informado","2023-08-21T08:32:17","2023-08-21T08:32:17","01640262000183","CITOPHARMA MANIPULACAO DE MEDICAMENTOS ESPECIAIS LTDA","PJ","3","Demais","2062","Sociedade Empresária Limitada","BRA","100","36.5","3650","0",,,,,,,,,"FALSE",,,,,"FALSE","FALSE",,,,,"FALSE",,"2023-08-21",,,,,,
"76417005000186-1-000035/2023","7","https://pncp.gov.br/api/pncp/v1/orgaos/76417005000186/compras/2023/35/itens/7/resultados","1","1","Informado","2023-08-21T08:32:17","2023-08-21T08:32:17","01640262000183","CITOPHARMA MANIPULACAO DE MEDICAMENTOS ESPECIAIS LTDA","PJ","3","Demais","2062","Sociedade Empresária Limitada","BRA","1000","7.95","7950","0",,,,,,,,,"FALSE",,,,,"FALSE","FALSE",,,,,"FALSE",,"2023-08-21",,,,,,
"76417005000186-1-000035/2023","8","https://pncp.gov.br/api/pncp/v1/orgaos/76417005000186/compras/2023/35/itens/8/resultados","1","1","Informado","2023-08-21T08:33:15","2023-08-21T08:33:15","01640262000183","CITOPHARMA MANIPULACAO DE MEDICAMENTOS ESPECIAIS LTDA","PJ","3","Demais","2062","Sociedade Empresária Limitada","BRA","1000","10","10000","0",,,,,,,,,"FALSE",,,,,"FALSE","FALSE",,,,,"FALSE",,"2023-08-21",,,,,,
"03518900000113-1-000009/2023","2","https://pncp.gov.br/api/pncp/v1/orgaos/03518900000113/compras/2023/9/itens/2/resultados","1","1","Informado","2023-09-18T10:32:31","2023-09-18T10:32:31","04307650000305","ONCO PROD DISTRIBUIDORA DE PRODUTOS HOSPITALARES E ONCOLOGICOS LTDA.","PJ","3","Demais","2062","Sociedade Empresária Limitada","BRA","5040","278.58","1404043.2","0",,,,,,,,,"FALSE",,,,,"FALSE","FALSE",,,,,"FALSE","1","2023-09-18",,,,,,
"03518900000113-1-000009/2023","4","https://pncp.gov.br/api/pncp/v1/orgaos/03518900000113/compras/2023/9/itens/4/resultados","1","1","Informado","2023-09-18T10:32:31","2023-09-18T10:32:31","12420164000238","CM HOSPITALAR S.A.","PJ","3","Demais","2046","Sociedade Anônima Aberta","BRA","5840","96.18","561691.2","0",,,,,,,,,"FALSE",,,,,"FALSE","FALSE",,,,,"FALSE","1","2023-09-18",,,,,,
"03518900000113-1-000009/2023","10","https://pncp.gov.br/api/pncp/v1/orgaos/03518900000113/compras/2023/9/itens/10/resultados","1","1","Informado","2023-09-18T10:32:31","2023-09-18T10:32:31","09192829000108","ATONS DO BRASIL DISTRIBUIDORA DE PRODUTOS HOSPITALARES LTDA","PJ","3","Demais","2062","Sociedade Empresária Limitada","BRA","240","1091.36","261926.4","0",,,,,,,,,"FALSE",,,,,"FALSE","FALSE",,,,,"FALSE","1","2023-09-18",,,,,,
"76417005000186-1-000046/2023","2","https://pncp.gov.br/api/pncp/v1/orgaos/76417005000186/compras/2023/46/itens/2/resultados","1","1","Informado","2023-09-26T08:20:11","2023-09-26T08:20:11","09944371000104","SULMEDIC COMERCIO DE MEDICAMENTOS LTDA","PJ","3","Demais","2062","Sociedade Empresária Limitada","BRA","50","90","4500","0",,,,,,,,,"FALSE",,,,,"FALSE","FALSE",,,,,"FALSE",,"2023-09-26",,,,,,
"76417005000186-1-000046/2023","6","https://pncp.gov.br/api/pncp/v1/orgaos/76417005000186/compras/2023/46/itens/6/resultados","1","1","Informado","2023-09-26T08:20:11","2023-09-26T08:20:11","00656468000139","SOMA/PR COMERCIO DE PRODUTOS HOSPITALARES LTDA","PJ","3","Demais","2062","Sociedade Empresária Limitada","BRA","10000","5.93","59300","0",,,,,,,,,"FALSE",,,,,"FALSE","FALSE",,,,,"FALSE",,"2023-09-26",,,,,,
"76417005000186-1-000046/2023","7","https://pncp.gov.br/api/pncp/v1/orgaos/76417005000186/compras/2023/46/itens/7/resultados","1","1","Informado","2023-09-26T08:20:11","2023-09-26T08:20:11","02816696000154","PONTAMED FARMACEUTICA LTDA","PJ","3","Demais","2062","Sociedade Empresária Limitada","BRA","6000","0.66","3960","0",,,,,,,,,"FALSE",,,,,"FALSE","FALSE",,,,,"FALSE",,"2023-09-26",,,,,,
"76417005000186-1-000046/2023","8","https://pncp.gov.br/api/pncp/v1/orgaos/76417005000186/compras/2023/46/itens/8/resultados","1","1","Informado","2023-09-26T08:20:11","2023-09-26T08:20:11","10596721000160","GEORGINI PRODUTOS HOSPITALARES LTDA","PJ","3","Demais","2062","Sociedade Empresária Limitada","BRA","200","2.12","424","0",,,,,,,,,"FALSE",,,,,"FALSE","FALSE",,,,,"FALSE",,"2023-09-26",,,,,,
"76417005000186-1-000046/2023","9","https://pncp.gov.br/api/pncp/v1/orgaos/76417005000186/compras/2023/46/itens/9/resultados","1","1","Informado","2023-09-26T08:20:12","2023-09-26T08:20:12","81706251000198","PROMEFARMA MEDICAMENTOS E PRODUTOS HOSPITALARES LTDA","PJ","3","Demais","2062","Sociedade Empresária Limitada","BRA","10000","0.8433","8433","0",,,,,,,,,"FALSE",,,,,"FALSE","FALSE",,,,,"FALSE",,"2023-09-26",,,,,,
"76417005000186-1-000046/2023","10","https://pncp.gov.br/api/pncp/v1/orgaos/76417005000186/compras/2023/46/itens/10/resultados","1","1","Informado","2023-09-26T08:20:12","2023-09-26T08:20:12","00656468000139","SOMA/PR COMERCIO DE PRODUTOS HOSPITALARES LTDA","PJ","3","Demais","2062","Sociedade Empresária Limitada","BRA","15000","0.1854","2781","0",,,,,,,,,"FALSE",,,,,"FALSE","FALSE",,,,,"FALSE",,"2023-09-26",,,,,,
"76417005000186-1-000047/2023","1","https://pncp.gov.br/api/pncp/v1/orgaos/76417005000186/compras/2023/47/itens/1/resultados","1","1","Informado","2023-10-02T11:26:59","2023-10-02T11:26:59","02816696000154","PONTAMED FARMACEUTICA LTDA","PJ","3","Demais","2062","Sociedade Empresária Limitada","BRA","500","1.68","840","0",,,,,,,,,"FALSE",,,,,"FALSE","FALSE",,,,,"FALSE",,"2023-10-02",,,,,,
"76417005000186-1-000047/2023","3","https://pncp.gov.br/api/pncp/v1/orgaos/76417005000186/compras/2023/47/itens/3/resultados","1","1","Informado","2023-10-02T11:26:59","2023-10-02T11:26:59","44734671002286","CRISTALIA PRODUTOS QUIMICOS FARMACEUTICOS LTDA","PJ","3","Demais","2062","Sociedade Empresária Limitada","BRA","250","18.6","4650","0",,,,,,,,,"FALSE",,,,,"FALSE","FALSE",,,,,"FALSE",,"2023-10-02",,,,,,
"76417005000186-1-000047/2023","4","https://pncp.gov.br/api/pncp/v1/orgaos/76417005000186/compras/2023/47/itens/4/resultados","1","1","Informado","2023-10-02T11:26:59","2023-10-02T11:26:59","02816696000154","PONTAMED FARMACEUTICA LTDA","PJ","3","Demais","2062","Sociedade Empresária Limitada","BRA","12000","0.069","828","0",,,,,,,,,"FALSE",,,,,"FALSE","FALSE",,,,,"FALSE",,"2023-10-02",,,,,,
"76417005000186-1-000047/2023","5","https://pncp.gov.br/api/pncp/v1/orgaos/76417005000186/compras/2023/47/itens/5/resultados","1","1","Informado","2023-10-02T11:26:59","2023-10-02T11:26:59","44734671002286","CRISTALIA PRODUTOS QUIMICOS FARMACEUTICOS LTDA","PJ","3","Demais","2062","Sociedade Empresária Limitada","BRA","800","11.9","9520","0",,,,,,,,,"FALSE",,,,,"FALSE","FALSE",,,,,"FALSE",,"2023-10-02",,,,,,
"76417005000186-1-000047/2023","6","https://pncp.gov.br/api/pncp/v1/orgaos/76417005000186/compras/2023/47/itens/6/resultados","1","1","Informado","2023-10-02T11:26:59","2023-10-02T11:26:59","60665981000975","UNIAO QUIMICA FARMACEUTICA NACIONAL S A","PJ","3","Demais","2054","Sociedade Anônima Fechada","BRA","70000","1.4","98000","0",,,,,,,,,"FALSE",,,,,"FALSE","FALSE",,,,,"FALSE",,"2023-10-02",,,,,,
"76417005000186-1-000047/2023","7","https://pncp.gov.br/api/pncp/v1/orgaos/76417005000186/compras/2023/47/itens/7/resultados","1","1","Informado","2023-10-02T11:26:59","2023-10-02T11:26:59","00656468000139","SOMA/PR COMERCIO DE PRODUTOS HOSPITALARES LTDA","PJ","3","Demais","2062","Sociedade Empresária Limitada","BRA","400","6.3","2520","0",,,,,,,,,"FALSE",,,,,"FALSE","FALSE",,,,,"FALSE",,"2023-10-02",,,,,,
"14814139000183-1-000006/2025","1","https://pncp.gov.br/api/pncp/v1/orgaos/14814139000183/compras/2025/6/itens/1/resultados","1","1","Informado","2025-03-12T14:55:25","2025-03-12T14:55:25","17174657000844","HYPOFARMA INSTITUTO DE HYPODERMIA E FARMACIA LTDA","PJ","3","Demais","2062","Sociedade Empresária Limitada","BRA","90000","0.98","88200","0",,,,,,,,,"FALSE",,,,,"FALSE","FALSE",,,,,"FALSE","1","2025-03-12",,,,,,
"14814139000183-1-000006/2025","2","https://pncp.gov.br/api/pncp/v1/orgaos/14814139000183/compras/2025/6/itens/2/resultados","1","1","Informado","2025-03-12T14:55:25","2025-03-12T14:55:25","81706251000198","PROMEFARMA MEDICAMENTOS E PRODUTOS HOSPITALARES LTDA","PJ","3","Demais","2062","Sociedade Empresária Limitada","BRA","2000","0.6","1200","0",,,,,,,,,"FALSE",,,,,"FALSE","FALSE",,,,,"FALSE","1","2025-03-12",,,,,,
"14814139000183-1-000006/2025","3","https://pncp.gov.br/api/pncp/v1/orgaos/14814139000183/compras/2025/6/itens/3/resultados","1","1","Informado","2025-03-12T14:55:25","2025-03-12T14:55:25","58635830000175","FARMARIN INDUSTRIA E COMERCIO LTDA","PJ","3","Demais","2062","Sociedade Empresária Limitada","BRA","340000","2.84","965600","0",,,,,,,,,"FALSE",,,,,"FALSE","FALSE",,,,,"FALSE","1","2025-03-12",,,,,,
"14814139000183-1-000006/2025","4","https://pncp.gov.br/api/pncp/v1/orgaos/14814139000183/compras/2025/6/itens/4/resultados","1","1","Informado","2025-03-12T14:55:25","2025-03-12T14:55:25","44734671002286","CRISTALIA PRODUTOS QUIMICOS FARMACEUTICOS LTDA","PJ","3","Demais","2062","Sociedade Empresária Limitada","BRA","6000","4.2","25200","0",,,,,,,,,"FALSE",,,,,"FALSE","FALSE",,,,,"FALSE","1","2025-03-12",,,,,,
"14814139000183-1-000006/2025","5","https://pncp.gov.br/api/pncp/v1/orgaos/14814139000183/compras/2025/6/itens/5/resultados","1","1","Informado","2025-03-12T14:55:25","2025-03-12T14:55:25","44734671002286","CRISTALIA PRODUTOS QUIMICOS FARMACEUTICOS LTDA","PJ","3","Demais","2062","Sociedade Empresária Limitada","BRA","3000","10.24","30720","0",,,,,,,,,"FALSE",,,,,"FALSE","FALSE",,,,,"FALSE","1","2025-03-12",,,,,,
"14814139000183-1-000006/2025","6","https://pncp.gov.br/api/pncp/v1/orgaos/14814139000183/compras/2025/6/itens/6/resultados","1","1","Informado","2025-03-12T14:55:25","2025-03-12T14:55:25","02816696000154","PONTAMED FARMACEUTICA LTDA","PJ","3","Demais","2062","Sociedade Empresária Limitada","BRA","500","11","5500","0",,,,,,,,,"FALSE",,,,,"FALSE","FALSE",,,,,"FALSE","1","2025-03-12",,,,,,
"14814139000183-1-000006/2025","10","https://pncp.gov.br/api/pncp/v1/orgaos/14814139000183/compras/2025/6/itens/10/resultados","1","1","Informado","2025-03-12T14:55:25","2025-03-12T14:55:25","82225947000165","A G KIENEN & CIA LTDA","PJ","3","Demais","2062","Sociedade Empresária Limitada","BRA","1000","1.73","1730","0",,,,,,,,,"FALSE",,,,,"FALSE","FALSE",,,,,"FALSE","1","2025-03-12",,,,,,
"76417005000186-1-000094/2023","1","https://pncp.gov.br/api/pncp/v1/orgaos/76417005000186/compras/2023/94/itens/1/resultados","1","1","Informado","2023-10-31T14:37:26","2023-10-31T14:37:26","37714493000131","FARMAMED COMERCIO DE MEDICAMENTOS LTDA","PJ","1","ME","2062","Sociedade Empresária Limitada","BRA","2000","2.41","4820","0",,,,,,,,,"FALSE",,,,,"FALSE","FALSE",,,,,"FALSE","1","2023-10-31",,,,,,
"76417005000186-1-000094/2023","4","https://pncp.gov.br/api/pncp/v1/orgaos/76417005000186/compras/2023/94/itens/4/resultados","1","1","Informado","2023-10-31T14:37:27","2023-10-31T14:37:27","81706251000198","PROMEFARMA MEDICAMENTOS E PRODUTOS HOSPITALARES LTDA","PJ","3","Demais","2062","Sociedade Empresária Limitada","BRA","5000","0.2","1000","0",,,,,,,,,"FALSE",,,,,"FALSE","FALSE",,,,,"FALSE","1","2023-10-31",,,,,,
"76417005000186-1-000094/2023","5","https://pncp.gov.br/api/pncp/v1/orgaos/76417005000186/compras/2023/94/itens/5/resultados","1","1","Informado","2023-10-31T14:37:26","2023-10-31T14:37:26","44734671002286","CRISTALIA PRODUTOS QUIMICOS FARMACEUTICOS LTDA","PJ","3","Demais","2062","Sociedade Empresária Limitada","BRA","6000","3.29","19740","0",,,,,,,,,"FALSE",,,,,"FALSE","FALSE",,,,,"FALSE","1","2023-10-31",,,,,,
"76417005000186-1-000094/2023","6","https://pncp.gov.br/api/pncp/v1/orgaos/76417005000186/compras/2023/94/itens/6/resultados","1","1","Informado","2023-10-31T14:37:27","2023-10-31T14:37:27","02816696000154","PONTAMED FARMACEUTICA LTDA","PJ","3","Demais","2062","Sociedade Empresária Limitada","BRA","15000","2.98","44700","0",,,,,,,,,"FALSE",,,,,"FALSE","FALSE",,,,,"FALSE","1","2023-10-31",,,,,,
"76417005000186-1-000094/2023","7","https://pncp.gov.br/api/pncp/v1/orgaos/76417005000186/compras/2023/94/itens/7/resultados","1","1","Informado","2023-10-31T14:37:27","2023-10-31T14:37:27","00656468000139","SOMA/PR COMERCIO DE PRODUTOS HOSPITALARES LTDA","PJ","3","Demais","2062","Sociedade Empresária Limitada","BRA","60000","0.12","7200","0",,,,,,,,,"FALSE",,,,,"FALSE","FALSE",,,,,"FALSE","1","2023-10-31",,,,,,
"76417005000186-1-000094/2023","8","https://pncp.gov.br/api/pncp/v1/orgaos/76417005000186/compras/2023/94/itens/8/resultados","1","1","Informado","2023-10-31T14:37:27","2023-10-31T14:37:27","81706251000198","PROMEFARMA MEDICAMENTOS E PRODUTOS HOSPITALARES LTDA","PJ","3","Demais","2062","Sociedade Empresária Limitada","BRA","4000","0.1679","671.6","0",,,,,,,,,"FALSE",,,,,"FALSE","FALSE",,,,,"FALSE","1","2023-10-31",,,,,,
"76417005000186-1-000094/2023","9","https://pncp.gov.br/api/pncp/v1/orgaos/76417005000186/compras/2023/94/itens/9/resultados","1","1","Informado","2023-10-31T14:37:27","2023-10-31T14:37:27","00656468000139","SOMA/PR COMERCIO DE PRODUTOS HOSPITALARES LTDA","PJ","3","Demais","2062","Sociedade Empresária Limitada","BRA","4000","7.2","28800","0",,,,,,,,,"FALSE",,,,,"FALSE","FALSE",,,,,"FALSE","1","2023-10-31",,,,,,
"03518900000113-1-000014/2023","1","https://pncp.gov.br/api/pncp/v1/orgaos/03518900000113/compras/2023/14/itens/1/resultados","1","1","Informado","2023-11-08T11:36:36","2023-11-08T11:36:36","18269125000187","BIOHOSP PRODUTOS HOSPITALARES SA","PJ","3","Demais","2054","Sociedade Anônima Fechada","BRA","2160","194.01","419061.6","0",,,,,,,,,"FALSE",,,,,"FALSE","FALSE",,,,,"FALSE","1","2023-11-08",,,,,,
"03518900000113-1-000014/2023","3","https://pncp.gov.br/api/pncp/v1/orgaos/03518900000113/compras/2023/14/itens/3/resultados","1","1","Informado","2023-11-08T11:36:36","2023-11-08T11:36:36","18269125000187","BIOHOSP PRODUTOS HOSPITALARES SA","PJ","3","Demais","2054","Sociedade Anônima Fechada","BRA","1080","97","104760","0",,,,,,,,,"FALSE",,,,,"FALSE","FALSE",,,,,"FALSE","1","2023-11-08",,,,,,
"03518900000113-1-000014/2023","5","https://pncp.gov.br/api/pncp/v1/orgaos/03518900000113/compras/2023/14/itens/5/resultados","1","1","Informado","2023-11-08T11:36:36","2023-11-08T11:36:36","05912018000183","MERCO SOLUCOES EM SAUDE S/A","PJ","3","Demais","2054","Sociedade Anônima Fechada","BRA","14040","7.1175","99929.7","0",,,,,,,,,"FALSE",,,,,"FALSE","FALSE",,,,,"FALSE","1","2023-11-08",,,,,,
"03518900000113-1-000014/2023","6","https://pncp.gov.br/api/pncp/v1/orgaos/03518900000113/compras/2023/14/itens/6/resultados","1","1","Informado","2023-11-08T11:36:36","2023-11-08T11:36:36","44152616000153","UP DISTRIBUIDORA LTDA","PJ","1","ME","2062","Sociedade Empresária Limitada","BRA","4680","8.2","38376","0",,,,,,,,,"FALSE",,,,,"FALSE","FALSE",,,,,"FALSE","1","2023-11-08",,,,,,
"03518900000113-1-000014/2023","7","https://pncp.gov.br/api/pncp/v1/orgaos/03518900000113/compras/2023/14/itens/7/resultados","1","1","Informado","2023-11-08T11:36:36","2023-11-08T11:36:36","79250676000274","CIRURGICA JAW COMERCIO DE MATERIAL MEDICO HOSP LTDA","PJ","3","Demais","2062","Sociedade Empresária Limitada","BRA","2160","154.7","334152","0",,,,,,,,,"FALSE",,,,,"FALSE","FALSE",,,,,"FALSE","1","2023-11-08",,,,,,
"03518900000113-1-000014/2023","10","https://pncp.gov.br/api/pncp/v1/orgaos/03518900000113/compras/2023/14/itens/10/resultados","1","1","Informado","2023-11-08T11:36:36","2023-11-08T11:36:36","00088317000121","VICTORIA COMERCIO DE PRODUTOS HOSPITALARES LTDA","PJ","3","Demais","2062","Sociedade Empresária Limitada","BRA","150","1554.17","233125.5","0",,,,,,,,,"FALSE",,,,,"FALSE","FALSE",,,,,"FALSE","1","2023-11-08",,,,,,
"03518900000113-1-000010/2023","3","https://pncp.gov.br/api/pncp/v1/orgaos/03518900000113/compras/2023/10/itens/3/resultados","1","1","Informado","2023-11-10T11:49:25","2023-11-10T11:49:25","44152616000153","UP DISTRIBUIDORA LTDA","PJ","1","ME","2062","Sociedade Empresária Limitada","BRA","7200","2.4","17280","0",,,,,,,,,"FALSE",,,,,"FALSE","FALSE",,,,,"FALSE","1","2023-11-10",,,,,,
"03518900000113-1-000010/2023","6","https://pncp.gov.br/api/pncp/v1/orgaos/03518900000113/compras/2023/10/itens/6/resultados","1","1","Informado","2023-11-10T11:49:25","2023-11-10T11:49:25","49826421000165","HEALTH EXPRESS DELIVERY LTDA","PJ","1","ME","2062","Sociedade Empresária Limitada","BRA","540","27.33","14758.2","0",,,,,,,,,"FALSE",,,,,"FALSE","FALSE",,,,,"FALSE","1","2023-11-10",,,,,,
"03518900000113-1-000010/2023","7","https://pncp.gov.br/api/pncp/v1/orgaos/03518900000113/compras/2023/10/itens/7/resultados","1","1","Informado","2023-11-10T11:49:25","2023-11-10T11:49:25","04183656000148","DISTRICENTER DISTRIBUIDORA DE MEDICAMENTOS LTDA","PJ","1","ME","2062","Sociedade Empresária Limitada","BRA","2400","26.5","63600","0",,,,,,,,,"FALSE",,,,,"FALSE","FALSE",,,,,"FALSE","1","2023-11-10",,,,,,
"03518900000113-1-000010/2023","10","https://pncp.gov.br/api/pncp/v1/orgaos/03518900000113/compras/2023/10/itens/10/resultados","1","1","Informado","2023-11-10T11:49:25","2023-11-10T11:49:25","43232006000105","W.A. COMERCIO DE MEDICAMENTOS LTDA","PJ","1","ME","2062","Sociedade Empresária Limitada","BRA","2000","7.48","14960","0",,,,,,,,,"FALSE",,,,,"FALSE","FALSE",,,,,"FALSE","1","2023-11-10",,,,,,
"76417005000186-1-000114/2023","3","https://pncp.gov.br/api/pncp/v1/orgaos/76417005000186/compras/2023/114/itens/3/resultados","1","1","Informado","2023-12-13T15:47:46","2023-12-13T15:47:46","01571702000198","HALEX ISTAR INDUSTRIA FARMACEUTICA SA","PJ","3","Demais","2054","Sociedade Anônima Fechada","BRA","90000","3.89","350100","0",,,,,,,,,"FALSE",,,,,"FALSE","FALSE",,,,,"FALSE","1","2023-12-13",,,,,,
"76417005000186-1-000114/2023","4","https://pncp.gov.br/api/pncp/v1/orgaos/76417005000186/compras/2023/114/itens/4/resultados","1","1","Informado","2023-12-13T15:47:46","2023-12-13T15:47:46","49324221001690","FRESENIUS KABI BRASIL LTDA.","PJ","3","Demais","2062","Sociedade Empresária Limitada","BRA","60000","4.7","282000","0",,,,,,,,,"FALSE",,,,,"FALSE","FALSE",,,,,"FALSE","1","2023-12-13",,,,,,
"76417005000186-1-000114/2023","5","https://pncp.gov.br/api/pncp/v1/orgaos/76417005000186/compras/2023/114/itens/5/resultados","1","1","Informado","2023-12-13T15:47:46","2023-12-13T15:47:46","02816696000154","PONTAMED FARMACEUTICA LTDA","PJ","3","Demais","2062","Sociedade Empresária Limitada","BRA","25000","7.54","188500","0",,,,,,,,,"FALSE",,,,,"FALSE","FALSE",,,,,"FALSE","1","2023-12-13",,,,,,
"76417005000186-1-000119/2023","1","https://pncp.gov.br/api/pncp/v1/orgaos/76417005000186/compras/2023/119/itens/1/resultados","1","1","Informado","2023-12-19T10:24:39","2023-12-19T10:24:39","00656468000139","SOMA/PR COMERCIO DE PRODUTOS HOSPITALARES LTDA","PJ","3","Demais","2062","Sociedade Empresária Limitada","BRA","10000","3.05","30500","0",,,,,,,,,"FALSE",,,,,"FALSE","FALSE",,,,,"FALSE","1","2023-12-19",,,,,,
"76417005000186-1-000119/2023","2","https://pncp.gov.br/api/pncp/v1/orgaos/76417005000186/compras/2023/119/itens/2/resultados","1","1","Informado","2023-12-19T10:24:38","2023-12-19T10:24:38","00656468000139","SOMA/PR COMERCIO DE PRODUTOS HOSPITALARES LTDA","PJ","3","Demais","2062","Sociedade Empresária Limitada","BRA","500","174.2","87100","0",,,,,,,,,"FALSE",,,,,"FALSE","FALSE",,,,,"FALSE","1","2023-12-19",,,,,,
"76417005000186-1-000119/2023","4","https://pncp.gov.br/api/pncp/v1/orgaos/76417005000186/compras/2023/119/itens/4/resultados","1","1","Informado","2023-12-19T10:24:38","2023-12-19T10:24:38","17472278000164","GOLDENPLUS - COMERCIO DE MEDICAMENTOS E PRODUTOS HOSPITALARES LTDA","PJ","3","Demais","2062","Sociedade Empresária Limitada","BRA","5000","2.8","14000","0",,,,,,,,,"FALSE",,,,,"FALSE","FALSE",,,,,"FALSE","1","2023-12-19",,,,,,
"76417005000186-1-000119/2023","5","https://pncp.gov.br/api/pncp/v1/orgaos/76417005000186/compras/2023/119/itens/5/resultados","1","1","Informado","2023-12-19T10:24:38","2023-12-19T10:24:38","17472278000164","GOLDENPLUS - COMERCIO DE MEDICAMENTOS E PRODUTOS HOSPITALARES LTDA","PJ","3","Demais","2062","Sociedade Empresária Limitada","BRA","3500","3.1","10850","0",,,,,,,,,"FALSE",,,,,"FALSE","FALSE",,,,,"FALSE","1","2023-12-19",,,,,,
"76417005000186-1-000119/2023","6","https://pncp.gov.br/api/pncp/v1/orgaos/76417005000186/compras/2023/119/itens/6/resultados","1","1","Informado","2023-12-19T10:24:38","2023-12-19T10:24:38","44734671002286","CRISTALIA PRODUTOS QUIMICOS FARMACEUTICOS LTDA","PJ","3","Demais","2062","Sociedade Empresária Limitada","BRA","100","3.9","390","0",,,,,,,,,"FALSE",,,,,"FALSE","FALSE",,,,,"FALSE","1","2023-12-19",,,,,,
"76417005000186-1-000119/2023","8","https://pncp.gov.br/api/pncp/v1/orgaos/76417005000186/compras/2023/119/itens/8/resultados","1","1","Informado","2023-12-19T10:24:39","2023-12-19T10:24:39","81706251000198","PROMEFARMA MEDICAMENTOS E PRODUTOS HOSPITALARES LTDA","PJ","3","Demais","2062","Sociedade Empresária Limitada","BRA","4000","5","20000","0",,,,,,,,,"FALSE",,,,,"FALSE","FALSE",,,,,"FALSE","1","2023-12-19",,,,,,
"76417005000186-1-000150/2023","1","https://pncp.gov.br/api/pncp/v1/orgaos/76417005000186/compras/2023/150/itens/1/resultados","1","1","Informado","2023-12-20T14:44:01","2023-12-20T14:44:01","05912018000183","MERCO SOLUCOES EM SAUDE S/A","PJ","3","Demais","2054","Sociedade Anônima Fechada","BRA","5000","0.31","1550","0",,,,,,,,,"FALSE",,,,,"FALSE","FALSE",,,,,"FALSE","1","2023-12-20",,,,,,
"76417005000186-1-000150/2023","2","https://pncp.gov.br/api/pncp/v1/orgaos/76417005000186/compras/2023/150/itens/2/resultados","1","1","Informado","2023-12-20T14:44:01","2023-12-20T14:44:01","02816696000154","PONTAMED FARMACEUTICA LTDA","PJ","3","Demais","2062","Sociedade Empresária Limitada","BRA","30000","0.025","750","0",,,,,,,,,"FALSE",,,,,"FALSE","FALSE",,,,,"FALSE","1","2023-12-20",,,,,,
"76417005000186-1-000150/2023","3","https://pncp.gov.br/api/pncp/v1/orgaos/76417005000186/compras/2023/150/itens/3/resultados","1","1","Informado","2023-12-20T14:44:01","2023-12-20T14:44:01","02816696000154","PONTAMED FARMACEUTICA LTDA","PJ","3","Demais","2062","Sociedade Empresária Limitada","BRA","8000","0.688","5504","0",,,,,,,,,"FALSE",,,,,"FALSE","FALSE",,,,,"FALSE","1","2023-12-20",,,,,,
"76417005000186-1-000150/2023","5","https://pncp.gov.br/api/pncp/v1/orgaos/76417005000186/compras/2023/150/itens/5/resultados","1","1","Informado","2023-12-20T14:44:01","2023-12-20T14:44:01","67729178000572","COMERCIAL CIRURGICA RIOCLARENSE LTDA","PJ","3","Demais","2062","Sociedade Empresária Limitada","BRA","1000","19","19000","0",,,,,,,,,"FALSE",,,,,"FALSE","FALSE",,,,,"FALSE","1","2023-12-20",,,,,,
"76417005000186-1-000150/2023","6","https://pncp.gov.br/api/pncp/v1/orgaos/76417005000186/compras/2023/150/itens/6/resultados","1","1","Informado","2023-12-20T14:44:01","2023-12-20T14:44:01","44734671002286","CRISTALIA PRODUTOS QUIMICOS FARMACEUTICOS LTDA","PJ","3","Demais","2062","Sociedade Empresária Limitada","BRA","3000","0.25","750","0",,,,,,,,,"FALSE",,,,,"FALSE","FALSE",,,,,"FALSE","1","2023-12-20",,,,,,
"76417005000186-1-000150/2023","7","https://pncp.gov.br/api/pncp/v1/orgaos/76417005000186/compras/2023/150/itens/7/resultados","1","1","Informado","2023-12-20T14:44:01","2023-12-20T14:44:01","81706251000198","PROMEFARMA MEDICAMENTOS E PRODUTOS HOSPITALARES LTDA","PJ","3","Demais","2062","Sociedade Empresária Limitada","BRA","8000","0.15","1200","0",,,,,,,,,"FALSE",,,,,"FALSE","FALSE",,,,,"FALSE","1","2023-12-20",,,,,,
"76417005000186-1-000150/2023","8","https://pncp.gov.br/api/pncp/v1/orgaos/76417005000186/compras/2023/150/itens/8/resultados","1","1","Informado","2023-12-20T14:44:01","2023-12-20T14:44:01","44734671002286","CRISTALIA PRODUTOS QUIMICOS FARMACEUTICOS LTDA","PJ","3","Demais","2062","Sociedade Empresária Limitada","BRA","200","10.25","2050","0",,,,,,,,,"FALSE",,,,,"FALSE","FALSE",,,,,"FALSE","1","2023-12-20",,,,,,
"76417005000186-1-000150/2023","10","https://pncp.gov.br/api/pncp/v1/orgaos/76417005000186/compras/2023/150/itens/10/resultados","1","1","Informado","2023-12-20T14:44:01","2023-12-20T14:44:01","00656468000139","SOMA/PR COMERCIO DE PRODUTOS HOSPITALARES LTDA","PJ","3","Demais","2062","Sociedade Empresária Limitada","BRA","30000","0.076","2280","0",,,,,,,,,"FALSE",,,,,"FALSE","FALSE",,,,,"FALSE","1","2023-12-20",,,,,,
"76417005000186-1-000165/2023","1","https://pncp.gov.br/api/pncp/v1/orgaos/76417005000186/compras/2023/165/itens/1/resultados","1","1","Informado","2023-12-21T16:44:09","2023-12-21T16:44:09","05993698000107","1000MEDIC DISTRIBUIDORA IMPORTADORA EXPORTADORA DE MEDICAMENTOS LTDA","PJ","3","Demais","2062","Sociedade Empresária Limitada","BRA","3000","168.45","505350","0",,,,,,,,,"FALSE",,,,,"FALSE","FALSE",,,,,"FALSE","1","2023-12-21",,,,,,
"76417005000186-1-000165/2023","2","https://pncp.gov.br/api/pncp/v1/orgaos/76417005000186/compras/2023/165/itens/2/resultados","1","1","Informado","2023-12-21T16:44:09","2023-12-21T16:44:09","47766462000188","DISTRI MEDICAR LTDA","PJ","1","ME","2062","Sociedade Empresária Limitada","BRA","6000","87.5","525000","0",,,,,,,,,"FALSE",,,,,"FALSE","FALSE",,,,,"FALSE","1","2023-12-21",,,,,,
"76417005000186-1-000136/2023","2","https://pncp.gov.br/api/pncp/v1/orgaos/76417005000186/compras/2023/136/itens/2/resultados","1","1","Informado","2024-01-10T08:28:55","2024-01-10T08:28:55","00656468000139","SOMA/PR COMERCIO DE PRODUTOS HOSPITALARES LTDA","PJ","3","Demais","2062","Sociedade Empresária Limitada","BRA","360","4.62","1663.2","0",,,,,,,,,"FALSE",,,,,"FALSE","FALSE",,,,,"FALSE","1","2024-01-10",,,,,,
"76417005000186-1-000136/2023","6","https://pncp.gov.br/api/pncp/v1/orgaos/76417005000186/compras/2023/136/itens/6/resultados","1","1","Informado","2024-01-10T08:28:55","2024-01-10T08:28:55","01733345000117","NOELI VIEIRA DISTRIBUIDORA DE SOROS E EQUIPAMENTOS MEDICOS LTDA","PJ","3","Demais","2062","Sociedade Empresária Limitada","BRA","6000","4.55","27300","0",,,,,,,,,"FALSE",,,,,"FALSE","FALSE",,,,,"FALSE","1","2024-01-10",,,,,,
"03518900000113-1-000023/2023","3","https://pncp.gov.br/api/pncp/v1/orgaos/03518900000113/compras/2023/23/itens/3/resultados","1","1","Informado","2024-01-16T10:57:25","2024-01-16T10:57:25","48174071000137","WISDOM FARMA DISTRIBUIDORA DE MEDICAMENTOS LTDA","PJ","1","ME","2062","Sociedade Empresária Limitada","BRA","12","2.78","33.36","0",,,,,,,,,"FALSE",,,,,"FALSE","FALSE",,,,,"FALSE","1","2024-01-16",,,,,,
"03518900000113-1-000023/2023","10","https://pncp.gov.br/api/pncp/v1/orgaos/03518900000113/compras/2023/23/itens/10/resultados","1","1","Informado","2024-01-16T10:57:25","2024-01-16T10:57:25","48174071000137","WISDOM FARMA DISTRIBUIDORA DE MEDICAMENTOS LTDA","PJ","1","ME","2062","Sociedade Empresária Limitada","BRA","4000","1.75","7000","0",,,,,,,,,"FALSE",,,,,"FALSE","FALSE",,,,,"FALSE","1","2024-01-16",,,,,,
"76417005000186-1-000005/2024","1","https://pncp.gov.br/api/pncp/v1/orgaos/76417005000186/compras/2024/5/itens/1/resultados","1","1","Informado","2024-02-09T17:25:34","2024-02-09T17:25:34","49324221000104","FRESENIUS KABI BRASIL LTDA.","PJ","3","Demais","2062","Sociedade Empresária Limitada","BRA","8e+05","0.11","88000","0",,,,,,,,,"FALSE",,,,,"FALSE","FALSE",,,,,"FALSE","1","2024-02-09",,,,,,
"76417005000186-1-000005/2024","2","https://pncp.gov.br/api/pncp/v1/orgaos/76417005000186/compras/2024/5/itens/2/resultados","1","1","Informado","2024-02-09T17:25:34","2024-02-09T17:25:34","49324221000104","FRESENIUS KABI BRASIL LTDA.","PJ","3","Demais","2062","Sociedade Empresária Limitada","BRA","350000","0.09","31500","0",,,,,,,,,"FALSE",,,,,"FALSE","FALSE",,,,,"FALSE","1","2024-02-09",,,,,,
"76417005000186-1-000003/2024","1","https://pncp.gov.br/api/pncp/v1/orgaos/76417005000186/compras/2024/3/itens/1/resultados","1","1","Informado","2024-02-20T15:02:34","2024-02-20T15:02:34","05912018000183","MERCO SOLUCOES EM SAUDE S/A","PJ","3","Demais","2054","Sociedade Anônima Fechada","BRA","5000","0.18","900","0",,,,,,,,,"FALSE",,,,,"FALSE","FALSE",,,,,"FALSE","1","2024-02-20",,,,,,
"76417005000186-1-000003/2024","2","https://pncp.gov.br/api/pncp/v1/orgaos/76417005000186/compras/2024/3/itens/2/resultados","1","1","Informado","2024-02-20T15:02:34","2024-02-20T15:02:34","07752236000123","MEDILAR IMPORTACAO E DISTRIBUICAO DE PRODUTOS MEDICO HOSPITALARES S/A","PJ","3","Demais","2054","Sociedade Anônima Fechada","BRA","25000","0.036","900","0",,,,,,,,,"FALSE",,,,,"FALSE","FALSE",,,,,"FALSE","1","2024-02-20",,,,,,
"76417005000186-1-000003/2024","3","https://pncp.gov.br/api/pncp/v1/orgaos/76417005000186/compras/2024/3/itens/3/resultados","1","1","Informado","2024-02-20T15:02:34","2024-02-20T15:02:34","02816696000154","PONTAMED FARMACEUTICA LTDA","PJ","3","Demais","2062","Sociedade Empresária Limitada","BRA","2000","0.403","806","0",,,,,,,,,"FALSE",,,,,"FALSE","FALSE",,,,,"FALSE","1","2024-02-20",,,,,,
"76417005000186-1-000003/2024","5","https://pncp.gov.br/api/pncp/v1/orgaos/76417005000186/compras/2024/3/itens/5/resultados","1","1","Informado","2024-02-20T15:02:34","2024-02-20T15:02:34","00656468000139","SOMA/PR COMERCIO DE PRODUTOS HOSPITALARES LTDA","PJ","3","Demais","2062","Sociedade Empresária Limitada","BRA","8000","0.04","320","0",,,,,,,,,"FALSE",,,,,"FALSE","FALSE",,,,,"FALSE","1","2024-02-20",,,,,,
"76417005000186-1-000003/2024","6","https://pncp.gov.br/api/pncp/v1/orgaos/76417005000186/compras/2024/3/itens/6/resultados","1","1","Informado","2024-02-20T15:02:34","2024-02-20T15:02:34","44734671002286","CRISTALIA PRODUTOS QUIMICOS FARMACEUTICOS LTDA","PJ","3","Demais","2062","Sociedade Empresária Limitada","BRA","250","31.99","7997.5","0",,,,,,,,,"FALSE",,,,,"FALSE","FALSE",,,,,"FALSE","1","2024-02-20",,,,,,
"76417005000186-1-000003/2024","7","https://pncp.gov.br/api/pncp/v1/orgaos/76417005000186/compras/2024/3/itens/7/resultados","1","1","Informado","2024-02-20T15:02:34","2024-02-20T15:02:34","29426310000154","CIRURGICA ITAMARATY COMERCIAL LTDA","PJ","1","ME","2062","Sociedade Empresária Limitada","BRA","10000","0.74","7400","0",,,,,,,,,"FALSE",,,,,"FALSE","FALSE",,,,,"FALSE","1","2024-02-20",,,,,,
"76417005000186-1-000003/2024","9","https://pncp.gov.br/api/pncp/v1/orgaos/76417005000186/compras/2024/3/itens/9/resultados","1","1","Informado","2024-02-20T15:02:34","2024-02-20T15:02:34","13485130000103","PHARMA LOG PRODUTOS FARMACEUTICOS LTDA","PJ","3","Demais","2062","Sociedade Empresária Limitada","BRA","2000","10.13","20260","0",,,,,,,,,"FALSE",,,,,"FALSE","FALSE",,,,,"FALSE","1","2024-02-20",,,,,,
"76417005000186-1-000003/2024","10","https://pncp.gov.br/api/pncp/v1/orgaos/76417005000186/compras/2024/3/itens/10/resultados","1","1","Informado","2024-02-20T15:02:34","2024-02-20T15:02:34","00656468000139","SOMA/PR COMERCIO DE PRODUTOS HOSPITALARES LTDA","PJ","3","Demais","2062","Sociedade Empresária Limitada","BRA","2000","6.8","13600","0",,,,,,,,,"FALSE",,,,,"FALSE","FALSE",,,,,"FALSE","1","2024-02-20",,,,,,
"76417005000186-1-000011/2024","1","https://pncp.gov.br/api/pncp/v1/orgaos/76417005000186/compras/2024/11/itens/1/resultados","1","1","Informado","2024-02-28T15:37:15","2024-02-28T15:37:15","81706251000198","PROMEFARMA MEDICAMENTOS E PRODUTOS HOSPITALARES LTDA","PJ","3","Demais","2062","Sociedade Empresária Limitada","BRA","500","0.4","200","0",,,,,,,,,"FALSE",,,,,"FALSE","FALSE",,,,,"FALSE","1","2024-02-28",,,,,,
"76417005000186-1-000011/2024","2","https://pncp.gov.br/api/pncp/v1/orgaos/76417005000186/compras/2024/11/itens/2/resultados","1","1","Informado","2024-02-28T15:37:15","2024-02-28T15:37:15","81706251000198","PROMEFARMA MEDICAMENTOS E PRODUTOS HOSPITALARES LTDA","PJ","3","Demais","2062","Sociedade Empresária Limitada","BRA","2000","0.483","966","0",,,,,,,,,"FALSE",,,,,"FALSE","FALSE",,,,,"FALSE","1","2024-02-28",,,,,,
"76417005000186-1-000011/2024","4","https://pncp.gov.br/api/pncp/v1/orgaos/76417005000186/compras/2024/11/itens/4/resultados","1","1","Informado","2024-02-28T15:37:16","2024-02-28T15:37:16","02816696000154","PONTAMED FARMACEUTICA LTDA","PJ","3","Demais","2062","Sociedade Empresária Limitada","BRA","1e+05","1.14","114000","0",,,,,,,,,"FALSE",,,,,"FALSE","FALSE",,,,,"FALSE","1","2024-02-28",,,,,,
"76417005000186-1-000011/2024","5","https://pncp.gov.br/api/pncp/v1/orgaos/76417005000186/compras/2024/11/itens/5/resultados","1","1","Informado","2024-02-28T15:37:16","2024-02-28T15:37:16","02816696000154","PONTAMED FARMACEUTICA LTDA","PJ","3","Demais","2062","Sociedade Empresária Limitada","BRA","6000","3.34","20040","0",,,,,,,,,"FALSE",,,,,"FALSE","FALSE",,,,,"FALSE","1","2024-02-28",,,,,,
"76417005000186-1-000011/2024","6","https://pncp.gov.br/api/pncp/v1/orgaos/76417005000186/compras/2024/11/itens/6/resultados","1","1","Informado","2024-02-28T15:37:15","2024-02-28T15:37:15","81706251000198","PROMEFARMA MEDICAMENTOS E PRODUTOS HOSPITALARES LTDA","PJ","3","Demais","2062","Sociedade Empresária Limitada","BRA","500","0.3061","153.05","0",,,,,,,,,"FALSE",,,,,"FALSE","FALSE",,,,,"FALSE","1","2024-02-28",,,,,,
"76417005000186-1-000011/2024","7","https://pncp.gov.br/api/pncp/v1/orgaos/76417005000186/compras/2024/11/itens/7/resultados","1","1","Informado","2024-02-28T15:37:16","2024-02-28T15:37:16","07809370000113","GRACIFARMA FARMACIA LTDA","PJ","1","ME","2062","Sociedade Empresária Limitada","BRA","2000","0.1875","375","0",,,,,,,,,"FALSE",,,,,"FALSE","FALSE",,,,,"FALSE","1","2024-02-28",,,,,,
"76417005000186-1-000011/2024","8","https://pncp.gov.br/api/pncp/v1/orgaos/76417005000186/compras/2024/11/itens/8/resultados","1","1","Informado","2024-02-28T15:37:15","2024-02-28T15:37:15","44639493000180","EUGIA PHARMA INDUSTRIA FARMACEUTICA LIMITADA","PJ","3","Demais","2062","Sociedade Empresária Limitada","BRA","500","151","75500","0",,,,,,,,,"FALSE",,,,,"FALSE","FALSE",,,,,"FALSE","1","2024-02-28",,,,,,
"76417005000186-1-000011/2024","9","https://pncp.gov.br/api/pncp/v1/orgaos/76417005000186/compras/2024/11/itens/9/resultados","1","1","Informado","2024-02-28T15:37:15","2024-02-28T15:37:15","02816696000154","PONTAMED FARMACEUTICA LTDA","PJ","3","Demais","2062","Sociedade Empresária Limitada","BRA","2000","0.56","1120","0",,,,,,,,,"FALSE",,,,,"FALSE","FALSE",,,,,"FALSE","1","2024-02-28",,,,,,
"76417005000186-1-000011/2024","10","https://pncp.gov.br/api/pncp/v1/orgaos/76417005000186/compras/2024/11/itens/10/resultados","1","1","Informado","2024-02-28T15:37:17","2024-02-28T15:37:17","34223536000198","LICITE SAUDE COMERCIO DE PRODUTOS HOSPITALARES LTDA","PJ","1","ME","2062","Sociedade Empresária Limitada","BRA","1000","1.45","1450","0",,,,,,,,,"FALSE",,,,,"FALSE","FALSE",,,,,"FALSE","1","2024-02-28",,,,,,
"14814139000183-1-000002/2024","7","https://pncp.gov.br/api/pncp/v1/orgaos/14814139000183/compras/2024/2/itens/7/resultados","1","1","Informado","2024-03-04T08:03:39","2024-03-04T08:03:39","37778759000100","CWBCARE PRODUTOS MEDICO HOSPITALARES LTDA","PJ","3","Demais","2062","Sociedade Empresária Limitada","BRA","1e+05","0.97","97000","0",,,,,,,,,"FALSE",,,,,"FALSE","FALSE",,,,,"FALSE","1","2024-03-04",,,,,,
"14814139000183-1-000054/2024","1","https://pncp.gov.br/api/pncp/v1/orgaos/14814139000183/compras/2024/54/itens/1/resultados","1","1","Informado","2024-05-10T11:23:02","2024-05-10T11:23:02","04274988000138","ATIVA COMERCIAL HOSPITALAR LTDA","PJ","3","Demais","2062","Sociedade Empresária Limitada","BRA","3000","5.85","17550","0",,,,,,,,,"FALSE",,,,,"FALSE","FALSE",,,,,"FALSE","1","2024-05-10",,,,,,
"14814139000183-1-000054/2024","2","https://pncp.gov.br/api/pncp/v1/orgaos/14814139000183/compras/2024/54/itens/2/resultados","1","1","Informado","2024-05-10T11:22:55","2024-05-10T11:22:55","02816696000154","PONTAMED FARMACEUTICA LTDA","PJ","3","Demais","2062","Sociedade Empresária Limitada","BRA","5000","0.038","190","0",,,,,,,,,"FALSE",,,,,"FALSE","FALSE",,,,,"FALSE","1","2024-05-10",,,,,,
"14814139000183-1-000054/2024","3","https://pncp.gov.br/api/pncp/v1/orgaos/14814139000183/compras/2024/54/itens/3/resultados","1","1","Informado","2024-05-10T11:22:50","2024-05-10T11:22:50","04274988000138","ATIVA COMERCIAL HOSPITALAR LTDA","PJ","3","Demais","2062","Sociedade Empresária Limitada","BRA","2500","3.85","9625","0",,,,,,,,,"FALSE",,,,,"FALSE","FALSE",,,,,"FALSE","1","2024-05-10",,,,,,
"14814139000183-1-000054/2024","4","https://pncp.gov.br/api/pncp/v1/orgaos/14814139000183/compras/2024/54/itens/4/resultados","1","1","Informado","2024-05-10T11:22:56","2024-05-10T11:22:56","07752236000123","MEDILAR IMPORTACAO E DISTRIBUICAO DE PRODUTOS MEDICO HOSPITALARES S/A","PJ","3","Demais","2054","Sociedade Anônima Fechada","BRA","15000","0.23","3450","0",,,,,,,,,"FALSE",,,,,"FALSE","FALSE",,,,,"FALSE","1","2024-05-10",,,,,,
"14814139000183-1-000054/2024","6","https://pncp.gov.br/api/pncp/v1/orgaos/14814139000183/compras/2024/54/itens/6/resultados","1","1","Informado","2024-05-10T11:23:01","2024-05-10T11:23:01","00656468000139","SOMA/PR COMERCIO DE PRODUTOS HOSPITALARES LTDA","PJ","3","Demais","2062","Sociedade Empresária Limitada","BRA","1500","0.142","213","0",,,,,,,,,"FALSE",,,,,"FALSE","FALSE",,,,,"FALSE","1","2024-05-10",,,,,,
"14814139000183-1-000054/2024","7","https://pncp.gov.br/api/pncp/v1/orgaos/14814139000183/compras/2024/54/itens/7/resultados","1","1","Informado","2024-05-10T11:23:02","2024-05-10T11:23:02","00656468000139","SOMA/PR COMERCIO DE PRODUTOS HOSPITALARES LTDA","PJ","3","Demais","2062","Sociedade Empresária Limitada","BRA","3000","0.193","579","0",,,,,,,,,"FALSE",,,,,"FALSE","FALSE",,,,,"FALSE","1","2024-05-10",,,,,,
"14814139000183-1-000054/2024","8","https://pncp.gov.br/api/pncp/v1/orgaos/14814139000183/compras/2024/54/itens/8/resultados","1","1","Informado","2024-05-10T11:22:57","2024-05-10T11:22:57","00656468000139","SOMA/PR COMERCIO DE PRODUTOS HOSPITALARES LTDA","PJ","3","Demais","2062","Sociedade Empresária Limitada","BRA","2000","0.47","940","0",,,,,,,,,"FALSE",,,,,"FALSE","FALSE",,,,,"FALSE","1","2024-05-10",,,,,,
"14814139000183-1-000054/2024","9","https://pncp.gov.br/api/pncp/v1/orgaos/14814139000183/compras/2024/54/itens/9/resultados","1","1","Informado","2024-05-10T11:22:56","2024-05-10T11:22:56","02816696000154","PONTAMED FARMACEUTICA LTDA","PJ","3","Demais","2062","Sociedade Empresária Limitada","BRA","5000","4.78","23900","0",,,,,,,,,"FALSE",,,,,"FALSE","FALSE",,,,,"FALSE","1","2024-05-10",,,,,,
"14814139000183-1-000054/2024","10","https://pncp.gov.br/api/pncp/v1/orgaos/14814139000183/compras/2024/54/itens/10/resultados","1","1","Informado","2024-05-10T11:22:58","2024-05-10T11:22:58","02816696000154","PONTAMED FARMACEUTICA LTDA","PJ","3","Demais","2062","Sociedade Empresária Limitada","BRA","500","5.68","2840","0",,,,,,,,,"FALSE",,,,,"FALSE","FALSE",,,,,"FALSE","1","2024-05-10",,,,,,
"03518900000113-1-000005/2024","1","https://pncp.gov.br/api/pncp/v1/orgaos/03518900000113/compras/2024/5/itens/1/resultados","1","1","Informado","2024-04-26T11:56:31","2024-04-26T11:56:31","08145933000189","FAMADER FARMACIA DE MANIPULACAO LTDA","PJ","1","ME","2062","Sociedade Empresária Limitada","BRA","10","10","100","0",,,,,,,,,"FALSE",,,,,"FALSE","FALSE",,,,,"FALSE","1","2024-04-26",,,,,,
"03518900000113-1-000005/2024","2","https://pncp.gov.br/api/pncp/v1/orgaos/03518900000113/compras/2024/5/itens/2/resultados","1","1","Informado","2024-04-26T11:56:29","2024-04-26T11:56:29","08145933000189","FAMADER FARMACIA DE MANIPULACAO LTDA","PJ","1","ME","2062","Sociedade Empresária Limitada","BRA","15","11.9","178.5","0",,,,,,,,,"FALSE",,,,,"FALSE","FALSE",,,,,"FALSE","1","2024-04-26",,,,,,
"03518900000113-1-000005/2024","3","https://pncp.gov.br/api/pncp/v1/orgaos/03518900000113/compras/2024/5/itens/3/resultados","1","1","Informado","2024-04-26T11:56:29","2024-04-26T11:56:29","08145933000189","FAMADER FARMACIA DE MANIPULACAO LTDA","PJ","1","ME","2062","Sociedade Empresária Limitada","BRA","10","18.9","189","0",,,,,,,,,"FALSE",,,,,"FALSE","FALSE",,,,,"FALSE","1","2024-04-26",,,,,,
"03518900000113-1-000005/2024","5","https://pncp.gov.br/api/pncp/v1/orgaos/03518900000113/compras/2024/5/itens/5/resultados","1","1","Informado","2024-04-26T11:56:29","2024-04-26T11:56:29","08145933000189","FAMADER FARMACIA DE MANIPULACAO LTDA","PJ","1","ME","2062","Sociedade Empresária Limitada","BRA","10","19.6","196","0",,,,,,,,,"FALSE",,,,,"FALSE","FALSE",,,,,"FALSE","1","2024-04-26",,,,,,
"03518900000113-1-000005/2024","6","https://pncp.gov.br/api/pncp/v1/orgaos/03518900000113/compras/2024/5/itens/6/resultados","1","1","Informado","2024-04-26T11:56:31","2024-04-26T11:56:31","08145933000189","FAMADER FARMACIA DE MANIPULACAO LTDA","PJ","1","ME","2062","Sociedade Empresária Limitada","BRA","10","20","200","0",,,,,,,,,"FALSE",,,,,"FALSE","FALSE",,,,,"FALSE","1","2024-04-26",,,,,,
"03518900000113-1-000007/2024","6","https://pncp.gov.br/api/pncp/v1/orgaos/03518900000113/compras/2024/7/itens/6/resultados","1","1","Informado","2024-06-17T10:05:51","2024-06-17T10:05:51","27817504000155","SP HOSPITALAR LTDA","PJ","1","ME","2062","Sociedade Empresária Limitada","BRA","60","72.88","4372.8","0",,,,,,,,,"FALSE",,,,,"FALSE","FALSE",,,,,"FALSE","1","2024-06-17",,,,,,
"03518900000113-1-000007/2024","7","https://pncp.gov.br/api/pncp/v1/orgaos/03518900000113/compras/2024/7/itens/7/resultados","1","1","Informado","2024-06-17T10:05:51","2024-06-17T10:05:51","81706251000198","PROMEFARMA MEDICAMENTOS E PRODUTOS HOSPITALARES LTDA","PJ","3","Demais","2062","Sociedade Empresária Limitada","BRA","60","107.6","6456","0",,,,,,,,,"FALSE",,,,,"FALSE","FALSE",,,,,"FALSE","1","2024-06-17",,,,,,
"03518900000113-1-000007/2024","8","https://pncp.gov.br/api/pncp/v1/orgaos/03518900000113/compras/2024/7/itens/8/resultados","1","1","Informado","2024-06-17T10:05:52","2024-06-17T10:05:52","27817504000155","SP HOSPITALAR LTDA","PJ","1","ME","2062","Sociedade Empresária Limitada","BRA","30","54.89","1646.7","0",,,,,,,,,"FALSE",,,,,"FALSE","FALSE",,,,,"FALSE","1","2024-06-17",,,,,,
"03518900000113-1-000007/2024","9","https://pncp.gov.br/api/pncp/v1/orgaos/03518900000113/compras/2024/7/itens/9/resultados","1","1","Informado","2024-06-17T10:05:52","2024-06-17T10:05:52","09053134000145","ELFA MEDICAMENTOS S.A","PJ","3","Demais","2046","Sociedade Anônima Aberta","BRA","100","594.83","59483","0",,,,,,,,,"FALSE",,,,,"FALSE","FALSE",,,,,"FALSE","1","2024-06-17",,,,,,
"14814139000183-1-000061/2024","2","https://pncp.gov.br/api/pncp/v1/orgaos/14814139000183/compras/2024/61/itens/2/resultados","1","1","Informado","2024-05-22T11:46:25","2024-05-22T11:46:25","02816696000154","PONTAMED FARMACEUTICA LTDA","PJ","3","Demais","2062","Sociedade Empresária Limitada","BRA","52500","0.89","46725","0",,,,,,,,,"FALSE",,,,,"FALSE","FALSE",,,,,"FALSE","1","2024-05-22",,,,,,
"14814139000183-1-000061/2024","3","https://pncp.gov.br/api/pncp/v1/orgaos/14814139000183/compras/2024/61/itens/3/resultados","1","1","Informado","2024-05-22T11:46:17","2024-05-22T11:46:17","43607262000121","INPHARMA HOSPITALAR LTDA","PJ","1","ME","2062","Sociedade Empresária Limitada","BRA","17500","0.95","16625","0",,,,,,,,,"FALSE",,,,,"FALSE","FALSE",,,,,"FALSE","1","2024-05-22",,,,,,
"14814139000183-1-000061/2024","4","https://pncp.gov.br/api/pncp/v1/orgaos/14814139000183/compras/2024/61/itens/4/resultados","1","1","Informado","2024-05-22T11:45:57","2024-05-22T11:45:57","02816696000154","PONTAMED FARMACEUTICA LTDA","PJ","3","Demais","2062","Sociedade Empresária Limitada","BRA","3000","11.37","34110","0",,,,,,,,,"FALSE",,,,,"FALSE","FALSE",,,,,"FALSE","1","2024-05-22",,,,,,
"14814139000183-1-000061/2024","5","https://pncp.gov.br/api/pncp/v1/orgaos/14814139000183/compras/2024/61/itens/5/resultados","1","1","Informado","2024-05-22T11:45:48","2024-05-22T11:45:48","44734671002286","CRISTALIA PRODUTOS QUIMICOS FARMACEUTICOS LTDA","PJ","3","Demais","2062","Sociedade Empresária Limitada","BRA","500","10.85","5425","0",,,,,,,,,"FALSE",,,,,"FALSE","FALSE",,,,,"FALSE","1","2024-05-22",,,,,,
"14814139000183-1-000061/2024","10","https://pncp.gov.br/api/pncp/v1/orgaos/14814139000183/compras/2024/61/itens/10/resultados","1","1","Informado","2024-05-22T11:46:16","2024-05-22T11:46:16","00656468000139","SOMA/PR COMERCIO DE PRODUTOS HOSPITALARES LTDA","PJ","3","Demais","2062","Sociedade Empresária Limitada","BRA","1000","1.87","1870","0",,,,,,,,,"FALSE",,,,,"FALSE","FALSE",,,,,"FALSE","1","2024-05-22",,,,,,
"03518900000113-1-000013/2024","3","https://pncp.gov.br/api/pncp/v1/orgaos/03518900000113/compras/2024/13/itens/3/resultados","1","1","Informado","2024-07-18T11:29:05","2024-07-18T11:29:05","46381269000166","NUTRI-ELE DISTRIBUIDORA DE NUTRICAO, CORRELATOS E PRODUTOS MEDICOS E HOSPITALARE","PJ","1","ME","2062","Sociedade Empresária Limitada","BRA","34","88","2992","0",,,,,,,,,"FALSE",,,,,"FALSE","FALSE",,,,,"FALSE","1","2024-07-18",,,,,,
"03518900000113-1-000013/2024","9","https://pncp.gov.br/api/pncp/v1/orgaos/03518900000113/compras/2024/13/itens/9/resultados","1","1","Informado","2024-07-18T11:29:05","2024-07-18T11:29:05","40274237000185","CLM FARMA COMERCIO E DISTRIBUIDORA DE MEDICAMENTOS LTDA","PJ","1","ME","2062","Sociedade Empresária Limitada","BRA","2880","0.23","662.4","0",,,,,,,,,"FALSE",,,,,"FALSE","FALSE",,,,,"FALSE","1","2024-07-18",,,,,,
"14814139000183-1-000074/2024","1","https://pncp.gov.br/api/pncp/v1/orgaos/14814139000183/compras/2024/74/itens/1/resultados","1","1","Informado","2024-06-12T08:20:01","2024-06-12T08:20:01","02816696000154","PONTAMED FARMACEUTICA LTDA","PJ","3","Demais","2062","Sociedade Empresária Limitada","BRA","6000","3.76","22560","0",,,,,,,,,"FALSE",,,,,"FALSE","FALSE",,,,,"FALSE","1","2024-06-12",,,,,,
"14814139000183-1-000074/2024","2","https://pncp.gov.br/api/pncp/v1/orgaos/14814139000183/compras/2024/74/itens/2/resultados","1","1","Informado","2024-06-12T08:20:01","2024-06-12T08:20:01","07090403000118","TRIMEDCALL COMERCIO DE MATERIAIS MEDICOS E HOSPITALARES LTDA","PJ","1","ME","2062","Sociedade Empresária Limitada","BRA","300","345","103500","0",,,,,,,,,"FALSE",,,,,"FALSE","FALSE",,,,,"FALSE","1","2024-06-12",,,,,,
"14814139000183-1-000074/2024","3","https://pncp.gov.br/api/pncp/v1/orgaos/14814139000183/compras/2024/74/itens/3/resultados","1","1","Informado","2024-06-12T08:20:02","2024-06-12T08:20:02","00656468000139","SOMA/PR COMERCIO DE PRODUTOS HOSPITALARES LTDA","PJ","3","Demais","2062","Sociedade Empresária Limitada","BRA","8000","0.15","1200","0",,,,,,,,,"FALSE",,,,,"FALSE","FALSE",,,,,"FALSE","1","2024-06-12",,,,,,
"14814139000183-1-000074/2024","4","https://pncp.gov.br/api/pncp/v1/orgaos/14814139000183/compras/2024/74/itens/4/resultados","1","1","Informado","2024-06-12T08:20:02","2024-06-12T08:20:02","27817504000155","SP HOSPITALAR LTDA","PJ","1","ME","2062","Sociedade Empresária Limitada","BRA","1200","9.8","11760","0",,,,,,,,,"FALSE",,,,,"FALSE","FALSE",,,,,"FALSE","1","2024-06-12",,,,,,
"14814139000183-1-000074/2024","5","https://pncp.gov.br/api/pncp/v1/orgaos/14814139000183/compras/2024/74/itens/5/resultados","1","1","Informado","2024-06-12T08:20:02","2024-06-12T08:20:02","00656468000139","SOMA/PR COMERCIO DE PRODUTOS HOSPITALARES LTDA","PJ","3","Demais","2062","Sociedade Empresária Limitada","BRA","2000","4.375","8750","0",,,,,,,,,"FALSE",,,,,"FALSE","FALSE",,,,,"FALSE","1","2024-06-12",,,,,,
"14814139000183-1-000074/2024","6","https://pncp.gov.br/api/pncp/v1/orgaos/14814139000183/compras/2024/74/itens/6/resultados","1","1","Informado","2024-06-12T08:20:02","2024-06-12T08:20:02","81706251000198","PROMEFARMA MEDICAMENTOS E PRODUTOS HOSPITALARES LTDA","PJ","3","Demais","2062","Sociedade Empresária Limitada","BRA","2000","2.307","4614","0",,,,,,,,,"FALSE",,,,,"FALSE","FALSE",,,,,"FALSE","1","2024-06-12",,,,,,
"14814139000183-1-000074/2024","7","https://pncp.gov.br/api/pncp/v1/orgaos/14814139000183/compras/2024/74/itens/7/resultados","1","1","Informado","2024-06-12T08:20:02","2024-06-12T08:20:02","08774906000175","HOSPDROGAS COMERCIAL LTDA","PJ","3","Demais","2062","Sociedade Empresária Limitada","BRA","5e+05","0.22","110000","0",,,,,,,,,"FALSE",,,,,"FALSE","FALSE",,,,,"FALSE","1","2024-06-12",,,,,,
"14814139000183-1-000074/2024","8","https://pncp.gov.br/api/pncp/v1/orgaos/14814139000183/compras/2024/74/itens/8/resultados","1","1","Informado","2024-06-12T08:20:02","2024-06-12T08:20:02","00656468000139","SOMA/PR COMERCIO DE PRODUTOS HOSPITALARES LTDA","PJ","3","Demais","2062","Sociedade Empresária Limitada","BRA","4000","0.39","1560","0",,,,,,,,,"FALSE",,,,,"FALSE","FALSE",,,,,"FALSE","1","2024-06-12",,,,,,
"14814139000183-1-000074/2024","9","https://pncp.gov.br/api/pncp/v1/orgaos/14814139000183/compras/2024/74/itens/9/resultados","1","1","Informado","2024-06-12T08:20:02","2024-06-12T08:20:02","09058502000148","FARMA VISION IMPORTACAO E EXPORTACAO DE MEDICAMENTOS LTDA","PJ","3","Demais","2062","Sociedade Empresária Limitada","BRA","3e+05","2.99","897000","0",,,,,,,,,"FALSE",,,,,"FALSE","FALSE",,,,,"FALSE","1","2024-06-12",,,,,,
"14814139000183-1-000074/2024","10","https://pncp.gov.br/api/pncp/v1/orgaos/14814139000183/compras/2024/74/itens/10/resultados","1","1","Informado","2024-06-12T08:20:02","2024-06-12T08:20:02","81706251000198","PROMEFARMA MEDICAMENTOS E PRODUTOS HOSPITALARES LTDA","PJ","3","Demais","2062","Sociedade Empresária Limitada","BRA","3000","6.5749","19724.7","0",,,,,,,,,"FALSE",,,,,"FALSE","FALSE",,,,,"FALSE","1","2024-06-12",,,,,,
"14814139000183-1-000041/2024","6","https://pncp.gov.br/api/pncp/v1/orgaos/14814139000183/compras/2024/41/itens/6/resultados","1","1","Informado","2024-06-21T09:44:42","2024-06-21T09:44:42","07164711000140","FUFA-SC COMERCIO E REPRESENTACAO LTDA","PJ","3","Demais","2062","Sociedade Empresária Limitada","BRA","280000","0.112","31360","0",,,,,,,,,"FALSE",,,,,"FALSE","FALSE",,,,,"FALSE","1","2024-06-21",,,,,,
"14814139000183-1-000066/2024","9","https://pncp.gov.br/api/pncp/v1/orgaos/14814139000183/compras/2024/66/itens/9/resultados","1","1","Informado","2024-06-27T08:36:12","2024-06-27T08:36:12","01592547000196","ESSENCIAL COSMETICOS INDUSTRIA LTDA","PJ","1","ME","2062","Sociedade Empresária Limitada","BRA","2000","6.59","13180","0",,,,,,,,,"FALSE",,,,,"FALSE","FALSE",,,,,"FALSE","1","2024-06-27",,,,,,
"14814139000183-1-000081/2024","1","https://pncp.gov.br/api/pncp/v1/orgaos/14814139000183/compras/2024/81/itens/1/resultados","1","1","Informado","2024-07-02T15:23:53","2024-07-02T15:23:53","00656468000139","SOMA/PR COMERCIO DE PRODUTOS HOSPITALARES LTDA","PJ","3","Demais","2062","Sociedade Empresária Limitada","BRA","100","7.05","705","0",,,,,,,,,"FALSE",,,,,"FALSE","FALSE",,,,,"FALSE","1","2024-07-02",,,,,,
"14814139000183-1-000081/2024","4","https://pncp.gov.br/api/pncp/v1/orgaos/14814139000183/compras/2024/81/itens/4/resultados","1","1","Informado","2024-07-02T15:23:53","2024-07-02T15:23:53","21484336000147","MMH MED COMERCIO DE PRODUTOS HOSPITALARES LTDA","PJ","1","ME","2062","Sociedade Empresária Limitada","BRA","4000","1.75","7000","0",,,,,,,,,"FALSE",,,,,"FALSE","FALSE",,,,,"FALSE","1","2024-07-02",,,,,,
"14814139000183-1-000081/2024","5","https://pncp.gov.br/api/pncp/v1/orgaos/14814139000183/compras/2024/81/itens/5/resultados","1","1","Informado","2024-07-02T15:23:53","2024-07-02T15:23:53","00802002000102","ALTERMED MATERIAL MEDICO HOSPITALAR LTDA","PJ","3","Demais","2062","Sociedade Empresária Limitada","BRA","2400","0.4625","1110","0",,,,,,,,,"FALSE",,,,,"FALSE","FALSE",,,,,"FALSE","1","2024-07-02",,,,,,
"14814139000183-1-000081/2024","6","https://pncp.gov.br/api/pncp/v1/orgaos/14814139000183/compras/2024/81/itens/6/resultados","1","1","Informado","2024-07-02T15:23:53","2024-07-02T15:23:53","17174657000844","HYPOFARMA INSTITUTO DE HYPODERMIA E FARMACIA LTDA","PJ","3","Demais","2062","Sociedade Empresária Limitada","BRA","8000","4.33","34640","0",,,,,,,,,"FALSE",,,,,"FALSE","FALSE",,,,,"FALSE","1","2024-07-02",,,,,,
"14814139000183-1-000081/2024","7","https://pncp.gov.br/api/pncp/v1/orgaos/14814139000183/compras/2024/81/itens/7/resultados","1","1","Informado","2024-07-02T15:23:53","2024-07-02T15:23:53","81706251000198","PROMEFARMA MEDICAMENTOS E PRODUTOS HOSPITALARES LTDA","PJ","3","Demais","2062","Sociedade Empresária Limitada","BRA","1000","9.74","9740","0",,,,,,,,,"FALSE",,,,,"FALSE","FALSE",,,,,"FALSE","1","2024-07-02",,,,,,
"14814139000183-1-000081/2024","8","https://pncp.gov.br/api/pncp/v1/orgaos/14814139000183/compras/2024/81/itens/8/resultados","1","1","Informado","2024-07-02T15:23:53","2024-07-02T15:23:53","17174657000844","HYPOFARMA INSTITUTO DE HYPODERMIA E FARMACIA LTDA","PJ","3","Demais","2062","Sociedade Empresária Limitada","BRA","1000","17.5","17500","0",,,,,,,,,"FALSE",,,,,"FALSE","FALSE",,,,,"FALSE","1","2024-07-02",,,,,,
"14814139000183-1-000081/2024","9","https://pncp.gov.br/api/pncp/v1/orgaos/14814139000183/compras/2024/81/itens/9/resultados","1","1","Informado","2024-07-02T15:23:54","2024-07-02T15:23:54","14792179000171","SUPRA DISTRIBUIDORA LTDA","PJ","1","ME","2062","Sociedade Empresária Limitada","BRA","10000","0.41","4100","0",,,,,,,,,"FALSE",,,,,"FALSE","FALSE",,,,,"FALSE","1","2024-07-02",,,,,,
"14814139000183-1-000081/2024","10","https://pncp.gov.br/api/pncp/v1/orgaos/14814139000183/compras/2024/81/itens/10/resultados","1","1","Informado","2024-07-02T15:23:53","2024-07-02T15:23:53","00656468000139","SOMA/PR COMERCIO DE PRODUTOS HOSPITALARES LTDA","PJ","3","Demais","2062","Sociedade Empresária Limitada","BRA","1000","3.05","3050","0",,,,,,,,,"FALSE",,,,,"FALSE","FALSE",,,,,"FALSE","1","2024-07-02",,,,,,
"14814139000183-1-000114/2024","2","https://pncp.gov.br/api/pncp/v1/orgaos/14814139000183/compras/2024/114/itens/2/resultados","1","1","Informado","2024-07-16T16:54:33","2024-07-16T16:54:33","00656468000139","SOMA/PR COMERCIO DE PRODUTOS HOSPITALARES LTDA","PJ","3","Demais","2062","Sociedade Empresária Limitada","BRA","7000","3.5","24500","0",,,,,,,,,"FALSE",,,,,"FALSE","FALSE",,,,,"FALSE","1","2024-07-16",,,,,,
"14814139000183-1-000114/2024","3","https://pncp.gov.br/api/pncp/v1/orgaos/14814139000183/compras/2024/114/itens/3/resultados","1","1","Informado","2024-07-16T16:54:33","2024-07-16T16:54:33","27817504000155","SP HOSPITALAR LTDA","PJ","1","ME","2062","Sociedade Empresária Limitada","BRA","20000","6","120000","0",,,,,,,,,"FALSE",,,,,"FALSE","FALSE",,,,,"FALSE","1","2024-07-16",,,,,,
"14814139000183-1-000114/2024","4","https://pncp.gov.br/api/pncp/v1/orgaos/14814139000183/compras/2024/114/itens/4/resultados","1","1","Informado","2024-07-16T16:54:33","2024-07-16T16:54:33","12889035000102","INOVAMED HOSPITALAR LTDA","PJ","3","Demais","2062","Sociedade Empresária Limitada","BRA","8000","0.6502","5201.6","0",,,,,,,,,"FALSE",,,,,"FALSE","FALSE",,,,,"FALSE","1","2024-07-16",,,,,,
"14814139000183-1-000114/2024","5","https://pncp.gov.br/api/pncp/v1/orgaos/14814139000183/compras/2024/114/itens/5/resultados","1","1","Informado","2024-07-16T16:54:33","2024-07-16T16:54:33","44734671002286","CRISTALIA PRODUTOS QUIMICOS FARMACEUTICOS LTDA","PJ","3","Demais","2062","Sociedade Empresária Limitada","BRA","1000","2.199","2199","0",,,,,,,,,"FALSE",,,,,"FALSE","FALSE",,,,,"FALSE","1","2024-07-16",,,,,,
"14814139000183-1-000114/2024","6","https://pncp.gov.br/api/pncp/v1/orgaos/14814139000183/compras/2024/114/itens/6/resultados","1","1","Informado","2024-07-16T16:54:33","2024-07-16T16:54:33","00656468000139","SOMA/PR COMERCIO DE PRODUTOS HOSPITALARES LTDA","PJ","3","Demais","2062","Sociedade Empresária Limitada","BRA","200","2.05","410","0",,,,,,,,,"FALSE",,,,,"FALSE","FALSE",,,,,"FALSE","1","2024-07-16",,,,,,
"14814139000183-1-000114/2024","7","https://pncp.gov.br/api/pncp/v1/orgaos/14814139000183/compras/2024/114/itens/7/resultados","1","1","Informado","2024-07-16T16:54:33","2024-07-16T16:54:33","81706251000198","PROMEFARMA MEDICAMENTOS E PRODUTOS HOSPITALARES LTDA","PJ","3","Demais","2062","Sociedade Empresária Limitada","BRA","10000","0.5","5000","0",,,,,,,,,"FALSE",,,,,"FALSE","FALSE",,,,,"FALSE","1","2024-07-16",,,,,,
"14814139000183-1-000114/2024","8","https://pncp.gov.br/api/pncp/v1/orgaos/14814139000183/compras/2024/114/itens/8/resultados","1","1","Informado","2024-07-16T16:54:33","2024-07-16T16:54:33","00656468000139","SOMA/PR COMERCIO DE PRODUTOS HOSPITALARES LTDA","PJ","3","Demais","2062","Sociedade Empresária Limitada","BRA","15000","0.178","2670","0",,,,,,,,,"FALSE",,,,,"FALSE","FALSE",,,,,"FALSE","1","2024-07-16",,,,,,
"14814139000183-1-000114/2024","9","https://pncp.gov.br/api/pncp/v1/orgaos/14814139000183/compras/2024/114/itens/9/resultados","1","1","Informado","2024-07-16T16:54:33","2024-07-16T16:54:33","00656468000139","SOMA/PR COMERCIO DE PRODUTOS HOSPITALARES LTDA","PJ","3","Demais","2062","Sociedade Empresária Limitada","BRA","8000","0.112","896","0",,,,,,,,,"FALSE",,,,,"FALSE","FALSE",,,,,"FALSE","1","2024-07-16",,,,,,
"14814139000183-1-000114/2024","10","https://pncp.gov.br/api/pncp/v1/orgaos/14814139000183/compras/2024/114/itens/10/resultados","1","1","Informado","2024-07-16T16:54:33","2024-07-16T16:54:33","81706251000198","PROMEFARMA MEDICAMENTOS E PRODUTOS HOSPITALARES LTDA","PJ","3","Demais","2062","Sociedade Empresária Limitada","BRA","8000","0.2625","2100","0",,,,,,,,,"FALSE",,,,,"FALSE","FALSE",,,,,"FALSE","1","2024-07-16",,,,,,
"14814139000183-1-000119/2024","3","https://pncp.gov.br/api/pncp/v1/orgaos/14814139000183/compras/2024/119/itens/3/resultados","1","1","Informado","2024-08-05T15:24:31","2024-08-05T15:24:31","08145933000189","FAMADER FARMACIA DE MANIPULACAO LTDA","PJ","1","ME","2062","Sociedade Empresária Limitada","BRA","600","6.9","4140","0",,,,,,,,,"FALSE",,,,,"FALSE","FALSE",,,,,"FALSE","1","2024-08-05",,,,,,
"14814139000183-1-000132/2024","1","https://pncp.gov.br/api/pncp/v1/orgaos/14814139000183/compras/2024/132/itens/1/resultados","1","1","Informado","2024-08-15T16:02:18","2024-08-15T16:02:18","27331579000121","TRE CIME HEALTH PRODUTOS ODONTO MEDICO HOSPITALARES LTDA","PJ","1","ME","2062","Sociedade Empresária Limitada","BRA","6e+06","0.0195","117000","0",,,,,,,,,"FALSE",,,,,"FALSE","FALSE",,,,,"FALSE","1","2024-08-15",,,,,,
"14814139000183-1-000132/2024","2","https://pncp.gov.br/api/pncp/v1/orgaos/14814139000183/compras/2024/132/itens/2/resultados","1","1","Informado","2024-08-15T15:58:18","2024-08-15T15:58:18","27331579000121","TRE CIME HEALTH PRODUTOS ODONTO MEDICO HOSPITALARES LTDA","PJ","1","ME","2062","Sociedade Empresária Limitada","BRA","2e+06","0.0195","39000","0",,,,,,,,,"FALSE",,,,,"FALSE","FALSE",,,,,"FALSE","1","2024-08-15",,,,,,
"14814139000183-1-000126/2024","1","https://pncp.gov.br/api/pncp/v1/orgaos/14814139000183/compras/2024/126/itens/1/resultados","1","1","Informado","2024-08-22T11:38:07","2024-08-22T11:38:07","02816696000154","PONTAMED FARMACEUTICA LTDA","PJ","3","Demais","2062","Sociedade Empresária Limitada","BRA","500","1.792","896","0",,,,,,,,,"FALSE",,,,,"FALSE","FALSE",,,,,"FALSE","1","2024-08-22",,,,,,
"14814139000183-1-000126/2024","2","https://pncp.gov.br/api/pncp/v1/orgaos/14814139000183/compras/2024/126/itens/2/resultados","1","1","Informado","2024-08-22T11:38:07","2024-08-22T11:38:07","44734671002286","CRISTALIA PRODUTOS QUIMICOS FARMACEUTICOS LTDA","PJ","3","Demais","2062","Sociedade Empresária Limitada","BRA","300","18.99","5697","0",,,,,,,,,"FALSE",,,,,"FALSE","FALSE",,,,,"FALSE","1","2024-08-22",,,,,,
"14814139000183-1-000126/2024","3","https://pncp.gov.br/api/pncp/v1/orgaos/14814139000183/compras/2024/126/itens/3/resultados","1","1","Informado","2024-08-22T11:38:07","2024-08-22T11:38:07","00656468000139","SOMA/PR COMERCIO DE PRODUTOS HOSPITALARES LTDA","PJ","3","Demais","2062","Sociedade Empresária Limitada","BRA","12000","0.046","552","0",,,,,,,,,"FALSE",,,,,"FALSE","FALSE",,,,,"FALSE","1","2024-08-22",,,,,,
"14814139000183-1-000126/2024","4","https://pncp.gov.br/api/pncp/v1/orgaos/14814139000183/compras/2024/126/itens/4/resultados","1","1","Informado","2024-08-22T11:38:07","2024-08-22T11:38:07","44734671002286","CRISTALIA PRODUTOS QUIMICOS FARMACEUTICOS LTDA","PJ","3","Demais","2062","Sociedade Empresária Limitada","BRA","1000","11.8","11800","0",,,,,,,,,"FALSE",,,,,"FALSE","FALSE",,,,,"FALSE","1","2024-08-22",,,,,,
"14814139000183-1-000126/2024","5","https://pncp.gov.br/api/pncp/v1/orgaos/14814139000183/compras/2024/126/itens/5/resultados","1","1","Informado","2024-08-22T11:38:07","2024-08-22T11:38:07","60665981000975","UNIAO QUIMICA FARMACEUTICA NACIONAL S A","PJ","3","Demais","2054","Sociedade Anônima Fechada","BRA","90000","1.34","120600","0",,,,,,,,,"FALSE",,,,,"FALSE","FALSE",,,,,"FALSE","1","2024-08-22",,,,,,
"14814139000183-1-000126/2024","6","https://pncp.gov.br/api/pncp/v1/orgaos/14814139000183/compras/2024/126/itens/6/resultados","1","1","Informado","2024-08-22T11:38:08","2024-08-22T11:38:08","40274237000185","CLM FARMA COMERCIO E DISTRIBUIDORA DE MEDICAMENTOS LTDA","PJ","1","ME","2062","Sociedade Empresária Limitada","BRA","500","5.82","2910","0",,,,,,,,,"FALSE",,,,,"FALSE","FALSE",,,,,"FALSE","1","2024-08-22",,,,,,
"14814139000183-1-000126/2024","7","https://pncp.gov.br/api/pncp/v1/orgaos/14814139000183/compras/2024/126/itens/7/resultados","1","1","Informado","2024-08-22T11:38:08","2024-08-22T11:38:08","12889035000102","INOVAMED HOSPITALAR LTDA","PJ","3","Demais","2062","Sociedade Empresária Limitada","BRA","10000","4.0323","40323","0",,,,,,,,,"FALSE",,,,,"FALSE","FALSE",,,,,"FALSE","1","2024-08-22",,,,,,
"14814139000183-1-000126/2024","8","https://pncp.gov.br/api/pncp/v1/orgaos/14814139000183/compras/2024/126/itens/8/resultados","1","1","Informado","2024-08-22T11:38:08","2024-08-22T11:38:08","01571702000198","HALEX ISTAR INDUSTRIA FARMACEUTICA SA","PJ","3","Demais","2054","Sociedade Anônima Fechada","BRA","3000","6.75","20250","0",,,,,,,,,"FALSE",,,,,"FALSE","FALSE",,,,,"FALSE","1","2024-08-22",,,,,,
"14814139000183-1-000126/2024","9","https://pncp.gov.br/api/pncp/v1/orgaos/14814139000183/compras/2024/126/itens/9/resultados","1","1","Informado","2024-08-22T11:38:08","2024-08-22T11:38:08","44734671002286","CRISTALIA PRODUTOS QUIMICOS FARMACEUTICOS LTDA","PJ","3","Demais","2062","Sociedade Empresária Limitada","BRA","10000","9.5","95000","0",,,,,,,,,"FALSE",,,,,"FALSE","FALSE",,,,,"FALSE","1","2024-08-22",,,,,,
"14814139000183-1-000126/2024","10","https://pncp.gov.br/api/pncp/v1/orgaos/14814139000183/compras/2024/126/itens/10/resultados","1","1","Informado","2024-08-22T11:38:08","2024-08-22T11:38:08","05912018000183","MERCO SOLUCOES EM SAUDE S/A","PJ","3","Demais","2054","Sociedade Anônima Fechada","BRA","12000","0.21","2520","0",,,,,,,,,"FALSE",,,,,"FALSE","FALSE",,,,,"FALSE","1","2024-08-22",,,,,,
"14814139000183-1-000056/2025","2","https://pncp.gov.br/api/pncp/v1/orgaos/14814139000183/compras/2025/56/itens/2/resultados","1","1","Informado","2025-04-24T08:13:58","2025-04-24T08:13:58","01640262000183","CITOPHARMA MANIPULACAO DE MEDICAMENTOS ESPECIAIS LTDA","PJ","3","Demais","2062","Sociedade Empresária Limitada","BRA","300","11.72","3516","0",,,,,,,,,"FALSE",,,,,"FALSE","FALSE",,,,,"FALSE","1","2025-04-24",,,,,,
"14814139000183-1-000056/2025","3","https://pncp.gov.br/api/pncp/v1/orgaos/14814139000183/compras/2025/56/itens/3/resultados","1","1","Informado","2025-04-24T08:13:58","2025-04-24T08:13:58","08145933000189","FAMADER FARMACIA DE MANIPULACAO LTDA","PJ","1","ME","2062","Sociedade Empresária Limitada","BRA","600","6.9","4140","0",,,,,,,,,"FALSE",,,,,"FALSE","FALSE",,,,,"FALSE","1","2025-04-24",,,,,,
"14814139000183-1-000067/2025","8","https://pncp.gov.br/api/pncp/v1/orgaos/14814139000183/compras/2025/67/itens/8/resultados","1","1","Informado","2025-06-23T13:42:54","2025-06-23T13:42:54","09196745000142","SEBOLD COMERCIAL ATACADO DE PRODUTOS, ALIMENTOS E EQUIPAMENTOS LTDA","PJ","1","ME","2062","Sociedade Empresária Limitada","BRA","2000","6.51","13020","0",,,,,,,,,"FALSE",,,,,"FALSE","FALSE",,,,,"FALSE","1","2025-06-23",,,,,,
"14814139000183-1-000056/2025","2","https://pncp.gov.br/api/pncp/v1/orgaos/14814139000183/compras/2025/56/itens/2/resultados","1","1","Informado","2025-04-24T08:13:58","2025-04-24T08:13:58","01640262000183","CITOPHARMA MANIPULACAO DE MEDICAMENTOS ESPECIAIS LTDA","PJ","3","Demais","2062","Sociedade Empresária Limitada","BRA","300","11.72","3516","0",,,,,,,,,"FALSE",,,,,"FALSE","FALSE",,,,,"FALSE","1","2025-04-24",,,,,,
"14814139000183-1-000056/2025","3","https://pncp.gov.br/api/pncp/v1/orgaos/14814139000183/compras/2025/56/itens/3/resultados","1","1","Informado","2025-04-24T08:13:58","2025-04-24T08:13:58","08145933000189","FAMADER FARMACIA DE MANIPULACAO LTDA","PJ","1","ME","2062","Sociedade Empresária Limitada","BRA","600","6.9","4140","0",,,,,,,,,"FALSE",,,,,"FALSE","FALSE",,,,,"FALSE","1","2025-04-24",,,,,,
"14814139000183-1-000067/2025","8","https://pncp.gov.br/api/pncp/v1/orgaos/14814139000183/compras/2025/67/itens/8/resultados","1","1","Informado","2025-06-23T13:42:54","2025-06-23T13:42:54","09196745000142","SEBOLD COMERCIAL ATACADO DE PRODUTOS, ALIMENTOS E EQUIPAMENTOS LTDA","PJ","1","ME","2062","Sociedade Empresária Limitada","BRA","2000","6.51","13020","0",,,,,,,,,"FALSE",,,,,"FALSE","FALSE",,,,,"FALSE","1","2025-06-23",,,,,,
"14814139000183-1-000058/2025","1","https://pncp.gov.br/api/pncp/v1/orgaos/14814139000183/compras/2025/58/itens/1/resultados","1","1","Informado","2025-05-07T09:34:44","2025-05-07T09:34:44","00656468000139","SOMA/PR COMERCIO DE PRODUTOS HOSPITALARES LTDA","PJ","3","Demais","2062","Sociedade Empresária Limitada","BRA","7000","3.55","24850","0",,,,,,,,,"FALSE",,,,,"FALSE","FALSE",,,,,"FALSE","1","2025-05-07",,,,,,
"14814139000183-1-000058/2025","2","https://pncp.gov.br/api/pncp/v1/orgaos/14814139000183/compras/2025/58/itens/2/resultados","1","1","Informado","2025-05-07T09:35:44","2025-05-07T09:35:44","27817504000155","SP HOSPITALAR LTDA","PJ","3","Demais","2062","Sociedade Empresária Limitada","BRA","20000","5.4","108000","0",,,,,,,,,"FALSE",,,,,"FALSE","FALSE",,,,,"FALSE","1","2025-05-07",,,,,,
"14814139000183-1-000058/2025","3","https://pncp.gov.br/api/pncp/v1/orgaos/14814139000183/compras/2025/58/itens/3/resultados","1","1","Informado","2025-05-07T09:34:32","2025-05-07T09:34:32","56081482000106","DIMEBRAS COMERCIAL HOSPITALAR LTDA","PJ","3","Demais","2062","Sociedade Empresária Limitada","BRA","8000","0.73","5840","0",,,,,,,,,"FALSE",,,,,"FALSE","FALSE",,,,,"FALSE","1","2025-05-07",,,,,,
"14814139000183-1-000058/2025","4","https://pncp.gov.br/api/pncp/v1/orgaos/14814139000183/compras/2025/58/itens/4/resultados","1","1","Informado","2025-05-07T09:35:19","2025-05-07T09:35:19","44734671002286","CRISTALIA PRODUTOS QUIMICOS FARMACEUTICOS LTDA","PJ","3","Demais","2062","Sociedade Empresária Limitada","BRA","1000","2.19","2190","0",,,,,,,,,"FALSE",,,,,"FALSE","FALSE",,,,,"FALSE","1","2025-05-07",,,,,,
"14814139000183-1-000058/2025","5","https://pncp.gov.br/api/pncp/v1/orgaos/14814139000183/compras/2025/58/itens/5/resultados","1","1","Informado","2025-05-07T09:34:17","2025-05-07T09:34:17","00656468000139","SOMA/PR COMERCIO DE PRODUTOS HOSPITALARES LTDA","PJ","3","Demais","2062","Sociedade Empresária Limitada","BRA","200","1.88","376","0",,,,,,,,,"FALSE",,,,,"FALSE","FALSE",,,,,"FALSE","1","2025-05-07",,,,,,
"14814139000183-1-000058/2025","6","https://pncp.gov.br/api/pncp/v1/orgaos/14814139000183/compras/2025/58/itens/6/resultados","1","1","Informado","2025-05-07T09:38:00","2025-05-07T09:38:00","35959514000153","TOLESUL DISTRIBUIDORA DE MEDICAMENTOS LTDA","PJ","3","Demais","2062","Sociedade Empresária Limitada","BRA","10000","0.54","5400","0",,,,,,,,,"FALSE",,,,,"FALSE","FALSE",,,,,"FALSE","1","2025-05-07",,,,,,
"14814139000183-1-000058/2025","7","https://pncp.gov.br/api/pncp/v1/orgaos/14814139000183/compras/2025/58/itens/7/resultados","1","1","Informado","2025-05-07T09:37:20","2025-05-07T09:37:20","94389400000184","MCW PRODUTOS MEDICOS E HOSPITALARES LTDA","PJ","3","Demais","2062","Sociedade Empresária Limitada","BRA","15000","0.1796","2694","0",,,,,,,,,"FALSE",,,,,"FALSE","FALSE",,,,,"FALSE","1","2025-05-07",,,,,,
"14814139000183-1-000058/2025","8","https://pncp.gov.br/api/pncp/v1/orgaos/14814139000183/compras/2025/58/itens/8/resultados","1","1","Informado","2025-05-07T09:37:33","2025-05-07T09:37:33","00656468000139","SOMA/PR COMERCIO DE PRODUTOS HOSPITALARES LTDA","PJ","3","Demais","2062","Sociedade Empresária Limitada","BRA","8000","0.118","944","0",,,,,,,,,"FALSE",,,,,"FALSE","FALSE",,,,,"FALSE","1","2025-05-07",,,,,,
"14814139000183-1-000058/2025","9","https://pncp.gov.br/api/pncp/v1/orgaos/14814139000183/compras/2025/58/itens/9/resultados","1","1","Informado","2025-05-07T09:37:06","2025-05-07T09:37:06","00656468000139","SOMA/PR COMERCIO DE PRODUTOS HOSPITALARES LTDA","PJ","3","Demais","2062","Sociedade Empresária Limitada","BRA","8000","0.28","2240","0",,,,,,,,,"FALSE",,,,,"FALSE","FALSE",,,,,"FALSE","1","2025-05-07",,,,,,
"14814139000183-1-000058/2025","10","https://pncp.gov.br/api/pncp/v1/orgaos/14814139000183/compras/2025/58/itens/10/resultados","1","1","Informado","2025-05-07T09:37:37","2025-05-07T09:37:37","44734671002286","CRISTALIA PRODUTOS QUIMICOS FARMACEUTICOS LTDA","PJ","3","Demais","2062","Sociedade Empresária Limitada","BRA","6000","0.92","5520","0",,,,,,,,,"FALSE",,,,,"FALSE","FALSE",,,,,"FALSE","1","2025-05-07",,,,,,
"14814139000183-1-000026/2025","5","https://pncp.gov.br/api/pncp/v1/orgaos/14814139000183/compras/2025/26/itens/5/resultados","1","1","Informado","2025-05-12T12:05:43","2025-05-12T12:05:43","51240420000186","PHARMA-LOG PRODUTOS PARA SAUDE LTDA","PJ","1","ME","2062","Sociedade Empresária Limitada","BRA","6e+05","0.0699","41940","0",,,,,,,,,"FALSE",,,,,"FALSE","FALSE",,,,,"FALSE","1","2025-05-12",,,,,,
