
PATH_OUTPUT_DIR: C:/Users/rdurl/OneDrive/Documentos/cesta-de-precos-pncp/coleta/contratacoes/2026-02/QUINZENA-2

PRIMEIRO_DIA: 2026-02-16

ULTIMO_DIA: 2026-02-28

Falha ou timeout ao consultar o endpoint.  Fazendo nova tentativa  1  de  5 .
Modalidade 1 coletada
[1] "Can't retrieve empty body."
Modalidade 2 coletada
Falha ou timeout ao consultar o endpoint.  Fazendo nova tentativa  1  de  5 .
Modalidade 3 coletada
Modalidade 4 coletada
Falha ou timeout ao consultar o endpoint.  Fazendo nova tentativa  1  de  5 .
Modalidade 5 coletada
Modalidade 6 coletada
Falha ou timeout ao consultar o endpoint.  Fazendo nova tentativa  1  de  5 .
Modalidade 7 coletada
Falha ou timeout ao consultar o endpoint.  Fazendo nova tentativa  1  de  5 .
Modalidade 8 coletada
Modalidade 9 coletada
Modalidade 10 coletada
Modalidade 11 coletada
Falha ou timeout ao consultar o endpoint.  Fazendo nova tentativa  1  de  5 .
Modalidade 12 coletada
Modalidade 13 coletada
Falha ou timeout ao consultar o endpoint.  Fazendo nova tentativa  1  de  5 .
Falha ou timeout ao consultar o endpoint.  Fazendo nova tentativa  2  de  5 .
Falha ou timeout ao consultar o endpoint.  Fazendo nova tentativa  3  de  5 .
Falha ou timeout ao consultar o endpoint.  Fazendo nova tentativa  4  de  5 .
Modalidade 14 coletada
Total de páginas a coletar: 1042

Total de registros a coletar: 51701

Endpoint 1 coletado
Falha ou timeout ao consultar o endpoint.  Fazendo nova tentativa  1  de  5 .
Endpoint 2 coletado
Endpoint 3 coletado
Falha ou timeout ao consultar o endpoint.  Fazendo nova tentativa  1  de  5 .
Endpoint 4 coletado
Falha ou timeout ao consultar o endpoint.  Fazendo nova tentativa  1  de  5 .
Falha ou timeout ao consultar o endpoint.  Fazendo nova tentativa  2  de  5 .
Endpoint 5 coletado
Falha ou timeout ao consultar o endpoint.  Fazendo nova tentativa  1  de  5 .
Endpoint 6 coletado
Endpoint 7 coletado
Endpoint 8 coletado
Falha ou timeout ao consultar o endpoint.  Fazendo nova tentativa  1  de  5 .
Endpoint 9 coletado
Falha ou timeout ao consultar o endpoint.  Fazendo nova tentativa  1  de  5 .
Falha ou timeout ao consultar o endpoint.  Fazendo nova tentativa  2  de  5 .
Falha ou timeout ao consultar o endpoint.  Fazendo nova tentativa  3  de  5 .
Endpoint 10 coletado
Endpoint 11 coletado
Falha ou timeout ao consultar o endpoint.  Fazendo nova tentativa  1  de  5 .
Falha ou timeout ao consultar o endpoint.  Fazendo nova tentativa  2  de  5 .
Endpoint 12 coletado
Falha ou timeout ao consultar o endpoint.  Fazendo nova tentativa  1  de  5 .
Endpoint 13 coletado
Endpoint 14 coletado
Falha ou timeout ao consultar o endpoint.  Fazendo nova tentativa  1  de  5 .
Falha ou timeout ao consultar o endpoint.  Fazendo nova tentativa  2  de  5 .
Falha ou timeout ao consultar o endpoint.  Fazendo nova tentativa  3  de  5 .
Endpoint 15 coletado
Endpoint 16 coletado
Falha ou timeout ao consultar o endpoint.  Fazendo nova tentativa  1  de  5 .
Endpoint 17 coletado
Endpoint 18 coletado
Endpoint 19 coletado
Falha ou timeout ao consultar o endpoint.  Fazendo nova tentativa  1  de  5 .
Falha ou timeout ao consultar o endpoint.  Fazendo nova tentativa  2  de  5 .
Falha ou timeout ao consultar o endpoint.  Fazendo nova tentativa  3  de  5 .
Endpoint 20 coletado
Endpoint 21 coletado
Endpoint 22 coletado
Endpoint 23 coletado
Falha ou timeout ao consultar o endpoint.  Fazendo nova tentativa  1  de  5 .
Endpoint 24 coletado
Endpoint 25 coletado
Falha ou timeout ao consultar o endpoint.  Fazendo nova tentativa  1  de  5 .
Falha ou timeout ao consultar o endpoint.  Fazendo nova tentativa  2  de  5 .
Falha ou timeout ao consultar o endpoint.  Fazendo nova tentativa  3  de  5 .
Endpoint 26 coletado
Endpoint 27 coletado
Falha ou timeout ao consultar o endpoint.  Fazendo nova tentativa  1  de  5 .
Falha ou timeout ao consultar o endpoint.  Fazendo nova tentativa  2  de  5 .
Endpoint 28 coletado
Falha ou timeout ao consultar o endpoint.  Fazendo nova tentativa  1  de  5 .
Falha ou timeout ao consultar o endpoint.  Fazendo nova tentativa  2  de  5 .
Endpoint 29 coletado
Falha ou timeout ao consultar o endpoint.  Fazendo nova tentativa  1  de  5 .
Endpoint 30 coletado
Falha ou timeout ao consultar o endpoint.  Fazendo nova tentativa  1  de  5 .
Falha ou timeout ao consultar o endpoint.  Fazendo nova tentativa  2  de  5 .
Endpoint 31 coletado
Falha ou timeout ao consultar o endpoint.  Fazendo nova tentativa  1  de  5 .
Endpoint 32 coletado
Falha ou timeout ao consultar o endpoint.  Fazendo nova tentativa  1  de  5 .
Endpoint 33 coletado
Endpoint 34 coletado
Endpoint 35 coletado
Falha ou timeout ao consultar o endpoint.  Fazendo nova tentativa  1  de  5 .
Endpoint 36 coletado
Endpoint 37 coletado
Endpoint 38 coletado
Endpoint 39 coletado
Falha ou timeout ao consultar o endpoint.  Fazendo nova tentativa  1  de  5 .
Endpoint 40 coletado
Falha ou timeout ao consultar o endpoint.  Fazendo nova tentativa  1  de  5 .
Falha ou timeout ao consultar o endpoint.  Fazendo nova tentativa  2  de  5 .
Endpoint 41 coletado
Endpoint 42 coletado
Falha ou timeout ao consultar o endpoint.  Fazendo nova tentativa  1  de  5 .
Falha ou timeout ao consultar o endpoint.  Fazendo nova tentativa  2  de  5 .
Falha ou timeout ao consultar o endpoint.  Fazendo nova tentativa  3  de  5 .
Endpoint 43 coletado
Endpoint 44 coletado
Falha ou timeout ao consultar o endpoint.  Fazendo nova tentativa  1  de  5 .
Falha ou timeout ao consultar o endpoint.  Fazendo nova tentativa  2  de  5 .
Endpoint 45 coletado
Endpoint 46 coletado
Falha ou timeout ao consultar o endpoint.  Fazendo nova tentativa  1  de  5 .
Endpoint 47 coletado
Falha ou timeout ao consultar o endpoint.  Fazendo nova tentativa  1  de  5 .
Endpoint 48 coletado
Endpoint 49 coletado
Endpoint 50 coletado
Falha ou timeout ao consultar o endpoint.  Fazendo nova tentativa  1  de  5 .
Endpoint 51 coletado
Endpoint 52 coletado
Endpoint 53 coletado
Endpoint 54 coletado
Endpoint 55 coletado
Endpoint 56 coletado
Endpoint 57 coletado
Endpoint 58 coletado
Falha ou timeout ao consultar o endpoint.  Fazendo nova tentativa  1  de  5 .
[1] "HTTP 502 Bad Gateway."
Endpoint 59 coletado
Endpoint 60 coletado
Endpoint 61 coletado
Falha ou timeout ao consultar o endpoint.  Fazendo nova tentativa  1  de  5 .
Falha ou timeout ao consultar o endpoint.  Fazendo nova tentativa  2  de  5 .
Falha ou timeout ao consultar o endpoint.  Fazendo nova tentativa  3  de  5 .
Falha ou timeout ao consultar o endpoint.  Fazendo nova tentativa  4  de  5 .
Falha ou timeout ao consultar o endpoint.  Fazendo nova tentativa  5  de  5 .
Endpoint 62 coletado
Endpoint 63 coletado
Falha ou timeout ao consultar o endpoint.  Fazendo nova tentativa  1  de  5 .
Falha ou timeout ao consultar o endpoint.  Fazendo nova tentativa  2  de  5 .
Falha ou timeout ao consultar o endpoint.  Fazendo nova tentativa  3  de  5 .
Falha ou timeout ao consultar o endpoint.  Fazendo nova tentativa  4  de  5 .
Falha ou timeout ao consultar o endpoint.  Fazendo nova tentativa  5  de  5 .
Falha ou timeout ao consultar o endpoint.  Fazendo nova tentativa  6  de  5 .
[1] "Failed to perform HTTP request."
Endpoint 64 coletado
Falha ou timeout ao consultar o endpoint.  Fazendo nova tentativa  1  de  5 .
Falha ou timeout ao consultar o endpoint.  Fazendo nova tentativa  2  de  5 .
Endpoint 65 coletado
Falha ou timeout ao consultar o endpoint.  Fazendo nova tentativa  1  de  5 .
Falha ou timeout ao consultar o endpoint.  Fazendo nova tentativa  2  de  5 .
Falha ou timeout ao consultar o endpoint.  Fazendo nova tentativa  3  de  5 .
Endpoint 66 coletado
Endpoint 67 coletado
Falha ou timeout ao consultar o endpoint.  Fazendo nova tentativa  1  de  5 .
Endpoint 68 coletado
Falha ou timeout ao consultar o endpoint.  Fazendo nova tentativa  1  de  5 .
Endpoint 69 coletado
Falha ou timeout ao consultar o endpoint.  Fazendo nova tentativa  1  de  5 .
Falha ou timeout ao consultar o endpoint.  Fazendo nova tentativa  2  de  5 .
Endpoint 70 coletado
Falha ou timeout ao consultar o endpoint.  Fazendo nova tentativa  1  de  5 .
Falha ou timeout ao consultar o endpoint.  Fazendo nova tentativa  2  de  5 .
Falha ou timeout ao consultar o endpoint.  Fazendo nova tentativa  3  de  5 .
Endpoint 71 coletado
Falha ou timeout ao consultar o endpoint.  Fazendo nova tentativa  1  de  5 .
Falha ou timeout ao consultar o endpoint.  Fazendo nova tentativa  2  de  5 .
Falha ou timeout ao consultar o endpoint.  Fazendo nova tentativa  3  de  5 .
Falha ou timeout ao consultar o endpoint.  Fazendo nova tentativa  4  de  5 .
Falha ou timeout ao consultar o endpoint.  Fazendo nova tentativa  5  de  5 .
Falha ou timeout ao consultar o endpoint.  Fazendo nova tentativa  6  de  5 .
[1] "Failed to perform HTTP request."
Endpoint 72 coletado
Falha ou timeout ao consultar o endpoint.  Fazendo nova tentativa  1  de  5 .
Falha ou timeout ao consultar o endpoint.  Fazendo nova tentativa  2  de  5 .
Endpoint 73 coletado
Falha ou timeout ao consultar o endpoint.  Fazendo nova tentativa  1  de  5 .
Falha ou timeout ao consultar o endpoint.  Fazendo nova tentativa  2  de  5 .
Falha ou timeout ao consultar o endpoint.  Fazendo nova tentativa  3  de  5 .
Falha ou timeout ao consultar o endpoint.  Fazendo nova tentativa  4  de  5 .
Endpoint 74 coletado
Falha ou timeout ao consultar o endpoint.  Fazendo nova tentativa  1  de  5 .
Endpoint 75 coletado
Endpoint 76 coletado
Falha ou timeout ao consultar o endpoint.  Fazendo nova tentativa  1  de  5 .
Falha ou timeout ao consultar o endpoint.  Fazendo nova tentativa  2  de  5 .
Endpoint 77 coletado
Falha ou timeout ao consultar o endpoint.  Fazendo nova tentativa  1  de  5 .
Falha ou timeout ao consultar o endpoint.  Fazendo nova tentativa  2  de  5 .
Endpoint 78 coletado
Falha ou timeout ao consultar o endpoint.  Fazendo nova tentativa  1  de  5 .
Falha ou timeout ao consultar o endpoint.  Fazendo nova tentativa  2  de  5 .
Endpoint 79 coletado
Falha ou timeout ao consultar o endpoint.  Fazendo nova tentativa  1  de  5 .
Falha ou timeout ao consultar o endpoint.  Fazendo nova tentativa  2  de  5 .
Falha ou timeout ao consultar o endpoint.  Fazendo nova tentativa  3  de  5 .
Falha ou timeout ao consultar o endpoint.  Fazendo nova tentativa  4  de  5 .
Falha ou timeout ao consultar o endpoint.  Fazendo nova tentativa  5  de  5 .
Falha ou timeout ao consultar o endpoint.  Fazendo nova tentativa  6  de  5 .
[1] "Failed to perform HTTP request."
Endpoint 80 coletado
Falha ou timeout ao consultar o endpoint.  Fazendo nova tentativa  1  de  5 .
Falha ou timeout ao consultar o endpoint.  Fazendo nova tentativa  2  de  5 .
Falha ou timeout ao consultar o endpoint.  Fazendo nova tentativa  3  de  5 .
Falha ou timeout ao consultar o endpoint.  Fazendo nova tentativa  4  de  5 .
Falha ou timeout ao consultar o endpoint.  Fazendo nova tentativa  5  de  5 .
Falha ou timeout ao consultar o endpoint.  Fazendo nova tentativa  6  de  5 .
[1] "Failed to perform HTTP request."
Endpoint 81 coletado
Endpoint 82 coletado
Endpoint 83 coletado
Falha ou timeout ao consultar o endpoint.  Fazendo nova tentativa  1  de  5 .
Falha ou timeout ao consultar o endpoint.  Fazendo nova tentativa  2  de  5 .
Falha ou timeout ao consultar o endpoint.  Fazendo nova tentativa  3  de  5 .
Endpoint 84 coletado
Falha ou timeout ao consultar o endpoint.  Fazendo nova tentativa  1  de  5 .
Falha ou timeout ao consultar o endpoint.  Fazendo nova tentativa  2  de  5 .
Endpoint 85 coletado
Falha ou timeout ao consultar o endpoint.  Fazendo nova tentativa  1  de  5 .
Falha ou timeout ao consultar o endpoint.  Fazendo nova tentativa  2  de  5 .
Endpoint 86 coletado
Falha ou timeout ao consultar o endpoint.  Fazendo nova tentativa  1  de  5 .
Falha ou timeout ao consultar o endpoint.  Fazendo nova tentativa  2  de  5 .
Falha ou timeout ao consultar o endpoint.  Fazendo nova tentativa  3  de  5 .
Falha ou timeout ao consultar o endpoint.  Fazendo nova tentativa  4  de  5 .
Falha ou timeout ao consultar o endpoint.  Fazendo nova tentativa  5  de  5 .
Falha ou timeout ao consultar o endpoint.  Fazendo nova tentativa  6  de  5 .
[1] "Failed to perform HTTP request."
Endpoint 87 coletado
Falha ou timeout ao consultar o endpoint.  Fazendo nova tentativa  1  de  5 .
Falha ou timeout ao consultar o endpoint.  Fazendo nova tentativa  2  de  5 .
Falha ou timeout ao consultar o endpoint.  Fazendo nova tentativa  3  de  5 .
Falha ou timeout ao consultar o endpoint.  Fazendo nova tentativa  4  de  5 .
Falha ou timeout ao consultar o endpoint.  Fazendo nova tentativa  5  de  5 .
Falha ou timeout ao consultar o endpoint.  Fazendo nova tentativa  6  de  5 .
[1] "Failed to perform HTTP request."
Endpoint 88 coletado
Falha ou timeout ao consultar o endpoint.  Fazendo nova tentativa  1  de  5 .
Endpoint 89 coletado
Falha ou timeout ao consultar o endpoint.  Fazendo nova tentativa  1  de  5 .
Falha ou timeout ao consultar o endpoint.  Fazendo nova tentativa  2  de  5 .
Falha ou timeout ao consultar o endpoint.  Fazendo nova tentativa  3  de  5 .
Endpoint 90 coletado
Endpoint 91 coletado
Falha ou timeout ao consultar o endpoint.  Fazendo nova tentativa  1  de  5 .
Falha ou timeout ao consultar o endpoint.  Fazendo nova tentativa  2  de  5 .
Endpoint 92 coletado
Endpoint 93 coletado
Falha ou timeout ao consultar o endpoint.  Fazendo nova tentativa  1  de  5 .
Endpoint 94 coletado
Falha ou timeout ao consultar o endpoint.  Fazendo nova tentativa  1  de  5 .
Falha ou timeout ao consultar o endpoint.  Fazendo nova tentativa  2  de  5 .
Endpoint 95 coletado
Falha ou timeout ao consultar o endpoint.  Fazendo nova tentativa  1  de  5 .
Falha ou timeout ao consultar o endpoint.  Fazendo nova tentativa  2  de  5 .
Endpoint 96 coletado
Endpoint 97 coletado
Falha ou timeout ao consultar o endpoint.  Fazendo nova tentativa  1  de  5 .
Falha ou timeout ao consultar o endpoint.  Fazendo nova tentativa  2  de  5 .
Falha ou timeout ao consultar o endpoint.  Fazendo nova tentativa  3  de  5 .
Falha ou timeout ao consultar o endpoint.  Fazendo nova tentativa  4  de  5 .
Endpoint 98 coletado
Falha ou timeout ao consultar o endpoint.  Fazendo nova tentativa  1  de  5 .
Endpoint 99 coletado
Falha ou timeout ao consultar o endpoint.  Fazendo nova tentativa  1  de  5 .
Endpoint 100 coletado
Falha ou timeout ao consultar o endpoint.  Fazendo nova tentativa  1  de  5 .
Falha ou timeout ao consultar o endpoint.  Fazendo nova tentativa  2  de  5 .
Falha ou timeout ao consultar o endpoint.  Fazendo nova tentativa  3  de  5 .
Falha ou timeout ao consultar o endpoint.  Fazendo nova tentativa  4  de  5 .
Falha ou timeout ao consultar o endpoint.  Fazendo nova tentativa  5  de  5 .
Falha ou timeout ao consultar o endpoint.  Fazendo nova tentativa  6  de  5 .
[1] "Failed to perform HTTP request."
Endpoint 101 coletado
Falha ou timeout ao consultar o endpoint.  Fazendo nova tentativa  1  de  5 .
Endpoint 102 coletado
Endpoint 103 coletado
Falha ou timeout ao consultar o endpoint.  Fazendo nova tentativa  1  de  5 .
Falha ou timeout ao consultar o endpoint.  Fazendo nova tentativa  2  de  5 .
Falha ou timeout ao consultar o endpoint.  Fazendo nova tentativa  3  de  5 .
Falha ou timeout ao consultar o endpoint.  Fazendo nova tentativa  4  de  5 .
Falha ou timeout ao consultar o endpoint.  Fazendo nova tentativa  5  de  5 .
Endpoint 104 coletado
Falha ou timeout ao consultar o endpoint.  Fazendo nova tentativa  1  de  5 .
Endpoint 105 coletado
Endpoint 106 coletado
Endpoint 107 coletado
Falha ou timeout ao consultar o endpoint.  Fazendo nova tentativa  1  de  5 .
Falha ou timeout ao consultar o endpoint.  Fazendo nova tentativa  2  de  5 .
Falha ou timeout ao consultar o endpoint.  Fazendo nova tentativa  3  de  5 .
Endpoint 108 coletado
Falha ou timeout ao consultar o endpoint.  Fazendo nova tentativa  1  de  5 .
Falha ou timeout ao consultar o endpoint.  Fazendo nova tentativa  2  de  5 .
Falha ou timeout ao consultar o endpoint.  Fazendo nova tentativa  3  de  5 .
Endpoint 109 coletado
Endpoint 110 coletado
Falha ou timeout ao consultar o endpoint.  Fazendo nova tentativa  1  de  5 .
Falha ou timeout ao consultar o endpoint.  Fazendo nova tentativa  2  de  5 .
Falha ou timeout ao consultar o endpoint.  Fazendo nova tentativa  3  de  5 .
Falha ou timeout ao consultar o endpoint.  Fazendo nova tentativa  4  de  5 .
Endpoint 111 coletado
Falha ou timeout ao consultar o endpoint.  Fazendo nova tentativa  1  de  5 .
Falha ou timeout ao consultar o endpoint.  Fazendo nova tentativa  2  de  5 .
Falha ou timeout ao consultar o endpoint.  Fazendo nova tentativa  3  de  5 .
Falha ou timeout ao consultar o endpoint.  Fazendo nova tentativa  4  de  5 .
Falha ou timeout ao consultar o endpoint.  Fazendo nova tentativa  5  de  5 .
Falha ou timeout ao consultar o endpoint.  Fazendo nova tentativa  6  de  5 .
[1] "Failed to perform HTTP request."
Endpoint 112 coletado
Endpoint 113 coletado
Falha ou timeout ao consultar o endpoint.  Fazendo nova tentativa  1  de  5 .
Endpoint 114 coletado
Endpoint 115 coletado
Falha ou timeout ao consultar o endpoint.  Fazendo nova tentativa  1  de  5 .
Endpoint 116 coletado
Falha ou timeout ao consultar o endpoint.  Fazendo nova tentativa  1  de  5 .
Endpoint 117 coletado
Endpoint 118 coletado
Endpoint 119 coletado
Falha ou timeout ao consultar o endpoint.  Fazendo nova tentativa  1  de  5 .
Falha ou timeout ao consultar o endpoint.  Fazendo nova tentativa  2  de  5 .
Falha ou timeout ao consultar o endpoint.  Fazendo nova tentativa  3  de  5 .
Falha ou timeout ao consultar o endpoint.  Fazendo nova tentativa  4  de  5 .
Falha ou timeout ao consultar o endpoint.  Fazendo nova tentativa  5  de  5 .
Endpoint 120 coletado
Falha ou timeout ao consultar o endpoint.  Fazendo nova tentativa  1  de  5 .
Falha ou timeout ao consultar o endpoint.  Fazendo nova tentativa  2  de  5 .
Falha ou timeout ao consultar o endpoint.  Fazendo nova tentativa  3  de  5 .
Endpoint 121 coletado
Falha ou timeout ao consultar o endpoint.  Fazendo nova tentativa  1  de  5 .
Endpoint 122 coletado
Endpoint 123 coletado
Endpoint 124 coletado
Falha ou timeout ao consultar o endpoint.  Fazendo nova tentativa  1  de  5 .
Falha ou timeout ao consultar o endpoint.  Fazendo nova tentativa  2  de  5 .
Falha ou timeout ao consultar o endpoint.  Fazendo nova tentativa  3  de  5 .
Endpoint 125 coletado
Endpoint 126 coletado
Endpoint 127 coletado
Endpoint 128 coletado
Falha ou timeout ao consultar o endpoint.  Fazendo nova tentativa  1  de  5 .
Falha ou timeout ao consultar o endpoint.  Fazendo nova tentativa  2  de  5 .
Falha ou timeout ao consultar o endpoint.  Fazendo nova tentativa  3  de  5 .
Endpoint 129 coletado
Endpoint 130 coletado
Falha ou timeout ao consultar o endpoint.  Fazendo nova tentativa  1  de  5 .
Endpoint 131 coletado
Falha ou timeout ao consultar o endpoint.  Fazendo nova tentativa  1  de  5 .
Falha ou timeout ao consultar o endpoint.  Fazendo nova tentativa  2  de  5 .
Falha ou timeout ao consultar o endpoint.  Fazendo nova tentativa  3  de  5 .
Falha ou timeout ao consultar o endpoint.  Fazendo nova tentativa  4  de  5 .
Falha ou timeout ao consultar o endpoint.  Fazendo nova tentativa  5  de  5 .
Falha ou timeout ao consultar o endpoint.  Fazendo nova tentativa  6  de  5 .
[1] "Failed to perform HTTP request."
Endpoint 132 coletado
Falha ou timeout ao consultar o endpoint.  Fazendo nova tentativa  1  de  5 .
Falha ou timeout ao consultar o endpoint.  Fazendo nova tentativa  2  de  5 .
Falha ou timeout ao consultar o endpoint.  Fazendo nova tentativa  3  de  5 .
Endpoint 133 coletado
Falha ou timeout ao consultar o endpoint.  Fazendo nova tentativa  1  de  5 .
Falha ou timeout ao consultar o endpoint.  Fazendo nova tentativa  2  de  5 .
Falha ou timeout ao consultar o endpoint.  Fazendo nova tentativa  3  de  5 .
Endpoint 134 coletado
Endpoint 135 coletado
Endpoint 136 coletado
Falha ou timeout ao consultar o endpoint.  Fazendo nova tentativa  1  de  5 .
Endpoint 137 coletado
Falha ou timeout ao consultar o endpoint.  Fazendo nova tentativa  1  de  5 .
Falha ou timeout ao consultar o endpoint.  Fazendo nova tentativa  2  de  5 .
Endpoint 138 coletado
Falha ou timeout ao consultar o endpoint.  Fazendo nova tentativa  1  de  5 .
Falha ou timeout ao consultar o endpoint.  Fazendo nova tentativa  2  de  5 .
Falha ou timeout ao consultar o endpoint.  Fazendo nova tentativa  3  de  5 .
Endpoint 139 coletado
Falha ou timeout ao consultar o endpoint.  Fazendo nova tentativa  1  de  5 .
Endpoint 140 coletado
Falha ou timeout ao consultar o endpoint.  Fazendo nova tentativa  1  de  5 .
Falha ou timeout ao consultar o endpoint.  Fazendo nova tentativa  2  de  5 .
Endpoint 141 coletado
Endpoint 142 coletado
Endpoint 143 coletado
Endpoint 144 coletado
Falha ou timeout ao consultar o endpoint.  Fazendo nova tentativa  1  de  5 .
Falha ou timeout ao consultar o endpoint.  Fazendo nova tentativa  2  de  5 .
Falha ou timeout ao consultar o endpoint.  Fazendo nova tentativa  3  de  5 .
Falha ou timeout ao consultar o endpoint.  Fazendo nova tentativa  4  de  5 .
Falha ou timeout ao consultar o endpoint.  Fazendo nova tentativa  5  de  5 .
Falha ou timeout ao consultar o endpoint.  Fazendo nova tentativa  6  de  5 .
[1] "Failed to perform HTTP request."
Endpoint 145 coletado
Falha ou timeout ao consultar o endpoint.  Fazendo nova tentativa  1  de  5 .
Falha ou timeout ao consultar o endpoint.  Fazendo nova tentativa  2  de  5 .
Endpoint 146 coletado
Endpoint 147 coletado
Endpoint 148 coletado
Endpoint 149 coletado
Falha ou timeout ao consultar o endpoint.  Fazendo nova tentativa  1  de  5 .
Falha ou timeout ao consultar o endpoint.  Fazendo nova tentativa  2  de  5 .
Endpoint 150 coletado
Endpoint 151 coletado
Endpoint 152 coletado
Falha ou timeout ao consultar o endpoint.  Fazendo nova tentativa  1  de  5 .
Endpoint 153 coletado
Falha ou timeout ao consultar o endpoint.  Fazendo nova tentativa  1  de  5 .
Falha ou timeout ao consultar o endpoint.  Fazendo nova tentativa  2  de  5 .
Falha ou timeout ao consultar o endpoint.  Fazendo nova tentativa  3  de  5 .
Falha ou timeout ao consultar o endpoint.  Fazendo nova tentativa  4  de  5 .
Falha ou timeout ao consultar o endpoint.  Fazendo nova tentativa  5  de  5 .
Endpoint 154 coletado
Endpoint 155 coletado
Falha ou timeout ao consultar o endpoint.  Fazendo nova tentativa  1  de  5 .
Falha ou timeout ao consultar o endpoint.  Fazendo nova tentativa  2  de  5 .
Falha ou timeout ao consultar o endpoint.  Fazendo nova tentativa  3  de  5 .
Falha ou timeout ao consultar o endpoint.  Fazendo nova tentativa  4  de  5 .
Endpoint 156 coletado
Endpoint 157 coletado
Endpoint 158 coletado
Endpoint 159 coletado
Falha ou timeout ao consultar o endpoint.  Fazendo nova tentativa  1  de  5 .
Falha ou timeout ao consultar o endpoint.  Fazendo nova tentativa  2  de  5 .
Endpoint 160 coletado
Falha ou timeout ao consultar o endpoint.  Fazendo nova tentativa  1  de  5 .
Endpoint 161 coletado
Falha ou timeout ao consultar o endpoint.  Fazendo nova tentativa  1  de  5 .
Falha ou timeout ao consultar o endpoint.  Fazendo nova tentativa  2  de  5 .
Falha ou timeout ao consultar o endpoint.  Fazendo nova tentativa  3  de  5 .
Falha ou timeout ao consultar o endpoint.  Fazendo nova tentativa  4  de  5 .
Falha ou timeout ao consultar o endpoint.  Fazendo nova tentativa  5  de  5 .
Falha ou timeout ao consultar o endpoint.  Fazendo nova tentativa  6  de  5 .
[1] "Failed to perform HTTP request."
Endpoint 162 coletado
Falha ou timeout ao consultar o endpoint.  Fazendo nova tentativa  1  de  5 .
Falha ou timeout ao consultar o endpoint.  Fazendo nova tentativa  2  de  5 .
Falha ou timeout ao consultar o endpoint.  Fazendo nova tentativa  3  de  5 .
Falha ou timeout ao consultar o endpoint.  Fazendo nova tentativa  4  de  5 .
Falha ou timeout ao consultar o endpoint.  Fazendo nova tentativa  5  de  5 .
Falha ou timeout ao consultar o endpoint.  Fazendo nova tentativa  6  de  5 .
[1] "Failed to perform HTTP request."
Endpoint 163 coletado
Endpoint 164 coletado
Falha ou timeout ao consultar o endpoint.  Fazendo nova tentativa  1  de  5 .
Endpoint 165 coletado
Endpoint 166 coletado
Falha ou timeout ao consultar o endpoint.  Fazendo nova tentativa  1  de  5 .
Endpoint 167 coletado
Falha ou timeout ao consultar o endpoint.  Fazendo nova tentativa  1  de  5 .
Falha ou timeout ao consultar o endpoint.  Fazendo nova tentativa  2  de  5 .
Falha ou timeout ao consultar o endpoint.  Fazendo nova tentativa  3  de  5 .
Endpoint 168 coletado
Endpoint 169 coletado
Falha ou timeout ao consultar o endpoint.  Fazendo nova tentativa  1  de  5 .
Endpoint 170 coletado
Falha ou timeout ao consultar o endpoint.  Fazendo nova tentativa  1  de  5 .
Endpoint 171 coletado
Falha ou timeout ao consultar o endpoint.  Fazendo nova tentativa  1  de  5 .
Endpoint 172 coletado
Falha ou timeout ao consultar o endpoint.  Fazendo nova tentativa  1  de  5 .
Falha ou timeout ao consultar o endpoint.  Fazendo nova tentativa  2  de  5 .
Endpoint 173 coletado
Falha ou timeout ao consultar o endpoint.  Fazendo nova tentativa  1  de  5 .
Falha ou timeout ao consultar o endpoint.  Fazendo nova tentativa  2  de  5 .
Falha ou timeout ao consultar o endpoint.  Fazendo nova tentativa  3  de  5 .
Falha ou timeout ao consultar o endpoint.  Fazendo nova tentativa  4  de  5 .
Falha ou timeout ao consultar o endpoint.  Fazendo nova tentativa  5  de  5 .
Endpoint 174 coletado
Falha ou timeout ao consultar o endpoint.  Fazendo nova tentativa  1  de  5 .
Endpoint 175 coletado
Endpoint 176 coletado
Falha ou timeout ao consultar o endpoint.  Fazendo nova tentativa  1  de  5 .
Falha ou timeout ao consultar o endpoint.  Fazendo nova tentativa  2  de  5 .
Falha ou timeout ao consultar o endpoint.  Fazendo nova tentativa  3  de  5 .
Endpoint 177 coletado
Falha ou timeout ao consultar o endpoint.  Fazendo nova tentativa  1  de  5 .
Falha ou timeout ao consultar o endpoint.  Fazendo nova tentativa  2  de  5 .
Endpoint 178 coletado
Endpoint 179 coletado
Falha ou timeout ao consultar o endpoint.  Fazendo nova tentativa  1  de  5 .
Endpoint 180 coletado
Falha ou timeout ao consultar o endpoint.  Fazendo nova tentativa  1  de  5 .
Endpoint 181 coletado
Falha ou timeout ao consultar o endpoint.  Fazendo nova tentativa  1  de  5 .
Endpoint 182 coletado
Falha ou timeout ao consultar o endpoint.  Fazendo nova tentativa  1  de  5 .
Falha ou timeout ao consultar o endpoint.  Fazendo nova tentativa  2  de  5 .
Falha ou timeout ao consultar o endpoint.  Fazendo nova tentativa  3  de  5 .
Endpoint 183 coletado
Falha ou timeout ao consultar o endpoint.  Fazendo nova tentativa  1  de  5 .
Falha ou timeout ao consultar o endpoint.  Fazendo nova tentativa  2  de  5 .
Endpoint 184 coletado
Falha ou timeout ao consultar o endpoint.  Fazendo nova tentativa  1  de  5 .
Falha ou timeout ao consultar o endpoint.  Fazendo nova tentativa  2  de  5 .
Endpoint 185 coletado
Falha ou timeout ao consultar o endpoint.  Fazendo nova tentativa  1  de  5 .
Falha ou timeout ao consultar o endpoint.  Fazendo nova tentativa  2  de  5 .
Falha ou timeout ao consultar o endpoint.  Fazendo nova tentativa  3  de  5 .
Falha ou timeout ao consultar o endpoint.  Fazendo nova tentativa  4  de  5 .
Falha ou timeout ao consultar o endpoint.  Fazendo nova tentativa  5  de  5 .
Endpoint 186 coletado
Falha ou timeout ao consultar o endpoint.  Fazendo nova tentativa  1  de  5 .
Falha ou timeout ao consultar o endpoint.  Fazendo nova tentativa  2  de  5 .
Falha ou timeout ao consultar o endpoint.  Fazendo nova tentativa  3  de  5 .
Falha ou timeout ao consultar o endpoint.  Fazendo nova tentativa  4  de  5 .
Falha ou timeout ao consultar o endpoint.  Fazendo nova tentativa  5  de  5 .
Falha ou timeout ao consultar o endpoint.  Fazendo nova tentativa  6  de  5 .
[1] "Failed to perform HTTP request."
Endpoint 187 coletado
Falha ou timeout ao consultar o endpoint.  Fazendo nova tentativa  1  de  5 .
Falha ou timeout ao consultar o endpoint.  Fazendo nova tentativa  2  de  5 .
Falha ou timeout ao consultar o endpoint.  Fazendo nova tentativa  3  de  5 .
Falha ou timeout ao consultar o endpoint.  Fazendo nova tentativa  4  de  5 .
Endpoint 188 coletado
Endpoint 189 coletado
Falha ou timeout ao consultar o endpoint.  Fazendo nova tentativa  1  de  5 .
Endpoint 190 coletado
Endpoint 191 coletado
Endpoint 192 coletado
Falha ou timeout ao consultar o endpoint.  Fazendo nova tentativa  1  de  5 .
Endpoint 193 coletado
Falha ou timeout ao consultar o endpoint.  Fazendo nova tentativa  1  de  5 .
Endpoint 194 coletado
Falha ou timeout ao consultar o endpoint.  Fazendo nova tentativa  1  de  5 .
Endpoint 195 coletado
Endpoint 196 coletado
Endpoint 197 coletado
Endpoint 198 coletado
Falha ou timeout ao consultar o endpoint.  Fazendo nova tentativa  1  de  5 .
Endpoint 199 coletado
Falha ou timeout ao consultar o endpoint.  Fazendo nova tentativa  1  de  5 .
Endpoint 200 coletado
Falha ou timeout ao consultar o endpoint.  Fazendo nova tentativa  1  de  5 .
Endpoint 201 coletado
Falha ou timeout ao consultar o endpoint.  Fazendo nova tentativa  1  de  5 .
Endpoint 202 coletado
Endpoint 203 coletado
Falha ou timeout ao consultar o endpoint.  Fazendo nova tentativa  1  de  5 .
Falha ou timeout ao consultar o endpoint.  Fazendo nova tentativa  2  de  5 .
Endpoint 204 coletado
Endpoint 205 coletado
Falha ou timeout ao consultar o endpoint.  Fazendo nova tentativa  1  de  5 .
Falha ou timeout ao consultar o endpoint.  Fazendo nova tentativa  2  de  5 .
Falha ou timeout ao consultar o endpoint.  Fazendo nova tentativa  3  de  5 .
Falha ou timeout ao consultar o endpoint.  Fazendo nova tentativa  4  de  5 .
Endpoint 206 coletado
Falha ou timeout ao consultar o endpoint.  Fazendo nova tentativa  1  de  5 .
Falha ou timeout ao consultar o endpoint.  Fazendo nova tentativa  2  de  5 .
Endpoint 207 coletado
Endpoint 208 coletado
Endpoint 209 coletado
Endpoint 210 coletado
Falha ou timeout ao consultar o endpoint.  Fazendo nova tentativa  1  de  5 .
Endpoint 211 coletado
Endpoint 212 coletado
Endpoint 213 coletado
Falha ou timeout ao consultar o endpoint.  Fazendo nova tentativa  1  de  5 .
Falha ou timeout ao consultar o endpoint.  Fazendo nova tentativa  2  de  5 .
Falha ou timeout ao consultar o endpoint.  Fazendo nova tentativa  3  de  5 .
Falha ou timeout ao consultar o endpoint.  Fazendo nova tentativa  4  de  5 .
Falha ou timeout ao consultar o endpoint.  Fazendo nova tentativa  5  de  5 .
Falha ou timeout ao consultar o endpoint.  Fazendo nova tentativa  6  de  5 .
[1] "Failed to perform HTTP request."
Endpoint 214 coletado
Falha ou timeout ao consultar o endpoint.  Fazendo nova tentativa  1  de  5 .
Endpoint 215 coletado
Endpoint 216 coletado
Endpoint 217 coletado
Endpoint 218 coletado
Endpoint 219 coletado
Falha ou timeout ao consultar o endpoint.  Fazendo nova tentativa  1  de  5 .
Falha ou timeout ao consultar o endpoint.  Fazendo nova tentativa  2  de  5 .
Endpoint 220 coletado
Endpoint 221 coletado
Falha ou timeout ao consultar o endpoint.  Fazendo nova tentativa  1  de  5 .
Endpoint 222 coletado
Endpoint 223 coletado
Falha ou timeout ao consultar o endpoint.  Fazendo nova tentativa  1  de  5 .
Falha ou timeout ao consultar o endpoint.  Fazendo nova tentativa  2  de  5 .
Endpoint 224 coletado
Falha ou timeout ao consultar o endpoint.  Fazendo nova tentativa  1  de  5 .
Falha ou timeout ao consultar o endpoint.  Fazendo nova tentativa  2  de  5 .
Endpoint 225 coletado
Falha ou timeout ao consultar o endpoint.  Fazendo nova tentativa  1  de  5 .
Falha ou timeout ao consultar o endpoint.  Fazendo nova tentativa  2  de  5 .
Falha ou timeout ao consultar o endpoint.  Fazendo nova tentativa  3  de  5 .
Falha ou timeout ao consultar o endpoint.  Fazendo nova tentativa  4  de  5 .
Falha ou timeout ao consultar o endpoint.  Fazendo nova tentativa  5  de  5 .
Endpoint 226 coletado
Falha ou timeout ao consultar o endpoint.  Fazendo nova tentativa  1  de  5 .
Falha ou timeout ao consultar o endpoint.  Fazendo nova tentativa  2  de  5 .
Falha ou timeout ao consultar o endpoint.  Fazendo nova tentativa  3  de  5 .
Endpoint 227 coletado
Falha ou timeout ao consultar o endpoint.  Fazendo nova tentativa  1  de  5 .
Endpoint 228 coletado
Endpoint 229 coletado
Falha ou timeout ao consultar o endpoint.  Fazendo nova tentativa  1  de  5 .
Falha ou timeout ao consultar o endpoint.  Fazendo nova tentativa  2  de  5 .
Falha ou timeout ao consultar o endpoint.  Fazendo nova tentativa  3  de  5 .
Endpoint 230 coletado
Falha ou timeout ao consultar o endpoint.  Fazendo nova tentativa  1  de  5 .
Endpoint 231 coletado
Falha ou timeout ao consultar o endpoint.  Fazendo nova tentativa  1  de  5 .
Endpoint 232 coletado
Endpoint 233 coletado
Falha ou timeout ao consultar o endpoint.  Fazendo nova tentativa  1  de  5 .
Endpoint 234 coletado
Falha ou timeout ao consultar o endpoint.  Fazendo nova tentativa  1  de  5 .
Endpoint 235 coletado
Endpoint 236 coletado
Endpoint 237 coletado
Falha ou timeout ao consultar o endpoint.  Fazendo nova tentativa  1  de  5 .
Endpoint 238 coletado
Endpoint 239 coletado
Endpoint 240 coletado
Endpoint 241 coletado
Falha ou timeout ao consultar o endpoint.  Fazendo nova tentativa  1  de  5 .
Falha ou timeout ao consultar o endpoint.  Fazendo nova tentativa  2  de  5 .
Falha ou timeout ao consultar o endpoint.  Fazendo nova tentativa  3  de  5 .
Endpoint 242 coletado
Falha ou timeout ao consultar o endpoint.  Fazendo nova tentativa  1  de  5 .
Endpoint 243 coletado
Falha ou timeout ao consultar o endpoint.  Fazendo nova tentativa  1  de  5 .
Endpoint 244 coletado
Endpoint 245 coletado
Endpoint 246 coletado
Falha ou timeout ao consultar o endpoint.  Fazendo nova tentativa  1  de  5 .
Endpoint 247 coletado
Falha ou timeout ao consultar o endpoint.  Fazendo nova tentativa  1  de  5 .
Endpoint 248 coletado
Falha ou timeout ao consultar o endpoint.  Fazendo nova tentativa  1  de  5 .
Falha ou timeout ao consultar o endpoint.  Fazendo nova tentativa  2  de  5 .
Falha ou timeout ao consultar o endpoint.  Fazendo nova tentativa  3  de  5 .
Falha ou timeout ao consultar o endpoint.  Fazendo nova tentativa  4  de  5 .
Falha ou timeout ao consultar o endpoint.  Fazendo nova tentativa  5  de  5 .
Endpoint 249 coletado
Endpoint 250 coletado
Endpoint 251 coletado
Endpoint 252 coletado
Endpoint 253 coletado
Falha ou timeout ao consultar o endpoint.  Fazendo nova tentativa  1  de  5 .
Endpoint 254 coletado
Falha ou timeout ao consultar o endpoint.  Fazendo nova tentativa  1  de  5 .
Falha ou timeout ao consultar o endpoint.  Fazendo nova tentativa  2  de  5 .
Endpoint 255 coletado
Falha ou timeout ao consultar o endpoint.  Fazendo nova tentativa  1  de  5 .
Falha ou timeout ao consultar o endpoint.  Fazendo nova tentativa  2  de  5 .
Endpoint 256 coletado
Endpoint 257 coletado
Falha ou timeout ao consultar o endpoint.  Fazendo nova tentativa  1  de  5 .
Falha ou timeout ao consultar o endpoint.  Fazendo nova tentativa  2  de  5 .
Falha ou timeout ao consultar o endpoint.  Fazendo nova tentativa  3  de  5 .
Falha ou timeout ao consultar o endpoint.  Fazendo nova tentativa  4  de  5 .
Falha ou timeout ao consultar o endpoint.  Fazendo nova tentativa  5  de  5 .
Falha ou timeout ao consultar o endpoint.  Fazendo nova tentativa  6  de  5 .
[1] "Failed to perform HTTP request."
Endpoint 258 coletado
Falha ou timeout ao consultar o endpoint.  Fazendo nova tentativa  1  de  5 .
Endpoint 259 coletado
Endpoint 260 coletado
Falha ou timeout ao consultar o endpoint.  Fazendo nova tentativa  1  de  5 .
Endpoint 261 coletado
Falha ou timeout ao consultar o endpoint.  Fazendo nova tentativa  1  de  5 .
Endpoint 262 coletado
Falha ou timeout ao consultar o endpoint.  Fazendo nova tentativa  1  de  5 .
Endpoint 263 coletado
Falha ou timeout ao consultar o endpoint.  Fazendo nova tentativa  1  de  5 .
Endpoint 264 coletado
Endpoint 265 coletado
Endpoint 266 coletado
Falha ou timeout ao consultar o endpoint.  Fazendo nova tentativa  1  de  5 .
Falha ou timeout ao consultar o endpoint.  Fazendo nova tentativa  2  de  5 .
Endpoint 267 coletado
Falha ou timeout ao consultar o endpoint.  Fazendo nova tentativa  1  de  5 .
Endpoint 268 coletado
Falha ou timeout ao consultar o endpoint.  Fazendo nova tentativa  1  de  5 .
Falha ou timeout ao consultar o endpoint.  Fazendo nova tentativa  2  de  5 .
Endpoint 269 coletado
Falha ou timeout ao consultar o endpoint.  Fazendo nova tentativa  1  de  5 .
Falha ou timeout ao consultar o endpoint.  Fazendo nova tentativa  2  de  5 .
Endpoint 270 coletado
Falha ou timeout ao consultar o endpoint.  Fazendo nova tentativa  1  de  5 .
Endpoint 271 coletado
Endpoint 272 coletado
Falha ou timeout ao consultar o endpoint.  Fazendo nova tentativa  1  de  5 .
Endpoint 273 coletado
Falha ou timeout ao consultar o endpoint.  Fazendo nova tentativa  1  de  5 .
Falha ou timeout ao consultar o endpoint.  Fazendo nova tentativa  2  de  5 .
Falha ou timeout ao consultar o endpoint.  Fazendo nova tentativa  3  de  5 .
Endpoint 274 coletado
Endpoint 275 coletado
Falha ou timeout ao consultar o endpoint.  Fazendo nova tentativa  1  de  5 .
Falha ou timeout ao consultar o endpoint.  Fazendo nova tentativa  2  de  5 .
Falha ou timeout ao consultar o endpoint.  Fazendo nova tentativa  3  de  5 .
Falha ou timeout ao consultar o endpoint.  Fazendo nova tentativa  4  de  5 .
Endpoint 276 coletado
Falha ou timeout ao consultar o endpoint.  Fazendo nova tentativa  1  de  5 .
Endpoint 277 coletado
Falha ou timeout ao consultar o endpoint.  Fazendo nova tentativa  1  de  5 .
Endpoint 278 coletado
Falha ou timeout ao consultar o endpoint.  Fazendo nova tentativa  1  de  5 .
Falha ou timeout ao consultar o endpoint.  Fazendo nova tentativa  2  de  5 .
Endpoint 279 coletado
Falha ou timeout ao consultar o endpoint.  Fazendo nova tentativa  1  de  5 .
Falha ou timeout ao consultar o endpoint.  Fazendo nova tentativa  2  de  5 .
Falha ou timeout ao consultar o endpoint.  Fazendo nova tentativa  3  de  5 .
Falha ou timeout ao consultar o endpoint.  Fazendo nova tentativa  4  de  5 .
Endpoint 280 coletado
Falha ou timeout ao consultar o endpoint.  Fazendo nova tentativa  1  de  5 .
Endpoint 281 coletado
Falha ou timeout ao consultar o endpoint.  Fazendo nova tentativa  1  de  5 .
Falha ou timeout ao consultar o endpoint.  Fazendo nova tentativa  2  de  5 .
Endpoint 282 coletado
Falha ou timeout ao consultar o endpoint.  Fazendo nova tentativa  1  de  5 .
Endpoint 283 coletado
Falha ou timeout ao consultar o endpoint.  Fazendo nova tentativa  1  de  5 .
Endpoint 284 coletado
Falha ou timeout ao consultar o endpoint.  Fazendo nova tentativa  1  de  5 .
Falha ou timeout ao consultar o endpoint.  Fazendo nova tentativa  2  de  5 .
Falha ou timeout ao consultar o endpoint.  Fazendo nova tentativa  3  de  5 .
Falha ou timeout ao consultar o endpoint.  Fazendo nova tentativa  4  de  5 .
Endpoint 285 coletado
Endpoint 286 coletado
Falha ou timeout ao consultar o endpoint.  Fazendo nova tentativa  1  de  5 .
Endpoint 287 coletado
Endpoint 288 coletado
Endpoint 289 coletado
Falha ou timeout ao consultar o endpoint.  Fazendo nova tentativa  1  de  5 .
Endpoint 290 coletado
Endpoint 291 coletado
Endpoint 292 coletado
Endpoint 293 coletado
Endpoint 294 coletado
Falha ou timeout ao consultar o endpoint.  Fazendo nova tentativa  1  de  5 .
Endpoint 295 coletado
Endpoint 296 coletado
Endpoint 297 coletado
Falha ou timeout ao consultar o endpoint.  Fazendo nova tentativa  1  de  5 .
Falha ou timeout ao consultar o endpoint.  Fazendo nova tentativa  2  de  5 .
Falha ou timeout ao consultar o endpoint.  Fazendo nova tentativa  3  de  5 .
Endpoint 298 coletado
Endpoint 299 coletado
Falha ou timeout ao consultar o endpoint.  Fazendo nova tentativa  1  de  5 .
Endpoint 300 coletado
Falha ou timeout ao consultar o endpoint.  Fazendo nova tentativa  1  de  5 .
Falha ou timeout ao consultar o endpoint.  Fazendo nova tentativa  2  de  5 .
Endpoint 301 coletado
Endpoint 302 coletado
Falha ou timeout ao consultar o endpoint.  Fazendo nova tentativa  1  de  5 .
Falha ou timeout ao consultar o endpoint.  Fazendo nova tentativa  2  de  5 .
Falha ou timeout ao consultar o endpoint.  Fazendo nova tentativa  3  de  5 .
Endpoint 303 coletado
Falha ou timeout ao consultar o endpoint.  Fazendo nova tentativa  1  de  5 .
Endpoint 304 coletado
Endpoint 305 coletado
Endpoint 306 coletado
Falha ou timeout ao consultar o endpoint.  Fazendo nova tentativa  1  de  5 .
Endpoint 307 coletado
Endpoint 308 coletado
Endpoint 309 coletado
Endpoint 310 coletado
Endpoint 311 coletado
Endpoint 312 coletado
Endpoint 313 coletado
Endpoint 314 coletado
Endpoint 315 coletado
Endpoint 316 coletado
Endpoint 317 coletado
Endpoint 318 coletado
Endpoint 319 coletado
Endpoint 320 coletado
Endpoint 321 coletado
Falha ou timeout ao consultar o endpoint.  Fazendo nova tentativa  1  de  5 .
Endpoint 322 coletado
Endpoint 323 coletado
Endpoint 324 coletado
Falha ou timeout ao consultar o endpoint.  Fazendo nova tentativa  1  de  5 .
Endpoint 325 coletado
Endpoint 326 coletado
Endpoint 327 coletado
Falha ou timeout ao consultar o endpoint.  Fazendo nova tentativa  1  de  5 .
Endpoint 328 coletado
Falha ou timeout ao consultar o endpoint.  Fazendo nova tentativa  1  de  5 .
Endpoint 329 coletado
Endpoint 330 coletado
Falha ou timeout ao consultar o endpoint.  Fazendo nova tentativa  1  de  5 .
Falha ou timeout ao consultar o endpoint.  Fazendo nova tentativa  2  de  5 .
Endpoint 331 coletado
Endpoint 332 coletado
Endpoint 333 coletado
Falha ou timeout ao consultar o endpoint.  Fazendo nova tentativa  1  de  5 .
Endpoint 334 coletado
Endpoint 335 coletado
Endpoint 336 coletado
Endpoint 337 coletado
Endpoint 338 coletado
Falha ou timeout ao consultar o endpoint.  Fazendo nova tentativa  1  de  5 .
Endpoint 339 coletado
Endpoint 340 coletado
Endpoint 341 coletado
Endpoint 342 coletado
Endpoint 343 coletado
Endpoint 344 coletado
Endpoint 345 coletado
Endpoint 346 coletado
Endpoint 347 coletado
Endpoint 348 coletado
Endpoint 349 coletado
Endpoint 350 coletado
Endpoint 351 coletado
Falha ou timeout ao consultar o endpoint.  Fazendo nova tentativa  1  de  5 .
Endpoint 352 coletado
Falha ou timeout ao consultar o endpoint.  Fazendo nova tentativa  1  de  5 .
Endpoint 353 coletado
Endpoint 354 coletado
Endpoint 355 coletado
Endpoint 356 coletado
Endpoint 357 coletado
Endpoint 358 coletado
Endpoint 359 coletado
Endpoint 360 coletado
Endpoint 361 coletado
Falha ou timeout ao consultar o endpoint.  Fazendo nova tentativa  1  de  5 .
Endpoint 362 coletado
Endpoint 363 coletado
Falha ou timeout ao consultar o endpoint.  Fazendo nova tentativa  1  de  5 .
Endpoint 364 coletado
[1] "HTTP 502 Bad Gateway."
Endpoint 365 coletado
Endpoint 366 coletado
Falha ou timeout ao consultar o endpoint.  Fazendo nova tentativa  1  de  5 .
Endpoint 367 coletado
Endpoint 368 coletado
Falha ou timeout ao consultar o endpoint.  Fazendo nova tentativa  1  de  5 .
Falha ou timeout ao consultar o endpoint.  Fazendo nova tentativa  2  de  5 .
Endpoint 369 coletado
Endpoint 370 coletado
Falha ou timeout ao consultar o endpoint.  Fazendo nova tentativa  1  de  5 .
Endpoint 371 coletado
Falha ou timeout ao consultar o endpoint.  Fazendo nova tentativa  1  de  5 .
Endpoint 372 coletado
Endpoint 373 coletado
Falha ou timeout ao consultar o endpoint.  Fazendo nova tentativa  1  de  5 .
Falha ou timeout ao consultar o endpoint.  Fazendo nova tentativa  2  de  5 .
Endpoint 374 coletado
Falha ou timeout ao consultar o endpoint.  Fazendo nova tentativa  1  de  5 .
Falha ou timeout ao consultar o endpoint.  Fazendo nova tentativa  2  de  5 .
Falha ou timeout ao consultar o endpoint.  Fazendo nova tentativa  3  de  5 .
Endpoint 375 coletado
Falha ou timeout ao consultar o endpoint.  Fazendo nova tentativa  1  de  5 .
Falha ou timeout ao consultar o endpoint.  Fazendo nova tentativa  2  de  5 .
Endpoint 376 coletado
Endpoint 377 coletado
Falha ou timeout ao consultar o endpoint.  Fazendo nova tentativa  1  de  5 .
Falha ou timeout ao consultar o endpoint.  Fazendo nova tentativa  2  de  5 .
Falha ou timeout ao consultar o endpoint.  Fazendo nova tentativa  3  de  5 .
Falha ou timeout ao consultar o endpoint.  Fazendo nova tentativa  4  de  5 .
Endpoint 378 coletado
Endpoint 379 coletado
Falha ou timeout ao consultar o endpoint.  Fazendo nova tentativa  1  de  5 .
Falha ou timeout ao consultar o endpoint.  Fazendo nova tentativa  2  de  5 .
Falha ou timeout ao consultar o endpoint.  Fazendo nova tentativa  3  de  5 .
Endpoint 380 coletado
Falha ou timeout ao consultar o endpoint.  Fazendo nova tentativa  1  de  5 .
Falha ou timeout ao consultar o endpoint.  Fazendo nova tentativa  2  de  5 .
Falha ou timeout ao consultar o endpoint.  Fazendo nova tentativa  3  de  5 .
Endpoint 381 coletado
Endpoint 382 coletado
Falha ou timeout ao consultar o endpoint.  Fazendo nova tentativa  1  de  5 .
Falha ou timeout ao consultar o endpoint.  Fazendo nova tentativa  2  de  5 .
Endpoint 383 coletado
Falha ou timeout ao consultar o endpoint.  Fazendo nova tentativa  1  de  5 .
Endpoint 384 coletado
Falha ou timeout ao consultar o endpoint.  Fazendo nova tentativa  1  de  5 .
Falha ou timeout ao consultar o endpoint.  Fazendo nova tentativa  2  de  5 .
Falha ou timeout ao consultar o endpoint.  Fazendo nova tentativa  3  de  5 .
Endpoint 385 coletado
Falha ou timeout ao consultar o endpoint.  Fazendo nova tentativa  1  de  5 .
Endpoint 386 coletado
Endpoint 387 coletado
Falha ou timeout ao consultar o endpoint.  Fazendo nova tentativa  1  de  5 .
Endpoint 388 coletado
Falha ou timeout ao consultar o endpoint.  Fazendo nova tentativa  1  de  5 .
Falha ou timeout ao consultar o endpoint.  Fazendo nova tentativa  2  de  5 .
Falha ou timeout ao consultar o endpoint.  Fazendo nova tentativa  3  de  5 .
Endpoint 389 coletado
Endpoint 390 coletado
Endpoint 391 coletado
Falha ou timeout ao consultar o endpoint.  Fazendo nova tentativa  1  de  5 .
Endpoint 392 coletado
Endpoint 393 coletado
Endpoint 394 coletado
Falha ou timeout ao consultar o endpoint.  Fazendo nova tentativa  1  de  5 .
Falha ou timeout ao consultar o endpoint.  Fazendo nova tentativa  2  de  5 .
Endpoint 395 coletado
Endpoint 396 coletado
Falha ou timeout ao consultar o endpoint.  Fazendo nova tentativa  1  de  5 .
Falha ou timeout ao consultar o endpoint.  Fazendo nova tentativa  2  de  5 .
Falha ou timeout ao consultar o endpoint.  Fazendo nova tentativa  3  de  5 .
Endpoint 397 coletado
Falha ou timeout ao consultar o endpoint.  Fazendo nova tentativa  1  de  5 .
Falha ou timeout ao consultar o endpoint.  Fazendo nova tentativa  2  de  5 .
Endpoint 398 coletado
Endpoint 399 coletado
Falha ou timeout ao consultar o endpoint.  Fazendo nova tentativa  1  de  5 .
Falha ou timeout ao consultar o endpoint.  Fazendo nova tentativa  2  de  5 .
Endpoint 400 coletado
Endpoint 401 coletado
Falha ou timeout ao consultar o endpoint.  Fazendo nova tentativa  1  de  5 .
Endpoint 402 coletado
Falha ou timeout ao consultar o endpoint.  Fazendo nova tentativa  1  de  5 .
Falha ou timeout ao consultar o endpoint.  Fazendo nova tentativa  2  de  5 .
Endpoint 403 coletado
Endpoint 404 coletado
Endpoint 405 coletado
Falha ou timeout ao consultar o endpoint.  Fazendo nova tentativa  1  de  5 .
Endpoint 406 coletado
Endpoint 407 coletado
Endpoint 408 coletado
Endpoint 409 coletado
Falha ou timeout ao consultar o endpoint.  Fazendo nova tentativa  1  de  5 .
Falha ou timeout ao consultar o endpoint.  Fazendo nova tentativa  2  de  5 .
Endpoint 410 coletado
Endpoint 411 coletado
Endpoint 412 coletado
Falha ou timeout ao consultar o endpoint.  Fazendo nova tentativa  1  de  5 .
Endpoint 413 coletado
Endpoint 414 coletado
Endpoint 415 coletado
Falha ou timeout ao consultar o endpoint.  Fazendo nova tentativa  1  de  5 .
Falha ou timeout ao consultar o endpoint.  Fazendo nova tentativa  2  de  5 .
Endpoint 416 coletado
Falha ou timeout ao consultar o endpoint.  Fazendo nova tentativa  1  de  5 .
Endpoint 417 coletado
Falha ou timeout ao consultar o endpoint.  Fazendo nova tentativa  1  de  5 .
Falha ou timeout ao consultar o endpoint.  Fazendo nova tentativa  2  de  5 .
Endpoint 418 coletado
Falha ou timeout ao consultar o endpoint.  Fazendo nova tentativa  1  de  5 .
Falha ou timeout ao consultar o endpoint.  Fazendo nova tentativa  2  de  5 .
Endpoint 419 coletado
Falha ou timeout ao consultar o endpoint.  Fazendo nova tentativa  1  de  5 .
Endpoint 420 coletado
Falha ou timeout ao consultar o endpoint.  Fazendo nova tentativa  1  de  5 .
Endpoint 421 coletado
Endpoint 422 coletado
Endpoint 423 coletado
Falha ou timeout ao consultar o endpoint.  Fazendo nova tentativa  1  de  5 .
Falha ou timeout ao consultar o endpoint.  Fazendo nova tentativa  2  de  5 .
Falha ou timeout ao consultar o endpoint.  Fazendo nova tentativa  3  de  5 .
Endpoint 424 coletado
Falha ou timeout ao consultar o endpoint.  Fazendo nova tentativa  1  de  5 .
Endpoint 425 coletado
Endpoint 426 coletado
Endpoint 427 coletado
Endpoint 428 coletado
Falha ou timeout ao consultar o endpoint.  Fazendo nova tentativa  1  de  5 .
Endpoint 429 coletado
Endpoint 430 coletado
Endpoint 431 coletado
Falha ou timeout ao consultar o endpoint.  Fazendo nova tentativa  1  de  5 .
Falha ou timeout ao consultar o endpoint.  Fazendo nova tentativa  2  de  5 .
Endpoint 432 coletado
Endpoint 433 coletado
Falha ou timeout ao consultar o endpoint.  Fazendo nova tentativa  1  de  5 .
Falha ou timeout ao consultar o endpoint.  Fazendo nova tentativa  2  de  5 .
Endpoint 434 coletado
Falha ou timeout ao consultar o endpoint.  Fazendo nova tentativa  1  de  5 .
Endpoint 435 coletado
Endpoint 436 coletado
Endpoint 437 coletado
Endpoint 438 coletado
Endpoint 439 coletado
Endpoint 440 coletado
Falha ou timeout ao consultar o endpoint.  Fazendo nova tentativa  1  de  5 .
Falha ou timeout ao consultar o endpoint.  Fazendo nova tentativa  2  de  5 .
Endpoint 441 coletado
Falha ou timeout ao consultar o endpoint.  Fazendo nova tentativa  1  de  5 .
Endpoint 442 coletado
Falha ou timeout ao consultar o endpoint.  Fazendo nova tentativa  1  de  5 .
Endpoint 443 coletado
Falha ou timeout ao consultar o endpoint.  Fazendo nova tentativa  1  de  5 .
Falha ou timeout ao consultar o endpoint.  Fazendo nova tentativa  2  de  5 .
Falha ou timeout ao consultar o endpoint.  Fazendo nova tentativa  3  de  5 .
Endpoint 444 coletado
Falha ou timeout ao consultar o endpoint.  Fazendo nova tentativa  1  de  5 .
Endpoint 445 coletado
Endpoint 446 coletado
Falha ou timeout ao consultar o endpoint.  Fazendo nova tentativa  1  de  5 .
Falha ou timeout ao consultar o endpoint.  Fazendo nova tentativa  2  de  5 .
Falha ou timeout ao consultar o endpoint.  Fazendo nova tentativa  3  de  5 .
Falha ou timeout ao consultar o endpoint.  Fazendo nova tentativa  4  de  5 .
Endpoint 447 coletado
Endpoint 448 coletado
Falha ou timeout ao consultar o endpoint.  Fazendo nova tentativa  1  de  5 .
Falha ou timeout ao consultar o endpoint.  Fazendo nova tentativa  2  de  5 .
Endpoint 449 coletado
Endpoint 450 coletado
Falha ou timeout ao consultar o endpoint.  Fazendo nova tentativa  1  de  5 .
Falha ou timeout ao consultar o endpoint.  Fazendo nova tentativa  2  de  5 .
Endpoint 451 coletado
Falha ou timeout ao consultar o endpoint.  Fazendo nova tentativa  1  de  5 .
Endpoint 452 coletado
Falha ou timeout ao consultar o endpoint.  Fazendo nova tentativa  1  de  5 .
Falha ou timeout ao consultar o endpoint.  Fazendo nova tentativa  2  de  5 .
Endpoint 453 coletado
Endpoint 454 coletado
Falha ou timeout ao consultar o endpoint.  Fazendo nova tentativa  1  de  5 .
Falha ou timeout ao consultar o endpoint.  Fazendo nova tentativa  2  de  5 .
Falha ou timeout ao consultar o endpoint.  Fazendo nova tentativa  3  de  5 .
Falha ou timeout ao consultar o endpoint.  Fazendo nova tentativa  4  de  5 .
Endpoint 455 coletado
Endpoint 456 coletado
Endpoint 457 coletado
Falha ou timeout ao consultar o endpoint.  Fazendo nova tentativa  1  de  5 .
Endpoint 458 coletado
Falha ou timeout ao consultar o endpoint.  Fazendo nova tentativa  1  de  5 .
Endpoint 459 coletado
Endpoint 460 coletado
Falha ou timeout ao consultar o endpoint.  Fazendo nova tentativa  1  de  5 .
Falha ou timeout ao consultar o endpoint.  Fazendo nova tentativa  2  de  5 .
Endpoint 461 coletado
Falha ou timeout ao consultar o endpoint.  Fazendo nova tentativa  1  de  5 .
Endpoint 462 coletado
Falha ou timeout ao consultar o endpoint.  Fazendo nova tentativa  1  de  5 .
Endpoint 463 coletado
Falha ou timeout ao consultar o endpoint.  Fazendo nova tentativa  1  de  5 .
Falha ou timeout ao consultar o endpoint.  Fazendo nova tentativa  2  de  5 .
Endpoint 464 coletado
Endpoint 465 coletado
Falha ou timeout ao consultar o endpoint.  Fazendo nova tentativa  1  de  5 .
Endpoint 466 coletado
Endpoint 467 coletado
Endpoint 468 coletado
Falha ou timeout ao consultar o endpoint.  Fazendo nova tentativa  1  de  5 .
Falha ou timeout ao consultar o endpoint.  Fazendo nova tentativa  2  de  5 .
Falha ou timeout ao consultar o endpoint.  Fazendo nova tentativa  3  de  5 .
Endpoint 469 coletado
Falha ou timeout ao consultar o endpoint.  Fazendo nova tentativa  1  de  5 .
Endpoint 470 coletado
Falha ou timeout ao consultar o endpoint.  Fazendo nova tentativa  1  de  5 .
Falha ou timeout ao consultar o endpoint.  Fazendo nova tentativa  2  de  5 .
Falha ou timeout ao consultar o endpoint.  Fazendo nova tentativa  3  de  5 .
Falha ou timeout ao consultar o endpoint.  Fazendo nova tentativa  4  de  5 .
Endpoint 471 coletado
Endpoint 472 coletado
Endpoint 473 coletado
Endpoint 474 coletado
Falha ou timeout ao consultar o endpoint.  Fazendo nova tentativa  1  de  5 .
Endpoint 475 coletado
Falha ou timeout ao consultar o endpoint.  Fazendo nova tentativa  1  de  5 .
Falha ou timeout ao consultar o endpoint.  Fazendo nova tentativa  2  de  5 .
Falha ou timeout ao consultar o endpoint.  Fazendo nova tentativa  3  de  5 .
Endpoint 476 coletado
Falha ou timeout ao consultar o endpoint.  Fazendo nova tentativa  1  de  5 .
Falha ou timeout ao consultar o endpoint.  Fazendo nova tentativa  2  de  5 .
Falha ou timeout ao consultar o endpoint.  Fazendo nova tentativa  3  de  5 .
Endpoint 477 coletado
Endpoint 478 coletado
Falha ou timeout ao consultar o endpoint.  Fazendo nova tentativa  1  de  5 .
Falha ou timeout ao consultar o endpoint.  Fazendo nova tentativa  2  de  5 .
Falha ou timeout ao consultar o endpoint.  Fazendo nova tentativa  3  de  5 .
Falha ou timeout ao consultar o endpoint.  Fazendo nova tentativa  4  de  5 .
Endpoint 479 coletado
Falha ou timeout ao consultar o endpoint.  Fazendo nova tentativa  1  de  5 .
Endpoint 480 coletado
Falha ou timeout ao consultar o endpoint.  Fazendo nova tentativa  1  de  5 .
Endpoint 481 coletado
Falha ou timeout ao consultar o endpoint.  Fazendo nova tentativa  1  de  5 .
Falha ou timeout ao consultar o endpoint.  Fazendo nova tentativa  2  de  5 .
Falha ou timeout ao consultar o endpoint.  Fazendo nova tentativa  3  de  5 .
Falha ou timeout ao consultar o endpoint.  Fazendo nova tentativa  4  de  5 .
Falha ou timeout ao consultar o endpoint.  Fazendo nova tentativa  5  de  5 .
Falha ou timeout ao consultar o endpoint.  Fazendo nova tentativa  6  de  5 .
[1] "Failed to perform HTTP request."
Endpoint 482 coletado
Endpoint 483 coletado
Falha ou timeout ao consultar o endpoint.  Fazendo nova tentativa  1  de  5 .
Falha ou timeout ao consultar o endpoint.  Fazendo nova tentativa  2  de  5 .
Falha ou timeout ao consultar o endpoint.  Fazendo nova tentativa  3  de  5 .
Falha ou timeout ao consultar o endpoint.  Fazendo nova tentativa  4  de  5 .
Endpoint 484 coletado
Endpoint 485 coletado
Falha ou timeout ao consultar o endpoint.  Fazendo nova tentativa  1  de  5 .
Endpoint 486 coletado
Endpoint 487 coletado
Falha ou timeout ao consultar o endpoint.  Fazendo nova tentativa  1  de  5 .
Falha ou timeout ao consultar o endpoint.  Fazendo nova tentativa  2  de  5 .
Endpoint 488 coletado
Endpoint 489 coletado
Falha ou timeout ao consultar o endpoint.  Fazendo nova tentativa  1  de  5 .
Endpoint 490 coletado
Falha ou timeout ao consultar o endpoint.  Fazendo nova tentativa  1  de  5 .
Falha ou timeout ao consultar o endpoint.  Fazendo nova tentativa  2  de  5 .
Falha ou timeout ao consultar o endpoint.  Fazendo nova tentativa  3  de  5 .
Endpoint 491 coletado
Falha ou timeout ao consultar o endpoint.  Fazendo nova tentativa  1  de  5 .
Endpoint 492 coletado
Falha ou timeout ao consultar o endpoint.  Fazendo nova tentativa  1  de  5 .
Falha ou timeout ao consultar o endpoint.  Fazendo nova tentativa  2  de  5 .
Falha ou timeout ao consultar o endpoint.  Fazendo nova tentativa  3  de  5 .
Endpoint 493 coletado
Falha ou timeout ao consultar o endpoint.  Fazendo nova tentativa  1  de  5 .
Endpoint 494 coletado
Endpoint 495 coletado
Endpoint 496 coletado
Endpoint 497 coletado
Falha ou timeout ao consultar o endpoint.  Fazendo nova tentativa  1  de  5 .
Endpoint 498 coletado
Endpoint 499 coletado
Endpoint 500 coletado
Endpoint 501 coletado
Endpoint 502 coletado
Falha ou timeout ao consultar o endpoint.  Fazendo nova tentativa  1  de  5 .
Endpoint 503 coletado
Endpoint 504 coletado
Endpoint 505 coletado
Falha ou timeout ao consultar o endpoint.  Fazendo nova tentativa  1  de  5 .
Falha ou timeout ao consultar o endpoint.  Fazendo nova tentativa  2  de  5 .
Endpoint 506 coletado
Endpoint 507 coletado
Falha ou timeout ao consultar o endpoint.  Fazendo nova tentativa  1  de  5 .
Falha ou timeout ao consultar o endpoint.  Fazendo nova tentativa  2  de  5 .
Endpoint 508 coletado
Falha ou timeout ao consultar o endpoint.  Fazendo nova tentativa  1  de  5 .
Falha ou timeout ao consultar o endpoint.  Fazendo nova tentativa  2  de  5 .
Endpoint 509 coletado
Falha ou timeout ao consultar o endpoint.  Fazendo nova tentativa  1  de  5 .
Endpoint 510 coletado
Falha ou timeout ao consultar o endpoint.  Fazendo nova tentativa  1  de  5 .
Falha ou timeout ao consultar o endpoint.  Fazendo nova tentativa  2  de  5 .
Endpoint 511 coletado
Falha ou timeout ao consultar o endpoint.  Fazendo nova tentativa  1  de  5 .
Endpoint 512 coletado
Falha ou timeout ao consultar o endpoint.  Fazendo nova tentativa  1  de  5 .
Endpoint 513 coletado
Endpoint 514 coletado
Falha ou timeout ao consultar o endpoint.  Fazendo nova tentativa  1  de  5 .
Endpoint 515 coletado
Endpoint 516 coletado
Falha ou timeout ao consultar o endpoint.  Fazendo nova tentativa  1  de  5 .
Falha ou timeout ao consultar o endpoint.  Fazendo nova tentativa  2  de  5 .
Falha ou timeout ao consultar o endpoint.  Fazendo nova tentativa  3  de  5 .
Endpoint 517 coletado
Endpoint 518 coletado
Endpoint 519 coletado
Falha ou timeout ao consultar o endpoint.  Fazendo nova tentativa  1  de  5 .
Endpoint 520 coletado
Endpoint 521 coletado
Endpoint 522 coletado
Endpoint 523 coletado
Falha ou timeout ao consultar o endpoint.  Fazendo nova tentativa  1  de  5 .
Falha ou timeout ao consultar o endpoint.  Fazendo nova tentativa  2  de  5 .
Falha ou timeout ao consultar o endpoint.  Fazendo nova tentativa  3  de  5 .
Falha ou timeout ao consultar o endpoint.  Fazendo nova tentativa  4  de  5 .
Endpoint 524 coletado
Falha ou timeout ao consultar o endpoint.  Fazendo nova tentativa  1  de  5 .
Falha ou timeout ao consultar o endpoint.  Fazendo nova tentativa  2  de  5 .
Endpoint 525 coletado
Falha ou timeout ao consultar o endpoint.  Fazendo nova tentativa  1  de  5 .
Falha ou timeout ao consultar o endpoint.  Fazendo nova tentativa  2  de  5 .
Endpoint 526 coletado
Endpoint 527 coletado
Falha ou timeout ao consultar o endpoint.  Fazendo nova tentativa  1  de  5 .
Endpoint 528 coletado
Falha ou timeout ao consultar o endpoint.  Fazendo nova tentativa  1  de  5 .
Endpoint 529 coletado
Endpoint 530 coletado
Falha ou timeout ao consultar o endpoint.  Fazendo nova tentativa  1  de  5 .
Endpoint 531 coletado
Endpoint 532 coletado
Falha ou timeout ao consultar o endpoint.  Fazendo nova tentativa  1  de  5 .
Endpoint 533 coletado
Falha ou timeout ao consultar o endpoint.  Fazendo nova tentativa  1  de  5 .
Endpoint 534 coletado
Falha ou timeout ao consultar o endpoint.  Fazendo nova tentativa  1  de  5 .
Falha ou timeout ao consultar o endpoint.  Fazendo nova tentativa  2  de  5 .
Endpoint 535 coletado
Falha ou timeout ao consultar o endpoint.  Fazendo nova tentativa  1  de  5 .
Falha ou timeout ao consultar o endpoint.  Fazendo nova tentativa  2  de  5 .
Falha ou timeout ao consultar o endpoint.  Fazendo nova tentativa  3  de  5 .
Endpoint 536 coletado
Endpoint 537 coletado
Endpoint 538 coletado
Falha ou timeout ao consultar o endpoint.  Fazendo nova tentativa  1  de  5 .
Endpoint 539 coletado
Endpoint 540 coletado
Endpoint 541 coletado
Endpoint 542 coletado
Endpoint 543 coletado
Falha ou timeout ao consultar o endpoint.  Fazendo nova tentativa  1  de  5 .
Falha ou timeout ao consultar o endpoint.  Fazendo nova tentativa  2  de  5 .
Falha ou timeout ao consultar o endpoint.  Fazendo nova tentativa  3  de  5 .
Endpoint 544 coletado
Endpoint 545 coletado
Endpoint 546 coletado
Falha ou timeout ao consultar o endpoint.  Fazendo nova tentativa  1  de  5 .
Falha ou timeout ao consultar o endpoint.  Fazendo nova tentativa  2  de  5 .
Endpoint 547 coletado
Endpoint 548 coletado
Endpoint 549 coletado
Falha ou timeout ao consultar o endpoint.  Fazendo nova tentativa  1  de  5 .
Endpoint 550 coletado
Endpoint 551 coletado
Endpoint 552 coletado
Endpoint 553 coletado
Endpoint 554 coletado
Endpoint 555 coletado
Endpoint 556 coletado
Endpoint 557 coletado
Endpoint 558 coletado
Endpoint 559 coletado
Endpoint 560 coletado
Endpoint 561 coletado
Endpoint 562 coletado
Falha ou timeout ao consultar o endpoint.  Fazendo nova tentativa  1  de  5 .
Endpoint 563 coletado
Endpoint 564 coletado
Endpoint 565 coletado
Falha ou timeout ao consultar o endpoint.  Fazendo nova tentativa  1  de  5 .
Endpoint 566 coletado
Endpoint 567 coletado
Endpoint 568 coletado
Endpoint 569 coletado
Endpoint 570 coletado
Falha ou timeout ao consultar o endpoint.  Fazendo nova tentativa  1  de  5 .
Endpoint 571 coletado
Endpoint 572 coletado
Endpoint 573 coletado
Endpoint 574 coletado
Falha ou timeout ao consultar o endpoint.  Fazendo nova tentativa  1  de  5 .
Endpoint 575 coletado
Endpoint 576 coletado
Falha ou timeout ao consultar o endpoint.  Fazendo nova tentativa  1  de  5 .
Endpoint 577 coletado
Endpoint 578 coletado
Falha ou timeout ao consultar o endpoint.  Fazendo nova tentativa  1  de  5 .
Endpoint 579 coletado
Endpoint 580 coletado
Endpoint 581 coletado
Endpoint 582 coletado
Falha ou timeout ao consultar o endpoint.  Fazendo nova tentativa  1  de  5 .
Falha ou timeout ao consultar o endpoint.  Fazendo nova tentativa  2  de  5 .
Endpoint 583 coletado
Falha ou timeout ao consultar o endpoint.  Fazendo nova tentativa  1  de  5 .
Endpoint 584 coletado
Endpoint 585 coletado
Endpoint 586 coletado
Endpoint 587 coletado
Endpoint 588 coletado
Endpoint 589 coletado
Endpoint 590 coletado
Endpoint 591 coletado
Endpoint 592 coletado
Endpoint 593 coletado
Falha ou timeout ao consultar o endpoint.  Fazendo nova tentativa  1  de  5 .
Endpoint 594 coletado
Endpoint 595 coletado
Endpoint 596 coletado
Endpoint 597 coletado
Endpoint 598 coletado
Endpoint 599 coletado
Endpoint 600 coletado
Falha ou timeout ao consultar o endpoint.  Fazendo nova tentativa  1  de  5 .
Falha ou timeout ao consultar o endpoint.  Fazendo nova tentativa  2  de  5 .
Falha ou timeout ao consultar o endpoint.  Fazendo nova tentativa  3  de  5 .
Endpoint 601 coletado
Falha ou timeout ao consultar o endpoint.  Fazendo nova tentativa  1  de  5 .
Falha ou timeout ao consultar o endpoint.  Fazendo nova tentativa  2  de  5 .
Endpoint 602 coletado
Falha ou timeout ao consultar o endpoint.  Fazendo nova tentativa  1  de  5 .
Falha ou timeout ao consultar o endpoint.  Fazendo nova tentativa  2  de  5 .
Endpoint 603 coletado
Endpoint 604 coletado
Endpoint 605 coletado
Endpoint 606 coletado
Falha ou timeout ao consultar o endpoint.  Fazendo nova tentativa  1  de  5 .
Endpoint 607 coletado
Endpoint 608 coletado
Falha ou timeout ao consultar o endpoint.  Fazendo nova tentativa  1  de  5 .
Falha ou timeout ao consultar o endpoint.  Fazendo nova tentativa  2  de  5 .
Endpoint 609 coletado
Falha ou timeout ao consultar o endpoint.  Fazendo nova tentativa  1  de  5 .
Endpoint 610 coletado
Endpoint 611 coletado
Endpoint 612 coletado
Endpoint 613 coletado
Endpoint 614 coletado
[1] "HTTP 502 Bad Gateway."
Endpoint 615 coletado
Endpoint 616 coletado
Endpoint 617 coletado
Endpoint 618 coletado
Endpoint 619 coletado
Endpoint 620 coletado
Endpoint 621 coletado
Falha ou timeout ao consultar o endpoint.  Fazendo nova tentativa  1  de  5 .
Endpoint 622 coletado
Endpoint 623 coletado
Falha ou timeout ao consultar o endpoint.  Fazendo nova tentativa  1  de  5 .
Falha ou timeout ao consultar o endpoint.  Fazendo nova tentativa  2  de  5 .
Endpoint 624 coletado
Endpoint 625 coletado
Endpoint 626 coletado
Endpoint 627 coletado
Endpoint 628 coletado
Endpoint 629 coletado
Falha ou timeout ao consultar o endpoint.  Fazendo nova tentativa  1  de  5 .
Falha ou timeout ao consultar o endpoint.  Fazendo nova tentativa  2  de  5 .
Endpoint 630 coletado
Endpoint 631 coletado
Endpoint 632 coletado
Falha ou timeout ao consultar o endpoint.  Fazendo nova tentativa  1  de  5 .
Endpoint 633 coletado
Endpoint 634 coletado
Endpoint 635 coletado
Endpoint 636 coletado
Endpoint 637 coletado
Endpoint 638 coletado
Endpoint 639 coletado
Endpoint 640 coletado
Endpoint 641 coletado
Falha ou timeout ao consultar o endpoint.  Fazendo nova tentativa  1  de  5 .
Endpoint 642 coletado
Endpoint 643 coletado
Endpoint 644 coletado
Falha ou timeout ao consultar o endpoint.  Fazendo nova tentativa  1  de  5 .
Endpoint 645 coletado
Endpoint 646 coletado
Falha ou timeout ao consultar o endpoint.  Fazendo nova tentativa  1  de  5 .
Endpoint 647 coletado
Endpoint 648 coletado
Endpoint 649 coletado
Endpoint 650 coletado
Endpoint 651 coletado
Endpoint 652 coletado
Endpoint 653 coletado
Endpoint 654 coletado
Endpoint 655 coletado
Falha ou timeout ao consultar o endpoint.  Fazendo nova tentativa  1  de  5 .
Falha ou timeout ao consultar o endpoint.  Fazendo nova tentativa  2  de  5 .
Endpoint 656 coletado
Falha ou timeout ao consultar o endpoint.  Fazendo nova tentativa  1  de  5 .
Endpoint 657 coletado
Endpoint 658 coletado
Falha ou timeout ao consultar o endpoint.  Fazendo nova tentativa  1  de  5 .
Endpoint 659 coletado
Endpoint 660 coletado
Endpoint 661 coletado
Endpoint 662 coletado
Endpoint 663 coletado
Endpoint 664 coletado
Endpoint 665 coletado
Endpoint 666 coletado
Endpoint 667 coletado
Endpoint 668 coletado
Endpoint 669 coletado
Endpoint 670 coletado
Endpoint 671 coletado
Endpoint 672 coletado
Falha ou timeout ao consultar o endpoint.  Fazendo nova tentativa  1  de  5 .
Endpoint 673 coletado
Endpoint 674 coletado
Endpoint 675 coletado
Endpoint 676 coletado
Endpoint 677 coletado
Endpoint 678 coletado
Endpoint 679 coletado
Endpoint 680 coletado
Endpoint 681 coletado
Endpoint 682 coletado
Endpoint 683 coletado
Endpoint 684 coletado
Endpoint 685 coletado
Endpoint 686 coletado
Falha ou timeout ao consultar o endpoint.  Fazendo nova tentativa  1  de  5 .
Endpoint 687 coletado
Falha ou timeout ao consultar o endpoint.  Fazendo nova tentativa  1  de  5 .
Endpoint 688 coletado
Endpoint 689 coletado
Endpoint 690 coletado
Falha ou timeout ao consultar o endpoint.  Fazendo nova tentativa  1  de  5 .
Falha ou timeout ao consultar o endpoint.  Fazendo nova tentativa  2  de  5 .
Endpoint 691 coletado
Falha ou timeout ao consultar o endpoint.  Fazendo nova tentativa  1  de  5 .
Falha ou timeout ao consultar o endpoint.  Fazendo nova tentativa  2  de  5 .
Endpoint 692 coletado
Falha ou timeout ao consultar o endpoint.  Fazendo nova tentativa  1  de  5 .
Falha ou timeout ao consultar o endpoint.  Fazendo nova tentativa  2  de  5 .
Falha ou timeout ao consultar o endpoint.  Fazendo nova tentativa  3  de  5 .
Falha ou timeout ao consultar o endpoint.  Fazendo nova tentativa  4  de  5 .
Falha ou timeout ao consultar o endpoint.  Fazendo nova tentativa  5  de  5 .
Falha ou timeout ao consultar o endpoint.  Fazendo nova tentativa  6  de  5 .
[1] "Failed to perform HTTP request."
Endpoint 693 coletado
Endpoint 694 coletado
Endpoint 695 coletado
Falha ou timeout ao consultar o endpoint.  Fazendo nova tentativa  1  de  5 .
Endpoint 696 coletado
Falha ou timeout ao consultar o endpoint.  Fazendo nova tentativa  1  de  5 .
Falha ou timeout ao consultar o endpoint.  Fazendo nova tentativa  2  de  5 .
Falha ou timeout ao consultar o endpoint.  Fazendo nova tentativa  3  de  5 .
Falha ou timeout ao consultar o endpoint.  Fazendo nova tentativa  4  de  5 .
Endpoint 697 coletado
Falha ou timeout ao consultar o endpoint.  Fazendo nova tentativa  1  de  5 .
Falha ou timeout ao consultar o endpoint.  Fazendo nova tentativa  2  de  5 .
Falha ou timeout ao consultar o endpoint.  Fazendo nova tentativa  3  de  5 .
Falha ou timeout ao consultar o endpoint.  Fazendo nova tentativa  4  de  5 .
Falha ou timeout ao consultar o endpoint.  Fazendo nova tentativa  5  de  5 .
Falha ou timeout ao consultar o endpoint.  Fazendo nova tentativa  6  de  5 .
[1] "Failed to perform HTTP request."
Endpoint 698 coletado
Endpoint 699 coletado
Falha ou timeout ao consultar o endpoint.  Fazendo nova tentativa  1  de  5 .
Falha ou timeout ao consultar o endpoint.  Fazendo nova tentativa  2  de  5 .
Endpoint 700 coletado
Falha ou timeout ao consultar o endpoint.  Fazendo nova tentativa  1  de  5 .
Falha ou timeout ao consultar o endpoint.  Fazendo nova tentativa  2  de  5 .
Falha ou timeout ao consultar o endpoint.  Fazendo nova tentativa  3  de  5 .
Endpoint 701 coletado
Falha ou timeout ao consultar o endpoint.  Fazendo nova tentativa  1  de  5 .
Endpoint 702 coletado
Falha ou timeout ao consultar o endpoint.  Fazendo nova tentativa  1  de  5 .
Falha ou timeout ao consultar o endpoint.  Fazendo nova tentativa  2  de  5 .
Falha ou timeout ao consultar o endpoint.  Fazendo nova tentativa  3  de  5 .
Falha ou timeout ao consultar o endpoint.  Fazendo nova tentativa  4  de  5 .
Falha ou timeout ao consultar o endpoint.  Fazendo nova tentativa  5  de  5 .
Falha ou timeout ao consultar o endpoint.  Fazendo nova tentativa  6  de  5 .
[1] "Failed to perform HTTP request."
Endpoint 703 coletado
Falha ou timeout ao consultar o endpoint.  Fazendo nova tentativa  1  de  5 .
Falha ou timeout ao consultar o endpoint.  Fazendo nova tentativa  2  de  5 .
Endpoint 704 coletado
Falha ou timeout ao consultar o endpoint.  Fazendo nova tentativa  1  de  5 .
Endpoint 705 coletado
Endpoint 706 coletado
Falha ou timeout ao consultar o endpoint.  Fazendo nova tentativa  1  de  5 .
Endpoint 707 coletado
Falha ou timeout ao consultar o endpoint.  Fazendo nova tentativa  1  de  5 .
Endpoint 708 coletado
Falha ou timeout ao consultar o endpoint.  Fazendo nova tentativa  1  de  5 .
Falha ou timeout ao consultar o endpoint.  Fazendo nova tentativa  2  de  5 .
Falha ou timeout ao consultar o endpoint.  Fazendo nova tentativa  3  de  5 .
Endpoint 709 coletado
Endpoint 710 coletado
Falha ou timeout ao consultar o endpoint.  Fazendo nova tentativa  1  de  5 .
Endpoint 711 coletado
Falha ou timeout ao consultar o endpoint.  Fazendo nova tentativa  1  de  5 .
Endpoint 712 coletado
Falha ou timeout ao consultar o endpoint.  Fazendo nova tentativa  1  de  5 .
Falha ou timeout ao consultar o endpoint.  Fazendo nova tentativa  2  de  5 .
Endpoint 713 coletado
Falha ou timeout ao consultar o endpoint.  Fazendo nova tentativa  1  de  5 .
Falha ou timeout ao consultar o endpoint.  Fazendo nova tentativa  2  de  5 .
Falha ou timeout ao consultar o endpoint.  Fazendo nova tentativa  3  de  5 .
Endpoint 714 coletado
Falha ou timeout ao consultar o endpoint.  Fazendo nova tentativa  1  de  5 .
Falha ou timeout ao consultar o endpoint.  Fazendo nova tentativa  2  de  5 .
Falha ou timeout ao consultar o endpoint.  Fazendo nova tentativa  3  de  5 .
Falha ou timeout ao consultar o endpoint.  Fazendo nova tentativa  4  de  5 .
Falha ou timeout ao consultar o endpoint.  Fazendo nova tentativa  5  de  5 .
Falha ou timeout ao consultar o endpoint.  Fazendo nova tentativa  6  de  5 .
[1] "Failed to perform HTTP request."
Endpoint 715 coletado
Endpoint 716 coletado
Falha ou timeout ao consultar o endpoint.  Fazendo nova tentativa  1  de  5 .
Falha ou timeout ao consultar o endpoint.  Fazendo nova tentativa  2  de  5 .
Endpoint 717 coletado
Falha ou timeout ao consultar o endpoint.  Fazendo nova tentativa  1  de  5 .
Falha ou timeout ao consultar o endpoint.  Fazendo nova tentativa  2  de  5 .
Endpoint 718 coletado
Falha ou timeout ao consultar o endpoint.  Fazendo nova tentativa  1  de  5 .
Falha ou timeout ao consultar o endpoint.  Fazendo nova tentativa  2  de  5 .
Endpoint 719 coletado
Falha ou timeout ao consultar o endpoint.  Fazendo nova tentativa  1  de  5 .
Falha ou timeout ao consultar o endpoint.  Fazendo nova tentativa  2  de  5 .
Endpoint 720 coletado
Endpoint 721 coletado
Falha ou timeout ao consultar o endpoint.  Fazendo nova tentativa  1  de  5 .
Endpoint 722 coletado
Falha ou timeout ao consultar o endpoint.  Fazendo nova tentativa  1  de  5 .
Falha ou timeout ao consultar o endpoint.  Fazendo nova tentativa  2  de  5 .
Falha ou timeout ao consultar o endpoint.  Fazendo nova tentativa  3  de  5 .
Falha ou timeout ao consultar o endpoint.  Fazendo nova tentativa  4  de  5 .
Falha ou timeout ao consultar o endpoint.  Fazendo nova tentativa  5  de  5 .
Falha ou timeout ao consultar o endpoint.  Fazendo nova tentativa  6  de  5 .
[1] "Failed to perform HTTP request."
Endpoint 723 coletado
Falha ou timeout ao consultar o endpoint.  Fazendo nova tentativa  1  de  5 .
Falha ou timeout ao consultar o endpoint.  Fazendo nova tentativa  2  de  5 .
Endpoint 724 coletado
Falha ou timeout ao consultar o endpoint.  Fazendo nova tentativa  1  de  5 .
Falha ou timeout ao consultar o endpoint.  Fazendo nova tentativa  2  de  5 .
Endpoint 725 coletado
Falha ou timeout ao consultar o endpoint.  Fazendo nova tentativa  1  de  5 .
Endpoint 726 coletado
Falha ou timeout ao consultar o endpoint.  Fazendo nova tentativa  1  de  5 .
Endpoint 727 coletado
Falha ou timeout ao consultar o endpoint.  Fazendo nova tentativa  1  de  5 .
Endpoint 728 coletado
Falha ou timeout ao consultar o endpoint.  Fazendo nova tentativa  1  de  5 .
Endpoint 729 coletado
Endpoint 730 coletado
Falha ou timeout ao consultar o endpoint.  Fazendo nova tentativa  1  de  5 .
Falha ou timeout ao consultar o endpoint.  Fazendo nova tentativa  2  de  5 .
Falha ou timeout ao consultar o endpoint.  Fazendo nova tentativa  3  de  5 .
Falha ou timeout ao consultar o endpoint.  Fazendo nova tentativa  4  de  5 .
Falha ou timeout ao consultar o endpoint.  Fazendo nova tentativa  5  de  5 .
Endpoint 731 coletado
Falha ou timeout ao consultar o endpoint.  Fazendo nova tentativa  1  de  5 .
Endpoint 732 coletado
Endpoint 733 coletado
Falha ou timeout ao consultar o endpoint.  Fazendo nova tentativa  1  de  5 .
Falha ou timeout ao consultar o endpoint.  Fazendo nova tentativa  2  de  5 .
Falha ou timeout ao consultar o endpoint.  Fazendo nova tentativa  3  de  5 .
Falha ou timeout ao consultar o endpoint.  Fazendo nova tentativa  4  de  5 .
Falha ou timeout ao consultar o endpoint.  Fazendo nova tentativa  5  de  5 .
Falha ou timeout ao consultar o endpoint.  Fazendo nova tentativa  6  de  5 .
[1] "Failed to perform HTTP request."
Endpoint 734 coletado
Falha ou timeout ao consultar o endpoint.  Fazendo nova tentativa  1  de  5 .
Falha ou timeout ao consultar o endpoint.  Fazendo nova tentativa  2  de  5 .
Falha ou timeout ao consultar o endpoint.  Fazendo nova tentativa  3  de  5 .
Endpoint 735 coletado
Falha ou timeout ao consultar o endpoint.  Fazendo nova tentativa  1  de  5 .
Falha ou timeout ao consultar o endpoint.  Fazendo nova tentativa  2  de  5 .
Falha ou timeout ao consultar o endpoint.  Fazendo nova tentativa  3  de  5 .
Falha ou timeout ao consultar o endpoint.  Fazendo nova tentativa  4  de  5 .
Falha ou timeout ao consultar o endpoint.  Fazendo nova tentativa  5  de  5 .
Endpoint 736 coletado
Falha ou timeout ao consultar o endpoint.  Fazendo nova tentativa  1  de  5 .
Endpoint 737 coletado
Endpoint 738 coletado
Falha ou timeout ao consultar o endpoint.  Fazendo nova tentativa  1  de  5 .
Falha ou timeout ao consultar o endpoint.  Fazendo nova tentativa  2  de  5 .
Falha ou timeout ao consultar o endpoint.  Fazendo nova tentativa  3  de  5 .
Falha ou timeout ao consultar o endpoint.  Fazendo nova tentativa  4  de  5 .
Falha ou timeout ao consultar o endpoint.  Fazendo nova tentativa  5  de  5 .
Endpoint 739 coletado
Falha ou timeout ao consultar o endpoint.  Fazendo nova tentativa  1  de  5 .
Endpoint 740 coletado
Falha ou timeout ao consultar o endpoint.  Fazendo nova tentativa  1  de  5 .
Endpoint 741 coletado
Falha ou timeout ao consultar o endpoint.  Fazendo nova tentativa  1  de  5 .
Falha ou timeout ao consultar o endpoint.  Fazendo nova tentativa  2  de  5 .
Falha ou timeout ao consultar o endpoint.  Fazendo nova tentativa  3  de  5 .
Falha ou timeout ao consultar o endpoint.  Fazendo nova tentativa  4  de  5 .
Falha ou timeout ao consultar o endpoint.  Fazendo nova tentativa  5  de  5 .
Endpoint 742 coletado
Falha ou timeout ao consultar o endpoint.  Fazendo nova tentativa  1  de  5 .
Endpoint 743 coletado
Endpoint 744 coletado
Falha ou timeout ao consultar o endpoint.  Fazendo nova tentativa  1  de  5 .
Falha ou timeout ao consultar o endpoint.  Fazendo nova tentativa  2  de  5 .
Falha ou timeout ao consultar o endpoint.  Fazendo nova tentativa  3  de  5 .
Falha ou timeout ao consultar o endpoint.  Fazendo nova tentativa  4  de  5 .
Falha ou timeout ao consultar o endpoint.  Fazendo nova tentativa  5  de  5 .
Falha ou timeout ao consultar o endpoint.  Fazendo nova tentativa  6  de  5 .
[1] "Failed to perform HTTP request."
Endpoint 745 coletado
Endpoint 746 coletado
Endpoint 747 coletado
Falha ou timeout ao consultar o endpoint.  Fazendo nova tentativa  1  de  5 .
Falha ou timeout ao consultar o endpoint.  Fazendo nova tentativa  2  de  5 .
Falha ou timeout ao consultar o endpoint.  Fazendo nova tentativa  3  de  5 .
Falha ou timeout ao consultar o endpoint.  Fazendo nova tentativa  4  de  5 .
Falha ou timeout ao consultar o endpoint.  Fazendo nova tentativa  5  de  5 .
Endpoint 748 coletado
Endpoint 749 coletado
Falha ou timeout ao consultar o endpoint.  Fazendo nova tentativa  1  de  5 .
Endpoint 750 coletado
Falha ou timeout ao consultar o endpoint.  Fazendo nova tentativa  1  de  5 .
Falha ou timeout ao consultar o endpoint.  Fazendo nova tentativa  2  de  5 .
Falha ou timeout ao consultar o endpoint.  Fazendo nova tentativa  3  de  5 .
Falha ou timeout ao consultar o endpoint.  Fazendo nova tentativa  4  de  5 .
Endpoint 751 coletado
Falha ou timeout ao consultar o endpoint.  Fazendo nova tentativa  1  de  5 .
Endpoint 752 coletado
Endpoint 753 coletado
Falha ou timeout ao consultar o endpoint.  Fazendo nova tentativa  1  de  5 .
Falha ou timeout ao consultar o endpoint.  Fazendo nova tentativa  2  de  5 .
Endpoint 754 coletado
Endpoint 755 coletado
Falha ou timeout ao consultar o endpoint.  Fazendo nova tentativa  1  de  5 .
Falha ou timeout ao consultar o endpoint.  Fazendo nova tentativa  2  de  5 .
Falha ou timeout ao consultar o endpoint.  Fazendo nova tentativa  3  de  5 .
Falha ou timeout ao consultar o endpoint.  Fazendo nova tentativa  4  de  5 .
Endpoint 756 coletado
Falha ou timeout ao consultar o endpoint.  Fazendo nova tentativa  1  de  5 .
Falha ou timeout ao consultar o endpoint.  Fazendo nova tentativa  2  de  5 .
Endpoint 757 coletado
Falha ou timeout ao consultar o endpoint.  Fazendo nova tentativa  1  de  5 .
Falha ou timeout ao consultar o endpoint.  Fazendo nova tentativa  2  de  5 .
Endpoint 758 coletado
Falha ou timeout ao consultar o endpoint.  Fazendo nova tentativa  1  de  5 .
Falha ou timeout ao consultar o endpoint.  Fazendo nova tentativa  2  de  5 .
Falha ou timeout ao consultar o endpoint.  Fazendo nova tentativa  3  de  5 .
Falha ou timeout ao consultar o endpoint.  Fazendo nova tentativa  4  de  5 .
Falha ou timeout ao consultar o endpoint.  Fazendo nova tentativa  5  de  5 .
Falha ou timeout ao consultar o endpoint.  Fazendo nova tentativa  6  de  5 .
[1] "Failed to perform HTTP request."
Endpoint 759 coletado
Falha ou timeout ao consultar o endpoint.  Fazendo nova tentativa  1  de  5 .
Falha ou timeout ao consultar o endpoint.  Fazendo nova tentativa  2  de  5 .
Endpoint 760 coletado
Falha ou timeout ao consultar o endpoint.  Fazendo nova tentativa  1  de  5 .
Endpoint 761 coletado
Falha ou timeout ao consultar o endpoint.  Fazendo nova tentativa  1  de  5 .
Falha ou timeout ao consultar o endpoint.  Fazendo nova tentativa  2  de  5 .
Endpoint 762 coletado
Falha ou timeout ao consultar o endpoint.  Fazendo nova tentativa  1  de  5 .
Falha ou timeout ao consultar o endpoint.  Fazendo nova tentativa  2  de  5 .
Falha ou timeout ao consultar o endpoint.  Fazendo nova tentativa  3  de  5 .
Falha ou timeout ao consultar o endpoint.  Fazendo nova tentativa  4  de  5 .
Falha ou timeout ao consultar o endpoint.  Fazendo nova tentativa  5  de  5 .
Endpoint 763 coletado
Endpoint 764 coletado
Falha ou timeout ao consultar o endpoint.  Fazendo nova tentativa  1  de  5 .
Falha ou timeout ao consultar o endpoint.  Fazendo nova tentativa  2  de  5 .
Falha ou timeout ao consultar o endpoint.  Fazendo nova tentativa  3  de  5 .
Falha ou timeout ao consultar o endpoint.  Fazendo nova tentativa  4  de  5 .
Endpoint 765 coletado
Falha ou timeout ao consultar o endpoint.  Fazendo nova tentativa  1  de  5 .
Falha ou timeout ao consultar o endpoint.  Fazendo nova tentativa  2  de  5 .
Falha ou timeout ao consultar o endpoint.  Fazendo nova tentativa  3  de  5 .
Falha ou timeout ao consultar o endpoint.  Fazendo nova tentativa  4  de  5 .
Falha ou timeout ao consultar o endpoint.  Fazendo nova tentativa  5  de  5 .
Endpoint 766 coletado
Endpoint 767 coletado
Endpoint 768 coletado
Endpoint 769 coletado
Falha ou timeout ao consultar o endpoint.  Fazendo nova tentativa  1  de  5 .
Falha ou timeout ao consultar o endpoint.  Fazendo nova tentativa  2  de  5 .
Falha ou timeout ao consultar o endpoint.  Fazendo nova tentativa  3  de  5 .
Endpoint 770 coletado
Falha ou timeout ao consultar o endpoint.  Fazendo nova tentativa  1  de  5 .
Falha ou timeout ao consultar o endpoint.  Fazendo nova tentativa  2  de  5 .
Falha ou timeout ao consultar o endpoint.  Fazendo nova tentativa  3  de  5 .
Falha ou timeout ao consultar o endpoint.  Fazendo nova tentativa  4  de  5 .
Falha ou timeout ao consultar o endpoint.  Fazendo nova tentativa  5  de  5 .
Endpoint 771 coletado
Falha ou timeout ao consultar o endpoint.  Fazendo nova tentativa  1  de  5 .
Falha ou timeout ao consultar o endpoint.  Fazendo nova tentativa  2  de  5 .
Falha ou timeout ao consultar o endpoint.  Fazendo nova tentativa  3  de  5 .
Falha ou timeout ao consultar o endpoint.  Fazendo nova tentativa  4  de  5 .
Endpoint 772 coletado
Endpoint 773 coletado
Falha ou timeout ao consultar o endpoint.  Fazendo nova tentativa  1  de  5 .
Endpoint 774 coletado
Falha ou timeout ao consultar o endpoint.  Fazendo nova tentativa  1  de  5 .
Falha ou timeout ao consultar o endpoint.  Fazendo nova tentativa  2  de  5 .
Endpoint 775 coletado
Falha ou timeout ao consultar o endpoint.  Fazendo nova tentativa  1  de  5 .
Falha ou timeout ao consultar o endpoint.  Fazendo nova tentativa  2  de  5 .
Endpoint 776 coletado
Falha ou timeout ao consultar o endpoint.  Fazendo nova tentativa  1  de  5 .
Falha ou timeout ao consultar o endpoint.  Fazendo nova tentativa  2  de  5 .
Endpoint 777 coletado
Falha ou timeout ao consultar o endpoint.  Fazendo nova tentativa  1  de  5 .
Falha ou timeout ao consultar o endpoint.  Fazendo nova tentativa  2  de  5 .
Endpoint 778 coletado
Falha ou timeout ao consultar o endpoint.  Fazendo nova tentativa  1  de  5 .
Endpoint 779 coletado
Falha ou timeout ao consultar o endpoint.  Fazendo nova tentativa  1  de  5 .
Endpoint 780 coletado
Endpoint 781 coletado
Falha ou timeout ao consultar o endpoint.  Fazendo nova tentativa  1  de  5 .
Endpoint 782 coletado
Falha ou timeout ao consultar o endpoint.  Fazendo nova tentativa  1  de  5 .
Falha ou timeout ao consultar o endpoint.  Fazendo nova tentativa  2  de  5 .
Falha ou timeout ao consultar o endpoint.  Fazendo nova tentativa  3  de  5 .
Falha ou timeout ao consultar o endpoint.  Fazendo nova tentativa  4  de  5 .
Falha ou timeout ao consultar o endpoint.  Fazendo nova tentativa  5  de  5 .
Endpoint 783 coletado
Falha ou timeout ao consultar o endpoint.  Fazendo nova tentativa  1  de  5 .
Falha ou timeout ao consultar o endpoint.  Fazendo nova tentativa  2  de  5 .
Endpoint 784 coletado
Falha ou timeout ao consultar o endpoint.  Fazendo nova tentativa  1  de  5 .
Falha ou timeout ao consultar o endpoint.  Fazendo nova tentativa  2  de  5 .
Endpoint 785 coletado
Falha ou timeout ao consultar o endpoint.  Fazendo nova tentativa  1  de  5 .
Falha ou timeout ao consultar o endpoint.  Fazendo nova tentativa  2  de  5 .
Falha ou timeout ao consultar o endpoint.  Fazendo nova tentativa  3  de  5 .
Endpoint 786 coletado
Falha ou timeout ao consultar o endpoint.  Fazendo nova tentativa  1  de  5 .
Falha ou timeout ao consultar o endpoint.  Fazendo nova tentativa  2  de  5 .
Falha ou timeout ao consultar o endpoint.  Fazendo nova tentativa  3  de  5 .
Endpoint 787 coletado
Falha ou timeout ao consultar o endpoint.  Fazendo nova tentativa  1  de  5 .
Falha ou timeout ao consultar o endpoint.  Fazendo nova tentativa  2  de  5 .
Falha ou timeout ao consultar o endpoint.  Fazendo nova tentativa  3  de  5 .
Falha ou timeout ao consultar o endpoint.  Fazendo nova tentativa  4  de  5 .
Falha ou timeout ao consultar o endpoint.  Fazendo nova tentativa  5  de  5 .
Falha ou timeout ao consultar o endpoint.  Fazendo nova tentativa  6  de  5 .
[1] "Failed to perform HTTP request."
Endpoint 788 coletado
Falha ou timeout ao consultar o endpoint.  Fazendo nova tentativa  1  de  5 .
Falha ou timeout ao consultar o endpoint.  Fazendo nova tentativa  2  de  5 .
Falha ou timeout ao consultar o endpoint.  Fazendo nova tentativa  3  de  5 .
Falha ou timeout ao consultar o endpoint.  Fazendo nova tentativa  4  de  5 .
Falha ou timeout ao consultar o endpoint.  Fazendo nova tentativa  5  de  5 .
Falha ou timeout ao consultar o endpoint.  Fazendo nova tentativa  6  de  5 .
[1] "Failed to perform HTTP request."
Endpoint 789 coletado
Endpoint 790 coletado
Falha ou timeout ao consultar o endpoint.  Fazendo nova tentativa  1  de  5 .
Falha ou timeout ao consultar o endpoint.  Fazendo nova tentativa  2  de  5 .
Endpoint 791 coletado
Endpoint 792 coletado
Falha ou timeout ao consultar o endpoint.  Fazendo nova tentativa  1  de  5 .
Falha ou timeout ao consultar o endpoint.  Fazendo nova tentativa  2  de  5 .
Endpoint 793 coletado
Endpoint 794 coletado
Falha ou timeout ao consultar o endpoint.  Fazendo nova tentativa  1  de  5 .
Falha ou timeout ao consultar o endpoint.  Fazendo nova tentativa  2  de  5 .
Falha ou timeout ao consultar o endpoint.  Fazendo nova tentativa  3  de  5 .
Falha ou timeout ao consultar o endpoint.  Fazendo nova tentativa  4  de  5 .
Falha ou timeout ao consultar o endpoint.  Fazendo nova tentativa  5  de  5 .
Endpoint 795 coletado
Falha ou timeout ao consultar o endpoint.  Fazendo nova tentativa  1  de  5 .
Falha ou timeout ao consultar o endpoint.  Fazendo nova tentativa  2  de  5 .
Falha ou timeout ao consultar o endpoint.  Fazendo nova tentativa  3  de  5 .
Endpoint 796 coletado
Endpoint 797 coletado
Falha ou timeout ao consultar o endpoint.  Fazendo nova tentativa  1  de  5 .
Falha ou timeout ao consultar o endpoint.  Fazendo nova tentativa  2  de  5 .
Endpoint 798 coletado
Falha ou timeout ao consultar o endpoint.  Fazendo nova tentativa  1  de  5 .
Endpoint 799 coletado
Falha ou timeout ao consultar o endpoint.  Fazendo nova tentativa  1  de  5 .
Falha ou timeout ao consultar o endpoint.  Fazendo nova tentativa  2  de  5 .
Falha ou timeout ao consultar o endpoint.  Fazendo nova tentativa  3  de  5 .
Falha ou timeout ao consultar o endpoint.  Fazendo nova tentativa  4  de  5 .
Endpoint 800 coletado
Falha ou timeout ao consultar o endpoint.  Fazendo nova tentativa  1  de  5 .
[1] "Can't retrieve empty body."
Endpoint 801 coletado
Endpoint 802 coletado
Endpoint 803 coletado
Falha ou timeout ao consultar o endpoint.  Fazendo nova tentativa  1  de  5 .
Falha ou timeout ao consultar o endpoint.  Fazendo nova tentativa  2  de  5 .
Endpoint 804 coletado
Falha ou timeout ao consultar o endpoint.  Fazendo nova tentativa  1  de  5 .
Falha ou timeout ao consultar o endpoint.  Fazendo nova tentativa  2  de  5 .
Falha ou timeout ao consultar o endpoint.  Fazendo nova tentativa  3  de  5 .
Endpoint 805 coletado
Falha ou timeout ao consultar o endpoint.  Fazendo nova tentativa  1  de  5 .
Falha ou timeout ao consultar o endpoint.  Fazendo nova tentativa  2  de  5 .
Falha ou timeout ao consultar o endpoint.  Fazendo nova tentativa  3  de  5 .
Falha ou timeout ao consultar o endpoint.  Fazendo nova tentativa  4  de  5 .
Endpoint 806 coletado
Falha ou timeout ao consultar o endpoint.  Fazendo nova tentativa  1  de  5 .
Falha ou timeout ao consultar o endpoint.  Fazendo nova tentativa  2  de  5 .
Falha ou timeout ao consultar o endpoint.  Fazendo nova tentativa  3  de  5 .
Falha ou timeout ao consultar o endpoint.  Fazendo nova tentativa  4  de  5 .
Falha ou timeout ao consultar o endpoint.  Fazendo nova tentativa  5  de  5 .
Endpoint 807 coletado
Falha ou timeout ao consultar o endpoint.  Fazendo nova tentativa  1  de  5 .
Endpoint 808 coletado
Falha ou timeout ao consultar o endpoint.  Fazendo nova tentativa  1  de  5 .
Falha ou timeout ao consultar o endpoint.  Fazendo nova tentativa  2  de  5 .
Falha ou timeout ao consultar o endpoint.  Fazendo nova tentativa  3  de  5 .
Endpoint 809 coletado
Falha ou timeout ao consultar o endpoint.  Fazendo nova tentativa  1  de  5 .
Endpoint 810 coletado
Falha ou timeout ao consultar o endpoint.  Fazendo nova tentativa  1  de  5 .
Falha ou timeout ao consultar o endpoint.  Fazendo nova tentativa  2  de  5 .
Endpoint 811 coletado
Endpoint 812 coletado
Falha ou timeout ao consultar o endpoint.  Fazendo nova tentativa  1  de  5 .
Falha ou timeout ao consultar o endpoint.  Fazendo nova tentativa  2  de  5 .
Falha ou timeout ao consultar o endpoint.  Fazendo nova tentativa  3  de  5 .
Endpoint 813 coletado
Falha ou timeout ao consultar o endpoint.  Fazendo nova tentativa  1  de  5 .
Endpoint 814 coletado
Falha ou timeout ao consultar o endpoint.  Fazendo nova tentativa  1  de  5 .
Falha ou timeout ao consultar o endpoint.  Fazendo nova tentativa  2  de  5 .
Endpoint 815 coletado
Falha ou timeout ao consultar o endpoint.  Fazendo nova tentativa  1  de  5 .
Endpoint 816 coletado
Endpoint 817 coletado
Falha ou timeout ao consultar o endpoint.  Fazendo nova tentativa  1  de  5 .
Falha ou timeout ao consultar o endpoint.  Fazendo nova tentativa  2  de  5 .
Endpoint 818 coletado
Falha ou timeout ao consultar o endpoint.  Fazendo nova tentativa  1  de  5 .
Falha ou timeout ao consultar o endpoint.  Fazendo nova tentativa  2  de  5 .
Endpoint 819 coletado
Falha ou timeout ao consultar o endpoint.  Fazendo nova tentativa  1  de  5 .
Falha ou timeout ao consultar o endpoint.  Fazendo nova tentativa  2  de  5 .
Endpoint 820 coletado
Endpoint 821 coletado
Falha ou timeout ao consultar o endpoint.  Fazendo nova tentativa  1  de  5 .
Falha ou timeout ao consultar o endpoint.  Fazendo nova tentativa  2  de  5 .
Falha ou timeout ao consultar o endpoint.  Fazendo nova tentativa  3  de  5 .
Falha ou timeout ao consultar o endpoint.  Fazendo nova tentativa  4  de  5 .
Endpoint 822 coletado
Falha ou timeout ao consultar o endpoint.  Fazendo nova tentativa  1  de  5 .
Falha ou timeout ao consultar o endpoint.  Fazendo nova tentativa  2  de  5 .
Falha ou timeout ao consultar o endpoint.  Fazendo nova tentativa  3  de  5 .
Falha ou timeout ao consultar o endpoint.  Fazendo nova tentativa  4  de  5 .
Endpoint 823 coletado
Endpoint 824 coletado
Falha ou timeout ao consultar o endpoint.  Fazendo nova tentativa  1  de  5 .
Falha ou timeout ao consultar o endpoint.  Fazendo nova tentativa  2  de  5 .
Falha ou timeout ao consultar o endpoint.  Fazendo nova tentativa  3  de  5 .
Endpoint 825 coletado
Falha ou timeout ao consultar o endpoint.  Fazendo nova tentativa  1  de  5 .
Falha ou timeout ao consultar o endpoint.  Fazendo nova tentativa  2  de  5 .
Endpoint 826 coletado
Falha ou timeout ao consultar o endpoint.  Fazendo nova tentativa  1  de  5 .
Endpoint 827 coletado
Endpoint 828 coletado
Falha ou timeout ao consultar o endpoint.  Fazendo nova tentativa  1  de  5 .
Falha ou timeout ao consultar o endpoint.  Fazendo nova tentativa  2  de  5 .
Falha ou timeout ao consultar o endpoint.  Fazendo nova tentativa  3  de  5 .
Falha ou timeout ao consultar o endpoint.  Fazendo nova tentativa  4  de  5 .
Falha ou timeout ao consultar o endpoint.  Fazendo nova tentativa  5  de  5 .
Falha ou timeout ao consultar o endpoint.  Fazendo nova tentativa  6  de  5 .
[1] "Failed to perform HTTP request."
Endpoint 829 coletado
Falha ou timeout ao consultar o endpoint.  Fazendo nova tentativa  1  de  5 .
Endpoint 830 coletado
Falha ou timeout ao consultar o endpoint.  Fazendo nova tentativa  1  de  5 .
Falha ou timeout ao consultar o endpoint.  Fazendo nova tentativa  2  de  5 .
Falha ou timeout ao consultar o endpoint.  Fazendo nova tentativa  3  de  5 .
Endpoint 831 coletado
Falha ou timeout ao consultar o endpoint.  Fazendo nova tentativa  1  de  5 .
Falha ou timeout ao consultar o endpoint.  Fazendo nova tentativa  2  de  5 .
Falha ou timeout ao consultar o endpoint.  Fazendo nova tentativa  3  de  5 .
Falha ou timeout ao consultar o endpoint.  Fazendo nova tentativa  4  de  5 .
Falha ou timeout ao consultar o endpoint.  Fazendo nova tentativa  5  de  5 .
Endpoint 832 coletado
Falha ou timeout ao consultar o endpoint.  Fazendo nova tentativa  1  de  5 .
Falha ou timeout ao consultar o endpoint.  Fazendo nova tentativa  2  de  5 .
Falha ou timeout ao consultar o endpoint.  Fazendo nova tentativa  3  de  5 .
Endpoint 833 coletado
Endpoint 834 coletado
Falha ou timeout ao consultar o endpoint.  Fazendo nova tentativa  1  de  5 .
Endpoint 835 coletado
Falha ou timeout ao consultar o endpoint.  Fazendo nova tentativa  1  de  5 .
Endpoint 836 coletado
Falha ou timeout ao consultar o endpoint.  Fazendo nova tentativa  1  de  5 .
Falha ou timeout ao consultar o endpoint.  Fazendo nova tentativa  2  de  5 .
Falha ou timeout ao consultar o endpoint.  Fazendo nova tentativa  3  de  5 .
Falha ou timeout ao consultar o endpoint.  Fazendo nova tentativa  4  de  5 .
Falha ou timeout ao consultar o endpoint.  Fazendo nova tentativa  5  de  5 .
Falha ou timeout ao consultar o endpoint.  Fazendo nova tentativa  6  de  5 .
[1] "Failed to perform HTTP request."
Endpoint 837 coletado
Endpoint 838 coletado
Falha ou timeout ao consultar o endpoint.  Fazendo nova tentativa  1  de  5 .
Falha ou timeout ao consultar o endpoint.  Fazendo nova tentativa  2  de  5 .
Endpoint 839 coletado
Falha ou timeout ao consultar o endpoint.  Fazendo nova tentativa  1  de  5 .
Endpoint 840 coletado
Endpoint 841 coletado
Falha ou timeout ao consultar o endpoint.  Fazendo nova tentativa  1  de  5 .
Falha ou timeout ao consultar o endpoint.  Fazendo nova tentativa  2  de  5 .
Endpoint 842 coletado
Endpoint 843 coletado
Falha ou timeout ao consultar o endpoint.  Fazendo nova tentativa  1  de  5 .
Falha ou timeout ao consultar o endpoint.  Fazendo nova tentativa  2  de  5 .
Endpoint 844 coletado
Falha ou timeout ao consultar o endpoint.  Fazendo nova tentativa  1  de  5 .
Endpoint 845 coletado
Falha ou timeout ao consultar o endpoint.  Fazendo nova tentativa  1  de  5 .
Endpoint 846 coletado
Endpoint 847 coletado
Falha ou timeout ao consultar o endpoint.  Fazendo nova tentativa  1  de  5 .
Falha ou timeout ao consultar o endpoint.  Fazendo nova tentativa  2  de  5 .
Falha ou timeout ao consultar o endpoint.  Fazendo nova tentativa  3  de  5 .
Falha ou timeout ao consultar o endpoint.  Fazendo nova tentativa  4  de  5 .
Endpoint 848 coletado
Falha ou timeout ao consultar o endpoint.  Fazendo nova tentativa  1  de  5 .
Endpoint 849 coletado
Falha ou timeout ao consultar o endpoint.  Fazendo nova tentativa  1  de  5 .
Falha ou timeout ao consultar o endpoint.  Fazendo nova tentativa  2  de  5 .
Endpoint 850 coletado
Falha ou timeout ao consultar o endpoint.  Fazendo nova tentativa  1  de  5 .
Falha ou timeout ao consultar o endpoint.  Fazendo nova tentativa  2  de  5 .
Endpoint 851 coletado
Falha ou timeout ao consultar o endpoint.  Fazendo nova tentativa  1  de  5 .
Falha ou timeout ao consultar o endpoint.  Fazendo nova tentativa  2  de  5 .
Endpoint 852 coletado
Falha ou timeout ao consultar o endpoint.  Fazendo nova tentativa  1  de  5 .
Endpoint 853 coletado
Falha ou timeout ao consultar o endpoint.  Fazendo nova tentativa  1  de  5 .
Falha ou timeout ao consultar o endpoint.  Fazendo nova tentativa  2  de  5 .
Endpoint 854 coletado
Falha ou timeout ao consultar o endpoint.  Fazendo nova tentativa  1  de  5 .
Falha ou timeout ao consultar o endpoint.  Fazendo nova tentativa  2  de  5 .
Endpoint 855 coletado
Falha ou timeout ao consultar o endpoint.  Fazendo nova tentativa  1  de  5 .
Endpoint 856 coletado
2                                                                                                                                                                                                                                                                                                                                                                                                                                                                                                                                                                                                                                                                                                                                                                                                                                                                                                                                                                                                                                                                                                                                                                                                                                                                                                                                                                                                                                                                                                                                                                                                                                                                                                                                                                                                                                                                                                                                                                                                                                                                                                                                                                                                                                                                                                                                                                                                                                                                                                                                                                                                                                                                                                                                                                                                                                                                                                                                                                                                                                                                                                                                                                                                                                                                                                                                                                                                                                                                                                                                                                                                                                                                                                                                                                                                                                                                                                                                                                                                                                                                                                                                                                                                                                                                                                                                                                                                                                                                                                                                                                                                                                                                                                                                                                                                                                                                                                                                                                                                                                                                                                                                                                                                                                                                                                                                                                                                                                                                                                                                                                                                                                                                                                                                                                                                                                                                                                                                                                                                                                                                                                                                                                                                                                                                                                                                                                                                                                                                                                                                                                                                                                                                                                                                                                                                                                                                                                                                                                                                                                                                                                                                                                                                                                                                                                                                                                                                                                                                                                                                                                                                                                                                                                                                                                                                                                                                                                                                                                                                                                                                                                                                                                                                                                                                                                                                                                                                                                                                                                                                                                                                                                                                                                                                                                                                                                                                                                                                                                                                                                                                                                                                                                                                                                                                                                                                                                                                                                                                                                                                                                                                                                                                                                                                                                                                                                                                                                                                                                                                                                     Falha ou timeout ao consultar o endpoint.  Fazendo nova tentativa  2  de  5 .Endpoint 929 coletado Falha ou timeout ao consultar o endpoint.  Fazendo nova tentativa  1  de  5 .Falha ou timeout ao consultar o endpoint.  Fazendo nova tentativa  2  de  5 .Endpoint 930 coletado Falha ou timeout ao consultar o endpoint.  Fazendo nova tentativa  1  de  5 .Endpoint 931 coletado Endpoint 932 coletado Falha ou timeout ao consultar o endpoint.  Fazendo nova tentativa  1  de  5 .Endpoint 933 coletado Falha ou timeout ao consultar o endpoint.  Fazendo nova tentativa  1  de  5 .Falha ou timeout ao consultar o endpoint.  Fazendo nova tentativa  2  de  5 .Falha ou timeout ao consultar o endpoint.  Fazendo nova tentativa  3  de  5 .Endpoint 934 coletado Falha ou timeout ao consultar o endpoint.  Fazendo nova tentativa  1  de  5 .Falha ou timeout ao consultar o endpoint.  Fazendo nova tentativa  2  de  5 .Endpoint 935 coletado Falha ou timeout ao consultar o endpoint.  Fazendo nova tentativa  1  de  5 .Falha ou timeout ao consultar o endpoint.  Fazendo nova tentativa  2  de  5 .Endpoint 936 coletado Falha ou timeout ao consultar o endpoint.  Fazendo nova tentativa  1  de  5 .Falha ou timeout ao consultar o endpoint.  Fazendo nova tentativa  2  de  5 .Falha ou timeout ao consultar o endpoint.  Fazendo nova tentativa  3  de  5 .Endpoint 937 coletado Endpoint 938 coletado Endpoint 939 coletado Falha ou timeout ao consultar o endpoint.  Fazendo nova tentativa  1  de  5 .Endpoint 940 coletado Endpoint 941 coletado Falha ou timeout ao consultar o endpoint.  Fazendo nova tentativa  1  de  5 .Endpoint 942 coletado Falha ou timeout ao consultar o endpoint.  Fazendo nova tentativa  1  de  5 .Falha ou timeout ao consultar o endpoint.  Fazendo nova tentativa  2  de  5 .Falha ou timeout ao consultar o endpoint.  Fazendo nova tentativa  3  de  5 .Endpoint 943 coletado Falha ou timeout ao consultar o endpoint.  Fazendo nova tentativa  1  de  5 .Falha ou timeout ao consultar o endpoint.  Fazendo nova tentativa  2  de  5 .Falha ou timeout ao consultar o endpoint.  Fazendo nova tentativa  3  de  5 .Falha ou timeout ao consultar o endpoint.  Fazendo nova tentativa  4  de  5 .Endpoint 944 coletado Falha ou timeout ao consultar o endpoint.  Fazendo nova tentativa  1  de  5 .Falha ou timeout ao consultar o endpoint.  Fazendo nova tentativa  2  de  5 .Falha ou timeout ao consultar o endpoint.  Fazendo nova tentativa  3  de  5 .Falha ou timeout ao consultar o endpoint.  Fazendo nova tentativa  4  de  5 .Endpoint 945 coletado Falha ou timeout ao consultar o endpoint.  Fazendo nova tentativa  1  de  5 .Endpoint 946 coletado Endpoint 947 coletado Endpoint 948 coletado Falha ou timeout ao consultar o endpoint.  Fazendo nova tentativa  1  de  5 .Falha ou timeout ao consultar o endpoint.  Fazendo nova tentativa  2  de  5 .Endpoint 949 coletado Endpoint 950 coletado Endpoint 951 coletado Falha ou timeout ao consultar o endpoint.  Fazendo nova tentativa  1  de  5 .Falha ou timeout ao consultar o endpoint.  Fazendo nova tentativa  2  de  5 .Endpoint 952 coletado Endpoint 953 coletado Falha ou timeout ao consultar o endpoint.  Fazendo nova tentativa  1  de  5 .Falha ou timeout ao consultar o endpoint.  Fazendo nova tentativa  2  de  5 .Endpoint 954 coletado Endpoint 955 coletado Falha ou timeout ao consultar o endpoint.  Fazendo nova tentativa  1  de  5 .Endpoint 956 coletado Falha ou timeout ao consultar o endpoint.  Fazendo nova tentativa  1  de  5 .Endpoint 957 coletado Falha ou timeout ao consultar o endpoint.  Fazendo nova tentativa  1  de  5 .Endpoint 958 coletado Falha ou timeout ao consultar o endpoint.  Fazendo nova tentativa  1  de  5 .Falha ou timeout ao consultar o endpoint.  Fazendo nova tentativa  2  de  5 .Endpoint 959 coletado Falha ou timeout ao consultar o endpoint.  Fazendo nova tentativa  1  de  5 .Endpoint 960 coletado Falha ou timeout ao consultar o endpoint.  Fazendo nova tentativa  1  de  5 .Falha ou timeout ao consultar o endpoint.  Fazendo nova tentativa  2  de  5 .Falha ou timeout ao consultar o endpoint.  Fazendo nova tentativa  3  de  5 .Endpoint 961 coletado Endpoint 962 coletado Falha ou timeout ao consultar o endpoint.  Fazendo nova tentativa  1  de  5 .Falha ou timeout ao consultar o endpoint.  Fazendo nova tentativa  2  de  5 .Falha ou timeout ao consultar o endpoint.  Fazendo nova tentativa  3  de  5 .Falha ou timeout ao consultar o endpoint.  Fazendo nova tentativa  4  de  5 .Endpoint 963 coletado Endpoint 964 coletado Falha ou timeout ao consultar o endpoint.  Fazendo nova tentativa  1  de  5 .Falha ou timeout ao consultar o endpoint.  Fazendo nova tentativa  2  de  5 .Falha ou timeout ao consultar o endpoint.  Fazendo nova tentativa  3  de  5 .Falha ou timeout ao consultar o endpoint.  Fazendo nova tentativa  4  de  5 .Falha ou timeout ao consultar o endpoint.  Fazendo nova tentativa  5  de  5 .Endpoint 965 coletado Falha ou timeout ao consultar o endpoint.  Fazendo nova tentativa  1  de  5 .Falha ou timeout ao consultar o endpoint.  Fazendo nova tentativa  2  de  5 .Falha ou timeout ao consultar o endpoint.  Fazendo nova tentativa  3  de  5 .Endpoint 966 coletado Endpoint 967 coletado Falha ou timeout ao consultar o endpoint.  Fazendo nova tentativa  1  de  5 .Endpoint 968 coletado Falha ou timeout ao consultar o endpoint.  Fazendo nova tentativa  1  de  5 .Endpoint 969 coletado Endpoint 970 coletado Falha ou timeout ao consultar o endpoint.  Fazendo nova tentativa  1  de  5 .Endpoint 971 coletado Falha ou timeout ao consultar o endpoint.  Fazendo nova tentativa  1  de  5 .Endpoint 972 coletado Falha ou timeout ao consultar o endpoint.  Fazendo nova tentativa  1  de  5 .Endpoint 973 coletado Endpoint 974 coletado Falha ou timeout ao consultar o endpoint.  Fazendo nova tentativa  1  de  5 .Endpoint 975 coletado Falha ou timeout ao consultar o endpoint.  Fazendo nova tentativa  1  de  5 .Falha ou timeout ao consultar o endpoint.  Fazendo nova tentativa  2  de  5 .Falha ou timeout ao consultar o endpoint.  Fazendo nova tentativa  3  de  5 .Endpoint 976 coletado Endpoint 977 coletado Falha ou timeout ao consultar o endpoint.  Fazendo nova tentativa  1  de  5 .Falha ou timeout ao consultar o endpoint.  Fazendo nova tentativa  2  de  5 .Endpoint 978 coletado Endpoint 979 coletado Falha ou timeout ao consultar o endpoint.  Fazendo nova tentativa  1  de  5 .Falha ou timeout ao consultar o endpoint.  Fazendo nova tentativa  2  de  5 .Falha ou timeout ao consultar o endpoint.  Fazendo nova tentativa  3  de  5 .Endpoint 980 coletado Endpoint 981 coletado Falha ou timeout ao consultar o endpoint.  Fazendo nova tentativa  1  de  5 .Endpoint 982 coletado Endpoint 983 coletado Falha ou timeout ao consultar o endpoint.  Fazendo nova tentativa  1  de  5 .Endpoint 984 coletado Falha ou timeout ao consultar o endpoint.  Fazendo nova tentativa  1  de  5 .Falha ou timeout ao consultar o endpoint.  Fazendo nova tentativa  2  de  5 .Endpoint 985 coletado Falha ou timeout ao consultar o endpoint.  Fazendo nova tentativa  1  de  5 .Endpoint 986 coletado Falha ou timeout ao consultar o endpoint.  Fazendo nova tentativa  1  de  5 .Falha ou timeout ao consultar o endpoint.  Fazendo nova tentativa  2  de  5 .Falha ou timeout ao consultar o endpoint.  Fazendo nova tentativa  3  de  5 .Endpoint 987 coletado Falha ou timeout ao consultar o endpoint.  Fazendo nova tentativa  1  de  5 .Falha ou timeout ao consultar o endpoint.  Fazendo nova tentativa  2  de  5 .Endpoint 988 coletado Endpoint 989 coletado Falha ou timeout ao consultar o endpoint.  Fazendo nova tentativa  1  de  5 .Endpoint 990 coletado Falha ou timeout ao consultar o endpoint.  Fazendo nova tentativa  1  de  5 .Falha ou timeout ao consultar o endpoint.  Fazendo nova tentativa  2  de  5 .Endpoint 991 coletado Falha ou timeout ao consultar o endpoint.  Fazendo nova tentativa  1  de  5 .Endpoint 992 coletado Falha ou timeout ao consultar o endpoint.  Fazendo nova tentativa  1  de  5 .Endpoint 993 coletado Falha ou timeout ao consultar o endpoint.  Fazendo nova tentativa  1  de  5 .Endpoint 994 coletado Falha ou timeout ao consultar o endpoint.  Fazendo nova tentativa  1  de  5 .Endpoint 995 coletado Falha ou timeout ao consultar o endpoint.  Fazendo nova tentativa  1  de  5 .Endpoint 996 coletado Endpoint 997 coletado Endpoint 998 coletado Endpoint 999 coletado Salvo o lote até o endpoint número: 1000 
Lotes restantes: 1 
Endpoint 1000 coletado Falha ou timeout ao consultar o endpoint.  Fazendo nova tentativa  1  de  5 .Endpoint 1001 coletado Falha ou timeout ao consultar o endpoint.  Fazendo nova tentativa  1  de  5 .Endpoint 1002 coletado Endpoint 1003 coletado Endpoint 1004 coletado Falha ou timeout ao consultar o endpoint.  Fazendo nova tentativa  1  de  5 .Endpoint 1005 coletado Endpoint 1006 coletado Endpoint 1007 coletado Falha ou timeout ao consultar o endpoint.  Fazendo nova tentativa  1  de  5 .Endpoint 1008 coletado Falha ou timeout ao consultar o endpoint.  Fazendo nova tentativa  1  de  5 .Falha ou timeout ao consultar o endpoint.  Fazendo nova tentativa  2  de  5 .Falha ou timeout ao consultar o endpoint.  Fazendo nova tentativa  3  de  5 .Falha ou timeout ao consultar o endpoint.  Fazendo nova tentativa  4  de  5 .Falha ou timeout ao consultar o endpoint.  Fazendo nova tentativa  5  de  5 .Endpoint 1009 coletado Falha ou timeout ao consultar o endpoint.  Fazendo nova tentativa  1  de  5 .Falha ou timeout ao consultar o endpoint.  Fazendo nova tentativa  2  de  5 .Falha ou timeout ao consultar o endpoint.  Fazendo nova tentativa  3  de  5 .Endpoint 1010 coletado Endpoint 1011 coletado Falha ou timeout ao consultar o endpoint.  Fazendo nova tentativa  1  de  5 .Falha ou timeout ao consultar o endpoint.  Fazendo nova tentativa  2  de  5 .Endpoint 1012 coletado Endpoint 1013 coletado Endpoint 1014 coletado Endpoint 1015 coletado Endpoint 1016 coletado Falha ou timeout ao consultar o endpoint.  Fazendo nova tentativa  1  de  5 .Falha ou timeout ao consultar o endpoint.  Fazendo nova tentativa  2  de  5 .Endpoint 1017 coletado Endpoint 1018 coletado Endpoint 1019 coletado Endpoint 1020 coletado Endpoint 1021 coletado Falha ou timeout ao consultar o endpoint.  Fazendo nova tentativa  1  de  5 .[1] "HTTP 502 Bad Gateway."
Endpoint 1022 coletado Endpoint 1023 coletado Endpoint 1024 coletado Falha ou timeout ao consultar o endpoint.  Fazendo nova tentativa  1  de  5 .Endpoint 1025 coletado Falha ou timeout ao consultar o endpoint.  Fazendo nova tentativa  1  de  5 .Falha ou timeout ao consultar o endpoint.  Fazendo nova tentativa  2  de  5 .Falha ou timeout ao consultar o endpoint.  Fazendo nova tentativa  3  de  5 .Endpoint 1026 coletado Falha ou timeout ao consultar o endpoint.  Fazendo nova tentativa  1  de  5 .Endpoint 1027 coletado Falha ou timeout ao consultar o endpoint.  Fazendo nova tentativa  1  de  5 .Falha ou timeout ao consultar o endpoint.  Fazendo nova tentativa  2  de  5 .Endpoint 1028 coletado Endpoint 1029 coletado Endpoint 1030 coletado Falha ou timeout ao consultar o endpoint.  Fazendo nova tentativa  1  de  5 .Endpoint 1031 coletado Falha ou timeout ao consultar o endpoint.  Fazendo nova tentativa  1  de  5 .Endpoint 1032 coletado Endpoint 1033 coletado Falha ou timeout ao consultar o endpoint.  Fazendo nova tentativa  1  de  5 .Falha ou timeout ao consultar o endpoint.  Fazendo nova tentativa  2  de  5 .Falha ou timeout ao consultar o endpoint.  Fazendo nova tentativa  3  de  5 .Falha ou timeout ao consultar o endpoint.  Fazendo nova tentativa  4  de  5 .Falha ou timeout ao consultar o endpoint.  Fazendo nova tentativa  5  de  5 .Endpoint 1034 coletado Falha ou timeout ao consultar o endpoint.  Fazendo nova tentativa  1  de  5 .Falha ou timeout ao consultar o endpoint.  Fazendo nova tentativa  2  de  5 .Endpoint 1035 coletado Falha ou timeout ao consultar o endpoint.  Fazendo nova tentativa  1  de  5 .Endpoint 1036 coletado Endpoint 1037 coletado Falha ou timeout ao consultar o endpoint.  Fazendo nova tentativa  1  de  5 .Falha ou timeout ao consultar o endpoint.  Fazendo nova tentativa  2  de  5 .Endpoint 1038 coletado Falha ou timeout ao consultar o endpoint.  Fazendo nova tentativa  1  de  5 .Endpoint 1039 coletado Falha ou timeout ao consultar o endpoint.  Fazendo nova tentativa  1  de  5 .Falha ou timeout ao consultar o endpoint.  Fazendo nova tentativa  2  de  5 .Endpoint 1040 coletado Endpoint 1041 coletado Salvo o lote até o endpoint número: 1042 
Lotes restantes: 0 
Endpoint 1042 coletado 